index;reward;success;path_efficiency;effective_speed;lateral_motion;policy_loss;value_loss;entropy;approximate_kl;clip_fraction
1;-3.894215647551004;0.0;0.0;0.0;128.81227012397022;-0.00808358988724649;0.00500975395552814;5.81460120677948;0.004272338643204421;0.047265625
2;-6.946005563583136;0.0;0.0;0.0;187.23275987393458;-0.007212237082421779;0.001140415173722431;5.821854472160339;0.0016123748966492713;0.012890625
3;-11.030127584092705;0.0;0.0;0.0;162.193217298035;-0.004917712137103081;0.0004939425831253175;5.831537914276123;0.0014592770370654763;0.0064453125
4;-10.05383368061332;0.0;0.0;0.0;134.6373001046244;-0.010368925565853716;0.00042713283037301155;5.838994336128235;0.003071718954015523;0.031640625
5;-11.381430090645903;0.0;0.0;0.0;142.6400335004357;-0.008062943536788224;0.0007584310718812048;5.847923445701599;0.003174757899250835;0.0375
6;-11.630838517182722;0.0;0.0;0.0;166.97712151325982;-0.011836751457303762;0.0013537149352487177;5.85977828502655;0.001642503112088889;0.0099609375
7;-13.75625176727419;0.0;0.0;0.0;190.27962647469494;-0.006875866325572133;0.0033717244397848843;5.866190719604492;0.002174386300612241;0.0158203125
8;-20.94808782367012;0.0;0.0;0.0;190.37067679157843;-0.0062443000264465805;0.0028449628967791795;5.869048976898194;0.004218659375328571;0.050390625
9;-18.83658074388471;0.0;0.0;0.0;208.80428345116505;-0.0018425632268190383;0.0023902716289740055;5.8764759540557865;0.0030476955464109777;0.03046875
10;-30.40221894684293;0.0;0.0;0.0;152.20615311594727;-0.010210512904450297;0.0023364979773759843;5.880500364303589;0.0041406042873859406;0.0486328125
11;-29.301148102888515;0.0;0.0;0.0;184.8783750701465;-0.003611664194613695;0.08462679125368595;5.887623262405396;0.0025685198255814613;0.023828125
12;-30.33140496934235;0.0;0.0;0.0;193.672818555073;0.0015593390911817552;0.16508916839957238;5.897666645050049;0.0016416638623923062;0.012109375
13;-77.10489421306715;0.0;0.0;0.0;87.4358393452875;-0.005205754796043039;0.13089899644255637;5.906783390045166;0.0045664030243642625;0.0619140625
14;-84.55672084040988;0.0;0.0;0.0;121.6536282949344;-0.0035530392546206714;0.10697553642094135;5.911587548255921;0.0034888132358901203;0.0431640625
15;-90.89620071432127;0.0;0.0;0.0;144.4508430885725;-0.006755421264097094;0.08068727087229491;5.9146781921386715;0.001321460783947259;0.0076171875
16;-62.717433049467104;0.0;0.0;0.0;239.23751998092152;-0.003904428705573082;0.07678838241845369;5.919036245346069;0.005283062334638089;0.0720703125
17;-79.92348952434762;0.0;0.0;0.0;176.07288186076167;-0.010502413474023342;0.05926948711276055;5.92193865776062;0.0033019806607626377;0.033984375
18;-59.77085900536079;0.0;0.0;0.0;337.6338355570419;-0.003861980652436614;0.04803595244884491;5.918704986572266;0.00435145297087729;0.05625
19;-42.49185141295989;0.0;0.0;0.0;431.1203910727693;-0.014928941754624248;0.03852480994537473;5.919740629196167;0.0033195775118656456;0.0388671875
20;-53.65465220029766;0.0;0.0;0.0;331.4859093162659;-0.012968691042624414;0.03357420889660716;5.923087430000305;0.0035907794372178614;0.03828125
21;-93.25439029965457;0.0;0.0;0.0;281.45733724280683;-0.012038237508386373;0.029304578248411418;5.929649448394775;0.004798042064066976;0.0638671875
22;-42.365857028296865;0.0;0.0;0.0;391.7348152305996;-0.009639987908303737;0.03571147732436657;5.928894639015198;0.0039527429267764095;0.051171875
23;-55.92712793998807;0.0;0.0;0.0;449.9578298752401;-0.006954036641400307;0.02739822631701827;5.930965399742126;0.0029842684278264643;0.0310546875
24;-50.060393980589076;0.0;0.0;0.0;426.21511732801054;-0.0010415995959192515;0.02202529227361083;5.9371699571609495;0.003251061390619725;0.03671875
25;-2.8106012611055915;0.0;0.0;0.0;260.0925616186257;-0.004806342534720898;0.021188812609761954;5.94169979095459;0.0028871368849650025;0.0259765625
26;-17.077784053216366;0.0;0.0;0.0;245.18365361547933;-0.002545453701168299;0.019895871914923192;5.945365476608276;0.003318315441720188;0.0369140625
27;-20.68574027354618;0.0;0.0;0.0;315.9097934466197;-0.010472960397601127;0.021985697280615567;5.9500274658203125;0.005001762055326253;0.063671875
28;-31.032824768677173;0.0;0.0;0.0;311.71949040626623;-0.009216283122077585;0.06567329270765185;5.954088473320008;0.004222712141927332;0.0515625
29;-28.519161494850458;0.0;0.0;0.0;512.7405340768223;-0.01064714351668954;0.026336935069411992;5.958854722976684;0.004835913307033479;0.0595703125
30;-27.572533702541822;0.0;0.0;0.0;720.9625297686516;-0.008418068708851933;0.028905028756707907;5.965595960617065;0.0034008668619208036;0.03203125
31;-74.81225924342901;0.0;0.0;0.0;389.08480346247967;-0.01027826089411974;0.027848674822598694;5.969453358650208;0.004004186135716736;0.0501953125
32;-9.845088394103158;0.0;0.0;0.0;570.9205523852926;-0.0053751027211546894;0.05926503790542483;5.973548173904419;0.002894752426072955;0.0267578125
33;-37.32513535620369;0.0;0.0;0.0;588.1312448386418;-0.006589233758859336;0.12013755403459073;5.974353170394897;0.0045918362098746005;0.05625
34;-19.35727133490629;0.0;0.0;0.0;297.2689959313679;-0.006898839538916945;0.04928479390218854;5.974925637245178;0.0041193396784365175;0.05
35;-7.575623306341334;0.0;0.0;0.0;213.38385158793432;-0.0014875719789415598;0.013684788672253489;5.976058101654052;0.004143492807634175;0.0443359375
36;-4.164089681671847;0.0;0.0;0.0;451.7433886246767;-0.0016631252132356168;0.0460081753320992;5.978177428245544;0.003965947404503822;0.0498046875
37;-37.19081030223752;0.0;0.0;0.0;716.7077418212239;-0.004932046215981245;0.016045196959748865;5.979649233818054;0.004757559637073428;0.061328125
38;-18.04784049651114;0.0;0.0;0.0;230.50573407780908;-0.004107258841395378;0.01828815140761435;5.983115577697754;0.0035187269793823363;0.0439453125
39;-2.639630961768776;0.0;0.0;0.0;359.41479876963604;-0.011226741783320903;0.014616247918456792;5.9882272481918335;0.004209221724886447;0.0517578125
40;-10.236377261265062;0.0;0.0;0.0;445.768394172221;-0.015497352974489332;0.030174048990011214;5.989351606369018;0.004674832778982818;0.0615234375
41;-18.656672325503617;0.0;0.0;0.0;323.10048738589995;-0.008780573937110603;0.026803771778941155;5.992891001701355;0.003919932921417057;0.0494140625
42;-6.707236699717029;0.0;0.0;0.0;296.0214188765571;-0.007306702015921473;0.02191185625270009;5.99907910823822;0.0043636215734295545;0.0572265625
43;-2.030509475628125;0.0;0.0;0.0;355.47217255174263;-0.007000848418101668;0.037610100023448466;6.002564239501953;0.003551590582355857;0.03828125
44;-12.570509217800595;0.0;0.0;0.0;469.32569740633664;-0.013096895813941956;0.03893080670386553;6.009560680389404;0.00692434839438647;0.0916015625
45;-9.550445623598002;0.0;0.0;0.0;441.8166190897969;-0.009167865104973315;0.029693862423300743;6.01278862953186;0.005680534045677632;0.075
46;-1.0421909110683032;0.0;0.0;0.0;502.77072842986667;-0.013377794530242682;0.03041667863726616;6.015900087356568;0.0041852772468701;0.0498046875
47;-35.40741329711124;0.0;0.0;0.0;607.7597318218496;-0.011583056440576911;0.02819889560341835;6.017574071884155;0.005303226143587381;0.07421875
48;-7.100035848174564;0.0;0.0;0.0;1460.0219844941596;-0.00773003869690001;0.026460649352520703;6.019278073310852;0.003560059331357479;0.041796875
49;-11.1568196670265;0.0;0.0;0.0;261.93009550880413;-0.01363087915815413;0.038235751818865536;6.019629645347595;0.008181981544476002;0.105859375
50;-3.463790464078001;0.0;0.0;0.0;601.9810157416257;-0.01105873128399253;0.017556536430492996;6.026244974136352;0.007478280272334814;0.1076171875
51;-1.6440695706673767;0.0;0.0;0.0;757.5620585940628;-0.013040590379387141;0.012445791438221932;6.034992718696595;0.005215393309481442;0.0650390625
52;-2.5715862036184647;0.0;0.0;0.0;301.9231915047118;-0.011592894466593862;0.010298011917620897;6.035993862152099;0.005656505248043686;0.0740234375
53;-2.4644881938581635;0.0;0.0;0.0;803.1454349135324;-0.006018773419782519;0.01764632873237133;6.038755297660828;0.0059666712186299264;0.0765625
54;-16.227808400471456;0.0;0.0;0.0;517.8220258551638;-0.009890775475651026;0.016070633335039018;6.038011884689331;0.004895486240275204;0.0595703125
55;-3.448358462300745;0.0;0.0;0.0;504.5737496587079;-0.010591241996735334;0.009193251514807344;6.039554166793823;0.0052162222447805105;0.0693359375
56;-1.4546019470259441;0.0;0.0;0.0;651.3100569722434;-0.00616924159694463;0.010528894327580928;6.0417659997940065;0.005660159979015589;0.0779296875
57;-2.404970543523835;0.0;0.0;0.0;529.1297457263804;-0.011566093098372221;0.010691271722316742;6.038560461997986;0.009081742854323237;0.1306640625
58;-1.8676495768324648;0.0;0.0;0.0;585.2283464178875;-0.013907999894581736;0.005815185885876417;6.041039371490479;0.0058497274643741545;0.07890625
59;-2.1987287896173036;0.0;0.0;0.0;548.8232259454996;-0.01951631479896605;0.018068489735014737;6.0459390640258786;0.006519846105948091;0.0892578125
60;-1.384690328671036;0.0;0.0;0.0;577.5990021083398;-0.012285119388252497;0.009188669337891042;6.046475982666015;0.009195447387173771;0.1283203125
61;-1.1240151071509914;0.0;0.0;0.0;1024.171449677666;-0.004704986931756139;0.032528412714600566;6.04849603176117;0.0065801654127426445;0.0845703125
62;-0.3551319507301496;0.0;0.0;0.0;650.5999323266144;-0.01172173283994198;0.01819092482328415;6.049856090545655;0.008790489158127458;0.119140625
63;-1.863726899050093;0.0;0.0;0.0;1062.352714134347;-0.018802835885435343;0.010925591550767421;6.053415751457214;0.0075454946607351305;0.1025390625
64;-1.9568628970434745;0.0;0.0;0.0;661.9270080558099;-0.004717844247352332;0.013540361169725656;6.054666662216187;0.004645651928149164;0.05546875
65;-1.812287377355362;0.0;0.0;0.0;756.6930634007682;-0.005733927246183157;0.01963188680820167;6.058091998100281;0.005874435382429511;0.079296875
66;-1.1569995679481777;0.0;0.0;0.0;623.2554122976294;-0.006162977311760187;0.015005836356431245;6.062237405776978;0.00455327961826697;0.0583984375
67;-2.9076067357253645;0.0;0.0;0.0;580.5088572902969;-0.009900517389178276;0.011261090310290456;6.065677285194397;0.007540730410255492;0.104296875
68;-13.024336721472109;0.0;0.0;0.0;1052.8138073138643;-0.010773011436685919;0.01394970789551735;6.067013597488403;0.006404937314800918;0.0859375
69;-4.60361615365162;0.0;0.0;0.0;523.2321118706172;-0.008645848976448179;0.020539097441360354;6.068064856529236;0.00828640126856044;0.1162109375
70;-2.8158739176596757;0.0;0.0;0.0;584.8192067752652;-0.009627199557144195;0.02300418559461832;6.07306604385376;0.007363855873700231;0.10234375
71;-1.5310579878165822;0.0;0.0;0.0;511.2984590498611;-0.00956951656844467;0.02120139100588858;6.0823941946029665;0.008556456433143466;0.1189453125
72;-5.398781889573579;0.0;0.0;0.0;987.1434193849856;-0.012180515797808766;0.013244102755561472;6.0854825258255;0.00786361041245982;0.1142578125
73;-1.937514904910084;0.0;0.0;0.0;777.381912336432;-0.009089075261726975;0.007303806277923286;6.082256317138672;0.006391569261904806;0.08671875
74;-1.919054612414337;0.0;0.0;0.0;1172.630124422324;-0.009099083999171854;0.007493691914714873;6.083030772209168;0.009700079425238073;0.133984375
75;-4.06233234992102;0.0;0.0;0.0;1028.5570291268184;-0.0068596572615206245;0.004678680177312345;6.088067078590393;0.007378585531841964;0.102734375
76;-2.8625723677128074;0.0;0.0;0.0;1756.972707054381;-0.02349639916792512;0.004274543398059905;6.087364196777344;0.007158153958152979;0.1017578125
77;-3.6253978979372135;0.0;0.0;0.0;900.6054158888302;-0.009809087263420224;0.009359668288379908;6.08879599571228;0.00709826584206894;0.1
78;-3.5081069925511867;0.0;0.0;0.0;1034.719247394196;-0.0124854905763641;0.006084179622121155;6.091822171211243;0.006570143497083336;0.08671875
79;-2.328060770734369;0.0;0.0;0.0;793.4650996551678;-0.007647088449448347;0.019532449869439007;6.097616195678711;0.007496138487476855;0.106640625
80;-0.6958965435868816;0.0;0.0;0.0;512.3778845421548;-0.009887539059855044;0.021054523438215254;6.103862309455872;0.005276275612413883;0.0701171875
81;-2.857671484456434;0.0;0.0;0.0;864.5929172117475;-0.01100850161164999;0.015069426177069545;6.106386399269104;0.01011153511935845;0.14140625
82;-3.3641967341816756;0.0;0.0;0.0;1385.7511862501108;-0.008188278367742895;0.008447397430427373;6.111050724983215;0.006456955557223409;0.091796875
83;-2.862523101595259;0.0;0.0;0.0;966.2134979844154;-0.0032616002950817346;0.0062808199552819135;6.110561990737915;0.008359734131954611;0.11875
84;-2.725787930077749;0.0;0.0;0.0;715.0936837096151;-0.008605478331446648;0.00470821897033602;6.107132887840271;0.008442404551897199;0.1154296875
85;-1.5496822803403225;0.0;0.0;0.0;653.3320742781135;-0.008212409168481826;0.004722108854912222;6.1060936689376835;0.011412892886437476;0.17265625
86;-6.12980762688833;0.0;0.0;0.0;683.6883301564521;-0.005477060610428452;0.00435988485114649;6.106710314750671;0.007498961617238819;0.1091796875
87;-2.7127781708497674;0.0;0.0;0.0;1027.1625838611901;-0.008110748417675496;0.004508403304498643;6.106688237190246;0.007500845543108881;0.1126953125
88;-0.972294567654721;0.0;0.0;0.0;619.8019653116295;-0.012316630058921873;0.004985743830911815;6.10291440486908;0.008432104240637273;0.119921875
89;-3.9305127567261673;0.0;0.0;0.0;1336.865376302681;-0.0135429514804855;0.004189949994906783;6.0982907056808475;0.008866807597223669;0.124609375
90;0.39456027047011644;0.0;0.0;0.0;555.0069111452156;-0.008511702716350555;0.0037797360797412693;6.0973817110061646;0.006711671105585992;0.0841796875
91;-2.0167346252260687;0.0;0.0;0.0;1674.5523533286766;-0.012864503427408636;0.02023685029707849;6.096344017982483;0.008811501204036176;0.125390625
92;-3.058307094864918;0.0;0.0;0.0;742.3808337346209;-0.006121089053340256;0.00932341602165252;6.097952055931091;0.007809657952748239;0.11015625
93;-2.4784170232706666;0.0;0.0;0.0;948.1580211820283;-0.016439040610566735;0.004714115371461958;6.103024363517761;0.012401159515138715;0.17265625
94;-2.1848272269076388;0.0;0.0;0.0;752.0586113776345;0.004099056823179126;0.0043610012857243415;6.106104493141174;0.009962349419947714;0.1537109375
95;-10.052676088112245;0.0;0.0;0.0;1210.9078275924003;-0.007648446271196008;0.0046903508016839625;6.106085562705994;0.007270741218235344;0.0951171875
96;-2.802313182126706;0.0;0.0;0.0;1150.606915538502;-0.012370541878044605;0.004418884718324989;6.102623009681702;0.010252042789943516;0.1515625
97;-1.7610159467778321;0.0;0.0;0.0;739.4329884828051;-0.003543482255190611;0.004068871890194714;6.097396492958069;0.008541533944662661;0.1181640625
98;-3.8312541781925176;0.0;0.0;0.0;732.2565324633039;-0.01432471303269267;0.005066989292390645;6.0938596487045285;0.006957191519904882;0.1017578125
99;-6.814339026485136;0.0;0.0;0.0;1022.3522017969427;-0.011814544536173343;0.010870258323848248;6.09711446762085;0.0116212589899078;0.16953125
100;-1.937724899743529;0.0;0.0;0.0;849.9728058603288;-0.007818194339051843;0.005501311831176281;6.10362138748169;0.006607427995186299;0.0890625
101;-2.179737994726008;0.0;0.0;0.0;686.3022016426212;-0.012421773793175817;0.005050416500307619;6.102526211738587;0.007350395817775279;0.1044921875
102;-1.4141815510526634;0.0;0.0;0.0;739.4129576662232;-0.0006461787503212691;0.003849353641271591;6.098709917068481;0.007709076709579677;0.1005859375
103;-2.1249106387571635;0.0;0.0;0.0;1005.171707903365;-0.006388730835169554;0.005657089594751597;6.096016764640808;0.008240367111284286;0.1169921875
104;-2.2065531556888014;0.0;0.0;0.0;829.0440790710971;-0.010784354899078608;0.005674284161068499;6.097623038291931;0.006218361738137901;0.07734375
105;-1.8193693643478084;0.0;0.0;0.0;693.8659079027734;-0.011573855439200998;0.005872589093632996;6.10026183128357;0.007838023034855724;0.108203125
106;-1.7101714981868918;0.0;0.0;0.0;976.6879446421517;-0.009412792371585965;0.005075784912332892;6.101602244377136;0.007623470562975854;0.1021484375
107;-1.8009716605224109;0.0;0.0;0.0;812.4297712521566;-0.014976017875596881;0.00429567062528804;6.098849415779114;0.010211072082165628;0.1541015625
108;-2.015054615560109;0.0;0.0;0.0;694.6531491459955;-0.011130443750880658;0.00277594510698691;6.0936527967453005;0.009230900346301496;0.12109375
109;-3.4688395461931827;0.0;0.0;0.0;769.2731699776822;-0.008142078155651688;0.0035864801495335994;6.089265918731689;0.005933924880810082;0.0787109375
110;-5.52987883382451;0.0;0.0;0.0;774.2895355869604;-0.018847412918694316;0.0034604399930685758;6.085529804229736;0.010261485713999718;0.1455078125
111;-2.4942038502415005;0.0;0.0;0.0;1884.0796898239757;-0.013639363646507262;0.003433755994774401;6.082911205291748;0.010663191345520318;0.136328125
112;-1.7380686588748062;0.0;0.0;0.0;599.9301438829143;-0.012801099615171552;0.004354106460232288;6.077993535995484;0.008100086555350572;0.110546875
113;-1.6031375131811552;0.0;0.0;0.0;596.9527106191858;-0.014796241419389844;0.0028143976116552947;6.077408576011658;0.008267207629978656;0.1181640625
114;-2.162286436747948;0.0;0.0;0.0;615.6632325908909;-0.00790637016762048;0.0035851112799718974;6.079690837860108;0.007638730516191572;0.1048828125
115;-0.8585793299569715;0.0;0.0;0.0;833.7550994688658;-0.011041573062539101;0.003142597002442926;6.0764786958694454;0.008084917592350393;0.1185546875
116;-1.4157845099999158;0.0;0.0;0.0;783.422821362965;-0.008825674932450057;0.0034927819622680547;6.071094655990601;0.01009578191442415;0.147265625
117;-0.30578143635580374;0.0;0.0;0.0;711.5217937126324;-0.009158123238012194;0.005801401240751148;6.063543820381165;0.0066080872202292085;0.0953125
118;-8.224351678869935;0.0;0.0;0.0;679.004287117122;-0.007994647044688464;0.004175173828843981;6.058402347564697;0.007709736260585487;0.102734375
119;-1.2171048793837917;0.0;0.0;0.0;719.0035628340169;-0.0035077354870736597;0.0039388966280966995;6.055196738243103;0.008620584523305297;0.1158203125
120;-1.6944503267895679;0.0;0.0;0.0;859.0379959798073;-0.007498914794996381;0.004443330003414303;6.054717350006103;0.0070592539850622416;0.1005859375
121;-0.1338857530954034;0.0;0.0;0.0;593.9809640942012;-0.0032519145403057336;0.003120531770400703;6.060050129890442;0.008099965460132807;0.121484375
122;-0.30293297953721526;0.0;0.0;0.0;666.6475749518781;-0.01214876603335142;0.004758491390384733;6.064356637001038;0.012118663103319705;0.164453125
123;-1.583945766515901;0.0;0.0;0.0;898.3104182406321;-0.007032366143539548;0.005564203788526356;6.061984825134277;0.007577765209134668;0.109765625
124;-4.9426253184292674;0.0;0.0;0.0;1406.2749632146465;-0.012673466978594661;0.004258226288948208;6.061917996406555;0.0078108906745910645;0.116015625
125;-0.5554950315490884;0.0;0.0;0.0;850.5780311172418;0.0007900343276560307;0.008206613780930638;6.064993405342102;0.009894847695250064;0.1353515625
126;-0.9774002427736588;0.0;0.0;0.0;874.909443479206;-0.007172310166060925;0.009603508654981852;6.069544672966003;0.008562454488128424;0.1236328125
127;-7.882003226640268;0.0;0.0;0.0;630.3575373915987;-0.01215154742822051;0.004202082857955247;6.073671197891235;0.009436329081654548;0.13671875
128;0.6567937658807671;0.0;0.0;0.0;852.9882385402811;-0.00943861184641719;0.004302390338853002;6.080065679550171;0.0067364139831624925;0.09609375
129;-1.6478650508757968;0.0;0.0;0.0;712.8112315984002;-0.01485572480596602;0.004028159962035716;6.085403561592102;0.008072332141455262;0.1220703125
130;-0.788199082289418;0.0;0.0;0.0;1087.3862662817319;-0.008178321830928325;0.004009144147858024;6.087618446350097;0.00894235773012042;0.1298828125
131;-5.192472854837147;0.0;0.0;0.0;660.8910694327651;-0.01271865558810532;0.006422493350692093;6.085452151298523;0.009382958919741214;0.1337890625
132;-12.022574185922096;0.0;0.0;0.0;1506.0623596359223;-0.007634348818100989;0.02245914489030838;6.085033297538757;0.009374111006036401;0.137109375
133;-0.953530039846865;0.0;0.0;0.0;780.022878772855;-0.016083591151982546;0.0053224763832986355;6.083762240409851;0.011269551399163902;0.173046875
134;-1.2886893236841852;0.0;0.0;0.0;680.514216660775;-0.005038370913825929;0.005827112612314523;6.0801438093185425;0.008469013881403952;0.1189453125
135;-0.5640018671175686;0.0;0.0;0.0;698.5239818111884;-0.0067312988918274645;0.005122565431520343;6.080574488639831;0.010525928623974324;0.1486328125
136;-6.478219528842506;0.0;0.0;0.0;1244.4883911716656;-0.01486076577566564;0.004384657472837716;6.081824398040771;0.008882522222120316;0.1291015625
137;-17.080801528453467;0.0;0.0;0.0;519.1842152445661;-0.009553432511165739;0.006498348154127598;6.0797055721282955;0.008514622657094151;0.1185546875
138;-0.6768513369992869;0.0;0.0;0.0;615.302366736939;-0.010566274123266339;0.004788909247145057;6.07651379108429;0.008942554472014308;0.1330078125
139;-12.820878764540614;0.0;0.0;0.0;744.3268449391932;-0.01245729373767972;0.006956698722206056;6.076521325111389;0.009237578732427209;0.1296875
140;-0.6976304726088922;0.0;0.0;0.0;779.617314855575;-0.005247262911871076;0.0052588572492823;6.077386140823364;0.006650964880827814;0.08984375
141;5.09697304908395;1.0;0.28938604222899533;0.19247465593497587;279.9423888784027;-0.007591259549371898;0.003192796546500176;6.079437637329102;0.005702645913697779;0.075
142;-8.06022663617578;0.0;0.0;0.0;1030.1286428618741;-0.0030585027299821375;0.004951509728562087;6.084109354019165;0.009201669518370181;0.1294921875
143;-0.6037067176986808;0.0;0.0;0.0;561.2498715133768;-0.010586490831337869;0.0027895505190826952;6.080960416793824;0.008842008677311242;0.1251953125
144;-2.462043706181152;0.0;0.0;0.0;498.6976766161291;-0.00942215183749795;0.004232333297841251;6.0758239269256595;0.006515071110334248;0.0865234375
145;-2.139260588173727;0.0;0.0;0.0;491.4483731396293;-0.006070504756644368;0.005379135929979384;6.076741933822632;0.009228908421937377;0.133203125
146;-34.08476667349481;0.0;0.0;0.0;591.9092369420995;-0.006660905526950955;0.013187268748879433;6.0800834655761715;0.007148716202937067;0.0947265625
147;-0.41497760623390356;0.0;0.0;0.0;565.4063928743903;-0.019561508181504907;0.003309673781041056;6.083431386947632;0.010839645168744028;0.156640625
148;-7.147840563584736;0.0;0.0;0.0;409.9799681298384;0.0005525217857211828;0.0034244040958583354;6.083516716957092;0.006986113439779729;0.0994140625
149;-5.62738577032973;0.0;0.0;0.0;452.879036889641;-0.007512483303435147;0.005630414001643658;6.081415367126465;0.007855954254046083;0.1115234375
150;-4.8228618063991044;0.0;0.0;0.0;517.8972813865389;-0.012698988313786685;0.003678729757666588;6.081141400337219;0.008039817376993597;0.10859375
151;-40.828744512484995;0.0;0.0;0.0;994.9173516178151;-0.011900604330003261;0.004520427843090147;6.082968473434448;0.006793461600318551;0.09140625
152;-35.52063673339419;0.0;0.0;0.0;909.7997598209797;-0.013517182553187013;0.004175717034377158;6.082857012748718;0.007743464829400182;0.1125
153;0.6062301978827285;0.0;0.0;0.0;394.8904320720148;-0.009407188044860959;0.004934896738268435;6.081436443328857;0.008471300860401243;0.1201171875
154;-6.953127244619043;0.0;0.0;0.0;453.63576708725975;-0.012018620176240802;0.008523326856084168;6.085166597366333;0.005904274410568178;0.07734375
155;-13.931610321990156;0.0;0.0;0.0;765.2875721342461;-0.009818532317876816;0.005421928619034589;6.088241386413574;0.008589393424335868;0.121875
156;-9.3275628631057;0.0;0.0;0.0;443.39698465702594;-0.003706066682934761;0.0027315511717461048;6.0910759449005125;0.008099420985672623;0.1150390625
157;-13.402339843507228;0.0;0.0;0.0;500.5916061676235;-0.003118876088410616;0.0024745142785832287;6.095464086532592;0.006014903704635799;0.0783203125
158;-22.663978571861055;0.0;0.0;0.0;492.43611020398544;-0.005176004488021135;0.004853668925352395;6.099572801589966;0.00927520744735375;0.1353515625
159;-13.383479902779852;0.0;0.0;0.0;444.5650901273255;-0.007464328990317881;0.006853318586945534;6.101654601097107;0.008421209675725549;0.1154296875
160;-0.8289529254903444;0.0;0.0;0.0;539.3574632704091;0.0003384059760719538;0.018226233823224903;6.100879430770874;0.007741422718390822;0.107421875
161;5.64190711091628;1.0;0.8936534144482543;0.6919414670670092;100.21328393259897;-0.0069990011397749186;0.010627216869033873;6.104457974433899;0.006937978102359921;0.0900390625
162;-15.040929185447098;0.0;0.0;0.0;823.6685787510128;-0.010604068450629712;0.013026636885479092;6.104511785507202;0.00981798249995336;0.1408203125
163;-1.9140085473760164;0.0;0.0;0.0;610.1370248680976;-0.01011170856654644;0.0034741201670840383;6.106885647773742;0.008872354496270418;0.1234375
164;-12.867164264283197;0.0;0.0;0.0;1000.068089675758;-0.008421131642535329;0.003774256643373519;6.117396879196167;0.006952826585620642;0.09453125
165;-1.7844305332649195;0.0;0.0;0.0;493.86469028107297;-0.013390416512265801;0.007390273874625564;6.122561645507813;0.0078101874561980365;0.103515625
166;-5.08861596552737;0.0;0.0;0.0;515.894449663795;-0.009985184716060757;0.007212459109723568;6.122376155853272;0.0075895706424489616;0.1037109375
167;-1.095530565267236;0.0;0.0;0.0;646.8438121703674;-0.002611065935343504;0.006230176263488829;6.1181484937667845;0.005362809507641941;0.0666015625
168;-17.317071586323525;0.0;0.0;0.0;989.6045744401912;-0.010799620952457189;0.022229996416717766;6.113642454147339;0.011075606232043355;0.162109375
169;-0.0699726573167061;0.0;0.0;0.0;588.0989446109762;0.0011960124596953393;0.008480233512818814;6.1189584016799925;0.008943258714862169;0.1287109375
170;0.43729084007288;0.0;0.0;0.0;674.2060394525303;-0.01149258967489004;0.007089086924679577;6.117747950553894;0.006969287921674549;0.0947265625
171;-0.5246344093997861;0.0;0.0;0.0;743.1252436325462;-0.016928867949172855;0.005975418281741441;6.110511636734008;0.00741288170684129;0.099609375
172;1.6620741456893624;1.0;0.8367093172517557;0.6749432925122345;141.68702941087952;-0.011055611167103052;0.0042479379684664306;6.105939292907715;0.008175895118620246;0.1162109375
173;-21.830024761346298;0.0;0.0;0.0;534.6761782099443;-0.009685281198471785;0.010190958390012383;6.106476950645447;0.00884087715530768;0.125
174;6.088512413731612;1.0;0.890716401758902;0.7207355243127056;82.32184170375164;-0.01179496357217431;0.009988781972788274;6.114576601982117;0.00849821827141568;0.1177734375
175;5.563812215254214;1.0;0.9127985945328071;0.7106063628704854;88.197358848823;-0.005166283180005849;0.011779555911198258;6.119212055206299;0.009086989145725966;0.11953125
176;-0.8647934089330123;0.0;0.0;0.0;769.5963292153834;-0.005835673119872808;0.005204870528541505;6.123674941062927;0.007447280106134713;0.105078125
177;-4.916107388147191;0.0;0.0;0.0;682.743239216057;-0.0017466003075242043;0.004285352991428226;6.126774311065674;0.008307779161259531;0.1205078125
178;-12.253087933794804;0.0;0.0;0.0;538.3079542068402;-0.009552835067734123;0.006943885353393853;6.128482985496521;0.008475981117226184;0.1197265625
179;-13.011949409437376;0.0;0.0;0.0;851.0808899108717;-0.004850219469517469;0.009055985370650887;6.136044645309449;0.009833566984161735;0.14765625
180;-3.845278790479748;0.0;0.0;0.0;685.1741074455771;-0.01071551435161382;0.006509884027764201;6.143716812133789;0.011556141823530198;0.1732421875
181;-7.884130137832247;0.0;0.0;0.0;499.4799995927682;-0.008135016355663539;0.021310561383143068;6.1439666748046875;0.0055013512261211876;0.07109375
182;-9.839161076518627;0.0;0.0;0.0;870.584660234194;-0.009606848703697324;0.003535445616580546;6.13853611946106;0.009209105768240989;0.13046875
183;0.20076520551850274;1.0;0.2977262697780847;0.17285575222822994;377.7524986141399;-0.016648733941838145;0.004310788121074438;6.13235764503479;0.009793328843079508;0.14453125
184;-5.568310643567485;0.0;0.0;0.0;565.4486900823761;-0.014312924584373832;0.004959395865444094;6.12897253036499;0.010523267043754458;0.150390625
185;-3.5123451577374984;0.0;0.0;0.0;757.2517029347653;-0.0077853900846093895;0.005765059916302562;6.13268506526947;0.008458459202665835;0.1158203125
186;-3.9201621763942835;0.0;0.0;0.0;616.1005673638306;-0.008707110630348324;0.009814267698675393;6.138266682624817;0.008919853705447168;0.130859375
187;-8.377463396706464;0.0;0.0;0.0;917.9969153337701;-0.004967641038820148;0.011661141086369753;6.144582366943359;0.010336603038012981;0.1466796875
188;-8.6476823971526;0.0;0.0;0.0;576.2446510763057;-0.008948382968083025;0.029034894518554212;6.153424596786499;0.008635667187627405;0.1201171875
189;-19.656350039866048;0.0;0.0;0.0;1211.2688380225957;-0.013860458182170987;0.01689618262462318;6.1602331638336185;0.008158443868160248;0.1212890625
190;-9.090795242981743;0.0;0.0;0.0;655.5687362629869;-0.008477988676168025;0.010602359427139163;6.164925050735474;0.00637753369519487;0.0869140625
191;-14.268878142875739;0.0;0.0;0.0;702.5888402358048;-0.006077549234032631;0.02146524074487388;6.167949652671814;0.012309502123389392;0.1783203125
192;-7.881246290786846;0.0;0.0;0.0;1387.4590603757385;-0.020787502638995647;0.009970247559249402;6.17302725315094;0.01148362586973235;0.1611328125
193;-7.397632164802708;0.0;0.0;0.0;905.1009156612841;-0.013180227112025022;0.014190580416470765;6.181868839263916;0.0103009348269552;0.1427734375
194;-9.336305294488655;0.0;0.0;0.0;1015.2322094671182;-0.002844652347266674;0.011437431862577795;6.189101266860962;0.009316703397780656;0.125
195;0.3044938212383215;0.0;0.0;0.0;727.03440509924;-0.006524412333965302;0.011057230131700634;6.1929186344146725;0.006851111759897321;0.098046875
196;-13.246018237714487;0.0;0.0;0.0;1001.7202596816502;-0.0007130032870918512;0.021381161455065013;6.18887460231781;0.009240221162326635;0.1310546875
197;-0.9307492236871946;0.0;0.0;0.0;938.0154248438198;-0.013448346685618163;0.012719135591760277;6.1873715162277225;0.012313079996965825;0.169140625
198;-11.481740583658269;0.0;0.0;0.0;673.9661222776756;-0.011809896538034081;0.01737225060351193;6.188740825653076;0.008809952577576042;0.1271484375
199;-24.78493384429159;0.0;0.0;0.0;1077.6696876812757;-0.011763836536556483;0.01741984421387315;6.189718174934387;0.007236515602562577;0.103515625
200;-20.525730812078926;0.0;0.0;0.0;965.5563510787052;-0.018930543400347232;0.027529645897448062;6.187830257415771;0.00842824592255056;0.108203125
201;-2.543681046753126;0.0;0.0;0.0;652.8827428834604;-0.006844366574659944;0.03969370033591986;6.19226450920105;0.007767539587803185;0.112890625
202;-5.188837152369605;0.0;0.0;0.0;580.0248251613449;-0.012226809654384852;0.13271443508565425;6.192447805404663;0.011429097736254334;0.1474609375
203;-1.9898776691594395;0.0;0.0;0.0;1034.6425118084594;-0.01611250787973404;0.031319014728069305;6.19209578037262;0.011112682102248073;0.159765625
204;-1.0895630169699433;0.0;0.0;0.0;687.6760544781333;-0.0043987536802887915;0.030348996818065643;6.200263524055481;0.010186413838528096;0.1373046875
205;-10.919831878278625;0.0;0.0;0.0;626.8703158215325;-0.015162056381814181;0.018825153820216656;6.20375611782074;0.009629082586616277;0.1337890625
206;-12.5041436653939;0.0;0.0;0.0;677.5913198306731;-0.015526360971853137;0.019490367732942104;6.205043935775757;0.008069922612048686;0.1208984375
207;-0.07685377238862179;0.0;0.0;0.0;592.1201290959767;-0.01811709674075246;0.011678352672606706;6.204321479797363;0.007018126535695046;0.0896484375
208;-0.25301822620399694;0.0;0.0;0.0;609.8775776751787;-0.01582200706470758;0.00562473579775542;6.2005082130432125;0.009896656894125045;0.13671875
209;-1.8055229004299445;0.0;0.0;0.0;712.7671090661819;-0.006579585280269385;0.006173880351707339;6.196422386169433;0.010126656957436354;0.14609375
210;-1.937438075217898;0.0;0.0;0.0;590.0431668893533;-0.019816621858626603;0.014863252639770508;6.192034840583801;0.010263819911051542;0.1453125
211;-6.258853936965522;0.0;0.0;0.0;558.2599425820077;-0.010543989995494486;0.03487034067511559;6.18551721572876;0.007185668812599033;0.09921875
212;5.822246992407099;1.0;0.7531222706499912;0.4707422394694616;121.97035780161909;-0.012559525738470256;0.04338598269969225;6.182420229911804;0.007909609517082573;0.10546875
213;-1.1773073682252437;0.0;0.0;0.0;723.0168428740775;-0.005647168727591634;0.01850500600412488;6.188832569122314;0.008617789181880654;0.1181640625
214;1.4388863522942672;1.0;0.6298367991252415;0.3368862803005084;205.90712463024022;-0.01018420523032546;0.035012941155582664;6.192692494392395;0.013127126730978489;0.1658203125
215;-3.074422046976059;0.0;0.0;0.0;619.8202881681899;-0.003389623574912548;0.027444148994982244;6.194182085990906;0.008686328469775618;0.1236328125
216;-0.7562745478636602;0.0;0.0;0.0;645.7571722687229;-0.01575174108147621;0.026125590223819016;6.192921304702759;0.008388380031101405;0.117578125
217;0.10362122874458032;0.0;0.0;0.0;695.4363861858269;-0.007865926250815392;0.025996883865445852;6.194790554046631;0.008388549485243858;0.1064453125
218;-1.488084914896891;0.0;0.0;0.0;841.705929128254;-0.014222042728215456;0.028195661026984453;6.194639992713928;0.006890454376116395;0.0955078125
219;-8.057880713750661;0.0;0.0;0.0;853.6103713451829;-0.009413140872493387;0.03062373949214816;6.199018883705139;0.00833487156778574;0.114453125
220;-0.0226744772071185;0.0;0.0;0.0;807.450125586174;-0.013404217222705484;0.03023953875526786;6.210218834877014;0.011272504751104861;0.158203125
221;-0.5159426854355037;0.0;0.0;0.0;715.9379576479107;-0.011088815797120333;0.01049320618622005;6.217371773719788;0.007439035142306238;0.1033203125
222;4.340444055213774;1.0;0.7248866499671253;0.4590152208565201;266.0282807353668;-0.011467069620266557;0.005542377242818475;6.222353672981262;0.008521984168328344;0.1248046875
223;-0.5400269474245321;0.0;0.0;0.0;912.9197453960692;-0.010443754307925702;0.011133686266839504;6.2307322978973385;0.007045947317965329;0.08671875
224;0.002863137410449553;0.0;0.0;0.0;513.7415746169162;-0.012290491024032235;0.01970648798160255;6.2348463296890255;0.010092504078056664;0.14609375
225;3.692843039239496;1.0;0.7385067690597498;0.4524691023593669;209.9502233372133;-0.011343128466978668;0.020415785536170006;6.236601877212524;0.007686511345673353;0.1001953125
226;5.233863705851025;1.0;0.4657909470121247;0.2301819490346527;382.75807203375535;-0.011080301087349653;0.020629699202254416;6.238153243064881;0.006897936132736504;0.093359375
227;-3.628568095451592;0.0;0.0;0.0;580.5501520289787;-0.005969823803752661;0.03066369965672493;6.245535898208618;0.005403386359103024;0.0673828125
228;-0.922495892725937;0.0;0.0;0.0;665.7257056007132;-0.007850541034713387;0.015188524965196848;6.251124119758606;0.009843507991172373;0.13125
229;-13.102985020859224;0.0;0.0;0.0;811.3369187589678;-0.007032036222517491;0.015456947777420283;6.254662442207336;0.008037346042692661;0.1197265625
230;-0.08912847718600585;0.0;0.0;0.0;582.1794783215145;-0.009773269947618245;0.01196458088234067;6.259117889404297;0.006490827642846852;0.082421875
231;6.3401298177596335;1.0;0.8153458382344132;0.5281524129070891;161.45518461267983;-0.013203141000121831;0.0131391953676939;6.262161326408386;0.010393087635748088;0.1345703125
232;-5.969065480158174;0.0;0.0;0.0;743.3118296513475;-0.010138050047680735;0.0077204635133966805;6.26228015422821;0.006909741286654026;0.0994140625
233;-2.6792349575351313;0.0;0.0;0.0;617.5611327713801;-0.007613983331248164;0.008413188671693207;6.257452535629272;0.00897859437391162;0.128125
234;-0.930912730315827;0.0;0.0;0.0;945.8999460670542;-0.007020795904099941;0.07960083354264498;6.256964802742004;0.012131247844081372;0.1419921875
235;-0.7576225485123158;0.0;0.0;0.0;1126.042355230894;-0.007265076693147421;0.015837553376331925;6.254581117630005;0.007191847893409431;0.11328125
236;-4.79786493034735;0.0;0.0;0.0;793.3697457642937;-0.009277992602437734;0.019052239926531912;6.25731508731842;0.011079842248000205;0.15390625
237;-1.013898564427759;0.0;0.0;0.0;382.287162210873;-0.009379399893805384;0.024571346770972013;6.2641205310821535;0.008605815761256963;0.126953125
238;6.645730382219819;1.0;0.6976812239868396;0.41639768993169446;269.6864473775077;-0.0065467143431305885;0.025799991562962532;6.275745463371277;0.008647574170026928;0.112890625
239;-3.097899943334696;0.0;0.0;0.0;636.8337681261982;-0.008356160740368069;0.010883085383102297;6.2861395359039305;0.007531226263381541;0.107421875
240;0.3862938801846213;0.0;0.0;0.0;482.9605132776705;-0.012968053668737411;0.012615324836224318;6.2922416687011715;0.006186651403550058;0.082421875
241;0.26395353280557066;0.0;0.0;0.0;355.79850402138953;-0.002246135892346501;0.00583881619386375;6.297165846824646;0.007142730231862515;0.1005859375
242;-5.731479538991456;0.0;0.0;0.0;518.0107009258033;-0.004803666705265641;0.005221723264548927;6.296001815795899;0.00769625612301752;0.110546875
243;-0.7708532252835484;0.0;0.0;0.0;460.75806983680934;-0.00856192191131413;0.010654903203248977;6.2974647045135494;0.006202165689319372;0.0814453125
244;0.28875835594976546;0.0;0.0;0.0;360.22902108515393;-0.012429414596408606;0.017143035447224973;6.3018499374389645;0.0077093743602745235;0.1076171875
245;0.2449887626673921;0.0;0.0;0.0;614.0015004987653;-0.008150544296950103;0.02779483571648598;6.302651429176331;0.007242959318682551;0.1
246;0.5115178103844924;0.0;0.0;0.0;312.527075395412;-0.0028744723647832872;0.11081908866763115;6.305824112892151;0.008628017327282578;0.123828125
247;-11.010416988934816;0.0;0.0;0.0;478.35792063092197;-0.012052146019414067;0.013414719561114907;6.305906486511231;0.007785244821570813;0.1044921875
248;5.7016237597050665;1.0;0.4753613189887984;0.16135525068805887;185.09568094338005;-0.007961303554475307;0.0836667126044631;6.304410839080811;0.011234748316928745;0.155078125
249;4.281802174123043;1.0;0.7604498188464803;0.5244917766275865;137.81762964384023;-0.01459674839861691;0.0767377695068717;6.305100345611573;0.00832458642544225;0.1095703125
250;0.250524401935604;0.0;0.0;0.0;396.23252617477425;-0.009882884146645666;0.01391354650259018;6.3040656566619875;0.008106723462697118;0.1142578125
251;-0.9052153876072605;0.0;0.0;0.0;611.0274284668465;-0.010199282318353653;0.014979282347485422;6.305812215805053;0.009314550401177258;0.13203125
252;-0.10787482768421215;0.0;0.0;0.0;311.1827949024965;-0.002647907321806997;0.013877537148073316;6.309024715423584;0.010421104077249766;0.151171875
253;-0.6356933422331621;0.0;0.0;0.0;362.86587219799287;-0.013027399778366089;0.009390769666060806;6.311120820045471;0.009812048240564763;0.1453125
254;-0.16674248213410633;0.0;0.0;0.0;351.67377468790534;-0.015070847328752279;0.008273597457446158;6.3119099855422975;0.008665471046697348;0.1197265625
255;-1.4405743808816247;0.0;0.0;0.0;678.6187745485549;-0.015118216862902045;0.0055938272969797255;6.315315365791321;0.006232992396689951;0.0859375
256;-0.5266180549885454;0.0;0.0;0.0;398.4455422287172;-0.003966152295470237;0.005716326727997512;6.319945478439331;0.007254271511919796;0.10703125
257;-0.04841549300600866;0.0;0.0;0.0;309.2384812969306;-0.004087656084448099;0.011496772523969412;6.325358653068543;0.008701258571818471;0.1263671875
258;-1.439400060004758;0.0;0.0;0.0;747.6142163462456;-0.008102728566154838;0.021627822145819663;6.334943556785584;0.009059143590275199;0.127734375
259;-1.5660136803360916;0.0;0.0;0.0;440.7027027392484;-0.010142968920990824;0.024089298862963914;6.344611144065857;0.009603072085883468;0.1392578125
260;-2.3881939881579997;0.0;0.0;0.0;548.334142575747;-0.008838514401577412;0.0180727809201926;6.347578644752502;0.008344460907392205;0.1134765625
261;-0.576227119354594;0.0;0.0;0.0;539.4762668935452;-0.003199907625094056;0.08409477602690459;6.342817401885986;0.006765398045536131;0.09453125
262;-5.898398408563491;0.0;0.0;0.0;777.4381277949138;-0.014530413039028644;0.01149943950586021;6.344375991821289;0.010442419303581118;0.1517578125
263;6.2884778516907005;1.0;0.6579650674506435;0.41889595035060845;344.1311421495544;-0.008996510086581111;0.01778682302683592;6.351004266738892;0.008579381776507944;0.118359375
264;-1.453068943715859;0.0;0.0;0.0;563.4395397555169;-0.008987811859697104;0.016612434666603802;6.356502032279968;0.00869880837853998;0.114453125
265;2.1744344743571418;1.0;0.4980248769378159;0.29576203469292967;289.7067217655317;-0.013522600708529352;0.012756140902638435;6.355639910697937;0.009039803699124604;0.114453125
266;0.3790659572056635;0.0;0.0;0.0;476.2821233895834;-0.005972301913425326;0.016294696275144814;6.3533814430236815;0.009196162119042128;0.1294921875
267;6.754443999075713;1.0;0.8850908368654231;0.4402835354480855;80.7175080515239;-0.01623895186930895;0.013833908550441264;6.35082733631134;0.010376624600030481;0.1630859375
268;-0.469031525214574;0.0;0.0;0.0;411.72735696169485;-0.006494903424754739;0.01465816623531282;6.35019018650055;0.0064976750640198585;0.0853515625
269;-5.617838151113757;0.0;0.0;0.0;360.8867204497825;0.006222287006676197;0.017460340354591607;6.351103639602661;0.006847728311549872;0.0978515625
270;-3.70246041293182;0.0;0.0;0.0;288.35929474750435;-0.007788451039232314;0.01730055217631161;6.354209733009339;0.007787013566121459;0.107421875
271;-1.3431832477288153;0.0;0.0;0.0;312.32096840508865;-0.011658163275569677;0.01237882673740387;6.3529380559921265;0.01092326653888449;0.1599609375
272;-0.3817234027253309;0.0;0.0;0.0;586.5225429089792;-0.006460026791319251;0.01667084116488695;6.353738307952881;0.007408312556799501;0.103515625
273;-8.732023957089282;0.0;0.0;0.0;612.6176390722937;-0.012205374101176858;0.018114042840898036;6.363495659828186;0.00981951734283939;0.1306640625
274;-0.4288798748236336;0.0;0.0;0.0;371.2474814253245;-0.0063551864586770535;0.016793310455977917;6.3697744607925415;0.010880038968753069;0.1470703125
275;-0.2770077701064939;0.0;0.0;0.0;456.14327221460337;-0.01057702167890966;0.008445746009238064;6.373748517036438;0.008116643188986927;0.11484375
276;-3.2253029192555966;0.0;0.0;0.0;529.3758361857859;-0.013959056627936662;0.025621267780661584;6.378372764587402;0.008105913072358816;0.1134765625
277;0.33992595183028546;0.0;0.0;0.0;374.6238421407202;-0.006484579667448998;0.02153113214299083;6.381668996810913;0.007449063728563488;0.0953125
278;-2.750150243857645;0.0;0.0;0.0;454.2817074089569;-0.01421758932992816;0.020227291621267796;6.379260993003845;0.009993070480413735;0.133984375
279;-1.6118908580592672;0.0;0.0;0.0;437.36127174349116;-0.005580266774632037;0.01896398263052106;6.380149841308594;0.008321950701065362;0.1208984375
280;-0.6547592670733412;0.0;0.0;0.0;283.8163425930052;-0.014458076236769557;0.020145028224214913;6.376189970970154;0.007894590054638684;0.11015625
281;3.2149204899099217;1.0;0.4266275511878603;0.13435523775045918;310.3196535669711;-0.011650651833042503;0.019671006966382264;6.371200633049011;0.008053837926127017;0.1138671875
282;-0.8726147146442309;0.0;0.0;0.0;439.43805847610645;-0.005139409611001611;0.015928592765703797;6.368272233009338;0.007322092819958925;0.098828125
283;-1.3708146741146634;0.0;0.0;0.0;485.0928530845816;-0.012055081874132156;0.006047963793389499;6.369328737258911;0.0071251881890930235;0.1033203125
284;-0.5478073790489321;0.0;0.0;0.0;244.9962370546699;-0.006649519130587578;0.007918040850199759;6.366670417785644;0.008742751611862332;0.1162109375
285;-5.2486511203684385;0.0;0.0;0.0;334.1032463210745;-0.009752904227934778;0.008613603236153723;6.366453671455384;0.00699736961396411;0.0998046875
286;-1.3676241119814212;0.0;0.0;0.0;461.8647683159348;-0.014510761247947812;0.00791811675298959;6.3681833982467655;0.007374273636378348;0.102734375
287;-5.2974131792775685;0.0;0.0;0.0;834.1759157674081;-0.017343079298734666;0.00743384265806526;6.374644041061401;0.008951652969699353;0.1216796875
288;-1.359124305639252;0.0;0.0;0.0;506.84224078266305;-0.010358535684645176;0.01572589250281453;6.37901725769043;0.009096264617983251;0.1169921875
289;-3.0407858223527042;0.0;0.0;0.0;278.4097289367031;-0.007656845776364207;0.004623068368528038;6.382039046287536;0.011605941609013825;0.1501953125
290;-1.6847944791632146;0.0;0.0;0.0;365.7036478140298;-0.015418206108734012;0.004670450743287802;6.391154861450195;0.010299179702997208;0.1408203125
291;-3.1973228942366085;0.0;0.0;0.0;443.9040839310477;-0.009078810596838594;0.005005993088707328;6.396118640899658;0.009651370416395365;0.1341796875
292;0.43492538989689933;0.0;0.0;0.0;361.1607812250809;-0.004263359680771827;0.004039506905246526;6.401165103912353;0.00689267732668668;0.0998046875
293;-1.5542503828337713;0.0;0.0;0.0;1016.3607040464575;-0.01140790395438671;0.01267391019500792;6.403710675239563;0.0072851968230679635;0.0970703125
294;-19.104565151694064;0.0;0.0;0.0;317.76869367953134;-0.01297014020383358;0.00939333694986999;6.39674437046051;0.01242147507146001;0.171875
295;-4.821789283982305;0.0;0.0;0.0;181.84042051411504;-0.020316369784995913;0.004660547839011997;6.39693284034729;0.011325715633574873;0.153125
296;-0.6125953874706952;0.0;0.0;0.0;419.83987848393895;-0.011777897644788028;0.007109339442104101;6.400570201873779;0.008063445170409977;0.1228515625
297;-10.301982227400512;0.0;0.0;0.0;458.4479464709043;-0.00400776294991374;0.012518219323828817;6.408719396591186;0.00878097212407738;0.1189453125
298;-0.5139963472475354;0.0;0.0;0.0;297.1567326929194;-0.002038410329259932;0.003918900119606406;6.421450424194336;0.008396151626948267;0.1234375
299;-18.100778615059518;0.0;0.0;0.0;338.3367968607399;-0.012793294014409184;0.004391257488168776;6.425837159156799;0.007449614675715565;0.1029296875
300;-1.2794026836427868;0.0;0.0;0.0;379.4182623262717;-0.0031200678087770937;0.002900503808632493;6.428802251815796;0.006842613767366857;0.0900390625
301;-5.0750180130309435;0.0;0.0;0.0;522.5162420328878;-0.020114581612870098;0.006244339270051569;6.433156585693359;0.010472614620812237;0.15
302;-13.802432411374657;0.0;0.0;0.0;701.0396120440352;-0.009083103016018867;0.0692494605667889;6.436268258094787;0.009287691384088248;0.123046875
303;-5.046796210352757;0.0;0.0;0.0;378.66785632842794;-0.005477379099465907;0.007856283942237497;6.438717699050903;0.006332113279495388;0.088671875
304;0.5783038894034466;0.0;0.0;0.0;251.0464847917316;-0.005777244549244642;0.06622058227658272;6.448366379737854;0.00727978115901351;0.097265625
305;-0.9985239193448702;0.0;0.0;0.0;302.31638181485243;-0.009451883053407073;0.0053455592249520125;6.453690862655639;0.006444838154129684;0.0904296875
306;-6.050029077734696;0.0;0.0;0.0;262.7845286624069;-0.0033916100161150097;0.003841697017196566;6.459418535232544;0.009900575806386768;0.143359375
307;-3.3712185079921517;0.0;0.0;0.0;161.8741267982668;-0.015579628944396972;0.0031626901822164656;6.46614305973053;0.010245956515427678;0.1453125
308;-10.855610023801223;0.0;0.0;0.0;884.9471221090522;-0.018922649696469306;0.01706238412298262;6.465472745895386;0.012059037841390818;0.1705078125
309;-6.029020190555859;0.0;0.0;0.0;326.5737682631518;-0.008469035476446151;0.010603716294281185;6.470973062515259;0.00897385177668184;0.135546875
310;-6.916894196369934;0.0;0.0;0.0;828.304802127303;-0.014134741667658091;0.0831530902069062;6.47649130821228;0.009109665721189231;0.12421875
311;-32.89988076282635;0.0;0.0;0.0;379.612177550213;-0.013838184671476484;0.005686217802576721;6.473797798156738;0.010050450428389012;0.133984375
312;-18.550202367605813;0.0;0.0;0.0;693.746159380401;-0.008506166376173496;0.0029892507707700135;6.472545313835144;0.00915891161421314;0.1294921875
313;-6.8612463160761346;0.0;0.0;0.0;893.0231306259607;-0.012869746098294855;0.0073492135619744655;6.469605875015259;0.013086400052998215;0.1802734375
314;-13.097196768282148;0.0;0.0;0.0;867.6684944795431;-0.013133478607051075;0.018289671558886767;6.467479419708252;0.007898303330875933;0.114453125
315;-1.162694607648754;0.0;0.0;0.0;482.05092989791194;-0.004396299179643392;0.016604643361642957;6.471516394615174;0.007765908585861325;0.1064453125
316;-1.9152554996622384;0.0;0.0;0.0;136.54686389267798;-0.015341783501207828;0.002126212342409417;6.4755350828170775;0.012241698533762247;0.17578125
317;-2.4750863010765656;0.0;0.0;0.0;526.1923168816149;-0.005533946631476283;0.0030190264456905424;6.479398608207703;0.009171844134107232;0.1263671875
318;-23.274253367301853;0.0;0.0;0.0;374.5555625899014;-0.015232202596962452;0.00361031909706071;6.486157560348511;0.008045362972188741;0.1115234375
319;-14.801489631924142;0.0;0.0;0.0;633.6396027163339;-0.009194908229013284;0.06044829146315654;6.48904390335083;0.01252814318674306;0.165625
320;-10.065904805545639;0.0;0.0;0.0;328.01509485339477;-0.007714699860662222;0.003940045449417085;6.485301113128662;0.01083390942076221;0.162890625
321;-2.6539909948411498;0.0;0.0;0.0;346.84250365513213;-0.009450222132727504;0.0801817463710904;6.481507682800293;0.013371701445430517;0.18359375
322;4.313061012329844;1.0;0.7014474690063703;0.6876894784396014;184.8593656249712;-0.017649176763370633;0.004964258312247694;6.478860211372376;0.00982546469895169;0.1458984375
323;-22.281232563427164;0.0;0.0;0.0;519.3504460968342;-0.008172256406396627;0.003477318328805268;6.478007435798645;0.007924188487231731;0.1107421875
324;6.331332431141538;1.0;0.8087974753438575;0.1942072541653702;106.56944661635765;-0.001870279456488788;0.0036387946922332047;6.472373795509339;0.009262593067251145;0.1248046875
325;-47.78122151367476;0.0;0.0;0.0;414.0151011597916;-0.013052943224708239;0.07004182909925778;6.468726857503255;0.009935378795489669;0.12213541666666666
326;-40.47804325675151;0.0;0.0;0.0;648.6849603933292;-0.01342181689105928;0.006735167209990322;6.470393705368042;0.008873814402613788;0.1234375
327;-7.237728651109418;0.0;0.0;0.0;263.8791311408569;-0.0032575673423707483;0.00788140541408211;6.475932383537293;0.00894963147584349;0.1208984375
328;-27.86461777862965;0.0;0.0;0.0;814.2261840790312;-0.013188645476475358;0.0067563110264018175;6.477332997322082;0.007995164138264954;0.1052734375
329;-12.195375445335712;0.0;0.0;0.0;261.6056884788624;-0.009700532210990787;0.0035496705095283687;6.476421046257019;0.011250773922074585;0.16484375
330;-17.160793200850435;0.0;0.0;0.0;157.2232619789868;-0.008736448362469673;0.004074658779427409;6.479611468315125;0.009154882724396884;0.127734375
331;-1.940856812576628;0.0;0.0;0.0;400.66427180141034;-0.010952560557052493;0.006860704626888037;6.477943706512451;0.010101834940724076;0.13984375
332;-2.247136319353346;0.0;0.0;0.0;302.4191344067278;-0.008318993751890958;0.015029446594417096;6.472502279281616;0.009329207323025912;0.139453125
333;-1.7872479808756798;0.0;0.0;0.0;64.19688315774644;-0.016152076330035924;0.006749954610131681;6.464958596229553;0.009441818529739975;0.1384765625
334;-0.7718113945150339;0.0;0.0;0.0;195.44203108519338;-0.009383893141057342;0.07448694575577974;6.461824584007263;0.008905899582896382;0.1244140625
335;-7.960197844634388;0.0;0.0;0.0;243.63230396058066;-0.017707740562036632;0.009183779172599316;6.463346362113953;0.010478371323551982;0.159375
336;-17.55469696028518;0.0;0.0;0.0;244.68255117153146;-0.012118849810212851;0.004045591817703098;6.463523316383362;0.007938837911933661;0.1162109375
337;-1.2290557113664764;0.0;0.0;0.0;286.64610078587884;-0.011956137465313077;0.006744299316778779;6.465855503082276;0.007657990115694702;0.1025390625
338;-1.1584010180176902;0.0;0.0;0.0;61.30280098944019;-0.01088942363858223;0.005633268784731626;6.466823387145996;0.0061387980822473764;0.0814453125
339;-20.81893737080133;0.0;0.0;0.0;319.3891396656837;-0.020070390310138464;0.003556463634595275;6.467778635025025;0.010750576108694076;0.1482421875
340;-1.7073638461120082;0.0;0.0;0.0;115.73263844825348;-0.016626556962728502;0.005374776828102767;6.465322589874267;0.00903473092475906;0.1322265625
341;-0.5059048945571624;0.0;0.0;0.0;348.14616745311696;-0.015399741800501942;0.004523294512182474;6.461226010322571;0.006630345107987523;0.0955078125
342;-28.30398619899832;0.0;0.0;0.0;297.64804482682626;-0.008264513360336423;0.004593673720955848;6.462248992919922;0.005126812879461795;0.062890625
343;-1.838815288934373;0.0;0.0;0.0;65.63913686326921;-0.0026520413346588613;0.06750078792683781;6.467806720733643;0.009762631519697607;0.1337890625
344;-28.752930712509023;0.0;0.0;0.0;372.5503448023543;-0.011201040353626013;0.00402096618199721;6.474738144874573;0.009012771258130669;0.1255859375
345;-3.716717308872832;0.0;0.0;0.0;185.00818207203284;-0.011174534168094396;0.004975044610910117;6.479355692863464;0.007564886042382568;0.1056640625
346;-0.3317287068494492;0.0;0.0;0.0;276.94082306600336;-0.012080286064883695;0.0657682397402823;6.476341295242309;0.010374793084338307;0.1345703125
347;-1.2915427487976434;0.0;0.0;0.0;358.0712796245513;-0.015304476232267916;0.005630862363614142;6.47710919380188;0.008773221296723931;0.1140625
348;-7.22738848658609;0.0;0.0;0.0;145.6252395302613;-0.003167623118497431;0.0033073130645789204;6.479097056388855;0.0075004575308412315;0.1076171875
349;-1.5176742563707573;0.0;0.0;0.0;155.34249799397654;-0.014121042983606457;0.003418020042590797;6.47894184589386;0.007457793690264225;0.11015625
350;-1.7626858646817387;0.0;0.0;0.0;168.54728599476036;-0.012316062534227967;0.006106173666194081;6.477799248695374;0.00847646181937307;0.1150390625
351;-1.7492815372541866;0.0;0.0;0.0;348.9502632135573;-0.00898378798738122;0.005159411183558405;6.476252722740173;0.008156903204508126;0.1154296875
352;-0.314769101956524;0.0;0.0;0.0;179.2561915085596;-0.005156979151070118;0.002411973278503865;6.47835009098053;0.007169762300327421;0.103515625
353;-1.2885249434049943;0.0;0.0;0.0;398.5067030071152;-0.011824943916872143;0.004119951988104731;6.48056275844574;0.012030512711498886;0.18125
354;-3.0924545114084228;0.0;0.0;0.0;265.1920057068587;-0.010739675769582391;0.0048801219905726615;6.4773112535476685;0.007944362901616842;0.1083984375
355;-0.5850088573249175;0.0;0.0;0.0;244.34103228934256;-0.002888856828212738;0.0034275722806341945;6.478066563606262;0.005300690873991698;0.069921875
356;-3.2600008000923517;0.0;0.0;0.0;142.89815534811905;-0.012067249719984829;0.005731416586786509;6.477954912185669;0.006667843775358051;0.090234375
357;-1.510814425152691;0.0;0.0;0.0;188.856263486738;-0.006029004137963057;0.006150050600990653;6.47573447227478;0.0043631787179037925;0.0478515625
358;-1.3910609534468807;0.0;0.0;0.0;302.650741159307;-0.009118879213929176;0.0025203353958204388;6.4700463771820065;0.007938574778381734;0.1099609375
359;-1.7438862707178395;0.0;0.0;0.0;316.61682319236473;-0.006320453574880957;0.002449703996535391;6.464370059967041;0.00548240722855553;0.06953125
360;-0.41967155601516953;0.0;0.0;0.0;114.89949934547512;-0.010693978145718574;0.004012381052598357;6.458277010917664;0.009420248959213496;0.1419921875
361;-0.31313430594074904;0.0;0.0;0.0;177.40122364516864;-0.0029157511191442607;0.006854089559055865;6.454486417770386;0.007576777506619692;0.1087890625
362;-0.545718662446051;0.0;0.0;0.0;262.9924308473243;-0.013580688647925854;0.004417029640171677;6.451200389862061;0.006857205752748996;0.0955078125
363;-1.6417477740401025;0.0;0.0;0.0;327.1179677039114;-0.011454249219968914;0.009221832803450524;6.4547831296920775;0.007174503023270518;0.10078125
364;-1.6425093557579569;0.0;0.0;0.0;370.6077353472193;-0.007325503416359425;0.07588265389204026;6.452218532562256;0.011515528406016528;0.16875
365;-4.788888204824608;0.0;0.0;0.0;181.91582468680465;-0.006144016073085368;0.005634229176212102;6.449016523361206;0.00636881678365171;0.0798828125
366;-1.6917311397564958;0.0;0.0;0.0;454.29810456982466;-0.010369160794652998;0.06173319639638066;6.446007609367371;0.009504137292969972;0.1400390625
367;-2.223414977552919;0.0;0.0;0.0;329.2997704718164;-0.009577333042398096;0.05011682985350489;6.448857021331787;0.008626469725277275;0.1181640625
368;-1.6139292099521168;0.0;0.0;0.0;219.05443666547606;-0.007953824987635017;0.004747034038882702;6.453430485725403;0.008297756011597813;0.1169921875
369;-1.5848039141084442;0.0;0.0;0.0;264.98170028844066;-0.007596713816747069;0.004484605242032558;6.458095812797547;0.006534508825279772;0.091015625
370;-2.2321175425557254;0.0;0.0;0.0;171.78355155654566;-0.012761844601482154;0.002566981746349484;6.456753492355347;0.009265248046722263;0.1271484375
371;-2.093015600266035;0.0;0.0;0.0;553.3437462341747;-0.012417293107137083;0.018523696810007095;6.458702397346497;0.009655227500479669;0.1310546875
372;0.31676036174342387;0.0;0.0;0.0;254.70908926754382;-0.010517602460458875;0.009259002353064715;6.462855935096741;0.004986811766866594;0.056640625
373;-1.1531233224071322;0.0;0.0;0.0;323.6703271551968;-0.014015704859048128;0.005713829724118114;6.465211367607116;0.009878926048986613;0.14296875
374;-13.739311446355558;0.0;0.0;0.0;254.01840125351583;-0.0076912340708076956;0.0043769785319454965;6.461236214637756;0.009950999601278454;0.139453125
375;-1.6256190213553736;0.0;0.0;0.0;315.5823215550846;-0.007349229091778398;0.002688649168703705;6.45760064125061;0.00818655181210488;0.1197265625
376;-1.657386132716347;0.0;0.0;0.0;336.0992683016217;-0.013491397257894278;0.003969410329591483;6.452603912353515;0.008498239750042557;0.117578125
377;-1.325870688741932;0.0;0.0;0.0;261.46415739429114;-0.022049820446409286;0.0059343204135075215;6.454022598266602;0.009239235159475357;0.125
378;0.05859671799991196;0.0;0.0;0.0;231.70079675065517;-0.008628388494253158;0.007583632692694664;6.45166289806366;0.012210382579360158;0.169921875
379;0.33954240310618744;0.0;0.0;0.0;199.5864756070311;-0.01102878269739449;0.0037312152679078283;6.451690077781677;0.006334202422294766;0.0826171875
380;-2.8513994162198335;0.0;0.0;0.0;331.4881411503605;-0.008474287344142795;0.001954546256456524;6.453507113456726;0.009069485438521952;0.1361328125
381;-1.2533116841654488;0.0;0.0;0.0;303.34367974333617;-0.010514977853745222;0.0050331524922512475;6.453836178779602;0.007749675097875297;0.1078125
382;-7.060498582075678;0.0;0.0;0.0;490.91683837826275;-0.012812067102640868;0.0028886745567433536;6.451641774177551;0.00884645051555708;0.1283203125
383;-2.0097164509883734;0.0;0.0;0.0;322.20536430322346;-0.0025884086731821298;0.0056134759332053365;6.449903178215027;0.006450646510347724;0.0884765625
384;-1.1834201449718886;0.0;0.0;0.0;199.32396443244116;-0.017162953643128274;0.0035312051186338067;6.452107286453247;0.008930307475384324;0.1263671875
385;-1.0722842167565418;0.0;0.0;0.0;124.68184087920662;-0.011078552063554525;0.009502458479255438;6.452900433540345;0.007348070375155657;0.09453125
386;-3.0881458415309853;0.0;0.0;0.0;347.9967290260225;-0.012486608605831862;0.0036292791250161827;6.459795808792114;0.006380095006898045;0.0767578125
387;-0.8279088086308889;0.0;0.0;0.0;163.88679342896543;-0.0052357582375407215;0.00727022085338831;6.465420746803284;0.007978073693811894;0.1111328125
388;-3.063822351574754;0.0;0.0;0.0;205.4579431827399;-0.008177246525883674;0.004376448865514249;6.461910128593445;0.006862742779776454;0.0935546875
389;-1.7140191009644847;0.0;0.0;0.0;161.11623758628258;-0.0065932056400924925;0.06320954151451588;6.455736899375916;0.011208737257402391;0.16328125
390;-0.5226349351136306;0.0;0.0;0.0;250.88835007874872;-0.006766608124598861;0.007298260764218867;6.447209596633911;0.0069616106804460285;0.0958984375
391;-2.032323585932051;0.0;0.0;0.0;286.1099130436344;-0.013475678954273462;0.010757878865115344;6.44808349609375;0.0087663016282022;0.1310546875
392;-0.7580640583874872;0.0;0.0;0.0;160.07786981748745;-0.003244771109893918;0.003943278302904219;6.452106261253357;0.005790779902599752;0.0716796875
393;-1.7496730948957149;0.0;0.0;0.0;316.09635013383706;-0.0008526547811925411;0.008306827326305211;6.455000591278076;0.007822889205999672;0.10078125
394;-1.3000656826463755;0.0;0.0;0.0;287.9126230023697;-0.00948311435058713;0.0046754348441027105;6.461156868934632;0.008110785786993802;0.1166015625
395;-0.6053680157795839;0.0;0.0;0.0;214.1927400630248;-0.015207847580313683;0.0036574495839886366;6.4687368154525755;0.007318871724419296;0.0984375
396;-1.6404073945819833;0.0;0.0;0.0;141.4255601848915;-0.008209669264033437;0.002883048006333411;6.477648091316223;0.00939843967789784;0.1263671875
397;-1.7181573793993665;0.0;0.0;0.0;125.94777857409451;-0.010130241885781288;0.0020083301118575037;6.483442807197571;0.00687273358926177;0.0900390625
398;-5.4674660920134075;0.0;0.0;0.0;154.14106413512047;-0.006022890703752637;0.004003794130403549;6.485796070098877;0.006721806677524001;0.0896484375
399;-0.09872816735924506;0.0;0.0;0.0;231.54540954730695;-0.005355429649353027;0.005232789984438569;6.487952017784119;0.00832691063405946;0.1232421875
400;-0.5956972583895204;0.0;0.0;0.0;161.25396473100528;-0.011348606180399656;0.012638937029987574;6.489909887313843;0.008928888267837465;0.1302734375
401;-1.728521872966279;0.0;0.0;0.0;133.38700707739747;-0.0110382437473163;0.03254488185048103;6.4994145154953005;0.008489396737422794;0.121875
402;-0.522547439923761;0.0;0.0;0.0;185.80732359598278;-0.007306244317442178;0.015066206455230713;6.5075758934021;0.008054581214673817;0.11953125
403;-0.3374171481749664;0.0;0.0;0.0;165.3320595923662;-0.0024544006679207086;0.016504092048853634;6.512189030647278;0.006958624767139554;0.0958984375
404;-1.6578687505479863;0.0;0.0;0.0;258.87198317003043;-0.015536544378846884;0.011425227136351168;6.521741962432861;0.010136750631500036;0.147265625
405;-5.815175786099532;0.0;0.0;0.0;202.3066561351326;-0.008137887855991722;0.006127412617206574;6.5323216915130615;0.01082147367997095;0.1451171875
406;-1.0988829603148746;0.0;0.0;0.0;211.07936016541547;-0.005667211068794131;0.004559115995652974;6.534913468360901;0.006553165975492448;0.0919921875
407;-1.980341300389327;0.0;0.0;0.0;460.1953139781063;-0.008800676418468356;0.013958163512870669;6.537845158576966;0.005904525145888328;0.078125
408;-0.7621429926848794;0.0;0.0;0.0;144.15489572664373;-0.008403116930276155;0.015378314862027764;6.5419549465179445;0.008480383304413409;0.11875
409;-1.8321466248272664;0.0;0.0;0.0;318.85716808210174;-0.005859926994889975;0.010704254219308495;6.546414136886597;0.007887601188849657;0.117578125
410;0.8550816825845509;0.0;0.0;0.0;167.3106408254235;-0.014960079453885555;0.014684834564104677;6.554065418243408;0.009058661269955337;0.133984375
411;-0.7101783246026077;0.0;0.0;0.0;262.3713736731743;-0.006423357129096985;0.029341463185846805;6.560467934608459;0.007848988357000052;0.101953125
412;-3.4106569362521038;0.0;0.0;0.0;487.4807405425658;-0.017066195979714392;0.025583530962467193;6.565280222892762;0.008423780323937535;0.1216796875
413;-12.988756960873697;0.0;0.0;0.0;345.6899258258185;-0.00866658017039299;0.01698051020503044;6.569526815414429;0.009439243271481245;0.1287109375
414;-0.4705674144655235;0.0;0.0;0.0;107.870417644143;-0.008439095132052899;0.006025343644432723;6.572645473480224;0.006218946480657905;0.079296875
415;-1.8539848651509956;0.0;0.0;0.0;214.06169139415343;-0.008218454895541072;0.006767576816491783;6.5826280355453495;0.008369959983974695;0.1173828125
416;-1.8188622924196303;0.0;0.0;0.0;202.42332683044785;-0.0006228442769497633;0.008825439983047545;6.584942483901978;0.006038424686994404;0.080859375
417;0.5036425127113157;0.0;0.0;0.0;89.33779083636861;-0.004479782888665795;0.003994663839694113;6.586868667602539;0.007099353626836091;0.106640625
418;-18.146255769016786;0.0;0.0;0.0;300.84491795402545;-0.016317321453243494;0.00819162994157523;6.59326822757721;0.009276983083691449;0.134765625
419;-4.937175952240757;0.0;0.0;0.0;355.12431305353977;-0.01141420123167336;0.008445825637318194;6.5965664148330685;0.009232822770718485;0.1330078125
420;-6.014354214723649;0.0;0.0;0.0;1090.6114346074955;-0.009121836302801967;0.002472803357522935;6.596700644493103;0.005881728150416166;0.0802734375
421;-1.219026729896339;0.0;0.0;0.0;144.03560336334513;-0.0020235732197761537;0.01163167622871697;6.594161558151245;0.004698943335097283;0.0513671875
422;-15.120731992152132;0.0;0.0;0.0;423.8229597763554;-0.013255141419358551;0.012261235108599066;6.591817402839661;0.008473012770991772;0.1228515625
423;-1.7461969666759256;0.0;0.0;0.0;210.49356080145037;-0.007688228692859411;0.01111105177551508;6.591871762275696;0.006246880267281085;0.0802734375
424;-1.7250070377751279;0.0;0.0;0.0;264.3909339897811;-0.010715078003704548;0.04115685932338238;6.598353910446167;0.008524916472379119;0.12109375
425;-3.3654549641145466;0.0;0.0;0.0;517.2209788160019;-0.011466380953788758;0.030436214059591293;6.6018905401229855;0.0053609800292178985;0.0681640625
426;-2.372619194108039;0.0;0.0;0.0;547.0978838356199;-0.009618429373949767;0.021838401444256306;6.606198024749756;0.008069467335008084;0.1154296875
427;-1.90560457264209;0.0;0.0;0.0;298.3903340758709;-0.011416192539036274;0.02170233055949211;6.607572364807129;0.005417100235354156;0.0689453125
428;-8.284510267360822;0.0;0.0;0.0;465.061299016828;-0.005540525820106268;0.025707876682281493;6.61141939163208;0.006922723457682878;0.098828125
429;-2.064047553094357;0.0;0.0;0.0;275.65019574916425;-0.011239876504987478;0.025903772097080946;6.617651247978211;0.008842532616108656;0.12109375
430;-5.9087133272795;0.0;0.0;0.0;219.24392507044178;-0.007237417995929718;0.023264364711940287;6.625498819351196;0.008906543964985757;0.124609375
431;-18.219187323635197;0.0;0.0;0.0;228.6153103833173;-0.011471177823841572;0.03722831811755896;6.6280320405960085;0.010141715896315873;0.1333984375
432;-2.1265429246872705;0.0;0.0;0.0;227.46022430941917;-0.018420410947874187;0.045999390073120594;6.627846574783325;0.009679283353034408;0.1521484375
433;-4.4771792965548896;0.0;0.0;0.0;348.6669314019873;-0.012775027751922607;0.022745664371177553;6.627801942825317;0.009029456088319421;0.1234375
434;-1.8617866550120366;0.0;0.0;0.0;601.2394724168141;-0.010492442734539508;0.03586244648322463;6.630848050117493;0.013646746310405434;0.1908203125
435;-15.642367985226715;0.0;0.0;0.0;182.95544621500437;-0.015532124089077115;0.03160679517313838;6.634021258354187;0.006318955682218075;0.0751953125
436;-0.16009923268847187;0.0;0.0;0.0;199.88105181171983;-0.007564480695873499;0.043321762792766096;6.639727163314819;0.006054811668582261;0.0794921875
437;-2.0784754452927188;0.0;0.0;0.0;72.13341167358479;-0.012940260069444775;0.023184006102383137;6.641445446014404;0.007516830135136843;0.1041015625
438;-7.8618047767439325;0.0;0.0;0.0;693.1640524033297;-0.0134983861586079;0.024752137809991838;6.644818711280823;0.007131355826277286;0.0970703125
439;-2.192596728574145;0.0;0.0;0.0;312.7126368825303;-0.012252514902502298;0.02043144409544766;6.645002174377441;0.0066873130155727266;0.090234375
440;-1.2775465594731077;0.0;0.0;0.0;282.46873519168463;-0.006608954444527626;0.017301770858466625;6.646168327331543;0.0062646143138408664;0.0759765625
441;-2.7591083736415207;0.0;0.0;0.0;167.9871351933794;-0.011791543080471456;0.0228612688370049;6.642106723785401;0.007594496698584407;0.0955078125
442;-1.6863547166305937;0.0;0.0;0.0;184.43773611167674;-0.01064162296243012;0.01958133983425796;6.636132478713989;0.006705500453244894;0.088671875
443;-2.8539453818804845;0.0;0.0;0.0;196.52359838613563;-0.005816222238354385;0.03979592826217413;6.637318325042725;0.005834970367141068;0.075390625
444;-6.292138403252211;0.0;0.0;0.0;216.20001140785158;-0.011875202739611268;0.03296525124460459;6.642407298088074;0.010284959350246935;0.15
445;-6.6283486261744615;0.0;0.0;0.0;153.51804332770269;-0.00785972229205072;0.028956362791359425;6.6441960573196415;0.011330265761353075;0.1587890625
446;-1.3724361524330826;0.0;0.0;0.0;135.76108253745653;-0.012229816662147642;0.022070688754320146;6.644116973876953;0.00816000597551465;0.11328125
447;-1.110932421352461;0.0;0.0;0.0;262.6205319724305;-0.02505298713222146;0.03423952516168356;6.647801876068115;0.011129767040256412;0.1630859375
448;-1.8887004004680523;0.0;0.0;0.0;420.71435057194094;-0.01490980377420783;0.1062552435323596;6.650561380386352;0.010089934326242656;0.137109375
449;-1.651951088300697;0.0;0.0;0.0;285.9817269827728;-0.00743076060898602;0.12522812224924565;6.647287440299988;0.006728683842811734;0.0810546875
450;-1.0422320986892144;0.0;0.0;0.0;296.4016064456967;-0.002061145845800638;0.020196662843227388;6.643341803550721;0.006304589612409472;0.083984375
451;-0.8329882228862207;0.0;0.0;0.0;212.9490946577624;-0.0061831339728087185;0.017703871615231036;6.642196154594421;0.0075386343756690625;0.1099609375
452;-16.361011816361913;0.0;0.0;0.0;250.24468436859206;-0.011040899460203946;0.021176401898264884;6.6458786725997925;0.006257327075581997;0.0798828125
453;-11.427126421759707;0.0;0.0;0.0;1066.4222405374805;-0.007754121534526348;0.015242616226896644;6.650579309463501;0.008592516335193067;0.1232421875
454;-1.6456745119508622;0.0;0.0;0.0;302.36984568603;-0.011231833370402455;0.015038612578064204;6.656320309638977;0.010379162523895502;0.14609375
455;-1.7562581929223895;0.0;0.0;0.0;139.19702849541667;-0.010198799148201942;0.011696946062147617;6.6608514308929445;0.009197378647513688;0.125
456;-1.8546689418310427;0.0;0.0;0.0;557.9407679956072;-0.008252330962568522;0.012644843803718686;6.666427326202393;0.006845480226911604;0.0955078125
457;-1.2026500345320068;0.0;0.0;0.0;172.53775244596127;-0.006626563193276524;0.01512683816254139;6.671207237243652;0.006606710143387318;0.088671875
458;-4.213420953844813;0.0;0.0;0.0;1180.3450716238904;-0.009480340545997024;0.009024987486191094;6.673800754547119;0.007011006074026227;0.091796875
459;-1.31401087611153;0.0;0.0;0.0;500.69083277219147;-0.010240853182040155;0.011957901157438755;6.679214310646057;0.007954247121233493;0.11171875
460;-6.07339629859112;0.0;0.0;0.0;587.1842259632361;-0.010584979970008134;0.004657660494558513;6.683619809150696;0.007351209956686944;0.1041015625
461;-4.338210138942406;0.0;0.0;0.0;217.1724594193142;-0.013536135107278824;0.006209380668587982;6.685545444488525;0.010151407169178128;0.13359375
462;-2.3506763583302597;0.0;0.0;0.0;197.72194558262083;-0.01037689340300858;0.010148409730754792;6.688505101203918;0.010130828944966197;0.1388671875
463;-0.9788274783871097;0.0;0.0;0.0;224.42244098663275;-0.008653180534020066;0.00968352952040732;6.692833209037781;0.012131369858980178;0.1697265625
464;-8.917569213656106;0.0;0.0;0.0;253.25458521497194;-0.007156650070101023;0.010440005245618523;6.692820739746094;0.00801102890400216;0.1068359375
465;-0.37459495775359036;0.0;0.0;0.0;261.9866017628193;-0.006869457755237817;0.025686300825327635;6.692140197753906;0.010334490332752466;0.1537109375
466;-1.7392750641831694;0.0;0.0;0.0;314.5295392822649;-0.014483548840507865;0.016030385764315723;6.691275930404663;0.007638580456841737;0.098046875
467;-1.588604996402006;0.0;0.0;0.0;181.0516983353414;-0.009518499998375774;0.019278764119371773;6.691193366050721;0.01063694980693981;0.1501953125
468;-1.7506148466297733;0.0;0.0;0.0;187.96425940861258;-0.011541436379775404;0.016964353481307627;6.688933610916138;0.009203443466685713;0.134765625
469;-1.8872939589481903;0.0;0.0;0.0;102.00668611776355;-0.012703759176656605;0.01170109659433365;6.689925289154052;0.007754225702956319;0.1150390625
470;-1.351664554837556;0.0;0.0;0.0;220.4580011708418;-0.009608272789046168;0.006845300365239382;6.692540168762207;0.007803986419457942;0.102734375
471;0.04238989837827197;0.0;0.0;0.0;874.7684904331387;-0.005016073212027549;0.006165015324950218;6.693733882904053;0.008654907322488725;0.1236328125
472;-7.138592969106178;0.0;0.0;0.0;434.12626434584735;0.00019496288150548934;0.004130005813203752;6.697786712646485;0.008131267211865634;0.10625
473;-8.44147140261999;0.0;0.0;0.0;247.66840173356567;-0.0067164941225200895;0.0033815821167081594;6.71056854724884;0.007394319528248161;0.094140625
474;-1.7499378603014955;0.0;0.0;0.0;316.54165023331797;-0.009668793017044663;0.0033467873581685126;6.718317437171936;0.007863732753321528;0.1087890625
475;-1.2777852245163765;0.0;0.0;0.0;171.59537335205735;-0.01919244502538017;0.003486508137679526;6.72265979221889;0.011738186186578656;0.15764508928571427
476;-1.9010375804104118;0.0;0.0;0.0;578.0258541368665;-0.01277001048438251;0.002716772444546223;6.72479829788208;0.007849514519330114;0.1146484375
477;-1.6612422667392464;0.0;0.0;0.0;275.5645727813149;-0.010511720459908247;0.005415731610264629;6.726692724227905;0.007860983128193767;0.1060546875
478;-1.5403834899024225;0.0;0.0;0.0;400.43223665218164;-0.0068917135708034035;0.00996047593653202;6.729567432403565;0.011084977246355265;0.164453125
479;-1.2747224015806562;0.0;0.0;0.0;124.12743903506947;-0.009452009981032461;0.004844925471115857;6.736989140510559;0.013475945254322141;0.1841796875
480;-1.4817136732832021;0.0;0.0;0.0;207.60516497528735;-0.01005519493483007;0.0020082134054973722;6.739669060707092;0.00813949981238693;0.1046875
481;-1.260418039631976;0.0;0.0;0.0;260.39726722711515;-0.004823156888596714;0.0027787602273747327;6.739525842666626;0.008004660008009524;0.11328125
482;-0.9513758481409531;0.0;0.0;0.0;184.4939432395202;-0.005213968735188246;0.002660216117510572;6.740859270095825;0.01130099716829136;0.158984375
483;-0.844288040913291;0.0;0.0;0.0;132.61641217342031;-0.014952515438199043;0.002188984863460064;6.740385437011719;0.009447525267023592;0.138671875
484;-1.5488295473524831;0.0;0.0;0.0;295.9199909389901;-0.01207375219091773;0.0038354218355379998;6.744458341598511;0.008890806627459825;0.123046875
485;-1.7118243659119134;0.0;0.0;0.0;612.2665927202207;0.002996517950668931;0.003752640134189278;6.75192437171936;0.007537885941565037;0.100390625
486;-2.206673811837522;0.0;0.0;0.0;155.70922025193977;-0.016505365434568375;0.0021409785200376063;6.75405900478363;0.007468268880620599;0.0943359375
487;-1.2744290803761877;0.0;0.0;0.0;159.76195132925469;-0.016112229693681;0.0010351310280384495;6.753347682952881;0.01235648940782994;0.1619140625
488;-0.06410412682962312;0.0;0.0;0.0;229.5295269939325;-0.0023027587682008742;0.0014249388419557362;6.7535950422286986;0.006542333005927503;0.0853515625
489;-0.4962939147448263;0.0;0.0;0.0;167.9284799904093;-0.005126563692465424;0.0009656706970417872;6.760541200637817;0.00907672216417268;0.1375
490;-1.3291853314755133;0.0;0.0;0.0;113.48775895875286;-0.011670582625083626;0.0026026242412626743;6.766048884391784;0.009797136392444372;0.12890625
491;-1.1850327622024361;0.0;0.0;0.0;346.4864640112415;-0.001705274498090148;0.003868654044345021;6.767338538169861;0.006154875340871513;0.07890625
492;-1.2668978163984297;0.0;0.0;0.0;171.74233120872051;-0.013108778838068246;0.001600016007432714;6.769128155708313;0.010483032162301242;0.148046875
493;-1.0463019565647016;0.0;0.0;0.0;162.15179661376246;-0.00600917381234467;0.0037809345172718166;6.772657179832459;0.007518126640934497;0.0998046875
494;-1.0480077711642883;0.0;0.0;0.0;163.21567728928653;-0.01334111336618662;0.0020102626585867256;6.772294759750366;0.011478707788046449;0.1623046875
495;-1.7595839111750837;0.0;0.0;0.0;276.5707294460584;-0.007715463940985501;0.0010559943126281723;6.77483298778534;0.010262794373556972;0.1453125
496;-1.3055483329311084;0.0;0.0;0.0;205.9810981394318;-0.011938308598473668;0.0027180942532140763;6.77922785282135;0.00995591989485547;0.1359375
497;-3.131664122168047;0.0;0.0;0.0;426.5911935234007;-0.012918425910174846;0.004273979924619198;6.784865951538086;0.007484720216598362;0.0912109375
498;-2.907560041266822;0.0;0.0;0.0;255.33643765564963;-0.01380184325389564;0.0014924985473044217;6.783825206756592;0.00785129185533151;0.1064453125
499;-1.5591101645277023;0.0;0.0;0.0;319.4999223598236;-0.018294433993287385;0.0010505430080229416;6.783471846580506;0.007667640270665288;0.1037109375
500;-0.7287699299532289;0.0;0.0;0.0;133.51136632388668;-0.008664749283343553;0.0006125382031314075;6.784750390052795;0.006856926006730646;0.0919921875
501;-1.3083502266056943;0.0;0.0;0.0;111.2942392852551;-0.010075333924032748;0.0006235747903701849;6.786543846130371;0.006377721566241235;0.09140625
502;-1.0452620968767263;0.0;0.0;0.0;194.80148532455522;-0.009351634001359344;0.0014941797708161175;6.794481205940246;0.007148841058369726;0.10546875
503;-3.939577418199346;0.0;0.0;0.0;241.2693719949711;-0.009789509698748589;0.001970231311861426;6.802221155166626;0.00817612698301673;0.1216796875
504;-1.4299077700146205;0.0;0.0;0.0;449.825527311727;-0.009263713867403567;0.0018624865915626287;6.805247497558594;0.0074898838414810594;0.0978515625
505;-0.617541351508063;0.0;0.0;0.0;133.3173772092958;-0.008511429280042648;0.0018977393920067698;6.802735614776611;0.010861473775003105;0.166796875
506;-1.40206584206717;0.0;0.0;0.0;483.909209319787;-0.0098799092695117;0.0015137759502977133;6.801793694496155;0.011702561809215695;0.1693359375
507;-2.531685422629204;0.0;0.0;0.0;348.5632289896722;-0.003878124989569187;0.0021119425364304334;6.804866528511047;0.00769063769839704;0.1095703125
508;-1.0394096584087948;0.0;0.0;0.0;322.12716135872944;-0.005969072133302689;0.005968141555786133;6.810843515396118;0.012449851084966213;0.1744140625
509;-0.760850438668562;0.0;0.0;0.0;323.54368122889423;-0.011927642207592726;0.0032023767998907715;6.815768790245056;0.007443969883024692;0.1060546875
510;-0.9427374274652532;0.0;0.0;0.0;264.40973792185446;-0.005692416289821267;0.0026066789287142456;6.813212490081787;0.0094450460979715;0.1349609375
511;-0.9631134491109681;0.0;0.0;0.0;133.80940733555784;-0.003517302358523011;0.0026314828603062777;6.8138669490814205;0.0069767204113304615;0.0947265625
512;-1.3773406855386598;0.0;0.0;0.0;447.19480353705734;-0.00869395814370364;0.005553902592509985;6.817006373405457;0.009322405001148582;0.1146484375
513;-1.3145900277106937;0.0;0.0;0.0;205.3865296412815;-0.009141150955110788;0.012289676093496382;6.820029354095459;0.008251059625763446;0.116015625
514;-1.2955873942412304;0.0;0.0;0.0;385.5119409733913;-0.011251091351732611;0.005342952185310423;6.830639672279358;0.008889826107770204;0.13046875
515;-1.355126394119901;0.0;0.0;0.0;119.25657519785476;-0.008291891124099494;0.010588400019332766;6.833647775650024;0.011825754784513264;0.159375
516;-6.6670767853699955;0.0;0.0;0.0;318.81158175970154;-0.010959913348779082;0.005614590225741267;6.836588644981385;0.010968288511503489;0.1494140625
517;-1.5362780323678888;0.0;0.0;0.0;393.4395458219184;-0.011482110875658692;0.00515246766153723;6.836274862289429;0.009660277597140521;0.1361328125
518;-1.5077062393673764;0.0;0.0;0.0;142.04716267172375;-0.005276366136968136;0.0046817195252515376;6.838022661209107;0.0073144333204254505;0.097265625
519;-1.4965370866642884;0.0;0.0;0.0;98.27171117612409;-0.0100431659957394;0.0035109483171254395;6.844108128547669;0.00898299211403355;0.1220703125
520;-1.5117159452341982;0.0;0.0;0.0;112.25718261214462;-0.005981877679005265;0.003347837494220585;6.850658917427063;0.011838789714965969;0.1681640625
521;-2.052195731280265;0.0;0.0;0.0;392.98482589845173;-0.006557422038167715;0.0017835742444731295;6.8554116010665895;0.008747504919301718;0.10703125
522;-2.0463231324565068;0.0;0.0;0.0;99.26651448221087;-0.015661379136145116;0.0015722340089268983;6.8588783740997314;0.008382616855669767;0.1138671875
523;-1.2172980519655454;0.0;0.0;0.0;237.88939932946388;-0.004666692530736327;0.001186381810111925;6.864081478118896;0.008825689589139074;0.1263671875
524;-1.8171053334407699;0.0;0.0;0.0;95.32805723768693;-0.016752925980836154;0.002315360022475943;6.86861560344696;0.008207130467053503;0.102734375
525;-1.4782934957378526;0.0;0.0;0.0;114.86027269823192;-0.01335486031603068;0.0021839273511432113;6.870117449760437;0.009090229636058211;0.1173828125
526;-1.2947150786239037;0.0;0.0;0.0;94.98209298988041;-0.002389306388795376;0.0007646361016668379;6.872777891159058;0.008845354907680302;0.1259765625
527;-1.5478862603688517;0.0;0.0;0.0;98.61607455792726;-0.009922034991905092;0.0014275324472691863;6.870788717269898;0.006410289043560624;0.0861328125
528;-1.8319214673586863;0.0;0.0;0.0;120.23223818692024;-0.00607140134088695;0.0024727930896915494;6.867813086509704;0.009458907600492238;0.141015625
529;-1.329098067368571;0.0;0.0;0.0;120.93188246553774;-0.008569571655243635;0.0015765051124617458;6.867214822769165;0.00845582209294662;0.1201171875
530;-2.579975404493155;0.0;0.0;0.0;96.2949815197826;-0.018372286343947053;0.0024798114609438926;6.8742738485336305;0.010970717552118004;0.15546875
531;-2.650209829454962;0.0;0.0;0.0;62.18687529930076;-0.009046752471476793;0.0013498528162017465;6.883134961128235;0.00743881348753348;0.103125
532;-2.0017114042776303;0.0;0.0;0.0;359.2382370187422;-0.007911740662530064;0.0025702259852550926;6.888203692436218;0.008632941893301905;0.115625
533;-0.07254864383179453;0.0;0.0;0.0;289.2657594456207;-0.008472483884543181;0.001915075839497149;6.888219738006592;0.009371983457822353;0.1466796875
534;-1.6517030346604535;0.0;0.0;0.0;208.85435707334744;-0.004948551626875996;0.002434925618581474;6.8844390392303465;0.00787368039600551;0.10390625
535;-0.887596679633581;0.0;0.0;0.0;162.9161607495568;-0.014016039855778217;0.0028167341777589174;6.884281921386719;0.007244500087108463;0.0828125
536;-2.0618683830194904;0.0;0.0;0.0;149.4838617399819;-0.012684490857645869;0.0007869512483011931;6.888086271286011;0.0066161805181764064;0.09453125
537;-1.7452020770455896;0.0;0.0;0.0;253.8018078450875;-0.011637480277568103;0.0033441668783780187;6.892440509796143;0.00803346447646618;0.1177734375
538;-0.4353366332748505;0.0;0.0;0.0;174.4424592933149;-0.010503340186551214;0.001046289611258544;6.89684407711029;0.006275831302627921;0.07421875
539;-1.3675856868504959;0.0;0.0;0.0;91.63788685948705;-0.006031581200659275;0.001080804137745872;6.89842803478241;0.00878388948040083;0.130859375
540;-1.813640179451026;0.0;0.0;0.0;191.18511412629906;-0.012702937703579664;0.002470690855989233;6.903333139419556;0.008397280273493379;0.10234375
541;-1.0555946087025305;0.0;0.0;0.0;298.4507608549463;-0.006535765109583735;0.0018084127514157444;6.907180881500244;0.008328261016868056;0.1140625
542;-1.0622711346152593;0.0;0.0;0.0;158.70007882372923;-0.008046263479627669;0.0010890864534303546;6.913535213470459;0.007486789592076093;0.0998046875
543;-2.5237057643497534;0.0;0.0;0.0;138.0813022649668;-0.0039000573568046095;0.0034884137799963354;6.919555711746216;0.00658284209202975;0.0875
544;-1.77800517017534;0.0;0.0;0.0;311.268857408862;-0.012347273691557348;0.0028157448512502016;6.926124215126038;0.008903997030574828;0.13046875
545;-1.3492087489946367;0.0;0.0;0.0;330.20908346065664;-0.007038183137774467;0.005094864743296057;6.931489968299866;0.009349849005229772;0.137890625
546;-0.6378456943464513;0.0;0.0;0.0;244.1826599578399;-0.011228565219789743;0.0039746922557242215;6.938106536865234;0.00960310569498688;0.1447265625
547;1.1068879796387587;0.0;0.0;0.0;205.11525656809596;-0.001944197085686028;0.003406549076316878;6.943807578086853;0.006383398978505284;0.0876953125
548;5.967765353734011;1.0;0.31236672778188307;0.17710490354118358;381.2096946111234;-0.02018920108675957;0.0018498560006264598;6.944387817382813;0.008799851615913212;0.1138671875
549;-1.451737872893861;0.0;0.0;0.0;295.82441876029554;-0.01552549172192812;0.002408554294379428;6.9457038879394535;0.009887326892931014;0.1396484375
550;-1.4639342353193734;0.0;0.0;0.0;198.71235186567952;-0.013178485119715333;0.0034423008561134338;6.945285367965698;0.007086621923372149;0.099609375
551;-3.892590938599468;0.0;0.0;0.0;308.1053637370831;-0.017944545345380904;0.004192029754631221;6.945608711242675;0.008754058368504047;0.116796875
552;-2.028433853245162;0.0;0.0;0.0;265.93491789083373;-0.005329444259405136;0.0007411387749016285;6.956936073303223;0.0069851735490374265;0.0900390625
553;-1.5151562685404585;0.0;0.0;0.0;234.7843086593221;-0.008429626049473882;0.001704332564258948;6.963425469398499;0.010635446989908814;0.15
554;-3.402865250891224;0.0;0.0;0.0;30.540245250197447;-0.0012375563965179026;0.004991689976304769;6.970583844184875;0.008160247025080026;0.1083984375
555;-1.1537051190084453;0.0;0.0;0.0;197.75087945894924;-0.007446051388978958;0.003764742147177458;6.972011661529541;0.008715217444114387;0.126171875
556;-1.406471401416597;0.0;0.0;0.0;240.49028830886064;-0.0030056564603000878;0.005730389291420579;6.976090312004089;0.010809448745567352;0.1521484375
557;-1.6469816999469777;0.0;0.0;0.0;383.64890035165246;-0.0017008812166750431;0.005938909959513694;6.9736624479293825;0.005688341602217406;0.070703125
558;-0.9368354746406893;0.0;0.0;0.0;175.71502648470712;0.001182672381401062;0.001135427551344037;6.967473554611206;0.010025870183017104;0.140625
559;-1.77429929262715;0.0;0.0;0.0;380.9130929296212;-0.008274520374834537;0.002240248071029782;6.970275473594666;0.010818035749252886;0.151953125
560;-1.705012310074112;0.0;0.0;0.0;683.2709783167228;-0.011870417837053537;0.015189485717564821;6.977217698097229;0.008191072160843759;0.1203125
561;-0.014911510942803059;0.0;0.0;0.0;275.8445807270392;-0.017011638078838588;0.006809412932489068;6.9745585203170775;0.01085709745530039;0.151953125
562;-1.379328953091339;0.0;0.0;0.0;389.9412212919139;-0.0037344998447224496;0.002886002860032022;6.975187873840332;0.00848170374520123;0.116796875
563;-0.6857377489572289;0.0;0.0;0.0;433.59932454773394;-0.01272272695787251;0.0013968941435450687;6.975646209716797;0.006927597080357372;0.090234375
564;-0.5065480638769037;0.0;0.0;0.0;341.4270745630731;-0.017091941041871905;0.0005286122017423622;6.973862433433533;0.007867772364988923;0.115234375
565;-1.4696388627312813;0.0;0.0;0.0;392.9434777422995;-0.01683093570172787;0.0011348851781804114;6.97143394947052;0.01081867158645764;0.154296875
566;0.777671262666362;0.0;0.0;0.0;446.9673940883775;-0.007463631918653846;0.000986945297336206;6.970655226707459;0.008824994636233896;0.12734375
567;0.623625446367506;0.0;0.0;0.0;322.0756028871726;-0.005228034500032663;0.0011109162500360981;6.971917057037354;0.005800274875946343;0.0791015625
568;-5.179582400731019;0.0;0.0;0.0;473.78928283060213;-0.006921676173806191;0.001043436548206955;6.973161721229554;0.006783422932494431;0.079296875
569;5.802875879934492;1.0;0.47305385839812497;0.17084043679193117;226.96167895616964;-0.012476146966218949;0.006957338773645461;6.971912002563476;0.012144125439226628;0.1705078125
570;-1.1992856955488878;0.0;0.0;0.0;282.5337651638236;-0.011070868233218789;0.011182509316131472;6.970645070075989;0.01151873057242483;0.173046875
571;-15.890710690590401;0.0;0.0;0.0;233.83890561289013;-0.012024755333550274;0.004506202728953213;6.973481512069702;0.0127511907950975;0.1875
572;-1.1319589594927675;0.0;0.0;0.0;157.5250290049578;-0.011368063092231751;0.003987194946967065;6.972614049911499;0.008111861057113857;0.1125
573;0.9812073422780302;0.0;0.0;0.0;341.0891542201085;-0.016398113733157516;0.008943804167211055;6.97415566444397;0.01251578440424055;0.1904296875
574;-0.5375202308323613;0.0;0.0;0.0;213.47440147221437;-0.01149128011893481;0.010459885117597878;6.981590843200683;0.008503797010052948;0.1240234375
575;-1.2358615845723322;0.0;0.0;0.0;182.70538406807052;-0.013643410755321383;0.018608208652585743;6.989112496376038;0.006643233459908515;0.087890625
576;-0.3169069491066977;0.0;0.0;0.0;155.03371052589702;-0.009635708155110478;0.00818803538568318;6.9972820520401005;0.009384845534805208;0.137890625
577;0.6351563979283091;0.0;0.0;0.0;257.2272364166169;-0.014501113910228014;0.008899324131198228;7.002012586593628;0.01316029642475769;0.1802734375
578;0.6225478846521506;0.0;0.0;0.0;302.08053243921194;-0.0074345609871670605;0.011543264100328087;7.002805113792419;0.006151453603524715;0.0873046875
579;-1.2981106522434718;0.0;0.0;0.0;348.1977369438672;-0.007252167351543904;0.010072059091180563;7.006239295005798;0.008222210372332483;0.125390625
580;-1.1084914674924142;0.0;0.0;0.0;167.72884398046284;-0.007408722769469023;0.00475045939674601;7.009644484519958;0.00942822805372998;0.146875
581;-1.5600674345751318;0.0;0.0;0.0;164.20922748107802;-0.004419205617159605;0.007121213688515126;7.016972303390503;0.005165256839245558;0.04921875
582;-1.492885073737721;0.0;0.0;0.0;205.55037244434894;-0.010607706662267447;0.006094854790717363;7.0170159339904785;0.007336243952158839;0.0896484375
583;-1.5214706204839639;0.0;0.0;0.0;165.06914202490094;-0.014280670136213303;0.005410240846686065;7.017453360557556;0.010951960226520896;0.1533203125
584;0.037193314558634206;0.0;0.0;0.0;397.5555162691263;-0.00448613129556179;0.015814674133434892;7.017223286628723;0.011492092011030764;0.15859375
585;-0.7209769479555347;0.0;0.0;0.0;256.9553196443467;-0.00760259716771543;0.01665794146247208;7.022342157363892;0.008533308480400592;0.0984375
586;-0.5817920015899554;0.0;0.0;0.0;545.6305094286187;-0.007102919369935989;0.005353769066277892;7.029036283493042;0.00868477908661589;0.1158203125
587;0.8711270304861466;0.0;0.0;0.0;333.85936936273833;-0.010650605661794543;0.005368819576688111;7.034091758728027;0.008907535276375712;0.128515625
588;-1.1959782674091424;0.0;0.0;0.0;181.47005975250656;-0.013714807806536555;0.006962986406870186;7.0376320600509645;0.009228006238117814;0.13125
589;-0.9903796494171178;0.0;0.0;0.0;321.49355715214665;-0.0049962039105594155;0.005996991484425962;7.0436046600341795;0.009201620554085821;0.13125
590;0.23840515481037025;0.0;0.0;0.0;323.6152310611034;-0.02193111921660602;0.004199284029891714;7.043056654930115;0.010188616160303355;0.1228515625
591;-0.5342901304337654;0.0;0.0;0.0;219.29463960993493;-0.009625207632780075;0.0035468524903990327;7.04586169719696;0.005976309790275991;0.0775390625
592;0.1196069025354427;0.0;0.0;0.0;342.83134864910886;-0.008113195095211268;0.009194329520687461;7.048451781272888;0.007850625738501548;0.106640625
593;-5.679955650017804;0.0;0.0;0.0;325.81591210714504;-0.006578239053487778;0.0066533328499644995;7.052420020103455;0.007098347670398653;0.0943359375
594;-1.2581446488228365;0.0;0.0;0.0;543.8098183967276;-0.0153330834582448;0.009222092409618198;7.0578186988830565;0.007393941190093756;0.1044921875
595;-1.7291151661515025;0.0;0.0;0.0;459.91843632795155;-0.0013169610407203435;0.0011241469241213054;7.055118608474731;0.009421994292642922;0.1337890625
596;-1.122860984685153;0.0;0.0;0.0;210.75657036046192;-0.00352865569293499;0.0006928472052095458;7.0538938522338865;0.0052601112052798275;0.065625
597;-0.4532195266372047;0.0;0.0;0.0;231.62893737597187;-0.006242066342383623;0.002205515338573605;7.05133216381073;0.007609821890946477;0.1048828125
598;-0.35722627691682424;0.0;0.0;0.0;298.09353795499857;-0.0040336549282073975;0.001402466685976833;7.048044753074646;0.004011212941259145;0.040625
599;-2.4717139622957793;0.0;0.0;0.0;344.1532162133817;-0.01574093447998166;0.005485438706818968;7.048833751678467;0.011258745531085879;0.1681640625
600;-13.51823019783102;0.0;0.0;0.0;292.64148144048517;-0.0027297940105199814;0.008271273504942656;7.057836389541626;0.0073331117746420205;0.096484375
601;0.560343935667963;0.0;0.0;0.0;338.82754512716235;-0.01046919277869165;0.0072583350585773585;7.066065549850464;0.006950169277843088;0.0900390625
602;1.1886694751452656;0.0;0.0;0.0;265.2521155852106;-0.01332259678747505;0.007403286756016314;7.074521803855896;0.010180979978758841;0.1560546875
603;-1.4424743253728778;0.0;0.0;0.0;375.21126792848577;-0.013126446586102247;0.006410654913634062;7.078413629531861;0.008206003124359994;0.1119140625
604;0.9417865871558463;0.0;0.0;0.0;459.0323918844772;-0.011474055191501974;0.006466282811015844;7.078673267364502;0.011099634831771255;0.1546875
605;0.3893463759924009;0.0;0.0;0.0;390.9106953331712;-0.009705291967839003;0.005910176853649318;7.081524658203125;0.0095915126032196;0.129296875
606;0.9419118419336446;0.0;0.0;0.0;518.3218643624606;-0.012372473068535329;0.012516212183982134;7.083306431770325;0.00827197446487844;0.1060546875
607;-3.114344941135368;0.0;0.0;0.0;426.3860601250776;-0.015410896949470043;0.006206111190840602;7.086466860771179;0.00764846004312858;0.1021484375
608;-1.675093150076847;0.0;0.0;0.0;182.85156726726404;-0.013644873723387718;0.0017274239158723502;7.089676570892334;0.008327793783973903;0.1212890625
609;-5.872675716911339;0.0;0.0;0.0;214.79608447049583;-0.006508052628487348;0.0014795381925068797;7.0926062822341915;0.011117194755934178;0.14140625
610;-9.51776631391045;0.0;0.0;0.0;373.20152084042934;-0.012466481141746043;0.0021574026381131262;7.09648175239563;0.011097639880608768;0.159765625
611;-0.2350398876747372;0.0;0.0;0.0;317.54871163900765;-0.007929774187505245;0.0014293467858806253;7.098425126075744;0.00913036409765482;0.1283203125
612;1.5842450993131518;0.0;0.0;0.0;289.65639347804995;-0.011626990977674723;0.0006676371602225117;7.09920334815979;0.009239964233711363;0.1318359375
613;-1.702001916359383;0.0;0.0;0.0;150.9631969048152;-0.01736342553049326;0.0022375617292709647;7.1007609367370605;0.009645178634673356;0.1404296875
614;-0.300205104474669;0.0;0.0;0.0;342.4907160755441;-0.011864798748865724;0.0028791251941584052;7.103541612625122;0.011573671805672347;0.1669921875
615;-2.7818565717649366;0.0;0.0;0.0;492.67143165381725;-0.008279407164081931;0.001088310213526711;7.104837679862976;0.007946159911807627;0.10546875
616;-3.6002288280111494;0.0;0.0;0.0;83.60751521732726;-0.013351349905133248;0.0007227302645333112;7.110884308815002;0.006330821267329157;0.08515625
617;-7.58733755564483;0.0;0.0;0.0;161.07284971684987;-0.0085561060346663;0.007680946518667043;7.1217780113220215;0.008046595030464232;0.1091796875
618;-3.091687937911333;0.0;0.0;0.0;121.2051666021728;-0.010859620524570346;0.007922185445204377;7.129433369636535;0.012146917206700891;0.15625
619;-0.8555923868032296;0.0;0.0;0.0;446.52007662122287;-0.008259672299027443;0.0057384247658774255;7.1321337699890135;0.010049832169897854;0.1396484375
620;-7.063964722715135;0.0;0.0;0.0;28.451390918691096;-0.003508742549456656;0.002278927981387824;7.138722395896911;0.008385414560325443;0.1162109375
621;-0.44078211487788244;0.0;0.0;0.0;236.51773090392894;-0.011157228890806437;0.0013444967509713024;7.152933478355408;0.013205155858304351;0.1984375
622;-4.99401797949963;0.0;0.0;0.0;319.9157056360201;-0.011244844598695635;0.00937469971831888;7.157436943054199;0.00911469089332968;0.13984375
623;-13.326728414445867;0.0;0.0;0.0;411.8242648764661;-0.005483464524149895;0.0075810356764122845;7.157584023475647;0.008470947702880949;0.1234375
624;-2.556099570917931;0.0;0.0;0.0;255.88958185300456;-0.01729836091399193;0.007432762742973864;7.15807077884674;0.010041672713123262;0.1556640625
625;-13.21989422511635;0.0;0.0;0.0;1090.5158788170954;-0.010447999648749828;0.012919144472107291;7.15866494178772;0.007848365243989974;0.109375
626;-1.130309453793136;0.0;0.0;0.0;129.32749342668896;-0.019318175548687578;0.005888247629627585;7.165707278251648;0.009264245326630772;0.127734375
627;-7.192801407819951;0.0;0.0;0.0;11.16887848306047;-0.017405287781730294;0.005359989171847701;7.179300546646118;0.011248939286451787;0.1654296875
628;-0.5077829072395709;0.0;0.0;0.0;413.52975410684394;-0.000792106706649065;0.003945162007585168;7.1879950046539305;0.006117451388854533;0.0802734375
629;-2.0630372405222386;0.0;0.0;0.0;226.0091270442307;-0.01987866279669106;0.001634951843880117;7.193382978439331;0.009028755000326783;0.1283203125
630;-1.9118380649428266;0.0;0.0;0.0;159.56148908368664;-0.01020527295768261;0.018738774256780742;7.195376682281494;0.008106793323531748;0.1029296875
631;-1.2135508554027499;0.0;0.0;0.0;108.12813062453019;-0.01378930788487196;0.009134076558984816;7.197736692428589;0.008165575936436653;0.1025390625
632;-14.538103355737748;0.0;0.0;0.0;243.12308639463188;-0.006949773244559765;0.006259258603677154;7.194722437858582;0.007792257808614522;0.1056640625
633;-10.075572475299124;0.0;0.0;0.0;214.91188614904343;-0.006397147756069898;0.008972086338326335;7.196191382408142;0.010177789512090385;0.1283203125
634;-1.6160442812078462;0.0;0.0;0.0;254.18178330084595;-0.01165815033018589;0.003799886046908796;7.211733555793762;0.006528531538788229;0.0849609375
635;-2.888227474961308;0.0;0.0;0.0;142.7531986665438;-0.009660670347511769;0.0021273386373650283;7.227364706993103;0.007488086621742695;0.10703125
636;-1.225636814184402;0.0;0.0;0.0;384.79904949998235;-0.013050527893938124;0.003877037682104856;7.23460886478424;0.0088631764636375;0.112109375
637;-12.745645373438776;0.0;0.0;0.0;263.9813863261814;-0.01270255008712411;0.004233065724838525;7.236381244659424;0.010786943603307009;0.1447265625
638;-2.7136980580979317;0.0;0.0;0.0;133.91142711833876;-0.012804099870845676;0.004925303696654737;7.237175703048706;0.008364018553402275;0.1109375
639;1.0538080617730916;0.0;0.0;0.0;342.34859637657365;-0.00876334118656814;0.00482393242418766;7.235608768463135;0.005892562761437148;0.0755859375
640;0.08612180295529698;0.0;0.0;0.0;435.54094653645154;-0.009096943493932485;0.011243637325242162;7.236588621139527;0.008772736426908522;0.1234375
641;-2.8407712667491496;0.0;0.0;0.0;141.32150933915912;-0.01675577727146447;0.005764878005720675;7.237707805633545;0.012038515717722475;0.1736328125
642;-1.8975475010616185;0.0;0.0;0.0;123.81154280576203;-0.006584166083484888;0.0025601870263926687;7.238484454154968;0.00745506506646052;0.1013671875
643;-14.733511334774269;0.0;0.0;0.0;371.5324793217131;-0.014743664115667344;0.002088889485457912;7.240120100975036;0.010181927192024886;0.14375
644;-10.804820977922004;0.0;0.0;0.0;155.1681764326621;-0.013430915027856826;0.002372544590616599;7.245261693000794;0.009695729811210186;0.1287109375
645;-6.707157747941829;0.0;0.0;0.0;150.4368691056647;-0.011951235681772232;0.0008389705355511979;7.242643642425537;0.007357744756154716;0.110546875
646;-23.455423454666597;0.0;0.0;0.0;560.9021644784916;-0.006697322404943406;0.0012393444223562256;7.240799021720886;0.008241136255674065;0.1181640625
647;-1.795035241157846;0.0;0.0;0.0;184.72944122560773;-0.014199077803641557;0.0011631488130660727;7.244597673416138;0.01009830271359533;0.145703125
648;-1.9783636075378659;0.0;0.0;0.0;41.65398172794043;-0.009179491875693202;0.0019520422269124539;7.253793478012085;0.006528494693338871;0.0859375
649;-3.796075705496748;0.0;0.0;0.0;126.20076417659223;-0.02083538586739451;0.00191247797338292;7.259065794944763;0.009026184398680925;0.133203125
650;-2.9126503759914395;0.0;0.0;0.0;25.51760239337705;-0.0030453793704509737;0.0012854341825004668;7.260441422462463;0.005688464792910963;0.0638671875
651;-2.343944605646667;0.0;0.0;0.0;157.92175471847526;-0.006794544402509928;0.0020702022302430123;7.261310243606568;0.008136983693111688;0.1150390625
652;-1.3453202728696443;0.0;0.0;0.0;188.31674226779455;-0.0040539481677114965;0.0018375807150732726;7.261397480964661;0.007395730342250317;0.096484375
653;-2.1459202628730365;0.0;0.0;0.0;255.81973872746948;-0.01094822131562978;0.0010273213323671372;7.263112211227417;0.007801856996957212;0.1099609375
654;-3.6677173927188087;1.0;0.5792311845254203;0.38238069576533545;357.7699572695438;-0.008795684576034546;0.0011596316180657595;7.263149785995483;0.009509634284768254;0.1345703125
655;-13.827805130620327;0.0;0.0;0.0;425.42772307291546;-0.009607889456674457;0.001059325461392291;7.255698919296265;0.009308466291986405;0.1375
656;-0.944896950137989;0.0;0.0;0.0;237.40697869526892;-0.01066376599483192;0.003568400628864765;7.249551463127136;0.007809303246904165;0.11328125
657;-2.6363607970050635;0.0;0.0;0.0;26.507045634043816;-0.004190512862987816;0.0021377784782089294;7.24656081199646;0.005041293217800558;0.065625
658;-7.410669306511294;0.0;0.0;0.0;7.376426007416204;-0.012884115590713919;0.008434007037431001;7.244994711875916;0.009583145356737077;0.1333984375
659;-2.03070613078043;0.0;0.0;0.0;287.30255168829285;-0.008006490580737591;0.004242142732255161;7.245979452133179;0.008271054970100522;0.1197265625
660;-11.014679397420007;0.0;0.0;0.0;294.97717652348825;-0.00550046619027853;0.002943613799288869;7.2494813919067385;0.005030457116663456;0.06171875
661;-2.777104008942627;0.0;0.0;0.0;88.09806380152325;-0.012895580846816301;0.0030843702610582114;7.247108387947082;0.007082920253742487;0.10390625
662;-4.259671307257116;0.0;0.0;0.0;411.7473626614801;-0.0034126635640859605;0.0014066421455936507;7.246601533889771;0.006782475346699357;0.0923828125
663;-1.473178186962102;0.0;0.0;0.0;180.47304115720274;-0.010914706345647573;0.0028085380792617796;7.246807789802551;0.008369147684425116;0.1060546875
664;-0.6902982766418417;0.0;0.0;0.0;395.820315869098;-0.0038905172143131493;0.0016369483491871506;7.242925786972046;0.007172508165240288;0.0990234375
665;-2.9229611207066517;0.0;0.0;0.0;107.24257721956813;-0.020545973861590027;0.0017333781288471073;7.240084600448609;0.010717514401767403;0.1341796875
666;-1.0916599018066615;0.0;0.0;0.0;80.96040717582456;-0.013149342103861272;0.0007964123215060681;7.243964290618896;0.00782068253029138;0.106640625
667;0.3726236607417577;0.0;0.0;0.0;214.23578259399412;-0.025802258448675276;0.0004668139838031493;7.246517038345337;0.008488982659764588;0.12421875
668;-0.4685938768452771;0.0;0.0;0.0;258.3184034585686;-0.01735273078083992;0.0003400791305466555;7.252900099754333;0.010952956893015653;0.165234375
669;-1.4351117808866516;0.0;0.0;0.0;311.1073766927355;-0.011720568477176129;0.0014679784449981525;7.252786636352539;0.008869646594393998;0.13046875
670;0.9960271487852335;0.0;0.0;0.0;286.81219587804287;-0.008328529074788094;0.0020026493177283554;7.249981355667114;0.009102041099686176;0.1140625
671;-0.3189766997085731;0.0;0.0;0.0;250.89185307811587;-0.010687773488461972;0.0005121900248923339;7.242999935150147;0.007968934462405741;0.1091796875
672;0.15923246710927352;0.0;0.0;0.0;270.54895464522207;-0.01617940729483962;0.0006760735035641119;7.244054651260376;0.00792726877843961;0.111328125
673;0.22651816770038807;0.0;0.0;0.0;227.43416317341172;-0.014257601415738463;0.0008144757302943617;7.248073720932007;0.008319430181290954;0.1197265625
674;0.9541191088999661;0.0;0.0;0.0;254.50774127293576;-0.0097035211045295;0.001126603371812962;7.247438383102417;0.008085570763796568;0.1123046875
675;0.29073227420747233;0.0;0.0;0.0;152.1892063882823;-0.015538200922310352;0.0019546866533346474;7.241430926322937;0.010818076331634074;0.1400390625
676;0.13150893691857463;0.0;0.0;0.0;212.61598951773465;-0.011637170822359622;0.0018127872608602047;7.239468455314636;0.01014042777242139;0.130859375
677;0.12254036167609209;0.0;0.0;0.0;254.4396026972715;-0.011824654554948211;0.0015896267985226586;7.237975382804871;0.00934192092390731;0.1265625
678;-0.30054373304728194;0.0;0.0;0.0;224.7698348227812;0.0017710004933178425;0.003158102871384472;7.232164669036865;0.008647310570813716;0.1283203125
679;1.2538882910105134;0.0;0.0;0.0;198.80961399091018;-0.018276383727788927;0.0017043165396898984;7.225418210029602;0.00834942985093221;0.11796875
680;-2.4350567281751996;0.0;0.0;0.0;311.386586966477;-0.002750344481319189;0.0014293372456450014;7.2268494129180905;0.007824621151667089;0.109765625
681;1.7525447728492234;0.0;0.0;0.0;267.35231301516137;-0.001965079503133893;0.003441335342358798;7.2369790315628055;0.005760454095434397;0.061328125
682;1.195120674633034;0.0;0.0;0.0;385.51429413570895;-0.019214779790490865;0.0012945798400323838;7.246003985404968;0.011422503273934126;0.172265625
683;0.7842092609497546;0.0;0.0;0.0;460.32524583898504;-0.023398879915475845;0.0006766566730220802;7.248498034477234;0.0111905213794671;0.159765625
684;1.0860917247265698;0.0;0.0;0.0;292.4756835613381;-0.017178763495758177;0.0007153893850045279;7.25047755241394;0.00921825272962451;0.133984375
685;-2.502209754921336;0.0;0.0;0.0;314.6450441850199;-0.005010957596823573;0.0020289137260988354;7.253364682197571;0.005699271580670029;0.071484375
686;0.6734969649267089;0.0;0.0;0.0;357.8579787344733;-0.014197157509624959;0.0016389398311730473;7.25603494644165;0.010544830095022916;0.1537109375
687;-4.983563830741011;0.0;0.0;0.0;264.5918624326274;-0.01995421154424548;0.0029043542919680474;7.256154537200928;0.00801455918699503;0.113671875
688;0.3439433522140236;0.0;0.0;0.0;259.85946531960263;-0.0036592759657651185;0.0009577233286108822;7.256690216064453;0.0089478078763932;0.1302734375
689;0.2820934501737745;0.0;0.0;0.0;348.73473638182907;-0.004757071379572153;0.0006671699607977644;7.262258243560791;0.007354429608676582;0.104296875
690;-6.2245942249307635;0.0;0.0;0.0;224.0464791723479;-0.013311121985316277;0.0010160706820897757;7.26046199798584;0.008958978881128132;0.1296875
691;-1.1661432663151534;0.0;0.0;0.0;243.72896419780903;-0.011272153072059154;0.0004911514726700262;7.253859496116638;0.00967089410405606;0.133203125
692;-14.43045424521009;0.0;0.0;0.0;425.9163865663375;-0.0033961774432100357;0.0005491191433975473;7.252335143089295;0.008336937858257443;0.1228515625
693;-2.573221288262142;0.0;0.0;0.0;290.15425673208057;-0.0036073531024158;0.0008358478255104274;7.254773831367492;0.005262825777754188;0.0658203125
694;0.9867869110757813;0.0;0.0;0.0;339.9893780900725;-0.007516224123537541;0.0012377932667732238;7.254358243942261;0.004868727433495224;0.0576171875
695;1.2750402260312588;0.0;0.0;0.0;287.5131940147276;-0.007619811757467687;0.0027224066318012772;7.255326604843139;0.007842672476544976;0.1025390625
696;0.5375127618080758;0.0;0.0;0.0;231.12074663744826;-0.005046867905184627;0.0023304546426516025;7.2588334560394285;0.011108228366356342;0.1626953125
697;-0.4735064179114065;0.0;0.0;0.0;320.38632198966036;-0.017389770736917852;0.001265876740217209;7.257498931884766;0.009348161483649165;0.1265625
698;-0.12162301336141529;0.0;0.0;0.0;283.9320151952709;-0.013664308283478022;0.0007237006793729961;7.247111082077026;0.012239633011631668;0.1654296875
699;-3.520481574339372;0.0;0.0;0.0;269.98137441746206;-0.0011203985079191626;0.0007920248724985867;7.243585181236267;0.008105472335591913;0.1087890625
700;-1.5596651947122857;0.0;0.0;0.0;219.24503230746097;-0.008762881206348539;0.000573177236947231;7.247704267501831;0.007992690999526531;0.1138671875
701;-7.4889316494880624;0.0;0.0;0.0;331.12752310369586;-0.002273859176784754;0.0042734146467410025;7.245015239715576;0.008810322836507112;0.1232421875
702;-2.3135512899847486;0.0;0.0;0.0;143.3842270180316;-0.009251532796770334;0.0008768123661866412;7.2457427978515625;0.012421116279438139;0.17421875
703;0.90505291166101;0.0;0.0;0.0;251.42564967517185;-0.012664180505089462;0.0005638266418827697;7.247483444213867;0.0095208159647882;0.1384765625
704;0.28399491025336143;0.0;0.0;0.0;239.16597225469067;-0.0068842855282127855;0.00039112897793529554;7.254142022132873;0.01153793417615816;0.1638671875
705;-4.203134375804671;0.0;0.0;0.0;325.1286911438608;-0.010142907034605742;0.000569985486799851;7.253930282592774;0.009091014636214822;0.125
706;-0.9062660225234357;0.0;0.0;0.0;377.7508279535571;-0.0020559232216328382;0.0006241409748326987;7.251321530342102;0.008817617606837302;0.133984375
707;-0.08150395777694538;0.0;0.0;0.0;154.8482347235894;-0.00013366793282330037;0.0007833884679712355;7.251342153549194;0.006969391461461782;0.099609375
708;-5.451856183294347;0.0;0.0;0.0;351.85231786992296;-0.01922256899997592;0.0008928587252739817;7.254302930831909;0.008955395105294884;0.1337890625
709;0.623769225418989;0.0;0.0;0.0;117.53622911792775;-0.006951979594305158;0.002042235154658556;7.254322934150696;0.006512727204244584;0.0880859375
710;-5.571611521292253;0.0;0.0;0.0;178.4113845313306;-0.010786140151321889;0.009170976467430592;7.255453419685364;0.004435676534194499;0.04921875
711;-3.7158112577969193;0.0;0.0;0.0;303.5441584862225;-0.013701560068875551;0.0015456699737114831;7.260556983947754;0.006032336154021323;0.0791015625
712;-0.02589814663747942;0.0;0.0;0.0;227.40760564484708;-0.006392634613439441;0.0012575738568557427;7.271786379814148;0.006672998087015003;0.09296875
713;-0.37092389282279775;0.0;0.0;0.0;434.6473143777772;-0.01574199178721756;0.0012110568321077153;7.278440976142884;0.006878270942252129;0.0916015625
714;-0.3447707938411905;0.0;0.0;0.0;258.6654741775278;-0.018373733572661876;0.0013852391799446194;7.282800722122192;0.008151745703071357;0.1169921875
715;-4.580797947148606;0.0;0.0;0.0;357.79717528913216;-0.019270925782620907;0.00041342916374560447;7.279654431343078;0.012265185953583568;0.18359375
716;-0.5387138492753976;0.0;0.0;0.0;287.24017988488595;-0.02131411014124751;0.0003928010759409517;7.277750778198242;0.009956035332288593;0.14609375
717;0.23320849427349077;0.0;0.0;0.0;246.63491020203304;-0.011051336955279111;0.0005570142326178029;7.281118488311767;0.00912094754166901;0.1375
718;-8.57859767558012;0.0;0.0;0.0;336.68021753681444;-0.010682883998379111;0.0005941287105088122;7.2866524934768675;0.00856610027840361;0.1228515625
719;-1.346866804830663;0.0;0.0;0.0;350.9435423069917;-0.012926898803561926;0.0009681027295300737;7.294046854972839;0.008804930024780333;0.130859375
720;-2.001143303622921;0.0;0.0;0.0;291.8763636348192;-0.007570545002818107;0.0008789011131739244;7.296281433105468;0.004529638576786965;0.0546875
721;-0.12103830446151922;0.0;0.0;0.0;244.977419723162;-0.011499636457301676;0.0006738869851687923;7.300687527656555;0.009770228492561728;0.1392578125
722;-3.1390687460720663;0.0;0.0;0.0;217.86288910402416;-0.012918008281849325;0.0008136495162034407;7.305436635017395;0.011752379313111305;0.1662109375
723;-0.7205889647306718;0.0;0.0;0.0;205.921651188801;-0.01650702618062496;0.0007917914452264085;7.308971929550171;0.00987386570777744;0.1390625
724;-2.533422881720505;0.0;0.0;0.0;301.0270388393263;-0.014499988127499818;0.0014864874945487827;7.311325407028198;0.008517469407524913;0.11328125
725;-2.1334528439779303;0.0;0.0;0.0;392.9931494925889;-0.016090431716293097;0.000637241403455846;7.3061141729354855;0.009001591731794179;0.1314453125
726;-0.039354023626627224;0.0;0.0;0.0;315.34653115291195;-0.0056663332507014275;0.0006733382761012763;7.302717900276184;0.007823045225813985;0.116015625
727;-0.9693047469413358;0.0;0.0;0.0;167.10865820827559;-0.007845528749749064;0.000670565564360004;7.306375479698181;0.008974099939223379;0.121875
728;-8.914061229745105;0.0;0.0;0.0;419.216118634481;-0.012391510885208845;0.00047346824576379733;7.31095712184906;0.01063995382282883;0.151171875
729;0.32397695379213576;0.0;0.0;0.0;148.26066724596853;-0.011086395545862614;0.0005505210094270297;7.315799069404602;0.00667710587149486;0.0865234375
730;-25.56263792803342;0.0;0.0;0.0;322.6230624948128;-0.01388082541525364;0.00040865203336579723;7.322622537612915;0.007434693886898458;0.10546875
731;1.051612699872705;0.0;0.0;0.0;229.66669762820504;-0.015340190101414918;0.0005838622542796657;7.3290187358856205;0.007128748716786504;0.0962890625
732;0.7787674865034464;0.0;0.0;0.0;235.97557583722667;-0.016976752365007997;0.0018269067048095166;7.333509373664856;0.009771480201743543;0.1482421875
733;0.6814305093321753;0.0;0.0;0.0;143.48904935367952;-0.009068763814866543;0.0024631269625388086;7.336854767799378;0.005024032539222389;0.0578125
734;-11.455877901027756;0.0;0.0;0.0;388.77160025727756;-0.005467354645952582;0.001196037293993868;7.3424925088882445;0.007719577266834676;0.106640625
735;-12.492580665935943;0.0;0.0;0.0;169.63859434265572;-0.017367690894752742;0.0011030202556867152;7.347776222229004;0.010470377514138818;0.15234375
736;-0.28118124888775325;0.0;0.0;0.0;198.04687822463904;-0.007988231815397739;0.0009911746717989444;7.350028467178345;0.00790459696436301;0.10859375
737;-18.489188231812854;0.0;0.0;0.0;331.09145399239856;-0.012073657615110278;0.0014135823876131326;7.352457427978516;0.009695595048833638;0.14296875
738;0.9213904566834288;0.0;0.0;0.0;151.16841630932066;-0.020604896917939187;0.001893477072007954;7.354521346092224;0.010099843121133744;0.14609375
739;-12.769280717274542;0.0;0.0;0.0;152.92538297932106;-0.0015318785095587372;0.0009640906791901216;7.350748872756958;0.00636577244149521;0.08671875
740;-2.219686542995467;0.0;0.0;0.0;201.981876830869;-0.01547989370301366;0.0006754970265319571;7.350750803947449;0.007037143723573535;0.0994140625
741;0.09920454093805874;0.0;0.0;0.0;185.13361366795718;-0.011970664467662573;0.0005454759142594412;7.356974029541016;0.007900246558710933;0.105859375
742;-2.08793137278519;0.0;0.0;0.0;220.46931908378974;-0.011807166878134013;0.0005623483506496995;7.358431148529053;0.00939142913557589;0.1205078125
743;-1.1098577170682193;0.0;0.0;0.0;96.18382208833934;-0.011326065380126238;0.001609773247037083;7.35843677520752;0.006626552774105221;0.0880859375
744;-6.831777174332556;0.0;0.0;0.0;315.59976888507856;-0.006134983245283365;0.000803975114831701;7.36217770576477;0.009380348375998437;0.1314453125
745;-0.02570192802557015;0.0;0.0;0.0;100.02040554559753;-0.014956892561167478;0.0016341435577487573;7.36316020488739;0.012891732039861381;0.18125
746;-0.21607181719790325;0.0;0.0;0.0;233.015205467034;-0.012890928611159324;0.0013541955791879444;7.368599796295166;0.006100269558373839;0.0771484375
747;-0.6314589915514159;0.0;0.0;0.0;300.1398695322721;-0.006830262974835933;0.0014430055976845323;7.373271775245667;0.009201933653093875;0.13046875
748;-0.5339610989011698;0.0;0.0;0.0;353.3361992720647;-0.0072617460507899525;0.0009630663378629833;7.3724019765853885;0.009735530707985163;0.1353515625
749;0.8812141093169298;0.0;0.0;0.0;206.67965581713602;-0.015330736106261612;0.001460557570680976;7.373689436912537;0.011380259902216494;0.1544921875
750;-1.9402505520680042;0.0;0.0;0.0;287.85182135583307;-0.012776376632973551;0.0017734499473590405;7.377019000053406;0.007654320623259991;0.103125
751;0.047631401435709424;0.0;0.0;0.0;411.50155695532624;-0.017268093768507242;0.0012977566395420582;7.378905963897705;0.00841941733378917;0.1234375
752;-18.07144572440444;0.0;0.0;0.0;356.0054124708864;-0.015914194379001857;0.0014567586302291601;7.380768489837647;0.007640478643588721;0.09921875
753;-2.418913781400648;0.0;0.0;0.0;224.66193508619997;-0.011830558115616441;0.0014569180144462734;7.377009034156799;0.009189248853363096;0.123828125
754;1.2891939409665611;0.0;0.0;0.0;238.3624674040636;-0.015435620956122876;0.005465052253566682;7.376338768005371;0.00846326625905931;0.119140625
755;1.3072011846741833;0.0;0.0;0.0;186.99212011072956;-0.014318393496796488;0.004286749468883499;7.3789726257324215;0.006901309778913856;0.0876953125
756;-0.693708743313051;0.0;0.0;0.0;259.3365231921309;-0.015976600628346205;0.0014626384188886731;7.381463980674743;0.012787621619645506;0.165625
757;-0.0007918230294261907;0.0;0.0;0.0;140.2549956391568;-0.014009778248146176;0.0014137850754195823;7.382437324523925;0.01185660664923489;0.1359375
758;1.0513411151564878;0.0;0.0;0.0;155.68944867567072;-0.0032059088815003635;0.0014877426205202938;7.3843618631362915;0.008129695884417743;0.11015625
759;-2.9921853650449513;0.0;0.0;0.0;326.78944713765435;-0.019220520462840795;0.001145842272671871;7.384819483757019;0.008586142142303289;0.1134765625
760;1.0047228112788946;0.0;0.0;0.0;203.7834074884352;-0.006312533596064896;0.001427934895036742;7.382436895370484;0.005749013379681855;0.0693359375
761;0.23553100772935479;0.0;0.0;0.0;419.97522530825603;-0.014476115629076958;0.0005984170391457155;7.382538366317749;0.006194270867854357;0.0828125
762;-2.2701585997835774;0.0;0.0;0.0;153.79945697413794;-0.01699231918901205;0.0012307283439440652;7.385029888153076;0.010055619908962398;0.1560546875
763;-0.5277487647683876;0.0;0.0;0.0;132.6231008815591;-0.00987774869427085;0.0021986157342325898;7.385303664207458;0.00847627870971337;0.1107421875
764;-0.6448306810384049;0.0;0.0;0.0;304.99822864041874;-0.009693127777427434;0.0031979220861103387;7.380537796020508;0.009070454642642289;0.1080078125
765;-1.290905734383018;0.0;0.0;0.0;274.49487058825;-0.012882682215422391;0.0014630261197453366;7.380978918075561;0.006130374793428928;0.08828125
766;-2.4274413947005513;0.0;0.0;0.0;159.7943481389607;-0.010361663484945893;0.0017515533079858869;7.3887111902236935;0.010290589183568954;0.136328125
767;-0.5703052804180765;0.0;0.0;0.0;139.45903424506906;-0.007740570022724569;0.05819354818668217;7.393057179450989;0.00889266183366999;0.1248046875
768;0.37286888020000836;0.0;0.0;0.0;122.37449689638217;-0.005324630858376622;0.0007547947025159374;7.398077821731567;0.011068000853993;0.158203125
769;-10.512690128244484;0.0;0.0;0.0;205.2951986387113;-0.011330679175443947;0.0004903863198705948;7.401727390289307;0.007908141263760627;0.1119140625
770;-3.270912856836783;0.0;0.0;0.0;118.56224982867377;-0.008027187502011656;0.0005524813386728056;7.404091310501099;0.007818325178232045;0.103125
771;-0.5609162553318681;0.0;0.0;0.0;266.6596555927699;-0.015900251735001803;0.0015186099335551262;7.403174614906311;0.007617645105347038;0.1091796875
772;0.4479958990912525;0.0;0.0;0.0;133.4964113050927;-0.006291373819112778;0.001214280049316585;7.396388030052185;0.009030295012053102;0.133203125
773;-6.372144817610927;0.0;0.0;0.0;145.53390163347072;-0.015127630578354001;0.0012799996271496638;7.389369511604309;0.009136120812036097;0.1279296875
774;0.35248461611319276;0.0;0.0;0.0;159.5285714615933;-0.016718948632478713;0.0015914545161649584;7.3870107412338255;0.008955887600313872;0.1193359375
775;0.19690671779119082;0.0;0.0;0.0;80.22047696206033;-0.013551157945767046;0.0005818968696985394;7.393142819404602;0.008412606734782457;0.1197265625
776;-0.7820285819656699;0.0;0.0;0.0;279.9025558714017;-0.012820965098217129;0.001353210213710554;7.397372150421143;0.008664124319329858;0.123046875
777;-0.07168629583543702;0.0;0.0;0.0;140.2635774934943;-0.024877518927678467;0.001334049494471401;7.39624674320221;0.008838013221975416;0.119921875
778;-25.72621022011733;0.0;0.0;0.0;282.5030604249035;-0.01309356912970543;0.0016296695917844771;7.392549800872803;0.0098588643129915;0.133984375
779;-9.988159696149635;0.0;0.0;0.0;315.11618781160666;-0.012997902231290936;0.0011537427111761645;7.390084576606751;0.006997140997555107;0.09609375
780;-1.1281250865956087;0.0;0.0;0.0;275.764121531345;-0.011375375231727958;0.004686941194813698;7.388058304786682;0.00717500519240275;0.0986328125
781;-3.403447193700698;0.0;0.0;0.0;159.3590836638103;-0.0027151572052389384;0.004231482732575387;7.386799311637878;0.008396855881437659;0.114453125
782;-2.085256404257751;0.0;0.0;0.0;195.69142878477626;-0.0007109506987035275;0.002347161923535168;7.383891749382019;0.005380809237249195;0.066015625
783;-1.2767414032092275;0.0;0.0;0.0;93.42003567782874;-0.013559944462031126;0.0013673497829586267;7.3824618577957155;0.00794543100055307;0.110546875
784;-0.0846841239516598;0.0;0.0;0.0;144.53867961902984;-0.013638861873187125;0.0016139124752953648;7.385784482955932;0.009245740331243724;0.12578125
785;-16.11041902642165;0.0;0.0;0.0;298.17355717152975;-0.011770068993791937;0.0023255387495737523;7.385182857513428;0.007131985167507082;0.093359375
786;-0.07222810569603187;0.0;0.0;0.0;124.50026663552772;-0.010367240058258176;0.0030921545636374503;7.386957693099975;0.007644669222645462;0.101171875
787;-0.1445211755129398;0.0;0.0;0.0;162.90049624378085;-0.005056449538096785;0.003814121673349291;7.394082236289978;0.011675503582227974;0.1587890625
788;-2.378525968788482;0.0;0.0;0.0;269.0815027527192;-0.0022449420066550374;0.017794998036697506;7.403246545791626;0.009281437273602932;0.130859375
789;-8.959795143167671;0.0;0.0;0.0;188.45789239560642;-0.007835566345602275;0.007900703046470881;7.407846713066101;0.009390811529010534;0.1337890625
790;0.036175330755052484;0.0;0.0;0.0;195.68219795334122;-0.012226440571248531;0.005283096618950367;7.411102342605591;0.010874506435357034;0.151171875
791;-1.9051664693536179;0.0;0.0;0.0;170.9910382193575;-0.0035907554905861617;0.0028340281685814263;7.412006497383118;0.00709289429942146;0.0962890625
792;0.09979158442296698;0.0;0.0;0.0;266.2240484533985;-0.006163968285545707;0.004491178563330323;7.411633706092834;0.006593535654246807;0.0908203125
793;-0.39898989364045717;0.0;0.0;0.0;353.06217993191115;-0.003325603995472193;0.0014013389183674008;7.414762997627259;0.007834280561655759;0.1119140625
794;-0.2917549538254363;0.0;0.0;0.0;320.47656616519396;-0.009349434822797775;0.0015773042512591928;7.417774558067322;0.010784970701206476;0.159765625
795;-0.5808612801281804;0.0;0.0;0.0;106.69650132888802;-0.006476459838449955;0.0011733626568457111;7.421369862556458;0.0102909050649032;0.1458984375
796;-0.11862833706066486;0.0;0.0;0.0;306.956779054608;-0.013457497628405691;0.0014759800629690289;7.4260042905807495;0.009160363872069865;0.1298828125
797;-4.71371804468439;0.0;0.0;0.0;319.1368604848421;-0.008709604572504758;0.03717981864465401;7.431333041191101;0.012752164958510549;0.15703125
798;-0.17944984654559132;0.0;0.0;0.0;310.7162864988922;-0.008902986440807581;0.0022775339835789054;7.429845929145813;0.007330764108337462;0.09921875
799;-1.692013745682353;0.0;0.0;0.0;368.2375770916531;-0.013207353372126817;0.0005989523851894774;7.433171319961548;0.008426891290582716;0.11015625
800;0.8384564776675072;0.0;0.0;0.0;202.84711876951235;-0.014528510719537735;0.0006252618535654619;7.435165667533875;0.009303071000613273;0.143359375
801;0.8927242883584807;0.0;0.0;0.0;167.22685693301673;-0.007550524012185633;0.001255688737728633;7.437610101699829;0.0078469499014318;0.1046875
802;-0.595978607039117;0.0;0.0;0.0;403.3367273500612;-0.010155827808193862;0.000979540855041705;7.443342494964599;0.008168855775147676;0.117578125
803;-3.958915869727123;0.0;0.0;0.0;347.33587517017094;-0.012939219735562802;0.0009211486350977794;7.442128348350525;0.010363828740082681;0.1544921875
804;-1.2863940388394561;0.0;0.0;0.0;399.23174708503205;-0.004452391481027007;0.00053796340507688;7.441889786720276;0.007409583334811032;0.1021484375
805;0.8035232129646348;0.0;0.0;0.0;177.32701324355554;-0.014225517585873603;0.0006341445056023076;7.4456154108047485;0.011095922160893678;0.15625
806;-1.319007400425088;0.0;0.0;0.0;269.45490985586827;-0.010065171774476767;0.000990847876528278;7.448107886314392;0.008117827191017567;0.1173828125
807;-3.0617909013126803;0.0;0.0;0.0;398.0979075458014;-0.007603177818236872;0.0028368617873638867;7.443567109107971;0.009400635596830399;0.127734375
808;-15.251917953047489;0.0;0.0;0.0;342.94908294120376;-0.007306955242529512;0.0012031096674036234;7.438999629020691;0.010264795855619013;0.1390625
809;-1.015850591695819;0.0;0.0;0.0;212.81194201360825;-0.00925796632654965;0.002038958913180977;7.437501120567322;0.007653322827536613;0.095703125
810;-7.050907181684141;0.0;0.0;0.0;268.43962835192275;-0.012907031318172812;0.0018587036000099033;7.4412658452987674;0.008407734089996666;0.1201171875
811;-0.8490950925792706;0.0;0.0;0.0;218.22400929743105;-0.008757639909163117;0.003136708022793755;7.441988706588745;0.008318869851063938;0.1138671875
812;1.2515737355418541;0.0;0.0;0.0;168.89056302858265;-0.012177956430241466;0.006912672834005207;7.451230096817016;0.011530276795383543;0.1486328125
813;-9.488675838829169;0.0;0.0;0.0;249.77083100803117;-0.0058342844247817995;0.006580983544699848;7.463727688789367;0.007538256817497313;0.108203125
814;-0.7458643333056039;0.0;0.0;0.0;364.3316039183523;-0.008226323779672385;0.0021998706040903928;7.464497542381286;0.0074467595550231636;0.0962890625
815;-0.3111505196080108;0.0;0.0;0.0;328.31895158445195;-0.012925856839865446;0.005364337947685272;7.459811019897461;0.008319736062549054;0.1109375
816;-0.34400009926651476;0.0;0.0;0.0;292.4774689764051;-0.01790700010024011;0.0007624308374943212;7.461566162109375;0.010628933913540094;0.159765625
817;-0.6923354527234226;0.0;0.0;0.0;320.63780598291623;-0.015201175026595593;0.0009657843154855072;7.461685585975647;0.010169125045649707;0.1486328125
818;-2.778884061296357;0.0;0.0;0.0;328.25383567525716;-0.00912020900286734;0.0005995712650474161;7.458833909034729;0.007590786251239478;0.1033203125
819;-3.057055965787512;0.0;0.0;0.0;336.2069566711645;-0.006501688342541456;0.0004092832954484038;7.457629013061523;0.00930712727131322;0.1357421875
820;-8.640099505371682;0.0;0.0;0.0;407.84935352803393;-0.009250624664127826;0.0003990218436229043;7.460418438911438;0.007333056500647217;0.0990234375
821;0.44298105686852063;0.0;0.0;0.0;239.03514798484076;-0.014086196455173195;0.0008845250617014244;7.458879184722901;0.009693649958353489;0.1384765625
822;-11.64678318628583;0.0;0.0;0.0;623.6201346277219;-0.010289749875664712;0.0022669399972073735;7.461286520957946;0.005490299756638705;0.068359375
823;-11.230520609601243;0.0;0.0;0.0;699.4595478636176;-0.0067701662424951795;0.0029558478854596615;7.468418526649475;0.009990404627751559;0.137109375
824;-9.454700568889908;0.0;0.0;0.0;287.6215459140069;-0.01612823992036283;0.0015110605658264832;7.472730660438538;0.007656176341697574;0.098828125
825;0.7759532506698034;0.0;0.0;0.0;246.32085420817418;-0.013599741738289595;0.0008612127567175776;7.47553768157959;0.009654126199893653;0.1357421875
826;-0.29990746489683096;0.0;0.0;0.0;150.7869116684481;-0.01950207520276308;0.001071430669981055;7.478595948219299;0.008700501499697566;0.1208984375
827;-0.011427798049918142;0.0;0.0;0.0;258.6544104663934;-0.00946447318419814;0.0019402377074584365;7.485229253768921;0.00737229740479961;0.0982421875
828;-0.0802946660599799;0.0;0.0;0.0;249.66321781608792;-0.01715238471515477;0.002228477323660627;7.482820010185241;0.011241695703938603;0.146875
829;-0.7415090313278174;0.0;0.0;0.0;272.53735118552333;-0.015378296375274658;0.006437737913802266;7.477973294258118;0.009771916549652815;0.1416015625
830;-1.1974565207911543;0.0;0.0;0.0;491.44369130227557;-0.005730967782437801;0.0010836932226084173;7.47605721950531;0.009632349212188274;0.133984375
831;-4.5250597023766;0.0;0.0;0.0;455.7279802204199;-0.013062958884984256;0.004005840688478202;7.466326594352722;0.010187560028862208;0.1482421875
832;-0.9397118655876;0.0;0.0;0.0;196.42209467026564;-0.013327372074127198;0.01915902178734541;7.467713713645935;0.007276570773683488;0.1009765625
833;-1.0949833342864883;0.0;0.0;0.0;362.740237662257;-0.007337815780192614;0.005130870011635124;7.473096132278442;0.012010243278928101;0.1716796875
834;-0.9109519230096268;0.0;0.0;0.0;197.8783171382153;-0.006537495041266083;0.004097961110528558;7.474524116516113;0.007709584315307438;0.109375
835;-0.49968374699095763;0.0;0.0;0.0;493.80945022581403;-0.013921361789107323;0.004945090308319777;7.474246597290039;0.010361490468494595;0.1326171875
836;-2.8228985873157812;0.0;0.0;0.0;327.9633245070972;-0.015933453943580388;0.0025551651895511897;7.474987030029297;0.007741395442280918;0.1041015625
837;1.1293854880457954;0.0;0.0;0.0;280.64620708816193;-0.013845139276236295;0.0013660738128237425;7.476779270172119;0.007535973121412099;0.098828125
838;-3.0216014426525817;0.0;0.0;0.0;381.1710079186471;-0.003675540862604976;0.000682797614717856;7.482053685188293;0.004611445439513773;0.0521484375
839;-0.7727479421723746;0.0;0.0;0.0;343.15199990949515;-0.006236522039398551;0.0014452413626713679;7.482415127754211;0.008200073160696774;0.112109375
840;0.30082114643595953;0.0;0.0;0.0;353.82336141521023;-0.00653149988502264;0.0017935046926140785;7.483295178413391;0.007181554660201072;0.0869140625
841;1.2033592925146783;0.0;0.0;0.0;354.247087385208;-0.008381303586065769;0.000702519019250758;7.486786484718323;0.01008336297236383;0.1337890625
842;-2.2076076306573382;0.0;0.0;0.0;372.93084715657494;-0.012167047429829835;0.0008817193185677752;7.491604685783386;0.00722493992652744;0.1037109375
843;-0.4067015717772343;0.0;0.0;0.0;279.3560470608404;-0.01525269509293139;0.0046804385958239434;7.495400762557983;0.008408081473316998;0.11953125
844;-1.1269177506834571;0.0;0.0;0.0;419.4411152470774;-0.005585597967728973;0.006583158602006733;7.495439052581787;0.008734239335171878;0.1244140625
845;0.33589502263476945;0.0;0.0;0.0;667.5856227804343;-0.007839443953707814;0.003825254493858665;7.493836283683777;0.010416213667485862;0.1552734375
846;0.47271199473708536;0.0;0.0;0.0;276.061069992656;-0.006182178435847163;0.0021585611277259885;7.489171838760376;0.008889099990483373;0.11953125
847;3.74238340666292;1.0;0.5844439626894314;0.3196980168301809;285.7811717445384;-0.009869484836235643;0.0019687445368617774;7.484239721298218;0.0072039605118334295;0.104296875
848;0.42554023361671833;0.0;0.0;0.0;517.004671722127;-0.010047747194766999;0.005407292069867254;7.488694357872009;0.009314287139568478;0.1259765625
849;6.856958284909581;1.0;0.7485277843447179;0.589910512667039;194.66857329470523;-0.0032732861116528513;0.0018617916473885998;7.496499991416931;0.0055601499625481665;0.071484375
850;0.1455218465128917;0.0;0.0;0.0;703.7391591359656;-0.008993368921801448;0.001428396368282847;7.505459976196289;0.010071551357395948;0.142578125
851;-9.393593157380108;0.0;0.0;0.0;722.5606145227672;-0.011764872167259455;0.0015398513933178037;7.5036462306976315;0.005391245987266302;0.06953125
852;0.8094073018753993;0.0;0.0;0.0;412.60712360555607;-0.011270684469491244;0.0020340399001725017;7.497494077682495;0.008845594828017056;0.1203125
853;1.7027901456875796;0.0;0.0;0.0;308.2615224042735;-0.008802347350865602;0.0029003463685512544;7.496398663520813;0.008617656782735138;0.1263671875
854;-4.255071083136747;0.0;0.0;0.0;619.1448392684853;-0.0026578509248793127;0.013407217618077994;7.495467686653138;0.0060279423138126734;0.0673828125
855;0.7239506896381009;0.0;0.0;0.0;585.0586296804623;-0.011081506870687008;0.007609137799590826;7.500174117088318;0.00910069114761427;0.1099609375
856;-5.617586819107501;0.0;0.0;0.0;901.5980686176877;-0.014845308056101203;0.012642565602436661;7.503719925880432;0.007238321693148464;0.084765625
857;-2.0907291602426463;0.0;0.0;0.0;477.00394422569997;-0.006915247859433293;0.01008129499386996;7.509768438339234;0.00724330972880125;0.1068359375
858;-0.029597181928265215;1.0;0.5569762682373623;0.26549133063229047;357.42853089208495;-0.02140120235271752;0.005007351934909821;7.510001158714294;0.01083441028604284;0.1525390625
859;-1.139869105569954;0.0;0.0;0.0;571.4634269970459;-0.012120806518942118;0.004245182150043547;7.513284683227539;0.010193493601400405;0.1513671875
860;-1.2472539083100043;0.0;0.0;0.0;860.0300577068199;-0.0040186518803238865;0.002267483196919784;7.509398484230042;0.008162900770548731;0.1166015625
861;0.9721177024678178;0.0;0.0;0.0;434.0858892011059;-0.0071276521987535734;0.002010054304264486;7.506139235063032;0.008800745497203687;0.12322443181818182
862;0.7084236556533579;0.0;0.0;0.0;702.1833540091206;-0.005722273280844093;0.0021350710740080103;7.508862257003784;0.0082197665120475;0.11484375
863;0.10163432392366478;0.0;0.0;0.0;353.635248903227;-0.006586153991520405;0.0011519271502038464;7.514917325973511;0.007268232817295939;0.0845703125
864;0.34364117697957475;0.0;0.0;0.0;290.1219575626192;-0.009092406649142504;0.0014447859954088925;7.515293669700623;0.007227644871454686;0.103515625
865;0.14511337448649592;0.0;0.0;0.0;438.24031465385696;-0.012345381383784115;0.0010557488887570799;7.512634921073913;0.00857504652813077;0.1208984375
866;1.0182008814338808;0.0;0.0;0.0;354.7247789363471;-0.012965094530954957;0.0021575085062067955;7.510974645614624;0.008138760912697763;0.11171875
867;1.8086400782381;1.0;0.605389363532914;0.21250974584493634;223.72442303965363;-0.019409747608006;0.0037271584500558675;7.509048986434936;0.007738660997711122;0.1119140625
868;-2.3699502814009286;0.0;0.0;0.0;247.6141008141462;-0.018499593064188958;0.007973188266623766;7.509793972969055;0.0117974643711932;0.1466796875
869;-0.03973847487679877;0.0;0.0;0.0;301.8952711900912;-0.012695440743118524;0.017394945863634347;7.517650079727173;0.009952626936137677;0.123828125
870;-0.7454808601653523;0.0;0.0;0.0;563.5826780362743;-0.015742743178270756;0.004987539822468534;7.536945247650147;0.010373633040580898;0.14140625
871;0.5038134827259901;0.0;0.0;0.0;443.1438122495585;-0.01661892163101584;0.0010557423578575254;7.547438025474548;0.007870678510516881;0.0890625
872;-0.536377018517706;0.0;0.0;0.0;325.78107393345886;-0.006573735969141126;0.0009705466713057831;7.547049808502197;0.008609499898739159;0.1322265625
873;0.24869307880317695;0.0;0.0;0.0;369.91524773876904;-0.011874554771929979;0.0010072232194943353;7.55378303527832;0.008995817240793258;0.1291015625
874;0.10847982241638625;0.0;0.0;0.0;354.6662888975801;-0.00838184766471386;0.0022290215594694017;7.551381897926331;0.009103272599168122;0.1392578125
875;-0.5041728893305693;0.0;0.0;0.0;384.40116324983853;-0.01870531029999256;0.002346385078271851;7.543794322013855;0.009481515630614012;0.13046875
876;-8.098039735788449;0.0;0.0;0.0;373.0259838639998;-0.009478280460461974;0.0034779893467202783;7.542146754264832;0.00991870352299884;0.141015625
877;5.145526840210391;1.0;0.8791758728660117;0.6045760416456071;116.66282358249539;-0.006772906938567758;0.008654019189998507;7.554097771644592;0.006571057019755244;0.081640625
878;-0.47073128738882963;0.0;0.0;0.0;259.1968670583128;-0.016160831321030855;0.01115769580937922;7.55874400138855;0.008747335383668542;0.124609375
879;-4.440161192278918;0.0;0.0;0.0;287.2509895596536;-0.011405516834929585;0.008282830216921866;7.557696413993836;0.011291833617724479;0.1623046875
880;-0.04628899270138876;0.0;0.0;0.0;277.11582932125117;-0.018235834781080484;0.006945674796588719;7.567592573165894;0.011911367345601321;0.16796875
881;-22.692435854503785;1.0;0.4551698375535386;0.19605938927682862;408.80487507370515;-0.00949863197747618;0.004417467955499887;7.580395960807801;0.007487223623320461;0.0984375
882;-0.29499366341815375;0.0;0.0;0.0;387.84443679097046;-0.0032010162249207497;0.002699519624002278;7.585692524909973;0.010651865776162594;0.1533203125
883;0.31111029112133826;0.0;0.0;0.0;333.8145924832333;-0.0049286172026768325;0.005036117904819548;7.590592455863953;0.010257994243875145;0.1470703125
884;-2.505769269604788;0.0;0.0;0.0;299.03946472716996;-0.007715831929817796;0.0066672975430265066;7.593637204170227;0.010793266468681395;0.158984375
885;-1.1595511044686222;0.0;0.0;0.0;317.3160004341156;-0.021852242387831212;0.0034264559508301318;7.596467614173889;0.00889847424114123;0.1357421875
886;0.051391160070388645;0.0;0.0;0.0;182.9564079068632;-0.008735007606446743;0.0025253777974285187;7.5995759010314945;0.0063407924841158095;0.078125
887;-1.5482618865721425;0.0;0.0;0.0;462.0697586632813;-0.012851274142471643;0.004653277108445764;7.60070984180157;0.01088910293765366;0.15204326923076922
888;-0.052871543671594114;0.0;0.0;0.0;243.33460786385473;-0.005693217134103179;0.005081284791231155;7.60188992023468;0.008250065124593675;0.1138671875
889;-1.897288525568675;0.0;0.0;0.0;200.19870765740998;-0.010065700928680598;0.0029637311934493484;7.596555614471436;0.007373306853696704;0.1080078125
890;0.31115349790343083;0.0;0.0;0.0;119.96897460569049;-0.012839986197650432;0.003819231782108545;7.591145348548889;0.008126963768154383;0.108203125
891;-9.673009635747958;0.0;0.0;0.0;272.25491327824176;-0.007438261597417295;0.0030056253483053295;7.588801169395447;0.008761958114337175;0.1275390625
892;7.06482041534964;1.0;0.628391980708973;0.30306253888451945;200.04226688220956;-0.00641304962337017;0.00657209730707109;7.588915920257568;0.008682313037570565;0.1193359375
893;1.4307086047244089;1.0;0.7279781563690373;0.25984295498885945;279.7207750010198;-0.006143184751272202;0.010645084688439966;7.587621641159058;0.008997800853103399;0.1267578125
894;5.435669060808134;1.0;0.5745042556836392;0.16954376653383427;265.76280054181115;-0.009453281946480274;0.0060970215825363995;7.590273547172546;0.006933639419730753;0.095703125
895;6.780428534382615;1.0;0.7591039425239422;0.5379164087537074;177.91478284552744;-0.011380345607176424;0.0039639082504436375;7.591429662704468;0.013361965282820165;0.1974609375
896;-1.0692345616547145;0.0;0.0;0.0;319.8754792421857;-0.01468778676353395;0.01887389775365591;7.589348173141479;0.007250577863305807;0.086328125
897;-7.7803609255358195;0.0;0.0;0.0;442.6481411087321;-0.011436286941170692;0.009045915445312858;7.592707347869873;0.0086815245449543;0.1142578125
898;-0.5415447054343359;0.0;0.0;0.0;371.50562008394166;-0.008397998195141554;0.010968283494003117;7.5996089220047;0.009964933234732598;0.1119140625
899;6.645031272868797;1.0;0.8031470309802112;0.6359244617433656;202.50413215030605;0.0020233308896422386;0.006701417989097536;7.608351922035217;0.011870891659054906;0.1603515625
900;-4.002543037131844;0.0;0.0;0.0;397.7943826224717;-0.016328514739871024;0.014596236683428288;7.612373995780945;0.007249822188168764;0.090625
901;0.2240516151655253;0.0;0.0;0.0;470.09781919106683;-0.016436190996319055;0.01246932102367282;7.615959525108337;0.007087010354734957;0.0880859375
902;3.4365894009349574;1.0;0.6973522453954696;0.339459132933184;217.3443876595526;-0.0064771304372698065;0.006765739968977868;7.6156950950622555;0.012476207665167749;0.1666015625
903;-1.0260934073526493;0.0;0.0;0.0;208.42814894538213;-0.0152672057505697;0.0071414979873225095;7.616025686264038;0.009309061348903924;0.12109375
904;-0.019819160687565673;0.0;0.0;0.0;447.54059345611273;-0.01613413686864078;0.006505588069558144;7.623186159133911;0.010409623675514013;0.144140625
905;1.2447489444741835;0.0;0.0;0.0;324.32926536819275;-0.01480539790354669;0.0033083451795391738;7.629101419448853;0.008094974630512296;0.1140625
906;-0.062093933484876726;0.0;0.0;0.0;266.0728986245014;-0.011713239178061486;0.00310494004515931;7.632804608345031;0.007076742511708289;0.09453125
907;0.44338665957737283;0.0;0.0;0.0;312.2623896003661;-0.004841513466089964;0.0022402201080694794;7.632986521720886;0.007521476550027728;0.1126953125
908;1.006376359977875;0.0;0.0;0.0;585.3330679379345;-0.025412086863070726;0.005558211414609104;7.630038809776306;0.0105887183919549;0.11640625
909;-1.149224935246425;0.0;0.0;0.0;598.4445388726293;-0.017296126578003168;0.0019650376809295265;7.639518928527832;0.007214476715307683;0.0845703125
910;-14.991065455571214;0.0;0.0;0.0;360.7813985965721;-0.013077263627201319;0.0036850831005722285;7.646381688117981;0.008736221480648964;0.1212890625
911;0.3397161336540017;0.0;0.0;0.0;364.4926281303735;-0.015170943597331643;0.0032354405149817465;7.6489173650741575;0.006591581052634865;0.075390625
912;1.1902498584063408;0.0;0.0;0.0;225.03902667397935;-0.01247830530628562;0.003625025996007025;7.6499430418014525;0.009305282903369516;0.134375
913;6.829303700374679;1.0;0.734184253017214;0.5425895175528171;250.99828544912188;-0.011380253406241537;0.005637220677454024;7.6524839162826535;0.010545456770341844;0.155078125
914;-1.7919153197845241;0.0;0.0;0.0;302.5933270423479;-0.010681555559858679;0.0026485002890694886;7.6554348230361935;0.012006222968921065;0.1767578125
915;-0.8713561786826854;0.0;0.0;0.0;559.2748735491816;-0.0052518310025334355;0.004963162913918495;7.657995128631592;0.009196898655500264;0.13203125
916;-0.43151735474077135;1.0;0.6078553503199631;0.13537366232279913;173.44754020784566;-0.0033761489670723678;0.01235886225476861;7.661358141899109;0.007555510604288429;0.093359375
917;-0.965130165164261;0.0;0.0;0.0;166.6558941767277;-0.011694862227886915;0.018414921825751662;7.659561538696289;0.007437998207751662;0.0943359375
918;-2.8362862588917284;0.0;0.0;0.0;242.75427421253877;-0.011431059846654535;0.005132339277770371;7.668229675292968;0.010312813485506922;0.1455078125
919;-0.18824977903823312;0.0;0.0;0.0;519.9832198870758;-0.005772750452160835;0.07057912386953831;7.677106022834778;0.01329519145656377;0.190625
920;0.11744716255956422;0.0;0.0;0.0;279.9116844731342;-0.016923100128769873;0.003210566251073033;7.68175253868103;0.008630601817276328;0.1216796875
921;-0.7759947151150155;0.0;0.0;0.0;364.96437129259334;-0.008566087996587157;0.0015633418399374932;7.690994286537171;0.009513046836946159;0.13671875
922;0.8677474273967001;0.0;0.0;0.0;246.34743809363653;-0.010634414665400983;0.0016128574614413082;7.7013019800186155;0.01058760437881574;0.1537109375
923;6.091626623628553;1.0;0.8012850293098939;0.4543589638946299;158.5187206422437;-0.026897921226918697;0.003491013217717409;7.701916623115539;0.010764541290700435;0.1453125
924;6.16145763358894;1.0;0.7922079601183877;0.4906476543928847;135.80057068705005;-0.009793691709637642;0.004995446163229644;7.698642301559448;0.01001469928305596;0.135546875
925;-0.7556917102666062;0.0;0.0;0.0;426.3962559179575;-0.013778732065111399;0.0031909272307530045;7.700791192054749;0.007862061832565815;0.1140625
926;1.2570492427910387;0.0;0.0;0.0;384.35999192431484;-0.0068607497029006485;0.0030361642595380543;7.705659031867981;0.008049371431116014;0.115234375
927;-0.5369456721508857;0.0;0.0;0.0;211.35343201580798;-0.009476308408193291;0.0023218322836328297;7.710567164421081;0.01127196396701038;0.1615234375
928;-1.9478833509997544;0.0;0.0;0.0;387.30841629704815;-0.021980200964026152;0.002248786803102121;7.716783714294434;0.00991075640777126;0.152734375
929;-14.045852266307103;0.0;0.0;0.0;494.49286189938715;-0.01937930185813457;0.0014286650868598372;7.723762941360474;0.008341519872192293;0.1115234375
930;-13.136740247059045;0.0;0.0;0.0;296.2653825376028;-0.018289073882624508;0.0017625241598580033;7.728037095069885;0.008261967939324677;0.0953125
931;-1.29355422071809;0.0;0.0;0.0;305.70521969009724;-0.011136994417756795;0.0023162759724073114;7.732292246818543;0.009696408140007407;0.1353515625
932;0.2600300338448741;0.0;0.0;0.0;627.6938936080505;-0.015929787326604126;0.001781703217420727;7.738684177398682;0.011180225375574082;0.15390625
933;-0.1325245986847822;0.0;0.0;0.0;271.40706134904474;-0.006779291527345776;0.0007469207412214018;7.743646955490112;0.005873660603538155;0.073046875
934;0.15160133479161353;0.0;0.0;0.0;433.96109736245995;-0.0070877295918762686;0.0004349190654465929;7.743561172485352;0.00936567634344101;0.130859375
935;0.3693002449823991;0.0;0.0;0.0;297.69893754614475;-0.01132975034415722;0.001122535121976398;7.743697547912598;0.006886878749355674;0.091796875
936;-0.9083281733105647;0.0;0.0;0.0;285.8032440877853;-0.01568614668212831;0.0019295589008834213;7.745741987228394;0.008149743964895605;0.1064453125
937;-5.683225485785315;0.0;0.0;0.0;471.11900213538365;-0.018951070262119174;0.0026423598756082356;7.748108267784119;0.009452928602695466;0.1220703125
938;-7.661826396519046;0.0;0.0;0.0;282.2794265879563;-0.00345659451559186;0.004073447815608233;7.7514383554458615;0.007637962116859853;0.1005859375
939;-0.36801742194819437;0.0;0.0;0.0;391.51488454799613;-0.021443190635181963;0.003121999371796846;7.756409454345703;0.008522010408341885;0.112890625
940;-0.26357920894817954;0.0;0.0;0.0;341.1399029957189;-0.01324812714010477;0.00226183301419951;7.764334273338318;0.006225398392416537;0.080078125
941;6.53415877032337;1.0;0.8199412816728384;0.7206856849988936;247.55910880618504;-0.01693200315348804;0.0021714767499361187;7.763339424133301;0.009563220385462045;0.130859375
942;-5.8832135188779535;0.0;0.0;0.0;388.2164993992886;-0.009567129053175449;0.0021321282198186963;7.758514022827148;0.008078174339607358;0.118359375
943;-4.706400676867238;0.0;0.0;0.0;200.47653818599244;-0.012211975106038154;0.0016578968788962811;7.757118916511535;0.007337864232249558;0.0994140625
944;-5.448686358637364;0.0;0.0;0.0;366.5426998508609;-0.014978588558733463;0.0012925317452754826;7.7609375;0.005349723517429084;0.0689453125
945;-0.3204079639184091;0.0;0.0;0.0;228.38299121651076;-0.015908156335353852;0.003473700466565788;7.767547178268432;0.008080312388483436;0.11171875
946;-0.5147978028917084;0.0;0.0;0.0;484.4767707783121;-0.011330958246253431;0.002756569453049451;7.773741817474365;0.0072444927762262525;0.098828125
947;0.026583926808593963;0.0;0.0;0.0;465.4211826724671;-0.011382289882749318;0.0015942904981784522;7.776560664176941;0.0073092360980808735;0.10390625
948;0.3598885644221023;0.0;0.0;0.0;641.9470149837848;-0.010232907487079501;0.0013043300074059515;7.7835618019104;0.008332977921236306;0.113671875
949;0.7521586953823395;0.0;0.0;0.0;280.4168462066305;-0.012377275852486491;0.0008386799570871517;7.79244327545166;0.006502990226726979;0.0927734375
950;-8.064063094535422;1.0;0.6061477907894137;0.16958925790631327;220.36964692880477;-0.013671842683106662;0.0008958045567851513;7.799758124351501;0.007220216072164476;0.099609375
951;1.1983721665672165;0.0;0.0;0.0;311.95042973010993;-0.008107040682807565;0.0015475254214834422;7.804667282104492;0.007849398674443364;0.1037109375
952;0.6146431401373057;0.0;0.0;0.0;558.0551652005828;-0.015968351811170577;0.002637051173951477;7.807464146614075;0.008400432975031435;0.11484375
953;-0.8276232634904812;0.0;0.0;0.0;490.9020013695582;-0.016535487142391503;0.006641130079515278;7.804803085327149;0.013137818628456444;0.164453125
954;0.3481296999057304;0.0;0.0;0.0;411.7218524263007;-0.015209862170740962;0.007063805684447288;7.804696559906006;0.00882501620799303;0.120703125
955;6.224474067625376;1.0;0.9222856006853883;0.7344413013670867;90.5330106296085;-0.020576734701171516;0.008292328007519245;7.801999425888061;0.011873023200314492;0.166796875
956;6.855847386475652;1.0;0.8714943221664248;0.5481282180612096;95.71021170605228;-0.004908231692388654;0.005190748197492212;7.802202558517456;0.006371580075938255;0.0830078125
957;-12.488832901081711;0.0;0.0;0.0;580.0571472091607;-0.015336762787774206;0.0031886595184914767;7.808751797676086;0.008459662867244333;0.1173828125
958;-0.7476113922072626;0.0;0.0;0.0;804.2654769183717;-0.011942859482951462;0.0034370879759080706;7.809677314758301;0.011225978191941977;0.15859375
959;0.48331886548580316;0.0;0.0;0.0;151.96092165915653;-0.014627719158306718;0.007800234272144735;7.811366438865662;0.008630817790981382;0.1240234375
960;0.7180099435420269;0.0;0.0;0.0;213.79156577609496;-0.008084128517657519;0.009284147224389017;7.817441415786743;0.010094104579184204;0.1353515625
961;-1.6172205792447083;0.0;0.0;0.0;996.7839741582343;-0.015225744410417973;0.00442566538695246;7.818714427947998;0.008915576850995421;0.12421875
962;-1.287915326974715;0.0;0.0;0.0;1029.4197213846012;-0.016614484135061502;0.0017205012030899526;7.826556062698364;0.012471685989294202;0.173828125
963;-0.005805418374151783;0.0;0.0;0.0;251.28718221263122;-0.01634632209315896;0.00121774286380969;7.831556749343872;0.008599754818715156;0.1255859375
964;-4.873856719372694;0.0;0.0;0.0;273.97048458098317;-0.0067103658337146046;0.0008964212785940618;7.83072874546051;0.008906080026645214;0.1228515625
965;0.617022227320348;0.0;0.0;0.0;759.9333081315756;-0.009763637697324157;0.0006018761050654575;7.827646732330322;0.009693287557456642;0.137890625
966;-3.580335253131344;0.0;0.0;0.0;723.6938828234479;-0.008558379486203194;0.0008582920097978785;7.820523715019226;0.006389506428968161;0.08984375
967;-0.42382980583631347;0.0;0.0;0.0;274.2038215872206;-0.014322317251935602;0.0010393047938123345;7.815199255943298;0.010884439270012081;0.137109375
968;-3.0386983073594878;0.0;0.0;0.0;256.2168226344871;-0.015883294586092233;0.0019706661463715137;7.813725256919861;0.009562649379950017;0.1224609375
969;-1.4264945443427859;0.0;0.0;0.0;449.77640035532215;-0.01614384460262954;0.0022278932738117874;7.81045503616333;0.009402847290039063;0.12578125
970;-2.7410770924228016;0.0;0.0;0.0;150.20682972454549;-0.008958589506801218;0.004615127970464527;7.810267186164856;0.0055742797441780565;0.0759765625
971;-12.834118991809529;0.0;0.0;0.0;856.6474293719934;-0.013451622519642114;0.008397368784062564;7.810301303863525;0.007642315374687314;0.1087890625
972;0.5989551146575406;0.0;0.0;0.0;252.86727465363438;-0.015000876411795616;0.0035669913864694535;7.814293074607849;0.00803927513770759;0.1091796875
973;2.046897934989287;0.0;0.0;0.0;131.06952668769085;-0.003048812551423907;0.005074625927954912;7.812643933296203;0.004331711179111153;0.05
974;-1.033500674214765;0.0;0.0;0.0;191.6380438221409;-0.001881467690691352;0.011610627826303243;7.808047032356262;0.005769240169320256;0.075390625
975;-1.9778004356152104;0.0;0.0;0.0;206.37341623888136;-0.012580604990944266;0.004403754742816091;7.805873966217041;0.009974722436163574;0.1447265625
976;-1.5372689076456258;0.0;0.0;0.0;327.5591880265238;-0.016180839436128736;0.0017418751260265708;7.8064351081848145;0.008640735398512334;0.115234375
977;1.390441260815121;0.0;0.0;0.0;195.90864560204645;-0.008760617976076902;0.0020948346646036953;7.804919171333313;0.006551476486492902;0.09609375
978;-1.8071908677366109;1.0;0.7013584595355072;0.17662726356340294;270.90408058828876;-0.009730146080255509;0.0033703192602843046;7.8078330755233765;0.0051008175010792915;0.07109375
979;0.17759498624816936;0.0;0.0;0.0;264.8529590947776;-0.014121701521798969;0.0014290392631664873;7.8098756074905396;0.008793086605146527;0.10703125
980;0.6484109126521347;0.0;0.0;0.0;172.70949493951053;-0.013310706196352839;0.0006670134491287172;7.80693142414093;0.007810390286613256;0.1142578125
981;0.3232636625659321;0.0;0.0;0.0;264.30980615202884;-0.00754851819947362;0.0009201463690260425;7.80135223865509;0.006627809803467244;0.084375
982;-9.287831066944376;0.0;0.0;0.0;323.35392359305007;-0.010579885123297572;0.0007799747894750908;7.7935614585876465;0.010993249085731804;0.1513671875
983;0.39249049784753465;0.0;0.0;0.0;184.9485397369595;-0.007467347220517695;0.0019335655437316746;7.7892296552658085;0.008047046337742359;0.10859375
984;-2.208540775436016;0.0;0.0;0.0;256.46473283614785;-0.012104449677281082;0.004067432868760079;7.79159026145935;0.006991489639040083;0.09453125
985;1.140138014364783;0.0;0.0;0.0;155.10292100441342;-0.006389742670580745;0.0027852256898768246;7.794997334480286;0.005646932870149612;0.068359375
986;5.995297051909279;1.0;0.779702020409707;0.19891571229878566;140.86881800725627;-0.0163040328072384;0.006351759470999241;7.797510695457459;0.0066322270082309846;0.081640625
987;5.108588766817797;1.0;0.7094138265804469;0.35577007243954784;326.7350356951336;-0.015049931034445763;0.002864869369659573;7.799270534515381;0.005274256423581392;0.0669921875
988;-1.188252327196516;0.0;0.0;0.0;94.74019820555507;-0.008713457453995942;0.005874016275629401;7.7995352983474735;0.006887518824078143;0.090625
989;-1.033305114501771;0.0;0.0;0.0;128.61399553516463;-0.016109729825984687;0.0035503258113749325;7.808512091636658;0.006601084652356803;0.0783203125
990;-0.8141919171380001;0.0;0.0;0.0;357.87785644047545;-0.009275106596760452;0.0019963337981607765;7.813118147850036;0.00798198088305071;0.10703125
991;6.305986904933432;1.0;0.8348295091048864;0.2801666203909163;129.14622203190694;-0.02089360086247325;0.003900870238430798;7.803064203262329;0.007869958924129606;0.1017578125
992;5.668777048358118;1.0;0.7642574690551007;0.3084325470700358;246.6380302679072;-0.008630555495619774;0.0009039078984642401;7.7925619840621945;0.012152744247578085;0.176953125
993;-6.669242199052475;0.0;0.0;0.0;223.8278793018671;-0.0036427475046366454;0.0016598449205048383;7.792245602607727;0.006534631317481399;0.0869140625
994;0.07244532419758382;0.0;0.0;0.0;220.07253169381897;-0.0083253706805408;0.0018651516526006161;7.793206310272216;0.008141746616456658;0.11484375
995;5.688085860784296;1.0;0.7478676463448666;0.29117479967985566;298.36574372077496;-0.015513305459171534;0.0013531149073969574;7.796028637886048;0.010711408348288386;0.1609375
996;-1.4288552559116532;0.0;0.0;0.0;323.78855176439544;-0.012644488830119371;0.002259389404207468;7.798414134979248;0.00858483366901055;0.1142578125
997;5.679546868772853;1.0;0.7290912256938248;0.2345207056348292;257.91769912095083;-0.015401300298981369;0.0011440404370659963;7.803970289230347;0.010186896449886263;0.13984375
998;5.372275524400324;1.0;0.8187304037687618;0.32393200199616023;233.16604288166744;-0.008159141265787184;0.007400016277097165;7.805933880805969;0.010034578596241772;0.137890625
999;6.478869531535209;1.0;0.9903747942712194;0.5909011840117584;47.73613609674478;-0.007029241789132357;0.0024424842384178193;7.8060383796691895;0.010611603979486971;0.137109375
1000;5.481974508143966;1.0;0.7660343695258276;0.32503178159478635;282.53728561027816;-0.012457668501883744;0.006016374356113375;7.807049059867859;0.012354885938111692;0.1630859375
1001;-1.1111701036976154;0.0;0.0;0.0;265.0571697397565;-0.005751472758129239;0.004169340617954731;7.81263120174408;0.006125717097893358;0.084375
1002;0.4397571866018935;0.0;0.0;0.0;200.84630208759427;-0.01735065961256623;0.001443582630599849;7.817602348327637;0.008734610548708588;0.11171875
1003;6.316127199650445;1.0;0.8134824557886657;0.3801496241436551;184.7934531114812;-0.01971504760440439;0.00269586889189668;7.819518232345581;0.010382139054127038;0.141015625
1004;-0.35164684557470993;0.0;0.0;0.0;215.58737776701506;-0.012853465182706714;0.00282560121268034;7.8200682401657104;0.010581861669197678;0.144921875
1005;6.768254830495585;1.0;0.6924808747658053;0.3140892495051129;279.6958518901806;-0.007470373110845685;0.001342493057018146;7.822597551345825;0.010011850926093756;0.1400390625
1006;6.5526427960822256;1.0;0.5838677802747276;0.2039085528847291;218.62782465499774;-0.010110206226818264;0.0016150491195730866;7.820611810684204;0.006462027679663152;0.0810546875
1007;5.892767529561052;1.0;0.82256368575149;0.32683477763190216;159.98124934434625;-0.0019012963399291038;0.0014139851497020572;7.812855124473572;0.007408177794422955;0.10234375
1008;-3.2680375103020407;0.0;0.0;0.0;199.74652405044125;-0.01931912531144917;0.003238578198943287;7.813581562042236;0.006757824635133147;0.092578125
1009;6.558418525532689;1.0;0.6641389502484467;0.1896932223590529;204.20617529767384;-0.014498046040534973;0.01183188494760543;7.817718911170959;0.005663401575293392;0.06015625
1010;-0.4932731133197121;0.0;0.0;0.0;237.64945872366692;-0.020225846348330377;0.005634916468989104;7.8233497619628904;0.009015891375020147;0.1068359375
1011;-5.249213645809455;0.0;0.0;0.0;287.8241345650566;-0.016909085330553353;0.0014279780443757772;7.824868655204773;0.00701812116894871;0.09375
1012;4.684083346156374;1.0;0.654204877885104;0.1291843373227235;168.546288816162;-0.01631376314908266;0.0009444339899346233;7.825189781188965;0.007810251775663346;0.1099609375
1013;0.75167535900562;1.0;0.5534370778087224;0.15734741845909625;275.1031056140559;-0.011324790678918362;0.0012583305506268516;7.832123184204102;0.006951291405130178;0.0994140625
1014;-0.6033580927732561;0.0;0.0;0.0;240.2374736933649;-0.005248313734773547;0.000606373543269001;7.835938024520874;0.005118023569229991;0.0646484375
1015;-7.13429259004053;0.0;0.0;0.0;470.52172856206255;-0.011138759087771177;0.0010658552229870111;7.839155435562134;0.005758318433072418;0.0783203125
1016;-9.48528995717231;0.0;0.0;0.0;393.54506462725385;-0.005992644559592008;0.0033144849294330925;7.844990873336792;0.00682448580628261;0.08515625
1017;-0.031924243655212535;0.0;0.0;0.0;235.65891536799967;-0.009610035782679915;0.013425479084253312;7.8506955862045285;0.00877547119744122;0.1296875
1018;0.8241730963004714;0.0;0.0;0.0;265.5308774625215;-0.0018097852822393178;0.010923454537987709;7.861654043197632;0.007986021880060434;0.1103515625
1019;-1.4951536052613803;0.0;0.0;0.0;305.9721430026186;-0.018273502122610807;0.017618762562051415;7.868599224090576;0.006193681387230754;0.0751953125
1020;0.9300378189628966;0.0;0.0;0.0;208.4718219714446;-0.012868032744154333;0.005641062883660198;7.871429705619812;0.007543490617536008;0.096484375
1021;-0.05173435163584729;0.0;0.0;0.0;481.89738520185995;-0.004171750042587519;0.004878242395352572;7.872727251052856;0.007881162886042148;0.0984375
1022;6.377764362290474;1.0;0.8316685332253326;0.49061740304976414;201.5866291260374;-0.015104028210043908;0.0034226285060867667;7.871641659736634;0.008805031434167176;0.1193359375
1023;-0.9948612185109774;0.0;0.0;0.0;420.7733832395059;-0.014897677663248033;0.0031319777539465577;7.866439461708069;0.008266995660960674;0.1044921875
1024;1.4643275465674095;0.0;0.0;0.0;242.89918545394332;-0.01149781933054328;0.003596850694157183;7.870267081260681;0.00802489419002086;0.1091796875
1025;-0.03635257540366553;0.0;0.0;0.0;280.9776154878031;-0.008939773705787957;0.0026153578306548297;7.872667527198791;0.009290175908245147;0.1353515625
1026;5.361466819169331;1.0;0.6417875646161163;0.2944460716785469;357.34922749325807;-0.015642844885587693;0.006145590939559043;7.873498439788818;0.008052658732049167;0.11484375
1027;0.7146978827324574;0.0;0.0;0.0;254.07964858427943;-0.019904747873079033;0.004987545649055391;7.87291944026947;0.007699849968776107;0.106640625
1028;0.5619012135738874;0.0;0.0;0.0;210.3484038718182;-0.01001575794070959;0.005640521831810475;7.87858018875122;0.009850930224638432;0.1408203125
1029;7.196237370209067;1.0;0.7019444896109741;0.4546145594605734;167.26648508316342;-0.013228172808885575;0.005945384525693953;7.874751400947571;0.006378716591279953;0.089453125
1030;6.644797149240876;1.0;0.8189606136036741;0.61411028184394;184.84679098563592;-0.014861562428995967;0.006223279656842351;7.871094727516175;0.009999829810112715;0.1322265625
1031;6.746994372059616;1.0;0.8064388733211815;0.6051971329620047;231.1311196255933;-0.00990788210183382;0.003912638674955815;7.87098970413208;0.010428909142501653;0.140234375
1032;-0.1827835672119456;0.0;0.0;0.0;448.4330112429251;-0.008962103724479675;0.0125999269541353;7.8710455894470215;0.008476055646315216;0.115234375
1033;5.867492485776035;1.0;0.5366428790391921;0.1632950383038451;235.39977366131248;-0.010469162371009588;0.009331687912344932;7.87631664276123;0.007146561483386904;0.1009765625
1034;4.526680427789721;1.0;0.7452425382081236;0.3069130167122197;169.34412679094913;-0.00936579997651279;0.00473662733566016;7.878116011619568;0.006830515014007688;0.0826171875
1035;-0.2590881453498106;0.0;0.0;0.0;565.0688853862072;-0.011786067998036743;0.0035430477000772953;7.879878258705139;0.007362403708975762;0.102734375
1036;-0.050850864956258054;0.0;0.0;0.0;164.66389204444872;-0.006660301610827446;0.00482763386098668;7.879083418846131;0.007204035669565201;0.1046875
1037;6.9984614215161525;1.0;0.8314301543638094;0.5196846393575759;157.62059064086364;-0.020258224941790103;0.0014788825588766485;7.881296563148498;0.009019567305222154;0.12265625
1038;0.5609666459584737;0.0;0.0;0.0;340.95929955109864;-0.006032583164051175;0.0013823081215377897;7.888649654388428;0.009958055370952934;0.141015625
1039;5.8367207676425465;1.0;0.5926549542653845;0.2673256798758229;500.6541464914209;-0.011870250571519136;0.002674863173160702;7.89905891418457;0.012441064487211407;0.16640625
1040;6.322056355496537;1.0;0.767094626182861;0.5506647906623984;261.09660815855506;-0.018200515443459152;0.003027957817539573;7.9041578531265255;0.012099071894772351;0.167578125
1041;6.094198691011362;1.0;0.8639147974811217;0.54107044796134;94.8264207568126;-0.00625073816627264;0.002618342457571998;7.907118201255798;0.006210108252707869;0.0814453125
1042;6.629271441407403;1.0;0.7511715730002705;0.25508211502754435;180.799956119746;-0.013781702797859906;0.0032191066886298357;7.908430457115173;0.010419171140529215;0.1474609375
1043;-7.983849043985752;0.0;0.0;0.0;571.541796415701;-0.017167588416486978;0.0012828245089622214;7.909672808647156;0.007588799868244678;0.101171875
1044;0.6273896604760153;0.0;0.0;0.0;267.91508805772986;-0.013323323568329215;0.0012145683460403234;7.91211211681366;0.009359601617325098;0.1388671875
1045;4.743708022953381;1.0;0.6836406652703689;0.25206364439329204;211.65289927446187;-0.01662681344896555;0.004588273772969842;7.918935823440552;0.009549025027081371;0.131640625
1046;-2.1980983644478584;1.0;0.5680261194184077;0.2096538025965116;384.5053548690065;-0.009925229102373123;0.0046068001654930415;7.930630159378052;0.008950925804674626;0.1296875
1047;5.889641359686548;1.0;0.783434453133584;0.2905260475463079;159.64679730416384;-0.018726530205458402;0.009635993838310241;7.937095332145691;0.008289751794654876;0.11171875
1048;6.350163482260411;1.0;0.729511048687038;0.36001854326725996;255.8252311748811;-0.009984877426177263;0.003543843317311257;7.942122077941894;0.007988615229260176;0.1169921875
1049;-6.557215881309945;0.0;0.0;0.0;254.02826832802376;-0.014110488630831242;0.006878488720394671;7.94920494556427;0.011084807338193059;0.1626953125
1050;5.99211474650246;1.0;0.7876491123400151;0.5651172895464737;192.6772466458293;-0.003134215949103236;0.0013760307774646208;7.955601215362549;0.009789170371368528;0.13671875
1051;7.098391281012179;1.0;0.7363607324942791;0.275136216955052;126.85479376535854;-0.013999787997454405;0.0015713012020569296;7.960339879989624;0.011704967799596488;0.16640625
1052;0.24050749627029916;0.0;0.0;0.0;635.0928643241806;-0.011096660699695348;0.0007281408645212651;7.970856618881226;0.008220584224909544;0.119140625
1053;-0.8172611963193804;0.0;0.0;0.0;310.56921317624494;-0.010775030311197042;0.002640413126209751;7.976089000701904;0.006918571086134762;0.0984375
1054;6.3345552660389846;1.0;0.7857662437320797;0.5026700778022909;271.26441684285174;-0.01909632869064808;0.0057908730581402775;7.979611897468567;0.009599743061698973;0.129296875
1055;5.9370626984856845;1.0;0.6717430035339363;0.2889418419326443;251.01287038354394;-0.00701649016700685;0.0033060616231523456;7.983006334304809;0.00900913531659171;0.1291015625
1056;0.1903754946649464;0.0;0.0;0.0;406.080554942648;-0.013903215527534485;0.0012893893232103436;7.983451652526855;0.00876968343509361;0.125
1057;-2.231286386647096;1.0;0.5273537130424001;0.1557540875337666;410.0418232129187;-0.006539032608270645;0.0010106212110258638;7.978553628921508;0.008780160115566104;0.1193359375
1058;-0.4561462983415079;0.0;0.0;0.0;311.2910816325726;-0.007675008522346616;0.0011724673939170315;7.982008361816407;0.005602660099975764;0.071484375
1059;-7.444493612169016;0.0;0.0;0.0;585.7121962388396;-0.014497247850522399;0.002787549269851297;7.990011858940124;0.009940521931275726;0.136328125
1060;-0.9753228728819039;0.0;0.0;0.0;527.1689287294232;-0.013703909050673247;0.0010110933566465975;7.995245957374573;0.00880150287412107;0.113671875
1061;5.196179669916758;1.0;0.7444478744597974;0.3009137346360207;144.80010237848637;-0.006598252896219492;0.0012895777501398698;7.999869227409363;0.007811526162549853;0.1083984375
1062;-1.813381401778805;0.0;0.0;0.0;434.85058152542433;-0.016301456140354276;0.001255977211985737;8.008442878723145;0.009817562869284303;0.138671875
1063;-0.17637154371055783;0.0;0.0;0.0;388.83971321643514;-0.01169469328597188;0.0010397315112641082;8.01653232574463;0.007771986082661897;0.1083984375
1064;-0.12091890655106606;0.0;0.0;0.0;220.28964750064551;-0.0072233501821756365;0.0008565185766201466;8.02065691947937;0.007037797349039465;0.092578125
1065;0.07837435057996367;0.0;0.0;0.0;200.63910094056692;-0.006964798457920552;0.0008589528006268665;8.021385145187377;0.012548304966185243;0.187109375
1066;0.7250862152411849;0.0;0.0;0.0;321.7451456278607;-0.011902450863271952;0.0008752289431868121;8.02089557647705;0.011890366917941719;0.1501953125
1067;0.8505559867807337;0.0;0.0;0.0;360.717977169577;-0.017710621096193792;0.0007290041394298896;8.018956804275513;0.00970098408870399;0.130859375
1068;-0.1620925536635531;0.0;0.0;0.0;214.0855609504579;-0.01392922862432897;0.0011268159898463637;8.012895870208741;0.008523722540121525;0.123046875
1069;0.34721863503086947;0.0;0.0;0.0;328.5569019918116;-0.01604521442204714;0.00215450162650086;8.011490678787231;0.008379259193316103;0.125
1070;-0.07184142045687525;0.0;0.0;0.0;364.9480871385592;-0.011514279106631876;0.0014262055163271725;8.013711881637573;0.00803499948233366;0.1130859375
1071;0.07114480010437693;0.0;0.0;0.0;223.10018514597158;-0.0017619228456169367;0.0011770147801144048;8.015436506271362;0.006114887841977179;0.0853515625
1072;-0.4690010179262004;0.0;0.0;0.0;156.0367816128829;-0.013331976812332868;0.0007756959908874706;8.015514230728149;0.011259775946382434;0.162109375
1073;6.946768846588179;1.0;0.6965523890019756;0.21216336711995476;142.8148515170285;-0.010208888398483395;0.0011716381850419566;8.014786100387573;0.007058831863105297;0.0994140625
1074;-0.5035975212789461;0.0;0.0;0.0;133.02089985171423;-0.011117551289498807;0.006217643967829645;8.019646167755127;0.010526418767403812;0.1416015625
1075;6.742985808495371;1.0;0.8007059989367412;0.33574754652870387;160.24177390604254;-0.014458549255505205;0.0022546504449564965;8.022812509536744;0.0093693743692711;0.11953125
1076;-1.0268590721818514;0.0;0.0;0.0;302.4696105065058;-0.017213882273063065;0.002050450135720894;8.030008697509766;0.010822406259831042;0.1416015625
1077;0.6180504859060701;0.0;0.0;0.0;292.65292865581085;-0.013797642197459936;0.0017372707108734176;8.038747882843017;0.012880075711291284;0.1787109375
1078;5.985036216969847;1.0;0.7990344020192096;0.486667844459837;265.03395662081505;-0.014676379971206188;0.001091478852322325;8.042931985855102;0.00858627746347338;0.118359375
1079;-0.5517240552288953;0.0;0.0;0.0;343.74294705552575;-0.007544560171663761;0.0004684863408328965;8.045381307601929;0.009432309225667268;0.137890625
1080;-1.1636363085687096;0.0;0.0;0.0;499.63940292171895;-0.014238859293982387;0.0004340750048868358;8.051149606704712;0.009637661883607507;0.146875
1081;6.081862534178077;1.0;0.8229405398540092;0.3328897550993108;147.4815677640981;-0.009419416217133403;0.0013161567389033736;8.050350093841553;0.008843261806759983;0.13046875
1082;-0.7713061588151497;0.0;0.0;0.0;764.2290319230468;-0.007456070859916508;0.001684764662059024;8.045388078689575;0.00816928903805092;0.1140625
1083;7.121044741114066;1.0;0.7676671630807483;0.44586709364188554;235.8629666106395;-0.01436238803435117;0.0008821470866678283;8.042097234725953;0.009329986234661192;0.1296875
1084;4.680823656787419;1.0;0.8908226378627411;0.40539114531058773;83.30496612126187;-0.007831663731485606;0.0010836001689312979;8.0377836227417;0.008810714748688043;0.1275390625
1085;-7.237495110230574;0.0;0.0;0.0;398.612270884022;-0.012428897665813565;0.0021267424919642506;8.035293292999267;0.006841936660930514;0.0875
1086;1.3686543915746228;0.0;0.0;0.0;325.535851163682;-0.010579388262704015;0.010760786989703775;8.042862367630004;0.005708657903596759;0.069140625
1087;0.045782991867064415;0.0;0.0;0.0;207.10424229452641;-0.01490568364970386;0.00916648143902421;8.048410129547118;0.0062692657462321225;0.08515625
1088;-1.2531574177647622;0.0;0.0;0.0;469.50632868899083;-0.011964200902730227;0.006511125178076327;8.052025556564331;0.00980308863800019;0.1375
1089;5.169018672582636;1.0;0.85892482583155;0.4829394275581285;185.53863059566152;-0.014143660757690668;0.007181829842738807;8.055076217651367;0.006188304023817181;0.08515625
1090;6.984016886124596;1.0;0.7083574174469665;0.3545683526668877;208.06354809399386;-0.007084129424765706;0.008000576798804105;8.052223491668702;0.009964701754506677;0.1470703125
1091;-2.363048179297412;0.0;0.0;0.0;279.30044012371013;-0.00971366697922349;0.00429698710795492;8.052091836929321;0.012043377757072449;0.1615234375
1092;1.7503202495990402;0.0;0.0;0.0;205.18319137627253;-0.014122790936380625;0.0036755556124262513;8.058842325210572;0.00836717471247539;0.1228515625
1093;0.2777703859972301;0.0;0.0;0.0;179.62892848782204;-0.008772147819399834;0.0036477359011769296;8.061526679992676;0.008589878410566599;0.1189453125
1094;0.0253680198695354;0.0;0.0;0.0;173.06287978891288;-0.011625008564442397;0.0020934229891281576;8.06602840423584;0.01053533258382231;0.141015625
1095;0.02843316933672478;0.0;0.0;0.0;570.4882733299804;-0.004321958939544857;0.0038929541013203563;8.079737567901612;0.006969350308645516;0.0966796875
1096;-6.006366058954326;0.0;0.0;0.0;425.38285828588295;-0.013816854963079096;0.004288941674167291;8.089263534545898;0.007491413375828415;0.1068359375
1097;-14.674699129440901;0.0;0.0;0.0;500.79387848804254;-0.0045883642509579655;0.0023863048758357764;8.091191482543945;0.009201471251435578;0.1365234375
1098;-0.127202302172405;0.0;0.0;0.0;821.5672697057834;-0.02057558614760637;0.0017102334735682235;8.096420001983642;0.007384245481807739;0.1087890625
1099;0.3858848350700242;0.0;0.0;0.0;297.5793848537363;-0.00758140622638166;0.0018245709361508489;8.099881887435913;0.008605147735215724;0.1236328125
1100;-8.177661258948875;0.0;0.0;0.0;206.37067206691532;-0.005482337530702352;0.004949036426842213;8.105189037322997;0.009943730430677533;0.1474609375
1101;-1.6150794318686634;0.0;0.0;0.0;392.12593011980766;-0.009635540563613177;0.01067049135453999;8.110965490341187;0.008323665871284903;0.1171875
1102;3.063755284914363;1.0;0.6902040880646625;0.18320947442394678;138.93919375526573;-0.019618428964167833;0.004862892534583807;8.114231586456299;0.008661863300949335;0.115625
1103;1.076510492742165;0.0;0.0;0.0;250.62601545590573;-0.0081816453486681;0.002995436801575124;8.119272041320801;0.011135515093337744;0.152734375
1104;-1.1451014043736483;0.0;0.0;0.0;420.22317048309606;-0.013608250208199025;0.0017298227234277875;8.122345161437988;0.006986479857005179;0.0958984375
1105;-2.276100233320719;0.0;0.0;0.0;442.75022761970723;-0.007831648644059896;0.0017899509461130948;8.126888942718505;0.007431550149340183;0.1060546875
1106;-1.4417162463832869;0.0;0.0;0.0;248.1120755440106;-0.00987799889408052;0.0026820289669558404;8.134030437469482;0.008439856371842325;0.12109375
1107;4.945853217970474;1.0;0.7174713782530203;0.3123408096929856;270.61073276970416;-0.01792420397978276;0.006093944213353098;8.140003108978272;0.009045834722928702;0.12265625
1108;-0.8316477403889622;0.0;0.0;0.0;309.9158611058542;-0.007806310616433621;0.0006248526100534946;8.143393230438232;0.009642871981486677;0.14140625
1109;0.45345851801386716;0.0;0.0;0.0;351.8631245425925;-0.00885410993359983;0.0010826767771504819;8.148192071914673;0.006389413971919567;0.091015625
1110;0.22078885998924222;0.0;0.0;0.0;282.7359143538766;-0.017162737715989352;0.0011185780371306465;8.155140495300293;0.010049098799936474;0.1486328125
1111;6.3733707030803615;1.0;0.7064590794121738;0.3613531628559997;221.55576259613616;-0.022051421809010208;0.006640966609120369;8.162377119064331;0.009052043419796974;0.1236328125
1112;0.5297623662443834;0.0;0.0;0.0;344.1582502836616;-0.013562504388391971;0.004276507894974202;8.168916320800781;0.007839391427114605;0.110546875
1113;6.942618062378052;1.0;0.5577416085947278;0.20190711970478206;248.20001565946131;-0.014345605214475653;0.001054076274158433;8.178829622268676;0.010725764033850282;0.1474609375
1114;0.47604665137194635;0.0;0.0;0.0;373.87175544966647;-0.0032161530572921036;0.0017021998966811225;8.186685180664062;0.007618440268561244;0.101171875
1115;-0.9827837617501806;0.0;0.0;0.0;430.73033110343124;-0.012896673288196325;0.0008882259804522619;8.185287284851075;0.007711747474968433;0.1029296875
1116;-6.672698611534221;0.0;0.0;0.0;249.30067723803154;-0.0029970275703817607;0.00483609753428027;8.19372501373291;0.006887131801340729;0.0962890625
1117;3.841184388607415;1.0;0.6668516093895056;0.5555983627604694;251.50961860441979;-0.010517997294664383;0.003693252010270953;8.209502029418946;0.006639278365764767;0.084765625
1118;3.572991175695456;1.0;0.5737371613739034;0.14121079786537163;232.31106938088027;-0.011038460489362478;0.0023724402592051773;8.219685935974121;0.007510891440324486;0.1091796875
1119;-0.07291113569701822;0.0;0.0;0.0;786.8579236446503;-0.012875365978106856;0.003840439207851887;8.234438610076904;0.007290896109770984;0.1017578125
1120;0.298511361269633;0.0;0.0;0.0;217.20464678910932;-0.013668213947676122;0.0012181821279227734;8.2435959815979;0.009649457863997669;0.1478515625
1121;0.22006910090340345;0.0;0.0;0.0;234.48291448790215;-0.007626977609470486;0.0013778396416455508;8.246457147598267;0.007784506410825997;0.101953125
1122;0.0015276142986451625;0.0;0.0;0.0;159.04047630028538;-0.01168721483554691;0.0019899830513168126;8.249906873703003;0.007672223227564246;0.1125
1123;-1.8229822683707895;0.0;0.0;0.0;146.43784463945337;-0.021956154704093934;0.00233685570419766;8.249525833129884;0.009002415288705379;0.1240234375
1124;0.5694587156704644;0.0;0.0;0.0;784.1579293243337;-0.01639251292217523;0.0016866570222191513;8.252723741531373;0.005826811876613647;0.0765625
1125;-0.052809926271948;0.0;0.0;0.0;341.4157827335166;-0.004268971760757268;0.0011920678167371078;8.25884552001953;0.009194642188958824;0.1203125
1126;-3.847781939911454;0.0;0.0;0.0;613.6255984186649;-0.01445144908502698;0.000643997295992449;8.265816736221314;0.007471073046326637;0.099609375
1127;0.7041777807023658;0.0;0.0;0.0;276.89566445127974;-0.015372615586966277;0.0006621005275519564;8.267367029190064;0.008513180329464376;0.1205078125
1128;-1.058122197344669;0.0;0.0;0.0;520.4127138292519;-0.012517079710960388;0.0006198685921845026;8.262398862838745;0.009836266178172081;0.14765625
1129;6.597476472496009;1.0;0.8522682032110398;0.7407921798131881;195.4398396846986;-0.010046953801065683;0.0012278249341761693;8.261072444915772;0.0075512035167776045;0.1029296875
1130;-3.9210456825679176;0.0;0.0;0.0;397.592019199514;-0.009670105762779713;0.001070761971641332;8.255509519577027;0.006110455095767975;0.0888671875
1131;-1.1197110579286713;1.0;0.4057314662536237;0.143390672636928;480.31204196606694;-0.008386148465797305;0.0009812998119741677;8.251255321502686;0.006605383334681391;0.0841796875
1132;-0.7486587470052847;0.0;0.0;0.0;461.05563582735743;-0.008862642664462328;0.0010477188654476777;8.25602593421936;0.00821378519758582;0.1134765625
1133;-0.5886963521490935;0.0;0.0;0.0;266.0674232562415;-0.011000212142243981;0.0008881964953616261;8.25945348739624;0.008149953803513198;0.11328125
1134;-0.057106018483830324;0.0;0.0;0.0;203.61878606506863;-0.004849106818437576;0.0007162634137785062;8.256365108489991;0.006764125847257674;0.092578125
1135;0.4131288571296967;0.0;0.0;0.0;400.2337024528904;-0.012727895425632596;0.00091281458735466;8.252317571640015;0.010463023534975946;0.1611328125
1136;-2.144854121203273;0.0;0.0;0.0;339.1311813195115;-0.0083245565649122;0.0007925767014967278;8.248939895629883;0.008243035688064993;0.12109375
1137;5.931202796551427;1.0;0.8806861633792382;0.3491384139262504;89.18707277265285;-0.011821214854717255;0.00040379123238380997;8.248159408569336;0.007658337976317852;0.109765625
1138;-1.1811728222683344;0.0;0.0;0.0;655.702348678703;-0.008651113673113286;0.001789817470125854;8.250566434860229;0.008196781994774938;0.1103515625
1139;0.0362298888225252;0.0;0.0;0.0;283.097171832572;-0.007754401443526149;0.00206559041980654;8.25613718032837;0.008777122956234961;0.1216796875
1140;0.09288153648892018;0.0;0.0;0.0;239.6247415431459;-0.007036201423034072;0.004584893770515919;8.256143379211426;0.0067994870361872016;0.09609375
1141;0.18912679830078932;0.0;0.0;0.0;319.9194787760693;-0.010462854243814945;0.00383564957883209;8.257197761535645;0.0088025112869218;0.126953125
1142;6.992911688456109;1.0;0.6568638549099902;0.33540925391945;242.95155223304653;-0.012844461761415005;0.00987413190305233;8.26228733062744;0.006842353800311685;0.094921875
1143;-28.738269880412954;0.0;0.0;0.0;432.0091653268183;-0.013067649374715985;0.007692614919506013;8.267550849914551;0.009555676358286292;0.131640625
1144;-0.3198839179693277;0.0;0.0;0.0;535.037551471129;-0.006238577514886856;0.011476981965824962;8.26919732093811;0.009274678863584995;0.125
1145;0.2664089918117942;0.0;0.0;0.0;372.1563576191512;-0.014728110656142235;0.00452984991716221;8.274765253067017;0.010128987312782556;0.1478515625
1146;-1.3791387380670914;0.0;0.0;0.0;170.26942569481352;-0.00441374396905303;0.0027729478199034928;8.28016219139099;0.007402100856415928;0.108984375
1147;-1.758864301674499;0.0;0.0;0.0;698.415594968362;-0.016414230037480593;0.0026944858371280135;8.283335828781128;0.011832453776150942;0.16328125
1148;-3.0635467505274003;0.0;0.0;0.0;265.4841192571798;-0.019014876615256072;0.0033228373969905077;8.282642602920532;0.009673219232354313;0.1384765625
1149;-10.559715047801184;0.0;0.0;0.0;6.52990870599569;-0.009146546735428274;0.005493949213996529;8.284239721298217;0.008855197869706899;0.1255859375
1150;-4.965433638088073;0.0;0.0;0.0;283.09805937917434;-0.019551399466581642;0.003513414820190519;8.292416763305663;0.009718860941939056;0.14296875
1151;-2.308609572332542;0.0;0.0;0.0;124.3572559168315;-0.013035928271710873;0.005631118011660874;8.299525260925293;0.007274034002330154;0.0982421875
1152;-2.0379745692754705;0.0;0.0;0.0;254.36577965328837;0.0009522981941699982;0.0042586904019117355;8.29821720123291;0.006367907836101949;0.090234375
1153;-4.614474356516421;0.0;0.0;0.0;328.43336370462504;-0.006511643808335066;0.00515411994419992;8.294374465942383;0.009083528572227806;0.13203125
1154;-4.460836297417519;0.0;0.0;0.0;18.17921977763797;-0.005429434450343251;0.0036089855246245863;8.285671091079712;0.007473216450307518;0.096484375
1155;-1.4031579922529027;0.0;0.0;0.0;306.80135769501726;-0.013141743326559662;0.0033675549901090564;8.282693099975585;0.008082623698282988;0.1142578125
1156;1.2343521643212856;0.0;0.0;0.0;240.8924574339865;-0.01314902282319963;0.0036769617290701717;8.28561053276062;0.006855986441951245;0.09296875
1157;-0.773898491553314;0.0;0.0;0.0;291.71293843857273;-0.011411874927580357;0.007495923526585102;8.284738731384277;0.012179918633773924;0.1697265625
1158;-5.980426325980318;0.0;0.0;0.0;690.2678347391738;-0.0012504325248301029;0.008629720169119537;8.284156036376952;0.00920366628561169;0.1263671875
1159;-0.5361386209346256;0.0;0.0;0.0;313.37328101139076;-0.00789075307548046;0.008009104011580347;8.280498695373534;0.009331454953644425;0.126953125
1160;-1.1902844421614043;0.0;0.0;0.0;285.541154795955;-0.013667215779423713;0.009276401135139167;8.281074953079223;0.007929912721738219;0.1072265625
1161;-0.30951960329689865;0.0;0.0;0.0;319.9947600328386;-0.015650794329121708;0.00397636394482106;8.281471109390258;0.008932608331087976;0.1294921875
1162;-0.6718494418003105;0.0;0.0;0.0;260.9000534926753;-0.006767399050295353;0.0018461015541106462;8.27758755683899;0.007460171182174236;0.0986328125
1163;-0.976628527526746;0.0;0.0;0.0;305.8421100231053;-0.009272198379039764;0.0026346083148382606;8.271734714508057;0.009075451490934939;0.116015625
1164;-5.226748698073688;1.0;0.6318183815682804;0.2681347961214684;430.3843372523021;-0.011457627825438976;0.0019254658196587115;8.274604511260986;0.0086851637926884;0.12109375
1165;-3.223163952420971;0.0;0.0;0.0;167.85616399615702;-0.015109154768288136;0.012410553079098463;8.27470030784607;0.010404436755925417;0.127734375
1166;-13.048172096181078;0.0;0.0;0.0;6.84857726190592;-0.007968213688582183;0.007207200839184224;8.269328832626343;0.006420480459928513;0.082421875
1167;-1.0549593081451545;0.0;0.0;0.0;257.57011111482404;-0.013662094157189131;0.0024684999836608766;8.263446569442749;0.007487670914269984;0.10546875
1168;-2.9284897908210503;0.0;0.0;0.0;375.2357242208161;-0.016905820462852716;0.0040345687768422065;8.26329026222229;0.008970254415180534;0.1302734375
1169;-6.083373740136901;0.0;0.0;0.0;289.2583676820648;-0.002414666907861829;0.005308684520423412;8.266548013687133;0.009333705250173806;0.123046875
1170;-1.7689805236116927;0.0;0.0;0.0;391.29510699104276;-0.007767037550608317;0.003426517212452988;8.270461972554525;0.011122043213496606;0.15286458333333333
1171;-4.391227884954901;0.0;0.0;0.0;422.7085983004252;-0.01027625435963273;0.003483617655001581;8.272835206985473;0.009498432837426662;0.1337890625
1172;-12.114906095727404;0.0;0.0;0.0;679.7396284615714;-0.013195611583068968;0.004089912923518568;8.27673954963684;0.009508327418006956;0.1328125
1173;0.23882759217671978;0.0;0.0;0.0;190.1005004189356;-0.008906094823032618;0.00203748443746008;8.28141541481018;0.0086295856279321;0.1208984375
1174;-1.4342200159012586;0.0;0.0;0.0;419.30351452024615;-0.009313994646072387;0.0026646087761037053;8.282054471969605;0.00922405831515789;0.1384765625
1175;-1.7594712103704402;0.0;0.0;0.0;204.16477169184648;-0.007604539394378662;0.0012022633309243247;8.28197159767151;0.008243010297883302;0.11328125
1176;-1.2061930828560798;0.0;0.0;0.0;432.0907698564642;-0.02629716689698398;0.0013339200493646785;8.283966064453125;0.009336289169732481;0.1291015625
1177;-0.7492634620622273;0.0;0.0;0.0;367.0439494622306;-0.009263871191069483;0.002013140422059223;8.289782953262328;0.006591252656653524;0.0912109375
1178;-1.6146812283186458;0.0;0.0;0.0;208.77022570358457;-0.01467521390877664;0.002722875669132918;8.291540908813477;0.0050443586660549045;0.0556640625
1179;0.1517556121064735;0.0;0.0;0.0;224.22372686748326;-0.02307284770067781;0.001567280973540619;8.287577199935914;0.009343844070099295;0.1322265625
1180;-0.4458085732380268;0.0;0.0;0.0;229.73097063631528;-0.01057597710750997;0.001869823399465531;8.289955711364746;0.006549535226076842;0.09296875
1181;-1.806863282779146;0.0;0.0;0.0;222.42307966252653;-0.015119893057271839;0.0017190161044709385;8.295842838287353;0.008852097706403583;0.1283203125
1182;-0.24725327616748718;0.0;0.0;0.0;327.54783593322156;-0.010304062673822046;0.003430600406136364;8.304598569869995;0.00938973161391914;0.1259765625
1183;-11.068059375446834;0.0;0.0;0.0;204.468288127455;-0.008254866884090006;0.004619087441824377;8.312382650375366;0.008449251437559724;0.1146484375
1184;-6.722275917113117;0.0;0.0;0.0;351.7758083622011;-0.009466585237532854;0.0015998420480173082;8.315437078475952;0.005962117260787636;0.06640625
1185;-0.5220543203701833;0.0;0.0;0.0;222.12561202555304;-0.0060223093256354335;0.0016203323379158975;8.318718862533569;0.008566733438055963;0.115234375
1186;-1.3626372758400287;0.0;0.0;0.0;152.95296700673123;-0.009985088417306543;0.0018475733057130128;8.313369798660279;0.007447743334341794;0.10859375
1187;-1.2068096310872478;0.0;0.0;0.0;210.3601995926468;-0.00566786671988666;0.002059564390219748;8.307919788360596;0.006217490544077009;0.081640625
1188;0.32525773287089355;0.0;0.0;0.0;192.70682774032886;-0.010548168281093239;0.0026628437626641244;8.306675052642822;0.006080214946996421;0.0744140625
1189;-0.7629053524465618;0.0;0.0;0.0;216.0989739628945;-0.013010864611715078;0.0027992265415377913;8.30184097290039;0.0061525592696852986;0.083203125
1190;-2.5100397271886155;0.0;0.0;0.0;181.0802433874263;-0.010171910328790546;0.0014626111602410673;8.3030179977417;0.007227819180116057;0.1048828125
1191;0.5351568541882522;0.0;0.0;0.0;137.5599983224917;-0.008270352613180876;0.002345934550976381;8.30675253868103;0.008095725136809052;0.111328125
1192;-3.7740223879429626;0.0;0.0;0.0;282.9924019088333;-0.010585005208849908;0.0016756356228142977;8.314008522033692;0.006186219200026244;0.0779296875
1193;-1.159523161998224;0.0;0.0;0.0;149.77579636627524;-0.015363069670274853;0.0030125231831334533;8.317546463012695;0.008727355359587819;0.1111328125
1194;-0.20722305337999675;0.0;0.0;0.0;264.58162762634686;-0.01501689776778221;0.0016460103797726333;8.320881366729736;0.006722721480764448;0.0908203125
1195;-0.8803484127355264;0.0;0.0;0.0;557.1478656591098;-0.015118751488626004;0.0022567188483662904;8.323600339889527;0.0073769244714640084;0.10078125
1196;-1.4117855301082638;0.0;0.0;0.0;213.8246406252592;-0.0018662365153431892;0.0023918650054838508;8.327458715438842;0.007717020949348808;0.11328125
1197;-0.1285540308322345;0.0;0.0;0.0;250.38206745387555;-0.013481853902339936;0.005531177762895823;8.324987936019898;0.009587258216924965;0.1337890625
1198;-14.457087022175696;0.0;0.0;0.0;13.681574619920218;-0.020778528111986817;0.002905005484353751;8.321640777587891;0.008582533861044794;0.1248046875
1199;-22.20748574145138;0.0;0.0;0.0;339.25429062780233;-0.012234577490016819;0.005184192350134254;8.323978090286255;0.009986138565000146;0.1369140625
1200;-2.731619318682263;0.0;0.0;0.0;236.24927825588642;-0.009746043151244521;0.014391565322875976;8.330097818374634;0.00878178485436365;0.1064453125
1201;-1.8637094488574286;0.0;0.0;0.0;425.796712197897;-0.008679763134568929;0.008843532134778797;8.334832763671875;0.010369221575092524;0.1408203125
1202;-1.6052087123626475;0.0;0.0;0.0;200.88853359904928;-0.013409461895935237;0.07579992208629846;8.332328033447265;0.009047033754177392;0.1248046875
1203;-1.909304094068234;0.0;0.0;0.0;399.83414119077514;-0.010344469547271728;0.004615092475432903;8.33041763305664;0.008406917157117277;0.117578125
1204;-3.6837757016025776;0.0;0.0;0.0;464.4903328990118;-0.008497973764315247;0.002871753240469843;8.336196231842042;0.0074967383174225685;0.1083984375
1205;-1.5008633160159943;0.0;0.0;0.0;184.77746860026747;-0.008128965576179325;0.005670727021060884;8.34099817276001;0.009870337613392621;0.13125
1206;-1.4595450007801551;0.0;0.0;0.0;360.93205897503947;-0.006169931031763554;0.07883293498307467;8.343513345718383;0.006138858199119568;0.0759765625
1207;-1.5688935547738623;0.0;0.0;0.0;259.26276349818676;-0.007469614478759467;0.009350467170588673;8.341103267669677;0.007832664425950497;0.1064453125
1208;-1.4293145171395423;0.0;0.0;0.0;206.5336168826734;-0.019423263147473335;0.007218418177217245;8.34631280899048;0.008081380417570472;0.111328125
1209;-0.5673093303599929;0.0;0.0;0.0;138.6467646163523;-0.011597109399735928;0.006558890943415463;8.356084203720092;0.009040341852232814;0.1107421875
1210;-0.7852239772184416;0.0;0.0;0.0;238.56930381284906;-0.010500413971021772;0.00431180689483881;8.363647651672363;0.007460776984225958;0.096484375
1211;-1.0046315973416113;0.0;0.0;0.0;213.60127045870053;-0.013013276876881719;0.003973698208574206;8.365080881118775;0.00751647517317906;0.101953125
1212;-4.902596858312273;0.0;0.0;0.0;265.42072840738837;-0.011013285024091601;0.004423619597218931;8.366674661636353;0.007676550652831793;0.1025390625
1213;6.143320655381873;1.0;0.845352537201162;0.4279056088028897;171.57242120557257;-0.021735708648338913;0.007692907529417425;8.371635675430298;0.012151600862853228;0.1666015625
1214;-1.3901519816488557;0.0;0.0;0.0;400.7166254601526;-0.009011767152696849;0.004711018991656601;8.376818323135376;0.010334414069075138;0.14921875
1215;0.32916503464841684;0.0;0.0;0.0;128.74877148319786;-0.010366681800223886;0.006981551484204829;8.379812383651734;0.008080826350487768;0.116015625
1216;-4.449280717132846;0.0;0.0;0.0;317.14908175299615;-0.009647568501532078;0.07252715332433582;8.393030786514283;0.007530909066554159;0.1025390625
1217;-0.6216201902570997;0.0;0.0;0.0;910.3011279568656;-0.010422027762979269;0.003688013250939548;8.395860719680787;0.006926661648321897;0.0927734375
1218;0.18128082526468126;0.0;0.0;0.0;140.43742568676308;-0.005881116131786257;0.0014195631665643305;8.395915460586547;0.006854441482573748;0.09921875
1219;-1.8479524118944881;0.0;0.0;0.0;190.7750492533098;-0.006812805263325572;0.0019482516509015113;8.399326848983765;0.011979962862096728;0.1578125
1220;-8.543994624789157;0.0;0.0;0.0;1166.4064648483425;-0.005068983882665634;0.0015288566995877773;8.401719808578491;0.009825292648747564;0.139453125
1221;-4.496013809244254;0.0;0.0;0.0;471.89426330813404;-0.00713849370367825;0.00230990729178302;8.39995722770691;0.007953891716897487;0.1115234375
1222;0.1415642475507452;0.0;0.0;0.0;254.3188393833971;-0.012928693648427724;0.0023206989862956107;8.397697353363037;0.008370755473151803;0.11875
1223;-1.1746762093507035;0.0;0.0;0.0;281.16234755124844;-0.009318094048649073;0.0037044537137262525;8.402536869049072;0.006240286934189499;0.084375
1224;-8.902261200043094;0.0;0.0;0.0;853.7295225543332;-0.01651999815367162;0.0015015994023997337;8.408548307418823;0.007971717976033688;0.1150390625
1225;0.12924135258949165;0.0;0.0;0.0;237.37626237297786;-0.008212601765990257;0.002131808380363509;8.408919668197631;0.01062564025633037;0.1404296875
1226;0.6967407107627431;0.0;0.0;0.0;183.0637767628969;-0.010374270100146531;0.0009011547983391211;8.409489059448243;0.00765815112972632;0.112890625
1227;-4.011478761709942;0.0;0.0;0.0;402.7064684954714;-0.008831948880106211;0.000856133847264573;8.40977954864502;0.007427741633728146;0.107421875
1228;-2.280045828883552;0.0;0.0;0.0;1141.7322293136588;-0.014530517347157;0.0005639829221763648;8.41554560661316;0.0072971854591742154;0.1080078125
1229;0.32381488059455216;0.0;0.0;0.0;814.6877108066504;-0.015088687650859356;0.004913259204477072;8.418309926986694;0.004923506756313145;0.0650390625
1230;-3.8764664088750713;0.0;0.0;0.0;26.478367887736038;-0.0037875883281230927;0.007088818284682929;8.411795520782471;0.0055604958673939105;0.0740234375
1231;-0.6749950224318746;0.0;0.0;0.0;272.358329116538;-0.00799617450684309;0.06142995972186327;8.40797700881958;0.005966643476858735;0.074609375
1232;-7.171304344304909;0.0;0.0;0.0;600.7188473539936;-0.004883324773982167;0.003836356324609369;8.40530366897583;0.006448000972159207;0.082421875
1233;-1.9718488327241523;0.0;0.0;0.0;231.91936427979618;-0.006798492651432753;0.003321178746409714;8.415183210372925;0.0052468192530795935;0.0708984375
1234;0.8023804815697507;0.0;0.0;0.0;193.3610831192764;-0.02291135941632092;0.0037177254795096814;8.42193512916565;0.008900531195104122;0.126953125
1235;-0.14875896397354635;0.0;0.0;0.0;406.19572701348534;-0.017177488794550298;0.0019261183158960193;8.422338914871215;0.00901614809408784;0.12578125
1236;-0.590775166473291;0.0;0.0;0.0;236.3471117699028;-0.011369572300463916;0.0039083884912543;8.429376745224;0.010035964590497316;0.1447265625
1237;4.548947837454183;1.0;0.7045063822782898;0.1714194601695592;237.97850395225652;-0.011263830447569489;0.006296543346252292;8.438743209838867;0.009325375640764832;0.118359375
1238;-0.21858619508291482;0.0;0.0;0.0;892.0238262289603;-0.01818298567086458;0.0017809090320952236;8.45119333267212;0.010818509978707879;0.1365234375
1239;5.175019705767334;1.0;0.7870294334176636;0.22238644493386187;177.69545745917716;-0.011573740793392063;0.0033100803499110042;8.460010433197022;0.007218762894626707;0.095703125
1240;-0.5914936271522959;0.0;0.0;0.0;302.86004347585146;-0.008793103462085127;0.006207153177820146;8.465276002883911;0.010149201157037168;0.1369140625
1241;-1.8403995367820485;0.0;0.0;0.0;438.7933954229147;-0.007579978369176388;0.020030360436066985;8.46568431854248;0.0066884458879940215;0.0912109375
1242;0.33570385520271623;0.0;0.0;0.0;287.04367902667434;-0.007311802264302969;0.005758671567309648;8.461284732818603;0.006019090942572802;0.07421875
1243;0.7012102092610376;0.0;0.0;0.0;193.5530403161183;-0.018262809328734874;0.011879914393648505;8.460206317901612;0.01029460234567523;0.13203125
1244;0.8288469069027409;0.0;0.0;0.0;180.03700622116526;-0.009367407858371734;0.007220778521150351;8.467583274841308;0.006474193278700113;0.0966796875
1245;-3.2213027464428845;0.0;0.0;0.0;602.1279590609469;-0.009389810916036367;0.09080414911732078;8.478251743316651;0.005157213693019002;0.0650390625
1246;-0.7135607409651382;0.0;0.0;0.0;797.8634650618909;-0.00844348429236561;0.016069897543638946;8.488482809066772;0.009420719312038273;0.1248046875
1247;-5.995848710792178;0.0;0.0;0.0;252.67674883544325;-0.006937743874732405;0.06817439217120409;8.498073053359985;0.012410621496383101;0.1494140625
1248;-0.47770102916295815;0.0;0.0;0.0;354.37441423237425;-0.006281556095927954;0.0037502750172279777;8.5029700756073;0.007237568311393261;0.094921875
1249;-0.530400504552147;0.0;0.0;0.0;286.2668798070631;-0.009249451477080584;0.0029323271941393615;8.502447271347046;0.006684540375135839;0.0916015625
1250;0.20197554723142136;0.0;0.0;0.0;427.30590394993385;-0.01178868655115366;0.0033230445580556987;8.496389484405517;0.010069859190843999;0.1466796875
1251;1.3065121128364576;0.0;0.0;0.0;331.6694881359796;-0.011468089884147048;0.007435544510371983;8.492469549179077;0.009233284171205013;0.131640625
1252;-8.611062015763919;0.0;0.0;0.0;370.5581241953826;-0.0031359083019196986;0.007104651629924774;8.489279890060425;0.007440088456496597;0.098046875
1253;-0.6843165834539489;0.0;0.0;0.0;753.4541499545091;-0.013571603456512094;0.009199567418545485;8.489280939102173;0.009147491608746349;0.128125
1254;-1.6580061813869262;0.0;0.0;0.0;467.11877526082276;-0.015060645528137684;0.0037010192521847785;8.48942756652832;0.007779381575528532;0.102734375
1255;-0.27351231681671423;0.0;0.0;0.0;441.43283692361473;-0.00831323778256774;0.0026347697828896345;8.491275691986084;0.007742010522633791;0.105078125
1256;-16.345420121430095;0.0;0.0;0.0;200.6566686670271;-0.01375332185998559;0.0039452722296118735;8.490722513198852;0.010876622016075999;0.148828125
1257;1.0692904365724034;0.0;0.0;0.0;489.1824203543418;-0.013339229254052043;0.005613347655162216;8.49251103401184;0.00790396872907877;0.1119140625
1258;-0.7652511183018418;0.0;0.0;0.0;274.6077752724923;-0.0051784365437924865;0.004101657797582448;8.496072244644164;0.008913426962681114;0.1228515625
1259;-0.43344345872977513;0.0;0.0;0.0;199.2670981151396;-0.005693905102089047;0.0022754723147954794;8.50265293121338;0.007935703138355166;0.108203125
1260;0.23231452185651374;0.0;0.0;0.0;797.024673615667;-0.011702898982912302;0.0025243711250368507;8.504667663574219;0.006741970800794661;0.08984375
1261;-1.7177866375600548;0.0;0.0;0.0;670.1448477865193;-0.01052628739271313;0.0018493650888558478;8.503671979904174;0.0077212164993397895;0.1056640625
1262;1.0816487833582233;0.0;0.0;0.0;280.9355164263252;-0.012586230784654618;0.004397495661396533;8.502822875976562;0.008672363462392241;0.1291015625
1263;0.3378178661552632;0.0;0.0;0.0;391.1936066783768;-0.00912661338225007;0.003178525564726442;8.509362030029298;0.006346496602054686;0.0826171875
1264;-8.106116964890022;0.0;0.0;0.0;358.6243010285901;-0.020733862556517123;0.001449639565544203;8.513722801208496;0.009086801193188877;0.1302734375
1265;-8.038224239914863;0.0;0.0;0.0;285.75949553650634;-0.011745017860084772;0.1313453733921051;8.512545299530029;0.006706716259941459;0.0861328125
1266;-9.03723995826234;0.0;0.0;0.0;465.8148408811567;-0.010176269337534904;0.002401704044314101;8.508644294738769;0.005774377181660384;0.0751953125
1267;1.07544647100959;0.0;0.0;0.0;545.1864803968166;-0.010477602388709784;0.11186030711978674;8.504365301132202;0.00884856008924544;0.1193359375
1268;-10.997164703858852;0.0;0.0;0.0;613.5396402098244;-0.009606898413039744;0.006444109347648918;8.49466700553894;0.006654336245264858;0.08984375
1269;0.7654679644595528;0.0;0.0;0.0;521.684782761574;-0.013122409582138062;0.0018975033948663623;8.492739152908324;0.010034955944865942;0.12578125
1270;-2.025834220061965;0.0;0.0;0.0;692.6751379960491;-0.0065720234997570515;0.05461671452503651;8.491423797607421;0.0082041478715837;0.10703125
1271;1.1168629280438256;0.0;0.0;0.0;648.7904777545915;-0.00526190591044724;0.004039878631010652;8.491157865524292;0.00956382165895775;0.1302734375
1272;0.04267578906760089;0.0;0.0;0.0;478.94731033461255;-0.014992301957681775;0.006682196701876819;8.4945894241333;0.0130590601824224;0.154296875
1273;-11.32769282712039;0.0;0.0;0.0;851.4397728763978;-0.004194005019962787;0.00481204865500331;8.489650011062622;0.01032814357895404;0.13125
1274;-5.784647480833046;0.0;0.0;0.0;702.0733003557691;-0.007649113982915878;0.05557495129760355;8.486862087249756;0.009026091650594027;0.1181640625
1275;-0.41727752214699304;0.0;0.0;0.0;415.38963099633855;-0.017235908610746264;0.003860179043840617;8.489111328125;0.008188026875723153;0.111328125
1276;0.2781548045587662;0.0;0.0;0.0;573.3848773149782;-0.003777790581807494;0.009046741481870412;8.484694242477417;0.004763565934263169;0.0578125
1277;2.7095898969493764;1.0;0.35646094911855675;0.14121800675988475;324.1517407255919;-0.012567144585773349;0.009174755867570638;8.482022953033447;0.009118752845097333;0.1279296875
1278;0.8196555218752172;0.0;0.0;0.0;709.7530956780778;-0.012948763044551014;0.006162647367455065;8.479367399215699;0.006602118629962206;0.0939453125
1279;-14.86358553738548;0.0;0.0;0.0;703.5780068613803;-0.011006517009809614;0.0057130248635075985;8.475340795516967;0.007966038165614009;0.10703125
1280;0.4511559240418884;0.0;0.0;0.0;819.6224618853585;-0.0044692721683532;0.006164283165708185;8.474906206130981;0.007144265342503786;0.101171875
1281;-1.5352434033017248;1.0;0.33004274843844217;0.1721310121365405;672.01432218399;-0.011330300266854465;0.0027576760679949076;8.473375797271729;0.007855773170012981;0.1109375
1282;0.8303748954656646;0.0;0.0;0.0;336.99202472345496;-0.008147298649419099;0.002221377450041473;8.476644897460938;0.011459933302830905;0.162109375
1283;-0.2238423933461966;0.0;0.0;0.0;695.2302383823635;-0.010946303140372038;0.0025674642354715617;8.478288507461547;0.010465858143288643;0.146484375
1284;-5.845993533613384;0.0;0.0;0.0;755.7277395393578;-0.006510801613330841;0.00567634436301887;8.482201719284058;0.004745064943563193;0.061328125
1285;0.3445912828576505;0.0;0.0;0.0;631.3630374525419;-0.011231515742838382;0.005377326416783035;8.483983469009399;0.00796012559439987;0.115234375
1286;-5.479907360912042;0.0;0.0;0.0;1089.7907035852493;-0.007357518840581179;0.0028299201978370546;8.48545217514038;0.007861628686077893;0.1142578125
1287;-18.258337738914573;0.0;0.0;0.0;949.0455179814495;-0.004569171834737063;0.006050925049930811;8.484594631195069;0.007454071764368564;0.10546875
1288;-0.44141164194617993;0.0;0.0;0.0;693.6345985867288;-0.0071639992762357;0.004259582189843058;8.483087921142578;0.00504758870229125;0.057421875
1289;-14.479498666850859;0.0;0.0;0.0;684.7827436005975;-0.005694171879440546;0.06286888318136334;8.479755735397339;0.00796224873047322;0.1068359375
1290;0.3448514230519515;0.0;0.0;0.0;1047.6982388787628;-0.008637998718768358;0.002861760521773249;8.479493188858033;0.0074737649643793706;0.1025390625
1291;0.3663321660997449;0.0;0.0;0.0;907.7958557066434;-0.014308773446828127;0.00290669456589967;8.48477144241333;0.008625133312307298;0.123046875
1292;-6.0673880349283955;0.0;0.0;0.0;729.6803166842408;-0.012578493217006326;0.0013903917628340424;8.483723545074463;0.004905992979183793;0.0640625
1293;-0.16531620158745464;0.0;0.0;0.0;954.3832906081482;-0.017483798670582473;0.001506463752593845;8.482837200164795;0.00884186226176098;0.1103515625
1294;0.65545804917023;0.0;0.0;0.0;450.5330605922083;-0.012842441722750664;0.004699127876665443;8.485544013977051;0.008707141573540866;0.118359375
1295;-2.678048635495845;0.0;0.0;0.0;541.1132346422198;-0.008679031487554311;0.0026810939772985874;8.488933849334718;0.006536857271566987;0.0916015625
1296;-2.071432182946022;0.0;0.0;0.0;656.4957644578303;-0.0026109393918886782;0.004371074214577675;8.488279008865357;0.007785210502333939;0.0984375
1297;-12.74133126115217;0.0;0.0;0.0;522.7228863066304;-0.011131765996105969;0.05825592312030494;8.482394218444824;0.00993842501193285;0.1330078125
1298;-0.40109011655301896;0.0;0.0;0.0;776.0845175318415;-0.01303897681646049;0.00574967268621549;8.471213912963867;0.009586841752752661;0.1408203125
1299;-9.59669805129277;0.0;0.0;0.0;503.37154129994434;-0.01586701653432101;0.002432312711607665;8.469333600997924;0.004758211248554289;0.0583984375
1300;-3.866135879696323;0.0;0.0;0.0;728.1566290750991;-0.0037964135874062775;0.004567935166414827;8.470636415481568;0.00638949234271422;0.0859375
1301;-1.12255478934992;0.0;0.0;0.0;458.7808121032238;-0.00871427187230438;0.003891755361109972;8.470879602432252;0.007734097831416875;0.1095703125
1302;0.5179027705814994;0.0;0.0;0.0;404.9720144054905;-0.010379568487405778;0.004020083299838007;8.4756920337677;0.011692405957728625;0.1599609375
1303;1.5746226106045047;0.0;0.0;0.0;330.3235936832686;-0.007474577217362821;0.0062834771117195485;8.486324882507324;0.011191304074600339;0.1525390625
1304;-0.5042528603114104;0.0;0.0;0.0;337.7379710750406;-0.012244815425947308;0.005202467110939324;8.488391780853272;0.007653470442164689;0.1103515625
1305;-1.070695932475077;0.0;0.0;0.0;524.647956669168;-0.008880284614861012;0.0752671836875379;8.495039319992065;0.007628912222571671;0.1125
1306;-1.2417345899588699;0.0;0.0;0.0;175.14735580602684;-0.009736041375435888;0.007851998833939434;8.504550981521607;0.008319408888928593;0.115625
1307;-0.6615254110252468;0.0;0.0;0.0;376.3657968300473;-0.015791589859873056;0.034820829844102265;8.510320806503296;0.009819201997015626;0.1185546875
1308;-9.165535988965456;0.0;0.0;0.0;17.594782291345712;-0.008988678501918913;0.007823418104089796;8.520138025283813;0.009027793176937849;0.126953125
1309;-0.47504712186522036;0.0;0.0;0.0;712.0730661297875;-0.010219510970637202;0.00940229396801442;8.52637448310852;0.0073081710026599465;0.0953125
1310;0.21074399507064767;0.0;0.0;0.0;239.41106395655538;-0.018631716072559357;0.009482718841172754;8.529597854614257;0.011335004644934088;0.1611328125
1311;-7.797408027025155;0.0;0.0;0.0;598.0041851878336;-0.01226647486910224;0.005726557248272002;8.535342597961426;0.009551839681807905;0.125390625
1312;-1.293662743795784;0.0;0.0;0.0;476.7558124734745;-0.018905881606042386;0.007931445725262165;8.53914384841919;0.009961615270003676;0.128125
1313;-0.9900061228140591;0.0;0.0;0.0;220.96603836123694;-0.0032928592292591928;0.0023932160693220794;8.538621807098389;0.008162400708533824;0.1201171875
1314;0.049560987495597085;0.0;0.0;0.0;299.3638395399039;-0.007682685647159815;0.0031099355430342255;8.540102195739745;0.009389102121349423;0.1400390625
1315;-0.3046791521066482;0.0;0.0;0.0;460.4096257985473;-0.015777593478560448;0.004670811991672963;8.54638123512268;0.011036809720098972;0.1494140625
1316;-0.4349851893017326;0.0;0.0;0.0;160.59484567766884;-0.019170163082890213;0.004058681160677225;8.554919242858887;0.00868472239235416;0.1220703125
1317;-0.5131571370762151;0.0;0.0;0.0;264.3708046625326;-0.018739783577620982;0.005123654159251601;8.56116771697998;0.011066686164122074;0.1572265625
1318;0.45471128098842784;0.0;0.0;0.0;292.2001997309577;-0.008304155943915249;0.003340431780088693;8.566398763656617;0.009927724220324308;0.1447265625
1319;-0.4390236482320302;0.0;0.0;0.0;316.21889323531707;-0.012658969778567553;0.003343664261046797;8.57172908782959;0.006998696399386972;0.0994140625
1320;-0.7413875262664446;0.0;0.0;0.0;262.0261758953208;-0.015615994110703468;0.0019476904068142175;8.575645780563354;0.012410518736578524;0.1646484375
1321;-8.169081374687549;0.0;0.0;0.0;344.7633091140322;-0.01270968047901988;0.002495588606689125;8.578061485290528;0.004299506894312799;0.049609375
1322;-1.0890788546554377;0.0;0.0;0.0;320.70364304304024;-0.013254096545279027;0.001802017481531948;8.579691219329835;0.005792761757038534;0.0681640625
1323;-0.6015210407653868;0.0;0.0;0.0;440.0004701769123;-0.010915136989206075;0.0024163860303815453;8.58345365524292;0.0076986553613096476;0.108984375
1324;0.03989170786842663;0.0;0.0;0.0;264.31332231956225;-0.016741693019866943;0.002000045793829486;8.586436939239501;0.0108275143080391;0.142578125
1325;0.526355540317182;0.0;0.0;0.0;191.08530138250845;-0.020126334903761745;0.002083726070122793;8.588375616073609;0.011664261645637452;0.15234375
1326;-4.781633704721838;0.0;0.0;0.0;174.18663959332127;-0.01686302563175559;0.06877158326096833;8.592537021636963;0.010048082866705953;0.13203125
1327;-22.70546342773752;0.0;0.0;0.0;449.147680026748;-0.0006087716436013579;0.009864501259289681;8.598574495315551;0.00631949717644602;0.08125
1328;-0.02375486937369358;0.0;0.0;0.0;209.3508379652922;-0.008607546892017126;0.003886514448095113;8.599053001403808;0.00996971649583429;0.1294921875
1329;1.3831174863184394;0.0;0.0;0.0;157.52993908524937;-0.007571222027763724;0.010574180586263537;8.600150299072265;0.009154899860732257;0.122265625
1330;-19.46189847531164;0.0;0.0;0.0;227.94996463576035;-0.013316961529199034;0.005278174311388284;8.600725841522216;0.009630171267781406;0.1365234375
1331;-2.5869295898714713;0.0;0.0;0.0;138.13236593837894;-0.009093183930963278;0.006480852526146918;8.607205009460449;0.009397487400565296;0.1240234375
1332;-0.42318674546755236;0.0;0.0;0.0;320.6747809778517;-0.01932579753920436;0.0032768834149464964;8.61580228805542;0.006769350450485945;0.09375
1333;0.2534251587100682;0.0;0.0;0.0;157.7644690461989;-0.010233848239295185;0.0022667632030788807;8.62420105934143;0.008192930067889393;0.112890625
1334;-0.8780195432702353;0.0;0.0;0.0;274.9263882695317;-0.02162663550116122;0.004038809903431684;8.62567858695984;0.010195087583269924;0.146484375
1335;-0.6954880950923811;0.0;0.0;0.0;117.80348923869657;-0.008358973264694213;0.0020538787124678493;8.6229012966156;0.006093542673625052;0.0841796875
1336;-9.946747294975948;0.0;0.0;0.0;177.6745492150145;-0.011907283682376146;0.0033358147949911652;8.61813063621521;0.01012260909192264;0.1439453125
1337;-2.120391848575693;0.0;0.0;0.0;230.53287913356624;-0.00801345445215702;0.006916281254962087;8.624659109115601;0.007077746768482029;0.1052734375
1338;-0.7209061908273866;0.0;0.0;0.0;97.49101075819719;-0.014514870522543789;0.009729573805816471;8.625807523727417;0.010446711105760186;0.1396484375
1339;-0.5381907894866593;0.0;0.0;0.0;125.75527484068436;-0.007390821306034923;0.0023956043762154875;8.6199387550354;0.009215683594811707;0.12890625
1340;-1.2664286178976933;0.0;0.0;0.0;66.22333594806149;-0.011932829534634948;0.0030149475787766278;8.621514987945556;0.007417349785100669;0.1033203125
1341;-0.3775893884248241;0.0;0.0;0.0;292.9346913441787;-0.0058155582752078775;0.06008680108934641;8.628394412994385;0.009107675438281148;0.125390625
1342;-0.7947858659253279;0.0;0.0;0.0;133.78075671056922;-0.014726691320538521;0.004630554188042879;8.62926163673401;0.007220394141040742;0.094921875
1343;-2.559751489846634;0.0;0.0;0.0;339.8446768182527;-0.008396641863510013;0.0050380317028611895;8.628785610198975;0.008748233248479665;0.1203125
1344;-0.6035031694445152;0.0;0.0;0.0;174.11337194883404;-0.0031485270708799364;0.08125952938571572;8.627536869049072;0.008452699915505946;0.109375
1345;-20.96407310349392;0.0;0.0;0.0;513.8505463736456;-0.012892237631604075;0.0037871725391596554;8.627634620666504;0.009560217522084713;0.1416015625
1346;-0.901909902413295;0.0;0.0;0.0;160.2106900710079;-0.011155869625508786;0.0041311642620712515;8.622132730484008;0.009117491694632917;0.1279296875
1347;-0.006720572078419315;0.0;0.0;0.0;155.20829715457273;-0.004202871909365058;0.004534519906155765;8.614842128753661;0.005249053123407066;0.0669921875
1348;-2.6702426234584293;0.0;0.0;0.0;291.68415214115635;-0.014547921484336257;0.00441369985928759;8.609559345245362;0.008681030268780887;0.12734375
1349;1.1278669592901085;0.0;0.0;0.0;161.21601426738636;-0.016187330521643162;0.008103294833563267;8.605657815933228;0.010479983582627028;0.149609375
1350;1.2178294080956449;0.0;0.0;0.0;110.76364719564052;-0.0032248534727841614;0.01567171453498304;8.604984378814697;0.008051833149511366;0.1033203125
1351;-0.13019432973406608;0.0;0.0;0.0;232.22952462802402;-0.013225782406516373;0.0026070196880027654;8.610258054733276;0.009611416165716946;0.14375
1352;-1.6881511356210581;0.0;0.0;0.0;307.7430911639781;-0.014451495709363372;0.002526873955503106;8.617290544509888;0.007036449131555855;0.0962890625
1353;-11.308981808111382;0.0;0.0;0.0;249.9597795044452;-0.011121356301009655;0.004823814623523504;8.621863555908202;0.008143048570491373;0.1197265625
1354;-0.3716754260165894;0.0;0.0;0.0;265.3664235047699;-0.01224312516860664;0.0027794979163445533;8.621588039398194;0.008285368571523576;0.1103515625
1355;-7.545055195961894;0.0;0.0;0.0;162.07962355552812;-0.009636846743524075;0.003141125023830682;8.619301033020019;0.007834926468785853;0.108203125
1356;-2.3605797662488937;0.0;0.0;0.0;217.94174971273318;-0.006558010587468743;0.011105154058896005;8.622082281112672;0.007354532473254949;0.101171875
1357;-13.812839753579986;0.0;0.0;0.0;480.99895782510623;-0.014895739173516631;0.005710802646353841;8.624245929718018;0.008678162191063165;0.1181640625
1358;-0.10068824365009485;0.0;0.0;0.0;241.1790183432082;-0.01103610061109066;0.0022448058298323303;8.625967979431152;0.00874198080273345;0.1015625
1359;-7.433770135516306;0.0;0.0;0.0;308.0308777179439;-0.015967256389558315;0.003478498919866979;8.627877378463745;0.007107249926775694;0.09921875
1360;0.17896335072047626;0.0;0.0;0.0;297.6747501415605;-0.017373493919149042;0.0017639141529798507;8.634580326080322;0.007008225831668824;0.1021484375
1361;0.8073783136278194;0.0;0.0;0.0;154.25726589059133;-0.01681606937199831;0.00929782185703516;8.64313530921936;0.007388891489244998;0.09609375
1362;-0.46427487706492065;0.0;0.0;0.0;455.8136641845975;-0.016408311761915685;0.003191260842140764;8.650414609909058;0.0127877636696212;0.176171875
1363;-0.015967349066274936;0.0;0.0;0.0;188.60757903213266;-0.004952041944488883;0.004504798422567546;8.66033616065979;0.012344391376245767;0.170703125
1364;-0.5366380877764395;0.0;0.0;0.0;131.4167226457739;-0.001212374772876501;0.003480579610913992;8.660574913024902;0.008222299872431903;0.11640625
1365;-1.9193817539390727;0.0;0.0;0.0;267.1363003114601;-0.014101641112938523;0.0023208859201986343;8.655936098098755;0.007398612936958671;0.09296875
1366;-4.486332325855967;0.0;0.0;0.0;355.113759922011;-0.007824832713231445;0.004422339960001409;8.656879711151124;0.007362456351984292;0.0951171875
1367;-0.6624085372647677;0.0;0.0;0.0;128.65667957379347;-0.01195358990225941;0.0036838221945799886;8.661819171905517;0.009410161699634045;0.12578125
1368;-2.1967412753578905;0.0;0.0;0.0;179.9852230088571;-0.0061528879217803475;0.004999440268147737;8.673798418045044;0.008147727104369552;0.10390625
1369;-3.837269000471146;0.0;0.0;0.0;211.48388348046623;-0.007961659180000424;0.010738880163989961;8.686656284332276;0.01036239501554519;0.1404296875
1370;-19.45431091420761;0.0;0.0;0.0;116.97760209322631;-0.011531667830422521;0.0054265842074528335;8.692590856552124;0.008911083824932576;0.1205078125
1371;-0.021748535759687816;0.0;0.0;0.0;145.48282297506245;-0.009333415096625686;0.0014176070981193334;8.694132995605468;0.007450631004758179;0.0998046875
1372;0.15982305554691947;0.0;0.0;0.0;318.8936251094872;-0.015486423391848803;0.00165931754745543;8.699449682235718;0.008852006273809821;0.1283203125
1373;-3.171843297228623;0.0;0.0;0.0;260.95136058229946;-0.014167698752135038;0.0019707225845195355;8.705836391448974;0.007374049641657621;0.1037109375
1374;-1.9407855976848514;0.0;0.0;0.0;101.9221769854555;-0.01428976533934474;0.001695634104544297;8.710277271270751;0.01032487815245986;0.1359375
1375;-0.22448123086085026;0.0;0.0;0.0;189.72158411812086;-0.008350644912570714;0.001888057985343039;8.710182619094848;0.009025052073411644;0.131640625
1376;-4.3205920774821145;0.0;0.0;0.0;182.68143177468588;-0.008320627547800542;0.0033464400214143096;8.712044715881348;0.008766167622525245;0.1294921875
1377;-0.15374786001275823;0.0;0.0;0.0;161.08520800561269;-0.005431605479680001;0.002514707820955664;8.712422466278076;0.00844117368105799;0.116796875
1378;-0.37413708822656955;0.0;0.0;0.0;270.0696049385735;-0.014049861510284246;0.0017856757156550884;8.711035919189452;0.008096574700903147;0.1138671875
1379;0.26347971984181756;0.0;0.0;0.0;250.16839306512958;-0.010227979777846485;0.05940551327075809;8.710004949569703;0.00754802004666999;0.1013671875
1380;-3.4241693263148867;0.0;0.0;0.0;297.9301002183873;-0.011346499202772975;0.00333112517837435;8.711601543426514;0.009789235540665686;0.1310546875
1381;0.03713190851863337;0.0;0.0;0.0;243.77811867092396;-0.014158947207033635;0.0033823133097030224;8.711658811569214;0.007335485401563346;0.10546875
1382;-0.3812118921045843;0.0;0.0;0.0;78.68955157517144;-0.012067752564325929;0.0020869728818070144;8.716371393203735;0.009833947173319757;0.1349609375
1383;-11.859143855382445;0.0;0.0;0.0;354.81863822786505;-0.01753938989713788;0.0015028868685476482;8.724787282943726;0.009798131650313735;0.14453125
1384;0.5565571933964799;0.0;0.0;0.0;237.05565748900113;-0.016337494552135467;0.0010468729975400492;8.729481172561645;0.010132299968972802;0.1439453125
1385;-2.733124850537614;0.0;0.0;0.0;200.798314763077;-0.012691648956388236;0.000949622126063332;8.73044261932373;0.009475528507027774;0.1279296875
1386;-0.16310165183660583;0.0;0.0;0.0;468.0325006186569;-0.005346696800552308;0.001869641471421346;8.734153223037719;0.008352352026849984;0.119921875
1387;-0.22219989303379495;0.0;0.0;0.0;200.90928172029618;-0.007515133172273636;0.002067593589890748;8.740752840042115;0.009231621329672635;0.126953125
1388;-34.63217520023042;0.0;0.0;0.0;396.4651285543638;-0.01941963452845812;0.00344357417197898;8.739844846725465;0.006689740624278784;0.091015625
1389;-0.3139193190865053;0.0;0.0;0.0;121.4730719026265;-0.0038407544139772653;0.12506691701710224;8.73699655532837;0.010247918195091188;0.152734375
1390;-2.4769748367404034;0.0;0.0;0.0;313.0437621595204;-0.011150181444827467;0.003075290733249858;8.739847135543823;0.007881718908902258;0.1080078125
1391;-3.239549137430817;0.0;0.0;0.0;157.88485999444325;-0.012066174391657114;0.002122329588746652;8.738751697540284;0.009222590771969408;0.1322265625
1392;0.40133989939120535;0.0;0.0;0.0;226.98164044562967;-0.014576743729412556;0.002169170358683914;8.73841471672058;0.009198855445720255;0.1291015625
1393;-9.507317795868646;0.0;0.0;0.0;238.76721222038245;-0.012114811548963189;0.0019596995669417085;8.73592176437378;0.009084332385100424;0.1275390625
1394;-1.4616018737994867;0.0;0.0;0.0;149.0573422302093;-0.008673726115375757;0.0017166291014291345;8.733479738235474;0.0093567680218257;0.134375
1395;-1.2362171289704365;0.0;0.0;0.0;278.6317617965493;-0.012426306353881955;0.0009126516844844446;8.731569147109985;0.008090024709235876;0.1154296875
1396;-0.44553162035746136;0.0;0.0;0.0;139.29271255481083;-0.01197939137928188;0.0008189006533939391;8.724975538253783;0.009302189212758095;0.1263671875
1397;-10.23520391625724;0.0;0.0;0.0;352.86915567920806;-0.012338486220687627;0.0007219972874736413;8.71854476928711;0.01091275248909369;0.1439453125
1398;-6.3403032191116;0.0;0.0;0.0;391.3740203352104;0.0016696623526513577;0.11877438118681312;8.715678930282593;0.007385297655127942;0.095703125
1399;-0.15587745322010813;0.0;0.0;0.0;139.86572633637567;-0.011960023106075824;0.0030084710218943656;8.713401317596436;0.009589021117426455;0.1267578125
1400;4.954937781814955;1.0;0.7478923308099975;0.18076319787990394;184.1020740567508;-0.013701652595773339;0.06887067835777998;8.715434360504151;0.005532538157422095;0.0748046875
1401;-0.28386101346502207;0.0;0.0;0.0;262.5952126855067;-0.011372934747487306;0.10142157304799185;8.714720964431763;0.013189821632113307;0.1548828125
1402;-3.7194836949739085;0.0;0.0;0.0;76.63120788782246;-0.008947837445884944;0.05120909004472196;8.711103487014771;0.006162195734214037;0.0759765625
1403;-10.374573191629594;0.0;0.0;0.0;274.73428814948517;-0.013411906408146023;0.07174236690625549;8.70726900100708;0.008040009229443968;0.1115234375
1404;0.047316703477971886;0.0;0.0;0.0;222.06357629557507;-0.01660905221942812;0.004475531773641706;8.705199193954467;0.009048586862627417;0.11875
1405;0.08792078331989951;0.0;0.0;0.0;123.7409127923152;-0.012085978034883737;0.0031383287743665276;8.704710531234742;0.006209270446561277;0.080078125
1406;0.5715633212156567;0.0;0.0;0.0;253.55332732267976;-0.015702817449346186;0.0021380435209721327;8.70818395614624;0.0068073719274252655;0.0890625
1407;-14.51549181477798;0.0;0.0;0.0;289.91116108321097;-0.004194042272865772;0.05544665995985269;8.70410089492798;0.011658903292845935;0.1421875
1408;0.21055051748907844;0.0;0.0;0.0;357.23269393384123;-0.009265719819813967;0.05787466410547495;8.69397783279419;0.0088081483845599;0.115234375
1409;-0.2591434168757512;0.0;0.0;0.0;161.95129326194615;-0.010271391039714218;0.011089453753083945;8.68757734298706;0.010242107522208244;0.134375
1410;0.433547536641666;0.0;0.0;0.0;187.76402464414616;-0.01147163095884025;0.004276098811533302;8.690857172012329;0.007166771206539124;0.0978515625
1411;-0.6626541076079584;0.0;0.0;0.0;158.2063581134003;-0.012158344965428114;0.025941526505630464;8.696939754486085;0.01662702210014686;0.1736328125
1412;0.20691523165619596;0.0;0.0;0.0;321.8809928235573;-0.009699898026883601;0.005112383072264493;8.701805686950683;0.006781968474388123;0.0869140625
1413;-0.2740445135261256;0.0;0.0;0.0;429.9740633088956;-0.011395745258778334;0.0715196474455297;8.695789766311645;0.008855792402755469;0.12265625
1414;0.43313568770338534;0.0;0.0;0.0;309.4342625254529;-0.01882764180190861;0.0060239131562411785;8.684331893920898;0.01038270244607702;0.1462890625
1415;-0.23345042383646025;0.0;0.0;0.0;544.4441194543676;-0.006522700516507029;0.06050909103360027;8.678679084777832;0.010656341875437647;0.15
1416;-4.1525618513735045;0.0;0.0;0.0;417.26084916303563;-0.013576118322089315;0.0033188065222930162;8.680770683288575;0.008012453885748982;0.1025390625
1417;-1.0270324819460062;0.0;0.0;0.0;352.95093413048744;-0.008324590884149075;0.0017632680188398807;8.688314247131348;0.006730500247795135;0.09375
1418;-0.22278128012611761;0.0;0.0;0.0;423.94808720783186;-0.010197660885751247;0.001678864227142185;8.69670934677124;0.00915475917281583;0.1248046875
1419;-0.11485394675454694;0.0;0.0;0.0;291.92963324448266;-0.01439421575050801;0.002069678402040154;8.70642910003662;0.01244230082957074;0.1640625
1420;0.10387848661905334;0.0;0.0;0.0;586.1437216597607;-0.009330023638904094;0.06033014883287251;8.70745096206665;0.01042235060594976;0.14609375
1421;-1.036546892377288;0.0;0.0;0.0;458.11112807956886;-0.00966064790263772;0.06496755424886942;8.7026376247406;0.010013412474654615;0.137109375
1422;-0.8029611921975152;0.0;0.0;0.0;335.8378652556961;-0.010703967278823256;0.0023723676451481877;8.701395559310914;0.006755500461440534;0.0990234375
1423;-1.947984665525673;0.0;0.0;0.0;495.51182096125126;-0.013904375396668911;0.0011082428973168135;8.699859762191773;0.007652371493168175;0.104296875
1424;-2.125839626525506;0.0;0.0;0.0;323.6999354748921;-0.0015161059331148864;0.001977076003095135;8.700414037704467;0.005184854043181986;0.0720703125
1425;-0.895371585892021;0.0;0.0;0.0;431.08973449953805;-0.012309163855388761;0.0019962141639553012;8.702596092224121;0.007969642768148332;0.1
1426;0.16480725215856304;0.0;0.0;0.0;467.4444347528146;-0.009050128515809774;0.0014907364966347814;8.706606721878051;0.007145290798507631;0.0951171875
1427;-0.7254289889262152;0.0;0.0;0.0;409.6147433714603;-0.010284479707479477;0.0010396892757853493;8.709490394592285;0.008022965025156736;0.110546875
1428;-0.6014142168867644;0.0;0.0;0.0;1002.6989412669367;-0.014071311336010695;0.0007895552786067128;8.71156816482544;0.00971516858553514;0.13203125
1429;-1.0096596443617762;0.0;0.0;0.0;736.237967329599;-0.01130396854132414;0.0011430783459218218;8.708438920974732;0.006134095904417336;0.08515625
1430;-2.31909891042069;0.0;0.0;0.0;84.61390432919264;-0.009629614418372512;0.0017733311804477125;8.701588249206543;0.008063960867002607;0.11484375
1431;1.041495357209217;0.0;0.0;0.0;502.15117587355235;-0.01656694491393864;0.0008250332030002028;8.700925970077515;0.00663169949548319;0.091796875
1432;0.6486743497406854;0.0;0.0;0.0;671.1420964031142;-0.005519408732652664;0.05902576483786106;8.704647874832153;0.007152821612544357;0.093359375
1433;-0.5299959289981293;0.0;0.0;0.0;457.81502054122893;-0.006158188264816999;0.0022298646275885404;8.700511407852172;0.007464228745084256;0.1140625
1434;-11.715765149833372;0.0;0.0;0.0;742.478435015737;-0.0128181938896887;0.0029823481105268;8.700016355514526;0.00783309955149889;0.10859375
1435;-11.669166485848002;0.0;0.0;0.0;562.317917246052;-0.01259672911837697;0.0028281558305025102;8.701766681671142;0.007324591639917344;0.110546875
1436;-7.873599625733303;0.0;0.0;0.0;896.469898162095;-0.007671033777296543;0.004758543591015041;8.704963779449463;0.006613200344145298;0.0923828125
1437;-3.879888391397377;0.0;0.0;0.0;529.7990283759316;-0.007672930881381035;0.05824177816975862;8.70603928565979;0.006211863702628761;0.0865234375
1438;0.25212225889628903;0.0;0.0;0.0;679.3073957478978;-0.009340491518378258;0.0020547018270008267;8.700526571273803;0.008537429722491652;0.1205078125
1439;-13.379251841079244;0.0;0.0;0.0;690.948307549392;-0.012165761878713965;0.058211206831038;8.694911527633668;0.01144332978874445;0.15859375
1440;-0.9108650074048723;0.0;0.0;0.0;257.8955194679194;-0.004826005175709724;0.03387782159261406;8.693396472930909;0.009144712844863534;0.13125
1441;-1.1101880821058634;0.0;0.0;0.0;647.1209921008909;-0.006462537124752999;0.06006251913495362;8.699350929260254;0.011481707717757672;0.1517578125
1442;0.09608442348741505;0.0;0.0;0.0;424.81251538064043;-0.005132299917750061;0.052982466644607484;8.698555612564087;0.008879606414120644;0.130078125
1443;-7.559137234282746;0.0;0.0;0.0;28.201692052683466;-0.01696288478560746;0.011841567000374198;8.70239462852478;0.010382875183131546;0.138671875
1444;-2.8374245573043932;0.0;0.0;0.0;670.4218452854894;-0.007473518326878548;0.0653027861379087;8.708913040161132;0.008134511928074063;0.1041015625
1445;-9.145682165397579;0.0;0.0;0.0;392.32357839367904;-0.016019474086351692;0.003081748483236879;8.70983157157898;0.007174969627521932;0.103125
1446;-1.198343764567541;0.0;0.0;0.0;351.49726164644755;-0.013252838281914592;0.0027086756890639663;8.708054971694946;0.01184176622191444;0.1537109375
1447;-2.8021809346543813;0.0;0.0;0.0;338.3990814000919;-0.008392258547246456;0.06565276505425573;8.711185264587403;0.00866997935809195;0.10546875
1448;-2.427426774052071;0.0;0.0;0.0;298.3051831585571;-0.013369250390678645;0.1112661361694336;8.711457633972168;0.010135395149700344;0.123828125
1449;0.12595225996671677;0.0;0.0;0.0;429.27305645811856;-0.009101141151040793;0.0030798130086623133;8.710343551635741;0.007277776196133345;0.09140625
1450;-1.6849908197392898;0.0;0.0;0.0;406.96344357440404;-0.007348644407466054;0.06194489076733589;8.712625408172608;0.011158315872307867;0.127734375
1451;0.3950566348594121;0.0;0.0;0.0;480.5623851352418;-0.011500934045761824;0.009211032977327704;8.717096328735352;0.00917373299598694;0.1279296875
1452;-0.7567275865296946;0.0;0.0;0.0;395.6797680056128;-0.015400865720584989;0.006800778862088919;8.726044988632202;0.006657720939256251;0.093359375
1453;0.6079414607861512;0.0;0.0;0.0;393.10470419723197;-0.01073207608424127;0.006567037594504654;8.730073690414429;0.007817803125362843;0.0935546875
1454;-3.6825944922266216;0.0;0.0;0.0;472.58237226624436;-0.013696173764765262;0.0670949213206768;8.725905704498292;0.009639139485079795;0.1365234375
1455;-2.2866704021359388;0.0;0.0;0.0;508.41374994318534;-0.0015349071938544512;0.03635874839965254;8.719677305221557;0.0065525143407285215;0.0876953125
1456;-0.9743788063406905;0.0;0.0;0.0;346.84898500626815;-0.009820550656877458;0.05754731018096208;8.720576620101928;0.009460901911370456;0.137109375
1457;-16.390966364411586;0.0;0.0;0.0;620.1111801215698;-0.008050063531845808;0.10889068450778723;8.713261604309082;0.007298784505110234;0.0955078125
1458;-3.0203355738187527;0.0;0.0;0.0;555.1528030825538;-0.016983863431960344;0.003418944531586021;8.71135778427124;0.00885550850071013;0.130078125
1459;-1.2317891981260498;0.0;0.0;0.0;520.8774676964038;-0.013348049484193325;0.007531356043182313;8.712647104263306;0.008762781787663699;0.11640625
1460;-14.69569611250503;0.0;0.0;0.0;436.74827350015534;-0.02423425680026412;0.06697104377672077;8.723416948318482;0.011710537481121719;0.1576171875
1461;-4.589923148306182;0.0;0.0;0.0;421.2960678013805;-0.005661949538625777;0.006855030474252999;8.731908273696899;0.009120314253959805;0.1248046875
1462;-0.42155036259429596;0.0;0.0;0.0;518.0829053236943;-0.015397187555208802;0.0038651670678518713;8.737362480163574;0.007358333270531148;0.1068359375
1463;-11.137433114223931;0.0;0.0;0.0;473.00382757027245;-0.015669548138976096;0.0019618764519691466;8.739831590652466;0.010010652174241842;0.1443359375
1464;5.385082946031584;1.0;0.708568151541515;0.29537996996585514;204.66834422694697;-0.009156627953052521;0.049686363083310425;8.736829853057861;0.008381405961699784;0.0974609375
1465;-4.1266019683748585;0.0;0.0;0.0;534.9313912180043;-0.013578330818563699;0.0025684603722766043;8.728263902664185;0.009139444376342;0.1263671875
1466;-0.1764544675647385;0.0;0.0;0.0;623.9109224408202;-0.019326610397547482;0.0650092801079154;8.719255447387695;0.012075075856409967;0.1671875
1467;-0.8639778120844342;0.0;0.0;0.0;670.9547705787788;-0.018700698483735324;0.0025983108091168104;8.718681287765502;0.00626895270543173;0.0744140625
1468;-0.2785974420080036;0.0;0.0;0.0;483.58751090968474;-0.01866191769950092;0.060616896767169234;8.715258598327637;0.010874627355951816;0.1396484375
1469;0.6141381715989714;0.0;0.0;0.0;468.26772220353376;-0.0088845269754529;0.007695081573911011;8.712104892730713;0.008804025768768042;0.1171875
1470;0.040550306277154786;0.0;0.0;0.0;369.61080218962843;-0.014915783936157823;0.0027320301858708264;8.713603639602661;0.008028817747253924;0.1138671875
1471;-4.254920356496694;0.0;0.0;0.0;446.03700390395824;-0.010245635593309998;0.0040093469200655815;8.713287830352783;0.008001219865400344;0.112109375
1472;-10.378893835632475;0.0;0.0;0.0;598.4044011430128;-0.01592559632845223;0.0027685261680744588;8.708272027969361;0.006694045511540026;0.0923828125
1473;-0.8921296143941712;0.0;0.0;0.0;341.0366223846405;-0.008285266649909317;0.0021491654275450855;8.703549337387084;0.008676514006219804;0.1306640625
1474;-0.06267031861411582;0.0;0.0;0.0;376.50542515561943;-0.010146416490897536;0.05873218053020537;8.708422565460205;0.008416433003731072;0.1142578125
1475;-8.559751772381237;0.0;0.0;0.0;238.72058257677185;-0.009970885701477528;0.0016287866164930165;8.711790847778321;0.009381455031689256;0.1369140625
1476;-0.161014618754494;0.0;0.0;0.0;513.0717753764312;-0.01440620250068605;0.0020765138033311814;8.714025831222534;0.008584588207304478;0.12421875
1477;-0.7245836172098048;0.0;0.0;0.0;439.54183901118154;-0.0038309804862365127;0.0022076285735238344;8.72068519592285;0.00795554913347587;0.108984375
1478;-0.3749820834154681;0.0;0.0;0.0;340.8507847525903;-0.017822032049298286;0.002893613954074681;8.722488021850586;0.009251218673307448;0.1287109375
1479;-8.770761096480038;0.0;0.0;0.0;336.72392779185805;-0.014247978664934635;0.0030890861409716306;8.71739239692688;0.007793444639537484;0.1171875
1480;0.5171228124389109;0.0;0.0;0.0;604.4584753532362;-0.00695710708387196;0.0020163669076282533;8.716913414001464;0.007480826147366315;0.0998046875
1481;-5.548352569629305;0.0;0.0;0.0;302.032991041648;-0.006024819798767567;0.002505968068726361;8.723313236236573;0.006844399019610137;0.0935546875
1482;-8.15019933653979;0.0;0.0;0.0;580.1495018394954;-0.011517263110727071;0.002677495824173093;8.729852628707885;0.011511997203342617;0.1669921875
1483;-0.26293570866331667;0.0;0.0;0.0;546.1318401471793;-0.012479364732280373;0.003486015321686864;8.732951593399047;0.007813449238892645;0.112109375
1484;0.5185005213981396;0.0;0.0;0.0;292.89947751686816;-0.019409468583762645;0.0024773719254881144;8.732426357269286;0.007847446610685437;0.1029296875
1485;-1.0752930810599761;0.0;0.0;0.0;353.12529489809225;-0.013387326407246292;0.0020142504130490125;8.732283926010131;0.008695998869370669;0.1220703125
1486;-9.536361153387103;0.0;0.0;0.0;458.89518748571084;-0.01162018779432401;0.0016876403300557286;8.737215089797974;0.008303267578594387;0.1111328125
1487;-0.8461506846251583;0.0;0.0;0.0;249.88956678422218;-0.013370514381676912;0.0020672237093094735;8.733076000213623;0.009182010416407139;0.131640625
1488;0.4056108834584529;0.0;0.0;0.0;216.69861856001634;-0.013777509168721735;0.001985314686316997;8.729073333740235;0.007443207548931241;0.1068359375
1489;-0.22699876546679196;0.0;0.0;0.0;400.08800790573264;-0.012281098845414817;0.002327600074931979;8.726147651672363;0.0061404473963193595;0.0814453125
1490;0.5556088918744948;0.0;0.0;0.0;155.20773783923715;-0.01037809057161212;0.001956943399272859;8.7224196434021;0.007153613795526326;0.0943359375
1491;-0.2788016441790001;0.0;0.0;0.0;273.5066400816452;-0.022610040102154016;0.0680920872837305;8.719794702529907;0.008885092497803272;0.1166015625
1492;-0.2476508526192506;0.0;0.0;0.0;148.16570396363866;-0.014036512095481157;0.003185417363420129;8.71520562171936;0.01035262835212052;0.1455078125
1493;-0.16547166444530065;0.0;0.0;0.0;340.3152524930672;-0.01108060274273157;0.06109978449530899;8.709985446929931;0.007833704783115536;0.1111328125
1494;0.13163302413702374;0.0;0.0;0.0;231.07516827741043;-0.022148753283545375;0.0024579805904068053;8.705721998214722;0.007351737760473043;0.0984375
1495;-6.397137718273184;0.0;0.0;0.0;273.36026585934945;-0.009599857614375651;0.0049650816479697825;8.705739402770996;0.007252301822882145;0.0974609375
1496;-0.04161770049263075;0.0;0.0;0.0;290.1287667581372;-0.011824157647788524;0.0032566704670898617;8.704957008361816;0.007658427290152758;0.10546875
1497;0.0240653942172104;0.0;0.0;0.0;358.84392659978903;-0.011063890648074448;0.035737631923984735;8.700544309616088;0.006942942820023746;0.0865234375
1498;-1.4560869244887946;0.0;0.0;0.0;258.6868419215174;-0.011085392348468304;0.004065070056822151;8.698852491378783;0.006238165451213718;0.0751953125
1499;0.6382566211347467;0.0;0.0;0.0;309.750171338766;-0.014427284803241491;0.003939963434822858;8.701532888412476;0.007295688288286329;0.099609375
1500;0.12303237106911595;0.0;0.0;0.0;296.9645048737321;-0.002334801247343421;0.061688037635758516;8.699525308609008;0.010533531324472278;0.134375
1501;0.31838363310817275;0.0;0.0;0.0;299.72575272232746;-0.0060797277837991714;0.004083430161699653;8.701566934585571;0.005714216793421656;0.06875
1502;-5.5312577316711256;0.0;0.0;0.0;268.2724514329384;-0.010408146679401398;0.05763017679564655;8.704247760772706;0.00900908822659403;0.1291015625
1503;0.34881061665580976;0.0;0.0;0.0;343.9131725558191;-0.011684706900268793;0.06892193499952555;8.70286455154419;0.008915769797749818;0.1302734375
1504;-0.9054799428865168;0.0;0.0;0.0;304.2173688550931;-0.013579809363000095;0.00578039102256298;8.700850200653075;0.008922628650907427;0.1185546875
1505;0.08322383816983281;0.0;0.0;0.0;288.47246165882757;-0.0152395871700719;0.0036754062166437507;8.705215454101562;0.008130321803037077;0.1107421875
1506;-8.699659628797429;0.0;0.0;0.0;201.71798890406689;-0.016616659145802258;0.0027462751721031966;8.70850887298584;0.008164042991120368;0.11015625
1507;-0.5357501057765993;0.0;0.0;0.0;177.62840721127873;-0.009429831057786942;0.057598126120865345;8.706610059738159;0.009137461602222174;0.1173828125
1508;-6.9450692895729;0.0;0.0;0.0;269.4942627564944;-0.0019634764175862074;0.027179259969852865;8.705459833145142;0.006668282521422953;0.094921875
1509;1.6199077257588586;0.0;0.0;0.0;218.65674064153404;-0.008368950337171555;0.008513312158174812;8.705659008026123;0.009706115268636495;0.1376953125
1510;-0.33933698308833843;0.0;0.0;0.0;149.6125079413213;-0.012766494695097209;0.010801009531132878;8.70660572052002;0.007369194028433413;0.1017578125
1511;0.26175617428361003;0.0;0.0;0.0;141.39261161051385;-0.00707186278887093;0.006505810073576868;8.712377119064332;0.008821056422311813;0.1033203125
1512;0.09306359238315903;0.0;0.0;0.0;255.17254374410052;-0.006376560591161251;0.007553438516333699;8.716121101379395;0.008091172797139733;0.1162109375
1513;0.14546613152533597;0.0;0.0;0.0;97.05288046578758;-0.014383447589352727;0.004902105347719043;8.712409591674804;0.008212914783507585;0.1115234375
1514;-1.8104620913337668;0.0;0.0;0.0;239.73580698585394;-0.021425750222988427;0.003550768690183759;8.710766792297363;0.005529723572544753;0.0720703125
1515;1.029255570909404;0.0;0.0;0.0;170.45498828067508;-0.00809428496286273;0.005770650156773627;8.714331150054932;0.010945223493035883;0.1544921875
1516;0.47173040894958607;0.0;0.0;0.0;242.68191973932346;-0.006204361002892256;0.002053429855732247;8.719690370559693;0.006577736628241837;0.0806640625
1517;-1.538837534872404;0.0;0.0;0.0;262.73763705932885;-0.0037054866552352905;0.001980169239686802;8.724231100082397;0.005633415409829467;0.0748046875
1518;4.757917402198842;1.0;0.6443741247142852;0.1970897480136491;359.37071574096854;-0.00946718086488545;0.0022389740275684743;8.731003141403198;0.006927552330307662;0.0822265625
1519;-0.8881863036817752;0.0;0.0;0.0;228.62382989082383;-0.01553595783188939;0.0018836669565644114;8.734910917282104;0.008447159477509559;0.1052734375
1520;-2.547096498948733;0.0;0.0;0.0;239.9145597203536;-0.012542519811540842;0.0014949245494790375;8.733177280426025;0.008008243096992374;0.1115234375
1521;-0.5877039231321793;0.0;0.0;0.0;317.7216912040021;-0.011423445027321576;0.0022443590103648605;8.734659814834595;0.005453883099835366;0.0732421875
1522;-1.0528855186894444;0.0;0.0;0.0;248.79207879742526;-0.009602641966193915;0.0013656440714839846;8.740939521789551;0.007736750575713813;0.114453125
1523;-0.5858916571663657;0.0;0.0;0.0;133.25193852693192;-0.015099592693150043;0.0018218280922155828;8.741721725463867;0.008994694415014238;0.133203125
1524;-0.29407442352533947;0.0;0.0;0.0;269.86454965578395;-0.014694089023396372;0.002721634053159505;8.742475986480713;0.008448352478444577;0.1029296875
1525;-0.055899986830566864;0.0;0.0;0.0;483.84216659669505;-0.015401974925771356;0.0023729873646516353;8.747638130187989;0.009316002938430757;0.1302734375
1526;0.6842686095048301;0.0;0.0;0.0;262.07172420748185;-0.008346710749901832;0.0011704381555318832;8.755638122558594;0.005620924755930901;0.069921875
1527;4.716940098134023;1.0;0.8146373773538556;0.17054839027840482;183.81100213119356;-0.009994804253801703;0.0008463335310807451;8.762566518783569;0.008187280374113471;0.1150390625
1528;5.7228579415508145;1.0;0.8543408223009753;0.24566635761453004;132.14224707091495;-0.007299257651902735;0.000974174658767879;8.761269807815552;0.006693406833801418;0.09140625
1529;6.271919831705366;1.0;0.6708433069981921;0.21038174967949064;237.70584348602213;-0.012409400613978504;0.0601678840816021;8.755084323883057;0.007641332712955773;0.09921875
1530;-1.8148384653707905;0.0;0.0;0.0;188.550171189436;-0.00042548845522105694;0.003944853052962572;8.753356742858887;0.007728590478654951;0.1083984375
1531;0.5018081953079193;0.0;0.0;0.0;260.98178223831616;-0.021429498959332705;0.0031984126195311545;8.755070734024049;0.007027889380697161;0.093359375
1532;3.38173578564019;1.0;0.7360645851181578;0.3161612996029027;176.59193026290646;-0.004767345264554024;0.0014384317386429758;8.756647157669068;0.005703704198822379;0.0763671875
1533;4.1336444843359;1.0;0.6080937788833285;0.1560781977432728;302.69755776395846;-0.01744029251858592;0.0022518336249049754;8.75682110786438;0.009496584557928145;0.1384765625
1534;4.133212760198474;1.0;0.6355772039933536;0.1537502435041247;203.4374640242541;-0.007428089901804924;0.0020018838811665775;8.756048107147217;0.00888371851760894;0.12421875
1535;0.421418708188924;0.0;0.0;0.0;266.3152706536246;-0.0058508026646450165;0.0034244417445734145;8.759568309783935;0.0064966368023306135;0.0859375
1536;-3.0813138618463864;0.0;0.0;0.0;145.94621624949855;-0.005502316635102034;0.06371962954290211;8.763061952590942;0.009432822605594993;0.1244140625
1537;5.082759363747921;1.0;0.8176701886244231;0.17875926003758147;183.68996213063392;-0.01660779621452093;0.0031189273344352842;8.761171054840087;0.00723243678221479;0.0984375
1538;5.662812983482904;1.0;0.861249563882571;0.19360373184071575;85.57230405080817;-0.008091813884675503;0.003321130096446723;8.763166570663453;0.007868286897428333;0.1080078125
1539;-0.5122216527220951;0.0;0.0;0.0;185.29932515561785;-0.009469735622406005;0.06869338508695363;8.772070264816284;0.009855729737319052;0.1326171875
1540;-3.0904776834206107;0.0;0.0;0.0;279.07524321156484;-0.016965093300677837;0.0035371667589060964;8.782831478118897;0.010029036784544587;0.1361328125
1541;-3.3458962938835786;0.0;0.0;0.0;233.65003731169898;-0.007636492559686303;0.05875510305631906;8.78754448890686;0.010123759019188583;0.1328125
1542;6.106691130046469;1.0;0.8410505476710056;0.20019154504088107;92.32711853655981;-0.0158470222260803;0.004829149798024446;8.787889194488525;0.007022665033582598;0.0958984375
1543;-12.46253163163263;0.0;0.0;0.0;225.70026143132927;-0.01651140018366277;0.006455515348352492;8.790748023986817;0.009970022726338356;0.12890625
1544;0.043313088347132433;0.0;0.0;0.0;342.0187584390162;-0.0016147347632795572;0.0036802357761189343;8.797218942642212;0.006760143372230232;0.090625
1545;7.12419137032995;1.0;0.7365037807039098;0.33645454183347084;175.58928560540727;-0.0021653341129422186;0.045351619459688665;8.798579597473145;0.006544504140038043;0.0873046875
1546;-6.738679223503557;0.0;0.0;0.0;253.94626960647713;-0.012201941898092627;0.009544721757993101;8.800632095336914;0.00796616255538538;0.1095703125
1547;1.496929028919026;0.0;0.0;0.0;311.59898200644966;-0.00936751626431942;0.06142472601495683;8.80437798500061;0.004857268615160138;0.0607421875
1548;-8.73569090277657;0.0;0.0;0.0;204.9120188532612;-0.011681163497269154;0.0034227623720653353;8.803540134429932;0.007433668861631304;0.1025390625
1549;0.9640939728398763;0.0;0.0;0.0;235.62122278274452;-0.018902201671153307;0.0031031431281007826;8.80082459449768;0.009867978258989751;0.13984375
1550;6.37317240661175;1.0;0.45326455822498407;0.18636424990056466;257.6277547381073;-0.02016188995912671;0.0031341492081992327;8.797622299194336;0.005396634025964886;0.075390625
1551;-0.08065280976497895;0.0;0.0;0.0;372.88700801012845;-0.0037114945240318774;0.0022412989696022124;8.795819902420044;0.00814029787434265;0.1166015625
1552;0.3855029699915005;0.0;0.0;0.0;237.3618392437974;-0.016017205687239765;0.0022830930363852532;8.79382872581482;0.008392520085908472;0.1166015625
1553;1.6588490402770082;0.0;0.0;0.0;292.4837862081643;-0.008335156738758088;0.002780826960224658;8.78728232383728;0.00707778831711039;0.090625
1554;6.675020908463022;1.0;0.3936555747444081;0.18716381111757913;370.7367520907121;-0.007609705766662955;0.002232717536389828;8.789412927627563;0.00901852227980271;0.13359375
1555;4.772007414778862;1.0;0.40896328003517873;0.15574678921605725;411.59050825374135;-0.015199472242966295;0.004182955820579082;8.793388652801514;0.010576486506033688;0.1470703125
1556;1.2277825035932375;0.0;0.0;0.0;526.8521493497626;-0.015158884692937136;0.006368929799646139;8.794435596466064;0.009831093554385006;0.132421875
1557;-0.07692770207382665;0.0;0.0;0.0;434.4222985537499;-0.017764092469587923;0.0028627951571252195;8.798966264724731;0.008419647766277193;0.121875
1558;0.23221374513536475;0.0;0.0;0.0;572.0400834695059;-0.008267792314291;0.002974538062699139;8.800324773788452;0.0053876069840043785;0.0703125
1559;-1.649145235058852;0.0;0.0;0.0;638.7289022949493;-0.012012075027450919;0.00204479600652121;8.798914337158203;0.006842379248701036;0.094140625
1560;5.675763618078934;1.0;0.7582348756047045;0.28465312176384483;204.3174023329715;-0.011697883997112513;0.046869784162845464;8.792194128036499;0.006253612053114921;0.080078125
1561;-10.447812411471881;0.0;0.0;0.0;615.0364210087457;-0.011754043307155371;0.002700055076275021;8.788516664505005;0.006698949530255049;0.0912109375
1562;-4.568195746206651;0.0;0.0;0.0;26.109043159344996;-0.014395573502406478;0.0036323887412436306;8.78890528678894;0.009501789195928723;0.1236328125
1563;-0.7537401849940143;0.0;0.0;0.0;188.4442821386379;-0.009363134857267141;0.0041930869221687315;8.792303323745728;0.010463017993606627;0.155078125
1564;-4.013430096315176;0.0;0.0;0.0;38.50172919680317;-0.013865429814904929;0.0016079847002401948;8.795413160324097;0.008719748654402792;0.1224609375
1565;-1.0162951731180152;0.0;0.0;0.0;624.2983549974092;0.0029946947935968636;0.053932000114582476;8.79998288154602;0.005951682780869305;0.076171875
1566;3.2540877061541207;1.0;0.8285823184403318;0.5706874033287176;155.86411905944675;-0.015223275776952505;0.009099266887642444;8.799645709991456;0.0074735525995492935;0.10390625
1567;-0.7122907103518621;0.0;0.0;0.0;623.0500077607896;-0.012330054491758346;0.00760646965354681;8.804126358032226;0.00783309240359813;0.1029296875
1568;6.329633823617508;1.0;0.78015993203974;0.48128373034498734;230.28447979014072;-0.01513541559688747;0.006211733666714281;8.805639171600342;0.007933802902698517;0.0984375
1569;-1.196654312461172;0.0;0.0;0.0;1069.5546887931916;-0.008558654692023993;0.003187631512992084;8.808728694915771;0.011014482798054814;0.1552734375
1570;-1.3155141033660829;0.0;0.0;0.0;663.4768262827935;-0.006877600820735097;0.0027986713452264667;8.80917410850525;0.007845002540852875;0.1017578125
1571;-0.6249614607384837;0.0;0.0;0.0;237.34010606027866;-0.011513328133150934;0.0021467150887474417;8.809661960601806;0.005472088442184031;0.0673828125
1572;-0.9553899336458344;0.0;0.0;0.0;352.34012213784547;-0.012534073647111654;0.0713517309166491;8.808641052246093;0.008317623368930072;0.12421875
1573;5.0325438888833585;1.0;0.4990057280338799;0.2506985055911197;398.9769813425004;-0.005440557654947042;0.014408812578767537;8.807791233062744;0.0060534578748047355;0.076171875
1574;4.170929486309314;1.0;0.754254278138039;0.1516626720346622;193.04920559594584;-0.005011348985135555;0.004765817814040929;8.806796884536743;0.005175414483528584;0.064453125
1575;-0.8256378185188868;0.0;0.0;0.0;462.1106380999995;-0.01316424049437046;0.008025954919867217;8.801668548583985;0.006385536934249103;0.092578125
1576;-1.1983279127439013;0.0;0.0;0.0;470.4658480805886;-0.00986034469678998;0.004235211992636323;8.796806478500367;0.008522110525518656;0.1171875
1577;-1.168721099714593;0.0;0.0;0.0;680.6039365147548;-0.010066887177526952;0.00609261600766331;8.792817544937133;0.010351827088743448;0.1416015625
1578;-0.0677256695725166;0.0;0.0;0.0;807.7067436809575;-0.006906010536476969;0.005299343843944371;8.791510581970215;0.007789506344124675;0.1111328125
1579;-0.20577811418492095;0.0;0.0;0.0;745.2899820138728;-0.012067660642787813;0.009130828338675201;8.792027997970582;0.012195733736734837;0.157421875
1580;-0.33745985620763164;0.0;0.0;0.0;541.8482282978426;-0.01037343384232372;0.07259089425206185;8.799334287643433;0.010015636240132153;0.1419921875
1581;-0.8898807088536098;0.0;0.0;0.0;638.9254249210101;-0.012257728539407254;0.0048437935533002015;8.807484865188599;0.008478762197773904;0.1326171875
1582;-0.3509406160125908;0.0;0.0;0.0;887.5221283758318;-0.025887790275737642;0.0035355095053091644;8.81720290184021;0.01116812335094437;0.160546875
1583;-3.3080950503829585;0.0;0.0;0.0;45.07161094464308;-0.01836880357004702;0.0033199080615304412;8.822219133377075;0.009716986783314497;0.1388671875
1584;-0.3457294373948534;0.0;0.0;0.0;800.6860884537043;-0.006383098219521344;0.0016380502842366696;8.827425527572633;0.007572123175486922;0.1048828125
1585;-0.1430101866458935;0.0;0.0;0.0;707.68813192204;-0.007923586526885629;0.0014940270048100501;8.828325939178466;0.00889205769635737;0.122265625
1586;-13.406826762862595;0.0;0.0;0.0;901.7171326005689;-0.014642305811867118;0.0023397740675136446;8.82431139945984;0.010272308450657875;0.1505859375
1587;5.308201230507473;1.0;0.243955235367308;0.1703775796120316;1157.3638415612;-0.004332514898851514;0.0024975897162221373;8.823720741271973;0.009679815266281366;0.133203125
1588;-0.13753460029579503;0.0;0.0;0.0;831.8958248136927;-0.0077700464520603415;0.0014155237353406847;8.820461893081665;0.008982073073275388;0.12421875
1589;-1.1421005950882368;0.0;0.0;0.0;866.3611841400036;-0.0055524900555610655;0.0012530238251201808;8.810792446136475;0.007071577350143343;0.1005859375
1590;5.679357033498768;1.0;0.8066510280693636;0.30189136984270465;202.1005889435338;-0.008502202713862062;0.005368344811722636;8.809522247314453;0.008366096101235598;0.1099609375
1591;-0.16345741169971553;0.0;0.0;0.0;895.9231325673786;-0.018504846980795263;0.0061085840687155725;8.810863542556763;0.0076358378631994125;0.10625
1592;0.3443386999022324;0.0;0.0;0.0;829.6932844767293;-0.006227953219786286;0.009214721107855438;8.809339380264282;0.0066316707176156345;0.0884765625
1593;-0.8815641456834442;0.0;0.0;0.0;732.2255788566376;-0.008606218826025724;0.0031250897096469997;8.806989622116088;0.007932779216207563;0.11171875
1594;-0.5147459269437771;0.0;0.0;0.0;793.3952245388775;-0.0071214251453056935;0.002686160826124251;8.806643438339233;0.006951220449991524;0.0919921875
1595;0.19989939594944584;0.0;0.0;0.0;659.3587271632372;-0.007407249929383397;0.0018291494634468108;8.809072875976563;0.009688202431425453;0.12890625
1596;5.750811465677262;1.0;0.36076279744327366;0.1699691851680369;270.1539672986071;-0.012981509184464812;0.003879743255674839;8.809517097473144;0.007785104436334222;0.108984375
1597;-2.985184285279242;0.0;0.0;0.0;64.413855677086;-0.010112028848379851;0.010368322767317296;8.81188268661499;0.010288137348834426;0.1361328125
1598;-1.4480308859586315;0.0;0.0;0.0;111.39757751146686;-0.01039249445311725;0.0048896644031628965;8.80995864868164;0.005532389995642007;0.0708984375
1599;-1.5474291996636274;0.0;0.0;0.0;827.0761185012043;-0.004123044246807694;0.003031666111201048;8.807094287872314;0.006776799482759088;0.0849609375
1600;-7.024169396082856;0.0;0.0;0.0;374.36688869283233;-0.004187800269573927;0.004749277082737535;8.802993106842042;0.007918980438262224;0.1125
1601;-0.043582037628332015;0.0;0.0;0.0;982.5379805947798;-0.015297910873778164;0.0031222775229252874;8.802710056304932;0.007906017964705825;0.11328125
1602;-9.323795295271006;0.0;0.0;0.0;1082.579281299051;-0.010042502055875957;0.003628230339381844;8.801939582824707;0.007526046212296933;0.1017578125
1603;0.6436081641353047;0.0;0.0;0.0;579.6167615428782;-0.01098630577325821;0.005101162102073431;8.804486989974976;0.008140770590398461;0.10625
1604;-0.2726013720152458;0.0;0.0;0.0;766.0785441955143;-0.008348378352820873;0.0038886724738404154;8.811080694198608;0.005213101394474506;0.0623046875
1605;-0.12500167597934408;0.0;0.0;0.0;751.3220653840127;-0.018350355932489036;0.0068787828553467985;8.814047384262086;0.006597248057369142;0.0826171875
1606;-0.5749787042650027;0.0;0.0;0.0;771.3553194563393;-0.013465931033715605;0.002570149424718693;8.816342067718505;0.007315493992064148;0.0931640625
1607;0.31341369581588424;0.0;0.0;0.0;361.2811191937573;-0.005048534227535128;0.0032434966647997498;8.817428731918335;0.008396801818162204;0.119921875
1608;-2.968253357534578;0.0;0.0;0.0;693.5380368120057;-0.011253206711262464;0.005738004215527326;8.818585920333863;0.00791212887270376;0.1111328125
1609;0.7742644554552298;0.0;0.0;0.0;360.3727659034989;-0.010545114381238818;0.004192861309275031;8.820691776275634;0.006936297309584916;0.1021484375
1610;-2.2261236502060786;0.0;0.0;0.0;604.3394417080332;-0.017189943976700307;0.003258320048917085;8.822851610183715;0.007997707463800907;0.1140625
1611;-0.9335717119807384;0.0;0.0;0.0;514.152066485156;-0.004039201606065035;0.05980215417221189;8.829978799819946;0.008913063502404839;0.121484375
1612;-1.6888523421378958;0.0;0.0;0.0;478.0010953888271;-0.013436262076720596;0.0075251774629578;8.83700680732727;0.006623900774866342;0.083984375
1613;0.28826105028038335;0.0;0.0;0.0;961.1265800957264;-0.003956646251026541;0.006266952934674918;8.842948198318481;0.007058567344211042;0.0974609375
1614;-8.262964597283169;0.0;0.0;0.0;772.7257671793219;-0.015821952326223254;0.016748466808348895;8.847824811935425;0.007464066334068775;0.0984375
1615;0.8450263865611415;0.0;0.0;0.0;259.034053869189;-0.012059434456750751;0.004794813471380621;8.855019092559814;0.008782593859359622;0.1166015625
1616;0.7924338893280236;0.0;0.0;0.0;802.2179918779757;-0.015038567990995944;0.0029670436982996763;8.850450086593629;0.007255195383913815;0.098046875
1617;0.6518095346284588;0.0;0.0;0.0;900.292573837569;-0.0028737001586705445;0.0025920354411937295;8.846404886245727;0.006628106138668955;0.0919921875
1618;-5.176473487948666;0.0;0.0;0.0;198.0078911183413;-0.01197701138444245;0.0026684026699513195;8.84161958694458;0.011568266397807747;0.161328125
1619;-4.826828024108361;0.0;0.0;0.0;703.4964323663721;-0.016302835242822767;0.0017473409126978368;8.837534523010254;0.00634732668986544;0.0876953125
1620;-3.049747518704305;0.0;0.0;0.0;615.5351172352043;-0.005837282259017229;0.0022259627876337618;8.837864446640015;0.0047666279249824585;0.0537109375
1621;0.27359715742396684;0.0;0.0;0.0;715.7190536853535;-0.016355597181245685;0.010772536275908351;8.839156675338746;0.00842672964790836;0.1126953125
1622;0.7671539716134069;0.0;0.0;0.0;840.3148410296022;-0.010669592954218387;0.005018719553481788;8.838137483596801;0.006150380545295775;0.0806640625
1623;-1.3319127821841987;0.0;0.0;0.0;850.64675547038;-0.012246357696130871;0.0043365058023482565;8.836815977096558;0.008614125195890665;0.107421875
1624;-0.481790291347569;0.0;0.0;0.0;816.4482230357747;-0.013626420963555574;0.0029369058203883467;8.835991668701173;0.008317093132063746;0.1166015625
1625;-0.02724772637441912;0.0;0.0;0.0;656.64556293003;-0.012074645236134529;0.00339934800285846;8.835134983062744;0.008988432574551553;0.134765625
1626;-7.881585429996773;0.0;0.0;0.0;413.73540014497144;-0.014184269681572914;0.002213026484241709;8.830181074142455;0.00948975090868771;0.1341796875
1627;0.6397408764068379;0.0;0.0;0.0;788.3211796246165;-0.008658449281938374;0.0016846603481099009;8.827905941009522;0.007843560783658176;0.09765625
1628;-0.15916375161693797;0.0;0.0;0.0;982.3974293252988;-0.012123325653374196;0.0020889651670586316;8.827764844894409;0.0055419271695427595;0.073828125
1629;0.9119513457612631;0.0;0.0;0.0;788.0870918397653;-0.00940357306972146;0.001615036156727001;8.825462102890015;0.006649323576129973;0.0923828125
1630;-6.45960424141542;0.0;0.0;0.0;474.6128117395862;-0.009499904653057455;0.002370362723013386;8.833085441589356;0.0073737727478146555;0.1013671875
1631;-3.359088952945698;0.0;0.0;0.0;173.90257990940557;-0.008668118994683028;0.005995257571339607;8.835710620880127;0.01493588495068252;0.213671875
1632;-1.7050076283257227;0.0;0.0;0.0;566.0048198442518;-0.015454683941788972;0.00389360865810886;8.836260557174683;0.008769642177503556;0.115234375
1633;-0.7234557706693105;0.0;0.0;0.0;238.9733141591988;-0.005579390283674002;0.001529312483035028;8.841896963119506;0.005992743652313948;0.0810546875
1634;-7.097391643778013;0.0;0.0;0.0;304.03077690933975;-0.016540545923635363;0.0013497387524694204;8.849062156677245;0.008554557512979954;0.1123046875
1635;-0.5120326876604103;0.0;0.0;0.0;880.3928253846397;-0.009925326169468462;0.005068655067589134;8.850190496444702;0.0073950439575128256;0.096875
1636;-1.9029843554832888;0.0;0.0;0.0;371.55561918633884;-0.011798304552212358;0.0024184842710383236;8.855176782608032;0.009255765052512289;0.1302734375
1637;-1.614903964768556;0.0;0.0;0.0;443.2427991221568;-0.010375046986155212;0.005551796243526042;8.858760690689087;0.007285008544567972;0.097265625
1638;5.229575149703456;1.0;0.4999281680859432;0.3272202616358992;447.5869610674841;-0.008645105129107832;0.015283054672181606;8.863513374328614;0.009974643378518522;0.1482421875
1639;0.18862941506590067;0.0;0.0;0.0;735.8999475658132;-0.009521865611895918;0.004031993518583477;8.867632007598877;0.009755127190146595;0.13828125
1640;0.7787866941496694;0.0;0.0;0.0;445.6415112093334;-0.016674315510317683;0.003051699319621548;8.867587280273437;0.006721158931031823;0.0951171875
1641;-0.2159255860588476;0.0;0.0;0.0;739.3239936239951;-0.01310877907089889;0.0013694068940822036;8.872433090209961;0.008987393358256667;0.125
1642;-3.6246455590363817;0.0;0.0;0.0;277.85643662109555;-0.013134076306596399;0.002384140557842329;8.885009050369263;0.007701089791953564;0.1072265625
1643;-4.27487567418738;0.0;0.0;0.0;180.25621086104877;-0.014578731032088399;0.0032186376629397273;8.887765073776245;0.01021808743244037;0.1462890625
1644;-2.201737986322313;0.0;0.0;0.0;775.9258373891795;-0.012035225983709097;0.006400893325917423;8.886006736755371;0.008544199273455889;0.121875
1645;-3.036302482955784;0.0;0.0;0.0;714.2816100296516;-0.006900494918227196;0.0074356598779559135;8.891149711608886;0.007887556799687445;0.1046875
1646;-3.8420486846224553;0.0;0.0;0.0;119.93927901076049;-0.011073539080098272;0.007214486412703991;8.889600944519042;0.008473613276146352;0.115625
1647;0.041063788197550355;0.0;0.0;0.0;430.7803876549186;-0.008027048083022237;0.0073284321464598175;8.890090274810792;0.009807285061106086;0.1419921875
1648;-3.5273697285854477;0.0;0.0;0.0;500.6857633735783;-0.0055688702501356605;0.010144345834851265;8.88921823501587;0.006095144443679601;0.0783203125
1649;0.2427848115725656;0.0;0.0;0.0;760.3766123116669;-0.01044394695200026;0.0046373204211704435;8.886076736450196;0.007436145725660026;0.0927734375
1650;-0.34993365782879204;0.0;0.0;0.0;504.8046102691048;-0.015460834605619311;0.0037550531793385743;8.884224271774292;0.00816748831421137;0.0953125
1651;-3.7907787575896243;0.0;0.0;0.0;25.606929921309288;-0.012035158090293407;0.00507778194732964;8.890425777435302;0.0075071972911246124;0.1037109375
1652;-6.809768141355953;0.0;0.0;0.0;980.1132627817851;-0.005934653128497303;0.0030074749724008144;8.89249095916748;0.006820147810503841;0.0861328125
1653;0.8754468672022235;0.0;0.0;0.0;537.528507383061;-0.008758297096937895;0.0020146795897744594;8.892333745956421;0.006387777149211615;0.091796875
1654;0.2659004570683215;0.0;0.0;0.0;644.7014499947844;-0.008588819368742406;0.0015287660295143723;8.891606664657592;0.008557608898263425;0.1044921875
1655;-0.9058977476399057;0.0;0.0;0.0;737.3253579997901;-0.00897850445471704;0.002611628849990666;8.894566440582276;0.006406472611706704;0.081640625
1656;-1.8526318787977707;0.0;0.0;0.0;607.4464234485656;-0.010061342315748335;0.0015507646487094462;8.89984130859375;0.006855200685095042;0.0943359375
1657;6.153498632180131;1.0;0.9073887153131592;0.6995194416127368;83.95641374807843;-0.009847026923671365;0.0016955199767835437;8.906148624420165;0.007867669593542815;0.1056640625
1658;0.39064741797600755;0.0;0.0;0.0;642.1633706467092;-0.012165245204232632;0.0011761743924580514;8.905922269821167;0.008364194713067263;0.11875
1659;4.674028269988951;1.0;0.8031067704201293;0.2245735023576717;257.54826282019627;-0.011627282481640577;0.0012918666907353327;8.906728601455688;0.008045492228120565;0.1201171875
1660;-1.3510629051776077;0.0;0.0;0.0;881.5731894459335;-0.006464050197973847;0.0019607790221925826;8.901245498657227;0.007786534051410854;0.1072265625
1661;5.411658926623779;1.0;0.42939543852416606;0.13417759866783469;253.50763090142883;-0.002015133108943701;0.0013368542888201774;8.90064525604248;0.009596901934128255;0.13046875
1662;-0.3008085112751503;0.0;0.0;0.0;431.6867603303027;-0.009356220997869969;0.0028226061956956984;8.897885990142822;0.006597144587431103;0.091015625
1663;-0.48736849599456905;0.0;0.0;0.0;863.5856330794893;-0.010310035990551114;0.004522323724813759;8.897958135604858;0.006108529702760279;0.07734375
1664;-15.04698712613163;0.0;0.0;0.0;1086.6482467381804;-0.018821333674713968;0.0032297502970322967;8.900942659378051;0.008270353358238936;0.1171875
1665;-1.853603406920032;0.0;0.0;0.0;1031.976926141798;-0.001977070141583681;0.003300101845525205;8.910491943359375;0.0077692446764558555;0.1111328125
1666;-0.05518058637166723;0.0;0.0;0.0;844.7612160008674;-0.015663156937807798;0.0027189853717572987;8.920432376861573;0.005727636301890016;0.0759765625
1667;0.8328215514138755;0.0;0.0;0.0;723.1523309292203;-0.013464314676821233;0.002200909442035481;8.929284858703614;0.008702729130163789;0.109375
1668;-0.5001741001485969;0.0;0.0;0.0;460.0916019960593;-0.008778758905827999;0.002724366635084152;8.92728796005249;0.006908429658506065;0.0947265625
1669;6.762223369787732;1.0;0.35978632552730244;0.24755861397822904;379.25646638288595;-0.010825535003095865;0.0025652543758042158;8.924664831161499;0.01060438024578616;0.1513671875
1670;-2.2360863407746465;0.0;0.0;0.0;785.6848009549497;-0.015060864994302392;0.0031996908248402177;8.923723411560058;0.006473820901010186;0.0779296875
1671;-3.16490063700064;0.0;0.0;0.0;261.27904349672303;-0.001862581167370081;0.005946179514285177;8.921971940994263;0.004400362865999341;0.0529296875
1672;0.2514479010593882;1.0;0.367759402147405;0.14867508840935115;400.74746775635214;-0.011436376394703985;0.001863876305287704;8.92135739326477;0.007927997736260295;0.10546875
1673;6.058723707627354;1.0;0.7738292438211036;0.3941958633286805;183.0147640091986;-0.010001538367941976;0.004924814950209111;8.918624114990234;0.0059028120245784525;0.075390625
1674;-5.010777471871311;0.0;0.0;0.0;421.2621576761959;-0.012357297423295676;0.0055228570010513066;8.922506666183471;0.0077235575881786644;0.1072265625
1675;5.2810008751034925;1.0;0.48204573380932536;0.2340829626637147;521.1369721358304;-0.015667768754065038;0.0022728202340658752;8.926656770706177;0.008074854046571999;0.113671875
1676;6.657967092864273;1.0;0.49309738800726766;0.3229486025557443;208.89967885706773;-0.012277479330077768;0.0025015451945364477;8.921190547943116;0.008568059874232859;0.115234375
1677;-4.121972218009341;0.0;0.0;0.0;682.397926284121;-0.010223572934046387;0.00340889556100592;8.912760162353516;0.006388058105949312;0.0791015625
1678;6.692811257839434;1.0;0.46883734405725386;0.3592144751114991;394.63288576341455;-0.005832840967923403;0.0036275934195145964;8.91094937324524;0.004314827336929739;0.0517578125
1679;2.8463947385465187;1.0;0.2719457468138429;0.18472081004453228;555.4772193265993;-0.02532910807058215;0.003160710964584723;8.91664662361145;0.007662033708766103;0.105078125
1680;-2.9999421550927345;0.0;0.0;0.0;1229.0006362537438;-0.000498016458004713;0.002033246750943363;8.91634407043457;0.006215068080928176;0.0880859375
1681;-1.3095262722095535;0.0;0.0;0.0;698.0039195042367;-0.013653295766562223;0.004746688308659941;8.91093306541443;0.007785189209971577;0.1072265625
1682;-0.3988284821746389;0.0;0.0;0.0;833.5596891468059;-0.011329525103792547;0.0819647016003728;8.909305191040039;0.00849072280107066;0.1212890625
1683;-0.7433891749397757;0.0;0.0;0.0;558.6528156163183;-0.014578277990221978;0.01041825811844319;8.901760530471801;0.008202399441506714;0.12265625
1684;0.4978160039072361;0.0;0.0;0.0;540.1087904523738;-0.0021752271335572005;0.003993042837828397;8.902701902389527;0.00713962079025805;0.1005859375
1685;5.802443021889301;1.0;0.7681297391309672;0.7178024158910687;180.4385815582014;-0.01777313821949065;0.002107287920080125;8.906959009170532;0.010590578615665435;0.148046875
1686;-1.7090249185923163;1.0;0.3955364895877692;0.29688908855115786;632.0164412533524;-0.007095176121219992;0.0018995032703969627;8.910549879074097;0.00784412130014971;0.1119140625
1687;-0.2569102344807353;0.0;0.0;0.0;700.8435364879581;-0.01451422511599958;0.003415974706877023;8.913308954238891;0.011056558636482805;0.155859375
1688;-5.70738960538994;0.0;0.0;0.0;1038.872866869949;-0.002008136734366417;0.006371571379713714;8.91787314414978;0.0068214613711461425;0.0923828125
1689;0.1932333829822909;0.0;0.0;0.0;743.2867528211115;-0.008099847473204136;0.003059511596802622;8.919079685211182;0.009834772092290223;0.126953125
1690;5.182323519184594;1.0;0.48819042208832714;0.33369185053166145;251.1985615846292;-0.014086612407118082;0.002750445099081844;8.923031616210938;0.007660677237436175;0.1037109375
1691;-3.1594255483492146;1.0;0.29333622720055963;0.2121853718529404;899.3022863743336;-0.012314304895699024;0.004988267435692251;8.922691440582275;0.0070696927257813515;0.0955078125
1692;6.444958784471771;1.0;0.5271201071580752;0.4221238599770648;344.0802445779837;-0.0005265372805297375;0.003159946482628584;8.921181774139404;0.007105372019577771;0.094921875
1693;1.112203907289152;0.0;0.0;0.0;1045.8732810499787;-0.013289090059697629;0.0032404763856902718;8.926812076568604;0.007941321970429271;0.108984375
1694;1.3670597300645249;0.0;0.0;0.0;794.0772447387034;-0.010558092687278985;0.004507278045639396;8.92824125289917;0.008833281823899596;0.1279296875
1695;0.3358487435235533;0.0;0.0;0.0;529.5931929672636;-0.006892724381759763;0.002807069290429354;8.927468967437743;0.0058427066542208195;0.0794921875
1696;1.553087576728292;1.0;0.31314411658009356;0.215161667582793;568.2515854066417;-0.008490217803046107;0.006474764517042786;8.928961658477784;0.005036565044429153;0.0626953125
1697;-0.5894484040460702;0.0;0.0;0.0;1125.4191658728994;-0.011720252502709628;0.0021585815120488405;8.935281801223756;0.010311900509987027;0.137890625
1698;2.722598419874088;1.0;0.3610597237363716;0.26365484236483927;529.2332692427583;-0.004701697872951627;0.0011947081657126546;8.940564012527465;0.0068922813632525505;0.0986328125
1699;-0.5184840340713709;0.0;0.0;0.0;984.159913911217;-0.007166042923927307;0.003064342658035457;8.9444429397583;0.0076773825683631005;0.1033203125
1700;-0.21923316433324994;0.0;0.0;0.0;428.89526712061627;-0.014586477261036634;0.008627376123331486;8.95198850631714;0.006401925173122436;0.0861328125
1701;6.542112852960573;1.0;0.7492080126651243;0.38477686062976574;155.06808798728184;-0.006793108489364386;0.008005636953748762;8.960649061203004;0.006585281575098634;0.090234375
1702;-17.498671701230847;0.0;0.0;0.0;111.34297151905746;-0.01273236214183271;0.00493176057934761;8.96990442276001;0.0065767669235356156;0.092578125
1703;0.4524353262953125;0.0;0.0;0.0;824.5074930972808;-0.012936960207298398;0.002438156632706523;8.974699211120605;0.009465591132175178;0.141015625
1704;6.53855751888849;1.0;0.7878211173252067;0.7024576073531666;158.35504083921626;-0.013441965822130442;0.0022785047825891525;8.979541683197022;0.008648596378043294;0.1244140625
1705;4.597224860509287;1.0;0.5810422180637614;0.4157955063323207;250.19650904428377;-0.01414885725826025;0.0031052988138981163;8.979421854019165;0.005221621587406844;0.0611328125
1706;-1.0829036071941462;0.0;0.0;0.0;779.7777776647756;-0.011817287793383003;0.0049966073129326105;8.982569408416747;0.00773215937661007;0.1080078125
1707;7.653083352067858;1.0;0.6140642340918155;0.5090531836446417;182.18280319571028;-0.00679701582994312;0.002504912804579362;8.983569431304932;0.007663931231945753;0.1119140625
1708;-0.4844252505477443;0.0;0.0;0.0;728.7749281529311;-0.01190551114268601;0.0019444997538812458;8.989488792419433;0.00881092163035646;0.121875
1709;-0.0676302136640831;0.0;0.0;0.0;616.4883835497296;-0.009817086067050696;0.001926617813296616;8.990981912612915;0.006129180733114481;0.07734375
1710;5.663263413755608;1.0;0.5046828695802383;0.24212467786733227;370.6985117488011;-0.018718785257078707;0.0025572508573532106;8.986625623703002;0.007379292522091419;0.1056640625
1711;-2.130191028763402;0.0;0.0;0.0;98.87491491708555;-0.011219843197613955;0.004009399120695889;8.987275838851929;0.0066366784507408735;0.0841796875
1712;0.1254162895646139;0.0;0.0;0.0;658.568263458499;-0.023015519697219135;0.001850783743429929;8.99345417022705;0.007460051402449608;0.096484375
1713;-3.4140537146284897;0.0;0.0;0.0;1011.1846007103318;-0.011073214141651988;0.0013547879527322948;8.994143104553222;0.009276349155697972;0.1333984375
1714;3.862114233437655;1.0;0.40928219660184895;0.3251577841386885;612.8707771815011;-0.016144331125542522;0.00120451616239734;8.993634986877442;0.005643383669666946;0.0763671875
1715;-2.163748744349925;0.0;0.0;0.0;91.20055555230236;-0.021413139766082168;0.0023773192311637103;8.991783666610718;0.00940429219044745;0.1353515625
1716;5.456103218253835;1.0;0.37892518182177676;0.13242390869819354;302.1818146719123;-0.009614372858777642;0.00217702443478629;8.98890175819397;0.007924728631041943;0.11953125
1717;2.966713741684332;1.0;0.3355040048842495;0.2556338730587449;400.9110569097617;-0.0145718012470752;0.06364577375352383;8.987285089492797;0.01031641715671867;0.1494140625
1718;-1.3304195608227418;0.0;0.0;0.0;680.9027068043705;-0.0008693485520780087;0.003338162030559033;8.982285165786744;0.008005608059465884;0.11640625
1719;-19.48788426826517;0.0;0.0;0.0;323.61197122066756;-0.005139176803641021;0.005191751988604665;8.98061137199402;0.008527755131945014;0.1267578125
1720;6.097223916082567;1.0;0.43747446112959865;0.3189013830075968;318.53958537826844;-0.008021538937464356;0.05806459807790816;8.980340671539306;0.006796965631656349;0.096875
1721;-3.3353005922985552;0.0;0.0;0.0;1021.6963803532594;-0.015280956798233093;0.004999169299844652;8.976893377304076;0.013649054057896137;0.17890625
1722;3.144217570194429;1.0;0.49578188289791725;0.37762262483586984;377.35451994261507;-0.012996590742841364;0.0032275856006890534;8.975945043563843;0.0106667710817419;0.147265625
1723;-1.787821266391338;0.0;0.0;0.0;695.1754232465205;0.0007112107705324888;0.00544152450747788;8.968512296676636;0.004535950685385615;0.0541015625
1724;-4.99213219320404;0.0;0.0;0.0;734.8093741595112;-0.011616248823702335;0.0040302841807715595;8.96325101852417;0.0059324836358428;0.08125
1725;-5.81459721313234;0.0;0.0;0.0;876.2631425679613;-0.00784387094900012;0.00492853035684675;8.961206102371216;0.007993168733082711;0.1111328125
1726;0.031347591431425306;0.0;0.0;0.0;1219.4767939069911;-0.0041633312124758955;0.0032006561639718713;8.962748718261718;0.00758343207417056;0.109765625
1727;-4.627237532447482;0.0;0.0;0.0;1191.2259364291263;-0.012284603645093739;0.00211919424473308;8.969582414627075;0.006019207986537367;0.0681640625
1728;-4.756812184057552;0.0;0.0;0.0;272.9427120128145;-0.01460185565520078;0.0017897145764436573;8.963820886611938;0.007647165912203491;0.1109375
1729;-0.02102013500894362;1.0;0.28443913310072877;0.1811375258232621;959.563890223808;-0.013339885324239732;0.0033780131954699753;8.95472230911255;0.008976183645427228;0.12578125
1730;-6.493604148745563;1.0;0.5882474060113569;0.18166607961140713;239.74455850184754;-0.017713823541998863;0.0034720548312179743;8.95246148109436;0.006193627801258117;0.082421875
1731;-1.2907132953994782;0.0;0.0;0.0;654.5726072586805;-0.016126641258597373;0.004268755647353828;8.950445222854615;0.0078121104277670385;0.1064453125
1732;-3.550576613197389;0.0;0.0;0.0;848.7958100435542;-0.01196254719980061;0.007668259809724987;8.94677209854126;0.007631859695538879;0.1056640625
1733;-2.189014089025459;0.0;0.0;0.0;620.1843758876362;-0.009979110304266214;0.007640229910612107;8.951174688339233;0.006381043151486665;0.09375
1734;-0.36204863636977946;0.0;0.0;0.0;948.6084063416221;-0.013377130776643754;0.0058308235835284;8.961501741409302;0.00877700854325667;0.117578125
1735;4.791002804623124;1.0;0.49405065787716845;0.3849605580917413;393.81078578313526;-0.00866925367154181;0.002980241598561406;8.968667793273926;0.010256230365484953;0.1484375
1736;4.082840442882564;1.0;0.47958553262392123;0.3571100448276003;381.26701737248766;-0.012484936695545911;0.0021901866770349444;8.974416732788086;0.007509454956743866;0.0998046875
1737;-1.168725891184088;0.0;0.0;0.0;962.8699273288645;-0.01955352700315416;0.0032284039189107716;8.979722690582275;0.00972924791276455;0.13671875
1738;5.600889988861724;1.0;0.4299194790525398;0.1944093719596264;479.6627083152679;-0.021174956439062954;0.0058541242848150436;8.9821448802948;0.010882865451276303;0.1529296875
1739;-12.527402917850099;0.0;0.0;0.0;912.8312777787776;-0.00796298049390316;0.007322348677553237;8.985107278823852;0.006590106955263764;0.092578125
1740;-0.883059359075284;0.0;0.0;0.0;1120.9880573169985;-0.012189679825678468;0.008199207461439073;8.982912397384643;0.004362034692894668;0.05625
1741;-0.5744224464710431;0.0;0.0;0.0;888.0411372048612;-0.011511400109156966;0.007401468767784536;8.981961584091186;0.008247201109770685;0.116015625
1742;-0.5000943221484424;0.0;0.0;0.0;334.8218821552576;-0.008896348462440074;0.006291340757161379;8.983741426467896;0.009034590679220855;0.126171875
1743;6.1282468107357735;1.0;0.45736394003451175;0.24746015818384182;367.1471844320182;-0.009338338067755103;0.005385889019817114;8.984540367126465;0.007129234878811985;0.09375
1744;-5.872994204838227;0.0;0.0;0.0;481.4510742771277;-0.015565685089677572;0.0053927125525660815;8.982867622375489;0.007290189026389271;0.1
1745;-12.102431885386927;0.0;0.0;0.0;118.25413007422772;-0.02069547292776406;0.016033005388453602;8.987668704986572;0.007667488628067076;0.1099609375
1746;5.462093092402348;1.0;0.3868122221951939;0.21466551342457937;698.4656789529532;-0.017842867784202097;0.008650744264014066;8.994103050231933;0.009717607928905636;0.1416015625
1747;3.6660078621190766;1.0;0.5231328544973628;0.3758989675804629;359.81119270831346;-0.013469454227015376;0.002612945984583348;9.007920408248902;0.008924562553875148;0.1265625
1748;6.717926939775708;1.0;0.7893095404093786;0.7563301934785279;150.9098466275714;-0.015457240911200643;0.0036705913371406496;9.0128662109375;0.006581586378160864;0.0935546875
1749;-1.2071154373591264;0.0;0.0;0.0;913.5743276171828;-0.009513725433498621;0.0037943664006888866;9.013548231124878;0.0063923006411641834;0.0892578125
1750;-0.7239295985405562;0.0;0.0;0.0;943.2110023001969;-0.006311158370226622;0.0037086087511852385;9.013475322723389;0.005793398793321103;0.075
1751;-4.512754577521282;0.0;0.0;0.0;1228.5066557248824;-0.007059028279036284;0.005654571740888059;9.015623617172242;0.00683149789692834;0.0943359375
1752;4.631633847876165;1.0;0.39553282289187575;0.30031706863279667;570.3171674060267;-0.011264004884287715;0.0033173678210005166;9.018162727355957;0.011445104866288603;0.1634765625
1753;6.999000620771691;1.0;0.3764811613798297;0.28139635688741754;373.73274550281735;-0.01013790292199701;0.007844090578146279;9.020757627487182;0.007835522165987641;0.09453125
1754;-3.676521287433639;0.0;0.0;0.0;108.631121185301;-0.014277569483965635;0.008769490849226713;9.028415393829345;0.00844742702320218;0.1107421875
1755;-2.633551946728712;0.0;0.0;0.0;299.1918388059625;-0.00533172432333231;0.011954843439161778;9.041017293930054;0.0062672499916516244;0.0845703125
1756;-1.9553200975468397;0.0;0.0;0.0;694.9935137934559;-0.010782251739874483;0.01030703792348504;9.055558824539185;0.006961284403223545;0.09375
1757;2.3706410362608348;1.0;0.3986648472719667;0.3261309059709532;608.6824466008136;-0.006430159648880362;0.010211011185310781;9.067828273773193;0.005733904708176851;0.0763671875
1758;5.684983824899038;1.0;0.26513703469521643;0.19648377504377373;582.5010972339094;-0.012802445096895099;0.006388147757388651;9.074010181427003;0.009594418399501592;0.1302734375
1759;5.581766719781898;1.0;0.2696789833210048;0.19446570102028105;703.1536028984676;-0.008197384374216198;0.003644182998687029;9.082206773757935;0.009147379640489816;0.130859375
1760;-9.088410388469553;0.0;0.0;0.0;838.1939085688477;-0.012500883359462023;0.011266251467168331;9.089494991302491;0.010110638069454581;0.143359375
1761;6.970764392336791;1.0;0.5099462232424863;0.48932932120007255;310.3215143245318;-0.01148514689411968;0.01774502149783075;9.091655397415161;0.00851044588489458;0.1298828125
1762;6.363664765530514;1.0;0.39502808331754985;0.30597767907073753;619.6171866301833;-0.014278224296867847;0.008958203345537185;9.09575138092041;0.008689763594884426;0.1271484375
1763;-1.0489503547290282;0.0;0.0;0.0;1002.1783263318388;-0.0019699491560459135;0.008313817740418016;9.100189352035523;0.009769798279739917;0.13828125
1764;-0.03641327853690586;0.0;0.0;0.0;874.1994477998423;-0.006989726703613997;0.005177782336249948;9.102065086364746;0.007630964950658381;0.110546875
1765;6.863369086608856;1.0;0.7702740085080549;0.6414895623033864;128.62834848760835;-0.01873988313600421;0.006845292123034597;9.105767011642456;0.007801860803738236;0.10234375
1766;6.625807462681138;1.0;0.33540757886287237;0.2530033128717756;606.3709005215215;-0.014931842871010303;0.016302188904955984;9.104571199417114;0.014163121057208627;0.1677734375
1767;0.0123059988157896;0.0;0.0;0.0;1151.3084602003162;-0.006514676660299301;0.019669799134135246;9.102919340133667;0.0077262312639504675;0.1013671875
1768;-0.1595907038123701;0.0;0.0;0.0;703.6737920363258;-0.01399001693353057;0.017784392368048428;9.100108814239501;0.006479442247655243;0.085546875
1769;5.01104762227236;1.0;0.3210039667506886;0.24889572332803786;619.7546733247542;-0.019314322294667362;0.011708626616746187;9.099431562423707;0.008134323416743427;0.1109375
1770;5.014006635957106;1.0;0.3203785430054725;0.243051019413167;595.5570930697444;-0.011277260165661574;0.007674812013283372;9.100593614578248;0.007288443809375167;0.0970703125
1771;7.180118019320894;1.0;0.398701706073248;0.3098582582437529;392.6665577139913;-0.011039113719016313;0.004299578804057092;9.104392814636231;0.006593640602659434;0.0869140625
1772;-0.4880498618741134;0.0;0.0;0.0;836.2577874498656;-0.011674247309565544;0.007158993673510849;9.111483144760133;0.013134257472120225;0.1802734375
1773;5.332860566329071;1.0;0.290273430757627;0.2156659170285088;636.8481080359388;-0.00043439804576337335;0.009585386863909662;9.117362308502198;0.004292097524739802;0.0455078125
1774;-5.774327780927504;0.0;0.0;0.0;661.6433991103349;-0.012092562718316912;0.004828471783548593;9.121014499664307;0.007915675081312657;0.105859375
1775;5.5009094374233065;1.0;0.34109867824218204;0.2223475350022628;555.4021366904317;-0.006334642274305224;0.06762210987508296;9.125007629394531;0.006119132146704942;0.075390625
1776;5.650155341488236;1.0;0.4004824132579554;0.3218051817313883;576.7239538202152;-0.008113318285904825;0.005498948041349649;9.126123332977295;0.007860977842938155;0.1103515625
1777;7.311199719621648;1.0;0.42945921305183193;0.340460677340214;385.80067878872063;-0.006487494939938188;0.021230361331254242;9.133593654632568;0.006295792630407959;0.080078125
1778;6.04680435151778;1.0;0.7313461577353216;0.6206699368217257;138.0111141838145;-0.017996340012177824;0.013269899832084774;9.14094443321228;0.008585662848781794;0.1171875
1779;-7.295516691422504;0.0;0.0;0.0;69.77942387229318;-0.002882236521691084;0.010928919585421682;9.148584651947022;0.0054283856181427835;0.0724609375
1780;-3.4997283386584033;0.0;0.0;0.0;1095.1078466564154;-0.001538106519728899;0.011368732526898384;9.152932834625243;0.00729542839108035;0.0986328125
1781;6.279070065784953;1.0;0.8442827138316621;0.414190302378081;121.39715033822942;-0.019042672496289013;0.003952346474397928;9.153802299499512;0.006767261493951082;0.090625
1782;6.820170620133702;1.0;0.34819763356436967;0.26447748680744043;414.91347847472133;-0.02131131011992693;0.0590931202750653;9.154547882080077;0.009257424715906381;0.1212890625
1783;3.319452544996047;1.0;0.2169496846889778;0.16018320371555092;606.4180711782462;-0.014682570565491914;0.009042600588873028;9.15835943222046;0.012294830230530351;0.175390625
1784;-1.2645512752795756;0.0;0.0;0.0;217.76141611816615;-0.008265896560624241;0.007916696392931044;9.158215284347534;0.00916195659665391;0.1271484375
1785;6.577564726763461;1.0;0.8221635966816091;0.2874325712840547;123.3582376765501;-0.010267110681161285;0.01656361958011985;9.162960243225097;0.006866914452984929;0.0962890625
1786;-0.3308531153091342;0.0;0.0;0.0;297.6668883032951;-0.012801578035578132;0.006666939449496567;9.16604561805725;0.012196915224194527;0.1693359375
1787;-3.6059695850612274;0.0;0.0;0.0;615.5927814729683;-0.0014122959226369857;0.011155131552368403;9.170043849945069;0.005808281502686441;0.066015625
1788;4.430092109362129;1.0;0.3373832890055525;0.26924080915008886;418.73320298890354;-0.010843358002603054;0.009648743411526084;9.177414417266846;0.005197934701573104;0.0580078125
1789;-5.988120304574068;0.0;0.0;0.0;358.29596391558545;-0.006176634505391121;0.004613879148382694;9.18419370651245;0.005843370547518134;0.0755859375
1790;-10.576049831574316;0.0;0.0;0.0;1147.1796962394646;-0.010044009471312166;0.004779146669898182;9.187815761566162;0.006498535990249366;0.08671875
1791;-9.949559109593048;0.0;0.0;0.0;1266.727402155677;-0.009077139338478446;0.013323061866685748;9.185131597518922;0.008077969239093364;0.1158203125
1792;6.160482502929652;1.0;0.4279125321499582;0.3355342494038725;273.20618927869066;-0.015195820853114128;0.011487143952399493;9.18709692955017;0.007413657533470541;0.1021484375
1793;-4.160226781892854;0.0;0.0;0.0;95.09117708010218;-0.01828621015883982;0.00709584925789386;9.192562198638916;0.007814658898860216;0.1072265625
1794;6.660050146525535;1.0;0.7140510570108477;0.6226441183284321;166.15885037307027;-0.013973957998678089;0.0062824073014780876;9.1935791015625;0.0069533584988676015;0.098046875
1795;2.2156918611491956;1.0;0.40571369493415527;0.32245041398816165;312.2397109896829;-0.010817976761609316;0.009000765276141465;9.194335222244263;0.00861489875242114;0.1224609375
1796;0.330369256439249;0.0;0.0;0.0;790.1152808911264;-0.022474151756614446;0.0024360633629839866;9.198578214645385;0.009965876513160766;0.131640625
1797;1.8942220044831157;1.0;0.2918756076244406;0.22393489040453143;977.5975474832967;-0.020969729404896498;0.0027364128967747093;9.201605844497681;0.008394622278865426;0.1228515625
1798;6.65798402020443;1.0;0.35239111777716026;0.26265219568566434;681.4802120422694;-0.015451033972203732;0.0014697413775138558;9.195864963531495;0.007149563787970692;0.1046875
1799;-0.1836212777709164;0.0;0.0;0.0;840.3781719113335;-0.011683043092489243;0.005062207544688136;9.18990354537964;0.009248071699403226;0.1291015625
1800;-1.541288779078153;0.0;0.0;0.0;959.9293119773004;-0.0069890700746327635;0.007914129388518631;9.18764033317566;0.006894597830250859;0.0966796875
1801;-0.6618138646741074;0.0;0.0;0.0;938.2685503360435;-0.012382532982155681;0.01030265111476183;9.186551904678344;0.0077214168733917175;0.1076171875
1802;3.646105349504417;1.0;0.2428785098293086;0.18738617272063784;554.9409712952835;-0.012321452191099525;0.005392801435664296;9.188805675506591;0.00987417264841497;0.139453125
1803;6.6299512650545545;1.0;0.2998386437180522;0.2352121283658247;648.18559467916;-0.009375092689879239;0.007629542541690171;9.19172215461731;0.008040765859186649;0.106640625
1804;-8.858291183665695;0.0;0.0;0.0;78.0752412853831;-0.013239993713796139;0.0019858569023199378;9.188892841339111;0.007174095010850578;0.098046875
1805;-0.395061633310541;0.0;0.0;0.0;785.3401716362536;-0.011735752411186694;0.004530220152810216;9.18687801361084;0.008123660879209637;0.1158203125
1806;-0.6426262551980494;0.0;0.0;0.0;773.1600883653452;-0.0031867100857198238;0.003386376891285181;9.187904977798462;0.0051986992359161375;0.0646484375
1807;-4.124258619262606;0.0;0.0;0.0;1101.2474334681294;-0.019739951752126218;0.004448583000339568;9.195202445983886;0.009493455337360502;0.133984375
1808;6.229286286986888;1.0;0.4162914157871586;0.32682345209507263;283.71149554426376;-0.00877964049577713;0.007639347668737173;9.199697923660278;0.008853801456280053;0.1310546875
1809;5.312671680286583;1.0;0.3379984768791129;0.2671323971395814;697.9340702589052;-0.003988236235454678;0.010296246595680713;9.202744340896606;0.007136941852513701;0.096875
1810;-1.0556881706233985;0.0;0.0;0.0;1172.8031552588445;-0.010860869335010648;0.004801074741408229;9.204354333877564;0.006839525233954191;0.0875
1811;1.0525305457487502;0.0;0.0;0.0;814.6012231333891;-0.019616432418115438;0.006528380373492837;9.202730178833008;0.012873087904881685;0.180078125
1812;4.445178610047175;1.0;0.33039431563517674;0.2382809365406779;559.1286676143643;-0.008606878272257746;0.004391688120085746;9.20324773788452;0.008065841626375914;0.1103515625
1813;6.780760560381845;1.0;0.391577888654915;0.2987066541197197;299.06055537229537;-0.0063782780431211;0.006236970517784357;9.21227412223816;0.005825506942346692;0.0755859375
1814;5.185106504703416;1.0;0.31789796442743695;0.2610683666407565;925.0812708736374;-0.012747613107785582;0.007701469259336591;9.218580055236817;0.0059086802531965075;0.0794921875
1815;6.647850911963166;1.0;0.3432866933029914;0.28886085558818825;648.4287204133883;-0.0147964583709836;0.004078143369406461;9.220189142227174;0.006768511538393795;0.0970703125
1816;-0.7006097469678418;0.0;0.0;0.0;801.477319087412;-0.007059616036713123;0.0018960650020744651;9.21977219581604;0.005991465598344803;0.0771484375
1817;-0.5852411113619719;0.0;0.0;0.0;239.1483292967102;-0.022202581632882357;0.0034494981286115945;9.218901443481446;0.006482077203691006;0.0912109375
1818;-2.8390081334809367;0.0;0.0;0.0;431.1576100489133;-0.013179541844874621;0.003324383869767189;9.21532483100891;0.008028406067751348;0.10859375
1819;1.4275033713238185;1.0;0.2669913741485147;0.2133904507579512;942.2242153071569;-0.0137336244340986;0.0020011200103908777;9.213954162597656;0.007455324660986662;0.10390625
1820;4.266345345230759;1.0;0.5013043846315611;0.20033752995215734;506.03860267907845;-0.01093768747523427;0.0020722766988910736;9.218095064163208;0.005598094908054918;0.0685546875
1821;0.22399184910617026;0.0;0.0;0.0;898.1601188170035;-0.015605974989011884;0.0029434212017804386;9.21653094291687;0.006169739528559148;0.07578125
1822;-1.722568213119526;1.0;0.26984995355289665;0.21995172403658508;762.3497638567419;-0.016021573403850197;0.0026281628641299905;9.216578912734985;0.008090732572600245;0.11484375
1823;-1.4939134392186464;0.0;0.0;0.0;1445.4917936788108;-0.004919740883633494;0.0018021725991275162;9.22146110534668;0.007920410274527967;0.0990234375
1824;5.983426482078605;1.0;0.3052777502926014;0.23927878979827555;773.5184376670617;-0.01730673455167562;0.0038296314654871822;9.226270914077759;0.007970396184828133;0.1041015625
1825;-0.5237073538368241;0.0;0.0;0.0;934.6775540327378;-0.007488414272665977;0.00267505383817479;9.232529163360596;0.006340556894429028;0.088671875
1826;-0.24866181394360923;0.0;0.0;0.0;1080.0490784199808;-0.00911256151739508;0.002756234200205654;9.22894744873047;0.006143126112874597;0.083984375
1827;-1.4170633810830833;0.0;0.0;0.0;1035.4308126918327;-0.014879526942968369;0.0021563763672020285;9.22557692527771;0.009041632839944214;0.1345703125
1828;3.6237234969710066;1.0;0.3084936383043209;0.2491505397929167;350.12573414370735;-0.015002165641635656;0.00285921135218814;9.225763654708862;0.008349807560443878;0.1123046875
1829;1.904044543289388;1.0;0.35809855360886395;0.2929049537255278;595.3635108743454;-0.007220057351514697;0.0016670741606503725;9.226423120498657;0.007291276275645941;0.1041015625
1830;-3.7575611866033958;0.0;0.0;0.0;40.2167087353718;-0.008517877664417028;0.0011765993433073163;9.223954820632935;0.007959204330109059;0.1091796875
1831;0.5451935882689015;0.0;0.0;0.0;950.9917528969255;-0.00715417331084609;0.0025395125965587797;9.224065446853638;0.006669960531871766;0.08828125
1832;0.06524387831229503;0.0;0.0;0.0;948.0079382934788;-0.013274665595963598;0.0014942971465643495;9.22277603149414;0.007764683931600303;0.115234375
1833;1.8560388668669576;1.0;0.3518520542003144;0.29178469457296224;777.8066578125496;-0.017525211721658707;0.0019497898989357053;9.222090435028075;0.007685797859448939;0.1013671875
1834;3.878326997749402;1.0;0.352793752836468;0.29863244041678544;424.8061331141424;-0.015896743442863227;0.008188944403082132;9.218922424316407;0.010133907618001103;0.1447265625
1835;-4.176640991394216;0.0;0.0;0.0;87.92464047525779;-0.01399944513104856;0.006305557559244335;9.21921353340149;0.007176768581848592;0.0849609375
1836;-0.5885197724682958;0.0;0.0;0.0;864.9774726667987;-0.02071309955790639;0.006082094716839492;9.221454524993897;0.008971871878020465;0.129296875
1837;5.61094495113338;1.0;0.34397768280680047;0.26666834454597654;557.4270668765013;-0.01682594041340053;0.005138450302183628;9.223610639572144;0.010069385811220855;0.1490234375
1838;2.2591616696042456;1.0;0.29908600751581715;0.2325039357026736;704.4846192815633;-0.013344045355916023;0.0064312914153561;9.227347230911255;0.005597249884158373;0.076953125
1839;-3.434938780908783;0.0;0.0;0.0;986.9758936857395;-0.020502645708620548;0.008641458139754832;9.22817850112915;0.009377340553328395;0.1197265625
1840;0.2903578153114931;0.0;0.0;0.0;949.792172151144;-0.009784614737145602;0.0026713543687947095;9.232020854949951;0.005847695702686906;0.075
1841;0.45696271546926476;0.0;0.0;0.0;454.78458569880746;-0.013529399316757918;0.0026228701637592165;9.237126398086549;0.006413966533727944;0.08671875
1842;-0.08151040176364013;0.0;0.0;0.0;1340.3116419724038;-0.00876292185857892;0.002106519974768162;9.242355489730835;0.009118095482699573;0.126171875
1843;-7.581996101754731;0.0;0.0;0.0;62.5088015971843;-0.011781812505796551;0.003691904025617987;9.248946952819825;0.007512204872909933;0.0990234375
1844;-2.2620085227797904;0.0;0.0;0.0;1375.0295377962757;-0.013557409960776567;0.0065645196475088595;9.25430612564087;0.005002936895471067;0.0615234375
1845;-0.27871346320141227;0.0;0.0;0.0;1234.182969070059;-0.004660061420872807;0.011459969426505267;9.255537605285644;0.007800488406792283;0.0955078125
1846;3.6191351984825486;1.0;0.25333735364613497;0.1856380970166007;491.12065380811237;-0.005777082405984402;0.00932545813266188;9.25546293258667;0.008856793551240116;0.1119140625
1847;-7.016873831479693;0.0;0.0;0.0;627.2994747511789;-0.015455772401764989;0.006746086222119629;9.250815391540527;0.00791709627956152;0.1025390625
1848;-1.0201827692288763;1.0;0.7112044044916038;0.5574375147454332;173.92635226665135;-0.004570758156478405;0.0035564951598644257;9.245246410369873;0.006707546149846167;0.097265625
1849;3.477244962913398;1.0;0.3429012400473016;0.22501951320883945;725.9810569315281;-0.011520866211503744;0.004324561741668731;9.239848232269287;0.008027613174635916;0.1158203125
1850;6.380154777984968;1.0;0.2815172073657103;0.21120591837041514;660.9275883341123;-0.013694292679429055;0.006446894374676049;9.236401748657226;0.012331231508869677;0.17265625
1851;-5.619907349887074;0.0;0.0;0.0;28.395020716170624;-0.018505971785634755;0.007250066217966378;9.241734218597411;0.01263633097987622;0.1826171875
1852;-1.4497984315402244;1.0;0.28081244972244085;0.21020645630428433;563.592294878352;-0.011674354504793882;0.005162744456902147;9.2463809967041;0.005795873026363552;0.073046875
1853;-0.9885429155200183;0.0;0.0;0.0;84.65621097225865;-0.015127302799373864;0.004753385367803275;9.25190806388855;0.007958415185566992;0.115234375
1854;-1.6385161377552548;0.0;0.0;0.0;848.6130746310882;-0.014828943042084574;0.005091771367006004;9.257517242431641;0.006385056499857456;0.0822265625
1855;-1.8924916473682392;0.0;0.0;0.0;925.828101911159;-0.008606560900807381;0.00325460615567863;9.261851263046264;0.006405322789214551;0.0869140625
1856;6.0430641108611445;1.0;0.3480998303630961;0.26324787359172297;409.390916688138;-0.010983213665895164;0.0026992921368218957;9.26352219581604;0.007544900290668011;0.103125
1857;-0.4948724966026871;0.0;0.0;0.0;1007.1833567001593;-0.024794505117461084;0.0025051064556464555;9.26553750038147;0.01410002150805667;0.1935546875
1858;-4.88096755438775;0.0;0.0;0.0;668.2108617271972;-0.007880328921601176;0.0016838227573316544;9.268490505218505;0.010094111505895852;0.1326171875
1859;-1.0573394271371062;0.0;0.0;0.0;1167.5377060578937;-0.0074926216155290605;0.0021542733651585878;9.27699294090271;0.006770797946956009;0.083984375
1860;5.506596068474676;1.0;0.27098693200167423;0.2005643220164069;659.5188850560464;-0.020533509785309434;0.006174174114130437;9.290151786804199;0.008521823771297931;0.11640625
1861;-2.3504798739385704;0.0;0.0;0.0;33.995463514926314;-0.0168112576007843;0.006788284564390778;9.302320384979248;0.007791863207239657;0.1060546875
1862;0.5755954206179159;0.0;0.0;0.0;982.7116583619039;-0.015794280148111284;0.00531797317089513;9.312682294845581;0.009532011160627008;0.13515625
1863;-4.91154388281882;1.0;0.2797331046048247;0.2214601900961228;1029.0728459454963;-0.015512972138822079;0.002934659185120836;9.319485282897949;0.007696237042546272;0.11328125
1864;-1.0193179839800552;0.0;0.0;0.0;911.7310009875861;-0.020590838347561657;0.002485083421925083;9.324370384216309;0.010553389671258628;0.1470703125
1865;-1.7306013654744703;0.0;0.0;0.0;955.7637887406088;-0.005543388798832894;0.0037702036439441144;9.322030305862427;0.004975847969762981;0.0630859375
1866;5.261288583912387;1.0;0.3770317195253172;0.2978748128215462;681.5353901428476;-0.01491657765582204;0.0017090239212848245;9.31998896598816;0.00831564855761826;0.116015625
1867;-2.9890097390439108;0.0;0.0;0.0;117.97930962054723;-0.005785329034551978;0.002720035123638809;9.327663707733155;0.007081024430226535;0.0955078125
1868;-0.25431779561209905;0.0;0.0;0.0;893.9709217800552;-0.017451778566464782;0.001812055823393166;9.32500205039978;0.009782041143625974;0.133984375
1869;0.01964657888105478;0.0;0.0;0.0;614.6833288055084;-0.013066266290843486;0.003280442103277892;9.32889199256897;0.006566935731098056;0.0794921875
1870;6.468371730986331;1.0;0.3437698797481155;0.27660063413144304;523.9713392621208;-0.005840524518862367;0.002250473079038784;9.328786277770996;0.009090862423181533;0.126171875
1871;-1.1368109555410657;0.0;0.0;0.0;956.6732686678342;-0.012345236726105213;0.007820256473496556;9.325936651229858;0.0068485826486721635;0.0958984375
1872;-0.30169456029977215;0.0;0.0;0.0;938.342978829256;-0.012538694706745446;0.008952171518467366;9.32913098335266;0.009094568353611976;0.1337890625
1873;-0.6548378439435454;0.0;0.0;0.0;1280.473261615067;-0.006959984544664621;0.008103502029553056;9.334538650512695;0.004283706715796143;0.054296875
1874;1.5263404374836718;1.0;0.28898718842377774;0.22652210343158913;875.2472437489263;0.0002795269712805748;0.008042224799282849;9.342205238342284;0.007215438561979681;0.096484375
1875;;;;;;-0.011859564296901225;0.005616875807754695;9.346687507629394;0.008775788580533118;0.121484375
1876;;;;;;-0.014870728459209203;0.005150666646659374;9.349267482757568;0.009149338770657777;0.139453125
1877;;;;;;-0.016706451680511235;0.004988063604105264;9.355698728561402;0.009265576291363686;0.1228515625
1878;;;;;;-0.01701564732939005;0.002279932133387774;9.362724876403808;0.008187413203995676;0.1220703125
1879;;;;;;-0.014221947127953171;0.0026615584909450265;9.3715735912323;0.01032767549622804;0.14375
1880;;;;;;-0.024861206719651818;0.0031084645073860885;9.373901319503783;0.008487265813164413;0.12578125
1881;;;;;;-0.01814453226979822;0.001082454391871579;9.379325485229492;0.00764612820930779;0.1109375
1882;;;;;;-0.016576312016695738;0.002168625232297927;9.386934232711791;0.005734718823805452;0.06796875
1883;;;;;;-0.015537229971960187;0.0011255370191065595;9.389363002777099;0.007448818278498947;0.1076171875
1884;;;;;;-0.014697960950434208;0.0009480523673119024;9.38509202003479;0.009060342959128321;0.1333984375
1885;;;;;;-0.011930968496017158;0.0009511226351605728;9.385423278808593;0.007103980367537588;0.09921875
1886;;;;;;-0.011447478411719203;0.0010736370488302783;9.385124826431275;0.006275780720170587;0.0814453125
1887;;;;;;-0.007352245505899191;0.0017281751497648656;9.384695911407471;0.010581736720632761;0.151171875
1888;;;;;;-0.01930790061596781;0.004345121374353766;9.382890844345093;0.007162118260748684;0.1017578125
1889;;;;;;-0.009981906274333596;0.006730785849504173;9.388889026641845;0.00837458847090602;0.1130859375
1890;;;;;;-0.013075309665873646;0.006471921550109982;9.39260425567627;0.006838461267761886;0.0830078125
1891;;;;;;-0.011971490317955613;0.006118917395360768;9.387632131576538;0.006604768452234566;0.0931640625
1892;;;;;;-0.012511780206114053;0.01086013880558312;9.38943977355957;0.006623998191207648;0.0884765625
1893;;;;;;-0.008979004621505738;0.007594701275229454;9.390278673171997;0.009248631494119763;0.125
1894;;;;;;-0.005422702245414257;0.00458117724629119;9.390054035186768;0.00526174803962931;0.0712890625
1895;;;;;;-0.010550975101068616;0.0066239034291356805;9.386022281646728;0.005850221309810877;0.07734375
1896;;;;;;-0.014216591231524944;0.004285292571876198;9.38575096130371;0.010048056172672659;0.1248046875
1897;;;;;;-0.012903263233602047;0.005250159918796271;9.390450143814087;0.008426175289787351;0.1142578125
1898;;;;;;-0.00895954119041562;0.0024266114574857055;9.3964337348938;0.006848555989563465;0.0953125
1899;;;;;;-0.00824832208454609;0.005611142865382135;9.397535848617554;0.007883633126039059;0.109765625
1900;;;;;;-0.011674109543673695;0.004921372490935027;9.406630563735963;0.007373518508393318;0.094921875
1901;;;;;;-0.009320117346942425;0.0039922289550304415;9.41664390563965;0.004619879752863198;0.0578125
1902;;;;;;-0.008197990339249372;0.006366782728582621;9.414665985107423;0.00969578354852274;0.1302734375
1903;;;;;;-0.01599298818036914;0.003953367890790105;9.41774935722351;0.005993079056497663;0.0810546875
1904;;;;;;-0.023102087480947376;0.0021296849357895554;9.416709089279175;0.00864892490208149;0.1216796875
1905;;;;;;-0.00783794648014009;0.002598471933742985;9.410901880264282;0.0064240909647196535;0.0826171875
1906;;;;;;-0.006472846190445125;0.002057304454501718;9.404248666763305;0.009884531050920487;0.13515625
1907;;;;;;-0.010596092650666833;0.002179018367314711;9.404130697250366;0.006913680233992636;0.0916015625
1908;;;;;;-0.011210566386580467;0.00453504656907171;9.40770664215088;0.00797587331617251;0.108984375
1909;;;;;;-0.008628697181120516;0.00255768719362095;9.40911774635315;0.006800166773609817;0.0849609375
1910;;;;;;-0.011170910950750113;0.0023542771989014;9.414237880706787;0.0065049636992625896;0.08828125
1911;;;;;;-0.01112497029826045;0.0030270420014858247;9.418515634536742;0.007721034658607096;0.1119140625
1912;;;;;;-0.0030821457505226134;0.003334622539114207;9.410460472106934;0.005838546191807836;0.082421875
1913;;;;;;-0.016278250934556128;0.0040611656149849296;9.415408563613891;0.00578950447961688;0.074609375
1914;;;;;;-0.013131250347942113;0.00497564411489293;9.425805187225341;0.009969375014770776;0.151171875
1915;;;;;;-0.01779790436848998;0.0041811161674559115;9.426455163955689;0.009543131524696945;0.137890625
1916;;;;;;-0.010308522544801236;0.0037137117818929256;9.426152324676513;0.0067908763536252085;0.090234375
1917;;;;;;-0.017120108578819782;0.006585677526891232;9.425222730636596;0.00722836033673957;0.0951171875
1918;;;;;;-0.008332710899412631;0.0031723884399980306;9.433564710617066;0.006574512179940939;0.075390625
1919;;;;;;-0.014638176374137401;0.003193131147418171;9.436559629440307;0.010220908198971302;0.140234375
1920;;;;;;-0.011600979324430227;0.0044375529512763025;9.433565950393676;0.00916191121796146;0.1384765625
1921;;;;;;-0.013790728710591792;0.0048191320383921266;9.42930555343628;0.005370462767314166;0.0703125
1922;;;;;;-0.01283227929379791;0.0025706470594741406;9.428420877456665;0.00860470428597182;0.1228515625
1923;;;;;;-0.013695179112255573;0.0018405925715342165;9.426130104064942;0.008230146148707717;0.115234375
1924;;;;;;-0.009778609639033676;0.001990315952571109;9.433695125579835;0.006035946100018919;0.0791015625
1925;;;;;;-0.006701326370239258;0.0019420885713770986;9.43965425491333;0.005008888454176486;0.060546875
1926;;;;;;0.004234674037434161;0.0010835707566002385;9.445060539245606;0.004523428180254996;0.0537109375
1927;;;;;;-0.01474557314068079;0.0017618018027860671;9.445463943481446;0.010458568914327771;0.126953125
1928;;;;;;-0.008911341987550258;0.002849985531065613;9.44223403930664;0.005739163572434336;0.0771484375
1929;;;;;;-0.010080961068160832;0.006254076538607478;9.443153285980225;0.007497625786345452;0.1091796875
1930;;;;;;-0.007185654435306788;0.008267642511054874;9.440412950515746;0.008659081137739121;0.1166015625
1931;;;;;;-0.006836432870477438;0.002610172121785581;9.4371817111969;0.008385354559868574;0.1228515625
1932;;;;;;-0.0010727529413998127;0.00917976456694305;9.438758039474488;0.005119200132321566;0.0673828125
1933;;;;;;-0.01424926002509892;0.024237848026677965;9.442585802078247;0.005843093909788877;0.07109375
1934;;;;;;-0.00902990810573101;0.012401509191840887;9.446964406967163;0.006774653459433466;0.08515625
1935;;;;;;-0.003970176354050637;0.00379669819958508;9.448865938186646;0.0064170736819505695;0.08828125
1936;;;;;;-0.013352057803422213;0.010502931615337729;9.451948404312134;0.008336500846780837;0.108984375
1937;;;;;;-0.01059082504361868;0.016675200732424855;9.454758739471435;0.008388761850073933;0.11640625
1938;;;;;;-0.016645786352455616;0.011962063889950515;9.461617469787598;0.01174602737883106;0.1501953125
1939;;;;;;-0.011454453878104686;0.021118737757205963;9.46321063041687;0.006108801788650453;0.08046875
1940;;;;;;-0.009104936989024282;0.014832628890872002;9.469067478179932;0.009620289201848209;0.137890625
1941;;;;;;-0.004546774085611105;0.007608293206430972;9.469512891769408;0.004447491536848247;0.0466796875
1942;;;;;;-0.014975449582561851;0.007156760711222887;9.464674186706542;0.005523601511958987;0.0728515625
1943;;;;;;-0.0077102423645555975;0.0080285026691854;9.459609699249267;0.007818712724838407;0.1103515625
1944;;;;;;-0.007808340317569673;0.005880545522086322;9.460156154632568;0.006044992350507527;0.0814453125
1945;;;;;;-0.005135884881019593;0.003277645283378661;9.464115858078003;0.009418895037379115;0.1361328125
1946;;;;;;-0.004030320933088661;0.004074147157371044;9.470719194412231;0.006273557781241834;0.0880859375
1947;;;;;;-0.012098952545784414;0.00827457217965275;9.46870732307434;0.007906987774185836;0.113671875
1948;;;;;;-0.0077204047702252865;0.005648069025482982;9.459712553024293;0.00555088153341785;0.0708984375
1949;;;;;;-0.014089335780590772;0.005631445278413594;9.455734586715698;0.0057339988416060805;0.0689453125
1950;;;;;;-0.01314998408779502;0.00444333377527073;9.453013277053833;0.009541310870554298;0.139453125
1951;;;;;;-0.01674807034432888;0.0027354701771400867;9.449157190322875;0.008514590235427022;0.119140625
1952;;;;;;-0.010130211757496;0.004159304790664464;9.445412540435791;0.007139357808046043;0.0974609375
1953;;;;;;-0.008817432285286485;0.0019200106733478605;9.441787052154542;0.007526649767532945;0.10078125
1954;;;;;;-0.012444300390779973;0.004025436425581575;9.440555572509766;0.007322754058986902;0.096875
1955;;;;;;-0.01895188009366393;0.002927304746117443;9.437690019607544;0.006821874401066452;0.0958984375
1956;;;;;;-0.005576009582728148;0.0031201638747006656;9.438095903396606;0.0060532175237312915;0.085546875
1957;;;;;;-0.014056924311444164;0.002733244403498247;9.438850259780883;0.006906459224410355;0.0974609375
1958;;;;;;-0.009993326757103205;0.0025035938422661276;9.435036039352417;0.006502216029912233;0.090234375
1959;;;;;;-0.02221460547298193;0.0022513732139486818;9.431929445266723;0.00896604269510135;0.131640625
1960;;;;;;-0.007732954481616617;0.001551984657999128;9.431189489364623;0.007490849948953837;0.1060546875
1961;;;;;;-0.013472931180149316;0.002322411397472024;9.433606719970703;0.0077833415125496686;0.1130859375
1962;;;;;;-0.010524227377027273;0.00243605668656528;9.435723972320556;0.005960737122222781;0.0869140625
1963;;;;;;-0.004058370552957058;0.06372269270941615;9.435291147232055;0.0058517562691122295;0.075
1964;;;;;;-0.016346295224502684;0.002449707844061777;9.432479667663575;0.00807360231410712;0.1072265625
1965;;;;;;-0.017915133619681;0.002556354645639658;9.43418583869934;0.0076300609856843945;0.1060546875
1966;;;;;;-0.012752082711085678;0.015391701087355613;9.440378856658935;0.004995734372641891;0.0587890625
1967;;;;;;-0.011565905436873436;0.01242730263620615;9.444915103912354;0.007405343651771546;0.097265625
1968;;;;;;-0.007991730235517025;0.00794698998797685;9.452124834060669;0.006464585068169981;0.0923828125
1969;;;;;;-0.005663317255675792;0.0036385121522471307;9.454417991638184;0.005078196560498327;0.0615234375
1970;;;;;;-0.02147075403481722;0.004017072531860321;9.456537532806397;0.008124203444458545;0.1091796875
1971;;;;;;-0.014389227447099983;0.0045015890966169534;9.45876841545105;0.007768438349012285;0.112890625
1972;;;;;;-0.006282461620867252;0.0033918072702363135;9.455833625793456;0.007448786415625364;0.1017578125
1973;;;;;;-0.00484255300834775;0.0028411664767190813;9.449974918365479;0.007341086957603693;0.1
1974;;;;;;-0.011637267167679965;0.001963561278535053;9.44818205833435;0.006813798134680837;0.0884765625
1975;;;;;;-0.008403789508156479;0.002956347807776183;9.446802949905395;0.007385832280851901;0.10625
1976;;;;;;-0.017483018129132687;0.001896876108366996;9.447834634780884;0.008689552429132164;0.1259765625
1977;;;;;;-0.016190388705581427;0.002955652540549636;9.452326647440593;0.008574422681704164;0.11380208333333333
1978;;;;;;-0.01346155283972621;0.002346795459743589;9.45243992805481;0.006769124115817249;0.09296875
1979;;;;;;-0.01418318566866219;0.0019678211363498123;9.451120376586914;0.007616782595869153;0.1078125
1980;;;;;;-0.011587490793317556;0.0033701725187711418;9.448803424835205;0.004997448634821921;0.0607421875
1981;;;;;;-0.0054945287760347124;0.002697226736927405;9.444774341583251;0.007172650622669608;0.1
1982;;;;;;-0.010558148426935077;0.002392506611067802;9.439563941955566;0.007179221417754888;0.0943359375
1983;;;;;;-0.016351537918671964;0.002267311734613031;9.432313585281372;0.005020798917394131;0.06328125
1984;;;;;;-0.0012304499745368958;0.0042695528012700375;9.430632781982421;0.007819319306872786;0.1134765625
1985;;;;;;-0.01292539807036519;0.002498646336607635;9.429884338378907;0.00947111464338377;0.13203125
1986;;;;;;-0.00822295059915632;0.0066694672219455246;9.433574295043945;0.005564950709231198;0.0697265625
1987;;;;;;-0.004504990484565497;0.005251826485618949;9.43681435585022;0.006186991813592613;0.0796875
1988;;;;;;-0.013463006913661956;0.0034601183026097713;9.439433240890503;0.007575879769865424;0.109765625
1989;;;;;;-0.01108522058930248;0.00405363324098289;9.437326002120972;0.0048029965721070765;0.06015625
1990;;;;;;-0.021111487969756128;0.0023636306868866086;9.436229038238526;0.0075277747702784835;0.106640625
1991;;;;;;-0.01692721787840128;0.0031641338602639733;9.432727766036987;0.008309494494460523;0.1140625
1992;;;;;;-0.007008840469643474;0.0024294017581269144;9.42500925064087;0.004319687373936176;0.05234375
1993;;;;;;-0.0028554331976920365;0.0020491897186730055;9.420689296722411;0.0048852241830900315;0.0642578125
1994;;;;;;-0.011929563526064158;0.0030191185884177684;9.416520071029662;0.006796148582361638;0.087890625
1995;;;;;;-0.012146464246325196;0.004408290633000434;9.410421371459961;0.007019929809030145;0.09375
1996;;;;;;-0.007648998289369047;0.002658875938504934;9.409357595443726;0.010284111846704035;0.151953125
1997;;;;;;-0.01571277102921158;0.003069694305304438;9.411771440505982;0.008208929665852339;0.105078125
1998;;;;;;-0.015453734854236244;0.0029604546376504003;9.415949440002441;0.01303336409619078;0.1798828125
1999;;;;;;-0.007831564638763666;0.004295903153251857;9.416549491882325;0.006211337971035391;0.07734375
2000;;;;;;-0.010867359605617822;0.003924664517398924;9.417400932312011;0.008970770600717515;0.12421875
2001;;;;;;-0.012500403355807066;0.010892833746038378;9.421706008911134;0.007563880551606417;0.098828125
2002;;;;;;-0.007627771398983896;0.007411425933241844;9.427050447463989;0.008325544290710241;0.120703125
2003;;;;;;-0.009245111444033682;0.003572994633577764;9.429139518737793;0.007983236259315163;0.1046875
2004;;;;;;-0.00992419283138588;0.004036504623945803;9.426985454559325;0.007443674351088702;0.102734375
2005;;;;;;-0.016890784772112966;0.005883444962091744;9.426947927474975;0.007973759446758776;0.1076171875
2006;;;;;;-0.008415462262928487;0.007715943572111428;9.42807641029358;0.005409251560922712;0.069140625
2007;;;;;;-0.006473077298142016;0.019017223408445715;9.431280279159546;0.006498644687235355;0.084375
2008;;;;;;-0.02103012935258448;0.012666920898482203;9.43393325805664;0.009727052436210215;0.14140625
2009;;;;;;-0.011836440954357385;0.0076191803673282266;9.43186058998108;0.008932445698883384;0.1349609375
2010;;;;;;-0.011286044516600669;0.012703860597684979;9.435438442230225;0.007777050137519836;0.103515625
2011;;;;;;-0.011944549763575197;0.008064689161255956;9.444580793380737;0.0072940087644383315;0.10625
2012;;;;;;-0.00790739506483078;0.007759274169802666;9.457929754257203;0.005117330176290125;0.0650390625
2013;;;;;;-0.0009400322567671537;0.007637316221371293;9.460962343215943;0.005657191318459809;0.0732421875
2014;;;;;;-0.011848591826856136;0.010957118729129434;9.459765195846558;0.007724199211224914;0.1076171875
2015;;;;;;-0.007782147731631994;0.008725072094239294;9.456795835494995;0.00902506149141118;0.1328125
2016;;;;;;-0.019931575004011392;0.006140470644459129;9.450943040847779;0.007484329724684357;0.0984375
2017;;;;;;-0.017114302981644867;0.0037470356095582248;9.451236391067505;0.012024558265693486;0.1701171875
2018;;;;;;-0.014257670426741243;0.0055599342565983536;9.461230278015137;0.007562977098859847;0.09453125
2019;;;;;;-0.005767726991325617;0.01624827696941793;9.467339658737183;0.008920036430936307;0.1271484375
2020;;;;;;-0.008650216192472726;0.008356678998097777;9.468906784057618;0.00908966806018725;0.1349609375
2021;;;;;;-0.020552548579871655;0.0050989555544219915;9.470853757858276;0.009393469255883247;0.1150390625
2022;;;;;;-0.015959126176312566;0.0032914730021730066;9.472101545333862;0.0075763537315651774;0.1037109375
2023;;;;;;-0.01164041762240231;0.006148039223626256;9.47653374671936;0.009067013883031905;0.1251953125
2024;;;;;;-0.006380994338542223;0.011440320871770382;9.483285617828368;0.008512344281189143;0.11875
2025;;;;;;-0.009966547368094325;0.008715323568321765;9.487743520736695;0.008335681119933724;0.1169921875
2026;;;;;;-0.017387881595641374;0.003659197734668851;9.490829181671142;0.007033504813443869;0.098046875
2027;;;;;;-0.008445772435516119;0.0022060849703848364;9.496829175949097;0.005538647435605526;0.0708984375
2028;;;;;;0.0034571738447993993;0.0032964278012514114;9.498454570770264;0.006115059496369213;0.0787109375
2029;;;;;;-0.012306685326620936;0.004662303649820387;9.503896570205688;0.006429551832843572;0.087890625
2030;;;;;;-0.009747920464724303;0.0019450617430265993;9.513908004760742;0.007744367036502808;0.107421875
2031;;;;;;-0.01349117811769247;0.0032139754737727346;9.51990885734558;0.005461058230139315;0.0685546875
2032;;;;;;-0.009283362329006195;0.0033530504442751408;9.520246267318726;0.008288101654034107;0.1162109375
2033;;;;;;-0.004779175319708884;0.00851129754446447;9.520027303695679;0.007479512947611511;0.10625
2034;;;;;;-0.0037524229381233455;0.01792612406425178;9.518149137496948;0.007487475988455117;0.106640625
2035;;;;;;-0.007089637871831656;0.007307380298152566;9.51939525604248;0.008621261664666235;0.123046875
2036;;;;;;-0.0033830532804131506;0.006445264373905957;9.518052005767823;0.007327496621292085;0.102734375
2037;;;;;;-0.007469665817916393;0.0028675235924310984;9.521300888061523;0.004938342212699354;0.064453125
2038;;;;;;-0.006980359740555287;0.00883029936812818;9.524837827682495;0.0072591903153806925;0.0982421875
2039;;;;;;-0.01438989331945777;0.005591459828428924;9.525776386260986;0.008215605199802667;0.1146484375
2040;;;;;;-0.012098621390759946;0.01019710567779839;9.528797912597657;0.007291153364349157;0.0978515625
2041;;;;;;-0.009660804364830255;0.01975750084966421;9.534051942825318;0.006530916993506252;0.0890625
2042;;;;;;-0.014720736455637961;0.0179834705311805;9.53676471710205;0.010971859691198915;0.158203125
2043;;;;;;-0.01917216763831675;0.010193007392808795;9.541761302947998;0.009417363628745078;0.1291015625
2044;;;;;;-0.01198862181045115;0.01783533440902829;9.544349336624146;0.005502443690784275;0.0625
2045;;;;;;-0.01689349510706961;0.014126948872581124;9.539406681060791;0.005991112603805959;0.0806640625
2046;;;;;;-0.009912406140938402;0.011933477781713008;9.535724067687989;0.009498652210459113;0.137109375
2047;;;;;;-0.013488985132426023;0.006836008280515671;9.534486246109008;0.00777007743017748;0.1087890625
2048;;;;;;-0.009787626727484167;0.011289407964795828;9.537457370758057;0.008403569553047418;0.108984375
2049;;;;;;-0.007468107109889388;0.004197566176299006;9.5375581741333;0.007191934599541127;0.09453125
2050;;;;;;-0.009453804651275276;0.004505970561876893;9.531648921966553;0.006521015416365117;0.0853515625
2051;;;;;;-0.009166545583866537;0.009229593747295439;9.529770612716675;0.009719920216593892;0.1359375
2052;;;;;;-0.007780549768358469;0.0048313581035472454;9.533454179763794;0.008658126404043287;0.108984375
2053;;;;;;-0.009915598575025797;0.0041654694941826165;9.537401723861695;0.0058246503816917535;0.07578125
2054;;;;;;-0.014334803516976535;0.005641932203434408;9.544293069839478;0.008079014741815627;0.1134765625
2055;;;;;;-0.014005876332521438;0.005788566032424569;9.54841594696045;0.006615309731569141;0.088671875
2056;;;;;;-0.008378813625313342;0.005938399233855307;9.551176691055298;0.00826832369202748;0.1111328125
2057;;;;;;-0.016907697543501854;0.08428057511337102;9.555086612701416;0.007332986115943641;0.10625
2058;;;;;;-0.012751551601104439;0.0032531416858546437;9.554095888137818;0.007498009060509503;0.1091796875
2059;;;;;;-0.016568472050130366;0.0049207305768504735;9.548542833328247;0.009707969066221267;0.143359375
2060;;;;;;-0.010621096380054951;0.005853578040841967;9.545582485198974;0.007057474099565297;0.0904296875
2061;;;;;;-0.009829489700496196;0.007792500196956098;9.554221677780152;0.006411034753546119;0.0873046875
2062;;;;;;-0.015565651468932629;0.0024594826682005078;9.55848650932312;0.0074053900083526965;0.0884765625
2063;;;;;;-0.010458190459758043;0.0036992173176258803;9.555547142028809;0.007530954061076045;0.10390625
2064;;;;;;-0.013996985508129;0.004359879205003381;9.555256032943726;0.00961002599215135;0.1345703125
2065;;;;;;-0.006677982024848461;0.002666358731221408;9.555952453613282;0.010370835068169982;0.15234375
2066;;;;;;-0.00238037733361125;0.006714448565617204;9.562235498428345;0.007681126077659428;0.103515625
2067;;;;;;-0.016860936488956212;0.014294107677415013;9.564525032043457;0.009898057242389768;0.13984375
2068;;;;;;-0.009959179209545255;0.019005614891648294;9.566963148117065;0.007520268193911761;0.1033203125
2069;;;;;;-0.0026698531350120903;0.006394226825796068;9.573547077178954;0.008054719911888242;0.11015625
2070;;;;;;-0.010110474517568946;0.007547272299416363;9.5709698677063;0.005258600611705333;0.0650390625
2071;;;;;;-0.016376092657446863;0.005304754409007728;9.566387128829955;0.007478450227063149;0.0970703125
2072;;;;;;-0.010894381627440452;0.012180610140785576;9.561230897903442;0.007502835197374225;0.0951171875
2073;;;;;;-0.012697545113041997;0.005987512599676848;9.562468719482421;0.0072040629340335725;0.0923828125
2074;;;;;;-0.012989640375599265;0.0119506920222193;9.562930393218995;0.006536559271626175;0.0896484375
2075;;;;;;-0.002415654342621565;0.005811108322814107;9.55884428024292;0.007435630389954895;0.101171875
2076;;;;;;-0.012067614309489726;0.005380129022523761;9.553050708770751;0.00836309134028852;0.1212890625
2077;;;;;;-0.010352363623678685;0.003920041420497;9.551773881912231;0.009101391723379492;0.1349609375
2078;;;;;;-0.015824248408898713;0.001935072394553572;9.553606319427491;0.006511110824067146;0.0837890625
2079;;;;;;-0.012480321200564503;0.0022000792960170656;9.555557680130004;0.007430358626879752;0.1044921875
2080;;;;;;-0.003165137115865946;0.008811680390499533;9.558247613906861;0.010675882117357104;0.157421875
2081;;;;;;-0.018346068868413567;0.0044132227078080176;9.564563655853272;0.007461206964217126;0.09609375
2082;;;;;;-0.010029259650036693;0.0037223440478555856;9.569785118103027;0.005985535227227956;0.0775390625
2083;;;;;;-0.011064137425273656;0.0037351873586885633;9.574020957946777;0.006048158113844693;0.0779296875
2084;;;;;;-0.0158013166859746;0.00567905300995335;9.581831789016723;0.010369008663110435;0.14921875
2085;;;;;;-0.006113635096699;0.0034372924361377954;9.586511754989624;0.006717513012699783;0.0896484375
2086;;;;;;-0.007259158976376056;0.0023930608469527213;9.585832500457764;0.008301560394465923;0.1103515625
2087;;;;;;-0.006961530214175582;0.012946651596575976;9.584882640838623;0.00894064191961661;0.1318359375
2088;;;;;;-0.00894561903551221;0.003284414391964674;9.584005117416382;0.006965595646761358;0.0927734375
2089;;;;;;-0.00924465493299067;0.003285968815907836;9.580695533752442;0.007902366376947611;0.110546875
2090;;;;;;-0.019350950000807644;0.0019232603313867002;9.58371548652649;0.010393833217676729;0.153515625
2091;;;;;;-0.009326147334650158;0.0052265718579292296;9.581572818756104;0.00721283876337111;0.0994140625
2092;;;;;;-0.010695552872493862;0.0067181017249822615;9.581199455261231;0.007057540467940271;0.09765625
2093;;;;;;-0.01332610216923058;0.002526805183151737;9.582941770553589;0.014083389879669995;0.20078125
2094;;;;;;-0.009266329696401954;0.0012018254317808896;9.58655505180359;0.007393674808554351;0.1072265625
2095;;;;;;-0.009735047118738294;0.0016850819520186633;9.58671431541443;0.004658269137144089;0.0529296875
2096;;;;;;-0.008020508382469416;0.0013361873512621968;9.586527776718139;0.007562515628524125;0.1048828125
2097;;;;;;-0.008224440040066838;0.0016599960450548678;9.584569120407105;0.005133829941041767;0.0646484375
2098;;;;;;-0.012348668836057185;0.0011732272425433621;9.580846166610717;0.009198146453127266;0.130859375
2099;;;;;;-0.01573328794911504;0.0022812023060396315;9.571406412124634;0.006576372217386961;0.0787109375
2100;;;;;;-0.012139200884848832;0.0021514594787731766;9.562325859069825;0.0066317126620560884;0.090625
2101;;;;;;-0.015734222461469473;0.004808212129864842;9.562642431259155;0.009132239420432597;0.1212890625
2102;;;;;;-0.01229436465073377;0.011177958641201257;9.570873832702636;0.008767999452538788;0.114453125
2103;;;;;;-0.016893888404592872;0.004543138749431819;9.579919815063477;0.009324482188094407;0.1197265625
2104;;;;;;-0.009049917571246624;0.0050061983987689015;9.58549861907959;0.006334744859486818;0.0791015625
2105;;;;;;-0.015314516052603722;0.013125625485554338;9.58958559036255;0.007330306700896472;0.098828125
2106;;;;;;-0.018725316040217876;0.007850647764280438;9.59552879333496;0.006838182883802802;0.0828125
2107;;;;;;-0.012840465572662652;0.0071897169575095175;9.601595878601074;0.010134872619528324;0.128515625
2108;;;;;;0.0009331034496426582;0.008647210244089366;9.603257608413696;0.008156109834089875;0.1158203125
2109;;;;;;-0.0037414486752822993;0.007447977224364877;9.606064081192017;0.0063506062142550945;0.0890625
2110;;;;;;-0.005494214501231909;0.0037170222261920572;9.602691268920898;0.008273169363383204;0.121875
2111;;;;;;-0.01462539448402822;0.0017305375484284013;9.595419454574586;0.00881416822085157;0.1255859375
2112;;;;;;-0.011296545900404454;0.001146181090734899;9.593816947937011;0.006361275224480778;0.0892578125
2113;;;;;;-0.008940064953640104;0.0011559237289475277;9.595377588272095;0.006221518642269075;0.0796875
2114;;;;;;-0.01008388539776206;0.0025925514986738563;9.599126529693603;0.008991074620280416;0.1193359375
2115;;;;;;-0.008029874833300709;0.0038937426870688796;9.595704126358033;0.0079457025276497;0.108203125
2116;;;;;;-0.004729329003021121;0.007010305905714631;9.595390367507935;0.005876818229444325;0.084375
2117;;;;;;-0.014272262761369347;0.006944689177908003;9.60135989189148;0.006321078643668443;0.0837890625
2118;;;;;;8.540693670511246e-05;0.0030334727605804803;9.603986549377442;0.0036160137271508573;0.0349609375
2119;;;;;;-0.012864517141133546;0.002620696905069053;9.610072135925293;0.006695610424503684;0.0875
2120;;;;;;-0.013564701750874519;0.0028391559957526625;9.607937240600586;0.010242756188381464;0.1337890625
2121;;;;;;-0.012689735554158688;0.0035766591783612965;9.60743327140808;0.007490780227817595;0.0892578125
2122;;;;;;-0.010928110359236598;0.003365861508063972;9.609530591964722;0.008890160452574491;0.1158203125
2123;;;;;;-0.012206443306058645;0.002559650456532836;9.610758352279664;0.00997009853599593;0.12890625
2124;;;;;;-0.016516933962702752;0.0022653992753475906;9.610269260406493;0.008259126800112426;0.11640625
2125;;;;;;-0.02011558981612325;0.0022013442183379086;9.608518695831298;0.010482363123446702;0.1451171875
2126;;;;;;-0.011419097892940044;0.002440068527357653;9.60691170692444;0.007540110521949828;0.1087890625
2127;;;;;;-0.004783757776021957;0.00281121083535254;9.608456802368163;0.005862919753417373;0.0734375
2128;;;;;;-0.015543994004838168;0.0020991615427192302;9.607848834991454;0.00862474504392594;0.1203125
2129;;;;;;-0.017039175820536913;0.001234926760662347;9.61342248916626;0.007304453174583614;0.10625
2130;;;;;;-0.01640265015885234;0.0014670409291284159;9.61888952255249;0.007876973354723305;0.102734375
2131;;;;;;-0.012281995080411435;0.0013317417178768665;9.615611362457276;0.009594997530803085;0.12890625
2132;;;;;;-0.014599582366645335;0.0023674003256019204;9.607447814941406;0.008659801562316716;0.117578125
2133;;;;;;-0.004883826430886984;0.002296569268219173;9.601233673095702;0.006017599464394152;0.079296875
2134;;;;;;-0.019672233820892872;0.0018838522024452685;9.599480438232423;0.007683758251368999;0.092578125
2135;;;;;;-0.006312138214707374;0.0020459405379369853;9.602660179138184;0.007238305488135666;0.0998046875
2136;;;;;;-0.012230508704669773;0.0013210468576289713;9.607065677642822;0.007299009058624506;0.1080078125
2137;;;;;;-0.012747162394225598;0.0014514377689920366;9.605981922149658;0.008379462698940188;0.1203125
2138;;;;;;-0.004067004192620516;0.06454610461369156;9.603903007507324;0.009933797863777728;0.1466796875
2139;;;;;;-0.013272306136786937;0.0027748851221986114;9.605159664154053;0.01061359365703538;0.15625
2140;;;;;;-0.012387580703943968;0.003277133370283991;9.607651090621948;0.007003999943844974;0.08984375
2141;;;;;;-0.013796532619744539;0.002925024961587042;9.601996612548827;0.00677879989380017;0.08203125
2142;;;;;;5.8338651433587076e-05;0.004921146610286087;9.592561960220337;0.0057924404158256945;0.07421875
2143;;;;;;-0.020458702044561506;0.003259297797922045;9.589032316207886;0.009179031301755458;0.136328125
2144;;;;;;-0.014899923698976636;0.0018689045449718834;9.593807792663574;0.0066250363597646356;0.085546875
2145;;;;;;-0.014071251498535275;0.0029994879732839763;9.602630662918092;0.007736830122303218;0.114453125
2146;;;;;;-0.014883594587445259;0.003745902155060321;9.608308839797974;0.008631912840064615;0.11875
2147;;;;;;-0.01231091027148068;0.0012904234114103018;9.612879943847656;0.004930050414986909;0.05625
2148;;;;;;-0.022735502291470765;0.07058338327333331;9.61753602027893;0.005270574847236276;0.062890625
2149;;;;;;-0.01676351558417082;0.00817707716487348;9.621694803237915;0.0072687571286223825;0.098828125
2150;;;;;;-0.00882115769200027;0.12187184989452363;9.630714273452758;0.004765052953734994;0.0541015625
2151;;;;;;-0.009803340025246143;0.005960642080754042;9.634683609008789;0.008151407388504594;0.1064453125
2152;;;;;;-0.012848727311939001;0.002332682127598673;9.63925485610962;0.006555398926138878;0.0818359375
2153;;;;;;-0.016972648538649084;0.005143388919532299;9.642621803283692;0.009516703838016838;0.1318359375
2154;;;;;;-0.006767174182459712;0.06504531856626272;9.647033834457398;0.008009410102386028;0.1078125
2155;;;;;;-0.006050186813808978;0.019308349024504422;9.643457794189453;0.007475600414909423;0.10234375
2156;;;;;;-0.014549900637939572;0.00456454991362989;9.638874387741089;0.006433203839696944;0.0845703125
2157;;;;;;-0.008255654200911521;0.0018846454389858992;9.635103178024291;0.004431169468443841;0.052734375
2158;;;;;;-0.014095865888521075;0.050444836053065954;9.633066987991333;0.01164497302379459;0.1408203125
2159;;;;;;-0.00842809237074107;0.05142012136057019;9.632964086532592;0.007203158666379749;0.091015625
2160;;;;;;-0.015163670084439218;0.0036391009110957385;9.631323003768921;0.005218407267238945;0.0642578125
2161;;;;;;-0.01127662300132215;0.0033361381385475395;9.628451871871949;0.006899307318963111;0.0951171875
2162;;;;;;-0.008938037184998393;0.10737006915733219;9.6305016040802;0.010300323157571257;0.1326171875
2163;;;;;;-0.013316702144220472;0.010611457587219774;9.628983354568481;0.012291086942423136;0.1748046875
2164;;;;;;-0.012743898597545922;0.021039417199790477;9.627100610733033;0.01034493843326345;0.1455078125
2165;;;;;;-0.006445221183821559;0.01251873392611742;9.62682580947876;0.007872566522564739;0.105859375
2166;;;;;;-0.007227666047401726;0.06325074322521687;9.631784057617187;0.008081930223852396;0.1072265625
2167;;;;;;-0.01271063694730401;0.007671056222170592;9.632141971588135;0.007422662561293691;0.1064453125
2168;;;;;;-0.0101080734282732;0.005811357672791928;9.628549289703368;0.007408885355107486;0.1041015625
2169;;;;;;-0.011907421005889773;0.04899883089819923;9.629124689102174;0.008222143095918;0.11796875
2170;;;;;;-0.012693119794130325;0.010907685547135771;9.632643699645996;0.010722195752896369;0.1513671875
2171;;;;;;-0.010285854153335095;0.0108028553891927;9.636128759384155;0.007656083593610674;0.11015625
2172;;;;;;-0.017427718639373778;0.0056396296713501215;9.637247610092164;0.007588066719472408;0.0876953125
2173;;;;;;-0.014081276906654238;0.003479292313568294;9.63600697517395;0.007267552695702761;0.102734375
2174;;;;;;-0.01171153192408383;0.0026559490128420294;9.636419916152954;0.008440736122429371;0.11796875
2175;;;;;;-0.0197375692659989;0.0029614609200507404;9.634375715255738;0.009201114065945148;0.1353515625
2176;;;;;;-0.000564908143132925;0.06425138318445534;9.635419225692749;0.0048651396878995005;0.05859375
2177;;;;;;-0.00905621419660747;0.0047098586219362915;9.638739538192748;0.006680470588617027;0.08671875
2178;;;;;;-0.015869036223739384;0.00418834964511916;9.639418935775756;0.009123330761212856;0.12578125
2179;;;;;;-0.008703061984851957;0.007181427674368024;9.641936683654786;0.007486571499612182;0.0978515625
2180;;;;;;-0.00392150841653347;0.05803607553243637;9.644300746917725;0.00973902945406735;0.139453125
2181;;;;;;-0.006382738053798675;0.07930534295737743;9.639692115783692;0.005108520365320146;0.068359375
2182;;;;;;-0.0007597271353006363;0.02168840020895004;9.641391944885253;0.007423763920087367;0.1015625
2183;;;;;;-0.008016134751960636;0.005553441972006112;9.645157432556152;0.006725922180339694;0.09140625
2184;;;;;;-0.01701617445796728;0.006062644789926708;9.64809970855713;0.00808700368506834;0.101953125
2185;;;;;;-0.005126871354877949;0.005202437681145966;9.649257230758668;0.0070337662589736285;0.085546875
2186;;;;;;-0.0035753370262682437;0.009526916476897896;9.646386528015137;0.006402251787949354;0.0802734375
2187;;;;;;0.0035948199802078307;0.0026576822972856464;9.65374789237976;0.004447869397699833;0.0494140625
2188;;;;;;-0.018799665570259094;0.00472942505730316;9.659415674209594;0.007496414892375469;0.1029296875
2189;;;;;;-0.017322715651243926;0.007375501096248627;9.66695590019226;0.00941759287379682;0.13203125
2190;;;;;;-0.021409695222973823;0.07576255621388554;9.666612672805787;0.011297224287409336;0.1595703125
2191;;;;;;-0.007791076879948377;0.005540137807838619;9.660303831100464;0.0074516573222354054;0.0921875
2192;;;;;;-0.01564525659196079;0.006648526503704488;9.659222173690797;0.009015271998941898;0.113671875
2193;;;;;;-0.014640336041338742;0.005321841896511614;9.661520433425903;0.007473938167095184;0.1162109375
2194;;;;;;-0.010943777626380324;0.0037186375819146635;9.659106826782226;0.006247883301693946;0.0810546875
2195;;;;;;-0.004631456453353167;0.05680789407342672;9.65951247215271;0.006922561000101269;0.0927734375
2196;;;;;;-0.011218222742900252;0.003132015315350145;9.658343076705933;0.007596862327773124;0.1021484375
2197;;;;;;-0.006747791194356978;0.03105292550753802;9.66047477722168;0.007489134382922202;0.098046875
2198;;;;;;-0.014793377090245485;0.005320792214479298;9.668597555160522;0.008766300906427205;0.1263671875
2199;;;;;;-0.015275807492434979;0.00801598816178739;9.675811433792115;0.00888472517253831;0.128515625
2200;;;;;;0.004338908893987537;0.005374280631076545;9.676906967163086;0.004607521707657725;0.05390625
2201;;;;;;-0.007109860051423311;0.00470629931660369;9.67953701019287;0.008708024933002888;0.1111328125
2202;;;;;;-0.013821418303996325;0.003187586087733507;9.68193244934082;0.00971066578058526;0.1265625
2203;;;;;;-0.0149267757544294;0.008034810447134078;9.683545207977295;0.010034323786385357;0.12890625
2204;;;;;;-0.015997293405234814;0.0031677692546509205;9.684282922744751;0.007523081847466528;0.098828125
2205;;;;;;-0.01871251065749675;0.022300740401260555;9.687219429016114;0.007878692972008139;0.092578125
2206;;;;;;-0.007103094016201794;0.005072884913533926;9.692734575271606;0.0099492774810642;0.141015625
2207;;;;;;-0.006564372638240457;0.06196444304659963;9.693684482574463;0.01160077004460618;0.13046875
2208;;;;;;-0.010132709424942732;0.005700300331227481;9.687998056411743;0.014118901605252176;0.1783203125
2209;;;;;;-0.019176148483529686;0.004715667117852718;9.688446474075317;0.009815940191037953;0.13984375
2210;;;;;;-0.01796581009402871;0.0076986329164356;9.691695404052734;0.01048474459676072;0.1576171875
2211;;;;;;-0.013263042969629168;0.003358386852778494;9.697744226455688;0.006042733078356832;0.0828125
2212;;;;;;-0.013637127447873354;0.00848190700635314;9.701944875717164;0.009673892764840274;0.14296875
2213;;;;;;-0.016048735310323536;0.0028740681940689684;9.698490142822266;0.009797754557803273;0.1388671875
2214;;;;;;-0.007386414520442486;0.006363300955854356;9.69997591972351;0.008828179584816099;0.1228515625
2215;;;;;;-0.008844611421227454;0.0025879444205202163;9.708594417572021;0.006217979686334729;0.0828125
2216;;;;;;-0.016000453429296613;0.005481767677702009;9.721430587768555;0.006156081100925803;0.0771484375
2217;;;;;;-0.0031099083833396437;0.0023151647532358766;9.727258682250977;0.005386744497809559;0.0671875
2218;;;;;;-0.016002831049263477;0.00848960226867348;9.728104400634766;0.010174249147530645;0.1232421875
2219;;;;;;-0.012594289379194379;0.006232863967306912;9.730114412307739;0.004918583098333329;0.056640625
2220;;;;;;-0.014202977414242923;0.008787875389680266;9.72921724319458;0.009913906175643205;0.14140625
2221;;;;;;-0.006315107899717986;0.003428720333613455;9.729842185974121;0.006125347968190908;0.084375
2222;;;;;;-0.004888713033869863;0.009811490401625633;9.722711610794068;0.00822213253704831;0.104296875
2223;;;;;;0.0024549983674660323;0.010565176606178284;9.720231914520264;0.007090193685144186;0.1025390625
2224;;;;;;-0.010651588393375277;0.01411283533088863;9.72549524307251;0.007546880084555596;0.107421875
2225;;;;;;-0.011286956118419766;0.01205500231590122;9.729003286361694;0.00790804011048749;0.10546875
2226;;;;;;-0.023870959505438806;0.010771662183105945;9.73233528137207;0.012466982926707715;0.1740234375
2227;;;;;;-0.008344613574445247;0.07442540656775236;9.735240268707276;0.01265692109009251;0.18515625
2228;;;;;;-0.010971296206116676;0.009778679232113063;9.739733028411866;0.00650975703028962;0.0810546875
2229;;;;;;-0.017638440849259494;0.0053699668846093115;9.74301872253418;0.007890696218237282;0.1126953125
2230;;;;;;0.0008541737217456103;0.06347367819398642;9.74523572921753;0.007966126524843275;0.102734375
2231;;;;;;-0.01761721579823643;0.0085977871902287;9.743414735794067;0.006065848562866449;0.0779296875
2232;;;;;;-0.011191541329026222;0.01772864367812872;9.74229030609131;0.007589935418218374;0.11171875
2233;;;;;;-0.0062818855978548525;0.003937950800172984;9.746781587600708;0.009954352397471666;0.1412109375
2234;;;;;;-0.013361499132588505;0.003205025859642774;9.747123003005981;0.006119342229794711;0.082421875
2235;;;;;;0.0036995449103415013;0.010161267453804612;9.748632001876832;0.007336124533321708;0.0998046875
2236;;;;;;-0.015057368297129869;0.0053558619925752286;9.749672746658325;0.008070245920680463;0.100390625
2237;;;;;;-0.015355955809354782;0.007376055815257132;9.746609830856324;0.01090581986354664;0.1552734375
2238;;;;;;-0.007390302512794733;0.003508737275842577;9.74677300453186;0.007081873307470232;0.084375
2239;;;;;;-0.008748456230387091;0.07848555855453014;9.751795625686645;0.004976317600812763;0.0654296875
2240;;;;;;-0.017987118754535913;0.007361235423013568;9.750712680816651;0.008961939613800495;0.1322265625
2241;;;;;;-0.007276270003058016;0.005454878089949489;9.750225019454955;0.007928976649418473;0.1083984375
2242;;;;;;-0.0029386043664999307;0.0024499577179085464;9.75447130203247;0.005790236685425043;0.0771484375
2243;;;;;;-0.00541818835772574;0.007294648350216449;9.76152582168579;0.006289813574403525;0.083984375
2244;;;;;;-0.02072205706499517;0.01056104889139533;9.77180986404419;0.010250023496337236;0.150390625
2245;;;;;;-0.018179710558615624;0.007573982607573271;9.77560338973999;0.006062566943001002;0.0818359375
2246;;;;;;-0.004403892159461975;0.003423910215497017;9.77287015914917;0.0072592672193422915;0.0958984375
2247;;;;;;-0.005546790012158453;0.0064726784126833085;9.771399593353271;0.005880353064276278;0.0779296875
2248;;;;;;-0.005258701927959919;0.009170187916606665;9.774946069717407;0.008438323251903057;0.10546875
2249;;;;;;-0.00852207439020276;0.004557302221655846;9.779198408126831;0.011211294110398739;0.1478515625
2250;;;;;;-0.009363685501739383;0.003937372041400522;9.776743412017822;0.005278842116240412;0.064453125
2251;;;;;;-0.012048531603068114;0.004986562090925873;9.776987028121948;0.00817206404171884;0.116015625
2252;;;;;;-0.009903643094003201;0.013416028441861272;9.784046602249145;0.0062847303226590155;0.080859375
2253;;;;;;-0.016065897699445487;0.004656637040898204;9.786452388763427;0.008058477577287703;0.1041015625
2254;;;;;;-0.012976329308003187;0.01127864671871066;9.782013893127441;0.008021780312992633;0.09921875
2255;;;;;;-0.013079019146971405;0.02268216609954834;9.785294008255004;0.008477154106367379;0.1140625
2256;;;;;;-0.015746143832802772;0.009255016851238907;9.792558288574218;0.00984972364967689;0.13203125
2257;;;;;;-0.019328649225644767;0.009104495262727141;9.791837978363038;0.00799847076414153;0.1140625
2258;;;;;;-0.011528458585962654;0.009101428021676839;9.787755870819092;0.008973087172489614;0.1169921875
2259;;;;;;-0.006735244579613209;0.01584955337457359;9.778462553024292;0.007218900707084685;0.104296875
2260;;;;;;-0.009182800631970167;0.007902986090630292;9.769706773757935;0.00891710405703634;0.1291015625
2261;;;;;;-0.019056165451183917;0.0034767432138323785;9.762935543060303;0.009823924046941102;0.1361328125
2262;;;;;;-0.008996067778207361;0.0038778958143666385;9.7622305393219;0.007511288241948933;0.0966796875
2263;;;;;;-0.008736468548886479;0.014635573513805867;9.768567657470703;0.008556044695433229;0.1125
2264;;;;;;-0.013327329885214567;0.006010053888894617;9.773019552230835;0.007133717264514417;0.099609375
2265;;;;;;-0.010737778805196285;0.0037726507405750455;9.77548885345459;0.009645858232397586;0.130078125
2266;;;;;;-0.011744617158547044;0.005441087344661355;9.775243473052978;0.010081479756627232;0.1484375
2267;;;;;;-0.007564764656126499;0.006859995238482952;9.776770734786988;0.006466065929271281;0.08359375
2268;;;;;;-0.010694099869579077;0.010330211860127747;9.776224613189697;0.00606611839029938;0.076171875
2269;;;;;;-0.018474832316860555;0.005545242293737829;9.772777938842774;0.010038247343618422;0.1431640625
2270;;;;;;-0.010106413951143622;0.004273619630839676;9.771894264221192;0.010507239436265081;0.155859375
2271;;;;;;-0.015293148020282388;0.005261695617809892;9.772908449172974;0.007872790494002403;0.1037109375
2272;;;;;;-0.008677193243056536;0.010886979359202086;9.773016262054444;0.008166328782681375;0.113671875
2273;;;;;;-0.015141152567230165;0.006205960595980287;9.765358543395996;0.006970741983968765;0.0986328125
2274;;;;;;-0.016217874991707504;0.008418850204907357;9.769867086410523;0.005690663226414472;0.0751953125
2275;;;;;;-0.015486232191324233;0.002864986192435026;9.77749547958374;0.007580612122546881;0.1068359375
2276;;;;;;-0.023198253544978797;0.006796707003377378;9.781938982009887;0.009238501801155508;0.1298828125
2277;;;;;;-0.019648738438263535;0.008453232771717011;9.785297870635986;0.008223360520787537;0.103515625
2278;;;;;;-0.007271418918389827;0.016219587717205285;9.788925409317017;0.007977371301967651;0.099609375
2279;;;;;;-0.0070085802115499975;0.031049773376435042;9.79230465888977;0.00804819973418489;0.1076171875
2280;;;;;;-0.015629694075323643;0.004649608279578388;9.798432922363281;0.007438039220869541;0.0921875
2281;;;;;;-0.013848447799682617;0.0035233215661719442;9.80541534423828;0.006053880217950791;0.0763671875
2282;;;;;;-0.010265232529491186;0.005717886821366846;9.811563873291016;0.0069975535734556615;0.088671875
2283;;;;;;-0.015661385469138624;0.0035022622905671597;9.815265464782716;0.0057853305363096295;0.07109375
2284;;;;;;-0.011138860322535037;0.01715507432818413;9.814763402938842;0.009053546458017082;0.1361328125
2285;;;;;;-0.015957385767251253;0.005880229943431914;9.824241065979004;0.007614890299737454;0.1125
2286;;;;;;-0.017926618037745357;0.004574413818772882;9.833269786834716;0.007408117747399956;0.0974609375
2287;;;;;;-0.008849759120494127;0.003455843625124544;9.836776399612427;0.007968029950279742;0.1142578125
2288;;;;;;-0.022585137747228146;0.0031432763091288505;9.841816711425782;0.007842090202029795;0.1076171875
2289;;;;;;-0.012263726070523262;0.01307046206202358;9.841788721084594;0.007094496570061892;0.09375
2290;;;;;;-0.005615913774818182;0.00781033996026963;9.837573528289795;0.007358890550676733;0.105859375
2291;;;;;;-0.008541804552078248;0.018704620422795415;9.83832221031189;0.00720384115120396;0.0962890625
2292;;;;;;-0.01155083072371781;0.008221377665176988;9.845335435867309;0.008492606482468546;0.119140625
2293;;;;;;-0.011977208219468594;0.005353911523707211;9.846354532241822;0.006750570610165596;0.092578125
2294;;;;;;-0.006202035024762154;0.006575370137579739;9.842326211929322;0.009129723883233964;0.1259765625
2295;;;;;;-0.018023476609960197;0.007812498905695975;9.838311195373535;0.008814805536530912;0.1259765625
2296;;;;;;-0.017520861141383647;0.006328281271271408;9.836682605743409;0.008515083452221007;0.1232421875
2297;;;;;;-0.014511968474835157;0.005027099105063826;9.835123682022095;0.007642024639062583;0.1048828125
2298;;;;;;-0.0053441355703398585;0.013777052192017436;9.83931336402893;0.007615740085020662;0.1099609375
2299;;;;;;-0.0010153081035241484;0.07980022374540567;9.840007066726685;0.007364884356502443;0.1056640625
2300;;;;;;-0.005383619456551969;0.023962527140975;9.839434003829956;0.0077390347956679765;0.10625
2301;;;;;;-0.004397229361347854;0.013382763974368573;9.838307905197144;0.00665323194116354;0.08515625
2302;;;;;;-0.011593641294166446;0.005168425128795206;9.840396118164062;0.007270994980353862;0.11015625
2303;;;;;;-0.007355498382821679;0.005259898048825562;9.843316841125489;0.00814455576473847;0.1041015625
2304;;;;;;-0.014383081858977676;0.005079094879329204;9.847741603851318;0.0068129929946735505;0.0876953125
2305;;;;;;-0.022767284652218223;0.006209213985130191;9.848191928863525;0.006324608798604458;0.0849609375
2306;;;;;;-0.012034354312345386;0.004641915252432227;9.847927141189576;0.00926514989696443;0.1279296875
2307;;;;;;-0.0132238409249112;0.004520868265535683;9.847224855422974;0.008380364079494029;0.1203125
2308;;;;;;-0.009066532494034617;0.011266040103510021;9.846704816818237;0.007949892815668136;0.1080078125
2309;;;;;;-0.005381529522128403;0.011107870377600193;9.84007396697998;0.00657376772724092;0.0923828125
2310;;;;;;-0.001398389198584482;0.0035792233073152603;9.835364246368409;0.005978892266284674;0.078515625
2311;;;;;;-0.011961398459970952;0.0048556294874288145;9.838197565078735;0.008267945633269847;0.113671875
2312;;;;;;-0.014994744805153459;0.007727747084572911;9.844783973693847;0.007532661058939993;0.0994140625
2313;;;;;;-0.0173210576409474;0.004408245079685002;9.849734258651733;0.007757877605035901;0.0962890625
2314;;;;;;-0.013515105284750462;0.006583680142648518;9.858495616912842;0.00809991838177666;0.1087890625
2315;;;;;;-0.005281572788953781;0.0036288835341110825;9.866863584518432;0.008136038796510547;0.1107421875
2316;;;;;;-0.010342454444617033;0.01239484380930662;9.870423936843872;0.0076175576425157486;0.1017578125
2317;;;;;;-0.005998471193015576;0.011409548437222838;9.868148803710938;0.005074592633172869;0.062890625
2318;;;;;;-0.014961351873353124;0.0065078648505732415;9.86169924736023;0.007686829438898713;0.1091796875
2319;;;;;;-0.014003052515909076;0.006456095399335027;9.856839323043824;0.006783957208972425;0.091796875
2320;;;;;;-0.0074441093020141125;0.008090888033621013;9.860895109176635;0.00691913393093273;0.0900390625
2321;;;;;;-0.01433581397868693;0.007735238666646183;9.863179636001586;0.0071390738827176396;0.0921875
2322;;;;;;-0.010106601426377893;0.005673275329172611;9.864032077789307;0.008219552307855338;0.114453125
2323;;;;;;-0.017610499821603297;0.00675529851578176;9.866593837738037;0.006708132952917367;0.085546875
2324;;;;;;-0.012908007623627782;0.019042636500671506;9.866641235351562;0.008613085863180459;0.1107421875
2325;;;;;;-0.008376354724168778;0.08067121794447303;9.869242477416993;0.007674582430627197;0.103125
2326;;;;;;-0.014431176753714681;0.0066529269563034175;9.870828628540039;0.007270733534824103;0.0984375
2327;;;;;;-0.01068194666877389;0.008815067098475992;9.870772647857667;0.0059783515520393845;0.0796875
2328;;;;;;-0.004682053858414292;0.007260329369455576;9.871323490142823;0.006904506229329854;0.1025390625
2329;;;;;;-0.013473845133557916;0.07915367167443037;9.87496600151062;0.0068084856029599905;0.0802734375
2330;;;;;;-0.012067759409546852;0.011483228323049844;9.873305368423463;0.005668553605210036;0.072265625
2331;;;;;;-0.011409388552419842;0.008166479622013867;9.869658470153809;0.008574540738482028;0.1203125
2332;;;;;;-0.01884445999749005;0.06770678535103798;9.865395498275756;0.010955163044854999;0.1576171875
2333;;;;;;-0.010532854543998837;0.007240651035681367;9.861421346664429;0.005917859403416515;0.0736328125
2334;;;;;;-0.013673563674092292;0.003357415786013007;9.85629563331604;0.006477546051610261;0.0853515625
2335;;;;;;-0.0063626198563724755;0.004461836372502148;9.854500865936279;0.006584019248839468;0.0837890625
2336;;;;;;-0.014121166244149209;0.006725168903358281;9.84983434677124;0.007669905654620379;0.101953125
2337;;;;;;-0.007920694467611612;0.003400060790590942;9.84361391067505;0.00804023016244173;0.109765625
2338;;;;;;-0.012732670176774263;0.008977447007782757;9.840799856185914;0.006613441603258252;0.0828125
2339;;;;;;-0.013770577497780323;0.009676423855125904;9.839115524291993;0.006890653469599784;0.096484375
2340;;;;;;-0.011776728648692369;0.012337218457832932;9.837541961669922;0.008072629407979547;0.1123046875
2341;;;;;;-0.015529187652282417;0.005339590343646705;9.835225152969361;0.007809069589711726;0.11015625
2342;;;;;;-0.01065953029319644;0.04909847164526582;9.830487632751465;0.008127739536575973;0.109375
2343;;;;;;0.0007140324451029301;0.12547167092561723;9.829214429855346;0.008315149159170688;0.1185546875
2344;;;;;;-0.005694174533709883;0.009276831662282348;9.823945331573487;0.010037550237029791;0.1462890625
2345;;;;;;-0.01091477507725358;0.010843317816033959;9.818326282501221;0.005422886915039271;0.0677734375
2346;;;;;;-0.008831157977692784;0.005610344139859081;9.816259765625;0.008275167527608573;0.1095703125
2347;;;;;;-0.010925439652055502;0.13961971066892148;9.812226676940918;0.00783916945802048;0.1060546875
2348;;;;;;-0.012379825580865145;0.011164661659859122;9.807880163192749;0.010906922386493535;0.1458984375
2349;;;;;;-0.009042614977806807;0.010017558792605996;9.809975814819335;0.008446926751639694;0.1115234375
2350;;;;;;-0.016293254867196082;0.005289808311499655;9.813276004791259;0.005222602444700897;0.0650390625
2351;;;;;;-0.014633785141631961;0.07800482707098126;9.812306547164917;0.009927896165754646;0.130078125
2352;;;;;;-0.011913863790687174;0.007683482707943767;9.81588716506958;0.009800107742194086;0.1419921875
2353;;;;;;-0.004235557606443762;0.008216084213927388;9.812544202804565;0.007289773575030268;0.1013671875
2354;;;;;;-0.007533731544390321;0.07490798869403079;9.807859468460084;0.009626676293555647;0.1109375
2355;;;;;;-0.017499809525907038;0.005573036521673203;9.806036901473998;0.010864564473740757;0.1390625
2356;;;;;;-0.0012172153685241938;0.011509782075881958;9.806515789031982;0.008696350222453474;0.1259765625
2357;;;;;;-0.010528621799312531;0.007781140506267548;9.799703741073609;0.006940302427392453;0.0875
2358;;;;;;-0.012371183279901743;0.0053076233947649595;9.794722270965575;0.007581778836902231;0.0955078125
2359;;;;;;-0.005995708238333464;0.004411196080036461;9.79481348991394;0.006775276910047978;0.0896484375
2360;;;;;;-0.004441627440974117;0.0982937796972692;9.790618658065796;0.0065509534906595945;0.0810546875
2361;;;;;;-0.00783938248641789;0.022507253149524332;9.786607789993287;0.005492134811356663;0.063671875
2362;;;;;;-0.012751611461862922;0.017764611868187785;9.788100099563598;0.009419349080417305;0.119140625
2363;;;;;;-0.017288170754909515;0.005588513752445579;9.788990020751953;0.010879890993237495;0.14921875
2364;;;;;;-0.012709914578590543;0.007674013054929674;9.789700317382813;0.006758215767331421;0.091015625
2365;;;;;;-0.004292950406670571;0.014445279911160468;9.794718790054322;0.006370167748536914;0.0853515625
2366;;;;;;-0.0011585450964048504;0.04493721520993858;9.801012563705445;0.008369261410553008;0.11484375
2367;;;;;;-0.01007973039522767;0.07463322840631008;9.796731567382812;0.0099209223408252;0.1369140625
2368;;;;;;-0.014147808821871877;0.010261163907125592;9.787455511093139;0.007503714982885867;0.103515625
2369;;;;;;-0.009988608863204717;0.00812498873565346;9.782987022399903;0.010944756376557053;0.1634765625
2370;;;;;;-0.014141294173896313;0.011681554606184363;9.786339521408081;0.007708381721749901;0.1076171875
2371;;;;;;-0.0067622141214087605;0.009190167509950697;9.78975019454956;0.005352307402063161;0.0677734375
2372;;;;;;-0.007062311423942447;0.07837671814486384;9.787951707839966;0.00945050617447123;0.1328125
2373;;;;;;-0.019678456149995326;0.010133534437045455;9.787385559082031;0.007179600896779448;0.1029296875
2374;;;;;;-0.016648166347295046;0.008672721381299198;9.78762059211731;0.008677409635856748;0.1158203125
2375;;;;;;-0.009244354953989387;0.005650508822873235;9.79025149345398;0.008817125938367098;0.1150390625
2376;;;;;;-0.004537498019635678;0.07414404470473528;9.795143318176269;0.00983566625509411;0.141015625
2377;;;;;;-0.011875941511243581;0.07172933351248503;9.793637037277222;0.005649376520887017;0.0677734375
2378;;;;;;-0.012097489228472114;0.005915780388750136;9.792111825942992;0.007979409722611307;0.078125
2379;;;;;;-0.010055766813457013;0.009310046536847949;9.784417343139648;0.006438791146501898;0.087109375
2380;;;;;;-0.01117395032197237;0.07304593767039477;9.777825784683227;0.008533529029227794;0.1234375
2381;;;;;;-0.013175739347934723;0.011125485762022436;9.777440786361694;0.011226208170410246;0.1228515625
2382;;;;;;-0.0021061754319816827;0.0538464495446533;9.784981489181519;0.006357241841033101;0.07890625
2383;;;;;;-0.007514952961355448;0.007461104984395206;9.787007713317871;0.0065256708883680405;0.084375
2384;;;;;;-0.014685018081218004;0.06454793470911682;9.784416961669923;0.007495855831075459;0.095703125
2385;;;;;;-0.008270955551415682;0.01048853169195354;9.7770911693573;0.010494772321544587;0.1490234375
2386;;;;;;-0.01704345610924065;0.010973697807639838;9.7822416305542;0.007460131507832557;0.0896484375
2387;;;;;;-0.004548745905049145;0.0053399567725136874;9.78992052078247;0.005586912762373686;0.0669921875
2388;;;;;;-0.014320865273475647;0.0023222354357130826;9.793327045440673;0.005548322875984013;0.0669921875
2389;;;;;;-0.018437229399569332;0.08115379950031638;9.78753342628479;0.007851640891749412;0.1037109375
2390;;;;;;-0.010933235066477209;0.007941598747856915;9.784191226959228;0.006971892400179059;0.08515625
2391;;;;;;-0.01717452029697597;0.011416960507631302;9.788835382461547;0.00991968581220135;0.149609375
2392;;;;;;-0.010105726774781942;0.015031938813626767;9.797196245193481;0.007209054531995207;0.09609375
2393;;;;;;-0.007717573456466198;0.011433380795642734;9.800030851364136;0.007662311231251806;0.103125
2394;;;;;;-0.004038622183725238;0.1341819129884243;9.797756624221801;0.005671428621280938;0.0658203125
2395;;;;;;-0.010919687803834677;0.07466070954687894;9.791454458236695;0.007085784547962248;0.0888671875
2396;;;;;;-0.0063970653573051095;0.024207370541989803;9.792769241333009;0.007177241425961256;0.101171875
2397;;;;;;-0.0009038389194756747;0.010949931549839675;9.795228242874146;0.005997934145852923;0.0830078125
2398;;;;;;-0.007117556873708963;0.006948094232939184;9.793056297302247;0.009379833843559027;0.134765625
2399;;;;;;-0.016477734409272672;0.007094451156444847;9.795165395736694;0.008083758899010718;0.1037109375
2400;;;;;;-0.005175275541841984;0.07723691212013364;9.800506353378296;0.010828353778924793;0.1322265625
2401;;;;;;-0.009330099495127798;0.014630422182381152;9.80304651260376;0.007163096126168967;0.09609375
2402;;;;;;-0.010501994984224439;0.0094670370221138;9.808160257339477;0.009667657723184675;0.132421875
2403;;;;;;-0.008153311116620899;0.007364752423018217;9.815493154525758;0.010431559069547802;0.149609375
2404;;;;;;-0.0021603894187137485;0.026294237328693272;9.826433515548706;0.009276511380448937;0.1291015625
2405;;;;;;-0.015143998153507709;0.010671775275841355;9.83089084625244;0.008300702087581158;0.1140625
2406;;;;;;-0.010132379271090031;0.006888841860927641;9.832715702056884;0.00683747383300215;0.0892578125
2407;;;;;;-0.011068656388670207;0.011032180557958782;9.835939502716064;0.00800669884774834;0.107421875
2408;;;;;;-0.013510026410222054;0.013597480999305845;9.843826293945312;0.005645037314388901;0.0759765625
2409;;;;;;-0.011434254236519337;0.00783618816640228;9.851008987426757;0.006223798834253102;0.0837890625
2410;;;;;;-0.005970795126631856;0.015660936618223785;9.859238243103027;0.0067856043577194216;0.0982421875
2411;;;;;;-0.011574954050593078;0.017895059194415808;9.86313705444336;0.0073343544616363944;0.1064453125
2412;;;;;;-0.015032962104305625;0.01071830103173852;9.865096092224121;0.008855380094610154;0.1203125
2413;;;;;;-0.016043649660423397;0.1445460043847561;9.863524675369263;0.006840959878172725;0.091796875
2414;;;;;;-0.00926787608768791;0.007837367430329322;9.860353803634643;0.007328780170064419;0.0939453125
2415;;;;;;-0.020589671470224856;0.014807299850508571;9.861005830764771;0.008511717373039573;0.1126953125
2416;;;;;;-0.009876629058271646;0.01142290341667831;9.865823698043823;0.006532145896926522;0.083984375
2417;;;;;;-0.013492410350590945;0.011219389014877379;9.868027782440185;0.005303693527821451;0.064453125
2418;;;;;;-0.0014886557590216398;0.005729709786828607;9.874455738067628;0.008654048142489046;0.12109375
2419;;;;;;-0.01864539193920791;0.003411607746966183;9.881316804885865;0.010839549195952713;0.144921875
2420;;;;;;-0.004591221828013659;0.13543348517268897;9.884357404708862;0.007674186152871698;0.09765625
2421;;;;;;-0.014056587126106024;0.00962165705859661;9.883998346328735;0.006553773127961904;0.084375
2422;;;;;;-0.00901652555912733;0.006371935689821839;9.888191986083985;0.008557590178679676;0.1171875
2423;;;;;;-0.008128081262111665;0.004313996608834714;9.888724851608277;0.0068198200897313654;0.097265625
2424;;;;;;-0.015514060738496482;0.011053660465404392;9.888032722473145;0.009039916004985571;0.129296875
2425;;;;;;-0.003237849636934698;0.006615920178592205;9.89188323020935;0.00710298951016739;0.0958984375
2426;;;;;;-0.0035028795711696146;0.0712409133091569;9.89156002998352;0.006249280797783285;0.0845703125
2427;;;;;;-0.010467999102547764;0.006601416016928851;9.89800271987915;0.0071556560928002;0.0986328125
2428;;;;;;-0.006688744435086847;0.013458427879959345;9.90593433380127;0.006300499476492405;0.085546875
2429;;;;;;-0.010783311491832138;0.002988749567884952;9.913855457305909;0.006084232882130891;0.083984375
2430;;;;;;-0.001566467504017055;0.00912311493884772;9.91486234664917;0.00726702359970659;0.0978515625
2431;;;;;;-0.017229451239109038;0.011726202489808202;9.914731216430663;0.010333313816227018;0.1447265625
2432;;;;;;-0.008910724986344576;0.01619230625219643;9.916288042068482;0.009009005594998598;0.1177734375
2433;;;;;;-0.009174358379095793;0.004932290164288133;9.924402523040772;0.00704616701696068;0.0984375
2434;;;;;;-0.010883270623162388;0.08386801360175014;9.931532716751098;0.007227306766435504;0.102734375
2435;;;;;;-0.007818732224404813;0.06808715090155601;9.930083608627319;0.0092608459177427;0.1306640625
2436;;;;;;-0.009688061941415072;0.1272303681820631;9.925574111938477;0.010782503185328095;0.148828125
2437;;;;;;-0.0090960712172091;0.010443806299008429;9.926971864700317;0.008517869433853775;0.1224609375
2438;;;;;;-0.011034991429187357;0.015864706924185158;9.933325815200806;0.010301090672146528;0.147265625
2439;;;;;;-0.009123130096122622;0.014582240348681807;9.939622592926025;0.006634327070787549;0.091796875
2440;;;;;;-0.0035425426438450815;0.007219383004121482;9.947273874282837;0.0046628579730167985;0.05546875
2441;;;;;;-0.005058222310617566;0.06492427801713348;9.947909307479858;0.010547082603443414;0.151953125
2442;;;;;;-0.005658874474465847;0.012289796816185116;9.94756269454956;0.00816189517499879;0.11171875
2443;;;;;;-0.007763783307746052;0.007637120201252401;9.948633670806885;0.0071181733976118265;0.0919921875
2444;;;;;;-0.00883025098592043;0.05343052742537111;9.951524782180787;0.007224138418678194;0.0994140625
2445;;;;;;-0.008951835473999381;0.007802326581440866;9.95370111465454;0.00583013347350061;0.073828125
2446;;;;;;-0.01817282186821103;0.012397342920303344;9.95676498413086;0.008037389209493994;0.105859375
2447;;;;;;-0.012980846501886845;0.01372829950414598;9.962849044799805;0.005546979082282633;0.0705078125
2448;;;;;;-0.00993473008275032;0.06720829345285892;9.967617607116699;0.0064159797155298294;0.08359375
2449;;;;;;-0.0014570582658052444;0.00813429025001824;9.96373429298401;0.004652213561348617;0.0521484375
2450;;;;;;-0.01017850791104138;0.11384976468980312;9.95554165840149;0.004864116758108139;0.062890625
2451;;;;;;-0.013449399638921023;0.005389740527607501;9.949540662765504;0.007180891232565045;0.0982421875
2452;;;;;;-0.0066914449911564585;0.06730681993067264;9.950236082077026;0.00741514601977542;0.1083984375
2453;;;;;;-0.009507062193006278;0.0648226180113852;9.950786352157593;0.009024467505514621;0.121484375
2454;;;;;;-7.08878505975008e-05;0.06479526846669614;9.945270776748657;0.00665185822872445;0.0853515625
2455;;;;;;-0.01525020538829267;0.06994781019166112;9.937890577316285;0.010060021572280675;0.1330078125
2456;;;;;;-0.017260697786696255;0.011146116256713866;9.934967184066773;0.009367962018586695;0.1279296875
2457;;;;;;-0.012551224930211902;0.009833035967312753;9.935335302352906;0.008186032611411065;0.1189453125
2458;;;;;;-0.004692924255505204;0.010713039105758071;9.935897827148438;0.007028133189305663;0.088671875
2459;;;;;;-0.011330803716555237;0.005013227078597993;9.944019746780395;0.006140162888914347;0.08515625
2460;;;;;;-0.009814736619591712;0.002149623417062685;9.953474521636963;0.008163366292137653;0.115234375
2461;;;;;;-0.00654365299269557;0.13851850815117359;9.961752271652221;0.008998047362547367;0.1033203125
2462;;;;;;-0.0033860938157886265;0.07711416725069284;9.963154125213624;0.007955696911085396;0.107421875
2463;;;;;;-0.007061810558661818;0.006302230292931199;9.966367769241334;0.008529607229866088;0.119921875
2464;;;;;;-0.00816478650085628;0.0024181982153095305;9.96561017036438;0.006062188174109906;0.08203125
2465;;;;;;-0.006480854446999728;0.18287219293415546;9.963488578796387;0.010881211305968464;0.1546875
2466;;;;;;0.0004584765061736107;0.07451093485578894;9.966443967819213;0.007209470588713884;0.0986328125
2467;;;;;;-0.005051737534813583;0.013946421281434595;9.966191482543945;0.007685926638077945;0.1078125
2468;;;;;;-0.005959672620519996;0.04719996834173799;9.964419746398926;0.007204537140205502;0.0822265625
2469;;;;;;-0.0017990855500102042;0.00810346498619765;9.96185212135315;0.006754848698619753;0.08828125
2470;;;;;;-0.006332313921302557;0.00950543989893049;9.963664007186889;0.006162697577383369;0.0837890625
2471;;;;;;-0.0020541446283459663;0.019847893342375755;9.967243719100953;0.010552533925510943;0.1556640625
2472;;;;;;-0.005983026884496212;0.06607267679646611;9.967441940307618;0.0072820732952095565;0.0935546875
2473;;;;;;-0.015885091852396727;0.09776679575443267;9.96287407875061;0.006938644056208432;0.090234375
2474;;;;;;-0.015499923750758171;0.00950880532618612;9.960426855087281;0.007024370098952204;0.09453125
2475;;;;;;-0.009744541998952628;0.015397989004850388;9.960665082931518;0.008554180711507797;0.1169921875
2476;;;;;;-0.0004903960507363081;0.02353205722756684;9.960769033432006;0.008722826140001416;0.1259765625
2477;;;;;;-0.007978727342560887;0.0773420698940754;9.959955263137818;0.006113895121961832;0.075390625
2478;;;;;;-0.017280912026762962;0.010026963986456394;9.959798669815063;0.007868459029123188;0.0986328125
2479;;;;;;-0.014394019125029444;0.019787597749382258;9.964625072479247;0.007217053696513176;0.0955078125
2480;;;;;;-0.020637108545218195;0.07794537421848093;9.970365660531181;0.012088019234527434;0.14955357142857142
2481;;;;;;-0.011975035350769759;0.012033033324405551;9.97397313117981;0.008332104748114943;0.120703125
2482;;;;;;-0.008799277991056443;0.013837596960365772;9.979338788986206;0.00953480446478352;0.125390625
2483;;;;;;-0.006826048321090639;0.04617813967633992;9.984772968292237;0.0056006195023655895;0.0728515625
2484;;;;;;0.0005163444671779871;0.06751461564563215;9.981050109863281;0.005577582621481269;0.076171875
2485;;;;;;-0.0035850269719958304;0.011674789781682193;9.97522463798523;0.0053610408096574245;0.0619140625
2486;;;;;;-0.007417007954791189;0.07345731994137168;9.970609569549561;0.008522768737748265;0.1123046875
2487;;;;;;-0.010547497356310487;0.007843871461227536;9.968873643875122;0.007805688108783215;0.1111328125
2488;;;;;;-0.019727721670642497;0.006984990439377725;9.970246362686158;0.008445211546495556;0.1154296875
2489;;;;;;-0.005628475220873952;0.04798035812564194;9.970670366287232;0.006764133193064481;0.09453125
2490;;;;;;-0.002963788341730833;0.07231596661731601;9.969963073730469;0.007838416250888259;0.1015625
2491;;;;;;-0.0032642052974551916;0.005176799604669213;9.966667938232423;0.004921973345335573;0.058984375
2492;;;;;;-0.001336066098883748;0.006638574181124568;9.967840814590454;0.007225571374874562;0.0974609375
2493;;;;;;-0.015529408492147923;0.0049506596522405745;9.966831254959107;0.00784753729822114;0.1037109375
2494;;;;;;-0.013221398834139109;0.005985441443044692;9.970839738845825;0.0077657286426983775;0.112890625
2495;;;;;;-0.010158983711153268;0.008378760726191103;9.971725749969483;0.011637772852554917;0.1544921875
2496;;;;;;-0.006989219831302762;0.12174459611997009;9.970296144485474;0.005295319284778088;0.0646484375
2497;;;;;;-0.01568048936314881;0.008375263190828264;9.973789501190186;0.00839317727368325;0.11640625
2498;;;;;;-0.006950570875778795;0.00977875234093517;9.969271469116212;0.008850002242252231;0.11484375
2499;;;;;;-0.013078076904639602;0.009759046975523234;9.969338083267212;0.009210477885790169;0.096875
2500;;;;;;-0.000659745465964079;0.06681557586416602;9.976266574859618;0.006311112106777728;0.084375
2501;;;;;;-0.010785889765247702;0.03634349580388516;9.982817077636719;0.009117703908123076;0.1259765625
2502;;;;;;-0.01613379782065749;0.008606247114948928;9.98170313835144;0.0071855231071822345;0.0912109375
2503;;;;;;-0.014751036651432514;0.00530033721588552;9.977269649505615;0.006987763731740415;0.0970703125
2504;;;;;;-0.018726492300629616;0.005775084742344916;9.971482276916504;0.007680718146730214;0.105078125
2505;;;;;;-0.009440457029268146;0.008475094940513373;9.971487474441528;0.008743806066922844;0.1240234375
2506;;;;;;-0.012338870018720628;0.143739889934659;9.96957015991211;0.005659319262485951;0.0681640625
2507;;;;;;-0.010506252059713006;0.006303999479860068;9.97219271659851;0.006160638411529362;0.0810546875
2508;;;;;;-0.011099775321781635;0.08066281750798225;9.977886629104614;0.0063095019315369425;0.0802734375
2509;;;;;;-0.00950272181071341;0.07384214662015438;9.981000518798828;0.010494868888054043;0.1345703125
2510;;;;;;-0.015239937789738178;0.010236209305003286;9.977806901931762;0.009815068740863353;0.145703125
2511;;;;;;-0.004446127964183688;0.003638231137301773;9.974443197250366;0.005113870941568166;0.0671875
2512;;;;;;-0.007229620637372136;0.007549522770568728;9.969294548034668;0.007064919278491288;0.09296875
2513;;;;;;-0.006550905667245388;0.0050725830020383;9.962827014923096;0.008963476598728448;0.135546875
2514;;;;;;-0.007792904088273644;0.006921584950760007;9.961236810684204;0.00754926836816594;0.101953125
2515;;;;;;-0.011148337740451097;0.002890717494301498;9.962048625946045;0.004557508591096849;0.055078125
2516;;;;;;-0.011779556283727288;0.13377363085746766;9.960765314102172;0.005579786968883127;0.0728515625
2517;;;;;;-0.010000445088371635;0.01936646066606045;9.956941938400268;0.008239597675856202;0.1125
2518;;;;;;-0.01876981589011848;0.013577241823077202;9.955797481536866;0.010491515172179788;0.141015625
2519;;;;;;-0.018040291010402144;0.008335685427300631;9.951888275146484;0.007505587884224951;0.090234375
2520;;;;;;-0.01017758403904736;0.00991129393223673;9.948526620864868;0.010291197674814612;0.13046875
2521;;;;;;-0.009065303578972816;0.011650702310726046;9.947959566116333;0.006070737994741648;0.08203125
2522;;;;;;-0.011509533785283566;0.11351723931729793;9.944511890411377;0.009333718800917268;0.122265625
2523;;;;;;-0.011508316127583384;0.0052398631116375325;9.94116907119751;0.0067702735308557745;0.0876953125
2524;;;;;;-0.02732077202595332;0.06592362691812656;9.940969467163086;0.013693130123155081;0.16613051470588236
2525;;;;;;-0.013635713746771217;0.00884367898106575;9.947105073928833;0.008597253798507154;0.11640625
2526;;;;;;-0.006547565851360559;0.0669290266931057;9.9543692111969;0.008375302271451801;0.1189453125
2527;;;;;;-0.008778767893090844;0.005110883270390332;9.949870109558105;0.00891179929021746;0.1072265625
2528;;;;;;-0.00539997573941946;0.005271051661111414;9.945750856399536;0.0068546075141057376;0.0875
2529;;;;;;-0.0105396737344563;0.04944685106165707;9.94475965499878;0.008044719661120326;0.105859375
2530;;;;;;-0.004951037745922804;0.058621764881536365;9.938656854629517;0.008715045521967113;0.106640625
2531;;;;;;-0.015167795564047992;0.006499625206924975;9.936816453933716;0.010685044003184884;0.1486328125
2532;;;;;;-0.012994476780295371;0.00566877496894449;9.941152334213257;0.009565871907398105;0.13671875
2533;;;;;;-0.008794047869741917;0.005121048516593873;9.942526578903198;0.004362120688892901;0.0517578125
2534;;;;;;-0.0036857219645753505;0.0025748004438355563;9.944967079162598;0.005954637518152594;0.0833984375
2535;;;;;;-0.007146683731116354;0.004316904093138873;9.946932554244995;0.005118651979137212;0.0603515625
2536;;;;;;-0.010373508092015982;0.004929923790041357;9.948551845550536;0.009882999467663467;0.1490234375
2537;;;;;;-0.012089471216313541;0.003978456847835332;9.953931713104248;0.00818671592278406;0.093359375
2538;;;;;;-0.006698936317116022;0.07716895090416073;9.957389497756958;0.010491427953820676;0.1474609375
2539;;;;;;-0.008927963161841034;0.009406483802013098;9.958037710189819;0.007455884525552392;0.1052734375
2540;;;;;;-0.0041724042152054604;0.07591007696464658;9.961114931106568;0.00946373154874891;0.1220703125
2541;;;;;;-0.01723615631926805;0.011189000494778157;9.963623523712158;0.006145017326343804;0.084375
2542;;;;;;-0.017482486832886935;0.0062453628983348605;9.966464757919312;0.00774678640300408;0.105859375
2543;;;;;;-0.0169610183686018;0.003806123253889382;9.967808055877686;0.008670692157465965;0.119140625
2544;;;;;;-0.016633769404143094;0.004052610648795962;9.972102880477905;0.010401762404944748;0.1158203125
2545;;;;;;-0.0046524167992174625;0.018039898155257104;9.976215410232545;0.004985637089703232;0.0642578125
2546;;;;;;-0.003556753788143396;0.007006296841427684;9.977854919433593;0.006866664218250662;0.0845703125
2547;;;;;;-0.005172201432287693;0.004065850435290485;9.984513330459595;0.005802817363291979;0.0791015625
2548;;;;;;-0.018248343467712404;0.007290173158980906;9.987018060684203;0.007743499777279794;0.088671875
2549;;;;;;-0.008503471687436103;0.07858513882383704;9.984298849105835;0.008855614229105413;0.1224609375
2550;;;;;;-0.012411325797438621;0.01086905007250607;9.982974338531495;0.009703839500434696;0.1291015625
2551;;;;;;-0.010630640992894768;0.06997914593666792;9.980692720413208;0.01259629218839109;0.156640625
2552;;;;;;-0.006372869946062565;0.004587245080620051;9.980671310424805;0.008183074346743525;0.1189453125
2553;;;;;;-0.013250174885615706;0.13030065298080445;9.977540063858033;0.007628218666650355;0.099609375
2554;;;;;;-0.0032896550837904215;0.06900398675352334;9.97798719406128;0.005799680156633258;0.067578125
2555;;;;;;-0.007960632629692554;0.006718398304656148;9.98151330947876;0.006681805872358382;0.096484375
2556;;;;;;-0.014031823561526834;0.005641784775070846;9.987320041656494;0.010199822718277574;0.141796875
2557;;;;;;-0.00427001875359565;0.016567474184557795;9.990831136703491;0.008740974206011743;0.1232421875
2558;;;;;;-0.015573993977159261;0.010292903776280582;9.988772106170654;0.006789454992394894;0.0908203125
2559;;;;;;-0.002987758070230484;0.005039594450499863;9.983877325057984;0.007034623774234206;0.096875
2560;;;;;;-0.014283424057066441;0.0021492403699085116;9.978364181518554;0.007084691966883838;0.1017578125
2561;;;;;;-0.01360027292976156;0.07092419527471065;9.972971677780151;0.01185978016583249;0.1603515625
2562;;;;;;-0.012488539796322584;0.007434650999493897;9.965622186660767;0.009666005254257471;0.11640625
2563;;;;;;-0.007120256032794714;0.006402972573414445;9.966420602798461;0.007621001987718046;0.098046875
2564;;;;;;-0.011025178874842823;0.003696728521026671;9.972537517547607;0.011677967931609601;0.131640625
2565;;;;;;-0.006988203874789179;0.009190981625579298;9.974234294891357;0.011244238971266895;0.141015625
2566;;;;;;-0.006023728917352855;0.0036202350864186885;9.975024747848511;0.0076741323457099496;0.105078125
2567;;;;;;-0.009343249490484595;0.05438248704886064;9.973377370834351;0.008713297836948186;0.1201171875
2568;;;;;;-0.012241488695144654;0.0041093999170698225;9.976845073699952;0.007625129306688905;0.0951171875
2569;;;;;;-0.00856472859159112;0.057283628592267634;9.98183307647705;0.008570616866927594;0.0998046875
2570;;;;;;-0.001380012184381485;0.006423881486989557;9.986300563812256;0.006693594343960285;0.0837890625
2571;;;;;;-0.013191693648695945;0.003774034115485847;9.985481309890748;0.009933020104654133;0.144921875
2572;;;;;;-0.009186662640422583;0.002261305379215628;9.983146333694458;0.006940853339619935;0.0876953125
2573;;;;;;-0.01770861432887614;0.004223895457107574;9.987770175933838;0.008813382138032465;0.121875
2574;;;;;;-0.015424649184569716;0.06835819780826569;9.983454513549805;0.010153343912679701;0.13046875
2575;;;;;;-0.007257727440446615;0.0034266389906406403;9.982152032852174;0.007833898940589279;0.1060546875
2576;;;;;;-0.008974269428290427;0.0030717092216946186;9.989493370056152;0.009547345130704344;0.119140625
2577;;;;;;-0.006983207399025559;0.005411898612510413;9.997116470336914;0.00871347866486758;0.12421875
2578;;;;;;-0.016311469417996705;0.00396345901535824;10.004808902740479;0.008675453229807317;0.12421875
2579;;;;;;-0.007680006418377161;0.0022980718465987595;10.011606693267822;0.00869786988478154;0.1255859375
2580;;;;;;-0.007178437989205122;0.005503148748539388;10.01716628074646;0.004466930706985295;0.0529296875
2581;;;;;;-0.007370702270418405;0.07933206800371409;10.01846718788147;0.00593608602648601;0.075390625
2582;;;;;;-0.019443858554586767;0.004285622213501483;10.013347339630126;0.00912449782481417;0.1177734375
2583;;;;;;-0.012284878455102444;0.0069958563195541505;10.013884496688842;0.006895979552064091;0.0962890625
2584;;;;;;-0.010089214565232396;0.06963291633874177;10.016297864913941;0.0072098396602086725;0.1
2585;;;;;;-0.0207019830821082;0.010589908808469772;10.020859432220458;0.008616645354777575;0.11875
2586;;;;;;-0.011062357714399696;0.009042320703156293;10.027414560317993;0.005197047267574817;0.0640625
