index;reward;success;path_efficiency;effective_speed;zigzag_penalty;policy_loss;value_loss;entropy;approximate_kl;clip_fraction
1;-2.510802920468446;0.0;0.0;0.0;0.013668650836462437;-0.005357775231823325;0.044741849228739736;3.2957585573196413;7.828411180526018e-05;0.0
2;-2.422251123096359;0.0;0.0;0.0;0.05283412671923575;-0.005241391994059086;0.017099867295473813;3.2954914450645445;4.036149475723505e-05;0.0
3;-3.240295383486133;0.0;0.0;0.0;0.1904160219477653;-0.004011257365345955;0.004917680786456912;3.295230305194855;4.6487210784107444e-05;0.0
4;-2.373308456868832;0.0;0.0;0.0;0.008305758656347667;0.003577556042000651;0.0026645234203897415;3.2949196100234985;4.749152576550841e-05;0.0
5;-2.7172063135960056;0.0;0.0;0.0;0.0;0.0023916007834486664;0.0027751330635510385;3.2944856524467467;4.4622528366744516e-05;0.0
6;-3.0529730083529065;0.0;0.0;0.0;0.049862223513731624;-0.0006624883972108364;0.0028434544801712036;3.294077718257904;5.748245166614652e-05;0.0
7;-3.06820190344369;0.0;0.0;0.0;0.0237242311938884;0.0038253470323979855;0.002486772055272013;3.293736970424652;4.64801792986691e-05;0.0
8;-3.399555025583434;0.0;0.0;0.0;0.19383598465178156;-0.0059539418201893565;0.0024030448286794124;3.2932248592376707;6.0871581081300977e-05;0.0
9;-3.297271612402838;0.0;0.0;0.0;0.03667249878753833;0.0020465800655074416;0.002614433574490249;3.2931336164474487;4.6712812036275864e-05;0.0
10;-4.001196627957599;0.0;0.0;0.0;0.1680860618015181;0.0004786654375493526;0.0023021269298624247;3.292720818519592;5.011071916669607e-05;0.0
11;-4.4033081947375985;0.0;0.0;0.0;0.10265381643594224;0.003042211406864226;0.001919528964208439;3.2922473549842834;4.843940259888768e-05;0.0
12;-3.8322264170708404;0.0;0.0;0.0;0.0023097424847787263;-0.0004994061775505543;0.0018634072155691683;3.2915428280830383;5.8938958682119845e-05;0.0
13;-2.1588925425497774;0.0;0.0;0.0;0.0;-0.004431113228201866;0.0016361792106181384;3.2909343361854555;6.352048367261887e-05;0.0
14;-1.6527923303488152;0.0;0.0;0.0;0.1046171941448555;0.0018036992056295275;0.0013667139341123403;3.29041965007782;5.3471315186470744e-05;0.0
15;-2.0969455648732906;0.0;0.0;0.0;0.022805613007583447;-0.008290911791846156;0.001684796588961035;3.290205144882202;6.298171356320382e-05;0.0
16;-1.6732903897769478;0.0;0.0;0.0;0.0;-0.0035146269015967845;0.0015981984091922642;3.289673089981079;6.332889897748828e-05;0.0
17;-1.7950184683299082;0.0;0.0;0.0;0.02216476132261647;-0.00794254676438868;0.0022078556823544203;3.2892918825149535;6.639482453465461e-05;0.0
18;-2.7927279673574517;0.0;0.0;0.0;0.0;-0.00021174629218876362;0.002043962094467133;3.2880334496498107;5.729856202378869e-05;0.0
19;-2.8836078302158556;0.0;0.0;0.0;0.17190431825089142;-0.008221757039427758;0.001683277339907363;3.2870567083358764;7.036597235128283e-05;0.0
20;-3.3856182817922886;0.0;0.0;0.0;0.10901596549941797;-0.009493628330528737;0.002428129641339183;3.2865983843803406;6.911203963682056e-05;0.0
21;-3.53157304331574;0.0;0.0;0.0;0.115642646524774;-0.008766205282881856;0.00242777491803281;3.2856954097747804;6.232461892068386e-05;0.0
22;-3.446134446383353;0.0;0.0;0.0;0.007834072591113005;-0.0043952311389148235;0.0018433796183671802;3.2853106379508974;7.763429312035441e-05;0.0
23;-2.551188240769776;0.0;0.0;0.0;0.0475868778615431;-0.0015991587657481431;0.0021849364158697425;3.2846591114997863;8.024326525628567e-05;0.0
24;-2.756610896068927;0.0;0.0;0.0;0.040369039781668295;0.010626450134441256;0.0021107634296640755;3.2840803265571594;8.908141171559691e-05;0.0
25;-3.0440066091852556;0.0;0.0;0.0;0.1710306893217371;-0.0037862680852413177;0.001974759146105498;3.2825114846229555;0.00012636808678507806;0.0
26;-1.6037379061204953;0.0;0.0;0.0;0.07049234058301351;-0.0031313115730881693;0.0015414997295010834;3.280177128314972;0.00014293455751612782;0.0
27;-1.7792095391867015;0.0;0.0;0.0;0.11842934049788924;-0.0016375083476305008;0.0013345885410672054;3.2793652534484865;7.93895567767322e-05;0.0
28;-2.8559603336531283;0.0;0.0;0.0;0.07685036342412194;0.005235725920647383;0.0010016331187216565;3.2784220457077025;0.00010066782124340534;0.0
29;-1.730075232111782;0.0;0.0;0.0;0.1753968735373682;-0.007625488052144647;0.0013165577256586403;3.278099536895752;8.602215675637125e-05;0.0
30;-1.5485177844284543;0.0;0.0;0.0;0.07350468396266452;-0.0051440489012748005;0.001723950676387176;3.2800021171569824;8.698261808604002e-05;0.0
31;-2.3608454096002487;0.0;0.0;0.0;0.09622969594916302;-0.007262876955792308;0.001646521780639887;3.2786216616630552;8.933036588132381e-05;0.0
32;-2.854033430597688;0.0;0.0;0.0;0.2606768675319281;-0.0038795832078903913;0.002156819368246943;3.2757025241851805;9.968647500500084e-05;0.0
33;2.3039870837978267;1.0;0.22288564838232508;0.27670089165493617;0.3190451674356359;-0.017741892486810684;0.0018821426143404095;3.2758569359779357;7.569842273369431e-05;0.0
34;1.7341310519374766;1.0;0.20939514781521407;0.2809172265617222;0.11664556949177715;9.439699351787566e-06;0.0022046226891689;3.2726208686828615;0.00013064132072031497;0.0
35;-1.9903178957388388;0.0;0.0;0.0;0.163280916645495;0.005743572115898132;0.0014574998174794018;3.2706637501716616;0.00017637975979596378;0.0
36;-1.7112309718384646;0.0;0.0;0.0;0.0556796079835566;-0.004897286137565971;0.0016896073590032755;3.2646079778671266;0.00021107866195961832;0.0
37;-1.51877195321964;0.0;0.0;0.0;0.24657377429645433;-0.012068081926554442;0.0012495320348534732;3.2579638719558717;0.00038246732437983153;0.0
38;-1.1039368483893863;0.0;0.0;0.0;0.1315459931103816;0.0017168294172734023;0.0012917642772663385;3.2503085851669313;0.0004469288163818419;0.0
39;-1.787582644593167;0.0;0.0;0.0;0.029186162053379927;-0.006509248493239283;0.0014529403240885585;3.2555781841278075;0.00023082596017047762;0.0
40;2.261439200121574;1.0;0.2409512875582114;0.311503186824223;0.2939573315401918;-0.004841430857777595;0.001042420620797202;3.2478782057762148;0.0002933819778263569;0.0
41;2.691058968460136;1.0;0.10525233557609405;0.15522473649126697;0.22130920175370059;-0.0045553379692137245;0.0012843507051002235;3.230126905441284;0.00040125962113961576;0.0
42;1.7565327176578112;1.0;0.21891912072940858;0.2922096509240726;0.25908062400599685;-0.0006977306213229895;0.0011317656317260116;3.2228110909461973;0.0005263701430521905;0.0
43;3.3247165034277812;1.0;0.2559559892577696;0.3569370063742464;0.1651539886868863;0.0004936352837830782;0.001257966842968017;3.203488993644714;0.0005535809323191643;0.0009765625
44;2.786253119892589;1.0;0.3516089001183672;0.46745009269153504;0.14699994111159012;-0.001043297676369548;0.0011962482705712319;3.1986774086952208;0.000291370484046638;0.0
45;2.5693031438327956;1.0;0.17244064193678893;0.2352862449209014;0.24733030508569795;-0.011442473251372575;0.001044695166638121;3.1928121566772463;0.00036638268502429126;0.0
46;4.074615506121946;1.0;0.3694091382173851;0.5502943875292784;0.042885464929308566;-0.010684758215211332;0.0015138310787733643;3.177289640903473;0.0006930930190719664;0.003515625
47;2.208192218659991;1.0;0.17178345517739524;0.2390231409156351;0.11880493643803279;-0.003591074701398611;0.0010158688790397718;3.1861600041389466;0.0004796570399776101;0.0
48;1.6873146671554402;1.0;0.17548872463438042;0.2468936510575552;0.18769139902885001;-0.009389764862135053;0.0007597886316943914;3.147711086273193;0.0010787745006382466;0.01171875
49;1.828701701015449;1.0;0.1721029455081521;0.24005712438504415;0.17651619732621218;-0.0014817135874181987;0.0012550539686344564;3.1699289441108705;0.00043545271037146447;0.00078125
50;-2.478618592916838;1.0;0.1782793802706031;0.2444331008127319;0.07208594618672676;-0.009231613809242844;0.0017988920997595414;3.1562520027160645;0.0006531268474645913;0.0013671875
51;-3.8213400438540064;0.0;0.0;0.0;0.17021565142504327;-0.008391865179874003;0.04099871227517724;3.1581842064857484;0.00040798084810376165;0.0
52;2.0602595525212335;1.0;0.20600744015587547;0.28208691841722455;0.3163919045657484;0.004228796879760921;0.022905811690725385;3.1144440889358522;0.00036870212061330677;0.0
53;-2.238921320373596;0.0;0.0;0.0;0.028202900136221433;-0.010951162036508321;0.0016007577942218632;3.102538061141968;0.0003680099151097238;0.0
54;1.275164187504112;1.0;0.246065480631208;0.34317897534116504;0.22037024326128082;0.001179440226405859;0.0010451587790157647;3.1113301396369932;0.00035290205851197244;0.000390625
55;-1.2133551709574368;0.0;0.0;0.0;0.17655237724469672;-0.0030277953948825596;0.0009493087534792721;3.116255855560303;0.0004425760474987328;0.0
56;-1.9270913267219185;0.0;0.0;0.0;0.14701211776028852;0.0032630693167448044;0.0009821532206842677;3.1225518703460695;0.0004743986763060093;0.0
57;2.165571128301326;1.0;0.11538380417011433;0.17702190130072357;0.188153609635119;-0.00917164827696979;0.0008646955189760775;3.0956059098243713;0.0006322648143395782;0.0013671875
58;2.122728476743801;1.0;0.13256767571650793;0.20371146589046546;0.07642255939604142;-0.010098308743909;0.0011648366373265163;3.0927754044532776;0.0004551715450361371;0.0
59;2.0409109236148217;1.0;0.16695390678332173;0.24269708997894196;0.15027768675035147;-0.006946036173030734;0.07511077802628278;3.113541281223297;0.0004668051726184785;0.0001953125
60;-4.746554916379795;0.0;0.0;0.0;0.004490676737518514;-0.007097158720716834;0.03460214734077453;3.1043943643569945;0.0003436651197262108;0.0
61;-3.3539948941382947;1.0;0.2257016719612241;0.3034037948361776;0.22972871861853822;0.0013004601816646755;0.00464803641079925;3.0803895950317384;0.000589183927513659;0.00390625
62;-3.9868589450543186;0.0;0.0;0.0;0.26074424747319447;-0.002830961300060153;0.0014528148749377578;3.082095217704773;0.0008211634121835232;0.006640625
63;2.6603826873128877;1.0;0.24356972633695573;0.3714082047433018;0.3307537319347671;-0.010477141427691095;0.035509100463241336;3.0593578100204466;0.0006233857362531126;0.001171875
64;1.460604423440795;1.0;0.34871688408848955;0.48864088204432915;0.19250511681634128;0.0021526698023080827;0.030234609020408244;3.0124457716941833;0.0005010760738514364;0.0005859375
65;2.983102240136752;1.0;0.21226539266102015;0.32295761587462857;0.14827633097932774;-0.00596969616599381;0.0017223438713699578;3.0308642864227293;0.0003220035694539547;0.0
66;3.2024183113337044;1.0;0.2758453331134659;0.3962220432425808;0.24948582468430522;-0.005719759268686175;0.002331584697822109;3.015507364273071;0.00048552959924563766;0.0
67;-1.4719669309631618;0.0;0.0;0.0;0.058022908379009475;-0.004906322713941336;0.10158669780939818;3.0462076306343078;0.0007127099204808473;0.000390625
68;2.729971899147929;1.0;0.25200284213177293;0.34858460941759406;0.1791867816417462;-0.012609985191375017;0.03354292022995651;3.040842342376709;0.0008271875325590372;0.0025390625
69;-2.5691894945694176;0.0;0.0;0.0;0.2909876370036836;-0.0021933476440608502;0.005111836001742631;3.0851242184638976;0.0003520814352668822;0.0
70;-0.45184828329413307;1.0;0.13329790449740658;0.19628014571303623;0.1704017787162664;-0.010989215970039368;0.03445342034101486;3.0785971999168398;0.0005757950246334075;0.001953125
71;3.4454982347581495;1.0;0.27766684180914303;0.4152125895274997;0.1550536667728573;-0.01123323431238532;0.004961395519785583;3.0695384740829468;0.00041484661633148787;0.0
72;3.7939816505068054;1.0;0.32175724292376084;0.5254914367302536;0.17954804894677057;-0.0023925861809402705;0.001711339590838179;3.067512595653534;0.0005795151810161769;0.001171875
73;2.464265572066581;1.0;0.23564170743034205;0.3595781128124712;0.26010080464214885;-0.00625456259585917;0.0017529988603200764;3.064303696155548;0.00042496349196881057;0.0
74;3.833467662257352;1.0;0.3463787819071253;0.5339698125308425;0.10301945119577735;-0.0064949661958962675;0.0014162935607600958;3.048500120639801;0.00037800360005348923;0.0
75;2.87927071321264;1.0;0.34522040851094116;0.5092190102221036;0.2847232283680488;0.0026204698719084264;0.03371390553656965;3.05875905752182;0.00034852708922699093;0.0
76;-2.632729010300982;0.0;0.0;0.0;0.07219720016230391;-0.00016708951443433762;0.030794269940815865;3.046759009361267;0.0004553899518214166;0.00078125
77;1.6266554155222384;1.0;0.11991649274500248;0.19292712807196968;0.2141154722801113;-0.006122201215475798;0.006008951831609011;3.0149080038070677;0.0003537914715707302;0.0
78;3.640240032686435;1.0;0.3485145155434123;0.534330670665044;0.09701890992728772;-0.00471408199518919;0.0025823724688962104;2.9998870611190798;0.0005442733061499893;0.00078125
79;-4.448272129924465;1.0;0.15095090848558051;0.23177091595949387;0.21236774756734933;3.892879467457533e-05;0.002382900781231001;2.9927921414375307;0.0004049231647513807;0.0
80;-3.589976473398765;0.0;0.0;0.0;0.10282840125974912;-0.004715037811547518;0.0021392555732745676;3.015437936782837;0.0005857157870195806;0.0
81;2.824851238101075;1.0;0.13786591384937447;0.2233374853835412;0.015323957600497444;-0.007250412041321397;0.0018814089649822562;3.0263419270515444;0.00046756083611398935;0.0
82;2.7601363969486834;1.0;0.39536916790204124;0.5955409521059299;0.15959856864445748;0.0019907185342162848;0.037716250959783794;3.009590971469879;0.0005524786771275103;0.0017578125
83;2.9312430704505865;1.0;0.26739738789037215;0.397011600800832;0.16765212648103756;-0.012621198629494757;0.05696415044367313;2.984478163719177;0.00048748493427410724;0.0021484375
84;-3.300083263915015;0.0;0.0;0.0;0.13730107573258282;-0.0016046725679188967;0.0036872819880954923;2.9989357113838198;0.0002715095644816756;0.0
85;0.7941590473359486;1.0;0.16988918173194048;0.25721967883876856;0.08570573671393837;-0.007756705116480589;0.03566816812381148;2.9628162503242494;0.00026625796454027295;0.0
86;-4.123830651769132;0.0;0.0;0.0;0.005593994782286495;-0.0021527675446122883;0.03501765513792634;2.992810237407684;0.0005096233682706953;0.0013671875
87;-9.934842984803648;0.0;0.0;0.0;0.15549219828546174;-0.010462030163034796;0.0019029084069188684;3.0080001950263977;0.0006236148532480001;0.0
88;-8.476788455655445;0.0;0.0;0.0;0.12698281427835942;-0.0009033676702529192;0.0017029074078891426;3.0395715713500975;0.0005856570904143154;0.0001953125
89;-3.645323121679774;0.0;0.0;0.0;0.1494759400486484;-0.0037241201847791673;0.008750796486856416;3.0357131361961365;0.0002993600093759596;0.0001953125
90;-0.5006147614011072;1.0;0.14381916394744085;0.21804608930151878;0.18572589331954034;0.002025769418105483;0.03327593625290319;3.019672691822052;0.00026561260456219314;0.0
91;2.2874521870298477;1.0;0.2732397303701845;0.4115094062738455;0.15852593583055846;-0.005109324888326228;0.03453255998902023;3.0078131318092347;0.0007835337542928756;0.0013671875
92;2.8256753824709056;1.0;0.18149770023403314;0.2644432392264674;0.13075568203460297;-0.0059187903068959715;0.0014499471639283002;2.987250304222107;0.0007146725780330599;0.0013671875
93;3.823515088358575;1.0;0.4271743493669584;0.6097863956329237;0.14195217955831457;0.005401551863178611;0.03185396122280508;2.963858687877655;0.0005268806009553373;0.0
94;-5.932814019336559;0.0;0.0;0.0;0.11593200548984227;0.00021956479176878929;0.03330177639145404;2.9144565939903258;0.00042743395315483215;0.0
95;3.7287192469906585;1.0;0.42398160984377864;0.6409651733133399;0.11748782160768316;-0.003858623094856739;0.012760451436042786;2.888987183570862;0.0009442499605938793;0.003515625
96;1.755719630748291;1.0;0.3590448255746158;0.5148089462837412;0.068416616957073;-0.007400448108091951;0.07679607514292001;2.8607304453849793;0.0005462378961965441;0.0001953125
97;-6.724308420034521;1.0;0.19224637944336206;0.28111464808452064;0.06815324354481007;-0.00020924699492752552;0.01856255766469985;2.7972579836845397;0.0007082474068738521;0.0015625
98;-3.1591858606475127;0.0;0.0;0.0;0.06530908327137899;-0.006718093249946833;0.002657146495766938;2.87630455493927;0.0004902078537270427;0.0
99;-4.916168245401386;1.0;0.2925285742506957;0.41010399130127834;0.09765360161442754;0.002119793277233839;0.03484604109544307;2.8640067100524904;0.0003739414154551923;0.0
100;0.032847374942244656;1.0;0.20029036703547334;0.29733500271434704;0.296783342541878;-0.007669980451464653;0.034706188435666266;2.876952886581421;0.0004257052438333631;0.0
101;-3.3569874108632884;0.0;0.0;0.0;0.04622140918314999;-0.00963240668643266;0.033822117210365835;2.8645511627197267;0.0010097167221829295;0.0025390625
102;3.2743336174573088;1.0;0.31975895202332005;0.48073342501827626;0.09179782360464249;0.002520249970257282;0.0036538554122671485;2.872249519824982;0.0004430875065736473;0.0
103;-9.389011597141295;0.0;0.0;0.0;0.036189713523465006;-0.003851366462185979;0.06230579186230898;2.8893680691719057;0.0006555831059813499;0.000390625
104;-2.172681256807808;0.0;0.0;0.0;0.12133488236678333;-0.008172443462535739;0.0024161135079339147;2.8621015906333924;0.0005255499854683876;0.0
105;-20.91976783666056;1.0;0.17579824217263024;0.23840276493742313;0.16755965953711238;-0.002963247150182724;0.03530823851469904;2.863150417804718;0.00046521169133484364;0.0
106;-4.838603239354684;0.0;0.0;0.0;0.1000636525473977;-0.01095606831368059;0.003822466707788408;2.8694083213806154;0.000672523828689009;0.0001953125
107;2.945195533058898;1.0;0.3409018614105163;0.5115680939947336;0.21646571313619256;-0.0055593561846762896;0.0020199619350023566;2.8897392988204955;0.0007267970126122236;0.0013671875
108;1.4065747200467953;1.0;0.18602118867347908;0.2791977810294948;0.17746311174520432;0.0004513197112828493;0.036101479269564155;2.833406949043274;0.0005756008205935359;0.0
109;-4.020216664498159;1.0;0.198338685889705;0.3051504451363791;0.15152317139705915;-0.011164387874305248;0.0032212270190939305;2.8667040705680846;0.0005204230430535973;0.0
110;2.5693420498413513;1.0;0.3981822213413118;0.5722986374268494;0.2071951049118822;-0.007350545609369874;0.03476599539862946;2.8458049178123472;0.0007189633208326996;0.0009765625
111;2.4489366692249264;1.0;0.3249329603211349;0.49569655292466513;0.2835292275459774;0.00016087712720036507;0.003817264409735799;2.8489712953567503;0.0009045375743880868;0.0001953125
112;3.074517719417712;1.0;0.07721237821635477;0.1312915123404394;0.15816033806042346;-0.006877712067216634;0.0033295198809355497;2.884347212314606;0.0005680219852365554;0.000390625
113;-3.7068479471230105;0.0;0.0;0.0;0.0693836557718357;-0.0034092917339876294;0.021934441616758706;2.834746551513672;0.00037049518432468175;0.001171875
114;-22.684498684560225;0.0;0.0;0.0;0.2211905789271659;0.0038783257361501454;0.0025312442565336825;2.831167471408844;0.0004363172338344157;0.0
115;3.97001119042471;1.0;0.4099155927357807;0.6596187205238173;0.16520304549808015;-0.007463667495176196;0.005339999170973897;2.9062950134277346;0.0011495373793877662;0.0052734375
116;-2.9141185363348754;0.0;0.0;0.0;0.2764058871525068;-0.004231974016875029;0.0052712111850269135;2.866863226890564;0.0011356725008226931;0.0041015625
117;3.733163954650715;1.0;0.44240829735959075;0.6512381834470199;0.12820357728550222;-0.008409263100475073;0.00886001840699464;2.861550521850586;0.0010140536352992058;0.002734375
118;0.4741709607489182;1.0;0.16854590695467228;0.2654415197031949;0.2738491060554122;-0.007159516122192145;0.006673701340332627;2.8176048040390014;0.000518556300085038;0.0
119;3.6265419958259733;1.0;0.3992444856307392;0.6173435914938555;0.13559530788430949;-0.0057632608339190485;0.07974464986473322;2.7097412228584288;0.0004753676243126392;0.0
120;4.129465495488514;1.0;0.41287685826436676;0.6446885278792265;0.11403878221944028;0.0012782014440745116;0.006948352744802833;2.8384782791137697;0.00047394466819241645;0.0001953125
121;-3.5703779368554605;0.0;0.0;0.0;0.020618989652547087;-0.0013383110519498587;0.029558446840383112;2.818855893611908;0.0003376766690053046;0.0
122;-2.2240243483030633;0.0;0.0;0.0;0.15795947701486093;-0.006319619435817003;0.001989754632813856;2.8451541543006895;0.0004403238883242011;0.0001953125
123;2.8830290737837427;1.0;0.3973544407665824;0.5677018854735183;0.28277189281565623;-0.010948693566024303;0.0017502908536698668;2.8820815801620485;0.0011636470328085125;0.0052734375
124;2.3010717037011608;1.0;0.1875825533649217;0.3040356953050274;0.024934135257775294;0.0013092392589896917;0.03598103226395324;2.9023655891418456;0.0004015125799924135;0.0
125;2.9584536723294668;1.0;0.28654413170684107;0.46471039020373495;0.27868708936886843;1.2599816545844079e-05;0.001950733852572739;2.893575096130371;0.0007541975937783718;0.0005859375
126;-3.783993288058504;0.0;0.0;0.0;0.24766220324896;-0.003131070779636502;0.003593342809472233;2.863488185405731;0.0006223059608601034;0.0
127;-3.1265511486046753;0.0;0.0;0.0;0.11708204701254855;-0.0053017202764749525;0.08923544529825449;2.828705704212189;0.0005734581151045859;0.0009765625
128;-2.8122216355299745;0.0;0.0;0.0;0.18662444474270135;-0.005113753629848361;0.013087191432714463;2.813148033618927;0.0003823945880867541;0.0
129;-6.96992205002906;0.0;0.0;0.0;0.13141342612537127;0.0005262506892904639;0.010943289101123809;2.8665361762046815;0.0004419444128870964;0.0
130;-17.140562521606537;1.0;0.14606133734757545;0.21375479800535863;0.20189558620887618;-0.0026083363685756923;0.005998891382478178;2.818446087837219;0.0011528756003826857;0.0060546875
131;-2.2961896129887216;0.0;0.0;0.0;0.18489676060258148;-0.00501182321459055;0.04448103490285575;2.8623800754547117;0.00035102283582091334;0.0001953125
132;2.6028111943774053;1.0;0.2881820679840361;0.4357658234418202;0.14669360280212496;-0.005463876528665423;0.038659220281988385;2.776682496070862;0.00041313538094982504;0.0
133;4.139801941992948;1.0;0.44464549895413635;0.716393146522846;0.13137731315378978;0.004395118774846196;0.013630472403019667;2.8028527736663817;0.0005595557508058846;0.0
134;-1.1195175122843262;1.0;0.20049790389178324;0.30030938316254696;0.25050196505114974;-0.005266804806888103;0.014120840979740024;2.797527825832367;0.0005227986024692654;0.0
135;2.6717418368350763;1.0;0.39000953798972476;0.5818629214002771;0.3860034975502232;-0.0057098620105534795;0.0506056061014533;2.791856598854065;0.0004262882051989436;0.0001953125
136;-0.87537028589455;0.0;0.0;0.0;0.2283809697899269;0.000784640945494175;0.013392610801383853;2.7943476676940917;0.0004261651425622404;0.0
137;2.7365791088726366;1.0;0.29344166253403337;0.46331241339269974;0.2941465388390095;-0.005908352811820805;0.010307767475023866;2.786513793468475;0.0003919992945156991;0.000390625
138;-8.254102687974829;1.0;0.18095919304083138;0.28061689570521803;0.13932718212794398;-0.0038732384331524373;0.011577196372672915;2.798364579677582;0.0003715781262144446;0.0
139;3.8858539444948277;1.0;0.3674882804137456;0.6161046892142172;0.1449679601146934;-0.010680715087801218;0.010192053485661745;2.7624972343444822;0.0006412700982764364;0.0
140;4.067259142653465;1.0;0.3370418445763031;0.5586283997014846;0.09425265466060719;-0.011102320812642574;0.007750344136729837;2.74849214553833;0.000601309456396848;0.0
141;-0.3709944703308645;1.0;0.37084019409114694;0.5543607384273596;0.0;0.003472563507966697;0.04155316208489239;2.8156870722770693;0.0004700068850070238;0.0
142;-2.295929085313427;0.0;0.0;0.0;0.23326614924415512;0.0032216852996498346;0.004126497451215983;2.822485065460205;0.0005625707795843482;0.0001953125
143;-4.885431515937777;1.0;0.1487266634252604;0.2201902916198722;0.30390345803055835;-0.012512199860066176;0.0024413113365881144;2.814478409290314;0.0013369827880524098;0.01015625
144;-1.9122698461104968;0.0;0.0;0.0;0.18413915745732928;-4.516816698014736e-05;0.0023638419806957245;2.7784598112106322;0.0007264173706062138;0.0
145;-12.262137881211267;0.0;0.0;0.0;0.20065752774519416;-0.0038804742973297833;0.008955019304994493;2.7733322381973267;0.0004053055658005178;0.0009765625
146;-2.8379009932934007;0.0;0.0;0.0;0.0;-0.005050482973456383;0.0835764323361218;2.7955023527145384;0.0003900980111211538;0.0
147;3.3954458319855583;1.0;0.39902860429095377;0.6279702295032674;0.18964956732522983;-0.007112263515591621;0.11857539992779494;2.769301378726959;0.0007674110238440335;0.0017578125
148;-9.720132975751124;1.0;0.25183058865058133;0.3608266905735833;0.09297113177063691;-0.007258792570792138;0.006370303756557405;2.7714056372642517;0.0004889931413345038;0.0
149;-6.747885908338648;0.0;0.0;0.0;0.20308599924912715;0.0008572109509259462;0.0032188901561312376;2.732147204875946;0.000933409167919308;0.0001953125
150;-12.07803516531656;0.0;0.0;0.0;0.05133815839139439;-0.00709296683780849;0.002274403354385868;2.739554965496063;0.0006074910284951329;0.001171875
151;-6.821530979392489;0.0;0.0;0.0;0.09640235409756008;0.0044353467412292956;0.035353298007976264;2.7767333149909974;0.0006519294460304081;0.001171875
152;-8.843103659935199;1.0;0.14940879937958637;0.21604996257429873;0.18292277602409285;0.0053604622837156056;0.03473145398311317;2.7470258831977845;0.0003481206367723644;0.0
153;2.26013688373778;1.0;0.1741530605179943;0.26269036898341674;0.41931512396646575;-0.007661159592680633;0.03943298761732876;2.7069724559783936;0.0005116097629070282;0.0
154;-5.503863682897409;0.0;0.0;0.0;0.07837582420309702;-0.0029215888120234013;0.04088838379830122;2.7887442111968994;0.0006881988025270403;0.000390625
155;-3.2703577478021915;0.0;0.0;0.0;0.14521729418799545;-0.009027949208393693;0.01054068838711828;2.7122472286224366;0.0008367362548597157;0.001171875
156;1.927487385090602;1.0;0.2470903240394342;0.37127408471420387;0.13778590719714537;0.0021307559218257666;0.04387199133634567;2.68092337846756;0.00025251451879739764;0.0
157;3.1275737088541096;1.0;0.26456256374938303;0.38665152400799735;0.17922456804193718;0.0006426403764635324;0.004195855488069356;2.7127848982810976;0.0004175412119366229;0.000390625
158;-4.043047366778208;1.0;0.17759886797690763;0.2500708642254605;0.18315831497573387;-0.004221756965853274;0.002263261139160022;2.749339497089386;0.0005767247756011784;0.0005859375
159;0.08823564807522111;1.0;0.16444438124158411;0.2375601409779757;0.33340500346167756;-0.0013470198959112168;0.0019169686827808618;2.72075731754303;0.0006592976511456073;0.0013671875
160;1.6155687015735882;1.0;0.2440293967120082;0.3449731360378395;0.20851122268432998;-0.00920807037036866;0.004430141567718237;2.758724737167358;0.0005242743529379368;0.0
161;-0.13585952437864046;1.0;0.19557495257289192;0.28060547998789553;0.09470614948289825;-0.002596609853208065;0.042071554157882926;2.7009592413902284;0.0005577152827754617;0.0
162;-0.7832316166389829;0.0;0.0;0.0;0.08470726034953281;-0.009300968516618014;0.04476437829434872;2.776574099063873;0.001084752578753978;0.004296875
163;2.483568789837064;1.0;0.23739927366228392;0.332249051866145;0.07164469257629853;-0.0018369254656136035;0.04664552756585181;2.772048771381378;0.00038937636418268085;0.0
164;-0.23562786157902682;1.0;0.18582013492791002;0.26993927038376847;0.29368092181384864;8.854242041707039e-05;0.005197524640243501;2.7462131500244142;0.0004736249684356153;0.0
165;0.7664552162904466;1.0;0.13651145096976136;0.20104931951932503;0.047610779222267495;-0.011249320185743272;0.003668356453999877;2.851944649219513;0.0005347583326511085;0.0009765625
166;2.019459011865396;1.0;0.2765406987182962;0.3950365864350691;0.19732184768297772;-0.005956527730450034;0.0028676203335635366;2.7888511061668395;0.0006318523548543454;0.0005859375
167;-11.910736427590779;0.0;0.0;0.0;0.14429489648044388;-0.0017450785264372826;0.007985913450829685;2.8352794289588927;0.0006398393306881189;0.00078125
168;1.6671171395006608;1.0;0.20354031003936338;0.29635304328205136;0.1396717668744274;-0.006437176512554288;0.0035890740109607577;2.864681339263916;0.0011577819706872106;0.00546875
169;2.3757001191826985;1.0;0.22149509252625038;0.3398835064742199;0.46854177126716534;-0.009978482499718666;0.009564288472756744;2.850066673755646;0.000587376463226974;0.0
170;2.2175740812085554;1.0;0.16437564257203838;0.257773484805155;0.4546713035455767;-0.007103830622509122;0.030013921030331403;2.8080233931541443;0.0004893029341474176;0.0021484375
171;0.8240333791944758;1.0;0.13878151781715864;0.2029842625081172;0.33037630750087277;-0.008147088484838605;0.004321916808839888;2.862666869163513;0.00035906413104385136;0.0
172;-3.0862791745543907;0.0;0.0;0.0;0.1666316881820914;0.0017757706344127655;0.09100119546055793;2.8231945991516114;0.0011910694651305676;0.005859375
173;1.3351106492195366;1.0;0.18762612889517874;0.2765238755120444;0.20331367225919347;-0.006277315644547343;0.004510992229916156;2.7791138529777526;0.000806917087174952;0.001953125
174;2.2934374341290504;1.0;0.1735685713032666;0.27734190429851363;0.13224404319560434;-0.016680540377274157;0.04305921015329659;2.767367148399353;0.0017718906048685313;0.016015625
175;2.1596271179303237;1.0;0.14510237034419407;0.2200204162254868;0.38893062423728;-0.003052053740248084;0.002083145367214456;2.77752890586853;0.0004328969051130116;0.0
176;0.2629232389865379;1.0;0.31548798041752035;0.4366725505633926;0.3037168651681764;-0.00824513123370707;0.10930602215230464;2.769408082962036;0.0004382756189443171;0.0
177;2.3573857610610864;1.0;0.3912314363342058;0.5431096077584877;0.2944562226648584;-0.0034483406692743302;0.0028464069706387817;2.7883777618408203;0.0006559635628946125;0.001171875
178;3.2110853460617057;1.0;0.2138974020222514;0.31447923099346414;0.3223449120131045;-0.004892271384596825;0.0020783635845873505;2.802050220966339;0.00041377133456990125;0.0
179;3.0655366214262125;1.0;0.13240363541190428;0.20762993408936833;0.11084679579936974;-0.0073527040425688025;0.015116207906976343;2.7635802030563354;0.000686999224126339;0.001171875
180;3.2462129335499235;1.0;0.21764956609398006;0.32284090326093395;0.14611924768966222;-0.005709240073338151;0.08368651792407036;2.6787851810455323;0.0007116179564036429;0.0009765625
181;3.092438655095956;1.0;0.34003485664963096;0.4906169421691452;0.24983380723685775;-0.004933329485356808;0.0067195652285590764;2.698087680339813;0.000617777556180954;0.0005859375
182;2.6578515548203;1.0;0.3585128962297621;0.4920533617827503;0.3029601703312283;-0.0012351970188319683;0.011040013167075813;2.728836679458618;0.0006588516407646239;0.0
183;3.551010242704119;1.0;0.2872347726987378;0.46311300446599063;0.21642946317767908;0.00017107687890529632;0.011959226615726948;2.776043248176575;0.0005939565366134047;0.0001953125
184;3.4861360741599885;1.0;0.399381702714035;0.5805983879186308;0.18914754004904946;-0.0012914653168991208;0.012211812753230333;2.806847167015076;0.0009081768803298473;0.001953125
185;-4.3899455947375285;1.0;0.1491224779814726;0.2221964583127294;0.41531286279437085;-0.003999423235654831;0.00497509902343154;2.8219101667404174;0.0008186894468963146;0.0017578125
186;2.1534989644963374;1.0;0.20684108261204104;0.3035118052656839;0.17939269337381744;7.989662699401379e-05;0.019800471467897297;2.8038208961486815;0.0005469950148835779;0.0
187;2.570114246505591;1.0;0.43349073193991;0.577995558287969;0.20218453221270002;-0.009792628372088075;0.04756146185100078;2.7896605491638184;0.0002955358475446701;0.0001953125
188;-2.447598400840031;0.0;0.0;0.0;0.1865042335148369;0.0003830592380836606;0.0054801803082227705;2.7605517625808718;0.0004550153389573097;0.0001953125
189;3.747736243530186;1.0;0.48335990509228705;0.8211667680327;0.08738504475522796;-0.006484964117407799;0.04235818651504815;2.78934508562088;0.0007644935278221965;0.0021484375
190;2.747951937625522;1.0;0.4477579535860181;0.5938710110661627;0.11147079497616297;-0.005970500968396663;0.0077406430384144185;2.7876736760139464;0.000511849147733301;0.000390625
191;1.6963923487801236;1.0;0.21970275721160237;0.3418892125931164;0.3392804931487042;-0.004810925014317036;0.047709660790860656;2.7154236912727354;0.0006103046936914325;0.000390625
192;3.167152238590746;1.0;0.4419101263326986;0.6350366132914279;0.23681212802471194;-0.001564120571129024;0.007876648637466132;2.7827564597129824;0.0004449395346455276;0.0
193;-8.510957762444912;0.0;0.0;0.0;0.2140799714100778;-0.00642001936212182;0.00416277073090896;2.777305579185486;0.0003861203556880355;0.0
194;-0.8285583937680974;1.0;0.19152137616255113;0.2877259514174461;0.3240528664090651;0.00010553775355219841;0.0031075961771421133;2.796880674362183;0.0005270957597531378;0.0
195;-4.883324472343971;0.0;0.0;0.0;0.2053419462870418;-0.00039418817032128574;0.0021581603155937045;2.721247410774231;0.0008242688491009176;0.00078125
196;3.8003584553666787;1.0;0.3770141284400901;0.5630836641041157;0.041280408775591325;-0.0041355601977556946;0.0012185683561256155;2.725870978832245;0.0006055796518921852;0.000390625
197;-5.1592285051341715;0.0;0.0;0.0;0.25431491755992897;-0.00856190430931747;0.0009899699361994863;2.7583434700965883;0.0009609401575289666;0.0005859375
198;3.4629798683694646;1.0;0.3889213427946403;0.6270170857174793;0.21026583012584718;-0.0010261963587254285;0.039725758507847785;2.7972461342811585;0.00048470788169652224;0.0
199;2.511412462439585;1.0;0.19050352900039633;0.2969920388651509;0.09403114604685528;-0.006904529314488173;0.04410878773778677;2.7591254711151123;0.0002784823765978217;0.0001953125
200;-1.2367139526268103;1.0;0.35038083831334976;0.4813582870230393;0.0899236351846923;-0.008021763432770968;0.0037916545406915247;2.770122706890106;0.0002391883172094822;0.0
201;3.4270674679154354;1.0;0.39569011977180446;0.6040351580672939;0.3245205334194285;-0.009780639875680208;0.0021226535842288285;2.7060677647590636;0.0005670531303621828;0.0001953125
202;3.130299880412394;1.0;0.4088390586297262;0.5607689328115254;0.11823022727951732;-0.012349778600037099;0.0009475842933170497;2.7647002696990968;0.000749731226824224;0.00078125
203;-5.187290938106774;1.0;0.12294928469415899;0.19143370292673553;0.09255650808349725;-0.0064447270007804034;0.04348301216959953;2.7444794535636903;0.00042601494351401925;0.0
204;2.636980679917183;1.0;0.3703270208430088;0.5066357980475965;0.26381202980316676;0.0029128337278962134;0.030819894635351376;2.733018922805786;0.0006505837780423462;0.0
205;3.40516289386449;1.0;0.28062354928152927;0.44127419825214154;0.17285965436644968;-0.006816855585202575;0.03878932839725167;2.7774880170822143;0.0009788741706870496;0.0033203125
206;-8.750136820899154;1.0;0.1833613472062418;0.2647602082491409;0.1382740535742822;-0.0003377484157681465;0.03483607538510114;2.825539398193359;0.0006826960248872638;0.00078125
207;3.5578030681854305;1.0;0.35787951834085724;0.5174720672098284;0.19956260218524818;0.006826716708019376;0.003990904300007969;2.7814514994621278;0.0009146328549832106;0.0021484375
208;3.6918873130685657;1.0;0.35054850181134317;0.5379832654262687;0.06873764537626688;-0.007529180776327848;0.0031404701061546803;2.821460795402527;0.0008791481610387564;0.001953125
209;3.27489409818136;1.0;0.4362493966615372;0.6235244346530329;0.2229478900278232;-0.006356163322925568;0.003942138981074095;2.797344708442688;0.000433438376057893;0.0
210;2.3973755233988276;1.0;0.3371998922250758;0.4608875362493597;0.2535860507460168;-0.006801706878468395;0.0010464520164532587;2.7745024085044863;0.0007777992635965347;0.000390625
211;3.776085970170794;1.0;0.27644714949694155;0.40997606294134986;0.08712659467452573;-0.009907890064641833;0.0010202957375440747;2.836751163005829;0.0005545036168769002;0.0001953125
212;2.3372302121004283;1.0;0.1786355501418713;0.2867582017560763;0.14859481182903966;-0.006853719474747777;0.07107100156135857;2.8045772314071655;0.0008639679406769573;0.0009765625
213;-0.02370589875787532;1.0;0.2481522065036167;0.34850017682978424;0.21364139949945476;-0.0009346161969006062;0.03366188899381086;2.8176241755485534;0.0006323597859591246;0.000390625
214;3.4155812309107465;1.0;0.35241368377925053;0.5268462994238345;0.24590433055324654;-0.003838502615690231;0.0019459761213511228;2.811407911777496;0.0005325675127096474;0.0
215;2.194397808212019;1.0;0.22179847223336638;0.33164463760413604;0.1719716058699675;-0.001824582228437066;0.056295483559370044;2.758976495265961;0.0005969232064671814;0.0
216;1.14454032471894;1.0;0.19154529401421658;0.2773935095523415;0.22005008836248804;-0.00933096520602703;0.0031643346475902943;2.660460186004639;0.0007273149210959672;0.0
217;2.8612079031941287;1.0;0.38954382451248976;0.5751192791735655;0.2546176260001468;-0.0023383377119898796;0.038805933902040124;2.7601121187210085;0.00027237929170951245;0.0
218;3.407752954879868;1.0;0.40175815597934805;0.5650480099309539;0.06063759804201114;-0.008421954931691289;0.0024893336289096625;2.7088226199150087;0.00037842073943465947;0.0
219;-2.2080408800938796;0.0;0.0;0.0;0.10045147312849673;-0.006977031053975224;0.001308683486422524;2.683555746078491;0.0008153068949468434;0.00078125
220;3.9768206479310253;1.0;0.3454471907929041;0.5496422452949965;0.061291210522085554;-0.006169791845604777;0.0011128375626867637;2.772179901599884;0.0014550028834491968;0.0080078125
221;3.1972396976597333;1.0;0.4246858282843704;0.607128338398771;0.055313334137784206;-0.00534281050786376;0.0008343903318746015;2.745724105834961;0.0007856552489101887;0.000390625
222;2.9078300593306485;1.0;0.5148380641381878;0.62410139705236;0.06987873400398106;0.005263376561924815;0.036218798439949754;2.74669805765152;0.0004995365394279361;0.00078125
223;3.6579571234991666;1.0;0.22756148087076322;0.34367521290553343;0.07029604700839928;0.004098847508430481;0.0010215139540378005;2.7571413636207582;0.00035321027971804144;0.0
224;3.644398835282014;1.0;0.5412227767037716;0.7347647453955913;0.13946239947250766;-0.008994113234803081;0.056871190667152405;2.7181907176971434;0.0006118969176895916;0.0005859375
225;3.9883549248245727;1.0;0.5760047093253988;0.845115794006094;0.048089824600559467;-0.004795412393286824;0.040314465202391146;2.601884973049164;0.0007563448743894696;0.002734375
226;2.7325335763181626;1.0;0.2982635777311071;0.408511233345644;0.03867758334023265;-0.0015888860914856195;0.034516627760604025;2.662862539291382;0.00034810540964826944;0.0
227;-1.0879003876702913;0.0;0.0;0.0;0.04002056435551624;-0.005885044764727354;0.036138334404677154;2.683396279811859;0.00048188347136601806;0.0
228;3.8232194964565007;1.0;0.4222962416583768;0.6037241041853105;0.11641328869759318;-0.0025935223326086997;0.0014515020651742817;2.704999125003815;0.0006403300911188125;0.0
229;3.8836454647488075;1.0;0.5556877340284754;0.80797202810547;0.042152931514341116;-0.0018850253196433186;0.0011850737006170674;2.7475933909416197;0.0006353413104079664;0.0009765625
230;2.017736794983438;1.0;0.36518071434001814;0.5334325516882078;0.06589621640818212;-0.002583668241277337;0.033614177256822586;2.7164278268814086;0.0010183466249145568;0.006640625
231;4.046432514891047;1.0;0.4317169328880624;0.6512719075626473;0.08185547434000842;0.0029591508209705353;0.06314797326922417;2.669156181812286;0.0003049742430448532;0.0005859375
232;3.755014917886104;1.0;0.4282633901720601;0.6324649084980651;0.10073011649716324;-0.008601629408076406;0.005731895123608411;2.6511502027511598;0.00047509127762168646;0.0
233;3.744698268327196;1.0;0.433219793151724;0.6368982600447539;0.10574178908894634;-0.007150790188461542;0.06359881395474076;2.6166711330413817;0.00036026614252477885;0.000390625
234;3.723206759381546;1.0;0.5600675484200592;0.7800331801420519;0.07666582874304252;-0.006514259963296354;0.012339716730639338;2.6079035639762878;0.0010227024438790977;0.0060546875
235;3.4095531982146183;1.0;0.4937609364462396;0.6789958602157962;0.04207743217542109;-0.008804272022098302;0.0010870618978515267;2.6315225958824158;0.0016165404696948827;0.0125
236;3.380932774053496;1.0;0.36222517995674974;0.5076706057439925;0.03600380303262266;-0.0026854715775698423;0.02575897162896581;2.6676624417304993;0.0010573909734375776;0.0037109375
237;3.9749737521042574;1.0;0.48556586607491853;0.7136259905908683;0.06405146795584317;-0.004188192123547196;0.0012065902556059882;2.6696505188941955;0.0007460084045305849;0.002734375
238;3.84650221497922;1.0;0.4521288068638848;0.6433890573843147;0.054748004985113424;-0.0067113540135324;0.0007817928068106994;2.644575572013855;0.0016619883943349123;0.0109375
239;3.695858103723294;1.0;0.5261122049491723;0.7252744086125701;0.06275806844700979;-0.0061772197484970095;0.0009727410186314955;2.6676280736923217;0.0013771277852356433;0.00625
240;2.7672269301206285;1.0;0.23544181755390517;0.3530474420018099;0.01229385709279981;-0.004435337660834193;0.05670584738254547;2.628827083110809;0.0007989321020431817;0.002734375
241;-5.728455234812714;1.0;0.24171303005758293;0.3367574569548563;0.09895718344074196;-0.00797786978073418;0.004681901738513261;2.638218140602112;0.0008745841681957245;0.00234375
242;3.820609674008321;1.0;0.34400391959662574;0.5157078018102431;0.009836443339364937;-0.009324217773973941;0.04585612025111914;2.6236928582191466;0.000485004298388958;0.000390625
243;3.250239679958507;1.0;0.4485538504620433;0.6356036006008993;0.11556248342263371;-0.006043176120147109;0.03465397371910513;2.6276124835014345;0.0009849979658611118;0.005078125
244;3.863190388119871;1.0;0.39856211587465595;0.5628125681096964;0.06557178068520175;-0.0066614924930036064;0.00211469269124791;2.6082355618476867;0.0008632559445686638;0.0
245;2.9387978265605943;1.0;0.37056237545451665;0.47917739155564154;0.005130020310951651;-0.006858733668923378;0.038449032418429854;2.6630088329315185;0.0007844199775718152;0.0001953125
246;4.165610067251875;1.0;0.5509284163148156;0.8372933606188643;0.04497226343270265;-0.0040699558332562445;0.0023146655410528185;2.6207221269607546;0.0005500231287442148;0.0
247;-1.2276662608763347;0.0;0.0;0.0;0.1478717003651896;0.0001530920621007681;0.03501500338315964;2.6202641248703005;0.0007160369888879359;0.0001953125
248;2.378737479771439;1.0;0.15673858832958074;0.23829519136710833;0.03938488863621085;-0.0005899203009903431;0.0546335969818756;2.6037128925323487;0.001100394269451499;0.00859375
249;3.8628309562433047;1.0;0.43215749328249664;0.635208234278545;0.036148245154248075;-0.01010968170594424;0.008153711515478789;2.6219002962112428;0.0007872522110119462;0.0041015625
250;1.1906278098468743;1.0;0.3117431501744442;0.43027933968989646;0.06401547007151558;-0.010287244454957545;0.007992996263783424;2.5974874019622805;0.00048577594570815564;0.0001953125
251;2.736672130123632;1.0;0.16776466710752094;0.26918260442763803;0.09464118807269718;-0.007183617493137717;0.06193560529500246;2.5723609924316406;0.0009638873161748052;0.001171875
252;2.8439912928628273;1.0;0.16170294396947527;0.2727918008261686;0.06472807785623473;-0.004488415643572807;0.005040233151521534;2.579038918018341;0.0009204527945257723;0.0001953125
253;-2.006581743376958;1.0;0.1629186170411171;0.24748010561082132;0.10615195458939355;-0.0037057404406368732;0.006044330436270684;2.500619721412659;0.0008108971640467643;0.0005859375
254;-2.7092279287478305;0.0;0.0;0.0;0.05081532411239191;-0.0013967853737995028;0.03765572751872241;2.5091224908828735;0.00037430477095767856;0.0
255;3.4332554591541813;1.0;0.5807076179258475;0.8261609224905324;0.05858888371032981;-0.006536504067480564;0.06360819172114134;2.537912631034851;0.0006922986591234803;0.00234375
256;2.3393889232500933;1.0;0.3783108957664219;0.583745465484067;0.0025259643129745923;0.003661681688390672;0.04255325514823198;2.5108408331871033;0.0007241573999635875;0.000390625
257;3.1701980281720847;1.0;0.45708294046225034;0.6201665653829941;0.07066971555485496;0.004844087967649102;0.05715985144488513;2.550860047340393;0.0007315394701436162;0.00078125
258;3.197004087322243;1.0;0.19701650853490463;0.3262377117555382;0.11936811071767439;-0.005813149898312986;0.010970257385633887;2.5963691234588624;0.0007026749779470264;0.0009765625
259;2.7202023423169917;1.0;0.14589722739564834;0.24539288812141524;0.010757687701175968;-0.0032233705278486013;0.0357453107368201;2.630457901954651;0.0010124898282811046;0.0046875
260;-2.082269780522222;1.0;0.2875525877762566;0.4295755410351241;0.031808364473123976;-0.009553898544982075;0.003978492552414536;2.6578067183494567;0.0005338567541912198;0.0
261;3.218275822835211;1.0;0.162780245301316;0.2787000587000884;0.11762738561380162;-0.005527204601094127;0.0015940799552481622;2.652941846847534;0.0009087737533263862;0.0017578125
262;-3.2777106351537357;1.0;0.17383513303467416;0.26386336469807353;0.054919466320702034;-0.006305045541375875;0.03379538588342257;2.6325730443000794;0.001248527248390019;0.0119140625
263;3.3178341759719214;1.0;0.4806449709250129;0.6883164154362358;0.16438075635418;0.000113328592851758;0.05950408382341266;2.5554545283317567;0.0006293523591011762;0.000390625
264;-5.587143536040387;0.0;0.0;0.0;0.035675067538168244;-0.00422261122148484;0.08843788541853428;2.53191556930542;0.0009017616510391235;0.003515625
265;4.001771637929714;1.0;0.4948941166750958;0.771581606763905;0.11978813899543023;0.0008226983714848757;0.03581336620263755;2.5277263283729554;0.0009108949801884591;0.0048828125
266;-9.087646772045938;0.0;0.0;0.0;0.08767203879926372;-0.0054843657650053505;0.002355856593931094;2.513713836669922;0.0004224359057843685;0.0
267;-13.0524812395926;0.0;0.0;0.0;0.03811201056906166;-0.006881340220570564;0.0018609414983075112;2.5262657523155214;0.0009583068545907736;0.0013671875
268;3.8711329257191185;1.0;0.35012155872891115;0.471366813929966;0.0386452024177253;-0.001246792497113347;0.06548585556447506;2.5351662278175353;0.0007771119475364685;0.0
269;-13.028474361046461;0.0;0.0;0.0;0.004316270375167727;-0.0010589889716356993;0.04607943180017173;2.526917278766632;0.0008900850429199636;0.0
270;1.673585651561723;1.0;0.4872009373906986;0.7025762573529669;0.030893478673260415;-0.004179624782409519;0.03313132199691608;2.511374044418335;0.000825337297283113;0.00078125
271;3.446986687539151;1.0;0.5528848836599537;0.782098490614105;0.05134092475454711;0.004086335725151003;0.017500454152468592;2.4524911999702455;0.0006512385210953653;0.001171875
272;-8.572818037027252;1.0;0.16632895289117172;0.25534724541724946;0.045093124820603195;-0.015029137954115868;0.03724409523420036;2.4733378291130066;0.0006545253680087626;0.0
273;3.2375021278928853;1.0;0.46749727726927814;0.6631166343299277;0.22430247891359667;-0.003676855703815818;0.06339679220691323;2.478971707820892;0.0008723763399757445;0.0046875
274;3.58541884302451;1.0;0.6460493771785117;0.835947011079371;0.03169483840255118;-0.010126803163439035;0.09005144722759724;2.441984677314758;0.00046256663044914604;0.0009765625
275;-1.7538470567176168;1.0;0.14329845937759714;0.2252629417687315;0.07304631750508582;-0.004941626358777285;0.03443457863759249;2.4601881742477416;0.0010853998130187393;0.0033203125
276;-12.084036231145562;0.0;0.0;0.0;0.09709488209159911;-0.0013316720258444547;0.02367095244117081;2.4668470501899717;0.0006398937082849443;0.001171875
277;3.10282991257813;1.0;0.23212056162683506;0.3677583670734593;0.08759758718960785;-0.012180732516571879;0.003245655121281743;2.5007783651351927;0.0013274599215947092;0.0044921875
278;2.0414727644136748;1.0;0.5691451902440634;0.7295445933048992;0.12754325534290814;-0.002698823483660817;0.055647360440343616;2.466737926006317;0.0006783719174563885;0.0
279;3.5900943866467587;1.0;0.4878233830141066;0.6828832696859952;0.06709387399473611;0.0025753747671842576;0.06571568809449672;2.4986525058746336;0.0006396334618330001;0.001171875
280;1.978793698692972;1.0;0.2059565812174307;0.3189158595504674;0.06675445045631388;-0.0052638025488704445;0.045463519543409346;2.4875759720802306;0.0006193945184350014;0.001171875
281;1.7743553091344393;1.0;0.15328415455136052;0.24714698997131015;0.07357845405086033;-0.006930195633322001;0.03443003920838237;2.575456404685974;0.0006538535235449672;0.0005859375
282;-4.809114652596461;0.0;0.0;0.0;0.12508093126730255;-0.006139377970248461;0.006464424449950457;2.5040868759155273;0.0005904633086174727;0.0
283;-3.3852959209796176;1.0;0.19550212696944022;0.29326934235887603;0.06465975622112086;-0.0036672396352514626;0.02082354632439092;2.506759798526764;0.0011948295054025949;0.00703125
284;1.3025737397353896;1.0;0.10870825320034183;0.18002373190412574;0.1026141083154429;-0.004203616629820317;0.03244578989688307;2.5860052943229674;0.0009719572146423161;0.001171875
285;-8.129734400864084;1.0;0.17760123717328638;0.2625496311351571;0.06739851482108049;-0.00818592649884522;0.04135455125942826;2.5260873675346374;0.0010780261945910752;0.0048828125
286;3.390914206047391;1.0;0.5219703433145543;0.7186961791275828;0.07507495276940478;0.00013051987625658512;0.00506943758809939;2.531782364845276;0.0006374737597070635;0.0
287;3.8519183235440844;1.0;0.434812103226625;0.6551037706835479;0.14580954403013216;-0.008977989386767148;0.0024766768445260825;2.5681451082229616;0.0006172552239149809;0.0001953125
288;2.3049845174554386;1.0;0.25456565567012357;0.37427138793884474;0.034093228976443644;-0.01019301514606923;0.07390489857643842;2.5311746478080748;0.0012508942047134042;0.0052734375
289;3.748430852446023;1.0;0.4904294768688962;0.7331286933259249;0.061031663605518365;-0.006355226505547762;0.004233171034138649;2.555980181694031;0.0006971970666199923;0.0
290;-2.57376801211384;1.0;0.14749008015813664;0.22998823136182955;0.08102464263383434;-0.00472386390902102;0.06024391083046794;2.5540481567382813;0.00070082867750898;0.0015625
291;4.150517458475171;1.0;0.4181624656015299;0.6377725602484293;0.04803082704782574;-0.003303907532244921;0.030326596880331635;2.56651930809021;0.0006681356928311289;0.0017578125
292;3.1208472908958944;1.0;0.5074419772009618;0.786948525188019;0.08144021622083283;-0.008077228255569936;0.03310679821297526;2.5344617128372193;0.0005293310037814081;0.0
293;0.4420604074408776;1.0;0.1636164383898978;0.2582691564401874;0.045734690294108905;-0.0017700936878100038;0.06137614632025361;2.478579115867615;0.0003353847772814333;0.0
294;3.1912417360916576;1.0;0.1443959188016406;0.23667670388752018;0.1277367155408114;-0.012030825484544039;0.02777495961636305;2.4640578746795656;0.0006410067901015282;0.0015625
295;3.696048382465032;1.0;0.5096680572422089;0.7856896594783788;0.08228659904474953;-0.0035722356289625166;0.0032008175738155844;2.4735454082489015;0.0010488173807971179;0.0009765625
296;3.336076063557595;1.0;0.35054407539869487;0.511552513698009;0.11497069521866439;-0.009550090460106731;0.03306159498170018;2.4911715626716613;0.0011837300029583276;0.0068359375
297;1.1159183333894378;1.0;0.335680144125493;0.4760127860892948;0.11010922004844356;-0.014336909865960479;0.010476181562989951;2.5608750700950624;0.0012669313815422355;0.0064453125
298;3.150004696056908;1.0;0.30533740707846974;0.4618316933099567;0.1317080758489279;-0.00743821281939745;0.004214764619246125;2.518571400642395;0.0017779561458155513;0.0123046875
299;-2.035946845458814;1.0;0.16361364889225014;0.2684122254928191;0.10048844127880012;-0.005283459927886725;0.06442588586360216;2.5335615038871766;0.0013984896591864525;0.0052734375
300;3.1415486403727795;1.0;0.4999809288031356;0.6518014249734663;0.09901397612065882;-0.008533956203609704;0.00733886631205678;2.5003406524658205;0.0010235210531391204;0.0015625
301;2.3138476002732395;1.0;0.2107829292273269;0.310011437187909;0.095628520790192;-0.004432841995730996;0.09481481667608023;2.522267723083496;0.001286111504305154;0.006640625
302;1.464543438999875;1.0;0.2733300768727489;0.39425992018788897;0.12222855140853385;-0.0033311400795355437;0.033482889318838714;2.5224703431129454;0.0005163165857084096;0.0
303;1.438919896341113;1.0;0.1623323925926479;0.25901721215861406;0.18771457119504495;-0.005637110723182559;0.00860526473261416;2.4829250454902647;0.0012054261984303593;0.002734375
304;-4.359221598033299;1.0;0.15827580936514202;0.24034328377744402;0.09562288069276355;-0.0034864730201661586;0.010306712333112955;2.4911095261573792;0.0008280143956653774;0.0001953125
305;0.016830375224099914;1.0;0.4572680785125409;0.6207271502656097;0.08897121568272302;-0.010211103223264217;0.01796690500341356;2.5042940855026243;0.0009273530798964202;0.000390625
306;1.0577435315457326;1.0;0.20788429633804884;0.3316991092048046;0.11357133495179848;-0.0037930036894977094;0.022645635716617107;2.52560008764267;0.0014474196126684547;0.007421875
307;3.6102231287128004;1.0;0.4936017195704688;0.7482681463099651;0.11380715066361295;0.0023195283487439156;0.006483846111223102;2.5518593311309816;0.000666200986597687;0.0
308;-5.728694045018088;0.0;0.0;0.0;0.1297739792171386;-0.005301171122118831;0.06972111091017723;2.552587592601776;0.0006072755553759634;0.0029296875
309;2.7657656832331576;1.0;0.2509373208293174;0.37919374794118443;0.15633197360690135;-0.0035940089263021948;0.08201939333230257;2.5261411905288695;0.0005068903439678252;0.0
310;3.620277086142065;1.0;0.6052413337760083;0.8008913042336419;0.06488577840265769;0.007289361208677292;0.008333982690237463;2.5163763880729677;0.0007580274250358343;0.0
311;3.0285139484481567;1.0;0.2974526241932683;0.46569377246091914;0.139080315168613;-0.009157361229881644;0.011749647092074156;2.480725419521332;0.0006424495833925903;0.0
312;3.807857845894171;1.0;0.4875099076800858;0.7320672375759733;0.0844109497008639;-0.0014007986523211003;0.04430241510272026;2.454936385154724;0.0005298160831443965;0.0
313;4.23703112817134;1.0;0.505999614176037;0.8464726562608128;0.06962201355859253;-0.0035467399284243584;0.010693675838410854;2.491758143901825;0.0010120860068127512;0.001171875
314;3.7426286739015757;1.0;0.5284594490193161;0.6797008521550367;0.005190515605937146;-0.002363964170217514;0.04001481398008764;2.4584019422531127;0.0007292660069651902;0.001171875
315;3.8852458622581336;1.0;0.38148009578187597;0.5757583179157256;0.06218584322045074;-0.0011253940872848033;0.04625754971057176;2.466637063026428;0.0002923394786193967;0.0
316;2.5419952378824022;1.0;0.499737626360625;0.7065094925329505;0.0897132357322954;-0.0032581818755716085;0.004260707821231335;2.491024935245514;0.0010576161788776518;0.0005859375
317;3.5662768237092295;1.0;0.6019852573745579;0.8662043346274931;0.10167848063366916;-0.005523423850536347;0.008429314941167831;2.5183544993400573;0.0016991415759548545;0.0091796875
318;4.201539782503631;1.0;0.537572541669318;0.8827434147386221;0.032574928408848854;-0.006681452738121152;0.04180255429819226;2.529793345928192;0.0010828651604242623;0.0021484375
319;3.8211609098016384;1.0;0.2548637510537583;0.41109959542125096;0.06729562399014452;-0.0009103806223720312;0.01703960094600916;2.5541640281677247;0.0009223584202118218;0.0029296875
320;-0.5570703112176174;1.0;0.21374339026967398;0.31743396773021637;0.07461721474588488;-0.004642320051789284;0.0765575474128127;2.5467497944831847;0.0004826818825677037;0.0
321;0.9919109195857305;1.0;0.5237838851116009;0.7486946247575843;0.09927829465356068;0.0006997162476181984;0.03703186218626797;2.5869498014450074;0.0006586906267330051;0.0
322;-1.121369930695212;1.0;0.28422959061809006;0.41273429727917843;0.07574309990091624;-0.004206345160491764;0.0033289588754996657;2.566737651824951;0.0014202858321368695;0.005859375
323;3.5538954097994013;1.0;0.4117245447110329;0.6172566351208683;0.09389344864821617;-0.00897684139199555;0.03896802021190524;2.506649911403656;0.001067235553637147;0.0033203125
324;3.666975585463375;1.0;0.4749134426906759;0.7064939630374122;0.16694922334688433;0.0035789191257208585;0.007202604622580111;2.525710737705231;0.0007027739775367081;0.0001953125
325;1.0845245134690489;1.0;0.12143735886878868;0.19558152854053926;0.0995503819966661;-0.0034884951543062924;0.005580621445551515;2.5135175466537474;0.0011873797047883272;0.0048828125
326;4.162445023874763;1.0;0.504354778603777;0.7569444139882863;0.0429963239038285;-0.007927564578130842;0.04316065632738173;2.5017935276031493;0.0007148490869440139;0.0009765625
327;0.5295876984176786;1.0;0.23209053868832272;0.33975602352363443;0.14796594237039104;-0.002294426504522562;0.11002403255552054;2.5438220620155336;0.0006742361700162291;0.001171875
328;2.463934982033207;1.0;0.24905326062860042;0.38869458587803046;0.07968840937396027;-0.0035937858745455744;0.04397887485101819;2.550768780708313;0.0006599128246307373;0.0001953125
329;-1.8821681997238586;0.0;0.0;0.0;0.0232339836863532;-0.009155489783734084;0.010533015476539731;2.5391808986663817;0.0005729761207476259;0.0005859375
330;3.8781824624096597;1.0;0.565746393159098;0.8221822595629065;0.08811815280146063;-0.003196637169457972;0.07626961059868335;2.595026421546936;0.0006542559596709907;0.0015625
331;3.3953034363729184;1.0;0.6072127001658627;0.8436353173924331;0.0979146758672425;-0.001903249928727746;0.0685256790369749;2.539330840110779;0.0007050714455544948;0.0025390625
332;3.4712295721079127;1.0;0.5561831436616779;0.7579083298079848;0.08903995142227861;-0.007979746907949448;0.03769402941688895;2.487607419490814;0.0003235265612602234;0.0
333;0.014571730204707922;1.0;0.13776001668748533;0.21556704048880113;0.13538212453042514;-0.0021813632221892474;0.005757352826185525;2.5099027156829834;0.0004594766302034259;0.0
334;3.4142766357441343;1.0;0.21175174396020577;0.3359849469039561;0.1336634351239306;-0.0033238430973142386;0.03740702560171485;2.5720325469970704;0.0006859192508272827;0.0017578125
335;-2.587719273256633;0.0;0.0;0.0;0.12969770855944254;-0.011029915558174253;0.0775054907426238;2.6205983400344848;0.0008028936455957592;0.002734375
336;0.31697598513104763;1.0;0.11262779195351068;0.1829028329043236;0.04209448069866903;-0.002150288224220276;0.00898974051233381;2.5220025777816772;0.000697986816521734;0.000390625
337;3.1040167787885906;1.0;0.5829242827246535;0.76604337080608;0.06032780733605506;-0.007279731426388025;0.006301251985132694;2.4822553992271423;0.0006149695953354239;0.000390625
338;1.0903911124348866;1.0;0.1993848966811091;0.3025292167828751;0.18857026214887973;-0.0020284535828977825;0.03504972415976226;2.559590494632721;0.0008900542161427438;0.002734375
339;2.7421593970003797;1.0;0.2607699657000103;0.4137556948767784;0.096505331555103;0.0030063673853874206;0.06424621634650976;2.529300022125244;0.0005078151822090149;0.0
340;2.925138386451179;1.0;0.13685817174784215;0.23818218673447686;0.052698557527717856;-0.00540977455675602;0.003408702427987009;2.5553948521614074;0.0003591754124499857;0.0
341;3.3725189977238603;1.0;0.39772643425048565;0.5962633291818147;0.06020754988003632;-0.0077317850664258;0.03721385691314936;2.551379454135895;0.0004740101168863475;0.0
342;3.6996600488916216;1.0;0.2998460855235215;0.46825845827863877;0.07802725420924407;-0.01554014692083001;0.002856982557568699;2.4996289730072023;0.00116318273358047;0.005859375
343;4.106777158632169;1.0;0.29870826632783787;0.5217600527494705;0.035991272344879054;0.005797076155431569;0.031007744139060378;2.488971447944641;0.0006100930855609477;0.0
344;-0.6051127047010749;1.0;0.1443159675780009;0.22773547570121955;0.11197447078826184;-0.0006844932213425636;0.06677947267889976;2.4581761240959166;0.0006049836636520922;0.0009765625
345;-1.6210448754136841;1.0;0.3256987332998663;0.47346480734927326;0.0457703181859496;-0.004648134228773415;0.0037054786807857454;2.5005594730377196;0.0011163901886902749;0.00234375
346;4.278318347136486;1.0;0.6704375034112708;1.1058353770150908;0.043694360423975794;0.002841642452403903;0.032768262457102536;2.490797233581543;0.000584608840290457;0.0
347;4.120607704028523;1.0;0.563527832174666;0.8945745797534856;0.06749053208498648;-0.007441065274178982;0.04295945256017149;2.495807147026062;0.0006805519922636449;0.0013671875
348;-4.468889286188742;0.0;0.0;0.0;0.13890920027454473;0.002014497062191367;0.002815627062227577;2.517537796497345;0.0005571116111241281;0.0
349;4.3484125643951055;1.0;0.4932892787414842;0.89161834774217;0.04868329046553493;-0.00048490720801055434;0.12855029068887233;2.459206795692444;0.0007228355738334358;0.0013671875
350;-1.2664399084914273;0.0;0.0;0.0;0.03003020843166682;-0.003168268594890833;0.009131813328713179;2.465825319290161;0.000481224013492465;0.0001953125
351;3.7351647365422758;1.0;0.47736925112926615;0.7599003084720073;0.07202819642776977;-0.0004276870284229517;0.051553558371961114;2.462491583824158;0.0006138749769888819;0.000390625
352;2.899377459939146;1.0;0.5080314755539267;0.6854327856632728;0.0301596123104291;-0.005564367910847068;0.03532697013579309;2.448015904426575;0.000521105295047164;0.0005859375
353;-1.6695652302689343;0.0;0.0;0.0;0.060802278976013625;8.664308115839958e-05;0.031566642317920925;2.5304917097091675;0.0006093600066378712;0.00078125
354;4.393873868648547;1.0;0.7061221915102424;1.2471475788012512;0.0293302559614454;-0.0019258503802120686;0.03313564314739779;2.5445062041282656;0.0006583352573215961;0.001171875
355;0.9026500604376921;1.0;0.16279637940223526;0.2526769462859764;0.09832956954489577;-0.0013567603193223477;0.09258624948561192;2.5468312978744505;0.0005403913091868162;0.0
356;1.754212092473529;1.0;0.25333443655506505;0.3902067623311945;0.09305754536601775;-0.005171206034719944;0.05808818098157644;2.531709980964661;0.0003868845640681684;0.0
357;-2.198380078041115;1.0;0.2278844040604942;0.3406716268398031;0.03743806161531539;-0.008370670955628157;0.01100229388102889;2.4961372017860413;0.0013379389885812998;0.0060546875
358;4.037492291222913;1.0;0.5926103721100756;1.0595601652789637;0.08832720421003548;-0.0069423798006027935;0.02952128662727773;2.509256374835968;0.000531507795676589;0.0
359;1.6469091373668563;1.0;0.1608220414220332;0.26106209010572407;0.09186267936147674;-0.0064142393879592415;0.005079557467252016;2.575058472156525;0.0006216601352207363;0.0
360;4.342270904769722;1.0;0.5816532891897578;1.0348922948449992;0.06004546957390683;-0.006234894786030054;0.05809607543051243;2.586439788341522;0.0008599710301496089;0.00234375
361;3.3469165793443976;1.0;0.4045289990411557;0.6042005115935328;0.024379730300441604;-0.010098813101649284;0.0363108089659363;2.592927575111389;0.0005474054021760821;0.000390625
362;3.772251765295059;1.0;0.5531703272127193;0.8280457291453764;0.0590411263074639;0.003020556503906846;0.07476231958717108;2.5709743022918703;0.0004268453107215464;0.0
363;-1.3516472835981084;0.0;0.0;0.0;0.07987887338704605;-0.009881057823076845;0.03269773344509304;2.574198508262634;0.0004132583155296743;0.0
364;-10.762652302994088;0.0;0.0;0.0;0.0927686990926586;0.002644913550466299;0.06270993128418922;2.5319876074790955;0.0005689971381798387;0.0005859375
365;2.3335195133264675;1.0;0.261972688109082;0.39590753793406747;0.04853317689320901;-0.008930460177361965;0.035168745717965064;2.5259528160095215;0.0009942684904672206;0.0041015625
366;3.8560608642390117;1.0;0.5124421677723408;0.8120769366235953;0.11898591805276032;-0.0034847347997128963;0.0044851327664218845;2.5319730281829833;0.000638839672319591;0.0
367;3.346550641064243;1.0;0.4975113132706767;0.72777386210864;0.0976167467397059;0.00069522944977507;0.04937759111635387;2.500769758224487;0.0005669355159625411;0.0009765625
368;3.5178449091918633;1.0;0.5421405234304059;0.8091239098831491;0.07861753741077346;0.0033751692157238723;0.0049323478480800985;2.499744188785553;0.0007225304841995239;0.0009765625
369;-3.7183807393812884;1.0;0.27164565841036326;0.3834164377594665;0.05372727694150592;-0.005869398405775428;0.03330592927522957;2.568183493614197;0.0005575725575909018;0.0005859375
370;1.2081990399205873;1.0;0.13392247996987777;0.2065299769442276;0.10751518055952176;-0.0043831314658746125;0.0034488401608541606;2.535742688179016;0.000717264402192086;0.00078125
371;2.8588200576429483;1.0;0.13949658432644033;0.22133861341723013;0.06925621873939415;-0.006923053693026304;0.03579478932078928;2.5422447681427003;0.000591319368686527;0.0
372;2.2259976462491355;1.0;0.272454419674846;0.39183459301118956;0.04447345068028131;0.0020856722723692654;0.0036870624870061876;2.571798849105835;0.0005086925812065601;0.0
373;3.267197248690338;1.0;0.2915627509264463;0.39985225609194996;0.024208219597089704;-0.01091832723468542;0.0021873462421353905;2.6008904337882996;0.0005947933066636323;0.0
374;4.1328633371093275;1.0;0.4250216954182065;0.6919270302429885;0.11429183283542735;0.0012879283167421818;0.05618230595719069;2.6084632992744448;0.0007499912288039922;0.00078125
375;3.885804868988123;1.0;0.6185238587095984;0.9362754271243221;0.044872150349558285;-0.009257437591440976;0.037055399361997844;2.5917412757873537;0.0012006545555777847;0.0078125
376;3.9759172641283786;1.0;0.40405611860854196;0.6127286625487149;0.019159163862719833;-0.006352257449179888;0.002380293171154335;2.556719219684601;0.0008465505205094814;0.0
377;-1.5019490575216015;0.0;0.0;0.0;0.07661133379496718;-0.0005293793976306916;0.11798631399869919;2.514850342273712;0.0007149480399675668;0.00078125
378;3.321692096078634;1.0;0.3211683449355179;0.4461845609603607;0.05006642316027922;-0.012892138888128101;0.0027728216373361647;2.487767493724823;0.00048663346096873284;0.0
379;3.5471833427503374;1.0;0.3516389381328661;0.5041860086493113;0.06917848775756456;-0.005089221009984613;0.032783361803740266;2.54254287481308;0.0005048816557973624;0.0001953125
380;-1.427591079944288;0.0;0.0;0.0;0.08313268541080225;-0.007329232757911086;0.034737132210284474;2.495229756832123;0.0007311293040402234;0.005859375
381;3.709229871653876;1.0;0.4866835069191981;0.6698685576481166;0.059474403716353395;-0.005868592858314514;0.034631288470700385;2.5228197813034057;0.0007029674481600523;0.0009765625
382;3.4936433896264103;1.0;0.4755269378844585;0.6398960458863616;0.03521571596508571;-0.009982441156171262;0.033559914724901316;2.494591271877289;0.0008156949654221535;0.0029296875
383;-1.8498131949723984;1.0;0.2455072214672732;0.36080471902073363;0.06480230655165649;-0.006796053750440479;0.08806936256587505;2.5370282411575316;0.0007269747322425247;0.0015625
384;4.35597898441349;1.0;0.6254281560338107;1.1577492832968583;0.09451266156875636;-0.0014804044272750615;0.0049466477707028386;2.5442735314369203;0.0009596151765435934;0.0017578125
385;4.054725105152626;1.0;0.5685589898606338;0.8253716501795402;0.05468621302344631;-0.0020899093709886075;0.00881177894771099;2.5070355415344237;0.0011626112740486861;0.0037109375
386;3.025937396388351;1.0;0.5200528596717544;0.6480227079835943;0.011818838490145008;-0.005506919557228684;0.04280777517706156;2.513397526741028;0.0009852447430603207;0.005859375
387;2.2364598994367184;1.0;0.21455189839957012;0.32207420125063785;0.037009346984580395;-0.011240150197409093;0.0091506433673203;2.4931598901748657;0.0005587102263234556;0.0
388;3.747130139273719;1.0;0.5441873395392772;0.7616623762122238;0.0441148511923337;-0.007253452949225902;0.06589384954422713;2.5288602471351624;0.0009151543024927377;0.0025390625
389;-11.32911058071261;0.0;0.0;0.0;0.0302941590867307;-0.002212256845086813;0.005660439538769424;2.482276213169098;0.0006355058867484331;0.0009765625
390;4.053062226114017;1.0;0.6069539254993648;0.8891586850398527;0.006275164733834281;-0.00017593512311577796;0.03328503891825676;2.455299663543701;0.0011010631686076521;0.004296875
391;3.8330090576748956;1.0;0.5154310005449008;0.7192319172321983;0.029375788358420193;-0.0007400125497952104;0.03682363983243704;2.4522953391075135;0.000606877263635397;0.0001953125
392;4.040917764637288;1.0;0.38497273863241194;0.5554830548500114;0.0805440123095089;-0.011838923441246152;0.034636697918176654;2.5057053208351134;0.0004145844024606049;0.0009765625
393;4.077979032892585;1.0;0.4843789516937217;0.7722547764724351;0.07952907791674635;-0.0038792927749454974;0.06184114664793015;2.475435400009155;0.0005088583799079061;0.00078125
394;-0.09780592915016184;1.0;0.21044153973591725;0.32536002110419526;0.06699751840931426;-0.0049175496213138105;0.03294034325517714;2.485671818256378;0.0006630443036556244;0.002734375
395;-0.39899148222294256;1.0;0.296139205863408;0.4028475751711693;0.025523024290689107;-0.004849831061437726;0.031927726394496855;2.4231912016868593;0.0007187015609815717;0.000390625
396;4.00071474734334;1.0;0.5213299777691358;0.8704896870444313;0.07283980431410876;-0.00284964251331985;0.04044744931161404;2.4493569016456602;0.0007944399840198457;0.002734375
397;3.6568761879199;1.0;0.5350628761556718;0.8284981476493614;0.05674185070093612;-0.004639983200468123;0.005847472697496414;2.427257978916168;0.000701604678761214;0.00078125
398;4.007929757606609;1.0;0.47445499777467737;0.746459076807703;0.038155401849506984;-0.009477341058664024;0.008003968675620855;2.388844335079193;0.0016219696961343288;0.013671875
399;3.5507337655569104;1.0;0.44536447009136676;0.6408626847539513;0.016095691808355152;-0.0006875654216855764;0.005964753055013716;2.475070357322693;0.001336851774249226;0.011328125
400;3.8583780933686436;1.0;0.3907498059138546;0.685298462901724;0.04513636498124762;-0.00664582010358572;0.03260864417534322;2.5060666680335997;0.0009941339609213173;0.003515625
401;2.186821353340433;1.0;0.24033026812965036;0.3405207077575606;0.06762890232473649;-0.008906855620443821;0.07215233333408833;2.5305206775665283;0.0005320189404301346;0.000390625
402;-6.707503831045107;0.0;0.0;0.0;0.12024436878194608;-0.004553577629849315;0.03501364178955555;2.53524626493454;0.00044329173397272825;0.00078125
403;-4.199089307643155;0.0;0.0;0.0;0.08479775165372615;-0.009358326531946659;0.03315104879438877;2.51685791015625;0.00056097568012774;0.0009765625
404;-0.719069035957165;1.0;0.36259404114839844;0.5389166341523767;0.033803602514536624;-0.008976709470152855;0.08870447166264057;2.537553811073303;0.0011194626218639313;0.006640625
405;-2.0582773006112656;0.0;0.0;0.0;0.008623602148945097;-0.00362062007188797;0.059321708232164386;2.537641227245331;0.0007947820471599698;0.002734375
406;1.980113898538828;1.0;0.21564786493519342;0.3265679550464335;0.08986712425577233;0.0001349025871604681;0.022810939978808165;2.573675811290741;0.0009731613215990364;0.0037109375
407;-6.695399429264503;1.0;0.33985700111254896;0.5086792540658579;0.0759112891322825;-0.007942050416022538;0.007988019497133791;2.504741394519806;0.0006737581687048077;0.000390625
408;2.8153111847811902;1.0;0.17751807944809425;0.314189561004702;0.1075366943648135;0.003654487244784832;0.003260948765091598;2.514935326576233;0.0005515197408385575;0.0
409;3.1135267266201723;1.0;0.5313992119751261;0.7570764827077817;0.12032930754672184;-0.0004985385108739138;0.004465829231776297;2.496122217178345;0.0005109405959956348;0.000390625
410;3.7176364333649197;1.0;0.4875408105922291;0.8038299132061695;0.1794999215693571;-0.007481390936300158;0.0631726747378707;2.5249053597450257;0.0009111753664910793;0.0033203125
411;-13.810499802355647;0.0;0.0;0.0;0.0;-0.007926234626211226;0.003789958998095244;2.4641076803207396;0.0008818917325697839;0.001953125
412;-1.125513984439732;0.0;0.0;0.0;0.014523270269472578;-0.006220551952719688;0.0614458367228508;2.507501411437988;0.0012930517899803818;0.00703125
413;4.001694405489975;1.0;0.5055720408523777;0.760174732953473;0.0519022037233992;-0.0033848554361611606;0.029800719441846014;2.5365753889083864;0.0005109362304210663;0.0009765625
414;-4.216137446415192;0.0;0.0;0.0;0.07965508097192132;-0.005948045756667852;0.03614478707313538;2.578577446937561;0.0007485561305657029;0.001953125
415;3.962583713235729;1.0;0.35778951428306627;0.5863117750318936;0.06127425445339886;-0.014463791251182556;0.06180996233597398;2.5560393571853637;0.00073324617696926;0.001953125
416;2.3238915096458728;1.0;0.3202240360143616;0.50412622364644;0.015274103885234331;0.00021924236789345742;0.06054080855101347;2.545453441143036;0.0004883644403889775;0.0
417;3.4856332121065376;1.0;0.4733873228414543;0.6920159524166188;0.12290247816397831;-0.01161465342156589;0.01254059225320816;2.634194278717041;0.0008741113590076566;0.001953125
418;2.8999980671424037;1.0;0.4223646673760169;0.614225825738745;0.08494746438575283;-0.01504896788392216;0.06278308760374784;2.575266981124878;0.0005808389279991389;0.0009765625
419;-2.941670345376716;0.0;0.0;0.0;0.09777834782942457;-0.00517083159647882;0.03533943183720112;2.5242830872535706;0.0006094040581956506;0.0009765625
420;2.0223202773113695;1.0;0.5273533880709397;0.7536126481806611;0.01118043978916895;-0.0032586151966825126;0.03143671047873795;2.493748223781586;0.0005933133885264397;0.0
421;-5.084323091816288;0.0;0.0;0.0;0.17383648565279863;-0.0045755281113088134;0.032908319309353826;2.484527015686035;0.00048035212093964217;0.0
422;1.1328176603197062;1.0;0.15789537818763166;0.25091555074914845;0.17047061742790043;-0.003259463747963309;0.0033282723859883847;2.527640473842621;0.00039483984000980853;0.0
423;2.7850547500870584;1.0;0.3703615731035945;0.5655651700236375;0.16195003635159191;-0.01923069329932332;0.06246390603482723;2.5814007043838503;0.0009857085533440113;0.005078125
424;-0.4266213893373947;1.0;0.12956590682414268;0.20567357274076328;0.043216175672569274;0.0012132138945162296;0.004348689015023411;2.5504619479179382;0.0008080296916887164;0.0001953125
425;3.337475080972796;1.0;0.2770109421579077;0.451615062361249;0.04525274277596115;-0.008756013214588165;0.06280740778893232;2.5376415133476256;0.0006895788945257663;0.000390625
426;3.167861410894411;1.0;0.40844443428914756;0.5940991106176654;0.11550316321557375;-0.005883012060075998;0.022280234284698962;2.5605803608894346;0.0007694929372519255;0.0015625
427;3.680865579040635;1.0;0.6520341264160544;0.94285890410218;0.08854201694814169;0.0003710494376718998;0.0043710415251553055;2.571722078323364;0.0008617628598585724;0.0001953125
428;-1.491215837816234;0.0;0.0;0.0;0.1066055652102494;-0.006299948948435485;0.004330415395088494;2.5840695023536684;0.0005691311438567936;0.0
429;-4.340165912270826;1.0;0.26100933711017477;0.40000381070967156;0.14797730540800963;0.001010857755318284;0.06610273378901184;2.6241201758384705;0.0003575073555111885;0.0
430;-14.453076552286033;0.0;0.0;0.0;0.09327325544915424;0.0006882252404466271;0.02339475117623806;2.6291685700416565;0.000510804494842887;0.0
431;3.8035538845076653;1.0;0.4326440225143397;0.6996710218789369;0.10224918700044226;0.000209803506731987;0.0499058835208416;2.587498641014099;0.0006492552114650607;0.00234375
432;3.998560803478485;1.0;0.5260430745547562;0.8822419439234088;0.07079982424126782;-0.0069778137374669315;0.02468223087489605;2.56221204996109;0.0004897760925814509;0.00078125
433;3.615393158994101;1.0;0.5629971436576751;0.8159310429696383;0.07732600938447173;-0.00614315764978528;0.042014508973807096;2.5582199454307557;0.0007012508925981819;0.001171875
434;-5.430310641282134;1.0;0.2017536503060981;0.31597396549438966;0.11571496388251237;-0.006672860588878393;0.10936022885143756;2.6266481280326843;0.0003718175343237817;0.0
435;3.6905305555447376;1.0;0.4344947905784156;0.6437549041309629;0.12021268913917016;-0.007371393032371998;0.045358648616820575;2.6220712065696716;0.0007276687421835959;0.0013671875
436;3.8874511390894746;1.0;0.3638675279343891;0.5717225364729984;0.09646184246794695;-0.005997270974330604;0.006279882811941207;2.528448724746704;0.0013623945764265955;0.003515625
437;-1.355570942727327;1.0;0.424815006666762;0.5785263856481773;0.07408124169854008;-0.004007888678461313;0.03505712947808206;2.5356493473052977;0.0005805610097013413;0.0
438;2.0411882095275065;1.0;0.20365378043721502;0.30512460193091434;0.0517428733544481;-0.010435211285948754;0.004002906323876232;2.564990293979645;0.0007643545046448708;0.0013671875
439;-3.6376186043219083;1.0;0.1881914005477599;0.2886454616514466;0.14416744923002883;-0.0017792275175452232;0.034403947880491614;2.5605436325073243;0.0004045247798785567;0.0
440;3.8688689488343586;1.0;0.4562546294514741;0.6984156349328617;0.044970328310082366;-0.010930709913372994;0.010933832032606006;2.5527281641960142;0.0005236850469373166;0.0
441;3.8358937927787733;1.0;0.39372492710546764;0.5908223329969134;0.06323520329596471;-0.004464409546926618;0.039246567105874416;2.54616436958313;0.0003044565673917532;0.0
442;3.204555230194208;1.0;0.256980164142666;0.4024030390190356;0.05398540266231299;-0.00856441967189312;0.007809750246815383;2.576339030265808;0.0008427674067206681;0.0005859375
443;-2.2135744686729177;1.0;0.3168323367252236;0.4238244384226982;0.03889642297476629;-0.006356221158057451;0.004579021502286196;2.6499583601951597;0.0010061849025078118;0.0017578125
444;1.594270542006294;1.0;0.13284028298202633;0.21325862557376882;0.051885777748761526;-0.004652199614793062;0.005041423032525927;2.6682400703430176;0.0008262804592959582;0.000390625
445;3.988823442831687;1.0;0.467659132868635;0.7793831070705289;0.02947166180307267;-0.003950506809633225;0.06756406985223293;2.7040624260902404;0.0006433842587284744;0.0015625
446;-3.524998217943013;1.0;0.2308711608257365;0.33193784821542366;0.0836858193641605;-0.006650561932474375;0.005634262494277209;2.7056983709335327;0.00036914808442816137;0.0
447;3.7809602865269083;1.0;0.5475643231140535;0.8323846929663447;0.0378992236104771;-0.0053004885092377664;0.0026959818438626825;2.6993846774101256;0.0004903283203020692;0.0001953125
448;-2.1014245790234036;1.0;0.2198438404214554;0.3254992957322357;0.0849407470935376;-0.004946798481978476;0.006415812531486154;2.671816515922546;0.0006477053626440466;0.0015625
449;0.15823855378007146;1.0;0.16811618013204865;0.27412478666630496;0.09133544336931249;-0.004478376917541027;0.03178220153786242;2.6899837017059327;0.0005993803031742572;0.0
450;-9.952705206355235;0.0;0.0;0.0;0.13173116334617127;-0.004251240286976099;0.005862896773032844;2.675252819061279;0.0010786530328914523;0.0041015625
451;3.199936307299003;1.0;0.28322084189738955;0.4341006667536337;0.0533238214265041;-0.002241830271668732;0.0033057557418942453;2.674507260322571;0.0006318425759673119;0.0013671875
452;1.4924098494989069;1.0;0.17193901428937375;0.25548674137783667;0.031839913705405766;0.0031895309686660765;0.10591489970684051;2.678531491756439;0.0008182346704415977;0.002734375
453;3.8795733721842094;1.0;0.46641697020989015;0.7271674721107325;0.0892548977800218;-0.008881329325959086;0.0030772564350627363;2.6449068188667297;0.0008358596474863589;0.0029296875
454;3.8350277479894905;1.0;0.3875649042075821;0.6231860791253803;0.138479444016309;-0.010637759370729328;0.07210285123437643;2.6766913175582885;0.00045764363603666424;0.0
455;3.4581863160427955;1.0;0.24757796085713607;0.3672708220994517;0.04199688249501818;0.0026853747665882112;0.02448671472957358;2.6306331872940065;0.0006073289318010211;0.00078125
456;4.08488460511518;1.0;0.538022940391395;0.9426360381780432;0.12115007240872884;-0.004295487247873098;0.0026323557482101022;2.585401546955109;0.0012200862751342357;0.010546875
457;3.9832938988348543;1.0;0.42057190408234435;0.6362256742916527;0.14588967669323083;-0.008765833894722163;0.034700938407331704;2.6310571432113647;0.0006443069200031459;0.0009765625
458;3.9883182548312592;1.0;0.449707802324766;0.7210333077140154;0.12725959832866537;-0.007116072159260511;0.03413044560002163;2.6022920966148377;0.0013571099261753261;0.0103515625
459;3.740544241009518;1.0;0.4654631834136924;0.7180915301644564;0.10214133415870419;-0.007567321881651878;0.03222320675849914;2.6579615235328675;0.0010993649018928408;0.0044921875
460;3.443419377236504;1.0;0.5038509420424181;0.7363091284606809;0.16876080266254698;-0.00174221433699131;0.030375876906327905;2.66666955947876;0.0006621868815273046;0.001171875
461;-1.6696500492630721;0.0;0.0;0.0;0.07540460412141915;-0.003557097725570202;0.002944409684278071;2.645741808414459;0.0006728135631419718;0.0
462;1.4740058905400066;1.0;0.172765639314398;0.2470878868616686;0.02927920273559922;0.0013149033300578594;0.0040486516198143365;2.6499000787734985;0.0005785770248621702;0.0005859375
463;-1.4864459004709332;1.0;0.2080507673580958;0.30164991922558543;0.11929536356264155;-0.009817368537187576;0.06362977353855967;2.6645071029663088;0.0010618786443956196;0.004296875
464;3.5078378763174456;1.0;0.3377481915047789;0.5086738844727261;0.124823311339675;-0.008247400727123022;0.01489677675999701;2.623569893836975;0.000548276153858751;0.0
465;-4.709064823972411;1.0;0.18238109494641372;0.2565827169936398;0.11122650940906795;-0.004887487785890698;0.03945072772912681;2.650421476364136;0.000378272938542068;0.0
466;-4.017499708185604;0.0;0.0;0.0;0.30693464419091415;-0.002542622806504369;0.009081237763166428;2.6259143710136414;0.0007571118650957942;0.001953125
467;-7.998046718299561;1.0;0.2011898499828746;0.2995164781689685;0.16501026112549275;-0.003890118096023798;0.006586492108181119;2.654944384098053;0.0006950661656446755;0.0001953125
468;-2.37717473638303;0.0;0.0;0.0;0.08287847747864348;-0.009291748981922865;0.04781362656503916;2.6717543482780455;0.0013875600299797953;0.0119140625
469;-1.9814224951626098;1.0;0.24507827681767597;0.35876509859555716;0.06900664585119298;-0.0016286677913740278;0.08509729206562042;2.6092301845550536;0.0003314145375043154;0.0
470;2.5441512068283516;1.0;0.1947127535628921;0.3197824287291003;0.15824985099419595;-0.013236224884167314;0.01609151097945869;2.604562723636627;0.0008536204928532243;0.00546875
471;-16.774196862024144;1.0;0.18197366785591312;0.2585912159302236;0.22139389318504918;-0.01026209224946797;0.04603872795123607;2.5971885204315184;0.0007070730556733906;0.001953125
472;2.584770278941652;1.0;0.22805797309825343;0.346808223443424;0.061904814736813175;-0.0010652715340256692;0.004096846713218838;2.6186736106872557;0.001282379520125687;0.0083984375
473;-2.8334967841805936;0.0;0.0;0.0;0.05866095244117737;-0.0012767448090016842;0.0029455345589667558;2.6388947010040282;0.0007195370504632592;0.0005859375
474;-17.765754794604153;0.0;0.0;0.0;0.018242807659105634;-0.00821952079422772;0.06618919353932143;2.6018818974494935;0.0006389022106304765;0.001171875
475;2.1236692832895114;1.0;0.3828233694668093;0.5786001896339349;0.056387734677110266;-0.006808830611407757;0.03274076492525637;2.6312944293022156;0.0009349389700219035;0.0052734375
476;-4.444726545841487;1.0;0.32304452580230986;0.4049961190844747;0.12419078961083838;-0.00956914657726884;0.03557556169107556;2.634630525112152;0.0005860793753527105;0.001953125
477;-0.49697477276354096;1.0;0.24209265610536884;0.31990967847222507;0.2076375331027509;-0.006809578742831945;0.035434186039492485;2.6279769420623778;0.0005809374153614045;0.000390625
478;3.9006176833598474;1.0;0.4572681314495595;0.758588700395734;0.1390528406181115;-0.00279619968496263;0.033107620058581234;2.6495436429977417;0.000766729551833123;0.00078125
479;2.368516433442253;1.0;0.25275860980231735;0.3988520089184738;0.13867093921732035;0.0007105646654963493;0.08611857714131474;2.6206255555152893;0.0003863080288283527;0.0
480;3.429507187289119;1.0;0.3354399112381252;0.48291634659078153;0.055488900666370286;-0.0038830507779493927;0.004740031820256263;2.639793813228607;0.0010447211097925901;0.0029296875
481;1.5852921332691619;1.0;0.4217814759014594;0.5542262537271069;0.04935223991320146;-0.006172856222838164;0.0030550228198990225;2.621639585494995;0.001720165612641722;0.008984375
482;-2.307776607279923;1.0;0.17864116332256377;0.2682361328925405;0.06308806816337766;7.658677641302347e-05;0.036823185486719014;2.5861657857894897;0.0011081408360041679;0.005859375
483;2.0890813516891793;1.0;0.20957159028472785;0.3241091477325229;0.08210936547832356;-0.00493355649523437;0.062989342212677;2.6262017369270323;0.0006016228231601417;0.000390625
484;3.3346388029102303;1.0;0.529459473178207;0.7462770335853627;0.08052820298733115;-0.002615733607672155;0.04163241209462285;2.628920078277588;0.0007550583453848958;0.0015625
485;2.8141313880420324;1.0;0.27482279189854747;0.4089006458667803;0.11801522186594529;-0.008123410400003195;0.03697023140266538;2.5977352142333983;0.00046991686103865505;0.0005859375
486;-3.3407082132169283;0.0;0.0;0.0;0.11337451649673606;-0.002060939837247133;0.006751027191057801;2.5459500908851624;0.0003716689650900662;0.0
487;1.5662134895437323;1.0;0.3821443220611728;0.5967744172836664;0.12532889442310036;-1.9985041581094266e-05;0.0384801025968045;2.550816071033478;0.0005631839041598142;0.0
488;4.0761274002648555;1.0;0.563797120419681;0.9865286576108748;0.09660247823411916;0.001153920916840434;0.00951860377099365;2.5224509835243225;0.0005806126748211682;0.0
489;3.2987046237911253;1.0;0.4953216473806043;0.7574906680993816;0.15744059894602846;-0.008949309505987912;0.03291875934228301;2.5582032918930055;0.0012161954073235393;0.0095703125
490;3.5511553290878486;1.0;0.4421238074504699;0.6453029686187496;0.1689991052827187;-0.005146878398954868;0.03551373174414039;2.507701742649078;0.0008936959668062628;0.0015625
491;3.4119286479955653;1.0;0.24169051841854844;0.3699040731609984;0.12348213449732619;-0.004830182529985905;0.005790884676389396;2.498934471607208;0.0005858390126377344;0.0
492;-0.4966731642537474;1.0;0.26684664920581685;0.37988845518369035;0.11059231818999835;0.0009407463483512401;0.005016637127846479;2.563340735435486;0.0005915358662605286;0.000390625
493;-3.3766672922701146;0.0;0.0;0.0;0.03232067269965569;-0.005854422319680452;0.013997289072722196;2.52236465215683;0.0004445612197741866;0.0
494;1.6685881950789774;1.0;0.4474495785589612;0.6732838352176352;0.2293301922070504;-0.00459277534391731;0.009968408988788724;2.534495449066162;0.0005293172434903681;0.0
495;0.9262403506477952;1.0;0.15510941700054903;0.23935166941373182;0.015637599463982736;-3.5785697400569914e-05;0.00936393712181598;2.5655202746391295;0.0007635982357896865;0.0
496;1.5263512790393496;1.0;0.12628083035290122;0.20244226314431962;0.18269578494330432;-0.0017351233371300622;0.04346228381618857;2.552765655517578;0.0009112965082749725;0.0046875
497;-3.858023213963805;1.0;0.15495808472504122;0.2314195254773282;0.14076571869391954;-0.0036308731883764266;0.00584395881742239;2.5644421339035035;0.0009400384384207428;0.0005859375
498;2.6620072681978724;1.0;0.13642509351300702;0.21490747344857636;0.06208488649943068;0.0040990618057549;0.04568636380136013;2.548199725151062;0.0006463046767748893;0.0
499;3.7305550740411673;1.0;0.4475266807891587;0.6826475035811386;0.11392284837926957;-0.009270811453461647;0.04081206123810262;2.553564953804016;0.00041184088913723824;0.0
500;-3.539592483293645;1.0;0.14757551772352362;0.2282269771200814;0.029071098992585486;-0.0024108935380354525;0.07079186774790287;2.5259703636169433;0.0007727666408754886;0.004296875
501;-2.9025027964194705;0.0;0.0;0.0;0.09033419045554017;-0.008605615328997373;0.008956226124428212;2.5441434144973756;0.00045826988061890004;0.0001953125
502;4.027101959182195;1.0;0.37989722384394203;0.6033864515776477;0.07380624515978015;-0.00997540494427085;0.047435142938047646;2.515130567550659;0.0007839091471396386;0.0068359375
503;3.7357662311615942;1.0;0.4301884873604015;0.6880331383385687;0.09604296236919296;-0.0054427966941148044;0.04282020544633269;2.4772040128707884;0.0009909428539685906;0.003515625
504;3.6719051930012254;1.0;0.489844407437521;0.7496215068385572;0.03721993291356932;0.003670486342161894;0.03304963076952845;2.5405688643455506;0.00042911028722301123;0.0
505;2.374020872081751;1.0;0.29411968854148535;0.4294687668734936;0.21822326307208106;-0.006171468924731016;0.036705623799934986;2.530879628658295;0.0008336215047165752;0.0029296875
506;3.490884122079667;1.0;0.571770554630327;0.843097847997409;0.10914985219139026;-0.011461613280698658;0.003091777954250574;2.563299524784088;0.000428531551733613;0.0
507;0.3031516335754594;1.0;0.17177813475237755;0.26906348467524144;0.10925639919716823;0.0028354537207633257;0.03596154823899269;2.561164975166321;0.0007659177179448306;0.000390625
508;2.362133146707989;1.0;0.28250884046812175;0.4717888205033649;0.24233037270336014;0.002072973153553903;0.0476047120988369;2.549913024902344;0.0008405869477428496;0.003125
509;3.887498613084153;1.0;0.3461914299137591;0.5237748113669534;0.025953553871621515;-0.0039536762982606884;0.007306149601936341;2.5641251683235167;0.00041756777791306375;0.0
510;-4.784850653898323;1.0;0.39046020272430576;0.537824346106575;0.11649768450458343;-0.009009857079945505;0.009632649668492376;2.596352732181549;0.00047095586778596045;0.0
511;3.094289772863434;1.0;0.32178667110946113;0.4998538495276295;0.1970435052692129;0.00489786034449935;0.03200397192267701;2.5844979643821717;0.0006158710923045874;0.00078125
512;4.336894972270182;1.0;0.5702508915179271;0.9500062476168625;0.05067156433651028;-0.007878407766111196;0.03721663160249591;2.5583900213241577;0.0008667945512570441;0.0
513;4.050026236556574;1.0;0.5431395611915572;0.7935280111455671;0.05411711146011501;-0.0024478072533383965;0.018447879294399172;2.5846985459327696;0.0009376082569360733;0.0015625
514;2.2258201980238965;1.0;0.12614048463885386;0.20338663071928265;0.17903688653781735;-0.008829280082136393;0.06684775007888674;2.5662506461143493;0.000469306274317205;0.000390625
515;3.7919190803295684;1.0;0.4683007200808549;0.7055164835130239;0.03303656966557364;-0.00871246620081365;0.005684940726496279;2.5760199546813967;0.001111229823436588;0.003515625
516;2.583726799920045;1.0;0.18460785095258653;0.2746581284047896;0.11677686906111098;-0.006329189823009074;0.037262543104588985;2.536113941669464;0.0011041987687349319;0.0068359375
517;2.9393945685278395;1.0;0.49047938409276115;0.7326232299324341;0.13684413432280823;-0.004557640478014946;0.03454389001708478;2.4856815695762635;0.0003814956056885421;0.000390625
518;3.391754411801532;1.0;0.4363238331838112;0.668828014302004;0.08123230358293294;-0.014989991532638669;0.0043902731384150686;2.5371621012687684;0.001172638521529734;0.0041015625
519;1.8334987617558085;1.0;0.23483276779536322;0.34797974124492015;0.0762058379349922;-0.00113394760992378;0.002824199432507157;2.541596293449402;0.0010609472286887468;0.0044921875
520;2.536892695455439;1.0;0.15217941945487426;0.23360774888425637;0.15366583194419864;0.0004690885543823242;0.03168231181334704;2.5437171697616576;0.0004567449796013534;0.00078125
521;-0.6599153303869119;1.0;0.36234852685077823;0.5106856827045825;0.06708813870113599;-0.011653877701610327;0.036167487222701314;2.586902928352356;0.0007246191613376141;0.004296875
522;4.1813182634353225;1.0;0.46022506515050066;0.7574959825064237;0.0;-0.009711369080469013;0.03756456736009568;2.593293917179108;0.000836927630007267;0.0017578125
523;3.4671310673650084;1.0;0.1899950958053642;0.30103514469678244;0.02290401400171386;0.0029517128597944973;0.03351942531298846;2.5714401960372926;0.00023438676726073027;0.0
524;3.51952544547657;1.0;0.4784216508647009;0.677918152431422;0.12704205839921417;-0.004317373409867287;0.0030721981194801627;2.5277897119522095;0.0005059379269368947;0.0
525;-8.668763675506309;0.0;0.0;0.0;0.08399269171862474;-0.009291310235857964;0.0348030551802367;2.5604729056358337;0.0007732180994935334;0.0001953125
526;3.3719919658809987;1.0;0.23413151288072506;0.3601615005104392;0.06667418437757552;0.0002886210335418582;0.09190877210348844;2.532989227771759;0.0005216049263253808;0.000390625
527;3.5484262993633795;1.0;0.19158639160064192;0.32525445981354767;0.027566268265480413;-0.0050458306912332775;0.035475328797474504;2.4921301007270813;0.0007629298605024814;0.00234375
528;2.406930829724663;1.0;0.4321312527754922;0.5383174202805283;0.047395541189467205;-0.0012868409510701894;0.058150873705744746;2.539146029949188;0.0003973883925937116;0.000390625
529;3.857062674483092;1.0;0.36183071415560886;0.5455660512773326;0.01218913420198991;-0.0021886085625737904;0.004222777008544653;2.562972891330719;0.0006440723314881325;0.00078125
530;-4.254245172192179;0.0;0.0;0.0;0.08200024008929319;-0.00411607171408832;0.002871440269518644;2.5769378185272216;0.0010001580114476383;0.00234375
531;2.9849591464764718;1.0;0.5631353369982938;0.7112445778422725;0.049887509053971116;-0.0025474234484136105;0.03205803614109755;2.5251779913902284;0.0004755992908030748;0.000390625
532;-8.916080205107932;0.0;0.0;0.0;0.02665517330473313;-0.00365872154943645;0.05636777116451412;2.5137016415596007;0.0006327551323920489;0.001953125
533;-2.236743364747109;1.0;0.13801463436911973;0.20177612935101927;0.06068303899105126;-0.005690129660069943;0.05519745331257582;2.4504071831703187;0.0005413880222477019;0.0
534;-3.353898723263518;0.0;0.0;0.0;0.03548429873327225;-0.005057026911526918;0.004073912557214498;2.4611732602119445;0.0009704050957225263;0.0029296875
535;-1.0414699241845133;0.0;0.0;0.0;0.016534939448493085;-0.010819151578471065;0.04231890263035894;2.474397099018097;0.0006316406303085387;0.0
536;2.6933716635598244;1.0;0.5215651681501212;0.7617965950091456;0.024500921554831526;-0.005425388505682349;0.021574331820011138;2.499019455909729;0.0009765399969182909;0.00390625
537;3.646860267796916;1.0;0.4294366181166641;0.6353622132959609;0.05098051169008196;-0.0009504613932222128;0.057584408670663834;2.5105322003364563;0.0006749610533006489;0.003125
538;-4.624440121936679;0.0;0.0;0.0;0.11025940104618483;-0.01600006688386202;0.01035731784068048;2.4649454951286316;0.000823738519102335;0.0046875
539;1.837617696264995;1.0;0.16423824221192054;0.26166486408504325;0.06662985333519353;-0.002232165914028883;0.03158798781223595;2.4843964338302613;0.0003709703800268471;0.0
540;4.237621370479275;1.0;0.5331467485721851;0.908079893416525;0.027719018640699356;-0.0015696187037974596;0.05666977586224675;2.5461565136909483;0.0006200395175255835;0.0
541;3.812180844129596;1.0;0.5118761444099101;0.8110823923750259;0.13744597165641897;-0.010065889684483409;0.041430589463561776;2.4814892053604125;0.0006179054384119808;0.00078125
542;3.0726255026152542;1.0;0.4224399905539418;0.5852146693822238;0.12730900321885724;-0.009866285021416843;0.0592500664293766;2.509768068790436;0.001706710795406252;0.014453125
543;-2.4548560125216987;0.0;0.0;0.0;0.10306711009510902;-0.00671020180452615;0.009056215081363917;2.569312906265259;0.0005894518690183759;0.0001953125
544;3.346195756858749;1.0;0.5076531495816667;0.702319313457176;0.11339742990151241;-0.002872293209657073;0.02193586677312851;2.584760344028473;0.0007804725784808398;0.0015625
545;-2.291945389916427;0.0;0.0;0.0;0.026149739618005773;-0.0014811234083026647;0.03422603998333216;2.5182631731033327;0.0006217648740857839;0.000390625
546;1.1115437983506955;1.0;0.2585581371025126;0.39557422711892126;0.10973294455478988;-0.009647328173741698;0.08437087014317513;2.52805438041687;0.001144528086297214;0.003515625
547;4.070500396612014;1.0;0.4612227622801237;0.7381095406959111;0.1206562680956914;-0.002580194966867566;0.058635191060602665;2.5773292422294616;0.0009049684624187649;0.002734375
548;3.0736448894512742;1.0;0.3484235655810337;0.5347819826213052;0.05482333056007152;-0.00613568308763206;0.03290926925837993;2.54434677362442;0.0005532962502911686;0.000390625
549;-1.1568280132544975;0.0;0.0;0.0;0.07384459344350663;-0.009313822234980762;0.010485869040712715;2.455939495563507;0.0008276144624687731;0.002734375
550;4.05676941959983;1.0;0.38336797606674183;0.5652272558328807;0.1020170768335487;-0.011317656375467777;0.009599467134103179;2.477222716808319;0.0007421269896440208;0.001171875
551;-1.9846027776886266;0.0;0.0;0.0;0.03174322804816744;-0.009015637543052435;0.03606356885284186;2.51355220079422;0.0006812515202909708;0.002734375
552;3.668887305954323;1.0;0.33250688115448085;0.5455167323006843;0.11608928083289133;-0.004610323696397245;0.005900981370359659;2.5177940130233765;0.0009762856643646955;0.003515625
553;4.21539548211921;1.0;0.514825917095119;0.9045874118153819;0.0417903545079844;-0.005381347145885229;0.0025768646853975953;2.5430279970169067;0.0008611250203102827;0.0009765625
554;4.404240246116023;1.0;0.6115883586586609;1.016254943193916;0.051798534590443715;-0.006118170742411166;0.0032987681101076306;2.5154433369636537;0.0011342829442583025;0.0048828125
555;3.9634475682051633;1.0;0.5255222437443953;0.7652979165397441;0.05265893623795578;-0.003669278137385845;0.003171780740376562;2.582599067687988;0.0008379240403883159;0.000390625
556;3.4557521224845935;1.0;0.40247864206664524;0.6154356000118976;0.015582680787648512;0.0007699199020862579;0.032567351451143624;2.581317865848541;0.00032954021589830517;0.0
557;4.133882599041305;1.0;0.5882943531251051;0.9922392957846892;0.0448207347688621;0.0004840105306357145;0.02730848388746381;2.602346968650818;0.000403749430552125;0.0
558;2.621101843867334;1.0;0.2806652933660139;0.40063243923575154;0.06160013056228673;-0.0034395908005535603;0.033198859868571164;2.582821810245514;0.0007830229820683599;0.0033203125
559;3.611171176086367;1.0;0.45314529118664704;0.6521197078043232;0.09123162325585565;-0.001723889820277691;0.0046640867600217465;2.570889151096344;0.0004449365776963532;0.0
560;3.6103652222949316;1.0;0.3436272448728217;0.5088028698494962;0.032122562969805125;-0.010956607293337584;0.03406349341385066;2.507540595531464;0.0006100634927861392;0.00078125
561;3.3950400165919827;1.0;0.4594222637899203;0.7684275855586492;0.04362702622128292;-0.003098702919669449;0.0042344632209278645;2.5237659931182863;0.0007734516868367792;0.0
562;1.504718110043711;1.0;0.5590900660286751;0.9537333855389214;0.027159425204225263;-0.0032126172678545117;0.003670361521653831;2.5111478090286257;0.0008571452461183071;0.0017578125
563;0.3509198565706182;1.0;0.14392151990870192;0.2225078436326101;0.18226938301089537;-0.006684742937795818;0.04338260260410607;2.5259583592414856;0.0006513949483633041;0.000390625
564;2.943328902724812;1.0;0.24395203358191614;0.38276256457929464;0.08687197203726986;-0.011867432366125285;0.0033286371733993294;2.5157971501350405;0.0008032277226448059;0.0021484375
565;-3.6646529102969523;0.0;0.0;0.0;0.06825392852077333;-0.0044372433796525;0.0037244462408125402;2.561127722263336;0.0010930347489193082;0.0025390625
566;3.942234924943469;1.0;0.4733233305852441;0.8293118453269016;0.1458632225370638;-0.0035912272054702044;0.029870513756759465;2.487964594364166;0.0007040507858619094;0.0
567;2.714961094817841;1.0;0.2230344007429321;0.34779784389362434;0.027709399485256428;-0.0012882235925644637;0.03382739163935185;2.5187777161598204;0.00047483280068263414;0.0
568;3.7768349837040303;1.0;0.45668548800204917;0.7411718316533996;0.07300095791703941;-0.007197384070605039;0.062276283465325835;2.552756404876709;0.000573231652379036;0.001171875
569;3.2361522734583468;1.0;0.2965185145289347;0.48062252626403695;0.10519270952651462;-0.0038421543315052984;0.02475469312630594;2.571629762649536;0.0007892915164120495;0.000390625
570;-3.612996544903205;1.0;0.32379079005393185;0.47495860618755437;0.14345186602772744;-0.002758868969976902;0.0064490384887903925;2.534354555606842;0.0008274127612821758;0.0
571;4.069250504801364;1.0;0.5820328222890817;1.043991551235145;0.0605999939137094;0.0003543705213814974;0.029748373106122016;2.4914540529251097;0.0005794206284917891;0.00078125
572;2.7555506563591843;1.0;0.25224669794631216;0.38794364791473607;0.10573198601139247;-0.007226065313443541;0.0864415617659688;2.521884393692017;0.0005178355029784143;0.0
573;4.14563698705492;1.0;0.540177673060232;0.9089044921744458;0.08525140013851355;-0.0051899893209338185;0.030168180307373404;2.522037589550018;0.0008257742505520582;0.0021484375
574;3.8441397763517355;1.0;0.4521829950482171;0.756118810241524;0.17476941922563774;0.003126790397800505;0.05423469003289938;2.5003541350364684;0.0004689234308898449;0.0
575;2.4222019997601922;1.0;0.5544430046989863;0.746717629306189;0.03474952986206702;0.005586952180601656;0.02761089710984379;2.4580783367156984;0.00038928050780668856;0.0
576;3.426083798579592;1.0;0.4299305937859237;0.6662490526795878;0.15218561687496587;-0.0011936990078538657;0.0050550556741654875;2.4780824899673464;0.0006112336646765471;0.0
577;1.9428919348073237;1.0;0.3025335580405818;0.4647489563987776;0.1578221209964744;-0.004352480033412575;0.05097468961030245;2.5148240327835083;0.0009222447406500578;0.001171875
578;3.130808109479304;1.0;0.23983538294425508;0.3790957749821048;0.07198478362896969;-0.006265499209985137;0.029573155823163687;2.50153591632843;0.0004248958663083613;0.0005859375
579;3.738164971881673;1.0;0.23917570334102847;0.4007429593015755;0.02911708715846398;-0.005478436965495348;0.0540307505056262;2.4789900541305543;0.001340985600836575;0.0095703125
580;1.29781135808785;1.0;0.20282584520475774;0.3147095969787988;0.16029605335187797;0.0009442716371268034;0.031213949155062436;2.491159462928772;0.00036885590525344015;0.0001953125
581;3.919448914236551;1.0;0.36785355402022574;0.5895820149259541;0.09068184664010728;-0.005734835378825664;0.025064821308478712;2.4663601160049438;0.0005414399667643011;0.001171875
582;4.126025907174734;1.0;0.574111042727753;0.9433637241100159;0.06871903836577399;-0.004377085994929075;0.028679470438510178;2.490319859981537;0.0007453507860191166;0.001171875
583;3.6719067582038343;1.0;0.34679398033625125;0.5537733725464755;0.06357334401719396;-0.005861541884951293;0.028784110175911336;2.534467101097107;0.00042648990638554095;0.0
584;3.110116216117314;1.0;0.21267075659215887;0.3250351358191792;0.07739041834913643;-0.004275168559979647;0.028566970070824028;2.534252035617828;0.0006288394681178034;0.000390625
585;1.6197025135608507;1.0;0.1814647447428492;0.28475493626346526;0.058800552161077935;-0.0028207422234117984;0.06303311828523875;2.4665985345840453;0.00030623613856732844;0.0
586;3.6473241543736634;1.0;0.47670855418845914;0.7352903386697379;0.10780159223255255;-0.00301252081990242;0.006927729467861354;2.5275695443153383;0.0006567731965333223;0.0001953125
587;1.6808921080446213;1.0;0.18873777067161485;0.2977122115297207;0.08669710108671574;-0.007643975876271724;0.05479110684245825;2.545661211013794;0.0005281013902276755;0.0009765625
588;3.710173178666704;1.0;0.5744786762785129;0.9285048598768787;0.10589798786810496;0.0017440185416489839;0.04942541616037488;2.549942064285278;0.0007467198418453335;0.001953125
589;0.11319832304689914;1.0;0.19821588746448074;0.31606777860494917;0.05717867612616102;-0.0011250846553593874;0.04575163340196013;2.509866404533386;0.0010491192806512117;0.0076171875
590;3.521366907843859;1.0;0.29792314840587886;0.46427299352838985;0.06116743738418284;-0.007176750153303146;0.0481970876455307;2.498931312561035;0.0007067388854920864;0.0009765625
591;-1.7663440410135829;1.0;0.33102423865372055;0.4882450929234561;0.09477348840930372;-0.003823568462394178;0.06855252441018819;2.515351152420044;0.0006930627976544201;0.00234375
592;1.7208575611534074;1.0;0.1892583454706459;0.2902872033604555;0.1407679895541997;-0.0007236541714519262;0.02389409956522286;2.471423852443695;0.0007046738639473916;0.001953125
593;3.3842467029625176;1.0;0.15824580945998115;0.2432293425312675;0.05582645586073283;-0.01109922518953681;0.026643660850822926;2.489679765701294;0.000867162155918777;0.0021484375
594;1.1233163269111468;1.0;0.14846464753707495;0.2425661579826042;0.11028088069486974;0.003114901715889573;0.023764803051017226;2.4413896203041077;0.0005157017381861806;0.0
595;3.3055884848816146;1.0;0.25841874493998984;0.447630931682104;0.05863254350693488;-0.005646125227212906;0.009139072732068598;2.4323327422142027;0.000697408092673868;0.0
596;2.511449037525805;1.0;0.4178749085351155;0.578973595503427;0.09676591467452919;-0.008371616806834936;0.0044492615736089645;2.4560020923614503;0.0011395747889764607;0.003125
597;-1.929658385563834;0.0;0.0;0.0;0.04639443966664444;-0.003422769927419722;0.026829933607950808;2.444861125946045;0.0011390363448299467;0.0025390625
598;4.215045114763378;1.0;0.5995826595256024;1.0621907351696316;0.06089656945549623;-0.0006182502722367645;0.05218665879219771;2.4665913581848145;0.0008310349658131599;0.001953125
599;-1.5303081934802891;0.0;0.0;0.0;0.032615132102833455;-0.008577017392963172;0.013852926576510072;2.4952115297317503;0.0011387069942429661;0.0009765625
600;1.8502957291169173;1.0;0.25580853631610834;0.4302478155130072;0.11360793271617346;-0.008782654837705194;0.038195656100288036;2.4808122754096984;0.0010573152918368577;0.0013671875
601;3.6860628268546214;1.0;0.5326770308179667;0.9009816791922457;0.12493027284975809;-0.005308711621910334;0.02854193588718772;2.4469043612480164;0.0006842746282927692;0.0001953125
602;3.412204175719674;1.0;0.4238101502942942;0.6556324095759131;0.07028971759298136;-0.007056475849822164;0.00546969830757007;2.47151894569397;0.0005826331442221999;0.00078125
603;3.732383146107016;1.0;0.42162053125947785;0.6651554147926134;0.14920609336830112;-0.009899561014026403;0.004897506930865348;2.4681196451187133;0.0015337125631049275;0.0107421875
604;3.748056535614512;1.0;0.5469085265103457;0.8695666449172106;0.09602366532844304;-0.005780440103262663;0.07834079954773188;2.4478143095970153;0.0007313586072996258;0.00234375
605;3.8564196029419406;1.0;0.5852435189481617;1.0333319612856156;0.12519508427943127;-0.014341501193121076;0.03931414051912725;2.4286582708358764;0.0006635901518166065;0.001171875
606;0.30621970318868375;1.0;0.25272276667228144;0.3937909262508987;0.049969194655412455;-0.007378820260055363;0.07528316844254732;2.4379241824150086;0.000679079769179225;0.0015625
607;4.069324451110035;1.0;0.614563266415976;1.1442028464275675;0.09593952085572312;-0.007536575524136424;0.006205909489654005;2.4527542114257814;0.001213898288551718;0.008203125
608;4.351920773415042;1.0;0.5621498864458156;1.1147291912384671;0.04786596935688578;-0.0012857071124017239;0.027243384160101414;2.393732452392578;0.000513602385763079;0.0
609;2.6708276449175448;1.0;0.1525922192168522;0.26911678001447814;0.06439303823426233;-0.013423280790448189;0.029540306236594916;2.3582613468170166;0.0008538859547115862;0.0033203125
610;4.30536849020004;1.0;0.5204091359460055;0.8539916998882107;0.03847683188170979;-0.002370462566614151;0.02678956026211381;2.345908319950104;0.0007102327770553529;0.0
611;-12.333797933912548;1.0;0.278451822368319;0.4249606559445667;0.04512667425002861;-0.007360687991604209;0.029267256241291763;2.341230309009552;0.0008868446107953787;0.0015625
612;-10.315704848070085;1.0;0.22803693857756183;0.3598676904504293;0.04619255762904748;-0.004603828582912683;0.049456718098372224;2.359025740623474;0.0006386307766661048;0.001171875
613;0.8388179973348135;1.0;0.27620290033295475;0.44846086317432243;0.07779892991492318;-0.004193935496732593;0.042569964472204444;2.331361639499664;0.0009327428066171706;0.0037109375
614;-7.345559651867829;1.0;0.17508415130554977;0.2787811460337195;0.11158559060212904;-0.011374365957453846;0.05273726554587484;2.3317000389099123;0.0009341434692032635;0.0025390625
615;-5.216655238397113;1.0;0.4175833369342181;0.6298930818345354;0.06037195547556592;0.00246090586297214;0.052588718198239806;2.3435166597366335;0.0006818645517341793;0.000390625
616;-2.217556418537106;0.0;0.0;0.0;0.032391711085277004;-0.016748207015916707;0.05044216858223081;2.3378300309181212;0.0006798214395530522;0.0021484375
617;1.9936960974703708;1.0;0.1409829265754387;0.2252365052480569;0.04008215092472701;-0.009019342297688127;0.040941699873656034;2.437488925457001;0.0010575628839433193;0.0048828125
618;-1.2757261190500249;0.0;0.0;0.0;0.08258280869452832;-0.00784130641259253;0.013710448844358325;2.364360439777374;0.0005782181629911065;0.000390625
619;-6.558231008511392;1.0;0.13818497283571002;0.22226757163206512;0.028116081367746317;-0.002682869089767337;0.03644027546979487;2.3964953422546387;0.0008546854951418936;0.0033203125
620;3.7335733788428382;1.0;0.5345715802302661;0.8744455197737899;0.06099751931168802;-0.010674233641475439;0.016018208907917143;2.347192180156708;0.0008587891585193575;0.0005859375
621;1.32654885421717;1.0;0.13627595292995467;0.22881677667317832;0.0565097430741086;-0.009545101458206773;0.09845208302140236;2.3885353207588196;0.0009879526565782725;0.0044921875
622;3.699057826103784;1.0;0.4943570063055837;0.8690941482814579;0.13754724672861826;-0.012828070786781609;0.016109871817752718;2.381121802330017;0.0007847491651773453;0.0013671875
623;3.062148031721021;1.0;0.12345210666512171;0.2012999285979471;0.034986440232560825;-0.006090435269288719;0.048502647783607244;2.392201280593872;0.0009725250070914626;0.0048828125
624;3.7063902238994864;1.0;0.5467856047185005;0.9377836702448489;0.14870570858682294;-0.008603838784620167;0.019759007124230267;2.444936144351959;0.0007923497119918466;0.0015625
625;-13.671685362530141;1.0;0.1848535879194002;0.2822347411702269;0.10073322106817935;0.00254374910145998;0.03937562322244048;2.4260091185569763;0.0009249370661564172;0.0017578125
626;3.660671518809958;1.0;0.4605853544840416;0.7119757557952531;0.11214921744352423;-0.002841559099033475;0.045085364440456036;2.426972544193268;0.000559671432711184;0.0013671875
627;3.6363932518994697;1.0;0.23085350380575229;0.34903449094276645;0.05733530276883072;-0.004485164023935795;0.07187813129276037;2.4256816029548647;0.0009227986331097782;0.00390625
628;4.048100165569329;1.0;0.3422607679040059;0.5275901846098485;0.0275568937455885;-0.00421688319183886;0.03876278651878238;2.469183874130249;0.00040152333676815035;0.0
629;1.7989501916173276;1.0;0.2271964618246226;0.34714472281611175;0.0938152301892775;0.0026057019364088773;0.033807416027411816;2.363073205947876;0.00028195158811286094;0.0005859375
630;-16.559478469772174;1.0;0.261457212279191;0.3698555337282105;0.024611610397477116;-0.004119379655458033;0.014056833181530237;2.3733866810798645;0.00048346705734729766;0.001171875
631;3.1619875320931246;1.0;0.3287719970472553;0.47868166355386393;0.14921610383847425;-0.0035731929820030928;0.0752154452726245;2.4275558829307555;0.0005815957440063358;0.001171875
632;-8.946540627913636;1.0;0.20919629248560748;0.3140603097514685;0.0920527015561393;0.006095115654170513;0.019909338932484387;2.4144394040107726;0.00044845802476629616;0.0
633;4.108964135370357;1.0;0.5488279973171728;0.969057571524051;0.05950830942752728;-0.007872321922332049;0.04208509316667915;2.403481328487396;0.001590919599402696;0.0150390625
634;2.693270437257621;1.0;0.2986766075222821;0.45828423299190135;0.09054942160729898;-0.0066402938682585955;0.06592897120863199;2.395644819736481;0.0005948973237536847;0.0001953125
635;3.006419796284703;1.0;0.2467372677783674;0.3972552740172234;0.08527311762318122;-0.013339892262592912;0.06962783560156822;2.4139270424842834;0.00038782876217737796;0.0
636;3.6602936771447125;1.0;0.5201994842678677;0.7989981189529346;0.05628362122115489;-0.005133191403001547;0.06262397449463605;2.4480383515357973;0.00033097286941483615;0.0
637;3.6277362836673666;1.0;0.2629288958868262;0.4348227190599104;0.05939644625012762;-0.002672090753912926;0.05894367098808288;2.3997478127479552;0.0004873999976553023;0.0
638;4.181419346171787;1.0;0.6720663293743746;1.140587370105459;0.0521275473934009;-0.002765704970806837;0.030396152031607927;2.4137437462806703;0.0004470151150599122;0.0
639;-2.1724393538320066;0.0;0.0;0.0;0.03978880727606225;-0.004259304329752922;0.030474578589200975;2.4023687481880187;0.0007491633645258844;0.0037109375
640;4.018057707085932;1.0;0.5242150043352752;0.8506615058253635;0.08535109238561166;-0.004304305789992214;0.05442337128333748;2.329183483123779;0.0009051772765815258;0.001953125
641;4.186117014713815;1.0;0.5559796473031052;0.9301956789789932;0.08606770551757441;-0.015634961426258087;0.029471667390316723;2.3974999666213987;0.0011088202008977532;0.0044921875
642;3.407084108857159;1.0;0.5104601972598045;0.7540594758423592;0.045999002047725945;-0.005823459615930915;0.03432061062194407;2.4308906197547913;0.0013704669545404613;0.00625
643;3.9255063915506545;1.0;0.43745833223339065;0.7027243430834221;0.1416802630846029;-0.011568245943635702;0.008375707524828612;2.4119571805000306;0.0008413905976340175;0.0005859375
644;2.6682001176961356;1.0;0.4106090898193926;0.6627729127953478;0.008872142043991933;-0.0031912678852677344;0.0599096754565835;2.388780117034912;0.0010649388073943554;0.0060546875
645;-3.50774493892861;1.0;0.23080932145447997;0.35543830690632927;0.08677482504633775;-0.007681354042142629;0.04138995157554746;2.3839893698692323;0.0010538961389102042;0.001171875
646;2.038625094955766;1.0;0.2570000135148996;0.4066856655433155;0.039571610574085966;-0.007972116535529494;0.01070725922472775;2.3917272090911865;0.0009642348624765873;0.002734375
647;4.064301821856935;1.0;0.4945217688467064;0.8056218645245123;0.11472054833754673;-0.0045676625333726404;0.00754862860776484;2.390799045562744;0.0011310222907923162;0.004296875
648;0.7855464783483637;1.0;0.2205458867010852;0.351414346127854;0.0422910049537241;-0.0010219083400443197;0.05168506577610969;2.367720198631287;0.0007070694933645427;0.0021484375
649;-6.996902013107701;0.0;0.0;0.0;0.09961167153994391;-0.0004983188584446907;0.0601701564155519;2.359635365009308;0.0010601209942251444;0.005859375
650;4.126315218831219;1.0;0.43875640619285206;0.7446392653373599;0.09447583315292495;-0.0009777755942195654;0.004410762106999755;2.2970385789871215;0.0014208400854840875;0.0072265625
651;2.4811169012675722;1.0;0.257473018130172;0.3790767675604148;0.07942296568055077;-0.004464370245113969;0.010558334772940724;2.2590688943862913;0.0007315409020520747;0.000390625
652;3.6179469144726504;1.0;0.2626123163071061;0.4458423396098924;0.06208295573945906;0.00503389947116375;0.004824718029703945;2.2975879549980163;0.0003739863517694175;0.0
653;-0.640740253018591;1.0;0.14276554428339971;0.2149991839092109;0.13756374027428453;-0.014348237495869397;0.037545862467959525;2.293431794643402;0.0009036822128109633;0.00390625
654;-3.281396677889267;0.0;0.0;0.0;0.06670376806922886;-0.006291086249984801;0.033251419733278456;2.3798959016799928;0.0007353616994805634;0.00078125
655;3.47410314427805;1.0;0.4649049073813625;0.7432895644898355;0.12471327344939119;-0.007220386993139982;0.05512021472677588;2.230779469013214;0.0008486403152346611;0.0015625
656;1.2165348448161968;1.0;0.2637988072364347;0.389124854554453;0.04618518154793978;0.0018333751242607832;0.032392801251262426;2.206359660625458;0.0005903180572204292;0.0
657;4.3480494546520525;1.0;0.5511450449164484;0.9351526699785658;0.06524216220642552;-0.012572036497294903;0.03190958802588284;2.2580698847770693;0.0010407368652522564;0.00703125
658;-0.14323012098052557;1.0;0.29128852757309553;0.45378444883945096;0.15378038355304058;-0.004202062450349331;0.10396622382104397;2.2433456420898437;0.0008846718468703329;0.0025390625
659;1.9476177437277424;1.0;0.11953674804899257;0.19149119614121424;0.06286267933545568;-0.01362461126409471;0.00738517758436501;2.1698935508728026;0.000880491139832884;0.001171875
660;3.8306237519554625;1.0;0.4249113393957023;0.6570386657000109;0.12362286507825809;-0.001504459697753191;0.005612816382199526;2.233762514591217;0.0013166156015358866;0.0064453125
661;4.136979239865301;1.0;0.4910990648053644;0.896363866370516;0.05116117784196059;-0.0032290121540427207;0.005126625252887607;2.1902021408081054;0.0006167056038975715;0.0
662;3.2603062108532472;1.0;0.4347945602578439;0.6682390253177609;0.06765604628100405;-0.009860035637393594;0.031509592989459635;2.171169090270996;0.0006975302821956575;0.003125
663;3.4962630093940357;1.0;0.2147089250546255;0.33451781298711086;0.08344612949544186;-0.0043194183148443695;0.07859029863029718;2.2039639472961428;0.0008620617678388953;0.0041015625
664;3.592526795941606;1.0;0.49874665065751556;0.7510246050191296;0.09744844850989055;-0.006541613675653935;0.031630968954414126;2.2171083092689514;0.00038374813739210366;0.0
665;-1.2571929743167556;0.0;0.0;0.0;0.0;-0.005876252497546375;0.018712266394868494;2.2312014579772947;0.0015440884279087185;0.0087890625
666;3.58845908079848;1.0;0.3420342774480035;0.507126056767651;0.04209716199685971;-0.0025272857048548756;0.030038706865161656;2.257008635997772;0.00040708264568820594;0.0
667;4.381504085807283;1.0;0.5378210787214354;0.9900981675382845;0.04958310606556494;0.005982946185395121;0.007807188387960196;2.2220841526985167;0.0008842558832839132;0.003125
668;2.2729118890991886;1.0;0.15920162536196797;0.2450643613411249;0.04647890743254449;0.003389888594392687;0.07014671545475722;2.2142310976982116;0.00040952920680865646;0.000390625
669;3.094740223143274;1.0;0.19328770215597801;0.31921414367230827;0.053680767699214815;0.0015015322249382734;0.009205643739551305;2.2334702134132387;0.0008387206704355777;0.0033203125
670;4.023846797503774;1.0;0.5381895848838307;0.8814617772561463;0.06688433640023694;-0.001498233573511243;0.004518312925938517;2.225646805763245;0.0008203313453122973;0.0017578125
671;3.8728523950373424;1.0;0.20487307694776266;0.3204671020778523;0.049246732599815615;-0.004688563640229404;0.03166024247184396;2.2286683917045593;0.0008008168661035597;0.004296875
672;-3.521526240501334;0.0;0.0;0.0;0.04005279369620361;-0.00781260090880096;0.004874451691284776;2.2838191390037537;0.0007435743813402951;0.0025390625
673;2.627881904966116;1.0;0.2584017197785552;0.39550450900109724;0.11018369888261453;-0.00044709877111017706;0.0578658880200237;2.2653556942939757;0.0014510611072182655;0.0091796875
674;-0.9403454151981154;0.0;0.0;0.0;0.0026770923152771016;-0.006336406292393804;0.03185928487218916;2.259034609794617;0.0013641092926263809;0.0048828125
675;3.199845396727624;1.0;0.15676078331093085;0.23959067517089855;0.04533166123687733;-0.01123078742530197;0.030764157231897116;2.2449180603027346;0.0011264732806012035;0.00390625
676;3.07817190355569;1.0;0.18780663364684172;0.2985759892498433;0.06256865150019174;-0.006648115813732147;0.004733374842908233;2.2088039755821227;0.0008588335826061666;0.00078125
677;3.369139748293128;1.0;0.15339008148927308;0.2328819334805552;0.04808331197622079;-0.00982982898131013;0.03135529803112149;2.2989685773849486;0.000723430048674345;0.0013671875
678;1.8503433811608359;1.0;0.32824913503573416;0.46544175059542275;0.04419730357733918;-0.0021709144115448;0.005007195891812444;2.265927863121033;0.001310539001133293;0.006640625
679;2.9887631244228143;1.0;0.5087053216019519;0.8135131566584006;0.060256448244560314;-0.00274894991889596;0.11331970244646072;2.2739637017250063;0.001380490674637258;0.008203125
680;-2.17150144513683;0.0;0.0;0.0;0.03471156498366;-0.010953073063865304;0.0040154979680664836;2.3222390532493593;0.0013819445273838937;0.0087890625
681;-1.5336057140329866;0.0;0.0;0.0;0.04480910208852117;-0.009714440070092678;0.03315295036882162;2.2908611536026;0.001196847716346383;0.0060546875
682;3.0458649003311153;1.0;0.34909830588261365;0.5222830632263774;0.09109397532486513;0.0021127131767570972;0.027438089530915023;2.212592339515686;0.0012313134619034826;0.001953125
683;3.767804138402551;1.0;0.2480811094513356;0.4148205663395621;0.03658956513927969;-0.007102874317206442;0.028430169308558108;2.24446724653244;0.0007594228605739773;0.0046875
684;2.817272765608545;1.0;0.23623287652251893;0.3702238453155912;0.11377484812519359;-0.0030392829328775408;0.01895992085337639;2.2374332308769227;0.00034733738284558057;0.0
685;4.142832923805081;1.0;0.5181608358440764;0.833040499118671;0.046418090397563484;-0.0035437286365777253;0.026242374535650016;2.2166868090629577;0.00035627116449177265;0.0001953125
686;3.3368438791410435;1.0;0.24466926735453723;0.3761406789823694;0.09506345658419171;-0.01067291684448719;0.02946746302768588;2.2778873443603516;0.001404580334201455;0.0140625
687;3.443997814093577;1.0;0.20337460664856882;0.3160221801641757;0.05611184595261116;-0.010331160761415959;0.005983844166621566;2.236633574962616;0.0008258578483946622;0.002734375
688;-2.845808146755806;0.0;0.0;0.0;0.024052538076568437;-0.00679535367526114;0.031217919988557698;2.2732266187667847;0.0011673034518025816;0.008203125
689;3.4104464801300995;1.0;0.3718991997401177;0.5655991983141962;0.061729443561197625;0.0009766170755028726;0.055743318144232036;2.2905927538871764;0.0017478802823461593;0.010546875
690;3.8794912525622935;1.0;0.5825249558802712;0.9260522791387606;0.06568331880685842;0.002442467166110873;0.025471472833305597;2.3253623723983763;0.0007838182034902274;0.002734375
691;3.7383371633822087;1.0;0.3000036212603794;0.4887815274327132;0.013292367469800585;-0.00772168799303472;0.0745685225352645;2.2909512877464295;0.0008639931678771972;0.0013671875
692;2.432144115796229;1.0;0.15617644128102237;0.23191792944329823;0.04733753420762937;0.0012638675048947333;0.004872164106927812;2.3318292140960692;0.000436535757035017;0.0
693;3.445097205521094;1.0;0.5278907786309774;0.7841158375257488;0.10409097815472894;-0.010091044194996356;0.07689176239073277;2.33925439119339;0.0012313365819863974;0.0107421875
694;3.332148659157872;1.0;0.17130745219924565;0.2651656811585257;0.0486884192246548;0.0028966004494577645;0.006296127615496516;2.2735326528549193;0.0014303301577456295;0.00546875
695;2.120785824309182;1.0;0.22032914474384935;0.31211623344011735;0.06319594271516603;-0.007593526924028993;0.054267360176891086;2.3217666029930113;0.00051299900515005;0.0001953125
696;3.8163213089187975;1.0;0.5254244985386594;0.8935509037200933;0.08399142845838968;-0.006011886056512594;0.07191359968855977;2.324071836471558;0.0006057179532945156;0.0009765625
697;2.895108569555343;1.0;0.25346196310914726;0.37326159657173724;0.013395473820334972;-0.017794897465500982;0.02475775924976915;2.3762210845947265;0.0010463151033036412;0.0046875
698;3.550305941016917;1.0;0.2162620457631154;0.3100868400158444;0.01946467451021912;-0.006040184479206801;0.02611629858147353;2.3104931116104126;0.0006046649883501232;0.0013671875
699;4.296315317270543;1.0;0.4747898860825425;0.8017807697756238;0.018394859956856458;-0.007199457101523876;0.005692845396697521;2.3568822026252745;0.0008562721312046051;0.004296875
700;4.009031370334354;1.0;0.5203336772713684;0.8885253675430616;0.0877985215187905;-0.006217854283750057;0.029981700330972673;2.3866905570030212;0.0007114499690942466;0.0009765625
701;4.274944323165696;1.0;0.5315673534305262;0.8586492745635418;0.0529159362074622;-0.003883151803165674;0.006737748789601028;2.41708242893219;0.0008902896428480744;0.001171875
702;1.9944482070303051;1.0;0.20822240099170033;0.3115403336043457;0.07270082189155423;-0.006002673413604498;0.053743555769324304;2.434549033641815;0.0009619029937312007;0.0037109375
703;2.6063264623259546;1.0;0.11096842348866777;0.17699676247082294;0.021809151227513087;0.00333733051083982;0.048740220908075574;2.3222506642341614;0.0005510037299245596;0.0
704;1.963222530876052;1.0;0.15219465392714474;0.2312811005233656;0.23253295041540203;-0.010598962428048253;0.00822811173275113;2.3452571868896483;0.0008132296265102923;0.0013671875
705;3.8275945798648756;1.0;0.3802479038821764;0.6189537193414297;0.04743686566924601;-0.00121705811470747;0.005883279163390398;2.387141966819763;0.000746272481046617;0.0009765625
706;0.39638795035503493;1.0;0.2921253275359485;0.440652838707725;0.07558347512189204;0.0017563343048095704;0.0557578313164413;2.4116688132286073;0.000582664564717561;0.001953125
707;4.270541969949597;1.0;0.46268900801093543;0.8384792024393916;0.04274328556627503;-0.0037921058014035226;0.053827546816319224;2.35370876789093;0.0012251220643520356;0.0017578125
708;2.860178594358854;1.0;0.23998531544695337;0.3611609467582547;0.04303244957963606;0.000739130936563015;0.1040157264098525;2.3766389727592467;0.0007512442534789443;0.0009765625
709;-1.5308332947228636;0.0;0.0;0.0;0.0029732259183089245;-0.006721282401122153;0.004521058883983642;2.393695795536041;0.0007356440764851868;0.0001953125
710;3.5747384550642827;1.0;0.47133292034779817;0.7920790619447153;0.02974439631084464;-0.011276493640616536;0.0034502198803238572;2.392386960983276;0.0015233428566716611;0.0052734375
711;3.618943821311106;1.0;0.3683266682538712;0.6083327335483207;0.05152850999759049;-0.008465634938329459;0.028796429047361016;2.3824991941452027;0.001382109452970326;0.0064453125
712;3.1271207263428593;1.0;0.4207781562221743;0.6623914547113684;0.01729089282331784;-0.007456886628642678;0.008252271870151161;2.3564170002937317;0.0008098380989395082;0.0021484375
713;3.859418990283475;1.0;0.4052755368042894;0.6615706632836656;0.13950383427765667;0.004783401091117412;0.006022178218699992;2.4037930965423584;0.001299376809038222;0.0046875
714;2.879943676611573;1.0;0.23262912273626854;0.3326372309458448;0.025859109301019843;-0.0010745929554104804;0.005300990608520806;2.35073379278183;0.0016416966915130614;0.009765625
715;3.997475987745042;1.0;0.5182895714465169;0.9153951666337885;0.055205213631720124;-0.0025673778727650642;0.05243979841470718;2.405097043514252;0.0012542778858914971;0.00234375
716;2.7220041978206293;1.0;0.21167367125998882;0.33212650289699586;0.008524160506373451;-0.009042290691286325;0.05904471296817064;2.429917740821838;0.0008966781315393746;0.0052734375
717;-0.3964084538660905;0.0;0.0;0.0;0.002800160939948773;-0.005169674451462924;0.00495915007777512;2.3488734126091004;0.0011689323815517127;0.0025390625
718;3.8622244849305374;1.0;0.32700201243987725;0.547055941117493;0.02665670786770412;-0.003654047800228;0.07447807975113392;2.3853394269943236;0.0011915412382222713;0.0046875
719;4.121320641176929;1.0;0.46997310940127013;0.8250693460900227;0.108386849059585;-0.00018048509955406188;0.05229213964194059;2.41255304813385;0.0006380719016306103;0.00078125
720;1.3837643614161328;1.0;0.1323581269601445;0.21039407860535378;0.0038646703516293963;-0.008934525307267904;0.01605474282987416;2.3581132888793945;0.0005067017627879977;0.0
721;3.034045699440503;1.0;0.24932773247268747;0.4082678296813753;0.10814275954485293;-0.003913908498361707;0.06512404046952724;2.342034113407135;0.0010548592661507427;0.0044921875
722;-5.95293690207603;0.0;0.0;0.0;0.035402196458398656;-0.007516725640743971;0.08287633955478668;2.3069438219070433;0.0006973768933676184;0.0009765625
723;2.8810121548183187;1.0;0.2966112884850449;0.4978739261339371;0.04323464869482224;-0.002512906910851598;0.007321742922067642;2.314568054676056;0.0014194734278135002;0.0095703125
724;2.8391635608741677;1.0;0.5438323093445165;0.924982637773702;0.13858957115741746;-0.00030394503846764565;0.00480380499502644;2.341864562034607;0.0008153913076967001;0.0017578125
725;2.566016984099078;1.0;0.2554015995836293;0.3702682379085881;0.05234374361042768;-0.011144919926300645;0.05760674551129341;2.3918707251548765;0.0008070404757745564;0.0017578125
726;3.8090716609949156;1.0;0.470955721842097;0.7649754693649091;0.10160926413884876;-0.008298299438320101;0.05909363040700555;2.4165788888931274;0.0011185512994416058;0.0044921875
727;3.92584722409062;1.0;0.46806771738926234;0.8116922765057262;0.0988802829626154;-0.0056717239785939455;0.029931156523525716;2.3437116384506225;0.0008269708254374563;0.003125
728;3.023090616904237;1.0;0.3158280313199921;0.5404030344473205;0.038529053731477796;-0.0036162611097097395;0.00769263671245426;2.3011717915534975;0.0005051776766777039;0.0
729;3.575376926949951;1.0;0.3250619023274687;0.5580195093787192;0.0;-0.010527859255671502;0.05880655851215124;2.3368658900260924;0.0007964178686961532;0.005859375
730;3.2308660702840926;1.0;0.4097573108518728;0.6734597285249944;0.15705886783019174;-0.0024764533154666424;0.028844946622848512;2.2936896204948427;0.0008717217715457082;0.001953125
731;3.0795772658298275;1.0;0.17766543901631598;0.2744069615754074;0.04672378231411972;-0.006733441213145852;0.027834991086274387;2.3124855160713196;0.0007290814653970301;0.00390625
732;-2.4733711307974606;0.0;0.0;0.0;0.06805197095748654;-0.005577202700078487;0.0511771235615015;2.355119025707245;0.0012130558723583817;0.0103515625
733;0.37659504262751176;1.0;0.17018658283941174;0.2752356874874912;0.012771685021601184;-0.006789376586675644;0.031317565217614175;2.39499169588089;0.0006421566009521485;0.0
734;0.5527365636496451;1.0;0.15543798925660693;0.24720099924161945;0.16840072617188268;-0.010336138773709536;0.0064277477795258164;2.393317365646362;0.001525067468173802;0.0080078125
735;2.7395916608092556;1.0;0.2028995152659713;0.34299390280068603;0.09345691773013592;-0.0017515940591692925;0.07107875337824225;2.382489502429962;0.002301353553775698;0.0240234375
736;4.419094485057483;1.0;0.5257576571807923;0.9961789326106558;0.011452173059032985;-0.009636754356324672;0.047070184350013734;2.378746676445007;0.0006898609572090209;0.00078125
737;2.4905594663034885;1.0;0.39301233107179007;0.5934733527567624;0.10577420833211841;-0.0019251704681664706;0.03411568095907569;2.3809622883796693;0.00047131357714533804;0.00078125
738;4.050624121146073;1.0;0.42570754307124964;0.6955060990305761;0.08200162660746013;-0.013932790933176875;0.005547146708704531;2.331836259365082;0.0006793753360398114;0.001953125
739;2.679370063489262;1.0;0.22995704082394766;0.39565404906806134;0.057967737061813136;-0.007807583874091506;0.04960129805840552;2.294073259830475;0.0009818818187341094;0.001171875
740;4.140345331191973;1.0;0.4289581953413422;0.7357600779409846;0.07991764252278812;-0.007870796136558056;0.07324006203562021;2.3155312061309816;0.0022714152117259802;0.0216796875
741;0.7086693936535684;1.0;0.19548618686998565;0.31361476580621783;0.09369722341831653;-0.006958265649154782;0.025558512401767076;2.332542288303375;0.001259340753313154;0.0076171875
742;3.645051532793855;1.0;0.46521727549860153;0.8281100574783;0.06323008506252875;-0.00010404046624898911;0.027984398463740946;2.2889467000961305;0.0008657716098241508;0.0009765625
743;4.256276231514053;1.0;0.5416285484399096;1.052158423441869;0.03666633071947109;-0.0072121829725801945;0.07388082407414913;2.3098125100135802;0.0005487476009875536;0.0021484375
744;3.1343546034391676;1.0;0.5038291653611366;0.7923007583948611;0.09845271642657075;-0.011027785856276751;0.007201987178996205;2.358937346935272;0.0006285821786150336;0.0015625
745;4.107707106018723;1.0;0.4707403192473192;0.858432430067418;0.08438447601770581;0.0010587197728455066;0.04861587360501289;2.2580379486083983;0.0006254535051994026;0.000390625
746;4.139431154217618;1.0;0.4331086778004094;0.7862030699569775;0.07045718099091627;-0.002713891863822937;0.043036981206387284;2.3402031898498534;0.0005924610886722803;0.000390625
747;-4.643213967459956;1.0;0.1589475783596107;0.23837553955737315;0.04616562257583229;-0.0026245544664561748;0.02789093661122024;2.343383455276489;0.0008126177708618343;0.001953125
748;4.054182145130601;1.0;0.3109887265373478;0.48160540982335104;0.01568014135368556;-0.00039425548166036604;0.00690263225696981;2.301387274265289;0.0012338960426859558;0.006640625
749;4.323172225017585;1.0;0.6319309143348437;1.1788440234689586;0.04859546134095848;-0.004577264096587897;0.003954041039105505;2.3283756375312805;0.0017378577729687094;0.0138671875
750;4.340946825825078;1.0;0.5705952180460953;1.1133629080104241;0.04738130581960005;-0.0022594837471842768;0.029191937786526977;2.375303876399994;0.0007100401329807937;0.0
751;2.7401373525830066;1.0;0.12462356649216652;0.20222830048736284;0.023379896006879154;-0.008890199521556497;0.04996647024527192;2.3601332187652586;0.0011178391985595226;0.0029296875
752;4.268224123046529;1.0;0.5517306375656833;0.978340981844509;0.06151931123169438;-0.005765831563621759;0.027792846923694013;2.2888595938682554;0.0013424689415842295;0.008984375
753;-11.079077021397882;1.0;0.16286030254798903;0.265097767045962;0.031016425277323526;-0.002808707393705845;0.07267892118543387;2.2885117053985597;0.0006777033908292651;0.00078125
754;3.2437159314196693;1.0;0.4702855598147973;0.8046110946307041;0.026882072045202734;-0.007872906397096813;0.005623985780403018;2.330325150489807;0.0006414739764295518;0.000390625
755;4.1489303308738315;1.0;0.4722395397896937;0.7824296020026393;0.04794477977235645;-0.006493925442919135;0.047916654404252766;2.322345757484436;0.0004658502642996609;0.000390625
756;1.2669836223236985;1.0;0.3042816116159248;0.4396052732289392;0.14495037299801936;-0.003680820483714342;0.0054112695390358566;2.371017301082611;0.0006647152709774673;0.0017578125
757;3.94869789027929;1.0;0.32806674094186217;0.5887128532269039;0.026508497371229185;-0.012608014047145844;0.04640998151153326;2.360769498348236;0.0013958142604678868;0.0103515625
758;4.192511668601922;1.0;0.393533857082089;0.6272531754353828;0.04646371976947145;-0.004136488121002912;0.07220083214342594;2.33572598695755;0.0007771378615871072;0.000390625
759;-1.6339666490266997;0.0;0.0;0.0;0.015821985446152226;-0.010087693319655954;0.027273132326081397;2.327527475357056;0.001216831966303289;0.005859375
760;3.646890855884708;1.0;0.4667640425727627;0.8129652789553882;0.050021242269041866;-0.004720631870441139;0.015373043809086084;2.249428403377533;0.0008693031617440283;0.0015625
761;3.0154687559213262;1.0;0.21341061640373238;0.3575350897282951;0.012182921787440891;-0.0015100693330168725;0.027795173227787018;2.3202101588249207;0.0005052447319030762;0.0001953125
762;-1.644704475473152;0.0;0.0;0.0;0.0633610782315765;-0.003893532697111368;0.07084149941802025;2.2690793752670286;0.0008493136498145759;0.0025390625
763;1.5537390663915063;1.0;0.1717041268406729;0.2881189574322384;0.07274263607504253;-0.005054958770051599;0.028908523637801407;2.319074022769928;0.0010811796761117875;0.00390625
764;3.613509892463881;1.0;0.32863758716726105;0.49584370237190145;0.09279853819716717;0.003211771650239825;0.0634649882093072;2.343306529521942;0.0006589720258489251;0.000390625
765;4.0517489438281595;1.0;0.5532731294206116;1.0382037865138976;0.06377432792181265;-0.0032299581915140154;0.004672869783826172;2.3854620337486265;0.0016358629101887346;0.01171875
766;4.174698959109793;1.0;0.36751490680057847;0.573664797594314;0.054299134348926914;-0.005906614544801414;0.02681566122919321;2.3319266557693483;0.0004318570950999856;0.000390625
767;4.119298205689902;1.0;0.4756522265350358;0.7954143043622224;0.057282774143849205;-0.005544950440526009;0.07282759957015514;2.354660439491272;0.0007118680165149272;0.0029296875
768;3.0403168644143634;1.0;0.4274199588764312;0.6707220154419905;0.022039481601501116;-0.0033007713966071604;0.043955975025892255;2.3183992505073547;0.0007276301737874746;0.0017578125
769;3.6401731847244063;1.0;0.44098024018467;0.7892924352420732;0.017449424452874594;-0.0034668284002691506;0.03147629983723164;2.356525421142578;0.0009582430124282837;0.0046875
770;4.379667819358952;1.0;0.5846827346816773;1.1288950506701612;0.0681035721957051;-0.00583543018437922;0.01159062326187268;2.409412348270416;0.0005512343952432275;0.000390625
771;3.578482781185621;1.0;0.42225496019780734;0.6359953589519921;0.06250658167542882;-0.007295891782268882;0.04449122501537204;2.3993125915527345;0.0020690028788521884;0.0216796875
772;4.140248476467549;1.0;0.3945538806102773;0.6592579452181572;0.03596938527405017;-0.006544012483209372;0.06598812583833932;2.4017016649246217;0.0005395011510699987;0.000390625
773;1.9703411820404941;1.0;0.11021214698556477;0.17726223563181243;0.0;-0.002817218890413642;0.005355387064628303;2.3547506093978883;0.0005368099547922612;0.0009765625
774;4.445970490882786;1.0;0.6820959088696688;1.384626428510788;0.029675884127240534;-0.007720528542995453;0.06650864481925964;2.367735719680786;0.0006797972251661122;0.0013671875
775;0.7234243617855594;1.0;0.17329432178873433;0.28832585874985045;0.041832683199828906;-0.012033691629767418;0.0067852652631700035;2.389037239551544;0.0012057124869897962;0.0041015625
776;1.7011908442742885;1.0;0.4183304983292762;0.6966782290900144;0.11452121291995059;0.0020879109390079973;0.026217871764674782;2.286406910419464;0.0015319857862778007;0.008203125
777;3.7187419528255266;1.0;0.4681141817981199;0.7419349981216349;0.0843752232506965;-0.0027766545303165913;0.043676143232733014;2.319164538383484;0.0004238068941049278;0.0
778;3.642410841622746;1.0;0.47065848637614693;0.7906479332506208;0.0657371002524851;-0.0002694320399314165;0.026752795511856674;2.244486463069916;0.0004629857838153839;0.0
779;2.75716290664101;1.0;0.16353948179446492;0.269122926422954;0.018091219583720126;-0.005110444710589945;0.026787063712254165;2.2656152963638307;0.001936674094758928;0.02421875
780;2.8909568791419695;1.0;0.11963397765948938;0.19090643121480944;0.05897242028105045;-0.004061543964780867;0.02751750163733959;2.2552573561668394;0.0011724421987310053;0.0095703125
781;1.1012740239363594;1.0;0.16773694580906665;0.27003683365427317;0.0280724504622978;-0.014390120655298233;0.06902363994158804;2.3474767208099365;0.000587690866086632;0.000390625
782;2.617828927076679;1.0;0.3460960588916053;0.5471716852365445;0.13479839215264994;-0.006885958556085825;0.028321088291704655;2.3499308705329893;0.0006582154310308397;0.002734375
783;2.2977891419110983;1.0;0.23863378269053395;0.39182720653909436;0.018212621436420617;-0.006421677628532052;0.0632421875372529;2.341185784339905;0.0005536584765650332;0.0005859375
784;3.298721884548075;1.0;0.3380130096671631;0.6007754784437614;0.1433293578778783;-1.7039873637259006e-05;0.0447542717680335;2.2976781725883484;0.0005507151479832828;0.000390625
785;2.5362976305472182;1.0;0.43146229146137893;0.6692801574223988;0.2632968591159701;-0.009297699271701276;0.005179499369114637;2.3339905977249145;0.0007603580015711486;0.001171875
786;4.019932782121326;1.0;0.4325941624757599;0.7662949209936813;0.09561814678578705;-0.0016559832729399204;0.0824291305616498;2.34092355966568;0.0009900435456074775;0.00078125
787;2.9326919380175824;1.0;0.3619463138586556;0.6178317013474997;0.0749959775046937;-0.0001893192995339632;0.028507520770654084;2.4084342241287233;0.0005409166449680924;0.0001953125
788;1.46842269450222;1.0;0.32805359802888545;0.5668991997175585;0.01203095515969457;-0.0072022339329123495;0.0071913919411599634;2.3380493044853212;0.0008561757043935358;0.00234375
789;3.9983711861520708;1.0;0.4915489706874511;0.8291339917286146;0.05021996532172599;-0.004898704844526947;0.02241236879490316;2.338584101200104;0.0017951584421098232;0.009765625
790;3.915939544675929;1.0;0.3590447549167307;0.6502065482905921;0.0;-0.00843339164275676;0.07590529881417751;2.235128116607666;0.0015078671160154045;0.0033203125
791;2.6988438117729814;1.0;0.33910732639467706;0.5540518774796839;0.08581776286888927;0.0013498292304575444;0.02659692084416747;2.219723951816559;0.0008677113219164312;0.0017578125
792;3.670935652331429;1.0;0.39479970477538934;0.5815483355665924;0.058555337470946336;-0.006394711695611477;0.03207231690175831;2.2865544319152833;0.00034124361118301747;0.0
793;3.7650132881941163;1.0;0.34626419909504974;0.49042125151842386;0.048659740224786516;-0.0031699567334726453;0.025595686957240106;2.273649978637695;0.0010392986587248743;0.0064453125
794;3.907135998359405;1.0;0.2972080164763338;0.4659905057736348;0.06834923520186238;-0.005061006639152765;0.008629571029450745;2.2610229015350343;0.0006003311253152787;0.001171875
795;3.364377825841282;1.0;0.23657084724135488;0.39791975088187453;0.03517878100809946;-0.007123399619013071;0.00343636735342443;2.1856489896774294;0.0018230914953164755;0.0126953125
796;2.708709504166035;1.0;0.16933890791287104;0.2770149051002562;0.010517876576034388;-0.005256644263863563;0.07530431915074587;2.1414726853370665;0.0013046691892668605;0.0087890625
797;1.3949917711193358;1.0;0.1257363435267966;0.21007248194563372;0.09907623845205182;-0.007025699899531901;0.044477056805044414;2.1267431497573854;0.0005119481938891113;0.0001953125
798;2.744012847891144;1.0;0.233476653968934;0.3935904733383521;0.054390214354701115;-0.010849508666433394;0.009471501596271992;2.1471925139427186;0.0007208903669379651;0.00078125
799;3.7750488379019154;1.0;0.5879106798075041;1.0703434159129162;0.12193911220291925;-0.003780001378618181;0.02644138000905514;2.147787308692932;0.000958480394911021;0.0005859375
800;-1.4872371790896421;1.0;0.27361929825899617;0.464005131155954;0.03549372066490771;-0.007671919092535973;0.00430734179681167;2.1834502100944517;0.0011144556687213481;0.0041015625
801;3.540955896298098;1.0;0.3055565574047988;0.49794778294433284;0.05341808038819237;-0.00019158127252012492;0.008761848229914904;2.1315014243125914;0.000974261318333447;0.0025390625
802;4.067032538598742;1.0;0.6006187248335902;1.1931006529991;0.1011634631302282;-0.007730261702090502;0.006440340937115252;2.1982914447784423;0.0012006516102701426;0.0072265625
803;3.8867957504446218;1.0;0.4150363132434798;0.7071564506655662;0.02621812191444422;-0.009874444361776114;0.03041590740904212;2.187619519233704;0.0007381847011856735;0.001953125
804;3.062448563345542;1.0;0.3894214565352195;0.6572243969179611;0.06820415694815433;-0.006647049461025745;0.0744743311777711;2.2283675909042358;0.0009346044156700372;0.0033203125
805;3.98230888665926;1.0;0.5442597954593354;0.9862672848107253;0.1207626979479987;0.00013816761784255505;0.05493799075484276;2.2394131898880003;0.0009787213639356196;0.00234375
806;3.2827080116859713;1.0;0.2959150915272815;0.4575391735074082;0.00275760186727057;-0.00621380927041173;0.026962821604683995;2.259966230392456;0.0006941467057913542;0.00078125
807;3.4460756825189414;1.0;0.2800815119793988;0.4410716827586239;0.11975292857849174;-0.0035426560789346695;0.009084863378666342;2.1860934495925903;0.0006236802670173347;0.0
808;3.9771311910348794;1.0;0.5580050911251003;1.0387967136035077;0.07323382051845403;-0.008701170748099684;0.03546253619715571;2.108692538738251;0.0005482414038851857;0.0015625
809;2.7809969759206203;1.0;0.231704271203793;0.39458618140869967;0.09666197556600825;-0.012144099175930022;0.025733828824013472;2.1254719376564024;0.0007524689077399671;0.00078125
810;4.350915322149632;1.0;0.5435035679076633;1.0627976973310944;0.04238564970733495;-0.0006720295175909996;0.026490754960104824;2.1227792143821715;0.00035282940370962024;0.0001953125
811;3.1582631451843737;1.0;0.35578714999754996;0.5944195093011713;0.13920731604747177;-0.0025925851427018643;0.024659223994240163;2.139347732067108;0.0007577909156680108;0.0021484375
812;4.158009769053609;1.0;0.3949182767763941;0.6667089826010549;0.09316042858300524;-0.0056763679254800085;0.005384978023357689;2.1595744848251344;0.0017753341468051075;0.0154296875
813;3.913963531625167;1.0;0.5321830190195307;0.9623089960260037;0.1642783569423849;-0.010161662334576249;0.04787854943424463;2.0951069831848144;0.0005272777518257499;0.0001953125
814;2.3989839798148074;1.0;0.28940281329618905;0.4593109303468825;0.1299218084370367;-0.002592676831409335;0.049340848438441755;2.2043994307518004;0.0009617637260816991;0.001171875
815;3.6626443467867444;1.0;0.5335476834166025;0.9637251114244085;0.10759217036219637;-0.005936795333400369;0.005802740342915058;2.237588679790497;0.0007933045737445355;0.00234375
816;4.288537414532734;1.0;0.6136409958665748;1.2349940716087513;0.052885063666726816;-0.0020979752531275152;0.004098319006152451;2.2638471841812136;0.0006830885773524642;0.0
817;3.5573161467432324;1.0;0.27480261709457315;0.4285764286924229;0.023755910039204624;-0.010000575520098209;0.003220361832063645;2.18721489906311;0.0027612414327450097;0.0259765625
818;-1.4104342286296383;0.0;0.0;0.0;0.07488170322029919;-0.005057778395712376;0.0048127841437235475;2.144673466682434;0.001231433916836977;0.00390625
819;3.1156209207327046;1.0;0.2661878387557694;0.42393477293687826;0.08132379280980145;-0.004421538766473531;0.009564604237675666;2.187429630756378;0.0014986354508437216;0.0078125
820;3.544195402988256;1.0;0.4104597818076161;0.6176375807624566;0.06883685660226561;-0.00919089550152421;0.06322876689955592;2.228686308860779;0.0011690278188325465;0.00546875
821;3.957003360809945;1.0;0.5974799819988623;1.1119386975494234;0.08011953756710556;-0.006324788997881114;0.05646670749410987;2.2831400752067568;0.0009004037361592055;0.003125
822;4.267949912477262;1.0;0.5101696268026219;0.9386924187795433;0.018885707196424642;-0.00018500946462154388;0.02865900422912091;2.2256946206092834;0.0006006963667459786;0.0005859375
823;4.226758926220786;1.0;0.4595915831255029;0.831590507974494;0.06511074845443145;-0.005609030742198229;0.053413417749106885;2.1986220598220827;0.00123785036848858;0.007421875
824;4.3118962345058485;1.0;0.5404886462099125;0.9776473349027297;0.054389322305607946;-0.0013784568523988127;0.03287666668184101;2.2849778175354003;0.000610247382428497;0.0015625
825;3.142674603818688;1.0;0.26197959749920136;0.41809971568205406;0.10965502706622528;0.0008762742392718792;0.03464351133443415;2.2508901953697205;0.00042688308749347923;0.0
826;3.3581387489028676;1.0;0.2687864199439421;0.45972006117215736;0.027799460944027684;-0.007620030036196113;0.003815920266788453;2.1731924057006835;0.0009594709146767855;0.0017578125
827;3.2314436564528157;1.0;0.39804008448350153;0.6323258993647943;0.09467644873319013;0.002199201937764883;0.036331531638279554;2.188268768787384;0.001001299684867263;0.0033203125
828;2.5649597318351707;1.0;0.21147822988686665;0.346093931410839;0.09922951666200691;0.0012807687744498253;0.03061195947229862;2.2015334963798523;0.0012344999355264007;0.00859375
829;4.057380929840844;1.0;0.3874152148362622;0.6775121745986491;0.12902988678139501;-0.008040526288095862;0.03244176171720028;2.2867109060287474;0.0016192538547329604;0.01171875
830;3.680064269187046;1.0;0.24589778287959513;0.4407946462253957;0.055754211458290064;-0.009160104021430016;0.019604860455729067;2.2928070306777952;0.0010575657128356398;0.0029296875
831;4.418181979574793;1.0;0.6912140111338783;1.2903827470258469;0.058626622672181224;-0.008435123879462481;0.09706867318600416;2.2377955675125123;0.0010756028001196682;0.0044921875
832;3.2756231761382253;1.0;0.30976501389150624;0.5412015833910845;0.07527316760615736;-0.0014095443300902843;0.03979709967970848;2.297915816307068;0.00040021889144554735;0.0
833;4.035682196784556;1.0;0.4877835637135272;0.9354049344938699;0.04675357347821209;-0.004278119187802076;0.04447631929069758;2.234323799610138;0.0010654824203811587;0.0056640625
834;1.8581365552734477;1.0;0.13638785579522048;0.22366392828841936;0.05316254671960205;-0.0036416687304154038;0.004704629885964096;2.1993117570877074;0.0016233465168625117;0.01015625
835;4.390610960806371;1.0;0.5808154884098479;1.1684409171590182;0.04497141442666742;-0.0009264614433050156;0.03148456942290068;2.2041569709777833;0.00048001938266679646;0.0001953125
836;3.8899664961905716;1.0;0.36279978094722726;0.524870142060454;0.055347606776876355;-0.0021669935318641364;0.00476915379986167;2.1734943866729735;0.0008682887069880963;0.0060546875
837;-0.588352347806989;0.0;0.0;0.0;0.009293591064661922;-0.007304493617266416;0.02420734162442386;2.203020477294922;0.0013359408127143978;0.007421875
838;3.8052634289987797;1.0;0.5427180670176391;0.9407478144067563;0.026655469460377276;-0.01222975857090205;0.0060582216130569575;2.156167471408844;0.001128016842994839;0.001171875
839;4.036981948290121;1.0;0.36730965025784934;0.6072484177107456;0.0;-0.0016750117531046272;0.0859949516132474;2.158109223842621;0.0011021251906640829;0.0052734375
840;4.101315979532776;1.0;0.32575674683694295;0.5408722059771356;0.03743906706345502;-0.0007688718847930432;0.020840191282331944;2.135993409156799;0.000517385418061167;0.0
841;-1.0425260607460558;0.0;0.0;0.0;0.02644023284277982;-0.0015516560757532715;0.021575386344920844;2.112015652656555;0.0006382588529959321;0.000390625
842;3.5640624956707763;1.0;0.1958435263438522;0.33390264135893183;0.019871676097002747;-0.0059759002178907394;0.10361019428819418;2.1851484894752504;0.0008560657268390059;0.0021484375
843;4.169704283783533;1.0;0.5885435014940091;1.0949250681428961;0.09700111349668646;-0.002058292063884437;0.007077599177137017;2.274842095375061;0.0014927777694538236;0.0091796875
844;4.126143762563817;1.0;0.3018276215630504;0.5189510924801688;0.006868011676376004;-0.00474829135928303;0.027541947597637773;2.167684519290924;0.0009620020631700754;0.00390625
845;4.104287110141296;1.0;0.4308982916277343;0.6841697726806771;0.05684542059894594;-0.0007155720144510269;0.011361215775832535;2.192407476902008;0.0009177033323794603;0.0025390625
846;4.133137741777996;1.0;0.3878385509624048;0.6383006269493253;0.07257406032022674;-0.009103295765817166;0.05289306482300162;2.1684455037117005;0.0005921403411775827;0.000390625
847;2.709949347196828;1.0;0.29410167245905877;0.48672006556107106;0.13029608931288483;0.0007203510962426662;0.03230633353814483;2.1813488960266114;0.0007464278605766594;0.0005859375
848;3.5335462567328513;1.0;0.1963238950950231;0.32485710738646295;0.04799778046459834;-0.014708392694592476;0.008295622910372913;2.168188142776489;0.0020247004460543392;0.018359375
849;3.4749545349013427;1.0;0.46889068162758196;0.8445041923223146;0.12484068842747391;-9.171077981591224e-05;0.017560415819752963;2.117558145523071;0.0008195889182388783;0.0005859375
850;4.0810311427933526;1.0;0.4777962271432109;0.880125772033283;0.04109537040889514;-0.0019826345145702363;0.00612949097994715;2.075743567943573;0.0007918103248812259;0.0005859375
851;3.4950347103738753;1.0;0.24671689954660012;0.39640993729842117;0.0584712189995627;0.0009373818524181843;0.004539431701414287;2.072137767076492;0.001295944396406412;0.00625
852;3.2228529408924476;1.0;0.3065850875429283;0.4962916968219957;0.07950595484266573;-0.010647770576179027;0.11172645278275013;2.121682870388031;0.0008691130089573563;0.001171875
853;3.7741185364409633;1.0;0.5051062970292605;0.8104824141893864;0.0841912465737392;-0.0018953987397253512;0.04892880972474813;2.1628240823745726;0.0006286412826739252;0.0
854;3.826351309443991;1.0;0.2091026119432225;0.380815803599675;0.030999032080318872;-0.0009403182892128825;0.029309908021241428;2.1197431802749636;0.0009329050313681364;0.0041015625
855;3.810701913517359;1.0;0.4368949170297839;0.723276830700856;0.023976944676783365;-0.00719204475171864;0.02599619214888662;2.091630148887634;0.0005645024357363582;0.0009765625
856;3.883226133642829;1.0;0.5237534028105391;0.9264544569271531;0.07770707290025976;-0.001700641494244337;0.04435366978868842;2.056568276882172;0.0008687687455676496;0.0005859375
857;3.573620262088547;1.0;0.3326860802074847;0.6073935488802039;0.05705477154565982;-0.007368039200082421;0.005264343554154038;2.0295629799365997;0.0009773119003511966;0.002734375
858;4.340013221388817;1.0;0.6187873774751912;1.2277902523974702;0.06809411037863575;-0.006203167885541916;0.10074985660612583;2.112097477912903;0.0013597920071333647;0.0083984375
859;2.4409220920482153;1.0;0.11704132348163553;0.2115921852902425;0.04956019602977997;-0.0014924928080290556;0.042332672607153655;2.2011277437210084;0.0006967815570533276;0.0
860;2.936146166276595;1.0;0.14452460252949903;0.2538531248828898;0.03682473364772753;-0.003480903513263911;0.007604638882912696;2.164362907409668;0.0009964906377717853;0.0021484375
861;4.037570888392678;1.0;0.4938377526044922;0.9221704044384093;0.05395349257966576;-0.010697587998583913;0.02189266784116626;2.143361282348633;0.0008558861911296845;0.0025390625
862;2.891501665669143;1.0;0.13031796871804127;0.22163622604039293;0.1332243263765293;-0.0030002065002918245;0.04233446009457111;2.104931592941284;0.0005198670434765518;0.0001953125
863;3.2732480204913594;1.0;0.3151936393289875;0.5573436254148796;0.08262488009589451;-0.009350529778748751;0.024150222074240446;2.18617901802063;0.0004962511244229973;0.0001953125
864;2.724974325500785;1.0;0.1662365702363471;0.29437911646378007;0.017195384388385204;0.00010539139620959758;0.018722785741556437;2.2376654624938963;0.0008483076933771371;0.0060546875
865;2.0362283391438933;1.0;0.16399817453512652;0.2803993011959625;0.07975551721951571;-0.009507083194330334;0.04992243703454733;2.2493709087371827;0.0006438761367462576;0.0013671875
866;4.359213993696129;1.0;0.5858413486852894;1.0605437567752185;0.0334198818449288;-0.008787555387243629;0.005740611837245524;2.2631701707839964;0.0006379818078130484;0.0005859375
867;3.027321913988547;1.0;0.39678490093502566;0.6886597340619492;0.09867756152966835;-0.0054716576589271424;0.006207281653769314;2.1671859860420226;0.0008807337842881679;0.0001953125
868;1.946916517359457;1.0;0.17741479148672204;0.29543479148040447;0.04511744186913423;-0.004808428231626749;0.047643027175217866;2.210150396823883;0.0017261719680391253;0.016796875
869;3.8942679532998903;1.0;0.589343254459152;1.136996523710823;0.09870113748182578;-0.013988455664366484;0.010484587424434722;2.218647575378418;0.0007387396064586938;0.0041015625
870;3.9860225042580533;1.0;0.601761916920657;1.1806737648421275;0.10643647893537363;-0.006456013582646847;0.07094302419573069;2.2064869523048403;0.0006383012980222702;0.000390625
871;2.616158107035794;1.0;0.19602371553021955;0.3437400130827614;0.04650593000372556;-0.00977863846346736;0.027360753202810884;2.2642180204391478;0.0007899898919276893;0.0015625
872;4.08184958372943;1.0;0.5775370929727752;1.1389008916551038;0.07832066473461398;-0.005105516104958951;0.0204759152373299;2.198331344127655;0.0004966500564478338;0.001171875
873;-0.8232786953618229;0.0;0.0;0.0;0.005851339705353078;-0.014939671277534216;0.024496102100238205;2.206015706062317;0.0009069235878996551;0.003125
874;-3.0870707902737635;1.0;0.1338945019512122;0.2277195015109162;0.14212091849952516;-0.006236018659546971;0.01766355624422431;2.2102018713951113;0.000553913542535156;0.0005859375
875;3.8473060352965316;1.0;0.4622734479828567;0.8262658287309625;0.057409784884546275;0.0010437204909976572;0.02608883362263441;2.1631088614463807;0.0006458584917709232;0.00078125
876;3.7040226328555224;1.0;0.5750480741568795;1.0520314533503532;0.1513914096836217;0.0032324067316949366;0.023252787231467665;2.1388238072395325;0.00044122999534010885;0.0
877;3.943014904004656;1.0;0.5206196407060658;0.9626626833709367;0.09598913664077993;-0.006588810519315302;0.0313382058404386;2.158567464351654;0.00044562775874510405;0.0
878;-0.9687451612098135;0.0;0.0;0.0;0.05007873232262593;-0.0023550903890281914;0.026940666418522597;2.1691816091537475;0.00041186363669112327;0.0
879;1.864733139133375;1.0;0.2056716065527298;0.36955790393173127;0.10620245982936573;-0.003142099827528;0.0498051387257874;2.124222731590271;0.0008716952288523316;0.0021484375
880;3.1168620957686746;1.0;0.14019726434748989;0.24757283206953362;0.03235415997802609;-0.0020166519097983837;0.06224486064165831;2.1216556787490846;0.0010252434643916787;0.00703125
881;2.015583303792945;1.0;0.11699890972847782;0.19587835848983878;0.035994252399591496;-0.008628194639459252;0.005672241374850273;2.106935977935791;0.0020570157910697164;0.016796875
882;1.9527139757804697;1.0;0.19915362735213665;0.3425214066211766;0.05920258212316465;-0.0007008234038949013;0.02741492656059563;2.135358119010925;0.0013065048959106206;0.00390625
883;2.820284510293163;1.0;0.11492831411773008;0.20455240644464845;0.03050428702393189;-4.054768942296505e-05;0.0060156287858262655;2.208898293972015;0.00047975436318665744;0.0
884;1.7678850959337273;1.0;0.23550471198291267;0.3893588582005371;0.10678769578308824;-0.010606111446395516;0.0055542608024552464;2.2298107147216797;0.0011003458173945546;0.00546875
885;4.292475518608998;1.0;0.4761240105186097;0.806572710033599;0.06527230534780311;-0.006945125013589859;0.029867868451401592;2.1521606922149656;0.0010188967920839787;0.0064453125
886;3.042988929982994;1.0;0.32120613122082514;0.5386802642505468;0.10561161633007966;-0.0009103046264499426;0.09306540172547102;2.1306988477706907;0.00114541508955881;0.0048828125
887;-0.638922741396645;1.0;0.3495038143963105;0.618677837335755;0.14826806452508565;0.0002232598140835762;0.011670738901011645;2.131043493747711;0.0008474719594232738;0.0009765625
888;-1.4318620976576713;0.0;0.0;0.0;0.0;-0.0023061994696035983;0.008829121675807983;2.0758223295211793;0.0007558292709290981;0.005078125
889;3.0219389440824607;1.0;0.1687727829564251;0.3105094832626331;0.03404710888483603;-0.009013700252398848;0.0258391872048378;2.0833444714546205;0.000977198884356767;0.001953125
890;3.7299245150277276;1.0;0.2959897588996291;0.5379844773238055;0.07951130961782686;-0.00178205706179142;0.027635835576802492;2.1239052176475526;0.0005384397460147739;0.0013671875
891;4.039116731683538;1.0;0.4959170359356479;0.9717639702386976;0.14478313295771528;0.0009799172868952156;0.07782453065738082;2.148206722736359;0.0006244619027711451;0.001171875
892;3.2933465860400624;1.0;0.18883187046141034;0.3193034837297497;0.08832337960508663;-0.006843806663528085;0.005781160807237029;1.9866671323776246;0.0017530089942738413;0.009765625
893;4.42649374902599;1.0;0.5786012338362675;1.1012221871038315;0.024736773790052857;-0.007008953206241131;0.06668186169117689;2.029692459106445;0.0006041754619218409;0.0009765625
894;-0.09186977009217578;1.0;0.14604922549453767;0.23777864514316474;0.10406488921724961;-0.008711036294698715;0.0472429096698761;2.2114106178283692;0.0006615275284275413;0.0009765625
895;2.9300637949369017;1.0;0.12758884938101225;0.2306691451050908;0.07148338993896383;-0.0002162744291126728;0.004369967780075967;2.161558544635773;0.0012272014981135726;0.0044921875
896;3.2457889369701105;1.0;0.2696039006923573;0.4898631877052731;0.12066809007286011;-0.005409931670874358;0.07102673519402743;2.1758724808692933;0.0014575987937860192;0.0115234375
897;3.687861689652382;1.0;0.2806115533849568;0.48163190199172307;0.06614262796096221;-0.005924565903842449;0.04123778725042939;2.164180886745453;0.0006620049593038857;0.00234375
898;-4.769177648911846;1.0;0.17218241255051359;0.2822348052383265;0.078602307597595;-0.0016800467856228352;0.022162451688200236;2.120551860332489;0.0008641871972940862;0.005078125
899;3.4598030874951515;1.0;0.3903033693442301;0.5859620165806584;0.09179600555493002;-0.001984973344951868;0.025115446955896913;2.116703689098358;0.001535384962335229;0.01640625
900;3.1858683000710144;1.0;0.27181095091251073;0.4687285152116823;0.08742641278238467;-0.00807607676833868;0.01477070210967213;2.136223649978638;0.0007301803911104798;0.004296875
901;3.4071168798186307;1.0;0.36073272858361577;0.6804549186787908;0.09886843262813785;-0.0038964408449828625;0.026223467849195003;2.128397595882416;0.000742355256807059;0.00234375
902;2.5020063916309003;1.0;0.24457590846159066;0.4146016431809014;0.010921636457814349;-0.00021969471126794815;0.02193883918225765;2.138959062099457;0.0005802215193398297;0.0015625
903;2.7772540553961496;1.0;0.2736115610269149;0.4513297211306954;0.08410609897082741;-0.0019319813000038266;0.004650484537705779;2.041886627674103;0.0007535096723586321;0.0017578125
904;3.9223706301804184;1.0;0.4597972649913465;0.8399523361328607;0.06198442994121044;-0.005290656583383679;0.04376861667260527;2.060433840751648;0.0012888091849163174;0.012109375
905;3.7072795577424555;1.0;0.4638950990304697;0.8501809826863622;0.06008166518953222;-0.008058589091524482;0.05927860904484987;2.0835341691970823;0.0006534656044095754;0.001171875
906;3.9581054147468437;1.0;0.3457834509418486;0.628288566213598;0.08734862944069184;-0.004417442344129085;0.025219249352812768;2.0719332098960876;0.0010942497057840229;0.0033203125
907;3.3580975540089595;1.0;0.4980588195173995;0.9025914109856618;0.20727411132285967;-0.011204061191529035;0.022719499561935662;2.098262310028076;0.0011295267962850631;0.0044921875
908;3.0381737303572547;1.0;0.1403531986621087;0.2333161240815068;0.03172759850115004;-0.01020053648389876;0.004670669755432755;2.014209032058716;0.0018510796362534165;0.01328125
909;3.9900604432784563;1.0;0.4350223368225379;0.7917292981861165;0.08206090425870873;-0.004522001626901329;0.02369437396991998;2.027110570669174;0.0018071054830215872;0.0138671875
910;2.9284524441876245;1.0;0.38512487746448243;0.7282423985057409;0.16760456346789934;0.0042569578625261785;0.04162587844766676;2.053278958797455;0.0011123930336907506;0.00390625
911;2.6629746051861565;1.0;0.2856547567479636;0.5175818551749518;0.16151014000992472;-0.007591300969943404;0.02638847716152668;2.0988351941108703;0.001053848792798817;0.0060546875
912;4.113476590686959;1.0;0.45564720519201096;0.8807582472599592;0.0841401673175177;-0.0022513016127049925;0.04461065260693431;2.159049892425537;0.0010380555177107453;0.0056640625
913;3.1994108468108693;1.0;0.29883137163148576;0.45530305206600147;0.08684171841629824;-0.008839126024395228;0.026368719525635242;2.134436047077179;0.0009275083080865443;0.001171875
914;2.7952112019025237;1.0;0.4330014817231845;0.6917070486933314;0.2355970445160781;-0.0025098586454987528;0.004053486324846744;2.0158675968647004;0.0017194611602462829;0.0119140625
915;4.244848555379029;1.0;0.5278014007781425;1.027685485547563;0.10615025826190894;-0.0018107859650626779;0.032805950939655305;2.0148510456085207;0.0015515478909946979;0.02109375
916;3.4168157081439263;1.0;0.4527394882369213;0.8256880130161232;0.20895402725209294;-0.002380438009276986;0.03922649305313826;1.9960391342639923;0.0009452681639231742;0.007421875
917;4.233924852558226;1.0;0.6535420051526852;1.3008063824695628;0.08902442776583758;-0.0032521712593734263;0.021200308413244783;2.0059009075164793;0.0003431674442254007;0.0005859375
918;3.4886126083435607;1.0;0.16585126480545626;0.31092685703339956;0.0;0.0031425233464688063;0.016130776330828666;2.0286135613918304;0.0005582338315434753;0.0013671875
919;-0.9029059648813313;1.0;0.3535913052065606;0.5585198608142358;0.13820482543534293;-0.00505957561545074;0.029887333652004598;2.024938714504242;0.0012877813423983753;0.0064453125
920;3.77730335777799;1.0;0.22698940087474817;0.3787175762874028;0.0709304765071387;-0.011998073104768992;0.02774048442952335;2.0332215070724486;0.0015010894974693656;0.0091796875
921;2.806956301066486;1.0;0.34303576715011264;0.6245683851940997;0.09847165243627669;0.0025413739727810024;0.04624886480160058;2.035995137691498;0.0005504284519702197;0.0001953125
922;-1.629380170092083;0.0;0.0;0.0;0.09724043725953783;-0.0005518553778529167;0.05095636155456305;2.0091380000114443;0.0007096847170032561;0.0029296875
923;2.819361040013165;1.0;0.6129422826682875;1.2084757592362592;0.04553486253418344;-0.006038852548226714;0.007417886657640338;2.0312835395336153;0.0007039193995296955;0.00078125
924;1.7816836096331454;1.0;0.18930290695553464;0.35007774823715115;0.10133158187865288;0.001311415620148182;0.02619288288988173;1.9987174451351166;0.0007918875315226614;0.001953125
925;3.2003447510968934;1.0;0.3409471058977508;0.5546051151737413;0.03314475346736699;-0.0031743865227326752;0.04644841193221509;1.9902610063552857;0.0008262758608907461;0.003125
926;4.489722082244959;1.0;0.6736899230558342;1.3484489405091433;0.03893954553023909;-0.008710469026118517;0.0522876133210957;2.0874199151992796;0.0008263972122222185;0.0048828125
927;4.2397359255187475;1.0;0.4772368541256832;0.9564325522367354;0.010182771965705332;-0.01122420837637037;0.07406077217310666;2.097085952758789;0.0009309568791650236;0.0060546875
928;3.8669370817280067;1.0;0.32112881176039887;0.5463800361067556;0.04530316414316684;-0.005548205226659775;0.027397916931658984;2.065870237350464;0.0006429087836295367;0.00078125
929;3.0068694165362375;1.0;0.36856714546280694;0.6214550117934964;0.04470221671999359;-0.007795134070329368;0.005349833588115871;1.9849161505699158;0.0006938343052752316;0.00078125
930;2.67722497699917;1.0;0.29620542181100523;0.5188931672974424;0.06659713784908079;-0.013561204308643937;0.03948642075993121;2.0322404861450196;0.0017441910575143992;0.015234375
931;4.2450861035967575;1.0;0.5885524462836011;1.1379573196049477;0.05903305214135749;0.0019397163297981024;0.09111937647685409;2.105948770046234;0.000700341141782701;0.0005859375
932;1.791892164411463;1.0;0.2910745022682265;0.5031162918751698;0.04550476835849872;-0.006584412511438131;0.04605389842763543;2.1698116064071655;0.0012215760536491871;0.0087890625
933;4.080072040145485;1.0;0.5470369381306168;1.0097179740523632;0.06548394606005088;-0.009653700306080282;0.0429503533989191;2.1032632112503054;0.0008645770838484168;0.002734375
934;-2.583964442642102;1.0;0.3023187671435458;0.5325563959739006;0.07900076659203487;-0.00040274560451507567;0.04296758091077209;2.0743149518966675;0.0008132534450851381;0.0033203125
935;3.9582763494459554;1.0;0.6034636994426829;1.233044029908367;0.11048069013442707;-0.005241946410387754;0.03686170969158411;2.116413187980652;0.0012380360974930226;0.0064453125
936;4.1244726400200875;1.0;0.536941619024732;1.0305952181900697;0.06944438487249234;-0.005356683069840074;0.03469615178182721;2.092289316654205;0.0015591148752719165;0.0134765625
937;1.8961489500910358;1.0;0.23301503601084236;0.4135593125290124;0.04645647372961144;-0.01030735494568944;0.05280885268002748;2.1620138764381407;0.0011607883265241981;0.0072265625
938;3.8955512066333564;1.0;0.47725001807944034;0.8673304798746186;0.07192317894848493;-0.002240967657417059;0.020271387579850853;2.1701353788375854;0.000560478400439024;0.00234375
939;3.6714590283445157;1.0;0.5560020068439574;0.9527092451181625;0.12056635541351793;-0.004508842341601848;0.02335524479858577;2.1662403345108032;0.0005431124242022634;0.001953125
940;4.329180881094841;1.0;0.5757278311560731;1.1874481004620212;0.08066937583772836;-0.005517221614718437;0.03240855005569756;2.0936935782432555;0.0006732416688464582;0.0015625
941;0.9088737582339608;1.0;0.1535061283949526;0.2790340898351606;0.07118334403688584;-0.011281708255410194;0.04242481114342809;2.113713526725769;0.0008089838782325387;0.0021484375
942;4.0194810277732484;1.0;0.5255223034439199;0.9052992882141632;0.041415880737748885;-0.009932121075689793;0.01664688342716545;2.1831177949905394;0.0007704242947511375;0.0021484375
943;4.073911920588756;1.0;0.5684381604045566;0.9852769016970628;0.06292708086731796;0.000554191879928112;0.020651640254072845;2.1683430075645447;0.0019065882661379874;0.01796875
944;3.5154911484254474;1.0;0.37369284438736156;0.7146364494143005;0.07893617045643278;-0.001916809706017375;0.05234944699332118;2.0876158833503724;0.0010658326442353427;0.0037109375
945;2.8676021651168866;1.0;0.30144724174703935;0.5305976352874655;0.0664306885278215;-0.010169343370944262;0.07986721396446228;2.0859737634658813;0.0008551549050025642;0.0029296875
946;2.648868671028344;1.0;0.10480215768704595;0.1913600296233272;0.034291744996679766;-0.0008056318387389183;0.005869041581172496;2.126729679107666;0.000921054056379944;0.0029296875
947;3.7556679216954105;1.0;0.4448875545303391;0.7490076437371296;0.06444953770172686;-0.007301021227613091;0.027011902537196875;2.100735092163086;0.0008894035243429243;0.00234375
948;3.699228900510086;1.0;0.3735573316267916;0.6885241210332763;0.09244293785040837;-0.0004346857778728008;0.05130604561418295;2.1369165778160095;0.000921936600934714;0.001171875
949;3.9261849954526986;1.0;0.3082282524528393;0.5437640549628423;0.0375381549985984;-0.012305921409279108;0.029707848839461804;2.103611397743225;0.0010117202531546355;0.0046875
950;3.5503064754808125;1.0;0.2932489810170747;0.5272921895814953;0.07906225937037509;-0.006638597045093775;0.037917727744206785;2.014168643951416;0.0013157170615158975;0.0041015625
951;2.1901623283039946;1.0;0.5080439321980855;0.8453968382881166;0.10182712904663663;-0.004079397767782211;0.01447092965245247;2.0461564302444457;0.0005791943403892219;0.0
952;1.3288894722369844;1.0;0.1935201947488186;0.29545230785171167;0.01512587330831349;-0.008111948566511273;0.024828808149322867;2.118220055103302;0.000679239712189883;0.0015625
953;3.627710360707261;1.0;0.18600552091768172;0.32349440651797284;0.036228271497523876;-0.004041820950806141;0.05982108414173126;2.1129733324050903;0.000766608479898423;0.0025390625
954;1.7143990260189752;1.0;0.2600160732179655;0.43290151801555643;0.09320432142856308;-0.00593708218075335;0.034354045148938896;2.1286293506622314;0.0013313319999724627;0.010546875
955;4.264720854932966;1.0;0.5202713794638734;1.0035747831632584;0.01939377506549737;-0.007760773424524814;0.03446750985458493;2.143618869781494;0.0010352945420891047;0.00390625
956;1.3491887223514705;1.0;0.19193946737837134;0.3467899984421223;0.07039781653482557;-0.00716495830565691;0.027355662547051907;2.1691903948783873;0.001247299020178616;0.00703125
957;3.4751745818026443;1.0;0.33809978322277817;0.6085927337954727;0.047158172276988104;-0.0003703833557665348;0.023462481005117296;2.1294079661369323;0.0012045349343679846;0.0048828125
958;3.063048768096699;1.0;0.29945824753770944;0.48924952144441175;0.0875186313399816;0.0008557605324313045;0.022640177607536317;2.223087453842163;0.0010610034223645926;0.0048828125
959;4.084201167708828;1.0;0.4975879351135381;0.9268215291571013;0.05471976290062534;-0.00579569349065423;0.05041590705513954;2.1965206384658815;0.0016462731175124646;0.0126953125
960;3.6863948222642877;1.0;0.44667716717952216;0.6826717864939663;0.021657838548195325;-0.007654194999486208;0.010275944042950869;2.206095266342163;0.0010222957003861665;0.002734375
961;3.4910250928014577;1.0;0.44868700353108765;0.7364248030193677;0.1013943009566224;-0.005212355079129339;0.025190807553008197;2.2078468680381773;0.0006582269910722971;0.0005859375
962;-1.6863769840505793;1.0;0.2190471375374357;0.36336220493432725;0.008675950589054581;-0.011254013678990305;0.03208954664878547;2.215337836742401;0.0008913453435525298;0.0013671875
963;4.210631233258542;1.0;0.569580473453844;1.1159410911300465;0.06416190363972311;-0.01018039109185338;0.017328670900315046;2.2049952864646913;0.0006367742200382054;0.001953125
964;2.2381543212734547;1.0;0.2873332660198866;0.5088704432439397;0.08681664150880218;0.0002976618707180023;0.05624307859688997;2.1545664072036743;0.00038179195253178476;0.0005859375
965;3.592613155895088;1.0;0.32219470953077933;0.5944042686388847;0.10055496848106243;-0.01679769279435277;0.07286177333444357;2.1714214205741884;0.0011201526620425283;0.0076171875
966;1.7575292873488408;1.0;0.18558332332810104;0.31008945657443654;0.11924668625968757;-0.0027173895621672274;0.006918426067568362;2.1387630105018616;0.0010274235857650638;0.0037109375
967;2.760110567821313;1.0;0.2033155530100879;0.348473974177792;0.06861500560636871;-0.002448709588497877;0.05138049740344286;2.1763044595718384;0.001401386852376163;0.0109375
968;4.460044871317238;1.0;0.667380668335066;1.4061167877486722;0.05132361099010389;-0.0018345758318901062;0.02281698363367468;2.1973408818244935;0.0005944198230281473;0.0
969;-1.090386568960735;1.0;0.16616814397984805;0.28058544098547317;0.09431431087820852;-0.005329747311770916;0.053165888879448175;2.1807504653930665;0.0004890789394266903;0.000390625
970;0.9329315984189548;1.0;0.13599358262802633;0.24020173036081038;0.06049204458788573;-0.0020619955845177173;0.04798846459016204;2.2324274301528932;0.0009141507558524609;0.00234375
971;3.0072096831652058;1.0;0.1658163455144374;0.2848606062528773;0.05656723915382905;-0.004692626046016812;0.023855891590937973;2.2464407205581667;0.0005278036580421031;0.0009765625
972;3.7105593822120304;1.0;0.6097988659808783;1.1710177225164438;0.14241452739538177;0.0009419694542884827;0.011900399439036846;2.294576573371887;0.0009137353394180536;0.001171875
973;3.231985495389675;1.0;0.29143897878246866;0.5105246435777625;0.07734092844987216;-0.0028766088653355837;0.011634333711117505;2.2597410321235656;0.0013147630379535258;0.0056640625
974;1.0139431046131355;1.0;0.18748575467912673;0.3216947415916773;0.04825240992716187;-0.004921829141676426;0.01965395025908947;2.288504457473755;0.0010567740653641521;0.001171875
975;3.311457819451226;1.0;0.21321371022816324;0.36668711838334855;0.031858035854843876;0.001535252621397376;0.035104038659483194;2.1887810826301575;0.0006755710463039577;0.001171875
976;0.10866643265793918;1.0;0.3569550272876036;0.6206746547520795;0.08380754164653503;-0.010665087145753205;0.011848797928541899;2.1884357571601867;0.0006033295299857855;0.0001953125
977;4.275387870684329;1.0;0.6520678930189943;1.2869497257376465;0.06658164360289447;0.001427293661981821;0.0239305954426527;2.2119035720825195;0.0008229625527746975;0.0041015625
978;3.7706764249015996;1.0;0.5508336351003286;0.9928880784532055;0.041387142389121154;-0.005129895405843854;0.041002560034394266;2.221658766269684;0.0004619302111677825;0.0
979;4.098521567082724;1.0;0.5482846963084932;1.047174813100916;0.05969167597935054;0.0016666538082063197;0.01966555560939014;2.136509883403778;0.0009257821599021554;0.0015625
980;4.0240220370241495;1.0;0.26823674126655456;0.40878688407998376;0.01289246144112198;-0.004687133710831404;0.0066434313543140885;2.042557567358017;0.0007675820495933294;0.0001953125
981;2.844010665628539;1.0;0.291548914932341;0.48448354941632105;0.059624166425926925;-0.002087289420887828;0.005013363063335418;1.965297371149063;0.0016998113598674536;0.0111328125
982;3.68524558485633;1.0;0.24401555142135942;0.4403614995489221;0.020200111778786087;0.003479941748082638;0.08891699239611625;2.0439560294151304;0.0008944787085056304;0.0025390625
983;2.4832631887133587;1.0;0.14268222334769845;0.255017086519217;0.06442139679396996;-0.00255751796066761;0.02324923281557858;2.0921282172203064;0.0011772238765843212;0.0017578125
984;2.872223632572245;1.0;0.18183726085183052;0.2991390621157887;0.1049808638826958;0.003425024449825287;0.037170456955209374;2.0500487327575683;0.0005799035192467272;0.000390625
985;3.7571794269918795;1.0;0.2850415699638138;0.5213807482166039;0.04035825855105044;0.0001677308464422822;0.03894245661795139;2.044630092382431;0.0007010704139247537;0.0015625
986;1.114583007847927;1.0;0.15556565576833672;0.27618746955686024;0.06451625827673584;-0.005849720491096377;0.026827002875506878;2.0714155793190003;0.0007297134725376964;0.001171875
987;3.931316305067312;1.0;0.332443208718744;0.6500230385799536;0.03805295318432645;-0.00594021356664598;0.02332437988370657;2.07733690738678;0.0010394029901362955;0.0056640625
988;4.295038276814552;1.0;0.4778327666418535;0.8661557107894375;0.03806823171707961;-0.007656744727864861;0.05615004226565361;2.0993605494499206;0.0010122352978214622;0.0041015625
989;3.13134663752475;1.0;0.376494929041662;0.5834785587943168;0.08329106148753099;-0.0022377625573426485;0.031315880035981535;2.078838884830475;0.0006030568154528737;0.00078125
990;4.1855712359774015;1.0;0.6810705684355858;1.3444063665385135;0.07126004988933562;0.0016374196857213974;0.05810372028499842;2.050179696083069;0.0010173202375881375;0.0046875
991;3.477480974817084;1.0;0.19083602196525606;0.30959869639585574;0.06066690542602547;-0.008503090962767601;0.018127721082419158;2.030701017379761;0.0011991203879006206;0.01171875
992;3.927169859911678;1.0;0.38546621175434714;0.6514434057960321;0.0076227099266499105;-0.00504330936819315;0.0450117900967598;2.038913977146149;0.0013244081172160804;0.0091796875
993;2.900776586890323;1.0;0.21151734242773587;0.3242167790302996;0.052172230780912626;-0.0008866865886375308;0.029957099771127104;2.0806668996810913;0.0011498795123770834;0.001171875
994;4.177121466315421;1.0;0.43123036295389977;0.8203610237276652;0.046796417441440384;-0.004912151303142309;0.009480886720120906;2.124650228023529;0.0005914770066738128;0.000390625
995;3.693746795244369;1.0;0.4829240018800624;0.8358186689109841;0.0855945143867925;-0.004216641467064619;0.017798076663166285;2.1494272470474245;0.0007104906253516674;0.0021484375
996;2.9196948867153583;1.0;0.2974681028448856;0.5528273060029617;0.037322859765735024;-0.005940885003656149;0.06135987117886543;2.0331114709377287;0.000796411745250225;0.00234375
997;3.841155658228697;1.0;0.4840573929406527;0.870447127680468;0.0690358787956245;-0.00758883492089808;0.03539620153605938;2.048085218667984;0.0009924084646627308;0.0013671875
998;3.6183009634643044;1.0;0.4509265602951715;0.8211716205825839;0.048860613739010614;-0.0009684069780632853;0.0382765581831336;2.0253800213336945;0.0008713017567060887;0.003125
999;1.2383256769453344;1.0;0.19473820534421718;0.30228615864874764;0.0063900075809975015;-0.011869520135223865;0.0376391208730638;2.0618982672691346;0.0009902824065648019;0.0025390625
1000;2.9670830011142533;1.0;0.35844544152802166;0.5186535550368692;0.05205387241651329;-0.008591074566356837;0.010393877141177654;2.059224486351013;0.0007903592777438462;0.0005859375
1001;3.7805657754937645;1.0;0.501330447104451;0.9413450421977266;0.015649385730892508;-0.002431985456496477;0.033218624209985136;1.9721489310264588;0.0018161612562835217;0.012109375
1002;3.843227677307874;1.0;0.5842726581724873;1.0788347404035197;0.056365969979889144;-0.0008710039313882589;0.052270266506820914;2.0178871870040895;0.0007149753742851317;0.003515625
1003;4.182150280801622;1.0;0.6401975216892586;1.2518224957797037;0.06403525131027459;-0.006056831334717572;0.03651807336136699;2.0283288836479185;0.0011417269706726074;0.009765625
1004;2.220748394648081;1.0;0.5227713305285155;0.7717906379635269;0.03832509955011202;-0.007842712360434234;0.02157698553055525;2.059442090988159;0.0007213557488285005;0.0021484375
1005;2.6227831976927374;1.0;0.10186795958249699;0.18143754500671033;0.03558861105474812;-0.005240486562252044;0.024013179680332543;2.004420465230942;0.0007801483036018908;0.002734375
1006;1.0124871479245745;1.0;0.19412036582432532;0.34935095766849505;0.06829940298266489;-0.0052941575646400455;0.02252454184927046;2.0128217458724977;0.0021437092684209345;0.02109375
1007;-1.5874928422600514;0.0;0.0;0.0;0.04586767152222854;-0.009172947145998478;0.037625623121857646;2.101370370388031;0.0009840078302659095;0.0068359375
1008;3.2739947018686566;1.0;0.5154989603581596;1.0080904808225892;0.006835794214175697;-0.006020960072055459;0.06710172463208437;2.1001173138618467;0.0011353428126312792;0.0076171875
1009;4.535743246343392;1.0;0.6483580921480471;1.4011830734074338;0.01660768219979496;-0.0032139393035322426;0.01744148803409189;2.078484630584717;0.0005661538452841341;0.0001953125
1010;3.612660453164006;1.0;0.5097891389266378;0.9338987525592053;0.03966617101781453;0.0012484034057706594;0.023735990142449738;1.9483102142810822;0.0003124573151580989;0.0
1011;4.009690748122574;1.0;0.5353032203316747;0.989124561952068;0.03801081966014583;-0.005023345164954662;0.03857228187844157;1.9646620988845824;0.001009452750440687;0.003125
1012;-1.172361240333813;0.0;0.0;0.0;0.03214598620398181;-0.003013192629441619;0.05207201912999153;2.011644351482391;0.0004539610701613128;0.0
1013;3.4343304709730247;1.0;0.46323663248251096;0.79753523561512;0.03579587369980348;-0.010950767109170556;0.015460686339065433;2.0253163516521453;0.0008142893435433507;0.0029296875
1014;3.3076954423472045;1.0;0.6135600021478442;1.147166677616534;0.05685920227114479;-0.00504517515655607;0.04668459370732307;2.07217675447464;0.001007659116294235;0.005078125
1015;3.2538188233433876;1.0;0.3060718160002972;0.5791655972633047;0.05140145335127005;-0.003873620298691094;0.04096549730747938;2.079960083961487;0.0008396473829634487;0.0025390625
1016;3.2071572807309394;1.0;0.2227986230362287;0.41761428632581377;0.03209550876432362;-0.0017611270304769278;0.013185373274609447;2.1250123739242555;0.00068995610345155;0.0001953125
1017;4.010716581588265;1.0;0.3903332098530934;0.736612276835412;0.020260250026838927;-0.0019977553747594357;0.02356754718348384;2.1286075711250305;0.0008314623381011188;0.0021484375
1018;4.2547939309092655;1.0;0.5000986703829152;0.8743164431622803;0.01892061757792282;-0.0037376116029918193;0.0066732368664816025;2.079732048511505;0.0016792148118838668;0.0146484375
1019;4.124030426291259;1.0;0.4654577691348312;0.8475100356859828;0.03870601229092004;-0.005549722095020115;0.04476892873644829;1.984769380092621;0.001106291764881462;0.0029296875
1020;-1.0781385903699872;0.0;0.0;0.0;0.0;-0.002118952898308635;0.035441271495074034;2.009399002790451;0.0008692506002262234;0.006640625
1021;4.135510796497444;1.0;0.5181117484262469;0.9720730362437745;0.01563907012178647;-0.009852704731747508;0.01636427827179432;2.0197958290576934;0.0010165661456994711;0.0044921875
1022;3.9382473249687755;1.0;0.3982212539943163;0.66441470548234;0.05033117450250327;-0.001552932895720005;0.025188680086284877;2.066956269741058;0.0008954147575423122;0.0021484375
1023;2.855171139417461;1.0;0.22952245527948667;0.36561070273778506;0.056912119285961245;-0.012020852789282799;0.025226716231554747;2.0222831845283507;0.0008887793985195458;0.0013671875
1024;4.299249260279842;1.0;0.47079602255458847;0.9084669188429287;0.025564493042708844;-0.004807936027646065;0.03159840353764594;1.9581331491470337;0.000810943020042032;0.0021484375
1025;3.803752061052839;1.0;0.42795888643565877;0.740339395022521;0.0347299860598474;-0.008500639349222183;0.013302396633662283;2.003205943107605;0.00105667196912691;0.000390625
1026;-0.8874983686795865;0.0;0.0;0.0;0.0;-0.012140060495585202;0.029350408352911472;1.9988169133663178;0.0009571205358952284;0.003125
1027;1.6587586603562325;1.0;0.3350116674744671;0.5771528617935135;0.0007815734565129365;-0.0029195381328463556;0.053021828085184096;2.017540854215622;0.0002162916585803032;0.0
1028;2.698761075247766;1.0;0.09790004242721427;0.17304427614644077;0.009180013111945334;-0.0036141533870249986;0.03278100322932005;2.0730694770812987;0.0004028715309686959;0.000390625
1029;3.9175540835895277;1.0;0.5215982810728887;0.9197472750748409;0.10161372973872541;-0.002994192880578339;0.026490561151877045;2.089824914932251;0.0005537806777283549;0.001953125
1030;3.401105266633953;1.0;0.5193820241976352;0.978874051208157;0.05851664309270827;-0.011548394476994872;0.06576058957725764;2.0142840683460235;0.001487282000016421;0.0119140625
1031;3.459240350767635;1.0;0.22866286187292925;0.3792313819058905;0.02132978905652625;-0.0062384694814682;0.027159346174448727;2.0354888319969175;0.000454599445220083;0.000390625
1032;3.2774523533092026;1.0;0.1671263600275958;0.3205824234684405;0.010392504351991391;-0.015770641341805457;0.04244376989081502;2.0398186326026915;0.0006900063366629183;0.0015625
1033;3.9810212265463925;1.0;0.6624482105058197;1.3462259388699596;0.06747935792356606;-0.011957404180429876;0.028448500344529747;2.0585981607437134;0.0010035861399956048;0.0048828125
1034;-2.235031922858737;0.0;0.0;0.0;0.01738412046777694;-0.0022696932777762414;0.06211080756038427;2.0695557713508608;0.000788772280793637;0.0001953125
1035;-3.5505893811192926;1.0;0.12589832366006293;0.21096929534816447;0.0030252085197598633;-0.008350437320768834;0.035807321406900884;2.0826433658599854;0.00046426341868937014;0.0001953125
1036;3.8714565045748817;1.0;0.6064352052135735;1.1866949808364942;0.10780816048568478;0.0022126321098767223;0.02577641000971198;2.121863842010498;0.0010612327721901238;0.0064453125
1037;4.217983473700544;1.0;0.3478099656974582;0.6314117402407542;0.014110771845788043;-0.010344935674220323;0.012208123272284866;2.158095920085907;0.0015115909744054079;0.0087890625
1038;3.435775904187975;1.0;0.35967654931452236;0.6680915832677031;0.059136310216204246;0.004288577171973884;0.03650090899318457;2.164990723133087;0.0005588414729572833;0.0005859375
1039;3.968385127702814;1.0;0.35562804886594845;0.5920402474892437;0.0393281997056056;-0.005464401748031378;0.07028537448495627;2.140723931789398;0.0006222518743015826;0.00234375
1040;3.8329199669293867;1.0;0.22181224500608104;0.40917229349845363;0.008692027452732306;-0.0049974262481555344;0.023668205738067626;2.17644659280777;0.0015944994753226637;0.0126953125
1041;3.06642478759892;1.0;0.1990841110584077;0.359674255934756;0.06508483280084634;-0.01924505066126585;0.056621331442147496;2.183144581317902;0.0016622176044620574;0.014453125
1042;4.0608136376237525;1.0;0.5883925122776217;1.1128893963256978;0.11332287489808521;-0.006273203296586871;0.00807602689601481;2.184475839138031;0.0007860039360821248;0.0001953125
1043;2.66596580941519;1.0;0.09313719132514407;0.17073830843023433;0.0;0.003827951254788786;0.03767533195205033;2.1721635222435;0.0008368069888092577;0.001171875
1044;3.8920465010614596;1.0;0.5403385210391517;0.9791982973859757;0.13388991822754856;-0.007720423373393714;0.028110622335225342;2.2058872103691103;0.0005447292816825211;0.001953125
1045;-0.06462511169229135;1.0;0.2849573162972868;0.5010803364154003;0.017747640288378753;-0.0077403300441801545;0.04688892471604049;2.227633535861969;0.0013786010909825563;0.00859375
1046;3.3565691257113763;1.0;0.24451069994636213;0.435296875687022;0.08178960225269341;0.00012916638515889645;0.008117712452076375;2.279382884502411;0.0007213546545244753;0.0025390625
1047;4.292206972028084;1.0;0.5783752660282254;1.1040564612101804;0.03602763106157774;-0.007254083734005689;0.024645063374191523;2.2684879541397094;0.00048076396342366934;0.0
1048;2.710929033120541;1.0;0.15127566258331884;0.27626990730113477;0.010044731177229418;-0.012431422993540765;0.04341502129100263;2.2410032987594604;0.0006511232350021601;0.001953125
1049;3.622306897367265;1.0;0.32810267300793783;0.6110567475271188;0.0366459749721131;-0.009424982080236077;0.023899733414873482;2.209423303604126;0.0014314676052890718;0.009375
1050;3.4991047381793567;1.0;0.2709305994898743;0.4350498634643959;0.027758431579866915;-0.007216668548062443;0.03897929671220481;2.249191403388977;0.000705100444611162;0.0017578125
1051;3.9752216186272156;1.0;0.40820772376536446;0.7252743916062384;0.06439245727861567;-0.014800104964524507;0.05371108166873455;2.283514404296875;0.0007928425446152687;0.002734375
1052;4.000875943709265;1.0;0.6586771632078459;1.2428777948758294;0.09799983889353049;-0.004449465731158853;0.02233292032033205;2.242638552188873;0.0008547018049284815;0.0021484375
1053;4.116130581664226;1.0;0.5621914001832063;1.0448284221191366;0.057934701162959464;-0.00984868248924613;0.03483014130033553;2.250093126296997;0.0013602388207800686;0.0091796875
1054;3.4387453096151614;1.0;0.32367145078006665;0.5731103550028408;0.049889698426113856;0.0006866028532385826;0.03746185628697276;2.314838945865631;0.0006763248005881905;0.0
1055;4.204586257885887;1.0;0.5406185149525352;0.978399356229829;0.09175375335453914;0.0025726544670760633;0.03202160652726889;2.2493018984794615;0.0005488839698955417;0.001171875
1056;3.6545053754415218;1.0;0.5146060865883055;0.9221554271911864;0.07384604235603268;-0.005552357714623213;0.04029862266033888;2.213792145252228;0.0007288914755918085;0.000390625
1057;4.2220675703173285;1.0;0.43060835477471016;0.7695423022292001;0.03132259120071705;-0.0015999487601220607;0.005901792412623763;2.2382180094718933;0.0014568203245289625;0.0048828125
1058;2.960834898187327;1.0;0.494787761146673;0.8969468224633705;0.11221931262020342;-0.00446035428903997;0.02613893002271652;2.1928292512893677;0.0007751540397293866;0.0015625
1059;3.3019886645215832;1.0;0.41834784212511983;0.6278059587517894;0.06585381735941187;-0.0031936615239828827;0.023082102369517087;2.205994391441345;0.0005243450752459467;0.0
1060;3.6316215502891933;1.0;0.211508930963275;0.3746609618908755;0.04673770636663293;-0.007161818095482886;0.037389334756881;2.2191450595855713;0.0007037692237645387;0.0033203125
1061;4.113436207337209;1.0;0.33528992219668924;0.6389691534537716;0.011575689822347636;-0.004610292939469218;0.038740190025418994;2.186815059185028;0.0005497700767591596;0.0013671875
1062;4.016288352897798;1.0;0.3509811215408006;0.5800471714629793;0.005710566517170395;-0.015995806781575084;0.010576623771339656;2.2316762685775755;0.0015750559046864509;0.0166015625
1063;4.226901870149499;1.0;0.6142823863490271;1.2192153527488774;0.07074022408749203;-0.002954599400982261;0.023107408778741956;2.1970914959907533;0.0010612126905471086;0.00546875
1064;3.9958257688394108;1.0;0.5074020699647293;0.9316668985282759;0.060797654703020725;-0.00967866606079042;0.0312807276379317;2.1557053327560425;0.0007004919927567244;0.0021484375
1065;3.5953400613235615;1.0;0.5201031049616579;0.9148186496298929;0.044290123566029814;-0.01092359321191907;0.02963612778112292;2.185645866394043;0.0009316214476712048;0.0044921875
1066;2.644593095419735;1.0;0.19595738339823965;0.36131009842540474;0.01916131868073741;-0.009543638955801726;0.012462749518454075;2.149295246601105;0.0010832771426066757;0.000390625
1067;3.6533958134534004;1.0;0.3397747020764594;0.641260714237696;0.04258255300195719;-0.01689638301031664;0.04108585864305496;2.1777517795562744;0.00102680946001783;0.003125
1068;3.5197293073690408;1.0;0.28038029177943236;0.46991565252303363;0.07328705412231483;-0.0038823748007416727;0.03727724282070995;2.1822764039039613;0.0009135712753050029;0.003515625
1069;3.9660187814231445;1.0;0.5362365317288941;1.049900791429717;0.08177471879551046;-0.006243678624741733;0.01960687097162008;2.1953448176383974;0.0007082335301674903;0.0015625
1070;4.194980839149029;1.0;0.6099883078220943;1.1749137325405021;0.03192808929609698;-0.0182077385019511;0.024544018786400557;2.2097976565361024;0.0008251783205196261;0.0033203125
1071;3.3054712318343946;1.0;0.15351096180295265;0.2619746484547733;0.013487273048096635;-0.0029000369366258385;0.05281843519769609;2.280846083164215;0.001093373366165906;0.0029296875
1072;4.273764709834912;1.0;0.6744484843587876;1.3868771205155033;0.042754438985781594;-0.0030116809532046316;0.03867859533056617;2.244567501544952;0.0008187165716663003;0.0013671875
1073;3.874377644990072;1.0;0.5034581315957586;0.8409949744289541;0.063320024761025;-0.007875811494886874;0.00569493540097028;2.2216588497161864;0.0015872635529376566;0.011328125
1074;4.381235424518682;1.0;0.6033262035392066;1.166925526840247;0.037183173252233956;0.0018105098512023686;0.03917448599822819;2.190123772621155;0.0008167043677531182;0.000390625
1075;3.665112332496973;1.0;0.3925138010157861;0.6381278320031164;0.05718030246617004;-0.0032116354675963523;0.023729870980605482;2.2812973618507386;0.0005238995305262506;0.0005859375
1076;4.305709972886635;1.0;0.5555033743626469;1.0125159747931898;0.04704471968575614;-0.003507094969972968;0.04131833049468696;2.204153609275818;0.0007120620342902839;0.0017578125
1077;2.2975557613228776;1.0;0.1135281296008404;0.2098327043332425;0.022117254776627956;-0.004928581696003675;0.008066306170076133;2.1984819650650023;0.0011248189955949783;0.005859375
1078;4.187807030362226;1.0;0.5128759157603903;0.8981350211336142;0.060997785303498954;-0.004763394547626376;0.05117873251438141;2.2133984923362733;0.0009466076153330505;0.0015625
1079;4.019043745614868;1.0;0.5258227978942526;0.9909988606524028;0.06838350743258129;-0.004029165115207433;0.030305509082973005;2.110983657836914;0.0007293237838894128;0.0
1080;4.015285066690026;1.0;0.3222250514799703;0.5384612791540377;0.0214862403566401;-0.01082639442756772;0.006332440045662224;2.1763690948486327;0.001510308717843145;0.003515625
1081;3.1098846990284335;1.0;0.3295978515016443;0.6032391910039014;0.09966464327645197;-0.001974839251488447;0.024610778037458658;2.1677956104278566;0.0007162668276578188;0.001171875
1082;3.7989133061458995;1.0;0.5856251271921747;1.0947143784887625;0.06967145545762236;-0.0065541280899196865;0.040699592186138035;2.1489188075065613;0.001384169247467071;0.005078125
1083;4.482530144796893;1.0;0.5766161662156526;1.0874161383720236;0.006127834583480631;-0.003653728449717164;0.05572055364027619;2.1484684467315676;0.0007692916202358902;0.0009765625
1084;4.08149029880923;1.0;0.4630576699675114;0.8602112759782878;0.06515001727914543;-0.008321059611625969;0.008001949870958924;2.1923005104064943;0.0007776065613143146;0.00078125
1085;3.7894711143008575;1.0;0.5615369895015748;1.0203962787167948;0.08648631268613674;-0.005487967748194933;0.03805178748443723;2.215130662918091;0.0013125141616910697;0.0046875
1086;3.994716290138804;1.0;0.5428765975418116;0.9835363045991183;0.03181190326527704;-0.002362529095262289;0.04047291968017817;2.073678469657898;0.0009257910191081464;0.0009765625
1087;4.100494276718378;1.0;0.5664648577493794;1.063178477298077;0.07763841672593222;-0.011007141205482185;0.022416302049532533;2.1727409601211547;0.0011143277515657246;0.0044921875
1088;3.8888779178472905;1.0;0.6086350614667028;1.183618826058393;0.1539788000509065;-0.0066895384807139635;0.008909279014915228;2.1581565737724304;0.000506677373778075;0.0009765625
1089;3.979677949410237;1.0;0.23601131012741058;0.41904861639480434;0.013383101032406796;0.0006178922951221466;0.028338015405461194;2.188971769809723;0.0008508760016411543;0.002734375
1090;4.50121342090612;1.0;0.6315956916673364;1.1891362872179427;0.02132704769726103;-0.00851183533668518;0.02824522990267724;2.1983480930328367;0.0011418893467634917;0.0046875
1091;4.316442607765346;1.0;0.54661653596155;1.0258337528844543;0.01512935935307796;9.97796654701233e-05;0.028253467008471488;2.1499324560165407;0.0012145043117925524;0.0072265625
1092;4.2240243837855935;1.0;0.3907787285176488;0.6529295582499347;0.0368400221746266;-0.014720959821715951;0.04422544213011861;2.107686960697174;0.0004875820246525109;0.0
1093;2.4424309432525173;1.0;0.28404493612191645;0.4994976673768556;0.05182619301539556;-0.0027459472650662063;0.026461281860247255;2.118322730064392;0.0010533013613894583;0.00546875
1094;4.329745301128074;1.0;0.6608717618649015;1.3203720199162705;0.036201034305332995;-0.007534517208114266;0.04704634910449386;2.2057652950286863;0.0009253691299818456;0.0013671875
1095;4.226194780059616;1.0;0.5689123264052235;1.0742508966006918;0.043653157275843256;-0.0022823400096967815;0.025784365041181444;2.0776227951049804;0.0010283812414854765;0.0025390625
1096;3.940550769497782;1.0;0.2644088654943529;0.49448379481610333;0.024759451615450085;-0.004029773594811559;0.014837701246142388;2.101200556755066;0.00098585196537897;0.0005859375
1097;3.9200590117582923;1.0;0.23344310121490325;0.3727631413080182;0.006353376053211896;-0.005113502684980631;0.03773786379024387;2.087165892124176;0.0014603651128709317;0.010546875
1098;4.356888738572391;1.0;0.6890413704082509;1.4171941953983649;0.06522820073495646;-0.006320169754326343;0.05345582030713558;2.038768094778061;0.0004657919867895544;0.0
1099;4.386398401794603;1.0;0.5556765457070981;1.1552451007373978;0.013964654417930981;-0.009425790887326002;0.022651715204119682;2.052518832683563;0.0009816606412641703;0.00234375
1100;1.9518053146943228;1.0;0.17058590266768098;0.3175103223682475;0.029585617386216616;-0.012111207330599427;0.01884844689629972;2.006083405017853;0.00091488464968279;0.0013671875
1101;3.4980258626284426;1.0;0.3138916135499449;0.5823604147183595;0.05521097971948478;-0.008501297002658248;0.026212282106280328;2.0384279668331144;0.0008673213073052466;0.00234375
1102;-0.8814364716873508;1.0;0.13304642259101596;0.23312313014785335;0.04867576335950887;-0.0025794994551688434;0.0422575244680047;2.085851800441742;0.000805981713347137;0.0021484375
1103;2.4694942237171245;1.0;0.2735559409144693;0.507543720869268;0.08495868196523976;-0.007251806324347854;0.016634205356240273;2.170605719089508;0.0012828906765207648;0.0103515625
1104;2.451234681936231;1.0;0.10924071520849488;0.20808301909106214;0.028506093949283377;-0.01269272156059742;0.057060816511511805;2.182191014289856;0.0012572568608447908;0.00703125
1105;4.4387829201352025;1.0;0.6146483777317245;1.149507504721955;0.030359109889491184;-0.007336509763263166;0.007119261962361634;2.0910498023033144;0.0013237713603302837;0.0076171875
1106;2.4303688019830707;1.0;0.18560969834070246;0.3346236314658403;0.06329133965612581;-0.004198124306276441;0.0420379641931504;2.1322380661964417;0.0012674471363425255;0.0083984375
1107;4.1443846962182205;1.0;0.29741641505909777;0.5629287417885406;0.012184767416099206;9.009339846670628e-05;0.03341197483241558;2.0272469758987426;0.0006050809985026717;0.0005859375
1108;3.6897460735222967;1.0;0.46364308739183646;0.8585126982040925;0.09726763588906583;-0.0035478330682963133;0.027694879984483122;2.099485230445862;0.0009782793931663036;0.0046875
1109;2.3588246420733565;1.0;0.2726344875499837;0.3759195025530738;0.16287731790570398;-0.007519242446869611;0.008983089728280902;2.063661348819733;0.0016626379452645778;0.008203125
1110;3.942633550898642;1.0;0.45919302734103234;0.8654481355335376;0.07935487602013383;-0.00819978816434741;0.026176452031359078;2.112546980381012;0.0016595991794019938;0.0072265625
1111;4.1527035311281315;1.0;0.674905511481795;1.3890049318496642;0.10324038352642201;-0.0009208972565829754;0.06277161594480277;2.167303216457367;0.0008684370317496359;0.0021484375
1112;4.198601185770828;1.0;0.5294615515965352;1.0153386708399292;0.024197138940673373;-0.006960603618063032;0.008631256804801524;2.034952622652054;0.0006770938402041793;0.0009765625
1113;4.1015608558747285;1.0;0.569601898280188;1.1035390003445944;0.05753530734011841;-0.0033812038600444794;0.04282522425055504;2.0652945160865785;0.0010395757970400154;0.0044921875
1114;4.128690250849635;1.0;0.40488124267220277;0.742625967218175;0.05505433991984511;0.0032468722201883793;0.03853226853534579;2.0468846201896667;0.0010354712489061058;0.0033203125
1115;2.9307961170166674;1.0;0.12083876035272191;0.21449020136746502;0.050381291959807624;-0.008315665181726217;0.008277785591781139;2.092573380470276;0.0009721860638819635;0.0015625
1116;4.0006425804255095;1.0;0.471967163500896;0.8511335297844584;0.05813302944431696;-0.008081907173618674;0.036941095162183045;2.1432366132736207;0.0009327373583801091;0.0013671875
1117;3.8623735979365343;1.0;0.4222071382610073;0.7026616899089382;0.0698527867592471;-0.011967330542393028;0.026925897179171442;2.032795560359955;0.000961580267176032;0.00234375
1118;4.192742294022149;1.0;0.3204529624283238;0.568288148614712;0.033207238143028325;-0.010654302779585123;0.005203035566955805;2.0507479548454284;0.0012194323586300015;0.003515625
1119;-0.7869688463228023;0.0;0.0;0.0;0.0013406407101430365;-0.011101736221462488;0.05968909114599228;2.0474555253982545;0.0007983941817656159;0.0033203125
1120;3.709473505360196;1.0;0.28263912904774424;0.5410362316853699;0.022883148729195744;-0.0035295478999614717;0.04018297069706023;2.1476398944854735;0.0009060979820787907;0.003515625
1121;2.066350641461789;1.0;0.1449764936275942;0.24543790461959938;0.055460517755485925;-0.006529568042606115;0.02180108034517616;2.1209107279777526;0.0009086795500479639;0.0001953125
1122;3.602331189517048;1.0;0.2975031080573255;0.5712214171952809;0.06824550036684553;-0.004274298856034875;0.04624063135124743;2.0420314013957976;0.0008758849580772221;0.004296875
1123;3.8223469895823867;1.0;0.42155463016495776;0.760002164390052;0.09999004942967957;-0.012823902489617466;0.016430092277005315;2.0547590017318726;0.0013615904026664793;0.0037109375
1124;3.362835614851884;1.0;0.26685861603083916;0.4740400137164042;0.09882743494204188;-0.0018442189786583186;0.025658128224313258;2.0913872122764587;0.0005635176203213632;0.0
1125;3.861480202444092;1.0;0.386867792803584;0.6968415807807722;0.03877150671018706;-0.009275584854185582;0.051166344061493875;2.0182720720767975;0.0010406618937849998;0.0046875
1126;3.0575497852684497;1.0;0.3546994636067155;0.6095169310386845;0.04972191763824045;-0.009361568279564381;0.05710678771138191;2.0498576402664184;0.0009381394134834409;0.005078125
1127;3.416906195840132;1.0;0.4120318766622322;0.6720073268072869;0.08028720259918112;-0.00633207936771214;0.014183162385597825;2.0501220643520357;0.0009380223578773439;0.0048828125
1128;0.9125781075762935;1.0;0.16381107727485839;0.2951746259875292;0.034904692606285835;-0.004644168308004737;0.05010141981765628;2.1287503838539124;0.0009792475844733416;0.0048828125
1129;3.5822025754488696;1.0;0.2897173602949311;0.48570564975808567;0.027928385105290384;-0.0014444979373365642;0.0254633707460016;2.1635138630867004;0.0004936015582643449;0.0
1130;4.073330229135851;1.0;0.3483829974004065;0.6695448778590947;0.05655716792871719;-9.960457682609559e-05;0.03960531707853079;2.040895181894302;0.0007620974560268223;0.0021484375
1131;3.6314572620666823;1.0;0.2797787649039245;0.44630131642452636;0.054159900464968914;-0.007897976599633694;0.060114170983433725;2.1041930437088014;0.0013097616494633258;0.0078125
1132;3.804988608520283;1.0;0.5056933479913109;0.9729860239630538;0.10431015968723395;-0.001438911585137248;0.024691013759002088;2.1197975277900696;0.0006734305643476546;0.001171875
1133;4.133944525270566;1.0;0.4323055873525195;0.8628832029594868;0.04451996568084797;-0.006979922531172633;0.024532300792634486;2.0858460307121276;0.0009940083604305983;0.0021484375
1134;2.5219909237237554;1.0;0.523430981589523;1.0117724709142022;0.03262861930698336;-0.007119891559705138;0.02185473416466266;2.081420063972473;0.0008640704560093582;0.0044921875
1135;-1.4125620905483416;0.0;0.0;0.0;0.02745436782154093;-0.009282877063378691;0.009065838879905641;2.0836764931678773;0.0019188454956747592;0.0177734375
1136;3.3511580835276837;1.0;0.4068551437681642;0.7113782635379444;0.10620402000990248;-0.003906533308327198;0.05224313270300627;2.070395278930664;0.0009360001306049526;0.0021484375
1137;4.494744514282247;1.0;0.6796659689630049;1.4106102072090543;0.029856433240616605;-0.0028768716845661403;0.020023133046925067;2.0750189304351805;0.0005992994294501842;0.0001953125
1138;-0.9257975443330659;0.0;0.0;0.0;0.049762569438281216;-0.009250537818297743;0.005292882863432169;2.0882551193237306;0.002196377667132765;0.0173828125
1139;2.3658228450732763;1.0;0.11158407739758414;0.2044395763180857;0.004708983301584392;-0.0053306335350498555;0.09206103142350912;2.0705612659454347;0.0021184180048294367;0.0205078125
1140;4.344897125370882;1.0;0.5181566664216452;0.9695588091236349;0.03753104724339237;-0.01526725380681455;0.017511782213114203;2.043263244628906;0.0011469768011011182;0.0046875
1141;3.954025271406387;1.0;0.4528639918441326;0.8557627123962221;0.07953161376254633;-0.001537750754505396;0.0203527846140787;2.0913692235946657;0.0008791098371148109;0.0005859375
1142;3.8687455115301437;1.0;0.279000537604314;0.5553715616516262;0.017191121674561254;-0.003417187696322799;0.04372923476621508;2.067744517326355;0.0005057315225712955;0.0
1143;4.299129455307445;1.0;0.667980835674383;1.4241986828755238;0.04877838225364634;-0.008382372790947556;0.042145543405786155;2.1063626766204835;0.0006299637723714113;0.0001953125
1144;3.897440341265242;1.0;0.2403450222944124;0.471478988859795;0.006393371072100815;-0.007898561842739581;0.01446648589335382;2.0737128376960756;0.0011994463391602039;0.0044921875
1145;2.1107585121614436;1.0;0.09604646425310231;0.18548764249793773;0.063417988576509;-0.0026783809997141363;0.024383022775873543;2.0886198759078978;0.0009173570550046861;0.0025390625
1146;3.5991935750053416;1.0;0.18922970502528447;0.34883913538423056;0.03265180864960548;0.0012083633802831173;0.03114970214664936;2.034997987747192;0.0009757647407241165;0.0021484375
1147;0.7118148033564151;1.0;0.10953250787861056;0.2077251327978493;0.06713883622895289;-0.007564733689650893;0.032292628195136786;2.0324069619178773;0.0010351500357501208;0.0037109375
1148;3.4348380600529786;1.0;0.3135336294040039;0.5948334915162123;0.014172520740454109;-0.0020566972438246013;0.01258655940182507;2.050877094268799;0.001060649228747934;0.0033203125
1149;3.5581067409982756;1.0;0.2536856098508341;0.4756776499329385;0.03938322593917125;-0.0075058648362755775;0.007453669980168343;2.0426932334899903;0.0008240306866355241;0.0015625
1150;3.7204842984497946;1.0;0.3548467278612749;0.6247978874068955;0.06122416025082913;0.0008107104804366827;0.03428501142188907;2.0120473206043243;0.0005742065841332078;0.0013671875
1151;4.434158492843854;1.0;0.5995906716612239;1.2187004786478122;0.024712256438928437;-0.003304262808524072;0.008811486512422561;2.036030387878418;0.0011149139725603163;0.00859375
1152;4.402409403700878;1.0;0.5441082082935311;0.998838583807043;0.03670451050038961;-0.008194404281675815;0.034356017131358385;1.9633952140808106;0.0012672637938521802;0.00390625
1153;3.9222830929383914;1.0;0.5648851738506425;1.0939993871622098;0.07612248171885633;-0.0032491214107722042;0.0231755874119699;1.9692065238952636;0.0009278324781917035;0.0046875
1154;4.372532185947336;1.0;0.6620211513163735;1.4066868628804923;0.051302747690523794;-0.007437607320025563;0.0495725505053997;1.9932901203632354;0.0016928084078244865;0.01484375
1155;3.6190742236814417;1.0;0.35287534034088874;0.5852520895394889;0.07791128228970312;-0.0015856053214520216;0.028588535776361824;2.0033956944942473;0.001272339920978993;0.0072265625
1156;3.731691892138959;1.0;0.5743019946780593;1.1051422522928869;0.08666544105888768;-0.003192654391750693;0.0211017073597759;2.0143937468528748;0.0007385456003248692;0.001953125
1157;2.480332356216844;1.0;0.09931517935822376;0.19002522253216572;0.0;-0.008041041297838092;0.011143652582541108;2.0482417583465575;0.000961313210427761;0.002734375
1158;2.9075555941718143;1.0;0.2870065096170796;0.5488417001889925;0.11851919074303027;-0.0007232595700770617;0.0326441855635494;2.030735445022583;0.0010228544124402106;0.003125
1159;1.5710996028584359;1.0;0.2605973204070906;0.4614650176004825;0.05851873534053647;-0.003151538223028183;0.039491744711995125;1.987793505191803;0.0008850360289216041;0.00078125
1160;3.344433330132021;1.0;0.3397359900704686;0.6377581510664224;0.06740309780059844;-0.007552971737459302;0.04367198813706637;1.983141303062439;0.0009265945525839924;0.0029296875
1161;3.9575840187331064;1.0;0.5424297832529444;1.0793960159306626;0.09965534719950978;-0.015629198355600237;0.014578964188694954;2.010721355676651;0.0017857123631983996;0.0138671875
1162;3.8162059959585384;1.0;0.5495872596966094;1.0549629489611012;0.12548154599348388;0.0037301041651517154;0.0645402823574841;1.991546058654785;0.0008671317831613123;0.0009765625
1163;4.38358883817027;1.0;0.5556516301687217;1.1245068643497182;0.02221754533783191;0.002772561460733414;0.0625187948346138;2.01469344496727;0.0009358868468552828;0.0017578125
1164;3.208495305226769;1.0;0.2957883647936881;0.5516063947742894;0.04683843174374261;0.0036416730843484403;0.018104860000312327;2.0212205410003663;0.0012598748668096959;0.0068359375
1165;3.9838876212709744;1.0;0.4456196648327342;0.8602258546958235;0.0758145788939522;-0.0023545310832560062;0.028814205527305604;2.0214182257652284;0.0012908410979434847;0.0048828125
1166;4.337747902176421;1.0;0.4484678598110207;0.9157888263787837;0.02171398080801196;-0.006777007761411369;0.035379513446241614;2.01730996966362;0.0012139654718339443;0.0091796875
1167;4.446755455809732;1.0;0.731953852535828;1.502863762919506;0.046454141099442015;-0.00552492942661047;0.0307040486484766;1.972161865234375;0.0005719556706026196;0.000390625
1168;0.8378600457953751;1.0;0.28547910160469814;0.4766589352056762;0.05251938746357677;-0.008467899123206734;0.03672579731792212;1.9719840586185455;0.0006402776925824583;0.0025390625
1169;3.131548347653214;1.0;0.25708304370457613;0.47819245622207945;0.064872431995199;-0.013424036279320716;0.037829467095434666;1.9671224415302277;0.0005761506385169923;0.001171875
1170;4.2356641693656165;1.0;0.6344828578854881;1.3012627508350625;0.04774827817799475;-0.000985812535509467;0.018448216235265137;1.9419942915439605;0.0006222532480023802;0.0005859375
1171;4.097782559453994;1.0;0.43880193856143157;0.84518930054246;0.02901498226715796;-0.0012770033907145261;0.01772883392404765;1.9428470730781555;0.0011189095792360603;0.0044921875
1172;3.736152008819947;1.0;0.607450676968943;1.2438743023463898;0.10215346052700626;-0.006949839531444013;0.03779409723356366;1.9810100436210631;0.0010633487603627146;0.0037109375
1173;4.312715616517226;1.0;0.6082398551882928;1.2285524369654148;0.052835257709268724;-0.002432345924898982;0.023552731005474926;2.0121540427207947;0.0005458960542455316;0.0001953125
1174;3.342014172318617;1.0;0.4206841686598778;0.7107531373350482;0.10119878166888778;-0.002259599347598851;0.029265987779945137;2.0311455190181733;0.0010324430302716791;0.003515625
1175;2.8456789929731015;1.0;0.6005163416440671;1.1407706382582037;0.05754608789745748;0.004220554162748158;0.04051784118637443;2.04350368976593;0.0007417251588776707;0.00234375
1176;-1.7489300128280112;0.0;0.0;0.0;0.025417577019749636;-0.004270329140126705;0.011685680295340718;1.9405404448509216;0.0012697160709649324;0.0064453125
1177;3.9516303257974914;1.0;0.579586208911664;1.063353002256798;0.07140494497142877;0.0013496675994247199;0.04079892341978848;1.899442434310913;0.0010764786624349655;0.006640625
1178;3.7907823057639605;1.0;0.3153028743008578;0.5295428912323266;0.030154505600150098;0.0018321839161217213;0.05247429786249995;1.923370862007141;0.0017045984277501702;0.01484375
1179;-2.668887128382698;0.0;0.0;0.0;0.031707915106204916;-0.005673813028261065;0.00628227386623621;1.9201657593250274;0.001769118686206639;0.0140625
1180;1.7881000637325297;1.0;0.25624782487754805;0.487214400331318;0.07587602192669779;-0.006332642212510109;0.06981114968657494;1.9182456851005554;0.000953135616146028;0.0029296875
1181;1.2307985640356431;1.0;0.11959192457674286;0.22439485862455896;0.022982541024668755;-0.008993833744898438;0.03332719160243869;1.9481391608715057;0.0007229371694847941;0.0041015625
1182;3.6681179882208528;1.0;0.1659410088197397;0.3216050844533761;0.006203926049854219;-0.0052391136530786754;0.054685147292912004;1.9117689371109008;0.0006839358131401241;0.0009765625
1183;3.8588912391821446;1.0;0.4128135209630281;0.8042903225922401;0.061902523951506916;-0.006327672256156802;0.025959515012800694;1.9409458577632903;0.0008813341846689582;0.00546875
1184;3.832326009479716;1.0;0.47147371399923144;0.8341769171163782;0.050969565149138994;-0.010467921616509557;0.010322789568454028;1.941456025838852;0.0010259519098326565;0.0060546875
1185;3.4343573587305203;1.0;0.30156655903206775;0.48582504614174427;0.05505220310467163;-0.008890562038868666;0.035118761286139485;1.9164104342460633;0.001064325263723731;0.0041015625
1186;3.487190030990119;1.0;0.5078223350593615;0.9347591332013379;0.013053406472931179;-0.003262829082086682;0.040455144830048084;1.9923703908920287;0.0004183460958302021;0.0
1187;4.194556675355009;1.0;0.615193863982349;1.2629960325658363;0.052143164502067595;-0.006312048668041826;0.021830124873667957;1.9465191960334778;0.0011241557891480624;0.003515625
1188;4.157918563645688;1.0;0.49898664891285066;0.9951136695510415;0.08846519012634534;-0.003964743111282587;0.05123250037431717;2.043401962518692;0.0014870864572003484;0.0119140625
1189;3.9765576203636566;1.0;0.5893610224267934;1.0689014480872856;0.06405410603131673;-0.010445529269054532;0.026215307414531708;2.002883917093277;0.000923002720810473;0.0056640625
1190;3.5551490807080235;1.0;0.23313461451665754;0.3824260256772062;0.0237426723127095;-0.002341278688982129;0.017579323844984174;1.8572634875774383;0.000591737637296319;0.0015625
1191;3.585259935423781;1.0;0.5661602521485435;1.0009696723389268;0.07393387058348344;-0.005314983800053597;0.037281446252018215;1.9091284334659577;0.0015144755016081035;0.0142578125
1192;3.8699151224859465;1.0;0.24615639905674183;0.4899247605860621;0.01963977643624401;-0.0013836693018674851;0.05093694590032101;1.9930772304534912;0.001380275166593492;0.009375
1193;4.384225133814738;1.0;0.49786153600478744;0.99503882913286;0.017526973186599615;-0.0007722664158791304;0.018272712547332048;1.8543884992599486;0.0011468485230579973;0.0025390625
1194;3.6843405388742667;1.0;0.29882011251582674;0.5454781072367616;0.01666478047842921;-0.01367977298796177;0.04275215417146683;1.8825399458408356;0.0008662818232551217;0.0009765625
1195;3.6355897182046464;1.0;0.5600150417165066;1.0899162063267767;0.12151257251084631;-0.001704939641058445;0.036226491630077365;1.8502964079380035;0.0004164224723353982;0.0
1196;3.9085454083245263;1.0;0.5725239087105838;1.1327888963016526;0.07825328534168143;0.00012367111630737782;0.024944662814959884;1.8872355818748474;0.0005263707716949284;0.001171875
1197;3.612668327943613;1.0;0.2773637710716279;0.5395226268858255;0.04997779815668353;-0.01791524956934154;0.0246932833455503;1.93935706615448;0.0007249209680594504;0.00234375
1198;2.6527988828989764;1.0;0.10565266229058577;0.18639088796940761;0.010855745140821684;0.0011404495686292647;0.0390616437420249;1.9252835988998414;0.0006720143835991621;0.00078125
1199;2.8052650669477748;1.0;0.22190079428555598;0.41925622488880476;0.08614434814241839;-0.006148358574137092;0.017080179089680313;1.8911964356899262;0.0011414753040298819;0.0048828125
1200;-4.74127495307661;1.0;0.1677427944096963;0.3018403313420793;0.025175336478117087;-0.002171625895425677;0.03296796176582575;1.829955244064331;0.0013038952019996941;0.008984375
1201;3.442456870905202;1.0;0.5128944720839623;0.9599718063659587;0.09990333717692193;-0.0052190407179296015;0.03899438567459583;1.7723516821861267;0.0010012318613007664;0.0052734375
1202;4.168121270336417;1.0;0.6283061074413507;1.2371402058170757;0.041183946599477675;-0.0053222850430756806;0.011415456980466842;1.7568939447402954;0.0012185842962935567;0.00390625
1203;3.486493192076213;1.0;0.40811787773595615;0.7536928301599886;0.048137576200895676;-0.014323074370622635;0.027559045981615782;1.8209516763687135;0.002159347431734204;0.0216796875
1204;3.6313114986437633;1.0;0.24184019469255363;0.4535842172999215;0.042942478489575754;-0.007656306633725763;0.05000804979354143;1.834401500225067;0.0011742442264221608;0.005859375
1205;3.834333064091871;1.0;0.37258376989052594;0.6188685949199793;0.04411302391369709;-0.0047921154648065565;0.027643655613064765;1.8467585623264313;0.0007866869098506867;0.0017578125
1206;2.852164731977657;1.0;0.33094087530208316;0.6155321090611043;0.14526975592990476;0.0013382515404373406;0.02464863578788936;1.7883924067020416;0.0008083292050287127;0.0017578125
1207;2.9370547721662805;1.0;0.3215801511711431;0.5817992809289432;0.09198464115651228;-0.0015259660314768553;0.03670409535989165;1.81708904504776;0.00038557107327505944;0.00078125
1208;2.572705420195936;1.0;0.1527753607429809;0.26195450828413214;0.07515605120899696;-0.008309622202068568;0.029181142803281546;1.8834787011146545;0.0010738095734268427;0.0068359375
1209;1.9296664594573758;1.0;0.20858305428785112;0.3824011498369848;0.0917356978824712;0.004850604245439172;0.026111345645040272;1.8224692642688751;0.0009667708887718618;0.002734375
1210;4.298041276970538;1.0;0.6274920163104754;1.199283923036414;0.059519998409652025;-0.009310040203854442;0.021413269778713585;1.8303548455238343;0.0009295886848121881;0.0017578125
1211;4.210952637719986;1.0;0.36035560346783096;0.6602949768467938;0.054665393410347464;-0.00180418542586267;0.04221637863665819;1.740550810098648;0.0009782326756976544;0.004296875
1212;-1.3484155502338129;0.0;0.0;0.0;0.026014893245438275;-0.0035976126790046694;0.022890731086954476;1.72468358874321;0.0007281546131707728;0.00234375
1213;3.2199818010354466;1.0;0.17887827470209977;0.3037697960302685;0.04908924433723117;-0.0026751031167805196;0.03797528110444546;1.7939138889312745;0.0018189790309406817;0.0158203125
1214;4.183264458616414;1.0;0.32824161965491;0.5905059723625132;0.010653981392901508;-0.011542314826510847;0.03215095726773143;1.768235194683075;0.0011282432707957924;0.0095703125
1215;3.831876148041562;1.0;0.34007384039385935;0.585859640693714;0.08046549573022244;-0.004649106599390507;0.04421648271381855;1.6969552040100098;0.0011840263614431024;0.01171875
1216;3.556213805973275;1.0;0.481382593990123;0.9008961530577876;0.09319789838496605;-0.010974940098822116;0.012734935199841858;1.7292632460594177;0.0015010373783297837;0.010546875
1217;1.9814747806705046;1.0;0.4149332021347452;0.7636236325499123;0.10853431966501047;0.00030518246348947286;0.029607886914163828;1.7008828163146972;0.0005230962415225804;0.0
1218;4.029442299982833;1.0;0.30317051407171;0.552567254087421;0.05404315261646635;-0.004372986685484648;0.03778468063101172;1.7367502987384795;0.0012968352064490318;0.0103515625
1219;0.7926273330818758;1.0;0.23112011734942128;0.4345001338365467;0.045212784811134936;-0.007750672707334161;0.057136142253875734;1.7639207065105438;0.0006950527662411332;0.0033203125
1220;1.511247686157533;1.0;0.1382229136165072;0.24220086674816246;0.05878696556088037;-0.012960520549677312;0.012425956455990672;1.8047075986862182;0.00203467917162925;0.015234375
1221;3.858159475264383;1.0;0.35661255373654027;0.6403244717851422;0.06243563457012596;-0.006731720874086022;0.021652333345264195;1.782896673679352;0.000872454815544188;0.0015625
1222;0.5335658501760752;1.0;0.22783783958668147;0.401577799770617;0.030556611469166373;-0.004793974431231618;0.027634444087743758;1.7358188033103943;0.0011128048179671168;0.0056640625
1223;4.115589389314786;1.0;0.3578622114584105;0.6447663496342405;0.026681741324112832;-0.0090024666627869;0.019661671528592706;1.6819830060005188;0.0009299559984356165;0.0017578125
1224;3.983101911289201;1.0;0.3916797372431043;0.7582438868246836;0.06543599915274863;-0.005063435668125749;0.034860840253531936;1.623140799999237;0.0007079351809807122;0.0041015625
1225;3.9922587086870904;1.0;0.516800414982486;0.8670384839881262;0.05050952269002864;-0.009003653191030025;0.03451049122959375;1.674511617422104;0.0018884295714087784;0.0189453125
1226;3.2706155691053116;1.0;0.32439052312601296;0.5699460796211763;0.0625495370139944;-0.001840180717408657;0.020195551170036196;1.7027561366558075;0.0022588042076677082;0.0251953125
1227;3.264258370633011;1.0;0.23074773554495148;0.4122989888631903;0.07211554815794646;-0.008240965288132429;0.026545181544497608;1.7169310212135316;0.0012276824796572327;0.004296875
1228;3.6956482062769314;1.0;0.32200490537236853;0.6049859057144191;0.056374957983192905;-0.005719920573756099;0.0071426303125917915;1.6549760103225708;0.001502008782699704;0.0080078125
1229;4.278108085756042;1.0;0.7140439311576119;1.4626941349324163;0.061990959488665315;-0.009401335101574659;0.038911101222038266;1.5832131445407867;0.0010451196460053325;0.003515625
1230;3.8735769263610123;1.0;0.549965812424345;1.0577563920607271;0.05994891763541587;-0.004185955924913287;0.06032170318067074;1.6944047033786773;0.0007146549760363996;0.001953125
1231;3.5183405340070246;1.0;0.28232156646131784;0.5033892234321341;0.07056859185761682;-0.003780244872905314;0.03121187873184681;1.7500337660312653;0.0006603061454370617;0.0015625
1232;3.982827663529824;1.0;0.31106007053780066;0.5581027059269124;0.0367538215036125;-0.0017013852018862962;0.02665871838107705;1.587301391363144;0.000504649942740798;0.0
1233;3.7783343401288465;1.0;0.48869210217647296;0.8935118192482554;0.0920379338356051;-0.0020944669377058744;0.0518520837649703;1.5756354093551637;0.0014392841490916907;0.0123046875
1234;1.5662624002372403;1.0;0.32769939800111114;0.5924787444808639;0.04020151534191239;-0.005927237682044506;0.025390612706542016;1.6842889785766602;0.0012085973983630538;0.0060546875
1235;3.7849358571436187;1.0;0.27273883365636375;0.49167802944578565;0.05725625990078682;-0.0149273372720927;0.02219058838672936;1.6675958812236786;0.0021569228498265146;0.0216796875
1236;4.48058941971551;1.0;0.670197517128979;1.2746166014331197;0.013846476998747642;-0.004059036227408797;0.03382557323202491;1.6588295161724091;0.0011329575208947062;0.003515625
1237;0.3712485185979073;1.0;0.2728892855883123;0.48791780199026125;0.04877562747369055;-0.0007566560059785842;0.03021670076996088;1.7782965421676635;0.0007999260677024722;0.0025390625
1238;4.360644190812959;1.0;0.461307826374078;0.8946526010877986;0.02696639783380171;-0.00317154498770833;0.027916385605931283;1.7182220041751861;0.0012855800101533531;0.007421875
1239;3.1960991263103207;1.0;0.32947986687909503;0.6006289048332022;0.09928416495176413;-0.012991909496486187;0.05395769327878952;1.7454551577568054;0.0011106599820777773;0.0056640625
1240;-1.3673096790142067;0.0;0.0;0.0;0.05643199830344992;-0.007525249966420233;0.02298791562207043;1.6634981989860536;0.0003950419370085001;0.0001953125
1241;3.5580017750705144;1.0;0.2777612499407938;0.49655360070143606;0.004142614584072198;-0.010461320844478905;0.06615395322442055;1.6979297161102296;0.0006804495467804372;0.0017578125
1242;3.923423518481992;1.0;0.5077797659890569;0.9140690545522674;0.07120829871207263;-0.005398886022157967;0.02208258230239153;1.712956029176712;0.00146286761155352;0.0115234375
1243;4.072680884445486;1.0;0.5352812848340518;0.9718296993778915;0.06526290382354583;-0.0044854333158582445;0.04318036767654121;1.6593260169029236;0.0008828716818243265;0.004296875
1244;3.60258776647807;1.0;0.2965094650738913;0.5203418056169467;0.06802015698355002;-0.008895549410954117;0.033091329084709284;1.7618806838989258;0.0015599538339301944;0.01171875
1245;3.762759402754831;1.0;0.4251336934739742;0.7096962987008706;0.06378331171096872;-0.008963249344378709;0.032977812923491;1.6688656568527223;0.001452191814314574;0.0125
1246;3.8594714801418477;1.0;0.5153779477676981;1.0183635747519288;0.15732619573043688;-0.00689285290427506;0.056483997404575347;1.7013238787651062;0.0014283671509474516;0.0138671875
1247;1.3044825450296513;1.0;0.25811208419270376;0.429756955280905;0.043034047365975485;-0.013582525122910739;0.025886115711182357;1.8218434631824494;0.0011752689257264136;0.0064453125
1248;2.952659539305073;1.0;0.2382225884204947;0.4260485005164922;0.08974554761362512;-0.004523154115304351;0.02944470401853323;1.7457657217979432;0.00121138752438128;0.005859375
1249;3.808428057266244;1.0;0.2939212492076044;0.502037976848214;0.006879203188388181;-0.010359202418476344;0.028456542268395425;1.7402402997016906;0.0014481539139524103;0.0052734375
1250;2.69666200635241;1.0;0.11134566751173718;0.20096057003229603;0.05038057953075086;-0.007746929698623717;0.01732959665823728;1.6469050705432893;0.001648725545965135;0.006640625
1251;3.860415425056167;1.0;0.3954932585907343;0.7200498631089496;0.0382978398471049;-0.009923949697986245;0.04317517122253776;1.595287948846817;0.0025654905242845417;0.0240234375
1252;4.01995366754575;1.0;0.2761479883014306;0.47568177528934613;0.05120370149315959;-0.005268475227057934;0.028288459638133645;1.5716450214385986;0.001151349244173616;0.0078125
1253;3.646311638225514;1.0;0.47628884636096663;0.8734054054245942;0.13143522625923534;0.001617533341050148;0.032127367053180936;1.6759186506271362;0.0007718897308222949;0.0005859375
1254;2.319238862455722;1.0;0.3465670982261588;0.6158308873244649;0.10068455824148535;-0.006177541241049767;0.036327156517654655;1.7168951690196992;0.0020777657395228744;0.0203125
1255;2.4346511689349652;1.0;0.4106879510504186;0.7696592555691276;0.09208597707529759;-0.008411426795646548;0.005516997212544084;1.7017606973648072;0.0012706640525721013;0.0041015625
1256;4.160202270624676;1.0;0.3505433644126054;0.6276675035426953;0.05635069794443937;-0.004443266894668341;0.033570004347711804;1.7466275930404662;0.0016264631412923336;0.0125
1257;3.825393761701251;1.0;0.4870508104772679;0.8610307533209367;0.04862336633821395;-0.00880839596502483;0.032890872843563554;1.6787784576416016;0.0013687530183233321;0.00546875
1258;3.852565986026378;1.0;0.513994647511226;1.013811931002891;0.03873037875531355;-0.006260481430217624;0.020037048077210785;1.701965433359146;0.003199253836646676;0.0365234375
1259;4.3647084627943045;1.0;0.6960929411551867;1.3891197455932311;0.06308703952222457;-0.0010958039667457343;0.02469287496060133;1.7390718698501586;0.0008335598045960069;0.0029296875
1260;3.725222919314587;1.0;0.5216139523271598;0.9834998734158424;0.11456514139915747;-0.006549308029934764;0.017208783142268657;1.69950390458107;0.0010136610479094088;0.0041015625
1261;4.149354303686101;1.0;0.4456114573972892;0.8533220043534314;0.04587396113630643;-0.005446870811283588;0.035079522617161275;1.702581650018692;0.0009614113019779325;0.00625
1262;1.2447636488420717;1.0;0.18695600631068401;0.32290460065307314;0.016849891546593554;-0.005330828367732465;0.022951098438352347;1.7406939744949341;0.0010502616642042994;0.0078125
1263;3.679029303456092;1.0;0.2399100909713636;0.3844716733032733;0.0;0.001760783977806568;0.036825384851545094;1.7508901536464692;0.0020136064966209235;0.0220703125
1264;1.5786669403053153;1.0;0.18084634200960234;0.321061410325163;0.03736066805378493;-0.007777196168899536;0.00820943892467767;1.7766477525234223;0.0009419000591151417;0.0021484375
1265;4.098944744153234;1.0;0.5230862170241594;1.0156980051778193;0.058518840616435766;-0.004472062550485134;0.01195414203684777;1.741453230381012;0.002061886654701084;0.019921875
1266;4.122552837711707;1.0;0.44891575073805123;0.7749764740476057;0.06126801048298186;-0.006714101554825902;0.008473537024110555;1.673305732011795;0.002220904175192118;0.0240234375
1267;2.6969756568747365;1.0;0.236731949499834;0.42335686821343477;0.04769923273095158;-0.010316107515245676;0.029728016722947358;1.720873337984085;0.0016441226005554199;0.0095703125
1268;2.0119544991284624;1.0;0.1827393454971084;0.32852631696015844;0.04035333501750891;-0.003123128833249211;0.01822735988534987;1.720266377925873;0.0010030135395936667;0.0044921875
1269;3.22045298845575;1.0;0.407309646179464;0.6574049053870061;0.037976587437110264;-0.0017140882322564722;0.018416413199156524;1.7177858650684357;0.0007857418153434992;0.001171875
1270;4.285886131337908;1.0;0.5336429827908397;1.0823817718038848;0.0039350812577563085;-0.009025610308162868;0.031017613597214222;1.701729130744934;0.0013336857315152883;0.007421875
1271;3.641266027701283;1.0;0.3157991774391513;0.5150513678264164;0.019422155174056127;-0.002979692816734314;0.027643347252160312;1.7029376924037933;0.0008664679364301265;0.0013671875
1272;2.211448996843781;1.0;0.19496520615047885;0.3192060123346292;0.061533761420237656;-0.013076210301369429;0.02614459004253149;1.7169925272464752;0.0012259704060852527;0.0109375
1273;4.112546519980574;1.0;0.5269337950032579;1.0016942997596916;0.036375093785172743;0.0010700920131057501;0.029228614643216133;1.772224336862564;0.0008557347115129233;0.001953125
1274;-4.343057388382726;0.0;0.0;0.0;0.06043588172877488;-0.00978906094096601;0.026044421549886464;1.7245023548603058;0.0006676962133497;0.0001953125
1275;2.386974825090695;1.0;0.28423768658379656;0.5031754113983843;0.056195412788366705;-0.0042431452078744766;0.014851385075598956;1.749972516298294;0.0019008099101483823;0.0146484375
1276;4.172715665384134;1.0;0.41142613220079394;0.7644590656456365;0.02927558940033289;-0.000330018438398838;0.02991568427532911;1.7054771542549134;0.000894537358544767;0.0017578125
1277;4.1486598441352385;1.0;0.5875016660112586;1.1614789131273822;0.04433824887951345;-0.0030731143895536663;0.030831003468483685;1.713359248638153;0.0010237683542072772;0.0044921875
1278;1.5459619684310282;1.0;0.3246351105979729;0.5366483744106334;0.03667330826377113;-0.007227473799139262;0.025500134006142615;1.6955939412117005;0.0014448285684920848;0.0056640625
1279;3.625774937119423;1.0;0.1732262877502883;0.32220734314093774;0.002249583925832451;-0.010928134247660638;0.008755611162632704;1.7540575206279754;0.0013180620735511184;0.00546875
1280;3.61920392692728;1.0;0.5028486930216788;0.927304598722365;0.08062701761368332;-0.004101877100765705;0.03463314827531576;1.6858574092388152;0.0011713606654666364;0.0111328125
1281;3.338232353114941;1.0;0.26349881867774483;0.4458065197998332;0.04027772515840263;-0.0067658051382750274;0.016724415915086867;1.6644197344779967;0.0008952246629633009;0.00234375
1282;4.0598294646345625;1.0;0.41140555719805627;0.7187865268483666;0.015312271897130367;-0.005517490999773144;0.03256337959319353;1.6842275381088256;0.000909854145720601;0.0078125
1283;4.103197027576048;1.0;0.4796802912260831;0.853273664649673;0.035871352618639926;0.00439632972702384;0.03796959109604359;1.6685032188892364;0.0006176727474667132;0.003125
1284;3.5959858310621837;1.0;0.38699901880695436;0.6243252508596566;0.05455818136359647;-0.006139271520078182;0.04475818807259202;1.6614774763584137;0.0010697093093767762;0.0052734375
1285;2.623945240048133;1.0;0.23015215943693518;0.4168172570496459;0.04752592436429144;0.0031684373039752244;0.020910338032990694;1.7252797722816466;0.0008334466954693198;0.00390625
1286;3.273003574483068;1.0;0.14111191279938656;0.25796349847156297;0.012648567947552909;-0.0091336774174124;0.024683426041156052;1.7691780149936676;0.001923008740413934;0.0205078125
1287;4.2582814932417605;1.0;0.6243897053480215;1.2906360984170309;0.016680280570037898;-0.005253313528373838;0.04088272377848625;1.8912180960178375;0.0009206982445903123;0.0052734375
1288;4.266915201524945;1.0;0.46718612462218767;0.8860997683532009;0.01874257937262713;-0.005489796213805675;0.010872414289042353;1.877070277929306;0.001512490410823375;0.0125
1289;3.5127676599899673;1.0;0.3766797111534703;0.7034199640022292;0.05693956657723302;-0.012216440681368113;0.004411245230585337;1.7785835027694703;0.0007137267617508769;0.0029296875
1290;4.182705060572269;1.0;0.5868710690545774;1.2152300091500459;0.033016273861477485;-0.00800109738484025;0.038886780943721534;1.7505862355232238;0.0013299473328515887;0.0076171875
1291;3.563016809543922;1.0;0.30191907652834715;0.4878128588538821;0.00953031721254564;-0.001067244540899992;0.02872648136690259;1.7783831775188446;0.001078467781189829;0.0078125
1292;4.265165308310971;1.0;0.5736814134227578;1.0205149692527147;0.04441853634859509;-0.010895244870334863;0.014004550315439701;1.7935207903385162;0.001253980048932135;0.00625
1293;4.033210748233082;1.0;0.5035698074199282;0.9527167441917719;0.07169050716367406;-0.0006043597124516964;0.01933325957506895;1.738455694913864;0.001309056009631604;0.008203125
1294;2.6743076473014087;1.0;0.5688270402687166;1.1148399099063542;0.011803033616377611;-0.0009084462653845549;0.011289033317007124;1.687490737438202;0.0015292419586330653;0.00390625
1295;3.663268075674487;1.0;0.4558378337934913;0.8245262840966038;0.04587217822436005;-0.007322967145591974;0.02205074056982994;1.660500967502594;0.001598892465699464;0.013671875
1296;4.390273058192135;1.0;0.5011954674253964;1.010384545416075;0.0;-0.007645235094241798;0.030308196879923345;1.639458954334259;0.0012205824488773942;0.0095703125
1297;3.9432353543551897;1.0;0.5651865051350644;1.0841603239196886;0.0927380091172822;-0.007304367003962397;0.00805037107784301;1.7206885993480683;0.0008585456642322242;0.0033203125
1298;4.236441026817397;1.0;0.45215776253076695;0.8234033272405606;0.02459767402596448;-0.0051045002648606895;0.011490294337272644;1.6599272072315217;0.0019129976048134268;0.0078125
1299;3.7813460184143;1.0;0.39879955360898817;0.7328282080816865;0.038957314421796944;-0.002673441683873534;0.018436795100569725;1.5808018565177917;0.0017804121831431984;0.0130859375
1300;4.098265077369014;1.0;0.6230378418281283;1.1944511601326888;0.07962046657738901;-0.009723077900707722;0.023004015535116197;1.644912451505661;0.0013492175261490048;0.009375
1301;4.113349203809941;1.0;0.3682620612335323;0.7215739496829434;0.0;-0.004541878774762154;0.006908789277076721;1.620745098590851;0.001295724220108241;0.00625
1302;2.210300526741614;1.0;0.28397036656650765;0.43665518529752273;0.13915200534992855;-0.0004612511722370982;0.026130233146250247;1.602696990966797;0.0008671035058796406;0.0009765625
1303;-7.271895844940219;0.0;0.0;0.0;0.07419567361617545;-0.008105536876246332;0.020266444701701403;1.6672558665275574;0.0021878754370845853;0.0216796875
1304;4.510169709155711;1.0;0.7183737745763777;1.516310073165696;0.028249266091519353;-0.007329875230789184;0.027244070451706646;1.7148531556129456;0.000932508276309818;0.003515625
1305;4.482573914325693;1.0;0.7257359978720931;1.539537202774244;0.03441535643993004;-0.0037904206430539487;0.021804128121584655;1.656887549161911;0.0011250942014157772;0.0041015625
1306;2.0668681263781883;1.0;0.16086221462760925;0.30553655486487824;0.03983384604671874;-0.01217709758784622;0.019508805079385638;1.6072571396827697;0.0006052460987120867;0.0009765625
1307;4.5020966527806365;1.0;0.5739503700272611;1.162267009842953;0.00661236126714371;-0.0064338380470871925;0.03499011220410466;1.7226801574230195;0.0010574125102721156;0.004296875
1308;-0.9869131384716212;1.0;0.13502659558866198;0.23848603150234887;0.07757842829576575;-0.003816570807248354;0.022217720560729504;1.6534057974815368;0.0008103886037133634;0.0009765625
1309;3.640443269900221;1.0;0.29349871239587355;0.5079076753578022;0.06161613075364783;-0.005622062273323536;0.015129771595820785;1.5926923334598542;0.0011115558212623;0.0076171875
1310;2.8326093621557122;1.0;0.3472926264282117;0.5526781323400307;0.11972663834488653;0.0015839433763176203;0.027932567801326514;1.6505802154541016;0.0015172305167652667;0.0095703125
1311;3.237516042124817;1.0;0.15036260937549792;0.2677223007392541;0.03987922095760513;-0.003890236187726259;0.027451253309845925;1.6889573335647583;0.0013667279738001526;0.0119140625
1312;-2.0671099095084764;0.0;0.0;0.0;0.014599265235718483;-0.00802678931504488;0.011109194252640009;1.7524610221385957;0.0014075474347919226;0.0068359375
1313;3.655002683173743;1.0;0.31062159158299163;0.5472961870442327;0.043243115596023236;-0.009715751535259188;0.023849568236619233;1.7435987055301667;0.0015404046163894237;0.014453125
1314;2.768569758444913;1.0;0.24680139637406356;0.3996608308470087;0.08708756358564053;-0.0005628321785479784;0.02181906718760729;1.786864173412323;0.001097543246578425;0.00703125
1315;3.452891413308095;1.0;0.6535742116296493;1.3541712937554402;0.08557260092280022;-0.009813555050641298;0.011345185339450836;1.6768801510334015;0.001827365066856146;0.00703125
1316;3.005910421845286;1.0;0.24581199304717338;0.44447639038423725;0.046989485299427695;-0.00893097841180861;0.03818189920857549;1.6800061166286469;0.001976947847288102;0.015625
1317;3.1394554391351233;1.0;0.16593989093150993;0.28030150694319594;0.02826799100678785;-0.01070961905643344;0.011655941186472774;1.7130858540534972;0.0014687764924019575;0.0099609375
1318;2.088670628654979;1.0;0.09538007810849498;0.1866421021259077;0.019148952048574613;-0.0034086443018168213;0.015915058320388198;1.7232787787914277;0.0010668200557120144;0.003515625
1319;3.2928207250653596;1.0;0.339098493673933;0.5843019734069277;0.09462684986748936;-0.0008499805117025971;0.0218315405305475;1.710853385925293;0.0011256735306233168;0.001953125
1320;3.0181493933885166;1.0;0.23487225139881235;0.40902637590105656;0.10541918216979576;-0.016803296143189074;0.02107527372427285;1.6989223062992096;0.00104315928183496;0.0025390625
1321;1.632889753160437;1.0;0.3274935849595418;0.6065335612810633;0.16957524182695283;-0.004219278646633029;0.02527064420282841;1.669846349954605;0.000635536143090576;0.001171875
1322;4.115849616164777;1.0;0.3708163652189349;0.6308758575310964;0.029423452012690716;-0.0051369166001677515;0.014535502064973116;1.6569207429885864;0.00096024937229231;0.0048828125
1323;3.6584357230483775;1.0;0.2148729067526329;0.4005399753751085;0.026419588796154924;-0.008894592104479671;0.017587731685489418;1.639099943637848;0.0014152329182252287;0.003515625
1324;4.3391755091596735;1.0;0.6180599812679396;1.2508728354169436;0.02644417127414687;-0.006523909280076623;0.03540457747876644;1.6894584357738496;0.0019346656510606409;0.0181640625
1325;4.502524163704693;1.0;0.7130725388475095;1.5200795263840248;0.04019997304624678;-0.006009316956624389;0.013394157425500453;1.638716608285904;0.0011230793897993863;0.008203125
1326;3.602071383732228;1.0;0.39319216930663303;0.7452053005192391;0.059917398854591804;-0.00821025890763849;0.023252583760768174;1.673791342973709;0.0014033287414349615;0.01015625
1327;3.0448184483727503;1.0;0.3528050952405029;0.6862250252760002;0.1059826123637777;-0.006860919389873743;0.017234039260074496;1.620314460992813;0.0006292386329732836;0.0009765625
1328;3.0617421379610152;1.0;0.3820777473951822;0.7683554001756422;0.0937652740493544;-0.0019578166771680116;0.013930105464532971;1.6073571681976317;0.0007595501956529915;0.0025390625
1329;4.186064511554712;1.0;0.5607415958980314;1.0767115766688098;0.07255420199977364;-0.009314271807670593;0.028979301266372205;1.6046192526817322;0.0012559495633468031;0.0095703125
1330;2.978842982040945;1.0;0.12508057709986303;0.23953892478284236;0.021943917725735625;-0.0017300968058407307;0.0093615967547521;1.6167013704776765;0.0014769428875297309;0.012109375
1331;0.9974193409818342;1.0;0.3323473100805706;0.6131911495731448;0.12653195201747813;-0.0062723974231630565;0.024659201223403215;1.6153392553329469;0.0009605012601241469;0.0072265625
1332;4.057770607727868;1.0;0.4455251228384343;0.8484362944863443;0.04056418616844641;-0.00792425824329257;0.027253262884914874;1.555229651927948;0.0007894693524576723;0.00390625
1333;0.15868240772333975;1.0;0.3870443799007765;0.6663231513000628;0.021559963837055086;-0.007796898856759072;0.01847140216268599;1.662772297859192;0.001168500306084752;0.005859375
1334;4.247078882430555;1.0;0.4587699386320478;0.8574992328036508;0.010794823873804425;-0.0016610395861789585;0.008773992699570955;1.6028549551963807;0.0008462309953756631;0.003515625
1335;2.0434047209415542;1.0;0.34320732211337635;0.6214111028575511;0.0618470507438993;-0.009678391693159937;0.0245741312392056;1.61838800907135;0.0004321054671891034;0.0001953125
1336;3.235638384437175;1.0;0.3121412660016174;0.5925820440547278;0.06702083649459742;-0.014588272105902434;0.035240383446216585;1.655301320552826;0.0013928562635555863;0.008203125
1337;1.4096495571269172;1.0;0.1032314924836595;0.19866199334346465;0.052862231569591994;-0.01058468499686569;0.02885993095114827;1.6069908440113068;0.0012906952411867677;0.00703125
1338;3.828919913976203;1.0;0.43079766575602557;0.7537863802023868;0.044824712107009175;-0.005513176368549466;0.019094939064234494;1.6091718137264253;0.0018348663928918541;0.0193359375
1339;1.5753687304290083;1.0;0.3887089898414066;0.713537494045772;0.05631335203681827;-0.001109737460501492;0.022882849583402275;1.663191694021225;0.0009562578517943621;0.0048828125
1340;2.511794596552002;1.0;0.3445103187090448;0.5357768734549766;0.14106799757716876;-0.005274805147200823;0.03167212177067995;1.5858075201511384;0.0009036326082423329;0.00546875
1341;4.168363759553104;1.0;0.3316583178294061;0.57515930255045;0.022224252188950258;-0.003918807650916278;0.01736414274200797;1.6016842603683472;0.0009672766202129424;0.0009765625
1342;3.1735945755996378;1.0;0.21745201637867406;0.42409743083260293;0.045495568290952415;-0.004684124467894435;0.03388844095170498;1.6190344512462616;0.0010777316289022564;0.0029296875
1343;2.523037055638577;1.0;0.13292599736026955;0.259873669613697;0.06323541759370806;-0.0017489027231931686;0.02406321866437793;1.5829512357711792;0.0009514834033325315;0.00703125
1344;1.6402104702940592;1.0;0.4963268245057647;0.8269944494930975;0.10529666131496437;0.0006020036991685629;0.01580466004088521;1.5723095834255219;0.0010635878657922148;0.0068359375
1345;3.6710505699855487;1.0;0.28692088107148783;0.5257896040041778;0.03206968246759213;-0.008007273450493813;0.029959768615663053;1.607202446460724;0.0009962187032215297;0.0046875
1346;3.403916789623716;1.0;0.27163128570084366;0.5117670041796629;0.037866909008877576;-0.004611012153327465;0.01912196846678853;1.555611777305603;0.0018998295534402132;0.0154296875
1347;4.089746342907462;1.0;0.540737306707912;0.9023571467847439;0.04301847762255462;-0.005264368071220815;0.03142035836353898;1.6049573957920074;0.001325977686792612;0.0091796875
1348;3.452802708340749;1.0;0.20030784635490945;0.3621308040534624;0.03436907332172254;-0.001793496124446392;0.022560763359069824;1.673514223098755;0.0009825390414334833;0.0009765625
1349;4.054952634157761;1.0;0.6498339941854667;1.3599869855753512;0.0768934710195365;-0.009930033283308149;0.020039463695138694;1.7064542710781097;0.0022222952917218207;0.021484375
1350;2.1009858295111483;1.0;0.13393660012295208;0.2578750212442935;0.03552735145213336;-0.007443688996136189;0.004889694275334477;1.6831674456596375;0.0025397112825885416;0.025
1351;3.342958075353475;1.0;0.517786551472202;0.8225519967429025;0.031118198422539226;-0.004929475416429341;0.007609579898416996;1.6764355182647706;0.0017857056809589267;0.0130859375
1352;1.8865472683661773;1.0;0.2992379634906189;0.5521775244477991;0.03659890544628735;-0.004466066043823958;0.02693964927457273;1.6938297390937804;0.0016456240089610219;0.0119140625
1353;1.0213262638098304;1.0;0.10251374928615879;0.19681677758970076;0.04104589912617454;-0.006383128464221954;0.022206077119335532;1.6404994189739228;0.001540593011304736;0.0158203125
1354;3.810050936469316;1.0;0.3460925666022887;0.5643887951629183;0.03633719061028796;-0.0051157698966562744;0.017262218752875924;1.6411103129386901;0.001451638655271381;0.012890625
1355;4.013529841590252;1.0;0.4375032368505573;0.7829343622604376;0.0419493356228623;-0.002068987675011158;0.014965566992759704;1.6842049539089203;0.001338307443074882;0.0064453125
1356;2.3288879067497796;1.0;0.21150282250892238;0.3875719775423434;0.03159542831086444;-0.00581963723525405;0.029869548603892328;1.7128916382789612;0.0014278679504059256;0.0130859375
1357;2.8239890628554614;1.0;0.1880953141796602;0.32569291045850335;0.07325451283564494;-0.004593691974878311;0.025240205507725478;1.7635787904262543;0.0010609644581563772;0.007421875
1358;4.15138972254708;1.0;0.4841072328838252;0.9242444623931209;0.07183140915774558;-0.004985280777327716;0.013378859730437398;1.748045152425766;0.0005714907660149038;0.00078125
1359;3.7727483869491842;1.0;0.4800146921792514;0.9161843905595584;0.009811184129322408;0.005015964107587934;0.01775001031346619;1.7466534435749055;0.0010641479049809277;0.006640625
1360;3.551348649888858;1.0;0.2372204214310667;0.4416203880528858;0.05303993081063042;-0.0014893075451254845;0.01626673582941294;1.7509906053543092;0.0007025595754384994;0.001171875
1361;1.9038875846603733;1.0;0.26386296874125087;0.4800371813487053;0.03603640493462913;-0.011021973239257932;0.017921112664043903;1.7700306296348571;0.0014739143312908708;0.0080078125
1362;4.466289039156254;1.0;0.6549479350197659;1.377570167697614;0.02209409841449122;-0.003004796733148396;0.016903193248435856;1.7311591982841492;0.0012938047992065548;0.0052734375
1363;3.0136088885219956;1.0;0.15181534866298027;0.295705496435231;0.03493953376922913;-0.015332282474264502;0.027024312969297172;1.7523020923137664;0.001036184304393828;0.0046875
1364;3.5013149762454088;1.0;0.35261052301955004;0.5926134198995692;0.03467747641228852;-0.009031951730139553;0.023843051586300134;1.7744245111942292;0.0010033753933385015;0.0041015625
1365;3.924976317913411;1.0;0.4844350775186962;0.8625036654613072;0.033513791362020325;-0.007504938868805766;0.023139022756367922;1.7210851550102233;0.0010715024080127477;0.00390625
1366;3.7233769732061015;1.0;0.1684811646563715;0.3121873525181237;0.03554904798704444;-0.00018311133608222007;0.029453428415581583;1.709638887643814;0.0009484964073635637;0.00546875
1367;3.872704356079871;1.0;0.26311840995637975;0.4908773583019893;0.013103858329887603;0.00012045446783304214;0.02420526617206633;1.6929708957672118;0.0012498290394432842;0.00703125
1368;3.1474521036493526;1.0;0.1722854710201653;0.2833457995640224;0.03592708582211983;-0.004984367545694113;0.02330183843150735;1.6631850600242615;0.0017577840248122812;0.01796875
1369;3.2417461658042206;1.0;0.15968632786482162;0.2994267615584702;0.01485130158484582;-0.008720377273857594;0.023218476586043833;1.720985507965088;0.001454849645961076;0.01484375
1370;2.821265649136078;1.0;0.39824704684128137;0.7706659323398031;0.06487923825731666;-0.005587367637781426;0.024923161743208765;1.7231394946575165;0.001182614080607891;0.0052734375
1371;3.758093938978457;1.0;0.20190626206383835;0.3633548025982622;0.027828308011796542;-0.010973023809492588;0.024365033861249684;1.6693563044071198;0.002482341625727713;0.0275390625
1372;3.8671238961633563;1.0;0.1904173855563628;0.36977835062382053;0.025509904081948725;-0.0029864668380469085;0.04227253785356879;1.7414468824863434;0.0006151354289613664;0.00234375
1373;1.8611958750283337;1.0;0.35820165781876995;0.6625289324048241;0.14360605631306306;-0.0042105507338419555;0.027128221280872823;1.7144672095775604;0.0008313399157486856;0.0033203125
1374;3.7103267331805427;1.0;0.3189492258779644;0.5738056885838096;0.05336483991894605;-0.00673283776268363;0.024291570531204343;1.7003482639789582;0.0012576728826388718;0.0068359375
1375;2.2542980162737227;1.0;0.3890768059704173;0.7037883433986071;0.07866607277032862;-0.0036565077025443316;0.027806172985583542;1.695872050523758;0.000856198079418391;0.002734375
1376;3.1028473638504734;1.0;0.28733366759688883;0.5157012429999589;0.03426542151153098;-9.782521519809961e-05;0.031683068908751014;1.7026297211647035;0.0006264459691010416;0.001171875
1377;4.021236985085246;1.0;0.3251393867632588;0.6078064950740942;0.03277327081915489;0.004029844235628843;0.04412157582119107;1.7221340000629426;0.000702234567143023;0.00234375
1378;3.8450120851012577;1.0;0.2552978634992656;0.4839124025537608;0.04748511797274543;-0.00823368988931179;0.026630942337214948;1.7582718312740326;0.0007111386163160205;0.001171875
1379;4.4610736774859685;1.0;0.7365605004995749;1.4750870642135945;0.040006583641382744;-0.0018437516409903765;0.01506212200038135;1.7367573797702789;0.0014366830000653863;0.0072265625
1380;3.334952987520702;1.0;0.5768821415647178;1.0654449342340218;0.0907656230085403;-0.006111169210635125;0.0327375310473144;1.712631994485855;0.0014721657265909017;0.005078125
1381;3.2412521421562195;1.0;0.15892441591121179;0.2836852925410975;0.017893004491078043;-0.007078289706259966;0.01469957591034472;1.7054863452911377;0.0012912727775983512;0.009375
1382;2.6184152580897018;1.0;0.3119607946035549;0.586600897551646;0.033534206790634784;-0.008404691331088543;0.02263671876862645;1.7589803040027618;0.0007939499220810831;0.0029296875
1383;3.6850464741556004;1.0;0.24353086267600474;0.4469843420128153;0.03962482108887282;-0.012619452737271785;0.0188333653844893;1.7949645519256592;0.0007876102463342249;0.001171875
1384;4.326249421695341;1.0;0.5938141210054939;1.1874058499876083;0.029369661205155096;-0.00307547168340534;0.026177334226667882;1.7635390520095826;0.001396913651842624;0.0072265625
1385;3.9079819342146713;1.0;0.5560439791780017;1.0200671722091046;0.0992493603162274;-0.02021757382899523;0.02613961435854435;1.8378070533275603;0.0010235155350528657;0.0046875
1386;3.590670811003317;1.0;0.4829443372633149;0.8622708897265674;0.052351574311920265;0.0007171005709096789;0.043843640759587285;1.784041064977646;0.0009787515038624406;0.003515625
1387;3.1489166373980004;1.0;0.31839604929565823;0.5853507189925666;0.0643711032236908;-0.00705264788120985;0.01936918650753796;1.8560204029083252;0.0008524891338311136;0.0015625
1388;3.866520299669422;1.0;0.40950930450177564;0.7078265103372143;0.03226421488428922;-0.004123044293373823;0.01996732261031866;1.8193655788898468;0.0010976844932883978;0.0029296875
1389;3.3538742656886384;1.0;0.21875946981537606;0.4005289484444282;0.0184965454057504;-0.015782030951231717;0.012413922231644392;1.8303357899188994;0.0011453172541223467;0.003515625
1390;3.590681982836571;1.0;0.4835895897543686;0.8508481499808808;0.08890110965238317;-0.004945985483936965;0.03930615112185478;1.878648030757904;0.0007940329960547388;0.00078125
1391;4.073519104799833;1.0;0.6871916328219534;1.3602502219911343;0.011013390235111591;-0.017541776364669203;0.02897748341783881;1.886959832906723;0.001386773120611906;0.01015625
1392;3.404958749273114;1.0;0.6229184439216259;1.2206290763837246;0.07745385990475437;-0.0008577029220759869;0.009972819965332747;1.822465366125107;0.000982091878540814;0.003515625
1393;4.026475456715998;1.0;0.320609773875586;0.5747559807723653;0.034296451771628614;-0.010818646289408207;0.022037288919091225;1.8333458185195923;0.0004848232143558562;0.000390625
1394;3.1204133484165033;1.0;0.3591746600800557;0.6581089814339778;0.11760014626813212;-0.0016874406021088362;0.020079307863488792;1.8027439832687377;0.0010757699725218116;0.001171875
1395;4.278505526909516;1.0;0.6420871214848923;1.3509037339415757;0.035085663895247185;-0.0011686668498441578;0.017261042119935156;1.771997481584549;0.0009728722274303436;0.002734375
1396;4.227814571179212;1.0;0.29930329431518105;0.5744981254785878;0.0;-0.004983756970614195;0.01288237669505179;1.7984266400337219;0.0007939713192172349;0.0009765625
1397;3.670186392224964;1.0;0.5431427349510216;1.0037006620190558;0.08404109705299923;-0.0024042301112785934;0.01953115351498127;1.7956985354423523;0.0013870011433027684;0.0072265625
1398;4.231602555628809;1.0;0.6365097966236776;1.2208284460743226;0.05613770226111606;-0.010509777441620826;0.021268707839772104;1.8198594927787781;0.0013361836900003254;0.0046875
1399;3.9579598788286527;1.0;0.4769584491118275;0.9000325154734664;0.033685811968140376;-0.0033593108295463026;0.022654286539182066;1.8899217188358306;0.0014853482483886183;0.0109375
1400;4.279320091381756;1.0;0.534270564902751;0.9942468915824428;0.03803466110059275;-0.004358626203611493;0.011245944630354643;1.8101876974105835;0.0011079557007178664;0.0068359375
1401;4.005947879481644;1.0;0.5235988871393144;1.023748233861987;0.057912949416158876;-0.003190608322620392;0.010508114448748529;1.7765366315841675;0.0014041943941265345;0.0025390625
1402;4.2062968465458885;1.0;0.6514758602572703;1.329110880289039;0.02522014790020885;-0.004691389948129654;0.01383671215735376;1.776187288761139;0.0015290708397515118;0.0076171875
1403;4.283039864513134;1.0;0.6214737458448324;1.1913260472012095;0.04808714053990233;-0.00785855301655829;0.011758336541242897;1.727795696258545;0.002528264361899346;0.02109375
1404;4.020261534456312;1.0;0.30894208201083406;0.5754228702458769;0.03675219148684329;-0.006428466644138098;0.027911483217030762;1.7594836413860322;0.001569250982720405;0.015234375
1405;3.6578410735624995;1.0;0.4874727753392003;0.8859406677262218;0.0991654106938757;-0.0033570857951417564;0.019198426511138678;1.7428324162960052;0.0012201535049825908;0.0068359375
1406;4.1998632454159965;1.0;0.5058088400435112;0.9703611740347026;0.043760126473224435;-0.006344153033569455;0.013314590230584145;1.7281130969524383;0.0009219893952831626;0.0048828125
1407;4.256869354506037;1.0;0.43036715869485515;0.7963035350865038;0.029052587732474763;-0.0022625911980867384;0.017099939053878188;1.7300166845321656;0.0015951867448166014;0.00859375
1408;3.9602094642629515;1.0;0.5710138355475611;1.0035458986310641;0.03424166188545977;0.004382839286699891;0.01968859345652163;1.6980590760707854;0.0012600140529684723;0.0064453125
1409;2.508221295329293;1.0;0.16394936671085458;0.2898076289621908;0.05535440501482725;-0.00483500836417079;0.02277531139552593;1.6171173214912415;0.0014840255840681492;0.00625
1410;4.35537043838989;1.0;0.623680502916094;1.1845390978695258;0.05644876999762008;-0.004695768048986792;0.021237076120451094;1.702912551164627;0.001297097373753786;0.00703125
1411;4.5298109079360565;1.0;0.7813871802255158;1.591184180359282;0.025085043436290044;-0.006238172668963671;0.01983549278229475;1.7130703926086426;0.0018006658065132797;0.013671875
1412;4.29810471607437;1.0;0.6225051514881067;1.3022134275395099;0.020776028660282015;-0.0008029002696275711;0.016205090517178177;1.6642354786396027;0.0014222234138287603;0.009765625
1413;3.6450155078564928;1.0;0.4229653294841092;0.6923613406046994;0.051182160603188635;-0.00663851136341691;0.023855321016162633;1.664018851518631;0.0011741649941541255;0.0068359375
1414;-3.17321044537248;0.0;0.0;0.0;0.0633900875274283;-0.0015532850287854672;0.017805066285654904;1.6700165152549744;0.000967179739382118;0.0025390625
1415;3.978417591361544;1.0;0.2756975538520034;0.5166117159269876;0.0;-0.012376650981605054;0.01669743824750185;1.6285673320293426;0.0012136346194893122;0.0087890625
1416;4.156576008039929;1.0;0.5566547318309779;1.1399970726326325;0.03173006947765282;-0.011490084137767554;0.017454689973965286;1.6129832148551941;0.0008226875099353493;0.007421875
1417;4.149057921718617;1.0;0.6731060527636246;1.4139260348472389;0.05619001182500157;-0.012020495114848017;0.022126656817272307;1.7053262829780578;0.000889443967025727;0.0056640625
1418;4.161105410964591;1.0;0.42227276948679426;0.7706922731456632;0.0331384809167197;0.001888189557939768;0.024017758760601284;1.7534137189388275;0.0006986349355429411;0.0017578125
1419;4.160727601968785;1.0;0.644241237225073;1.3022001214041918;0.05962137435733656;-0.0109351912047714;0.01778146643191576;1.700434148311615;0.0018151408061385156;0.0166015625
1420;1.1561633829359246;1.0;0.21201706159906852;0.3290381488150259;0.017552183515696186;-0.005787593545392156;0.017994480859488248;1.6795369505882263;0.001318154321052134;0.0078125
1421;1.8833054439519492;1.0;0.1714099967075492;0.3287055233418906;0.0038973300003857965;-0.0018195518525317312;0.01993323820643127;1.6951739609241485;0.0015939988777972757;0.012890625
1422;1.8265361264998328;1.0;0.1544683659275491;0.28313913970028337;0.037545345788788397;-0.008104214770719409;0.01798836113885045;1.6646777451038361;0.001240867155138403;0.00625
1423;4.0877578525895295;1.0;0.32675135120056;0.6456644399137504;0.01436567559439521;-0.007147004595026374;0.01289293325971812;1.6968463778495788;0.0018133722594939172;0.0125
1424;4.290324449347212;1.0;0.5418934080429151;1.064732074831309;0.052229890246139644;-0.005103891668841243;0.027851234283298255;1.740449273586273;0.0011798772495239974;0.0078125
1425;1.1791649505468693;1.0;0.13503414608098457;0.2542739004799747;0.05247168303313069;-0.0032941774930804967;0.014513804297894239;1.6731767177581787;0.001161425223108381;0.002734375
1426;3.7462519425497263;1.0;0.579411649738583;1.145481040227882;0.10243211630433696;-0.0040565818082541226;0.026785941515117883;1.6581236004829407;0.0018242697580717504;0.015234375
1427;4.350401130785368;1.0;0.45729869801559614;0.8537036650770111;0.01644256316836424;-0.010623607668094337;0.022369085904210807;1.6777927994728088;0.0015522778499871492;0.010546875
1428;2.530265768876985;1.0;0.2154804172060166;0.41668256963552097;0.009808934332241507;-0.011296230205334722;0.021225726464763284;1.6705660939216613;0.0007240662584081292;0.000390625
1429;0.6301707380064547;1.0;0.1352304078974114;0.2472972942706023;0.023616244491017905;-0.00891342875547707;0.017874469887465237;1.7209928989410401;0.0018544606864452362;0.013671875
1430;4.143972865769102;1.0;0.5620843608299031;1.1307188750210007;0.027077039437316933;-0.006072566611692309;0.02631490081548691;1.636070865392685;0.0005448677344247699;0.00234375
1431;3.0718901715377376;1.0;0.28581742202647337;0.46590546947317035;0.11108948598794229;-0.002270793402567506;0.03121740622445941;1.6526829183101654;0.0018662178656086326;0.0205078125
1432;4.445591645726218;1.0;0.5266879256526902;1.0475544004725825;0.028480998192576455;-0.00588838045950979;0.01980102648958564;1.6166081249713897;0.0005774888093583285;0.0025390625
1433;4.376972966875831;1.0;0.5610995421578965;1.0360859599348642;0.025759224880582094;-0.006378786358982325;0.024791986029595137;1.6571520447731019;0.0013651152839884162;0.0095703125
1434;3.8510680142062594;1.0;0.30328372191789;0.5808527067405671;0.04445477228470953;-0.008965827152132988;0.014210676890797913;1.6374029219150543;0.0012662442051805556;0.0080078125
1435;4.247606993955276;1.0;0.500382032777347;0.9885243263650791;0.013409437739028942;-0.0023069688584655525;0.009497707220725715;1.6808436393737793;0.002052671345882118;0.0189453125
1436;4.508707772068049;1.0;0.7503249625916041;1.5123973334134058;0.028600725975210687;-0.007692825607955455;0.010835952707566321;1.5848444700241089;0.0010532916989177466;0.00390625
1437;4.063173813363744;1.0;0.40577625947658846;0.7331123104996885;0.051527693072210785;-0.006307934736832976;0.010826678341254592;1.547196090221405;0.0009588839020580053;0.004296875
1438;4.516195604219986;1.0;0.6966008290559476;1.402944161837967;0.014949769369863586;-0.0054669906850904225;0.011402423121035099;1.5633375644683838;0.000827807781752199;0.0013671875
1439;3.937829503520537;1.0;0.5490683571569471;1.0068615320877372;0.06011571449238613;-0.01210970846004784;0.009108523139730096;1.5865630686283112;0.0008895696722902357;0.004296875
1440;3.75615357062085;1.0;0.48385141086537437;0.9458165692453834;0.03458380059763788;-0.004419836075976491;0.006901331478729844;1.569367265701294;0.001400557078886777;0.0083984375
1441;-0.952866163595348;0.0;0.0;0.0;0.017527674419680703;-0.015838808519765733;0.014549241540953517;1.5842422604560853;0.0017760395654477178;0.0130859375
1442;4.386536351610168;1.0;0.4382483090230533;0.8530425422823016;0.0009023459052468091;-0.006837159907445311;0.021482696896418928;1.5372462809085845;0.0026662203134037556;0.0275390625
1443;4.334735988789577;1.0;0.4148560036493772;0.8239532753500756;0.00992139947956433;-0.015029251528903841;0.00958937956020236;1.6064548075199128;0.0016063234535977245;0.0123046875
1444;4.539013869000753;1.0;0.7668948680091872;1.5785153844781712;0.02401660147039765;-0.01031047604046762;0.01008224687539041;1.5777107179164886;0.0011219259235076607;0.008203125
1445;3.6826318807875316;1.0;0.3344651932014964;0.60095093343378;0.0;-0.009728471934795379;0.02191999079659581;1.6420273542404176;0.0008803241304121912;0.0033203125
1446;4.270320984552035;1.0;0.608063740899511;1.2228208416054334;0.03025558898618226;-0.012105428474023938;0.015679385466501116;1.6442367434501648;0.0010354724363423884;0.00703125
1447;3.6642820558594424;1.0;0.23540264827142005;0.39035737268990195;0.00507819674953712;-0.006871384475380183;0.011249358113855124;1.5845201432704925;0.0017767938668839633;0.0150390625
1448;0.022203231260481182;1.0;0.10213830991054178;0.19067375949024729;0.06350085955685451;-0.011559601966291666;0.01330586657859385;1.6057522118091583;0.0011234470410272479;0.00546875
1449;2.7590245487142835;1.0;0.20885892830796873;0.39651757892062384;0.047540758653763525;-0.009991425229236484;0.03239310113713145;1.6344198524951934;0.0013363417237997055;0.00546875
1450;2.6954849284434927;1.0;0.30275595008424483;0.518521263183978;0.025287302848825164;0.0016038304194808007;0.017946570925414563;1.5905015885829925;0.001869300042744726;0.01796875
1451;3.261619603385049;1.0;0.5135925976060599;0.9327935864552768;0.044765074712999064;-0.0008900580927729606;0.029619471821933984;1.6201116383075713;0.0009327424573712051;0.00625
1452;3.2975537201279916;1.0;0.3019183852947256;0.5925135279236705;0.023352891239259568;-0.009209499461576343;0.018455516314134;1.6429012775421143;0.0007168764248490333;0.0009765625
1453;4.198253884849823;1.0;0.651082890268039;1.3177395621584442;0.03304301691496538;-0.009541147202253342;0.01369959251023829;1.5846455454826356;0.0006103813764639198;0.00078125
1454;0.0631766246430514;1.0;0.3335588224803308;0.6536944106780247;0.004908607708264604;-0.00693056178279221;0.012839310197159648;1.6092693388462067;0.0017368856235407293;0.0154296875
1455;0.07204694791798527;1.0;0.18804448111581534;0.3181593737811354;0.02659106591613408;-0.016464565228670836;0.010407810239121318;1.573647528886795;0.0018350411439314485;0.0125
1456;4.536936247290139;1.0;0.6433001502385493;1.360556671312824;0.009619545028851937;-0.0066733784973621365;0.015872433409094812;1.5716797232627868;0.002076624194160104;0.019140625
1457;3.9247695327423786;1.0;0.4806334273080882;0.8135179758538871;0.06358961815145926;-0.0014414229430258275;0.015995141537860035;1.6148233771324159;0.0015066632768139243;0.01015625
1458;2.3121196363650385;1.0;0.14836170037574797;0.2702507407747201;0.04218476309201398;-0.0016572569496929646;0.012602871702983975;1.5944539964199067;0.0009509118041023612;0.005078125
1459;2.3736381936567224;1.0;0.1874066192547937;0.3478568238736843;0.051545734502750365;0.0028313119895756246;0.01403682753443718;1.6253809213638306;0.0008013064973056317;0.0015625
1460;3.3424416690126852;1.0;0.24740175770831194;0.39508843447545594;0.024999291547026;-0.005035127326846123;0.009239275986328722;1.6019542217254639;0.0008031159406527877;0.0025390625
1461;4.24971678433024;1.0;0.6101197921444115;1.183688282022881;0.0532254414256708;-0.012801584973931312;0.009496831241995097;1.6444048941135407;0.0009990566526539625;0.005078125
1462;4.082537762771122;1.0;0.695812296506383;1.3577130599467397;0.08988290598228882;-0.006370746251195669;0.009743395168334246;1.6082233548164369;0.0014302193885669112;0.0099609375
1463;3.145119614480401;1.0;0.24024209112393957;0.4030370711453267;0.07397999425253915;-0.010674689221195877;0.012712353700771927;1.6174332320690155;0.0022767233196645973;0.01953125
1464;0.01950074624841225;1.0;0.181393675653619;0.3504595383962774;0.07901940097539226;-0.00942390775308013;0.013695241324603558;1.5585473895072937;0.0012389562441967427;0.001953125
1465;4.315199485424149;1.0;0.5010283231048417;0.9088926939071409;0.031185712833406733;-0.006301252613775432;0.008288057730533182;1.636157751083374;0.0014665093389339746;0.0078125
1466;3.19876813264406;1.0;0.247171582121165;0.47175225305462876;0.02864824946470072;-0.0022372978273779154;0.01744138482026756;1.579757034778595;0.0018615405424498022;0.01640625
1467;3.293034951401484;1.0;0.24315521909030965;0.46247194123872304;0.010360542826822895;0.003078341775108129;0.015378822991624474;1.5888365268707276;0.0010480696568265558;0.0060546875
1468;3.959844092629473;1.0;0.31905086166318536;0.5682379266562996;0.018851759437672016;-0.006128359399735927;0.01026857178658247;1.5635446846485137;0.0015011541778221726;0.0115234375
1469;3.730125086272984;1.0;0.27671267231208263;0.5398954752261323;0.04341529663246382;-0.0032347119878977535;0.028544929530471563;1.630133992433548;0.0008391485316678882;0.0025390625
1470;2.853974421884772;1.0;0.4410681300492333;0.757208689098022;0.028032060367186622;0.0017113868263550103;0.021236556582152843;1.64561927318573;0.0014611602877266706;0.0115234375
1471;3.562967087654564;1.0;0.2908769893266507;0.512312793008326;0.044550872766443095;-0.009598912950605155;0.01671859142370522;1.6610191404819488;0.0010955533827655018;0.0048828125
1472;3.456514985505795;1.0;0.2898790794135031;0.5150072978955498;0.03350601206313762;-0.008128314721398055;0.016553625045344234;1.662272971868515;0.0009595943964086473;0.003515625
1473;4.20462003452595;1.0;0.39251686141035813;0.6634061714809193;0.026160881545260098;-0.005874048126861453;0.014914900949224829;1.624827653169632;0.0017863915069028734;0.0126953125
1474;3.9050053158794906;1.0;0.26961042309623107;0.4826439878588209;0.06188590019345292;-0.010417192569002509;0.02547075804322958;1.6649034798145295;0.0011906357598491014;0.003515625
1475;3.831123937957233;1.0;0.2527411257152528;0.4797218780642735;0.02542532089175729;-0.0031088185496628284;0.01945536779239774;1.648638242483139;0.0006255024927668273;0.00078125
1476;4.237798964910188;1.0;0.6943752016989353;1.4144684905473361;0.02051168940249893;-0.010688545182347298;0.013765716645866632;1.6769957482814788;0.0007033883244730532;0.001171875
1477;3.0956462021899687;1.0;0.32866421328182965;0.5221781850000163;0.05304478197055589;-0.00909161395393312;0.028723294846713543;1.646748924255371;0.001269484357908368;0.00859375
1478;3.2137865244840365;1.0;0.25449679137297365;0.46658677955489464;0.021287172098580533;-0.0036324520595371725;0.013751610787585378;1.561089164018631;0.0009381502983160317;0.002734375
1479;3.2206378163506884;1.0;0.32860391043008974;0.559938491224854;0.05176008128566601;-0.006314363662386313;0.014032472390681505;1.6175045430660249;0.0014940070803277194;0.009765625
1480;4.147660771884727;1.0;0.5144076183283769;0.9737678003096877;0.03772731193960861;-0.0053317156620323655;0.01841948423534632;1.5570190787315368;0.0015146736986935139;0.0072265625
1481;3.915102224255859;1.0;0.4268557396588225;0.7966756185407844;0.0652565966982914;0.0003479008562862873;0.009660009294748306;1.5851137280464171;0.0011356234550476073;0.0060546875
1482;4.552510543647703;1.0;0.6428670627091967;1.371607787979368;0.0027853160121242104;-0.011380138690583408;0.01993322032503784;1.5585703551769257;0.0017726481310091913;0.0171875
1483;3.8628193844187164;1.0;0.33791774022280163;0.6228770328542503;0.01752480579950612;-0.01417995651718229;0.018294917698949576;1.5739943027496337;0.0016541142598725856;0.0126953125
1484;3.495713258634265;1.0;0.34441158975140124;0.5662978686350029;0.03612425717253562;-0.008702426520176231;0.022540537640452385;1.5549993753433227;0.0007656502071768046;0.0017578125
1485;4.248226789617865;1.0;0.5510447925659805;1.103435322525145;0.04538374115378739;-0.009299410041421652;0.015103047247976065;1.601909840106964;0.0007653628941625357;0.003125
1486;4.238853361381365;1.0;0.5415151348752539;0.9685750082539594;0.031937278248437014;-0.00685590086504817;0.028553473111242057;1.599810826778412;0.0019084615050815046;0.0203125
1487;2.6874689632663644;1.0;0.2855888507336507;0.5021536713532051;0.029991551034602642;-0.014986233925446868;0.015850325115025043;1.5895642459392547;0.001441956521011889;0.011328125
1488;4.540618869842969;1.0;0.6361456420276245;1.3495149207493895;0.0;0.0048390490701422095;0.02473392868414521;1.5871087729930877;0.0006013128906488419;0.0005859375
1489;2.1787412784572977;1.0;0.30440800195021384;0.5213962378495798;0.028750548920377764;-0.006806443794630468;0.011376578803174197;1.6043832361698152;0.000830092839896679;0.0048828125
1490;4.002380936470069;1.0;0.3627473974812093;0.7107160535154899;0.019852712534213727;-0.003472180257085711;0.014498354541137815;1.6361073911190034;0.0012078078812919556;0.00625
1491;3.7057319672179423;1.0;0.1832851070072732;0.33110074524467553;0.02833766835823579;-0.01749008153565228;0.015793169755488633;1.643033105134964;0.0019139740383252502;0.0162109375
1492;4.085059271833149;1.0;0.2943752685102045;0.5162566253129104;0.0;-0.010634149890393019;0.01081312047317624;1.6415081799030304;0.0007220052764751017;0.0013671875
1493;4.255237255211765;1.0;0.5450686812267869;1.116935396149755;0.03579429202515353;-0.00564958774484694;0.010504259867593646;1.6556718945503235;0.0017380365286953747;0.01640625
1494;4.089705465706427;1.0;0.4899573572434534;0.9385377089058706;0.03651035203883192;0.008804839150980116;0.01151731158606708;1.6722969949245452;0.0006536055938340723;0.0013671875
1495;3.866845833706919;1.0;0.3597179904889665;0.7128043149736936;0.038156590073642804;-0.0052267080172896385;0.01318580419756472;1.6816993653774261;0.0015706336009316147;0.0119140625
1496;4.118377133619961;1.0;0.5204258813562278;0.9910168061264392;0.06824310974086481;-0.010339072486385704;0.009474930027499795;1.694238579273224;0.0014435939956456423;0.0080078125
1497;3.9487509206597933;1.0;0.2608173758632011;0.4265379036587771;0.017969639644739074;-0.0029514565714634953;0.009062739531509578;1.6377070844173431;0.0012410374474711716;0.00390625
1498;3.233107477596;1.0;0.3540205485370099;0.6395681056104098;0.1256863048852092;-0.0031651477329432964;0.011125083710066975;1.604147845506668;0.0005850197863765061;0.000390625
1499;4.561253175117828;1.0;0.7357303612178452;1.544088513421069;0.007508292488106754;-0.00814406129065901;0.011529500992037357;1.6062404215335846;0.0014334963867440819;0.00625
1500;4.173130334078374;1.0;0.37291418463813086;0.6535888533901543;0.018322485024912436;-0.01813896526582539;0.04117354592308402;1.6290721535682677;0.0025718395714648067;0.0271484375
1501;3.926354447032014;1.0;0.5019748151916993;0.9462777430040774;0.023696487519298155;-0.004297514678910375;0.014178010495379567;1.6714607179164886;0.0012726801098324359;0.0056640625
1502;3.3023706617651722;1.0;0.1963788839156746;0.3716158276283674;0.019647540653078135;-0.0016168450471013784;0.017183096334338187;1.6430432796478271;0.0019780138856731353;0.013671875
1503;4.186397087554282;1.0;0.47278629085778096;0.9064242494833369;0.04441341913374249;-0.008151770755648612;0.024101595114916562;1.5963258683681487;0.0008021579473279416;0.001953125
1504;4.296306946801567;1.0;0.5595374695680663;1.1293014760764761;0.056906915292109936;-0.008109309477731586;0.013740705326199532;1.5780113756656646;0.0017927133361808957;0.01875
1505;3.6928517539550576;1.0;0.398447345853273;0.788402090340524;0.06156287621767183;-0.002820737147703767;0.013188623357564211;1.6421387195587158;0.0007002580096013844;0.0015625
1506;3.180867485513505;1.0;0.22180129753172195;0.43657336116260714;0.03223978101127815;-0.006687432946637273;0.01406636955216527;1.5957991361618042;0.0007643916178494692;0.001953125
1507;3.6998991163282313;1.0;0.4366213956856543;0.8309775275580105;0.053994914724759924;-0.0062906462233513595;0.025727507006376982;1.7163213849067689;0.0018588286824524403;0.01484375
1508;3.860384793804545;1.0;0.57043146766473;1.121170369071135;0.04547279975069136;-0.008056637272238732;0.02221399135887623;1.7896600425243379;0.0011063014157116414;0.0037109375
1509;4.037604750567242;1.0;0.49515700157794734;0.8768572418521607;0.04818152305158222;-0.007676707208156585;0.022552895778790116;1.7013638854026794;0.0015779848210513592;0.009375
1510;4.288395025931606;1.0;0.5252651010398268;0.9837356322799;0.037397674255205536;-0.016387272160500288;0.007341666985303164;1.5251950562000274;0.0010609142598696053;0.0037109375
1511;4.004856309950306;1.0;0.6507111916179905;1.3662735495792298;0.006283226391201298;-0.009414104861207306;0.019687832798808813;1.6097267687320709;0.0025322738103568552;0.0283203125
1512;-2.496667652017318;0.0;0.0;0.0;0.040262442047450164;-0.013069076603278518;0.018470166251063347;1.527097111940384;0.0023144687060266734;0.01640625
1513;4.05527646365465;1.0;0.5983002643993957;1.2011172970731894;0.09564515305657076;-0.009615979017689824;0.016550080059096216;1.6620477199554444;0.001015665358863771;0.00390625
1514;4.023378135950155;1.0;0.5548272261280568;1.106439382566204;0.050474079802687304;-0.007534754439257085;0.02933961423113942;1.6619896650314332;0.0010466526844538748;0.005078125
1515;3.669727219028731;1.0;0.37029406608783705;0.7224727064736207;0.050360629645912744;-0.012006486603058874;0.021946977404877544;1.6304524660110473;0.0011341040139086545;0.0041015625
1516;2.3022748460549782;1.0;0.2974056158414708;0.44272385412414644;0.05801457624617651;-0.007308206148445606;0.036711580213159324;1.6637232303619385;0.001202298910357058;0.0080078125
1517;3.912900163060971;1.0;0.5575608301224887;1.0477937099751344;0.07331921489592162;-0.011310715554282069;0.014594181161373853;1.6162404894828797;0.001225055241957307;0.0078125
1518;0.5047879148260637;1.0;0.26954120631942907;0.5270128327166058;0.05436188882695407;0.003690531849861145;0.00905568099115044;1.7183944582939148;0.0010570536716841162;0.002734375
1519;3.992515349685583;1.0;0.42502766601295144;0.8138319361589151;0.037090706989012776;-0.002006685337983072;0.01534635154530406;1.5696401119232177;0.0008924223948270082;0.0025390625
1520;3.561762120336449;1.0;0.39185443962040856;0.6810846149364501;0.04006500123272934;-0.011511588376015425;0.011190182459540666;1.5921805024147033;0.0006986292544752359;0.0001953125
1521;4.239791649493624;1.0;0.5170258936182313;1.0339879083421435;0.05405842603621705;-0.008915873942896724;0.010673049674369394;1.5657183885574342;0.0014978947234340011;0.0111328125
1522;4.463316282766177;1.0;0.6672460274040594;1.3737638867206747;0.032905614989542815;0.00021695131435990335;0.02583896415308118;1.6101394832134246;0.0009785179747268558;0.00234375
1523;3.20336582860339;1.0;0.23231010274629763;0.364658360923494;0.014078252988536218;-0.009957080846652389;0.01982902381569147;1.6075281620025634;0.001493429415859282;0.01328125
1524;4.4228823305983;1.0;0.4759967701283706;0.8613189214372726;0.02196388396845129;-0.002012351434677839;0.015320262545719743;1.55034698843956;0.0017083601909689606;0.01015625
1525;3.805469953193235;1.0;0.4378083439181437;0.831227221857789;0.043398662410537296;-0.013619736628606915;0.018154758680611848;1.6608043372631074;0.001387453207280487;0.0095703125
1526;4.126939550171773;1.0;0.6130770633080111;1.1812563338227846;0.052188993068636245;-0.006208302732557058;0.009779959847219289;1.6423802554607392;0.0014154475880786776;0.0064453125
1527;3.7811216965921797;1.0;0.37446285534460033;0.7265629242240887;0.03687212833363726;-0.0060626738704741;0.005751072894781828;1.5935272336006165;0.001068584166932851;0.0017578125
1528;3.7248242586079767;1.0;0.49947266517130984;0.8691738745675558;0.06653100728349892;-0.008088652335572988;0.010038563795387746;1.5494561433792113;0.001424507168121636;0.010546875
1529;2.2673282714897165;1.0;0.6628276421231142;1.3159542629725762;0.036657051891496976;-0.0026091418229043485;0.01101570965256542;1.5698011577129365;0.0006569941411726177;0.0005859375
1530;4.375370189494909;1.0;0.5533614621658851;1.0682816519380913;0.04808315704587573;-0.004544055578298867;0.008136757067404687;1.5416298985481263;0.0006216766429133713;0.0009765625
1531;2.249730975536233;1.0;0.3062362102352448;0.5989025128821852;0.05807870033917215;-0.0029880509711802004;0.00894611410330981;1.479457473754883;0.0010743915219791234;0.0033203125
1532;4.122228729006587;1.0;0.27439870434833813;0.4989656804028201;0.0036021920205796367;-0.0016972371377050877;0.02050969870761037;1.5151846706867218;0.0007159650325775146;0.0017578125
1533;3.5728941385489748;1.0;0.18140875016668287;0.35976558143899645;0.016481577165384273;-0.008944942103698849;0.007695055147632956;1.582047736644745;0.0010647768387570978;0.0033203125
1534;2.9917490671023996;1.0;0.1618256435950698;0.2657670252330719;0.013278155325006116;-0.007597912847995758;0.014028741512447596;1.6066819489002229;0.0013052581576630472;0.00703125
1535;3.9551255307236475;1.0;0.5729856894841308;0.9329417644890179;0.03152103036941954;-0.004478035756619647;0.006689763464964926;1.558385181427002;0.001068354770541191;0.0037109375
1536;3.3669552468985566;1.0;0.6282660129448832;1.2752961433771224;0.0704573394502116;-0.014441211381927133;0.008902313420549035;1.5048512935638427;0.001253171404823661;0.0060546875
1537;4.360975084401196;1.0;0.43431151024031883;0.7787411485221889;0.021319527289395825;-0.004659428820014;0.019680348224937916;1.4698049008846283;0.0022734241443686186;0.0234375
1538;4.409713171583587;1.0;0.655436500579409;1.3854599352431476;0.0348348636592122;-5.502859130501747e-05;0.015101089654490352;1.4955654263496398;0.00131673269206658;0.0109375
1539;4.393860900325101;1.0;0.7035992941988051;1.5032996637473033;0.019793960466296973;-0.004196441033855081;0.02605095347389579;1.5532339215278625;0.0015306929708458483;0.0119140625
1540;4.491685270412333;1.0;0.6889583392127019;1.4446302893039746;0.02237948469661032;-0.002839110931381583;0.0219068493694067;1.6023175358772277;0.0005865405197255314;0.0005859375
1541;4.392566154690584;1.0;0.5507693067279396;1.0856721933812445;0.030938126554709223;-0.006072144350036978;0.021703690756112337;1.5594322681427002;0.0010805771453306079;0.007421875
1542;4.138333984215867;1.0;0.4964816009852059;0.8813029101695797;0.033008674992183115;-0.007077382598072291;0.018691611802205445;1.5387320220470428;0.0022481542313471437;0.0201171875
1543;4.085768999273912;1.0;0.5103100219344626;0.9599856893499963;0.0017781532901139498;-0.003465750766918063;0.04427977101877332;1.5790153205394746;0.0018678655615076423;0.019140625
1544;4.164025638189014;1.0;0.587173775938273;1.1754550790520721;0.026746189240515406;-0.005557852634228766;0.030874793510884048;1.5365648865699768;0.0005428793374449015;0.0021484375
1545;4.268429737319275;1.0;0.5597111754954149;1.2162704780122136;0.021496625429820417;-0.00350616630166769;0.010617953189648689;1.5329698264598846;0.0007262085215188563;0.00234375
1546;3.286763966088296;1.0;0.37817622141718316;0.7132865950826666;0.03834252413756192;0.001104294811375439;0.014085385156795383;1.5656818568706512;0.0014927813084796072;0.0107421875
1547;3.7015226007858177;1.0;0.5936602683437968;1.2123009439193788;0.020337892860140098;-0.01217943043448031;0.019157228339463473;1.5440419733524322;0.0015571351977996528;0.013671875
1548;3.8342415588130994;1.0;0.5793964492070861;1.1302906081234878;0.04372086636826271;-0.00732492315582931;0.013326029106974602;1.6524470508098603;0.001366902468726039;0.0072265625
1549;4.508641903290503;1.0;0.6335444057967343;1.3938187663842783;0.0024213056067111357;-0.014306420227512717;0.007122207549400628;1.6055987119674682;0.002223298663739115;0.0193359375
1550;3.4858676993579216;1.0;0.16450598348198725;0.2717707009604806;0.003925919600752143;-0.00657896175980568;0.014430676959455014;1.5343398094177245;0.0009018725017085671;0.0029296875
1551;-0.9719606246053463;0.0;0.0;0.0;0.02842124975911265;-0.00870395265519619;0.010472150612622499;1.450513380765915;0.001484312757384032;0.005078125
1552;4.348864097327256;1.0;0.553387686647376;1.1702916367637572;0.02788545371934104;-0.02487352192401886;0.00535268122330308;1.4587292790412902;0.0019603655207902195;0.0109375
1553;3.2331071973923016;1.0;0.11566089604113064;0.22277703919593037;0.008174085828043964;-0.004244303121231497;0.011674828710965812;1.4569524645805358;0.0012052672100253403;0.0033203125
1554;3.705560672773026;1.0;0.5179822278197148;0.919215689825319;0.045382565266483564;-0.003636152087710798;0.015325405215844513;1.4801492869853974;0.0013453416526317597;0.0099609375
1555;4.040531510689586;1.0;0.6089244761559002;1.1949995225552588;0.026782904889366126;-0.011519922688603402;0.021828583814203738;1.4706177055835723;0.001465411577373743;0.0115234375
1556;3.292299890247397;1.0;0.14524440667686897;0.2967521984121054;0.01565142431626403;-0.002042001532390714;0.027308287378400565;1.4953888058662415;0.0015013562981039286;0.012890625
1557;3.263440398619285;1.0;0.5546269385320941;1.0909530948773032;0.04496120212514252;-0.011486664111725987;0.02485385723412037;1.5253133118152618;0.0006772260880097747;0.00234375
1558;2.7684587262701688;1.0;0.6813813992342639;1.411374715045114;0.036452870549524764;-0.011042186687700451;0.011354308109730482;1.527701848745346;0.001739288668613881;0.0130859375
1559;4.088174107631172;1.0;0.5932820458448533;1.2029583213958825;0.03679932022137846;-0.004823538288474083;0.012760668341070414;1.4789455592632295;0.0014332733117043972;0.00625
1560;4.4322880173395625;1.0;0.5808887222216876;1.2342457296704168;0.024449381248200303;-0.002701338240876794;0.023074283311143518;1.4616214990615846;0.0009764040354639292;0.0072265625
1561;4.5057187199741975;1.0;0.5432502640587841;1.1754864518735773;0.010766815869239301;-0.0062827829271554945;0.012372537166811526;1.5548207461833954;0.0014676344464533031;0.0099609375
1562;4.383292526847773;1.0;0.4336008529104618;0.8195837859065475;0.00904646149775293;-0.00027042236179113387;0.007884616288356483;1.5217198252677917;0.0018942322116345168;0.0162109375
1563;4.46068770983208;1.0;0.598971074746341;1.290659446295179;0.01277138783535105;-0.009667946305125952;0.013644150830805302;1.6091601490974425;0.0019963277969509362;0.01953125
1564;2.523150804242172;1.0;0.37820525808554817;0.7761432542505026;0.021712661132732798;-0.01225638291798532;0.008589448686689139;1.6469844460487366;0.001543128106277436;0.0107421875
1565;4.239256631341562;1.0;0.46004444414136575;0.7955756729454034;0.03049291685382145;-0.00910974433645606;0.012837730953469873;1.547878736257553;0.0015486939810216427;0.0138671875
1566;3.8611238270430714;1.0;0.28717181559922594;0.5486038063784742;0.028036616195485798;-0.012002489250153302;0.0072199462447315454;1.5635256469249725;0.0012884355150163175;0.0068359375
1567;2.197607132171864;1.0;0.36738579592652915;0.694620757773129;0.05389380558697671;9.040767326951028e-06;0.015246841451153159;1.5318927586078643;0.002249737991951406;0.0201171875
1568;4.441729118405179;1.0;0.6695564899640104;1.3904648191752718;0.025351060189011693;-0.0021751388907432557;0.013223805092275142;1.5141649186611175;0.0011924676364287734;0.0103515625
1569;4.25950299992272;1.0;0.6700555200877033;1.3575828541325472;0.04436657316555655;-0.0038540632696822284;0.016530202701687813;1.4761593639850616;0.0007538392557762564;0.0033203125
1570;3.7441725264295043;1.0;0.22915428587776798;0.4258732892497137;0.01773903271982185;-0.0023202768294140696;0.016862636199221015;1.4552247166633605;0.001021857827436179;0.004296875
1571;4.298163371144353;1.0;0.5368090142462502;1.0762094145274055;0.03508839445831773;-0.005389630934223533;0.01726807691156864;1.444679194688797;0.0009111437131650746;0.0052734375
1572;4.349324190546369;1.0;0.5855659700230105;1.2524989067400398;0.03365022151630575;-0.009684178791940213;0.009430230502039194;1.4556072771549224;0.002130610670428723;0.021484375
1573;3.9538152726028173;1.0;0.3506989898318459;0.6328688434075311;0.013443647294511044;-0.009443801594898105;0.022260321769863367;1.4950927078723908;0.0012394710327498614;0.008203125
1574;4.087228672443163;1.0;0.3574659406557552;0.6999233223805315;0.02619251481934781;-0.0018980939872562884;0.022265483066439627;1.5138178288936615;0.00149997592670843;0.0107421875
1575;0.4161470872793296;1.0;0.10635304931795223;0.20718646312233138;0.03792883013456988;-0.007805525325238705;0.030378131847828626;1.6090974807739258;0.0012995332712307573;0.009765625
1576;3.4823297206065114;1.0;0.3405702982304882;0.5734989035437024;0.040080162093083654;-0.00983825526200235;0.023399165086448192;1.5472457230091095;0.0014259888790547847;0.0125
1577;3.8623270445349984;1.0;0.36262055303214213;0.6960261860832442;0.04086221851225908;0.00380778550170362;0.016655128728598357;1.5885868310928344;0.0005872099893167615;0.001171875
1578;3.810612111290192;1.0;0.28666464501291883;0.5399850536959215;0.030471805699494998;-0.0018999152351170778;0.04191556861624122;1.612388801574707;0.0010259502567350864;0.0046875
1579;3.7397556354248955;1.0;0.2876583966434626;0.4983422442862604;0.04383479602473543;-0.005410765483975411;0.018124753097072243;1.5474561274051666;0.002608069567941129;0.028515625
1580;3.279775659364682;1.0;0.3559875562003286;0.6086132947379914;0.0540722602933754;-0.0052999408915638925;0.029531743191182614;1.5436470270156861;0.0009116157074458897;0.0056640625
1581;4.312329759688122;1.0;0.42505224191981095;0.8009571809305956;0.026453208964910418;-0.004764799727126956;0.010360280913300813;1.5652541995048523;0.0011291316826827825;0.0068359375
1582;4.091682453862338;1.0;0.6473063295464455;1.2022889725256536;0.05943101013232598;0.0003700475674122572;0.023281579464673997;1.6265243887901306;0.0022056467947550117;0.022265625
1583;3.847965787066055;1.0;0.3192454252845044;0.5996826718859717;0.042286718757340504;-0.013568196957930923;0.016729576326906682;1.4898045063018799;0.0012606268166564405;0.0078125
1584;4.033036807899185;1.0;0.2418838457497322;0.46965129069177003;0.015166383867909613;-0.011158174835145473;0.013933314243331552;1.5233375608921051;0.0020089253317564725;0.01953125
1585;1.1577596078540635;1.0;0.32208138797110425;0.47175380598655337;0.028184110712249327;-0.0083484030328691;0.008857367211021483;1.495589655637741;0.0013295933022163808;0.0109375
1586;4.027126510407491;1.0;0.4897621275360856;0.8524973307396366;0.051296603034618346;-0.005988950282335282;0.006555279507301748;1.488278877735138;0.0011210297700017691;0.003125
1587;-0.08804288328644061;1.0;0.2738968595975708;0.4838010513762963;0.03696136151277187;-0.005235930345952511;0.025944463489577175;1.5015783846378326;0.0017761139199137688;0.014453125
1588;3.488021368658122;1.0;0.3725551628126584;0.7313692368121919;0.0897460692820437;-0.008105358760803937;0.020012360345572234;1.4457910478115081;0.0015510104247368872;0.0130859375
1589;3.9427245070520582;1.0;0.3334744775220325;0.6374173096114407;0.03707054079069333;-0.008243228029459714;0.017805705219507216;1.48670637011528;0.0012188248801976442;0.0087890625
1590;4.206280181814353;1.0;0.6532754632862667;1.2972427549475851;0.04397407556714939;-0.009833745891228318;0.00901888117659837;1.403798896074295;0.0019748172257095576;0.0185546875
1591;3.779034821307549;1.0;0.5293161990903846;0.9040964117991801;0.06409252217511562;-0.006363696674816311;0.02140511106699705;1.4290847659111023;0.0010229256353341044;0.003125
1592;3.7222797389466864;1.0;0.5884465190615323;1.1947139619673348;0.05863327321797517;-0.006224126880988478;0.014964534156024455;1.402927279472351;0.0010224009514786304;0.003125
1593;3.9386748841027774;1.0;0.3607645525381766;0.7014371186954783;0.03900261457716709;-0.011319158412516118;0.00825582630932331;1.2970795154571533;0.000884132960345596;0.0029296875
1594;4.398709100316952;1.0;0.6899988351533856;1.4607590977690685;0.05754446686717684;-0.006045068264938891;0.009515842236578465;1.3447414577007293;0.0015089158434420824;0.0123046875
1595;3.9102704870178355;1.0;0.22783320018692255;0.4092746772033701;0.01746945548935192;0.000517808273434639;0.010626927064731718;1.2901676654815675;0.0008189674932509661;0.00390625
1596;3.7853159680506834;1.0;0.3754467090993335;0.7172019065423733;0.04377836813219335;-0.0033555209636688234;0.01966332891024649;1.3590706944465638;0.0014489270746707917;0.0126953125
1597;4.378695795285738;1.0;0.5918344979763974;0.9770364250344197;0.021622027382875376;-0.003306121286004782;0.02042755517177284;1.3417169988155364;0.0025344157591462137;0.027734375
1598;4.422595703018035;1.0;0.6305136740887457;1.3151109418951814;0.02845587675957522;0.0005012867040932178;0.020068358350545167;1.3197568833827973;0.000423253804910928;0.0009765625
1599;3.569038077486569;1.0;0.34042502378366823;0.550971608220699;0.03987956858036089;0.001249548327177763;0.028643165435642003;1.3428195118904114;0.0015967857441864907;0.012890625
1600;3.3854903090696364;1.0;0.4136770458630422;0.8015861170778348;0.024119860944446164;-0.006719794869422912;0.012747363699600101;1.396443635225296;0.0015258523286320268;0.0150390625
1601;3.98288458015402;1.0;0.6479172949553036;1.3377710542533388;0.048920986571845085;-0.009458670113235711;0.010852873395197093;1.347455769777298;0.0016308739548549056;0.0115234375
1602;1.6531913577769786;1.0;0.3042662411679586;0.5600552725246027;0.04437229630231987;-0.002613602066412568;0.01567885037511587;1.4357313573360444;0.0012033690582029521;0.007421875
1603;4.250055435291292;1.0;0.48304500017447494;0.8146228855223019;0.017472053422516537;-0.00695589641109109;0.012845202162861825;1.2667541682720185;0.0015070717316120863;0.0126953125
1604;3.806718293104269;1.0;0.515424290239068;0.9890240846511814;0.015749644054032477;-0.005314745428040624;0.011275927000679076;1.3172693014144898;0.0020443013054318726;0.02109375
1605;3.959722554898976;1.0;0.4972485338540095;0.7881150553350736;0.050864483602662436;0.0032709928229451178;0.01708303075283766;1.2978670358657838;0.0008458460448309779;0.0041015625
1606;4.361144093264913;1.0;0.5507548055941665;1.1280256192177882;0.04709699616901212;-0.00970894934143871;0.00957136310171336;1.3455046892166138;0.0012683102395385504;0.0109375
1607;4.25838245732994;1.0;0.5460165224095018;1.0512054866439733;0.02789353401025917;0.0011618260759860277;0.020662318309769036;1.378787761926651;0.0010047604097053408;0.005859375
1608;4.111504674890808;1.0;0.46231990256057437;0.8026916925564817;0.03156203830061351;0.0005001019686460495;0.007115138415247202;1.3730529129505158;0.002892288425937295;0.0341796875
1609;4.381751392236523;1.0;0.6539655165279118;1.3350008710577033;0.047455416216562255;-0.01160047617740929;0.008391656912863255;1.3758542478084563;0.0018325704848393797;0.0169921875
1610;3.653958330123671;1.0;0.3819320621847734;0.5712192155708459;0.050844737855292706;-0.006003130634780973;0.009931905916891992;1.4136245131492615;0.0012826507329009474;0.0064453125
1611;4.140411335335763;1.0;0.5024086435518591;0.9042960964387372;0.04684960093430547;-0.0040643764426931735;0.010775581654161214;1.4295187711715698;0.0011376709095202386;0.005859375
1612;3.6166957163150233;1.0;0.38548672462160655;0.659700492814727;0.04935263993672837;-0.008481919881887734;0.01202053357847035;1.4648778915405274;0.0017214651918038726;0.016796875
1613;4.418807687710705;1.0;0.5449291009208183;0.9771700144185211;0.020383506202634315;-0.009702121745795012;0.011235085804946721;1.3513489603996276;0.0014053104678168893;0.01015625
1614;4.415910430465679;1.0;0.5319019774650037;1.0711930127488005;0.01807382127553818;-0.011661411356180906;0.006799233565106988;1.3202026784420013;0.0017631014809012413;0.0166015625
1615;3.551124357225091;1.0;0.37001318738028616;0.5455257092858422;0.03430917073151837;-0.013154492573812604;0.012552084494382143;1.4025446057319642;0.0014365617767907678;0.0095703125
1616;4.491163475099416;1.0;0.6529479054076248;1.4106601386779738;0.019468577864148455;-0.007095240824855864;0.014797058887779713;1.4037058293819427;0.0009108769707381725;0.005078125
1617;4.041414084705842;1.0;0.5922605556436646;1.1482457588050319;0.031053663388605678;-0.012429403746500612;0.02319366754963994;1.4163318693637847;0.0013594203861430286;0.0146484375
1618;4.12566844297665;1.0;0.5534109993306234;0.9502584257241254;0.0330285178833367;-0.00789150521159172;0.010796365584246815;1.3546411097049713;0.0009910373366437853;0.0052734375
1619;4.069645280167537;1.0;0.5641513426610077;1.0390886269399464;0.03895350641534485;-0.008823491167277098;0.013125229510478675;1.4243317604064942;0.0008508666069246829;0.000390625
1620;3.6880606135152183;1.0;0.5012613081759832;0.7738527508862021;0.053614241003635946;-0.005360747245140374;0.016822040639817716;1.4493020594120025;0.000489576393738389;0.0
1621;4.0449036110230505;1.0;0.24372835668466783;0.46101611372578677;0.025758922086072604;-0.011879337346181273;0.016079545998945833;1.4410535514354705;0.0015767428674735128;0.012890625
1622;4.065226079338555;1.0;0.5610691509989555;1.0652942489045885;0.048890828009065294;-0.0050752980168908834;0.00853030567523092;1.4488108992576598;0.0013327774940989912;0.01171875
1623;0.668504611086707;1.0;0.689783021213093;1.236024548735943;0.0018585931926119992;-0.008247974864207207;0.017754500219598412;1.451719546318054;0.000779482361394912;0.00234375
1624;3.9719380343282946;1.0;0.6665233542001492;1.457003646819826;0.010092392836841832;-0.004713156959041953;0.009981734212487936;1.3983236014842988;0.0009192650904878974;0.0064453125
1625;4.395804581569559;1.0;0.5456573684629166;1.0140483730620005;0.02034204619887152;-0.007806001184508205;0.011774546932429075;1.453830462694168;0.0013230303535237907;0.0103515625
1626;3.786257595529082;1.0;0.5675568635937182;1.016476226219553;0.0422067274577048;-0.0071312407031655315;0.015497851092368365;1.4524049699306487;0.0017652041278779507;0.0166015625
1627;4.1198819632977415;1.0;0.5172821807682887;1.0012194002376646;0.03593977714497526;-0.00282294019125402;0.009007334313355386;1.432138592004776;0.0008768684579990804;0.0021484375
1628;3.7126572524980257;1.0;0.33520970764928987;0.5055037756686365;0.01969719241645342;-0.006989265442825854;0.043498116359114644;1.4948400020599366;0.0016970468917861582;0.0115234375
1629;2.944128666622896;1.0;0.5934879851535315;1.046927309389401;0.02969742960746714;-0.012962417071685195;0.017411919264122843;1.4702382147312165;0.0008119315840303898;0.0013671875
1630;4.0787383836345485;1.0;0.5839723213481446;1.052239687921113;0.04348211346381919;-0.0037166514666751027;0.028793562157079577;1.480688339471817;0.0008212942630052567;0.0015625
1631;2.220834818294004;1.0;0.25186547868942866;0.452995153106406;0.038417346520369024;-0.009513126593083144;0.026111013628542422;1.467159742116928;0.001287909282837063;0.00625
1632;3.8500739837280173;1.0;0.6147791390624845;1.2928166658245155;0.0527137744512664;-0.011185882799327373;0.014210734842345118;1.401233869791031;0.0014652582933194936;0.01171875
1633;4.347191982050634;1.0;0.6083648726790936;1.1700909287285146;0.029034739300962783;-0.004885792685672641;0.021764298155903816;1.3794855177402496;0.0013350784312933684;0.0103515625
1634;3.9732618293633326;1.0;0.2850777968744858;0.5434581259043526;0.030502620452188926;-0.00807709558866918;0.016138894483447075;1.3911447644233703;0.0014934123260900377;0.011328125
1635;4.108272747162046;1.0;0.5137563516095643;0.8974538488256864;0.04488646172623146;-0.004102864372543991;0.025150694884359837;1.403462952375412;0.0011680674040690064;0.009375
1636;4.174542721459548;1.0;0.5912126807421871;1.1712005000034293;0.03272518193088439;-0.002530766511335969;0.019204881228506564;1.3694314539432526;0.0014625586569309234;0.0099609375
1637;3.9861059556100216;1.0;0.6206584102650554;1.3182142853639334;0.03468570994795927;-0.010698315198533237;0.010992796625941992;1.3172362446784973;0.0010428561829030514;0.00546875
1638;3.783791708981704;1.0;0.43451374815974914;0.6906991240191568;0.03724896380491149;-0.015193268377333879;0.02243428062647581;1.3768313348293304;0.00180599894374609;0.0158203125
1639;4.3021220465831345;1.0;0.5826843727608814;1.0545996674690146;0.03567437614758812;-0.008976815338246524;0.021913050301373006;1.3757070899009705;0.0014752932940609754;0.0142578125
1640;4.458531273773875;1.0;0.6776205110817908;1.4017138881757154;0.05881974341855283;-0.002264162665233016;0.022843989823013545;1.3255223333835602;0.0006304914713837206;0.0025390625
1641;4.040592353891629;1.0;0.4506992501041738;0.9253376371689002;0.0;-0.00785199364181608;0.04501518029719591;1.4248309850692749;0.0018552248948253691;0.0171875
1642;4.341935407832;1.0;0.6728724783403169;1.4652824773235194;0.042294571330838186;-0.005888751894235611;0.024985811719670892;1.3863832235336304;0.00109969568438828;0.0046875
1643;4.2236713844451454;1.0;0.4178812659296918;0.6678296612919244;0.011086176633512954;-0.0023062105989083647;0.02403446435928345;1.3485078036785125;0.0007185373222455382;0.002734375
1644;4.277231353835857;1.0;0.5800033254637779;1.1516489712666371;0.03564887810522329;-0.012588086305186152;0.016640828037634493;1.322865378856659;0.0012682314845733345;0.0056640625
1645;4.440582682429206;1.0;0.5366566436736477;1.1077308893250881;0.0;-0.0034136051312088967;0.01948430114425719;1.3513272106647491;0.001132850209251046;0.0080078125
1646;4.1186084082324825;1.0;0.4788016087854675;0.9012245013136967;0.002252092839656807;-0.005926919728517532;0.042133685387671;1.427741527557373;0.000986543041653931;0.00546875
1647;4.3159870959705415;1.0;0.6309558605106159;1.3060010514655516;0.035759916566106456;-0.01303816311992705;0.027285896241664886;1.4017912864685058;0.0013814350590109826;0.00859375
1648;4.2479706837576146;1.0;0.6559986178263499;1.4041191130251716;0.031443832108143076;-0.014519173931330443;0.009595414437353612;1.3562877237796784;0.0024367440259084106;0.0265625
1649;4.516519949890245;1.0;0.7242823089328448;1.574842986398052;0.023704888541026856;-0.0067265830177348105;0.006682792236097157;1.3254640102386475;0.0007015749695710837;0.0017578125
1650;3.892717655916413;1.0;0.30800321807443637;0.45450382867186895;0.045139523199620536;-0.004074572958052159;0.0353039488196373;1.4586357057094574;0.0014762005652301014;0.0091796875
1651;4.213000339008516;1.0;0.5815260618542462;1.2314732545925726;0.01792863708197934;-0.0086203433573246;0.01791751622222364;1.370461630821228;0.0010033549973741175;0.0095703125
1652;4.0232829421008;1.0;0.5274796530672381;0.9609452753267073;0.0723202443469611;-0.004590244591236114;0.01811734461225569;1.3227692604064942;0.0011815382284112274;0.0095703125
1653;2.5200797399814148;1.0;0.6213225256479006;1.22708328000981;0.022815190447043304;-0.011848046910017729;0.0106377262622118;1.401182973384857;0.0013588391477242113;0.012109375
1654;3.884437157878103;1.0;0.45577713785467017;0.8559605534172839;0.030635968007201093;-0.0038618701742962;0.01304877786897123;1.45448095202446;0.002422881103120744;0.0259765625
1655;4.323542921165375;1.0;0.49399376486482055;0.9569334549580639;0.04420146172770715;-0.011091082217171788;0.004637326742522418;1.3199852645397185;0.0013514662510715424;0.011328125
1656;4.36088839852658;1.0;0.703060520271501;1.5392329581147632;0.02240098616544885;-0.00981230225879699;0.020084578916430472;1.3183261394500732;0.0014773055212572218;0.0130859375
1657;4.370867236529321;1.0;0.502639625959402;0.9111492070184207;0.014361738522747323;-0.0069565215613693;0.03266637036576867;1.3658610343933106;0.0006065495312213897;0.0013671875
1658;3.9078924214027246;1.0;0.4680474035114812;0.7628175748593656;0.09734048920208999;-0.003926149802282453;0.010608170903287828;1.3145184755325316;0.002423081290908158;0.02890625
1659;4.472321644879573;1.0;0.5988857876785578;1.258758009507044;0.03587243563875531;0.001034318469464779;0.014167351368814706;1.301484614610672;0.0011939945397898555;0.009375
1660;3.3743601581616534;1.0;0.41860975834671355;0.7039566898124996;0.03867553810211515;-0.0007529178634285927;0.008764451346360147;1.2830062210559845;0.0011623866274021565;0.008984375
1661;4.1028620033399354;1.0;0.4537229668847641;0.8486486610650141;0.02599221175333504;-0.002796354342717677;0.008399172429926693;1.2564864754676819;0.0017999718780629336;0.0169921875
1662;4.066728097167491;1.0;0.6102382124394398;1.1356562671468988;0.05035937798657059;-0.009561412036418915;0.006297874730080366;1.2686771214008332;0.0014452099800109862;0.0146484375
1663;3.8568466662616325;1.0;0.24481153108014408;0.4441288485792773;0.032147971336284775;-0.0033861763775348665;0.013946596090681851;1.3110650837421418;0.0007828070316463709;0.0052734375
1664;3.9504263671523008;1.0;0.43311597499340454;0.8624216553841285;0.026768627592471495;-0.01024261866696179;0.03197238352149725;1.3338907778263092;0.0012110659736208618;0.0095703125
1665;3.9256373840565475;1.0;0.4003207258206806;0.7394091118491508;0.04343298083246274;-0.0009357264498248696;0.011295032338239253;1.3780608952045441;0.0010663399589248002;0.0048828125
1666;4.417479968706766;1.0;0.6231224119314548;1.3141681578591748;0.048950080122205704;-0.00415683495812118;0.00987477321177721;1.3939192295074463;0.0006615913123823702;0.0005859375
1667;2.976215959132566;1.0;0.31106876813587503;0.5134119849237663;0.028534383278438907;-0.012686204584315419;0.02749724257737398;1.394858968257904;0.002956386702135205;0.0271484375
1668;4.145349868987575;1.0;0.39624095578509727;0.7468657924152405;0.04153852183671897;-0.012991149025037885;0.02285709194839001;1.4180485785007477;0.0010511501459404826;0.005859375
1669;4.135648819052415;1.0;0.39647113424216107;0.7233336374175483;0.02041513754299574;-0.011271598527673631;0.014894338743761181;1.419297021627426;0.001031327631790191;0.0060546875
1670;2.283934715849885;1.0;0.43085148582099586;0.779441295788038;0.062332590743812415;-0.0021637842990458013;0.010772684542462229;1.3467337787151337;0.0010626003262586893;0.0052734375
1671;2.940096684073825;1.0;0.35276877026708253;0.6781091147807343;0.05754261018076568;-0.009779083728790283;0.010602367878891527;1.335522896051407;0.0013032761751674115;0.0099609375
1672;4.241327751358848;1.0;0.6002709703908976;1.1865764472515574;0.03954255897413796;-0.0030073598958551885;0.008232536097057163;1.305980485677719;0.0014037577901035547;0.0119140625
1673;4.4325999489060965;1.0;0.7062433479801611;1.5260717394864254;0.029014207639272437;-0.0005919646006077528;0.008092963765375317;1.3036917805671693;0.0008950461051426828;0.00546875
1674;3.3568659659452735;1.0;0.3952641450664329;0.6466563046485482;0.010186853230397797;0.0005595371359959245;0.007140575954690575;1.2506365478038788;0.0012716730707325041;0.0109375
1675;3.4298698079098315;1.0;0.5496887834533583;1.055714382786584;0.041293567869496915;-0.012793021695688366;0.010631411662325263;1.3202761709690094;0.001966836943756789;0.01875
1676;3.342822338258636;1.0;0.3374540975960855;0.6230166459208275;0.03620573355472074;-0.004608030756935477;0.009424341307021678;1.211983060836792;0.0006656977231614292;0.0021484375
1677;3.8048418743651347;1.0;0.36099808866359756;0.7041852127083368;0.012199823069737312;-0.010748506966046989;0.006958957971073687;1.2549957394599915;0.0010604866314679385;0.00703125
1678;4.184673802003586;1.0;0.5601572162423385;1.0372599216084588;0.055746325588616426;-0.011876885034143924;0.009617001633159816;1.2735680997371674;0.0007653673063032329;0.00234375
1679;4.217821976262407;1.0;0.4981906077501891;0.8831786063204514;0.046744565439394856;-0.007328675757162273;0.008553692395798862;1.317126727104187;0.001558677724096924;0.0126953125
1680;3.380587634117062;1.0;0.534780527174463;1.0752245670371845;0.012735247252371018;-0.00522154588252306;0.02362964376807213;1.29594846367836;0.0012722593965008855;0.009375
1681;4.496752327186014;1.0;0.640441368371002;1.3567123775028547;0.031665527595324774;-0.005300234956666827;0.009414200019091368;1.2299691081047057;0.001059599278960377;0.00703125
1682;4.1399200008464625;1.0;0.630622648620517;1.2577822349430858;0.03779932322443152;-0.0012821837328374386;0.00466470995452255;1.2150613903999328;0.0026799478218890727;0.0326171875
1683;3.866397491331352;1.0;0.4005794416047085;0.7540656213143805;0.021088985175015423;-0.00029915317427366974;0.025819935090839862;1.28439120054245;0.0005284654907882214;0.001171875
1684;3.9941375615574732;1.0;0.593559499395716;1.247871905596211;0.05257755312860666;-0.0023061796789988877;0.008665164117701352;1.269143933057785;0.0009908934822306036;0.0037109375
1685;4.504352366542861;1.0;0.5722995505517664;1.241960628233283;0.005715800935926801;-0.011908355914056302;0.029298744443804026;1.2480638325214386;0.0009763950947672129;0.0072265625
1686;4.161404379532975;1.0;0.48725037531939536;0.9076180211231817;0.04553414188951008;-0.014208848681300878;0.009255388216115535;1.310067468881607;0.0025318910367786883;0.0267578125
1687;3.7111232257727353;1.0;0.39491193289492804;0.6721208717255854;0.025804073192782367;-0.010704776737838984;0.010599595541134477;1.2762373030185699;0.0013505079667083919;0.0140625
1688;1.8683480018328589;1.0;0.4436271595149245;0.7427702097774538;0.0397343056113203;-0.008305868692696094;0.012822749558836222;1.317256224155426;0.0011114640743471681;0.0083984375
1689;1.0650002500736844;1.0;0.3233905221353022;0.4980339895348601;0.0728320054461806;-0.006540468754246831;0.008243295550346374;1.2958478152751922;0.001021567767020315;0.008203125
1690;4.16035000920272;1.0;0.5763293912112057;1.1374797551046305;0.05627663546942115;-0.0038897563936188817;0.007202791632153094;1.2751720368862152;0.001719365909229964;0.0154296875
1691;2.9227717309712355;1.0;0.29854709693943915;0.5311808065309865;0.08173505483019866;-0.004176906100474298;0.00780921948608011;1.2567908763885498;0.0016579703777097165;0.0146484375
1692;3.5745357765084145;1.0;0.21917471643982084;0.4141277807247903;0.056929214186991976;-0.007640391425229609;0.0076690786750987176;1.2639890253543853;0.0009407354868017137;0.0064453125
1693;4.123458213467029;1.0;0.5871113270269088;1.210724676018156;0.04062457298722926;-0.00303612663410604;0.005211264174431562;1.2253388106822967;0.001474274683278054;0.01171875
1694;2.3236016184915265;1.0;0.20314861054027356;0.3591189234162449;0.048775487547047934;0.002959141926839948;0.029378974065184593;1.2458014070987702;0.000608967209700495;0.0005859375
1695;4.357512279415017;1.0;0.58218760192508;1.227634352815333;0.02365022500534613;-0.0024137835949659347;0.008389315172098576;1.3761093974113465;0.0010114210774190724;0.0076171875
1696;2.5004645841510027;1.0;0.3348289300575962;0.5485405657444932;0.006100101450099485;-0.009387893183156849;0.007718281704001129;1.2529541373252868;0.0013736187247559428;0.010546875
1697;4.320592322145584;1.0;0.6216696598396126;1.3208549427294611;0.027309778356298196;-0.011825264571234584;0.00508140460588038;1.2513602912425994;0.0010626490926370024;0.00546875
1698;4.196940513992831;1.0;0.6664711831558608;1.4410890438775286;0.08187870599015996;-0.0027754519833251834;0.01016330576967448;1.2296633303165436;0.0012747988337650895;0.007421875
1699;4.328536488867747;1.0;0.6525271099382155;1.2830178101295375;0.04237603570181544;-0.00937895025126636;0.007801107433624566;1.176660144329071;0.0008919826941564679;0.0033203125
1700;3.801335695412645;1.0;0.32863205873093804;0.5918373080877963;0.024546614537315048;-0.006545986887067557;0.007224895805120468;1.2043161869049073;0.0013192573911510407;0.0123046875
1701;3.889206402497414;1.0;0.2543580593248321;0.43890830439095757;0.014935796497826977;-0.0019498924724757672;0.03161763399839401;1.2219146072864533;0.0009100573370233178;0.004296875
1702;4.298515799420555;1.0;0.6212146878877695;1.2222581497747502;0.04242478347999278;-0.0018227221444249153;0.007928703678771853;1.255846869945526;0.0007369682309217751;0.00234375
1703;4.290076749400072;1.0;0.6050174367319571;1.2496748231119876;0.04281566473562553;0.0011579570593312383;0.012173349829390645;1.21569002866745;0.0006676913937553764;0.0013671875
1704;2.96504919399778;1.0;0.7261823159505524;1.4923176041913198;0.016921206497291917;-0.005780350416898727;0.012884905887767672;1.2147319853305816;0.0011172142229042947;0.008984375
1705;3.6349293924682113;1.0;0.5660368547122091;1.091779186449741;0.05473684099509411;-0.005282048298977315;0.014761048322543501;1.211103880405426;0.002488894364796579;0.0296875
1706;2.9174838663921716;1.0;0.5604864854768664;1.0528405842478978;0.053557517234999935;-0.012576594995334745;0.011687684711068869;1.235345333814621;0.000884299073368311;0.003125
1707;3.9273710401943474;1.0;0.5627460914372807;1.1487595296201054;0.03767158115761105;-0.004815047746524215;0.011024216515943408;1.2310763239860534;0.001284994080197066;0.012109375
1708;3.2767578266058726;1.0;0.5229786597887022;1.0176853892728022;0.049903016552789996;-0.0016029122052714229;0.020768714789301156;1.1944048225879669;0.0016975298407487572;0.0140625
1709;4.502740733932857;1.0;0.6351800389565783;1.3319889388507993;0.023546089289186407;-0.0035011887550354002;0.010211149579845369;1.1220845580101013;0.002022999932523817;0.0197265625
1710;4.331075721975166;1.0;0.6785911173187746;1.453929257444366;0.032559774994133005;-0.0059531801380217075;0.01282897898927331;1.284230077266693;0.000817175186239183;0.00234375
1711;4.307175401266456;1.0;0.5250313064355265;1.0357541517978295;0.02561843719536204;-0.008478970266878605;0.021652253903448583;1.2178976774215697;0.0010239955387078225;0.008203125
1712;3.5399222299465567;1.0;0.2959538734337;0.4413624228115965;0.01567125970620774;-0.00585955623537302;0.0058381228474900125;1.162608939409256;0.001504697185009718;0.013671875
1713;4.2237196024669865;1.0;0.6538519703353497;1.3364949445970957;0.04754740765228182;-0.0036934264935553074;0.02212755517102778;1.2196125209331512;0.0007707379059866071;0.0037109375
1714;4.316818201287096;1.0;0.5807552123561504;1.220530066125533;0.008880467211041115;-0.0009338882053270936;0.008226977824233473;1.2041195392608643;0.0008144920342601836;0.006640625
1715;4.469630082135895;1.0;0.6455056087574595;1.2247258817389926;0.014728917328896774;-8.516719099134207e-05;0.009784777089953423;1.2539511561393737;0.0011680059018544854;0.0083984375
1716;3.995999171729128;1.0;0.5413480202882142;1.0741652052851147;0.043337279114034226;-0.009974996699020267;0.008162923878990114;1.2745239019393921;0.0028293461888097226;0.037109375
1717;3.901492603915099;1.0;0.5780607215329426;1.1428753270207543;0.026680266669165977;-0.00019884095527231694;0.007059782394208014;1.199215257167816;0.0010649858973920344;0.00390625
1718;4.384862260672162;1.0;0.524114675584797;1.036679366016836;0.019720706896183483;-0.011146394489333033;0.009736143192276359;1.130206972360611;0.0022055485169403255;0.025
1719;4.100805888386243;1.0;0.5371653303832415;1.025038766051314;0.022946903340996493;-0.006289858650416136;0.010753626353107393;1.2306212842464448;0.0014681725413538515;0.0126953125
1720;3.9559896983799865;1.0;0.40405071992232683;0.8070782144760574;0.02441299071026635;-0.00421101925894618;0.0046899158856831494;1.2109345734119414;0.0008420432917773723;0.006640625
1721;4.367797806032146;1.0;0.6739423528326486;1.393370213467478;0.018899222421561404;0.0014520705444738269;0.010944093647412955;1.218507504463196;0.001424002810381353;0.0111328125
1722;3.613373304322245;1.0;0.573758077107453;1.091644197986652;0.028729595772686765;-0.009225402842275798;0.009634472709149123;1.2523263335227965;0.000643527542706579;0.0037109375
1723;4.044161891302717;1.0;0.5909262069965634;1.2255201556305462;0.031339366853505794;-0.010608437098562717;0.0055984776001423596;1.1965196251869201;0.0016163446241989731;0.0119140625
1724;2.8810709523558278;1.0;0.20855937154949847;0.33023094994365687;0.03358328583847978;-0.005578675621654839;0.004988186515402049;1.1226366102695464;0.000799197715241462;0.00546875
1725;4.401207612717157;1.0;0.6400010713172255;1.2809070577912338;0.023627291114959686;-0.007285531447269023;0.0069572468986734744;1.2045392990112305;0.0021052653435617687;0.0224609375
1726;4.154283951603279;1.0;0.44012758924446893;0.7835122296100491;0.020315017413924767;-0.005217544455081225;0.01102381180971861;1.1922137260437011;0.000727602478582412;0.0044921875
1727;4.307568715914956;1.0;0.6061823882522082;1.257886425643088;0.022454056409827963;-0.009759580483660102;0.007152885268442333;1.214653640985489;0.0011191692552529275;0.007421875
1728;4.243139813678463;1.0;0.6824546477075766;1.436723774558117;0.020680881968011003;-0.006895232992246747;0.01217681192792952;1.1377426385879517;0.0015506646363064648;0.01171875
1729;4.280911806702099;1.0;0.6641235884263745;1.467800141884374;0.03358557026840525;0.0010736512136645614;0.008256781636737287;1.175492399930954;0.0012864304473623634;0.008203125
1730;4.191286013001991;1.0;0.3809081180385277;0.7259719577123285;0.004745057366527128;-0.011138544976711273;0.006431890744715929;1.2486450493335723;0.0010632334859110415;0.0080078125
1731;4.089948137878134;1.0;0.5254947540702147;1.0831173562370136;0.05408529847756896;-0.0013789002783596515;0.0047186472336761655;1.1641456604003906;0.00146585424663499;0.01328125
1732;4.326999769554041;1.0;0.4381614505439662;0.8327797697810765;0.014661760720456581;-0.005575442034751177;0.004973122174851597;1.1472791969776153;0.0029028530116192997;0.0333984375
1733;4.493908032295273;1.0;0.573658870352854;1.2165837856774016;0.02296304105084088;-0.005548277124762535;0.022937236446887256;1.2116475522518158;0.001352811697870493;0.0083984375
1734;3.7184721858457426;1.0;0.310208425655855;0.6358041692095928;0.011720502373643851;-0.007692386722192168;0.020216041756793857;1.1902576327323913;0.0010982683626934886;0.003125
1735;4.450528791360111;1.0;0.4981143190661936;0.9906080571650884;0.013358108361523688;-0.0004466066602617502;0.022311791265383362;1.2483987152576446;0.0019742988282814623;0.0224609375
1736;4.302153517386959;1.0;0.5558951343779297;1.1703248041802181;0.017252789715112227;0.0015647801104933024;0.010557767166756094;1.2392205119132995;0.0010850464110262691;0.00859375
1737;4.32572249878057;1.0;0.5913774665661045;1.207111566940922;0.04808544561573446;-0.010632598726078867;0.012472648080438376;1.201218807697296;0.0006729935063049197;0.00234375
1738;3.9227708068880256;1.0;0.6119173637062223;1.279198609554361;0.057549128934541276;-0.009278896450996398;0.009406533977016806;1.1358268320560456;0.0010257766582071782;0.009765625
1739;4.3146439775982985;1.0;0.6596554909437807;1.44780687167188;0.04584964628024683;-0.009693087637424469;0.012917134864255785;1.1814992487430573;0.0011938976123929024;0.006640625
1740;4.23646015085689;1.0;0.5651474650247478;1.1100872690292243;0.029550123727833607;0.0015503519447520376;0.016743783140555024;1.2218498706817627;0.001068814133759588;0.005859375
1741;3.515764922754256;1.0;0.18454300586812578;0.3728139036891607;0.002528982408652141;-0.0060370241291821;0.007282576197758317;1.1724664628505708;0.0013465624302625655;0.0130859375
1742;4.080728950857059;1.0;0.5929431628017886;1.2489048560442995;0.04043056134850995;0.001214423030614853;0.006783094233833253;1.1365854740142822;0.0011029226356185974;0.0052734375
1743;2.02921619553817;1.0;0.43978494123230705;0.8066880209516591;0.033957089812070636;0.0018738495418801904;0.02652495289221406;1.22043120265007;0.0013264049077406526;0.009765625
1744;4.1872026708935435;1.0;0.6069585509605167;1.3036803253360514;0.04537586761179237;-0.009680911060422659;0.022320279059931634;1.2001069247722627;0.0010851801722310483;0.0068359375
1745;4.078435428475618;1.0;0.6709478671314031;1.4450658400208276;0.07541539400258808;0.0015987991355359554;0.00844564710278064;1.1821667671203613;0.0010755320778116583;0.007421875
1746;3.4638349890031512;1.0;0.38155127111649206;0.7174021133574531;0.07107944608888167;-0.013433244219049812;0.01273607681505382;1.233578908443451;0.0018198341247625649;0.0166015625
1747;4.384634221113285;1.0;0.6408067965998755;1.4021266070725686;0.02793711012840172;-0.015896707493811845;0.008100519585423172;1.1440347671508788;0.0016165694454684854;0.0125
1748;3.7995717289818804;1.0;0.277453411041971;0.514900691937873;0.026115777801469127;-0.007665450870990753;0.009782083565369248;1.1888610005378724;0.0007661501527763903;0.0037109375
1749;4.068226764456859;1.0;0.5793304824099651;1.248652536300919;0.04225721706338649;-0.0054929356556385756;0.008014413760975003;1.2095005214214325;0.001764201745390892;0.0130859375
1750;4.0474385329362725;1.0;0.6189678768401642;1.2585730786123634;0.048513775473780635;-0.015079834870994091;0.009150647697970271;1.270983988046646;0.001103311963379383;0.0072265625
1751;4.321984577402888;1.0;0.570857246046657;1.212834119289754;0.01781898293784183;-0.0107361922506243;0.008868515770882369;1.2732964158058167;0.0007500801933929324;0.0029296875
1752;1.6965459464717614;1.0;0.6605695381245847;1.1926308814411206;0.0;-0.003615577472373843;0.00715304312761873;1.1748539090156556;0.0006917967111803591;0.00390625
1753;4.432252833570415;1.0;0.5469014237430674;0.9877920419198448;0.009183455662406437;-0.01416935259476304;0.008171863132156431;1.2531687796115876;0.0023867085692472756;0.028125
1754;4.139200759039866;1.0;0.6051776356203085;1.2063042707196423;0.05430340497870774;-0.008247404964640737;0.006838710536248982;1.2691547513008117;0.0016573448199778795;0.0140625
1755;3.417241996809815;1.0;0.36099815040847627;0.6539352917807463;0.0019062549886545172;-0.005505532072857022;0.0063981190090999;1.2404927670955659;0.001273248519282788;0.0078125
1756;4.534217159884016;1.0;0.6797133132241064;1.379708161273012;0.02046108029880682;-0.008761202543973922;0.018694818997755647;1.3290535390377045;0.001158339949324727;0.0091796875
1757;4.3404477789071;1.0;0.439263252876422;0.8373941040506377;0.01762676888101949;-0.01266397680155933;0.007965774810872971;1.2500833213329314;0.002492375974543393;0.0259765625
1758;2.8585579234085925;1.0;0.6922172901764442;1.3760892434100265;0.0266466400223676;-0.01341159357689321;0.02008031974546611;1.1459323048591614;0.0016260368633084;0.0150390625
1759;2.9291228926208155;1.0;0.1799496891277936;0.3647924557322738;0.002626108893727171;-0.008231763821095228;0.013201067666523158;1.1001176059246063;0.0008667868096381426;0.0060546875
1760;4.074229119243615;1.0;0.5916750982052486;1.2001506945670735;0.04289147860504963;-0.007861650129780174;0.024465017952024937;1.2440227925777436;0.0011065398575738072;0.0080078125
1761;3.507425282210037;1.0;0.729804094951669;1.564152549859848;0.02388771112911347;-0.007923772162757813;0.014669289160519839;1.2643086731433868;0.0008640335407108068;0.0044921875
1762;3.411750312528353;1.0;0.12415097497697572;0.24215339744859446;0.0034270321902801592;-0.011716740066185593;0.008387001324445009;1.2233395338058473;0.001391367649193853;0.00859375
1763;4.331197552589899;1.0;0.4003163018815757;0.7304030444163656;0.011528065693370938;-0.010568423056975007;0.0074568924494087694;1.1346660673618316;0.0014952444820664824;0.014453125
1764;3.5191496719241884;1.0;0.6074096725620693;1.2900621063245028;0.05092729446433002;-0.00697963940910995;0.01848649773746729;1.1815241992473602;0.0010242145275697113;0.003515625
1765;4.214541438474237;1.0;0.41275549522420646;0.7831711424948171;0.016820306589352137;-0.00543225728906691;0.01567710950039327;1.1867281258106233;0.0007309669279493391;0.005859375
1766;4.308045942750517;1.0;0.7258852017811991;1.5590820886795211;0.04903170161842668;-0.005379570741206407;0.014868838898837566;1.1867456316947937;0.0013141493778675794;0.0095703125
1767;3.970622183713301;1.0;0.31749912926677515;0.6181459126906188;0.024916457116756996;-0.0068542030174285175;0.012479508761316538;1.239410501718521;0.0014942127978429197;0.01171875
1768;4.358937207510144;1.0;0.6435952964323578;1.2405420902306303;0.0623037112233179;-0.010843347536865621;0.012631794251501561;1.2128997325897217;0.0015406572492793202;0.012109375
1769;3.9553168087045325;1.0;0.5874880373205995;1.1961441879874737;0.016478161642876066;-0.001735946862027049;0.011683695600368083;1.2010366439819335;0.0005558182718232274;0.0001953125
1770;3.906068871894538;1.0;0.63049092205142;1.2796960405583944;0.06180592395894157;-0.0022645491641014814;0.008127287309616805;1.2069514334201812;0.001427124859765172;0.0119140625
1771;3.858016597547941;1.0;0.5108075047965542;0.9730936885150153;0.03962678300190578;-0.01106422645971179;0.007641144213266671;1.212311899662018;0.001309075765311718;0.0125
1772;4.007069013034976;1.0;0.5628786757641489;0.9642903177145324;0.05110070124775923;-0.0032693385146558285;0.005561209539882839;1.2183852732181548;0.000713274406734854;0.0021484375
1773;4.309816900430089;1.0;0.5811482359039286;1.0317186744376634;0.04425252971091669;-0.002618816634640098;0.010174169996753335;1.2085776329040527;0.0018045528326183558;0.015625
1774;4.375491872874658;1.0;0.5604720126641549;1.1510636736586362;0.012257266713016404;-0.005081604886800051;0.0077462322544306515;1.2095881640911101;0.0017339265905320644;0.014453125
1775;3.959125962002796;1.0;0.590899411379009;1.1287109871715562;0.024259639569853445;-0.0026661415584385397;0.006814046273939311;1.229650217294693;0.0019729015533812345;0.0173828125
1776;2.8844874706075583;1.0;0.3164594850038524;0.47451541414088005;0.031883215118275854;-0.010853773914277554;0.007520654215477407;1.1807142555713654;0.000820443092379719;0.0044921875
1777;4.43058542544442;1.0;0.5272108086581381;0.9727659951313022;0.016591568745241373;-0.007456884649582207;0.008104148413985967;1.1748487174510955;0.002191654429771006;0.023046875
1778;3.329916280490084;1.0;0.21937802695220981;0.40556994485361336;0.02566235120998158;-0.00827482556924224;0.00734599728602916;1.201893937587738;0.002258468698710203;0.0232421875
1779;3.9784591363791795;1.0;0.4852427218174776;0.8183838672381767;0.02193752441729135;-0.007265256624668837;0.006270662671886385;1.2021559596061706;0.0010490619344636798;0.007421875
1780;4.266960276528961;1.0;0.5897900123371463;1.219770790645707;0.028015707526107252;-0.006609383132308721;0.005205109948292375;1.1622474133968352;0.0006328349118120968;0.001953125
1781;4.1806504695522815;1.0;0.6894442557430556;1.473390733222887;0.029840191886286886;0.004564382089301944;0.01404999285005033;1.1585844039916993;0.0008976445416919887;0.002734375
1782;4.407043236742004;1.0;0.6437877612162092;1.2924832294680904;0.017626605301687612;-0.014764512795954943;0.006646152376197279;1.118966519832611;0.002226118207909167;0.019140625
1783;3.730096028106413;1.0;0.613405954694403;1.2774097856058577;0.006707732090065127;0.0027434872929006813;0.005428547435440123;1.1096549212932587;0.0010701203718781471;0.0044921875
1784;4.444813492242536;1.0;0.6513213457502428;1.1944178892673734;0.031167618559845244;-0.010409443662501872;0.006714689428918064;1.1443235754966736;0.0009184592054225504;0.0052734375
1785;4.508308288304631;1.0;0.6446058603257407;1.2940269892487404;0.02332600238681357;-0.0064586016815155745;0.00543772850651294;1.0805117309093475;0.0009179423213936388;0.0060546875
1786;3.5934073212560786;1.0;0.567883004471992;1.0382979784993334;0.029157881824418162;-0.007344811595976353;0.007125839032232762;1.0902669608592988;0.001002663339022547;0.0076171875
1787;4.367427923444025;1.0;0.5921130262992935;1.1725530188972428;0.01639769056840993;-0.016512374207377434;0.00937243951484561;1.099847275018692;0.002546930662356317;0.0296875
1788;3.7904005145876454;1.0;0.5764289979710795;1.1277721269007153;0.06665992725007673;-0.009687200747430324;0.007201633485965431;1.0858915448188782;0.0017990645254030823;0.016796875
1789;3.6529667942155646;1.0;0.5511439959488861;1.0641477834864714;0.0845627994228028;-0.002280101738870144;0.007173498696647585;1.0303296953439713;0.0011101298616267741;0.006640625
1790;4.324141224051151;1.0;0.49434710995576975;0.8369898073704071;0.018516391007026973;-0.009845250705257057;0.005212501180358231;1.000917437672615;0.0023583846050314605;0.03046875
1791;4.196440234663307;1.0;0.5609927465406006;0.8919219066702704;0.030864756500583703;0.0026816911296918986;0.015383318113163114;1.050434648990631;0.0010884974850341677;0.00859375
1792;-0.5811657388583186;0.0;0.0;0.0;0.06383736539062312;-0.004310316406190395;0.014292488992214202;0.9965258240699768;0.0018179050646722316;0.0228515625
1793;4.431942793730693;1.0;0.6834088239810607;1.4437232849267778;0.0432258379285504;-0.00022471193224191666;0.012519031716510653;0.9925298422574997;0.001554774004034698;0.0119140625
1794;4.2652937148438035;1.0;0.6515460668743535;1.2911213885128243;0.03852539653213165;0.0015072825830429793;0.01109314993955195;0.9892276138067245;0.0005627620266750455;0.0015625
1795;4.29615893380156;1.0;0.641789238086613;1.2699200636810173;0.02779692509398338;-0.015825171023607254;0.01554985619150102;0.97428038418293;0.0017264014342799783;0.01796875
1796;4.399871345335393;1.0;0.5094163125086405;0.9251453336139818;0.01693021973233003;-0.0035397118888795378;0.03145536882802844;0.9903621852397919;0.0009017366101033986;0.00546875
1797;4.035241488976302;1.0;0.2926883686611394;0.4725819732649188;0.010216557754924869;-0.00967495134100318;0.017595943389460446;0.996065330505371;0.0015663827070966363;0.0181640625
1798;3.8388790731713573;1.0;0.40531651243046035;0.7401027714417413;0.028062357918954218;-0.005350194638594985;0.011991444136947393;0.9672229170799256;0.0008795898756943643;0.0060546875
1799;3.1469067066857663;1.0;0.32975548616938305;0.4968325315243591;0.04963181316209434;-0.0053027324378490445;0.015084929298609495;1.0692402303218842;0.0013875716598704458;0.011328125
1800;4.299897777870942;1.0;0.38753941617084003;0.6524463674017723;0.02869188177853678;-0.007498511858284473;0.013418476143851877;1.000378593802452;0.0016374066355638206;0.0158203125
1801;4.0762428154270305;1.0;0.6245811546193433;1.267057629392402;0.06091707807754652;-0.0055265453644096855;0.012900603469461203;0.9608089059591294;0.000875516317319125;0.0083984375
1802;4.294354947989169;1.0;0.6619934993748163;1.4069822115551391;0.0288777734919616;-0.009959264099597931;0.012318206811323762;0.999740618467331;0.0011687712045386433;0.009375
1803;4.074107620313068;1.0;0.6750290363815488;1.3814520461976878;0.06295327082122015;-0.009286404121667147;0.0111893282039091;0.9870282351970673;0.001753261883277446;0.01796875
1804;3.930122490109302;1.0;0.5979261725659849;1.0036621826957508;0.0647193764952989;-0.007044326979666948;0.010449906392022968;0.9652427464723587;0.0013294393313117326;0.0095703125
1805;3.914560944082924;1.0;0.4942422892203519;0.7741392661839644;0.04294079204217466;-0.005140061676502228;0.013892462989315391;0.9656065255403519;0.0006361117819324135;0.0015625
1806;4.272780331924579;1.0;0.5682084121210935;0.9777256444913257;0.01310565032176473;0.004574676277115941;0.01786638731136918;0.9394376218318939;0.0009965717908926308;0.0099609375
1807;4.454719057085737;1.0;0.7050603047861411;1.42395565471428;0.046691080714743795;-0.006381801655516028;0.02600178839638829;1.0533638298511505;0.0007114378269761801;0.001953125
1808;3.7797371465965455;1.0;0.4712311531667628;0.7704548033813737;0.026497356008128546;0.00037927213124930856;0.009363486967049538;0.9644811123609542;0.0009965694625861943;0.0068359375
1809;4.285952595895843;1.0;0.43893064737353393;0.7319945399093774;0.019040161813957016;-0.003137508453801274;0.006510176346637309;0.9722657293081284;0.0008215026697143913;0.006640625
1810;4.328317416102767;1.0;0.4453747849303356;0.7487029844182798;0.010638776021217137;-0.0057452073320746425;0.019703760044649243;0.9318382292985916;0.0009366462705656886;0.00625
1811;4.460864066156217;1.0;0.6873615049267588;1.2858296883976772;0.01386314557163681;0.006119666621088982;0.032257217168807986;0.9860509157180786;0.0008878182503394783;0.0044921875
1812;3.1935928032784022;1.0;0.3175153660347026;0.5736620902380494;0.06525779509354732;-0.008279711846262217;0.021436332492157817;0.9587727755308151;0.0006202907301485538;0.0025390625
1813;4.428792037467511;1.0;0.5840365041943014;1.0905784343206961;0.027235617997235242;-0.010859686136245727;0.01659240685403347;0.9790172576904297;0.0008043267531320453;0.003125
1814;4.296644000306102;1.0;0.5547001133085984;1.0330866162964163;0.03698487185895347;-0.0022030703257769346;0.014350612182170153;1.0251859247684478;0.0004683386068791151;0.0015625
1815;4.361610827135316;1.0;0.6914705159618868;1.4384477224521017;0.04952969624808559;-0.009114582743495702;0.005871255660895258;0.9655524492263794;0.0017513706116005778;0.0181640625
1816;4.534896025613312;1.0;0.7313914313320462;1.5765933078430583;0.03188848631659089;-0.001003140490502119;0.029874015413224698;0.9245908558368683;0.0004474860732443631;0.0005859375
1817;4.304552780701654;1.0;0.5144499474761141;0.9244309171210491;0.016122314976194464;-0.009709113836288452;0.03639917057007551;0.9598341643810272;0.000786210095975548;0.00546875
1818;3.682115365528589;1.0;0.5866082421916906;1.1159897731040636;0.04701823743862433;-0.009782487223856152;0.019370342185720802;1.0240986704826356;0.0008652862976305187;0.005078125
1819;3.9260038262665162;1.0;0.4073040168470797;0.735857914876669;0.050146945916156586;-0.0066647201776504515;0.015604299074038864;1.0295671731233598;0.0010149896144866944;0.0076171875
1820;4.201302205830781;1.0;0.5446847738483739;1.0236569357991212;0.019445278543872416;-0.005077305715531111;0.02474458245560527;1.0679032504558563;0.0010241159587167203;0.0076171875
1821;4.148289968780974;1.0;0.5458145185698194;0.9995992194157257;0.027030285733993693;0.005403765523806214;0.008105855388566851;0.9594396680593491;0.0010010924190282822;0.0068359375
1822;4.509073443812223;1.0;0.5845566503108548;1.1147617516143797;0.012787138415107854;-0.0036501375958323478;0.012972748605534434;1.0352010816335677;0.0015288692666217685;0.012109375
1823;2.417307800098319;1.0;0.24313013513916978;0.4043768744054582;0.05387344190425822;-0.0011734987143427133;0.014049510867334903;1.0576145648956299;0.0013448604964651167;0.01171875
1824;4.072875116256685;1.0;0.4963527367106715;0.8568406341944285;0.04957934845197988;-0.00884087271988392;0.03418431198224425;1.0850190281867982;0.0011539272964000702;0.0095703125
1825;4.238208753338735;1.0;0.5860763943996631;1.2365839640766645;0.044303867800173403;-0.00910214358009398;0.02577587217092514;1.1441799879074097;0.0018108701799064875;0.020703125
1826;4.43916006592441;1.0;0.6635797033013656;1.3786687697257571;0.04278996113894847;-0.002205060143023729;0.013432781724259258;1.1317047834396363;0.0012349170749075711;0.0107421875
1827;3.9901550478285737;1.0;0.5798333547545553;1.1159426685667981;0.022791564976281393;-0.003766536060720682;0.0073038626229390505;1.0810606896877288;0.0011912845657207072;0.010546875
1828;4.413281821932381;1.0;0.5423491206112128;1.0214297907901069;0.020013324683517363;-0.0035959095228463413;0.03173321727663279;1.0806599736213685;0.0019604429020546378;0.019921875
1829;4.128704909492098;1.0;0.5795219470131491;1.0730843739981097;0.03364202735848803;-0.014823442744091152;0.030254997964948415;1.1571598649024963;0.0012119402876123787;0.01328125
1830;4.411079730370738;1.0;0.7484523627338179;1.601990401538493;0.035360614356442215;-0.005747939832508564;0.022106376988813282;1.142086523771286;0.0010276915971189737;0.00625
1831;4.0575279016962815;1.0;0.4294177125606708;0.799900571340107;0.02892186778335006;-0.004890747531317174;0.010927659762091934;1.1214481472969056;0.0004938651924021542;0.0021484375
1832;4.508742912489788;1.0;0.6565506179907867;1.3000708869141007;0.008326621060248852;-0.002560046315193176;0.012685015657916665;1.1554234027862549;0.0014644192880950869;0.0099609375
1833;4.521366286997544;1.0;0.6484804974639752;1.2539747859451018;0.020862137181949014;-0.006619677366688848;0.00876284905243665;1.098905825614929;0.0006062104715965688;0.002734375
1834;4.009501665206332;1.0;0.6250064337599204;1.2325927229996811;0.05277814893899044;-0.005675392737612128;0.007382908486761153;1.1273573756217956;0.0018711862619966268;0.022265625
1835;4.155759916625855;1.0;0.6707061489384266;1.3424055289654597;0.034635201566081186;-4.211636260151863e-05;0.011554830940440297;1.1298427820205688;0.000898884458001703;0.005078125
1836;2.8749659164728816;1.0;0.36979584499074275;0.691108434336266;0.03860918861591546;-0.00708757268730551;0.006196596170775592;1.1049453675746919;0.0016302244155667722;0.0138671875
1837;4.364786349787302;1.0;0.5530725613399472;1.0284369770823059;0.017956851480138737;-0.010913632903248071;0.004187559837009758;1.0867233574390411;0.002359355066437274;0.02578125
1838;4.163702486452565;1.0;0.6016645530214275;1.1364015695230554;0.03795117034612873;-0.003061942057684064;0.006918772496283055;1.0801101446151733;0.0022244810475967824;0.0302734375
1839;3.32940654081041;1.0;0.28825585147437927;0.5046974612451782;0.04184132457302538;-0.008553929161280394;0.026076215505599975;1.0814914047718047;0.0011269393027760089;0.005859375
1840;3.6699339968211566;1.0;0.37425592672230223;0.7246812538622504;0.055970640571488914;-0.007953111920505762;0.007989386282861232;1.0974056780338288;0.000958769884891808;0.0076171875
1841;4.108250904729929;1.0;0.4618113563986323;0.8897974919944966;0.03684755609783096;-0.010200039297342301;0.011163699300959706;1.0521219730377198;0.0011071530287154018;0.0044921875
1842;4.300079021328334;1.0;0.6558733985910404;1.416657822701403;0.025847124889627832;-0.012684181169606745;0.02423556041903794;1.0482626289129258;0.0027596675790846348;0.030859375
1843;4.004654587588996;1.0;0.38134028286970706;0.6817313695803142;0.021903605537523477;-0.00890975552611053;0.010826977342367173;1.0130036652088166;0.0009232841548509896;0.003125
1844;4.0717561771102755;1.0;0.5597699992828494;1.0761657775181013;0.028453074976919297;-0.0013192923739552497;0.010737211699597538;1.0242613226175308;0.0008611349039711058;0.005078125
1845;3.888310124813495;1.0;0.5977469403549639;1.1209231400795425;0.06462768855090902;-0.007480852957814932;0.008145840256474912;1.0199601739645003;0.0009543006890453398;0.0083984375
1846;3.441133210518734;1.0;0.3331481541177161;0.6064905597853968;0.019396789461647006;-0.0012188379187136889;0.0048022978939116;1.0612504035234451;0.0007916348055005074;0.006640625
1847;4.297209195365557;1.0;0.6470217246717554;1.3472629182959974;0.03406247681695233;-0.00012241601943969728;0.008457282348535955;1.055972146987915;0.002052821405231953;0.0197265625
1848;4.447176465450006;1.0;0.6603198809464867;1.285412060000324;0.0390905105724682;-0.004947862797416746;0.00863380969967693;1.045318713784218;0.0011379494098946452;0.007421875
1849;4.451504819613414;1.0;0.6395847456155579;1.2748405146076147;0.016512718674303303;-0.013255961937829852;0.006413493235595524;1.0435550570487977;0.0017138850991614163;0.0177734375
1850;4.374494911766851;1.0;0.5320150075369915;1.021033993017266;0.01100235968704974;-0.004168415302410721;0.010621230420656502;1.0409190744161605;0.001617484085727483;0.0173828125
1851;4.090889826056335;1.0;0.5072297003683355;0.9927570796641613;0.01961284666442303;-0.004317264910787344;0.006094289338216185;1.0175061374902725;0.00160666968440637;0.0171875
1852;4.298605501802884;1.0;0.4345303886073362;0.7672504347052248;0.009676818658465945;-0.0024879286531358956;0.008869781345129012;1.0061774522066116;0.0013659897027537226;0.008984375
1853;4.226935392645505;1.0;0.5571745080117164;1.1318527707390236;0.01402941532642533;-0.0022012161556631328;0.007586936047300696;0.9959697395563125;0.0005571943707764149;0.0017578125
1854;4.283096400828983;1.0;0.3784550483745581;0.7066547135076988;0.0020677512539190738;-0.0047124303877353665;0.005865526502020657;0.979101487994194;0.0009083452401682735;0.008203125
1855;4.1883251177348;1.0;0.5904553112650582;1.2097737057597933;0.04615448131040241;-0.0035515320021659138;0.02499916860833764;1.0239563554525375;0.0019231679383665324;0.0228515625
1856;2.73426837887169;1.0;0.22044769349609442;0.4112186924533351;0.02826270986899106;-0.009132333984598517;0.007579046138562262;1.0672393262386322;0.0007868889952078462;0.00390625
1857;1.7095700470370876;1.0;0.23381039021130182;0.40828039121712206;0.01321737394806457;-0.0029350885655730964;0.005351175623945892;1.0357122838497161;0.0020138844382017853;0.0212890625
1858;3.799798115883724;1.0;0.2127295271871187;0.3950157321846413;0.00876223135330691;0.001014287443831563;0.007327434723265469;0.9957891970872879;0.0007269700174219907;0.0052734375
1859;4.274023365713575;1.0;0.5667732712246;0.99453194794377;0.021888653640304893;-0.007245164341293275;0.017423124192282556;1.0142017364501954;0.0008626327966339886;0.00546875
1860;3.3913528400569772;1.0;0.4399147831857594;0.8736582005008344;0.01825363219680852;-0.009580038068816066;0.007978528598323464;0.9667688339948655;0.000961025117430836;0.007421875
1861;4.433685758314878;1.0;0.4677058508007025;0.9335398052307753;0.01127493601201682;-0.0036828079726547005;0.005740258749574423;1.0161694794893266;0.0012446036445908249;0.0140625
1862;4.549518501785958;1.0;0.7401979569760845;1.5277806164187733;0.01556768853077956;-0.012552618514746428;0.006259880890138447;1.021882352232933;0.0008811235777102411;0.0076171875
1863;3.9987795548801723;1.0;0.5143261672013176;0.9015026864225768;0.04194269815152772;-0.0077317534945905205;0.007033823640085757;1.053476670384407;0.001234857551753521;0.0115234375
1864;4.250284319649028;1.0;0.5393270197154238;0.9985929192005752;0.02098013673721229;-0.007842349936254323;0.01958007114008069;1.0772249400615692;0.00202792058698833;0.02265625
1865;4.4851234603565775;1.0;0.6980208614551551;1.5002315377990545;0.018716540424139495;-0.004440154694020748;0.0077210218412801625;0.9917069405317307;0.0010249127284623683;0.0091796875
1866;4.562770481627118;1.0;0.7805986900615457;1.6343358387163867;0.013701780665770845;0.0023181129246950148;0.007901896932162344;1.003415623307228;0.0005068297614343464;0.0017578125
1867;4.058308012093956;1.0;0.3869923732671552;0.6451175636482508;0.017045673521175055;-0.005934201297350228;0.013563722232356667;1.0554424911737441;0.0013325980282388628;0.0109375
1868;4.3814296099161165;1.0;0.6659007504793076;1.4239835987458926;0.027135634027826292;-0.0070123963989317415;0.013940459163859487;1.0199663251638413;0.0018162182648666203;0.0189453125
1869;4.32657993157982;1.0;0.449459275517015;0.8068675492246471;0.012017693716402067;0.0034073284827172757;0.004588534403592348;0.9669976651668548;0.0008986264234408736;0.0048828125
1870;4.258815092960456;1.0;0.5879502190139662;1.1755061499860164;0.037709377615832665;-0.010590392560698093;0.020790770975872876;1.0187965244054795;0.0011990580707788468;0.0107421875
1871;3.9584703883981405;1.0;0.598569772243659;1.1392134235323108;0.051236009885206976;-0.006348040699958801;0.008026108681224286;1.0233479112386703;0.001400406239554286;0.0134765625
1872;4.145962749297589;1.0;0.5718211353672548;1.0299856813488082;0.0580455497742053;-0.009993434743955731;0.005933889676816762;1.018670639395714;0.0018509526271373034;0.021875
1873;4.229348988878776;1.0;0.6280322895563868;1.2698879632791351;0.031541214937262564;-0.003746309084817767;0.005961980693973601;1.0337256759405136;0.001738735195249319;0.0154296875
1874;4.1125898751575125;1.0;0.5749639428486526;1.0761233342688394;0.03864930195397884;-0.015195285622030496;0.01204492854885757;1.1340439379215241;0.0014740676386281848;0.0111328125
1875;3.9307260421751167;1.0;0.4642347457333902;0.8793721304736213;0.032719636237588196;-0.00705518014729023;0.008317218837328255;1.115684014558792;0.00112769128754735;0.0091796875
1876;4.020950368079379;1.0;0.6566137528476097;1.33741689996283;0.0421314794201256;-0.008909652510192245;0.004683626675978303;1.005445408821106;0.001273108134046197;0.0146484375
1877;4.100288635363873;1.0;0.5700113363534159;0.9742550053222607;0.027210277056619693;-0.00473933438770473;0.01599381919950247;0.9859972119331359;0.0013842663262039422;0.0123046875
1878;3.6237021194403276;1.0;0.5065486437275073;0.8596892785624921;0.039594850725160696;1.7807818949222565e-05;0.05121398977935314;1.1296517610549928;0.0015605401596985758;0.01875
1879;4.020051895955767;1.0;0.5694321253503148;1.0820255742420664;0.059653341879478246;-0.012161077838391066;0.017531315237283705;1.078451156616211;0.0020003096666187047;0.0205078125
1880;4.353808454831661;1.0;0.7436499822159566;1.5647516826236683;0.021125544568819307;-0.00731472447514534;0.01656498140655458;1.0777433335781097;0.0012935234350152313;0.009765625
1881;4.268107022942745;1.0;0.6108334883873466;1.2286653203149882;0.025286689032129113;-0.006282247509807349;0.013522796076722443;1.024529755115509;0.0016648766351863742;0.0212890625
1882;4.235055825428455;1.0;0.7117996685336088;1.4128066367030985;0.04221741065235962;-0.003928117686882615;0.014105466031469404;1.0839251309633255;0.000764556135982275;0.0044921875
1883;4.284506361881899;1.0;0.43589235520208636;0.7911011269875882;0.03337421582261006;-0.009500035922974348;0.003679228317923844;0.9294454544782639;0.0010736219701357186;0.0068359375
1884;4.357886530292632;1.0;0.5753871605777903;1.0753894472312528;0.01422766071207782;-0.005059254262596369;0.027976646553725004;0.9871428698301316;0.002476745832245797;0.0294921875
1885;4.558796036352708;1.0;0.7720428312156539;1.6411218694408864;0.01117355207268592;-0.009355365438386798;0.007300710841082037;1.0162738382816314;0.0012582043185830117;0.0125
1886;4.380618829921423;1.0;0.4612772444196288;0.7833050426482097;0.0;-0.00584752531722188;0.02112970924936235;1.013857790827751;0.0016423591994680464;0.01796875
1887;4.3122477625059314;1.0;0.5540195633942594;1.0706225379644494;0.022935690029398544;-0.005273663299158215;0.016609394224360585;1.0652840673923492;0.0018905511940829455;0.01796875
1888;3.969243141999818;1.0;0.5814686433297891;1.1315610288645357;0.0558664098076426;-0.0034684660378843544;0.016749056801199914;1.1659779250621796;0.0011333115980960429;0.0099609375
1889;3.500971095990813;1.0;0.4607826488995006;0.6864088561466583;0.03161483649157071;-0.005264239641837776;0.016595299495384096;1.1660466969013215;0.000633549247868359;0.002734375
1890;4.469537150134708;1.0;0.6124303289640656;1.239915124594597;0.015050530223076992;-0.00470200814306736;0.010681987344287335;1.1128901183605193;0.001240053167566657;0.0111328125
1891;4.419853367087167;1.0;0.7142389020745327;1.4976841890549668;0.02040421036157349;-0.0010442137252539396;0.007193139242008329;1.0358464390039444;0.0008369335439056158;0.0064453125
1892;4.109216101942696;1.0;0.627883931324748;1.2705514100667432;0.04325527342781869;-0.005207510013133287;0.018771396530792118;1.112679898738861;0.0013458741712383925;0.0134765625
1893;4.51979565275652;1.0;0.7375677454676256;1.5171933054925746;0.012229448189813476;-0.012000215519219638;0.01347581841982901;1.2075438618659973;0.0016862430959008635;0.016015625
1894;3.071825217963736;1.0;0.6192138660436551;1.2352311876327617;0.06124862775534007;-0.0014308477751910687;0.007702273456379772;1.0988161087036132;0.0005822710576467216;0.0013671875
1895;3.392831532082223;1.0;0.384275403594032;0.589043415298684;0.008556013544455851;-0.003912113816477358;0.010987522965297102;1.0784404397010803;0.001217491808347404;0.0087890625
1896;3.8988434321835785;1.0;0.5492666907664939;0.9401043481320908;0.045260609389635637;-0.011243653763085604;0.010456089815124869;1.1050970673561096;0.0007661113748326897;0.005859375
1897;4.107152821055736;1.0;0.5876520921038124;1.1603430783578739;0.030561192763869826;-0.0036411712411791087;0.010978307342156768;1.1797458052635192;0.000975496880710125;0.005078125
1898;4.3471647437770695;1.0;0.6263125061689331;1.2511156264651908;0.01648473745301932;-0.003627164848148823;0.007744295988231897;1.09525665640831;0.0016865196637809276;0.014453125
1899;2.997320314078434;1.0;0.11038876613436278;0.20062387788495367;0.0029064674155563977;0.0009585161227732897;0.006955495802685618;1.1428184270858766;0.000866390427108854;0.0029296875
1900;3.257053725275353;1.0;0.2669677421859837;0.5254167713782159;0.01612966264834402;-0.002694205520674586;0.00963257639668882;1.169846773147583;0.0011359483934938908;0.0095703125
1901;3.7694557056136713;1.0;0.5777360333939622;1.0277889268506215;0.060967440558765754;-0.010893094027414918;0.007537150266580283;1.1377846777439118;0.001340579695533961;0.0115234375
1902;4.443543543210147;1.0;0.7052625760899754;1.281787621539391;0.031111181736036612;-0.0005728577030822635;0.00731943934224546;1.2136033058166504;0.0014853907050564885;0.0123046875
1903;4.2358926407905475;1.0;0.4138744901386454;0.7129181488445541;0.015975708474853346;-0.006360517861321568;0.01563168503344059;1.1902897536754609;0.001248607155866921;0.0103515625
1904;4.210682779039196;1.0;0.6277492579191328;1.3116267115204647;0.041612782977823046;-0.008412867225706578;0.005114089755807072;1.113785856962204;0.0009252517716959119;0.0052734375
1905;3.0279801287765604;1.0;0.418825317515066;0.523723919707613;0.05403780765189982;-0.0013415197608992457;0.01582539319060743;1.1730449199676514;0.0007843053783290089;0.0033203125
1906;2.7073170666670117;1.0;0.17026587839467308;0.25614327877010434;0.024469072308701573;-0.01047247122041881;0.028113469388335942;1.15390145778656;0.0013845904148183763;0.0103515625
1907;4.377946571418667;1.0;0.7344886782312203;1.5306699078398105;0.03939220846100376;0.00015318614896386862;0.019467434706166388;1.160637229681015;0.0007714559789747;0.0048828125
1908;4.234778274942665;1.0;0.5134072967012854;0.9407446055787777;0.02220388958487918;-0.007279138918966055;0.0266601393930614;1.199659037590027;0.002698559081181884;0.0314453125
1909;4.394426064331913;1.0;0.5478845316377009;1.150234512138676;0.01601742640544444;-0.0034966194769367577;0.013361002691090107;1.2006967604160308;0.0012405839865095914;0.008203125
1910;4.05366497149952;1.0;0.522734720282996;0.9473636970798311;0.040398333597925926;-0.006723622372373938;0.015713573060929777;1.168928211927414;0.0006994675728492439;0.00234375
1911;4.2571347401842745;1.0;0.5872039735698209;1.0702538061062556;0.024430299480860285;0.0013531161239370704;0.006635988573543727;1.1883679032325745;0.0010663868393748998;0.00546875
1912;4.242455065674969;1.0;0.5303436903000434;1.017306675248029;0.009404383889569637;-0.0123371840454638;0.01182726277038455;1.1549022793769836;0.0018085264367982746;0.0154296875
1913;4.265948557611973;1.0;0.6156699774158072;1.2066088920351379;0.02485986400023459;-0.00884986757300794;0.013341780612245202;1.2081893384456635;0.000914936140179634;0.0052734375
1914;4.501497509522885;1.0;0.7427972311210025;1.5270920557015975;0.02128671407145231;-0.002415319834835827;0.01413784888572991;1.2488657891750337;0.0017782946000806988;0.015625
1915;4.403465911505704;1.0;0.5355474860804992;0.936962487384879;0.01266370007234397;-0.006869126157835126;0.01171695808880031;1.1326333701610565;0.0023079468519426882;0.0248046875
1916;4.257694741802283;1.0;0.5359917232488562;0.9899531353854214;0.03248710002702616;-0.0023953006602823734;0.007489126757718623;1.2509788513183593;0.0013041874975897373;0.0126953125
1917;4.2975758016575245;1.0;0.5462840095518703;1.0945478581966843;0.036693440065590735;-0.008954029716551303;0.007192311040125787;1.1884099125862122;0.0013146049343049527;0.009375
1918;4.239955809790639;1.0;0.5439471598784114;1.0739971719053503;0.017740104119874395;0.0008665180765092372;0.01072461255826056;1.1721419930458068;0.0008812134386971593;0.00546875
1919;4.0547322742511795;1.0;0.6342163081206729;1.1637943811577778;0.06587240714897256;-0.006131525337696076;0.00854730848222971;1.2695672333240509;0.0014897161396220326;0.0107421875
1920;3.140741762520795;1.0;0.3902098949716155;0.6818263104989776;0.057395655173970155;-0.0038261742796748877;0.008803454018197954;1.2667590141296388;0.0011113368440419436;0.0072265625
1921;0.47231454205201073;1.0;0.12068583946410613;0.22326936503041026;0.02290590258924936;-0.003187940176576376;0.007545527280308306;1.3442322969436646;0.0015479838126339017;0.0125
1922;4.211627834250109;1.0;0.534349403352639;0.8995500017786704;0.020224451062581084;0.0037848049774765967;0.0044667969341389835;1.2666963577270507;0.0007542345440015197;0.0025390625
1923;3.672471922366343;1.0;0.19540704131079406;0.36216877067063563;0.016431493958389682;-0.0021157539915293453;0.0060114854015409945;1.2495749294757843;0.0021449097781442105;0.0255859375
1924;4.233639963217028;1.0;0.5570759694611113;1.0637883637803078;0.03554529021481828;-0.0048957527847960595;0.00761722216848284;1.199038141965866;0.0012695147306658328;0.0103515625
1925;4.40875859683317;1.0;0.5876100955716104;1.1165848863608188;0.030575910481341624;-0.004914952302351594;0.007430282677523792;1.2182963192462921;0.0006948592723347247;0.0021484375
1926;4.259740677353989;1.0;0.501146928739013;0.849106905491752;0.03830234774769828;-0.0095631733071059;0.00834639344830066;1.2490795016288758;0.0022750979522243144;0.0203125
1927;4.2516788415665445;1.0;0.6437418206325458;1.363933080900451;0.03223668863114108;-0.0010618811938911676;0.009726197854615749;1.2152778804302216;0.0011333853122778236;0.0060546875
1928;4.432517604851431;1.0;0.5144884189322477;1.0426644741568132;0.015497901373245675;0.0012508932733908296;0.005561364791356027;1.1955782234668733;0.001312321051955223;0.011328125
1929;3.931929910489476;1.0;0.3360029021092886;0.5636138452523894;0.01739164464199249;-0.007151171984151006;0.01034776447340846;1.1968437731266022;0.0008858677232638001;0.0048828125
1930;2.1238493593039762;1.0;0.15186988007920757;0.2640711484610705;0.04645463929602761;-0.0029551491606980562;0.011851809034124017;1.216635137796402;0.0010751748108305038;0.0064453125
1931;3.854431247471724;1.0;0.44130990612469007;0.832078437607108;0.07123590230381455;-0.0073328021331690255;0.01413884637877345;1.229871493577957;0.0018080443725921214;0.0142578125
1932;2.6734979588695857;1.0;0.20141408159853322;0.37610184349170195;0.016502147221111464;-0.005189801007509232;0.017540172999724747;1.2429738640785217;0.0009541627834551037;0.0041015625
1933;4.256158388882813;1.0;0.46884903684866386;0.7851684617871711;0.032385134577212746;-0.011624467419460415;0.01402056161314249;1.2975713431835174;0.0011135840555652975;0.0060546875
1934;4.197722415836635;1.0;0.5882756480168828;1.1514451606687757;0.03888811556774589;0.0012372713070362806;0.009184896619990468;1.2084518015384673;0.0008413105504587292;0.0017578125
1935;1.4339346465028469;1.0;0.43125644952854;0.8214921000977189;0.05552589956484461;-0.005858848220668733;0.027642910741269587;1.2448175609111787;0.0004911208292469382;0.0005859375
1936;4.385271695470927;1.0;0.7161765156382147;1.5220908411061669;0.0349740206108877;-0.0034576885402202604;0.01671858746558428;1.2000881433486938;0.0009131746599450707;0.005859375
1937;4.1197814690904;1.0;0.48475537042014555;0.8728677687191807;0.04430710629541737;-0.010400723526254296;0.01043296088464558;1.2313848674297332;0.0032216150779277087;0.0384765625
1938;4.394057755877547;1.0;0.5602139583244621;1.081442667062064;0.022224336094816843;-0.008604401396587491;0.013526138220913708;1.1912330448627473;0.0010112101794220508;0.0087890625
1939;3.7525582814250162;1.0;0.3681042340426211;0.6304328339122158;0.03580951286502026;-0.010400370741263033;0.017919035535305737;1.209826499223709;0.0016798330820165575;0.015234375
1940;4.163118989045597;1.0;0.5131700942910746;1.0060800191869252;0.04079098633115601;-0.000713922455906868;0.019110364280641078;1.224912601709366;0.001105942577123642;0.0068359375
1941;4.391702230381876;1.0;0.7334673264720886;1.5838614586296729;0.04530971662877986;-0.004227818758226931;0.025499001517891882;1.2699228823184967;0.0013121021096594633;0.0109375
1942;4.308880284511919;1.0;0.47283724641600283;0.855405206779061;0.01994128400784828;-0.004393783700652421;0.020866109943017363;1.1633053183555604;0.0006311113014817238;0.000390625
1943;4.024342007649361;1.0;0.5601705639193363;1.055129073962729;0.06923074132559165;0.0003555136965587735;0.03661433961242437;1.190893417596817;0.001202031981665641;0.00859375
1944;3.817947839122386;1.0;0.5537160176718963;1.0170635406627704;0.07257015263080747;-0.011449970491230487;0.01963257943280041;1.184780377149582;0.0007516670622862876;0.004296875
1945;3.877431670544935;1.0;0.4689056167628523;0.8331217774111591;0.03360176568819393;-0.0051495499908924105;0.02095805495046079;1.209280788898468;0.0011119544389657677;0.0060546875
1946;4.3422797978139425;1.0;0.47244798980992825;0.9110881016911125;0.021559061492244617;-0.0049944419879466295;0.0037642006762325765;1.1182967185974122;0.0015162340947426855;0.0134765625
1947;4.1277804517995325;1.0;0.5585695219983144;1.104988022412323;0.05321629205462931;0.003171143610961735;0.022205885173752903;1.1634363293647767;0.0013298399397172033;0.01015625
1948;4.164513025321016;1.0;0.5491793555113856;1.0505765804388691;0.040131705669506065;-0.017387303197756408;0.010090292454697192;1.208916574716568;0.0012350286240689456;0.008203125
1949;4.275592226111341;1.0;0.5536587273919228;1.0909623046143835;0.03863182325954365;-0.005816292949020863;0.015046245628036558;1.1795663774013518;0.0010964742279611528;0.0068359375
1950;3.7581198916677248;1.0;0.49798859399142287;0.8462801172906681;0.05856627492357307;-0.0037029886618256567;0.005322506534866989;1.1343882083892822;0.0005044953781180084;0.0017578125
1951;2.3257737753618573;1.0;0.34670999640813993;0.632316886509917;0.03503167551507772;-0.0028065713006071745;0.00830445266328752;1.1167027711868287;0.0022309634834527968;0.0240234375
1952;1.9629482071175492;1.0;0.4762521192674862;0.9405417982841863;0.03299651482737954;-0.004662011517211795;0.008222873322665691;1.1935254752635955;0.0010727590532042086;0.0041015625
1953;3.770669143614735;1.0;0.5177874834973797;0.993698122290865;0.08511509179006418;-0.0032077903277240695;0.0058141135377809405;1.1896482825279235;0.00165689114946872;0.013671875
1954;3.9912542073816506;1.0;0.33765335971943067;0.5859523010918446;0.0368087486179471;0.0020981992594897745;0.0033714919234625997;1.0737312138080597;0.0009288622066378593;0.0072265625
1955;4.236703225654107;1.0;0.41322785500910514;0.7979366143776198;0.04679258629300779;-0.0016466778703033923;0.006491663167253137;1.0774238049983977;0.001673979579936713;0.0125
1956;4.154135866485966;1.0;0.46036128723375525;0.8586937195741039;0.055496192160519625;-0.009585594711825251;0.011679253727197646;1.1147131443023681;0.0018210409325547516;0.01953125
1957;4.381835478545326;1.0;0.4588140600161633;0.8846233297264515;0.0173786421713167;-0.0037900023628026245;0.012793891597539186;1.0561734795570374;0.0016345655545592307;0.0111328125
1958;4.187593593663609;1.0;0.5365533737520944;0.9493609837365196;0.04194549876850625;-0.01157993096858263;0.01531949546188116;1.0599656045436858;0.002429945906624198;0.0275390625
1959;4.134136812258644;1.0;0.6097365132429488;1.234176354010741;0.06747629891027751;-0.0034070766065269708;0.009559340961277484;1.0574658691883088;0.001486998121254146;0.0140625
1960;3.6707090682368024;1.0;0.534199092820602;0.964567514379076;0.10960085496679367;-0.003963466221466661;0.012497834488749504;1.1515700280666352;0.0006097119417972863;0.00234375
1961;3.6939898438798617;1.0;0.5506608527469073;1.072040496635682;0.08795386655848521;-0.010944281332194805;0.007749419403262436;1.0800240755081176;0.0016162737389095127;0.0171875
1962;3.0050475066720423;1.0;0.11361004898119591;0.21220710938159726;0.023730618078367408;-0.009384278254583479;0.009097810694947838;1.1304021298885345;0.0010681939660571516;0.009375
1963;4.226756599356366;1.0;0.510074924536835;1.0376878219438914;0.04492640600796411;0.0008272457402199507;0.013447809824720025;1.0989815831184386;0.0007608319283463061;0.003125
1964;4.4817503147419355;1.0;0.6596471642941064;1.4026997171985975;0.03731867570427353;-0.0042221361305564645;0.013797905528917909;1.0645470082759858;0.00116271844599396;0.01015625
1965;4.336994072503491;1.0;0.4633046474274804;0.8723385244250513;0.023355753074492416;0.0006572686135768891;0.017184191662818194;1.1205447435379028;0.0008694034535437822;0.00625
1966;4.319752926570062;1.0;0.6433323141256334;1.3191871700353395;0.04852281139337905;-0.009430756419897079;0.0217636791523546;1.1001896619796754;0.00120276560774073;0.00859375
1967;4.09782991939464;1.0;0.5155439720813852;1.0705701536499619;0.021545225162820068;-0.006726536434143782;0.02223415095359087;1.0951482057571411;0.000674913648981601;0.001171875
1968;3.8219192080820372;1.0;0.41139862789532783;0.7538821072672115;0.040090191706473946;0.00015807843301445245;0.038115433789789675;1.1443671941757203;0.0009512238088063895;0.0076171875
1969;4.168768333553967;1.0;0.5126675912231801;0.9977282037350789;0.04770172464925309;-0.006839024275541306;0.020530392043292524;1.0897465705871583;0.0008099351427517832;0.0037109375
1970;2.0970795288270043;1.0;0.5421843810331485;0.9933634344746556;0.06622203715227146;-0.0024252119939774273;0.02097707544453442;1.087841299176216;0.0007888987194746733;0.0033203125
1971;4.1933672425529345;1.0;0.4447038477944803;0.7886051380248729;0.053327133863386986;-0.01371334355790168;0.023724059481173752;1.08792285323143;0.0017031216993927956;0.012890625
1972;4.335845388280681;1.0;0.5356200160306201;1.1110631558048478;0.03642865729689148;-0.007226563058793545;0.011336367740295828;1.074409395456314;0.0016875209985300899;0.0166015625
1973;4.2456484743010705;1.0;0.6352915921928172;1.3279098697870895;0.04120520882077067;-0.0023690219037234782;0.010611027758568526;1.0417209535837173;0.000749832228757441;0.0037109375
1974;4.112689163395516;1.0;0.5641345318457146;1.0402464622034906;0.044699372816707196;-0.0064696336165070535;0.02784750973805785;1.1128913640975953;0.0014695104910060763;0.0166015625
1975;3.726756359296439;1.0;0.5110177088916894;0.9217649690775257;0.07383834399116725;0.0011469361372292042;0.011920437146909536;1.0557344913482667;0.0009032309637404979;0.0068359375
1976;4.05215476661224;1.0;0.3718990236141791;0.6534203542325673;0.03872885308793192;-0.007763196318410337;0.013686406845226883;1.0488233029842378;0.0015974962152540684;0.0169921875
1977;2.375715638237858;1.0;0.45729285290180655;0.7413982476835188;0.05792688821582489;-0.0030467632226645947;0.014190770406275987;1.1274652242660523;0.0010640410357154906;0.0072265625
1978;4.499423699746705;1.0;0.5727833761903558;1.2222053641521922;0.009047467847663075;-0.002974590426310897;0.009239067346788943;1.075813353061676;0.0010702281608246267;0.0076171875
1979;3.7758043949888265;1.0;0.4646827433552512;0.7921559939511624;0.06455889282230302;-0.010481949988752603;0.00815623749513179;1.0343544900417327;0.002057093533221632;0.0212890625
1980;4.2906976757449184;1.0;0.6713979233177602;1.38273099579883;0.0704304423365139;0.00020339144393801689;0.011531579191796482;1.0651177048683167;0.0015143230790272354;0.01640625
1981;4.1577654264910215;1.0;0.6683832746919659;1.321656356548682;0.07255536108760029;-0.0053675477392971516;0.00788951376453042;1.0864584624767304;0.0005679037771187722;0.0025390625
1982;4.188619364024058;1.0;0.4124976400550202;0.7928921128089573;0.02740521447127389;-0.005578778032213449;0.005392380221746862;1.0933443367481233;0.0012440943391993642;0.009765625
1983;4.3014692929560185;1.0;0.5114870651420756;0.9614085429917503;0.037186783754534415;-0.004529410228133202;0.01139712855219841;1.1152507305145263;0.001932463445700705;0.0177734375
1984;4.053764325370361;1.0;0.5211825069010549;0.8741440287354527;0.049744505552596095;-0.009851723816245795;0.0033121100044809283;1.0989505112171174;0.001981150743085891;0.0255859375
1985;-0.880733763491846;0.0;0.0;0.0;0.029567739459598813;-0.0029525702353566884;0.006536116194911301;1.0808414816856384;0.0012098017148673534;0.0107421875
1986;4.279708882257502;1.0;0.5004918961865974;0.9501293900651618;0.03768266246526151;0.003257473884150386;0.006574791739694774;1.080471783876419;0.0005481644999235869;0.001953125
1987;4.335347358139429;1.0;0.6075523408332303;1.1773160671190135;0.030083439388416303;-0.00920662102289498;0.009214526857249439;1.1160506308078766;0.0006115060532465577;0.00234375
1988;3.7175523471322083;1.0;0.4826240662005571;0.861669167163727;0.07873887007451463;-0.0053374158218502995;0.006993250781670212;1.1639681518077851;0.0008483824552968144;0.002734375
1989;4.31816297027744;1.0;0.5897296744424275;1.213458805811959;0.049266682019554205;-0.008584765298292042;0.0062772987177595494;1.1661015152931213;0.0017936052405275404;0.0185546875
1990;4.243521621217612;1.0;0.632641499010609;1.3427101420433907;0.06660483844020273;-0.005997256748378277;0.01083285636268556;1.1428148329257966;0.0012622257461771369;0.0103515625
1991;3.8960932347943267;1.0;0.49247615621532986;0.9610651897489098;0.06357970926940146;-0.00864955571014434;0.008498570532537997;1.156567120552063;0.0008998288540169597;0.0033203125
1992;-1.298428936458999;0.0;0.0;0.0;0.02909974911797851;-0.014350459445267916;0.005118440848309547;1.1232225060462953;0.0013489180360920726;0.013671875
1993;4.135569170426198;1.0;0.576211509137937;1.1642475918342157;0.05758897143496924;-0.007602778356522321;0.009273592452518641;1.1294908702373505;0.0019376148469746114;0.0177734375
1994;3.6873415814058275;1.0;0.496072941707139;0.9482711537748484;0.021952140245268092;-0.00024494375102221964;0.012593614170327783;1.179138046503067;0.0006547704106196761;0.000390625
1995;3.7934872789613143;1.0;0.560732774908969;1.078728298135779;0.11009711933239878;-0.0005783823784440756;0.008916277368552984;1.1767704844474793;0.0005547035136260093;0.0021484375
1996;4.375976626074935;1.0;0.5378787630619979;1.1488851493055012;0.005412398217202257;-0.0029562448849901556;0.004310793778859079;1.1565599739551544;0.0012341816676780582;0.0068359375
1997;3.9457213492579344;1.0;0.4834773986658482;0.9005407422317095;0.03057414053414716;-0.010408379137516022;0.007708154828287661;1.1342260777950286;0.0011349364765919745;0.0078125
1998;4.439551045201224;1.0;0.5564736394214073;1.0741867977218107;0.02508042952564921;-0.0006717380136251449;0.007299756212159991;1.1395218312740325;0.0015814579208381474;0.015234375
1999;4.295202204995631;1.0;0.5533097850951607;1.17114546363614;0.02045878143010098;-0.009929304290562869;0.004739446402527392;1.1859451591968537;0.0016071474645286798;0.0197265625
2000;4.5127662964916695;1.0;0.6902932028980698;1.4595149151063584;0.03374786362865437;-0.002849184675142169;0.006368519808165729;1.1557590067386627;0.0013122297707013786;0.0080078125
2001;4.031356438332025;1.0;0.48491285523559385;0.932901919424416;0.03144544638992311;-0.004786334279924631;0.007564470637589693;1.2106216609477998;0.0007262197672389447;0.0015625
2002;3.933694794309148;1.0;0.4567320938814842;0.7357252322132012;0.03338734825639343;-0.0033035258995369075;0.004726206255145371;1.1430569112300872;0.0007845393498428166;0.003515625
2003;4.407216894059054;1.0;0.6207001346452843;1.2754412374185462;0.02357024266247704;-0.007346381712704897;0.0068475872743874785;1.0738832473754882;0.0010260749608278275;0.0080078125
2004;4.196277107014726;1.0;0.5724546402947006;1.0873334916910604;0.029673771039083315;-0.005926575721241533;0.005877090827561915;1.0902515590190887;0.0021563399466685952;0.02421875
2005;4.5178155493540775;1.0;0.7046762762330988;1.5455347962395931;0.02571966657272618;-0.011165668489411473;0.005483788950368762;1.172876352071762;0.0009189768810756504;0.00546875
2006;4.270183213327283;1.0;0.46907398579691223;0.8209192002614667;0.028993566027982632;0.005576815083622932;0.005140531272627413;1.1508275628089906;0.0010414349613711237;0.008203125
2007;4.552441257371154;1.0;0.7156594345438477;1.5674543408101165;0.010678511410173482;-0.0019619275815784933;0.024711260059848427;1.1937341451644898;0.0014751175069250167;0.0138671875
2008;4.313493373969686;1.0;0.41292844400111395;0.7458200746199986;0.02278030054114781;-0.008027383498847485;0.005605081212706864;1.1289042413234711;0.0007834739401005209;0.003515625
2009;4.538953435815712;1.0;0.7827603154048614;1.6273954985052406;0.022546863420268484;-0.014349876902997494;0.011001519532874227;1.107229882478714;0.0012664602138102055;0.0072265625
2010;4.220130252476894;1.0;0.5557793022742605;1.1187797955957146;0.048922591416309565;-0.007809030567295849;0.006250681634992361;1.1404545485973359;0.0029818398877978327;0.0365234375
2011;3.8416430613672237;1.0;0.6153581979798939;1.2615415324276422;0.048655656287971534;-0.006941266544163227;0.003571095084771514;1.1055852174758911;0.0017217464745044708;0.015625
2012;4.154723101827813;1.0;0.6039465231894184;1.186394930808938;0.029166075736379832;-0.0051674448885023596;0.005906021897681057;1.0792649567127228;0.0010750008281320334;0.0056640625
2013;4.197605577967948;1.0;0.5877508577145677;1.1864005077232371;0.04030962803814727;-0.0040240796282887455;0.008515885681845248;1.087943461537361;0.0022908234503120186;0.0228515625
2014;4.396018710751097;1.0;0.6573218133196922;1.3748206553446953;0.03730824401879733;-0.008017901936545968;0.004417581937741488;1.0481441825628282;0.001496078888885677;0.013671875
2015;3.8212246040505704;1.0;0.574429345113058;1.0946240707109367;0.05781408115883027;0.0009271545801311732;0.011674279905855655;1.062199729681015;0.0006583570968359709;0.00234375
2016;4.481034773024941;1.0;0.6405024621547811;1.2859787830802;0.02176128339166598;-0.0032359482254832985;0.009409145754761993;1.150591778755188;0.0009798600105568767;0.0064453125
2017;2.0556912122608786;1.0;0.29736244228883807;0.5835808868443796;0.03174614527543244;-0.004833318665623665;0.006921069626696408;1.1247159600257874;0.0011837665806524456;0.007421875
2018;3.883352651514266;1.0;0.5566815856188276;1.0679149492088704;0.02948924673103928;-0.00831825896166265;0.004849237471353263;1.0478876948356628;0.001691033854149282;0.01796875
2019;2.984114668325844;1.0;0.10499328781364448;0.20685081477682382;0.015616873524294405;-0.009311601845547557;0.006351406825706363;1.082560086250305;0.001963057217653841;0.019921875
2020;4.484290009885594;1.0;0.6142516411987179;1.2379675208375862;0.01566266168188296;-0.009032902121543885;0.006086996290832758;1.118386334180832;0.0016498431446962058;0.016015625
2021;4.431870329936057;1.0;0.6724563400998009;1.4384789311747652;0.02576757345925054;-0.004748027818277478;0.005271649337373674;1.1071677267551423;0.0021103160572238265;0.0234375
2022;4.50394583025396;1.0;0.6360769808289652;1.3474261515625687;0.01531616512555767;-0.00427599735558033;0.005473686684854329;1.063534814119339;0.0009399522095918655;0.005078125
2023;4.276699169320701;1.0;0.5496170927954783;1.06330989423086;0.02786153178287497;-0.001807435927912593;0.006741649727337063;1.1176889538764954;0.0020027169375680387;0.0201171875
2024;3.9754722585277253;1.0;0.5476652989838204;1.027059773823769;0.036958269118973326;-0.007954281545244158;0.005882724118418991;1.0461158990859984;0.0006954419775865972;0.0041015625
2025;3.6031464861473594;1.0;0.5290439774291589;1.039949873613674;0.06588709278294154;-0.006588288769125939;0.004122429620474577;1.1147464632987976;0.0007320233038626611;0.0025390625
2026;4.1089855995047575;1.0;0.5013701069743134;0.9365392040985718;0.009013620590874252;-0.009010926866903902;0.004453007155098021;1.1153226971626282;0.0007602927042171359;0.001953125
2027;4.492990578785793;1.0;0.7337637176476859;1.5293623580616929;0.014582558417650868;-0.01192910918034613;0.0047687643789686264;1.1179898917675017;0.0009320746874436736;0.0056640625
2028;3.831159727915067;1.0;0.5664818374592985;1.0432924345785852;0.038057692841743;-0.0020881135948002338;0.02232293817214668;1.119998437166214;0.0013009755057282746;0.0123046875
2029;4.167641929856817;1.0;0.6192828901628372;1.2555876044501204;0.057953689836891795;-0.010245118802413345;0.0072258551139384505;1.0786428153514862;0.0015274407109245659;0.0142578125
2030;4.402993995371613;1.0;0.5455756832429028;1.0878010878739919;0.013222218184223537;0.0015667187981307507;0.012526983534917236;1.097111201286316;0.0022031671251170337;0.0287109375
2031;4.295052683475516;1.0;0.4157340646520908;0.7678460223164736;0.014908501556938682;0.00534021898638457;0.0056377285742200915;1.1594533264636993;0.0009154193918220699;0.0052734375
2032;4.116834683698355;1.0;0.5484795515205899;0.9290206509750317;0.028284461383596967;-0.003634164808318019;0.004448098689317703;1.1308116495609284;0.001462159282527864;0.0091796875
2033;4.522017042962507;1.0;0.6982676079067055;1.4889802609380784;0.017979007631564035;-0.00834448414389044;0.014549680799245835;1.1098008036613465;0.0011875322321429848;0.0078125
2034;4.371707401316722;1.0;0.49032781083293814;1.033113638962136;0.0134689193192018;-0.007208051765337587;0.009044490335509182;1.09704949259758;0.0011331343092024326;0.0087890625
2035;4.371571405215086;1.0;0.7661344079968478;1.5562661271378264;0.031498957684691825;-0.003722854144871235;0.007276531588286161;1.0973709523677826;0.0007825611159205436;0.003125
2036;4.534223001869814;1.0;0.7091998911497681;1.5273439967295963;0.022902639940725885;-0.0023849721066653727;0.005465199775062502;1.0976761817932128;0.0020906580379232765;0.0216796875
2037;3.5010736136914433;1.0;0.3802846387763233;0.7072071133270359;0.04121390478134357;-0.005619685398414731;0.007104944996535778;1.127654641866684;0.0023645418230444195;0.02578125
2038;4.039366003620452;1.0;0.4604281897554492;0.8498941385868437;0.010522953344903925;-0.009612510306760668;0.004902976960875094;1.1497501850128173;0.0012469059904105962;0.010546875
2039;1.9656744662623944;1.0;0.6397420376982078;1.1937289168025587;0.01623418449317758;-0.008622494712471961;0.00691649978980422;1.1350496411323547;0.0012249330524355174;0.0072265625
2040;4.145758010731264;1.0;0.5596960711051353;1.0094533333998308;0.027096106761288166;-0.00785263585858047;0.004105287184938788;1.0975696802139283;0.0007304606144316495;0.0048828125
2041;4.438355964459979;1.0;0.5501327680310929;1.1521248812487033;0.010426690441020969;-0.013136077672243118;0.005581649602390826;1.0893252432346343;0.0011412604246288538;0.0048828125
2042;4.469480090868926;1.0;0.6701949671284642;1.428219483514998;0.020734017411626306;-0.006365068815648555;0.005155388009734451;1.053696435689926;0.002855195361189544;0.0345703125
2043;4.4118794799317325;1.0;0.547002581097164;1.1152549828982394;0.02143071990073538;-0.0055894749239087105;0.006326479068957269;1.0341155648231506;0.0027992810355499387;0.0314453125
2044;3.9968801541578065;1.0;0.6562381958028505;1.3591506391766042;0.0425846245498111;-0.010041028168052435;0.00642497765365988;1.0356534779071809;0.0016340172616764904;0.0146484375
2045;4.460270359634086;1.0;0.5637546760109788;1.1181587467368608;0.01997473955795731;-0.009704714547842741;0.00987160054501146;1.014620155096054;0.0013887097244150936;0.012109375
2046;4.36693819293132;1.0;0.607980765813313;1.2787168993452902;0.021818257086140547;-0.006895769666880369;0.003247808525338769;0.935745558142662;0.0015049370937049388;0.0166015625
2047;3.9447805545678616;1.0;0.7409920037036367;1.5550084711494068;0.025001289755448148;0.0013701412361115217;0.004293538350611925;0.9321302086114883;0.0012713232776150108;0.0111328125
2048;4.447270050599679;1.0;0.4686353247747937;0.910854308900428;0.0030808863418352182;-0.0037422166904434563;0.0050574747030623255;0.9415660530328751;0.000908342213369906;0.0064453125
2049;3.950364076058834;1.0;0.5402340257932097;1.065277998264111;0.0382919303100212;-0.0096134630497545;0.008981415187008679;1.044152620434761;0.0017351995105855168;0.0140625
2050;4.178670727906699;1.0;0.48199949482768395;0.8920456626714716;0.024509663124316294;-0.007262692553922534;0.004532879823818803;0.9974800646305084;0.0023201269563287497;0.033984375
2051;3.919030822525615;1.0;0.6489816203414929;1.3116134075368155;0.08733808423825598;-0.01182333470787853;0.004024975455831736;0.987134364247322;0.0010187244857661425;0.0044921875
2052;4.175258920892356;1.0;0.5495324414916813;1.0636030246147572;0.02124256800507998;-0.007507072715088725;0.006552742491476238;1.0317731201648712;0.001396441285032779;0.01015625
2053;3.398257311593732;1.0;0.5156265502354925;1.01991686134784;0.026088840908215484;-0.0003681352129206061;0.02539702970534563;1.0331466376781464;0.0008919069194234907;0.0087890625
2054;3.7636454819321763;1.0;0.4790862693410937;0.874334327924472;0.03270420869678779;-0.009477766416966914;0.02038541417568922;1.0361681193113328;0.0014892888139002025;0.0169921875
2055;4.361942974494422;1.0;0.5252287489591861;1.0163652978882025;0.015115463584627422;-0.007488805660977959;0.025242543779313564;1.0176039606332778;0.0025846945471130313;0.0322265625
2056;4.073145233640086;1.0;0.6065844904584068;1.2288476180960253;0.06116403055091453;-0.000738922506570816;0.01417215617839247;0.9978508204221725;0.0003782100044190884;0.0
2057;3.9142954458801764;1.0;0.5601663770389758;1.0889116749703251;0.053301921135705456;-0.009189540683291853;0.008134690462611616;1.011602246761322;0.0013598490040749311;0.0115234375
2058;3.847290281017255;1.0;0.5999237245665145;1.2133453403914611;0.08117142897690915;-0.00825860588811338;0.006709894933737815;1.0196851760149002;0.0007172176730819047;0.0029296875
2059;4.513179994109374;1.0;0.6601040115701169;1.4561226526457576;0.024514190313550524;-0.008130122779402883;0.007024387456476688;0.979731696844101;0.001969712832942605;0.0232421875
2060;-1.5407216488766033;0.0;0.0;0.0;0.021717647085636275;-0.010185219440609216;0.01048189694993198;1.0027749836444855;0.001072789658792317;0.00859375
2061;0.7679578946034513;1.0;0.1875356542120512;0.37689545759321713;0.025806762234705474;-0.0014763942454010248;0.005678490619175136;1.0320539802312851;0.0012650032876990736;0.0130859375
2062;4.252482335292531;1.0;0.589535636908692;1.2321544360089485;0.0377588465741245;-0.006266883807256818;0.016137672821059823;0.9910116970539093;0.0009629414649680257;0.0078125
2063;4.026385002824008;1.0;0.5459094221483348;1.0591245105967897;0.05621349722534655;0.002420195285230875;0.014083204651251435;0.9666434168815613;0.0010614266619086265;0.0115234375
2064;3.996348173401852;1.0;0.5553353280356634;1.0913826736116978;0.051584696133867035;-0.004612388182431459;0.01209621992893517;1.0326030194759368;0.0007887318730354309;0.0080078125
2065;4.064777135977122;1.0;0.6529259211379977;1.386722916199662;0.054504525872842186;-0.00894268653355539;0.0059540460119023916;0.9834657162427902;0.0014395051635801791;0.010546875
2066;4.3422783041565465;1.0;0.5917069909534125;1.2387362365871588;0.02906849730367388;-0.00660154540091753;0.004773820459377021;0.9371259331703186;0.0008117335382848978;0.0052734375
2067;4.474481229301123;1.0;0.6553463113921788;1.3481680802752745;0.030389894096287663;0.002855055034160614;0.0060973045183345675;0.9829145520925522;0.0009216127451509238;0.00546875
2068;4.511959336458224;1.0;0.7197518687062038;1.555510809303763;0.0226213116234886;-0.008965405635535717;0.00543875175062567;0.9911697924137115;0.001739291416015476;0.0162109375
2069;4.387957236671705;1.0;0.6639029322824921;1.3227735368375404;0.037738917809361526;-0.0006492444779723882;0.006087687774561345;0.9530358731746673;0.0015222172252833844;0.017578125
2070;4.334991080045997;1.0;0.5712395423950757;1.233438809053081;0.052892271047719736;-0.002830377360805869;0.005608934303745627;0.9879671812057496;0.0017519401735626161;0.0169921875
2071;4.35432262954072;1.0;0.5208426359582331;1.0322364596133393;0.027829744120971223;-0.0013776408042758704;0.004684081533923745;0.9314752429723739;0.001455088099464774;0.0158203125
2072;4.050271006403021;1.0;0.6021905498920911;1.2725215666654166;0.05397918767585312;-0.004974365467205644;0.004180741589516401;0.9281912237405777;0.0009665806195698678;0.00546875
2073;4.301531809412926;1.0;0.6379379142904498;1.3565469307618094;0.03865155069981997;-0.0037238525925204157;0.004141297505702824;0.9458782017230988;0.0012744271894916891;0.00859375
2074;4.0437505409971495;1.0;0.6476781776508939;1.3739724426371782;0.030786528339919614;-0.0075185217428952456;0.005775703047402203;0.8485757410526276;0.0014607331715524197;0.0158203125
2075;4.3710116107129595;1.0;0.5905953470401054;1.17850061862228;0.028428907935071523;-0.001821627700701356;0.007489017862826586;0.9399046748876572;0.0008294551051221787;0.0052734375
2076;4.4352171864885745;1.0;0.7387148104802634;1.599226219890816;0.04303481077749152;-0.009401833405718207;0.003913406259380281;0.907796436548233;0.0027086518588475884;0.03359375
2077;4.358131950324048;1.0;0.5812589718536723;1.0921153587306625;0.02575844223155207;-0.006723434384912253;0.004220496618654579;0.941742804646492;0.0012142425286583603;0.0091796875
2078;4.133426172995437;1.0;0.6179568304140622;1.3001948027789687;0.03187932028894334;-0.015175702329725028;0.006071847071871162;0.9696672201156616;0.0014932705904357134;0.0166015625
2079;4.54462432699848;1.0;0.7145602206136333;1.578366529731878;0.02072397410294421;-0.006052946113049984;0.015652436250820755;0.9654272317886352;0.0017393943620845676;0.0189453125
2080;4.098600519270098;1.0;0.5217630016610721;1.0853483349839381;0.026664538257894835;-0.007287776004523039;0.006062710168771445;0.9363407582044602;0.0013296327320858835;0.010546875
2081;2.743175584079975;1.0;0.16881929669592943;0.3294435380404038;0.024321092343261366;0.0045818304643034935;0.006325603998266161;0.9366735339164733;0.0011671018204651774;0.0103515625
2082;3.1406541646630965;1.0;0.31664040036606583;0.6505288258397802;0.036684661879214354;-0.008372420258820058;0.006200874992646277;0.9677696317434311;0.0006991603295318782;0.003125
2083;2.4019427528308492;1.0;0.2676392530128856;0.5019921767923264;0.043867236496234904;-0.005842480529099703;0.005444808444008231;1.0392313987016677;0.0010694243595935405;0.011328125
2084;4.422953843912482;1.0;0.541552853131676;1.0762538948210238;0.03239989666793828;-0.005787914153188467;0.005754761234857142;0.9651619791984558;0.0012076191487722099;0.0125
2085;4.451534128379232;1.0;0.7245565524004142;1.5755045735127282;0.03504049630748849;-0.0002900488907471299;0.006998498272150755;0.9485524833202362;0.001223216950893402;0.01171875
2086;4.43569003177177;1.0;0.5294792047668975;0.9713293351828046;0.01719545387473478;0.001742378156632185;0.005858182604424655;0.9409861177206039;0.0006197522394359112;0.0017578125
2087;4.552693967379651;1.0;0.7649261040266795;1.6897436415367038;0.02622260174870005;-0.005510859191417694;0.004002621537074447;0.9057719379663467;0.0007126315031200647;0.0025390625
2088;4.52558981625144;1.0;0.7451098593155742;1.68106008275119;0.026750926635792982;-0.004322911612689495;0.014961643074639142;0.9652405112981797;0.0011320539284497499;0.0068359375
2089;4.097103270512554;1.0;0.6121942713706278;1.325680294508462;0.062166879561307384;-0.00643679047934711;0.0104931523790583;0.9925133585929871;0.0012036957312375307;0.010546875
2090;4.4881539443623275;1.0;0.543259412908488;1.1115943148109508;0.01574527410693699;-0.0006185733713209629;0.01005567042157054;0.9815137267112732;0.001092056033667177;0.0080078125
2091;3.9617104617491288;1.0;0.6519442874228465;1.3886672992905649;0.07835770253579213;-0.007612501317635178;0.0057412325637415055;0.9725803256034851;0.000712699384894222;0.0052734375
2092;4.1907232978519975;1.0;0.5581503835333805;1.1888492644725974;0.03222381328062847;0.006128010479733348;0.004052624455653131;0.9389508992433548;0.0012082398403435945;0.012109375
2093;4.428654995413854;1.0;0.5883054468082819;1.209142970204143;0.027219716248715612;-0.0028118353337049486;0.022120535466820003;0.9888686239719391;0.001443460094742477;0.012890625
2094;4.437821535552369;1.0;0.5324756470447911;0.9696591484211604;0.016891114058733354;-0.012683833297342063;0.009209503466263414;0.9980426877737045;0.002378737973049283;0.028125
2095;4.264305691542434;1.0;0.5394674201845752;1.0929464986212285;0.023391579007930253;-0.0028010189300402997;0.006927579012699425;1.009421369433403;0.0006704334169626236;0.0025390625
2096;3.864680357998332;1.0;0.5979022419861582;1.1468047933681638;0.06550946394617714;-0.0070014817640185354;0.0043203784618526695;0.9763391941785813;0.0008853299310430885;0.0091796875
2097;4.077928700956804;1.0;0.614369274752023;1.2829789649873573;0.06185750399410573;-0.004031191766262055;0.004145758610684424;0.9364325910806656;0.0009056036476977169;0.008203125
2098;3.474002479857856;1.0;0.40035903229727526;0.722926314049045;0.062274595311066855;0.004039611318148673;0.0052489733207039535;0.922669991850853;0.0011130139348097146;0.0078125
2099;4.4433432845269945;1.0;0.5531186552112709;1.0492333755365304;0.010752341775198947;-0.016628481075167657;0.008910929108969868;1.0158912628889083;0.0013746973243542015;0.015625
2100;4.528003571179533;1.0;0.7252642834535237;1.6093049523962375;0.028846712027830426;0.00044272025115787983;0.007545257126912475;1.0019795298576355;0.0011649134918116032;0.0078125
2101;3.934225376375192;1.0;0.5808973514632197;1.0725364129848198;0.07722271166360174;-0.0012484556529670954;0.004193927266169339;0.9497220396995545;0.0012312645674683153;0.0126953125
2102;4.555947674307493;1.0;0.7354118288772526;1.6498515893422214;0.016643158475257207;-0.0056574999820441;0.003979678195901215;0.8899292320013046;0.0013858155230991541;0.0150390625
2103;4.006391970001599;1.0;0.6139405588709707;1.247663502817171;0.060190263356836;-0.007365905027836561;0.006973907072097063;0.994599711894989;0.0011704988544806838;0.0091796875
2104;4.343723597930953;1.0;0.5757302977659849;1.173781180827733;0.034323821496985284;-0.011700322199612857;0.006952666118741036;0.9430378198623657;0.001100693119224161;0.0056640625
2105;4.077859255206963;1.0;0.6647616634490635;1.44599235757383;0.032006071697199545;-0.009191036317497491;0.015683838399127126;0.8951786160469055;0.0013666871702298522;0.013671875
2106;4.335446156064337;1.0;0.657460724141947;1.4135432220116457;0.060999659057903305;-0.004472523601725698;0.008147675869986415;0.9202096223831177;0.0009507697890512645;0.0064453125
2107;3.967281549023901;1.0;0.647474457297859;1.3598830586556712;0.06666115165688441;-0.001725036185234785;0.014628523169085384;0.9227795749902725;0.0011231891112402081;0.00703125
2108;4.445054778272026;1.0;0.5360932775425558;1.0848457364666624;0.021167313419094114;0.0016813570633530616;0.008625211310572922;0.9638012528419495;0.001140338962431997;0.010546875
2109;4.450036683082994;1.0;0.619155669902124;1.3312262548189533;0.020971091844227907;-0.007816944271326065;0.008482659235596657;0.9262304574251174;0.0007689296151511371;0.002734375
2110;3.5149800793229304;1.0;0.7400330657278982;1.5874115107991256;0.02048875457019858;-0.010656786244362592;0.013551069609820842;0.9337249994277954;0.0016276409500278533;0.01875
2111;4.286420372487386;1.0;0.5868337695952346;1.2133218517939266;0.03966643303472002;-0.014823717856779694;0.010275308648124338;0.9357515037059784;0.0010181842953898013;0.0076171875
2112;4.478270626127802;1.0;0.5538264196193201;1.2174910828033743;0.03108686403467623;0.003821223694831133;0.00738933370448649;1.000089380145073;0.0008787996950559318;0.003125
2113;4.114461750769301;1.0;0.5567338496321904;1.1011669448788144;0.027872542797547396;-0.009907777630724013;0.007804078771732748;0.9176727861166001;0.0019418700598180295;0.0193359375
2114;3.9620525331253686;1.0;0.5813499078639198;1.2089622624415575;0.04419777857013784;-0.011938711861148477;0.005669162108097226;0.851861321926117;0.00039154617115855217;0.001171875
2115;4.054227525652077;1.0;0.3396373502402552;0.5716318516581361;0.016476673685409744;-0.003209659410640597;0.008808371517807246;0.9652406275272369;0.001126124197617173;0.0078125
2116;4.311054091337664;1.0;0.6783801333265522;1.326499269255732;0.049607467500090964;-0.011612998973578214;0.007787509053014219;0.9166063606739044;0.001000374066643417;0.00703125
2117;4.083135306058399;1.0;0.38479263403635233;0.7790161559608172;0.04076089184380454;-0.00853833646979183;0.01114715978037566;0.8985762298107147;0.0016095720930024981;0.017578125
2118;4.401407483080995;1.0;0.5365382746032795;1.0128178863167463;0.01572442339361436;-0.0023986101150512695;0.005681314039975405;0.940587791800499;0.0016376378946006298;0.0197265625
2119;4.249324354014057;1.0;0.5470775132892631;1.0778057486961392;0.04401586670665309;-0.009625712665729225;0.005066133127547801;0.9764869600534439;0.0015979356598109008;0.01640625
2120;4.212993797097179;1.0;0.5977538535922573;1.140406192618944;0.04375247340722616;-0.012059258623048663;0.0053192786639556285;0.9440879374742508;0.0020847211591899393;0.0236328125
2121;3.9345443372599567;1.0;0.6319302016784312;1.3197112588431938;0.04897142286911872;-0.0018629525788128377;0.004636016918811947;0.9907837837934494;0.0014854145818389952;0.0138671875
2122;4.098698181224291;1.0;0.6629267894440671;1.4168378787831513;0.08470246284298193;-0.005325195658951998;0.02355880308896303;0.9682191848754883;0.0007756270351819694;0.00546875
2123;3.8871082893280344;1.0;0.5988630527866733;1.2509453822695842;0.05123101802390413;-0.009705526009202003;0.02276640376076102;1.0246526181697846;0.0012297967215999961;0.012890625
2124;4.373093302097165;1.0;0.66659608654642;1.4302891218071105;0.024008268876602266;-0.002522389404475689;0.02479737838730216;1.1275890111923217;0.00097242925548926;0.0060546875
2125;4.165665857759494;1.0;0.5597949146097833;1.044634473566086;0.03547579196661747;-0.00844610114581883;0.019801613036543132;1.0752070069313049;0.0011525837355293334;0.0103515625
2126;4.426699795850076;1.0;0.6107197029012204;1.1803433087935569;0.02648842634801132;0.0022613075096160175;0.018320248648524284;1.048047524690628;0.0015536171034909786;0.0150390625
2127;3.557614061860105;1.0;0.22892992671698142;0.45256113349622085;0.012209894340800094;-0.008170578675344587;0.009223612514324487;1.0543485939502717;0.002141395315993577;0.02578125
2128;4.060211536210522;1.0;0.7002751093100371;1.4667575107701258;0.05058189772212271;-0.0010838252725079655;0.023731997003778815;1.0884270548820496;0.001161567005328834;0.0076171875
2129;4.531397901340359;1.0;0.6962980846477593;1.386781336166955;0.014167923518612228;-0.009338527754880487;0.01950915795750916;1.084452760219574;0.000994611333590001;0.0095703125
2130;4.341423005298515;1.0;0.6630625769367186;1.4185205268552963;0.05008149961071812;-0.0011647684499621392;0.01885819542221725;1.102903389930725;0.000869293138384819;0.005859375
2131;4.336650669656979;1.0;0.524875844988891;1.022851796478238;0.00787118925340212;-0.007936147646978498;0.0194311311468482;1.0414942979812623;0.0018889768281951547;0.02109375
2132;4.154760978089992;1.0;0.6003642709808585;1.0841449207832894;0.03943807818036323;;;;;
2133;4.2911704674393585;1.0;0.5346657932724302;0.9725169943955864;0.026708826362008876;;;;;
2134;4.217962303223203;1.0;0.5814774415624376;1.0417548043184783;0.05117418050104978;;;;;
2135;4.130496335441262;1.0;0.4587519925464786;0.7998017427983546;0.052166434787788804;;;;;
2136;4.029615130166153;1.0;0.4985260887211315;1.006951270225228;0.03702727662053009;;;;;
2137;3.8038438428158394;1.0;0.6142893516008537;1.2321102064657052;0.07796343677120227;;;;;
2138;3.554779728360008;1.0;0.43077693238908177;0.6924156609867992;0.05845123058120722;;;;;
2139;4.351135465696085;1.0;0.5997036040436313;0.9962202005044289;0.021581852329291558;;;;;
2140;4.363916935947539;1.0;0.46520251628171605;0.8627739351793358;0.016426971977848603;;;;;
2141;4.195800317260939;1.0;0.6017130655694616;1.2620853665801781;0.044602288813503414;;;;;
2142;4.53499808482662;1.0;0.7907495933481502;1.7070219192366398;0.02224182280307883;;;;;
2143;3.1291233950140236;1.0;0.4390020295731164;0.6890659091633552;0.09499630925352257;;;;;
2144;3.671160773414875;1.0;0.5850110050656206;1.135443945538346;0.07926531327010625;;;;;
2145;4.303628686216655;1.0;0.46254649861417274;0.8274734578294857;0.023807234326327063;;;;;
2146;4.399859359120285;1.0;0.598346449074485;1.087817162705756;0.016627019939101238;;;;;
2147;4.233898222398685;1.0;0.5660102085494723;1.0479967716586305;0.0566863687372116;;;;;
2148;4.37140903398167;1.0;0.5792252053827674;1.1312453068366244;0.03418958841547026;;;;;
2149;4.4012157934084986;1.0;0.5218598147542135;0.7981595289197154;0.006513843426824643;;;;;
2150;4.425045323859843;1.0;0.529325404835286;0.9935196609966732;0.01524985899961706;;;;;
2151;4.231882079245253;1.0;0.5649812126979398;1.1011033901031633;0.0371318728910637;;;;;
2152;3.893697084966107;1.0;0.45513258648146293;0.7313023972734842;0.039583978676787875;;;;;
2153;4.512725668522892;1.0;0.6594169783488847;1.2574347323508184;0.007408612935024439;;;;;
2154;4.043478494573946;1.0;0.5923685847249488;1.0644501512665325;0.03200459545540197;;;;;
2155;4.430482150544605;1.0;0.6845156135839375;1.4911569215173515;0.034064446623795264;;;;;
2156;4.5048752004688275;1.0;0.7401465282030875;1.629128365042208;0.021781914796648483;;;;;
2157;4.408144076715748;1.0;0.6987364915199776;1.4665638103069498;0.036175145845400665;;;;;
2158;3.7284544485645488;1.0;0.39614344561631604;0.6418003363274636;0.0321458898103577;;;;;
2159;4.0759862130327225;1.0;0.4470060910196327;0.8047936989680113;0.02253436979834589;;;;;
2160;4.367815295954902;1.0;0.5859131054338801;1.2172880699432522;0.03722658056199874;;;;;
2161;3.826961895541115;1.0;0.6239005661549633;1.2468024968220444;0.0680067177713388;;;;;
2162;2.42461833176827;1.0;0.13551977364921;0.24954663777187075;0.023112738340448757;;;;;
2163;4.312346177961034;1.0;0.6051243846885125;1.2347565396168183;0.029802034190470436;;;;;
2164;4.439398858633783;1.0;0.7246050508756517;1.5371643935868629;0.03315071680710514;;;;;
2165;4.00760828778335;1.0;0.49185454283910074;0.7862656707833523;0.07694750284235909;;;;;
2166;4.201546749425518;1.0;0.6613292179270576;1.3630365931031043;0.04675741504255829;;;;;
2167;4.366790422923314;1.0;0.4981572311549154;0.8545263863690976;0.030042322234884226;;;;;
2168;4.328762681564139;1.0;0.4760850894033862;0.8618687445184854;0.03013354502291663;;;;;
2169;4.064619110013552;1.0;0.5420572527914472;1.0147077161338633;0.042653604928055595;;;;;
2170;4.028280259059979;1.0;0.5793808459501335;1.1181921110577924;0.0667999226946766;;;;;
2171;4.3551337361786056;1.0;0.697187096586836;1.517271744793317;0.032596107866148076;;;;;
2172;4.412279100706647;1.0;0.581145324058321;1.1331231051788053;0.029267448154852316;;;;;
2173;4.342872017427762;1.0;0.6876346884522833;1.4553577746264832;0.019274509150877795;;;;;
2174;3.9853548665962935;1.0;0.5739311556894984;1.1698657240878914;0.025848856487549997;;;;;
2175;4.411105402703736;1.0;0.46839953589669275;0.9347113160365964;0.004614510892182472;;;;;
2176;4.154509830253751;1.0;0.5787791063851576;1.197222318996701;0.06257582312552311;;;;;
2177;4.04204499877557;1.0;0.6188953850792701;1.271212367736816;0.06372716070000296;;;;;
2178;4.404553194793066;1.0;0.4998574315732546;0.9202138931100551;0.018873289314589727;;;;;
2179;4.064538584417774;1.0;0.6274487848401815;1.2424321328818526;0.03484214886365192;;;;;
2180;3.97637747864123;1.0;0.6197802988886253;1.2185047956156303;0.04481197823116085;;;;;
2181;3.495795367632607;1.0;0.45482063360188774;0.8015563897904777;0.038042655878057365;;;;;
2182;4.488953037577863;1.0;0.5771247751914728;1.2302775631678038;0.008003237710611911;;;;;
2183;4.118066781063728;1.0;0.5961842426949822;1.155121542187919;0.0338717958733957;;;;;
2184;3.8891076240021105;1.0;0.5349829294182892;0.9137061091853661;0.03986285246084114;;;;;
2185;4.299330946266609;1.0;0.6090202351769319;1.216224738526814;0.03110372389953533;;;;;
2186;4.434300444325286;1.0;0.642374735766115;1.259354782358909;0.02427277062726774;;;;;
2187;4.122273971508269;1.0;0.5201384230688176;0.9886353736930892;0.02396292244145711;;;;;
2188;4.39099043927469;1.0;0.6502638813633627;1.4061716968627669;0.02626388693139451;;;;;
2189;4.0620337080285;1.0;0.5964291551721275;1.1367081736350109;0.04852719259116661;;;;;
2190;4.5468382417826785;1.0;0.7107421515895757;1.4860770850019018;0.011317619856555735;;;;;
2191;3.930653313789099;1.0;0.49248119591013745;1.0089483096970464;0.01943705053811309;;;;;
2192;4.4313268666768995;1.0;0.48828806232839833;0.9689098358922538;0.011092931538804744;;;;;
2193;3.707737528660643;1.0;0.6535834328415399;1.3042622852841776;0.020554537866403013;;;;;
2194;4.29945038774023;1.0;0.5980395353263523;1.2329232940578057;0.04173971743497228;;;;;
2195;4.327890828375125;1.0;0.36169643446934513;0.7150929483394716;0.01931210350803108;;;;;
2196;4.234248085505475;1.0;0.5038800257961503;0.9938709929128647;0.028845862246328;;;;;
2197;4.233734493455409;1.0;0.4219293781950246;0.7616890633282999;0.037257769326767165;;;;;
2198;3.0473689067321277;1.0;0.10990491913742424;0.21714115701529038;0.0026560614772814534;;;;;
2199;4.47605616571141;1.0;0.601894416572091;1.265491828581216;0.02371282835903365;;;;;
2200;4.221165840945874;1.0;0.5199350451970358;1.0228675493069939;0.029348821020070748;;;;;
2201;4.348838408632285;1.0;0.6762858470543166;1.48727042918688;0.047734301523732404;;;;;
2202;4.399053445180572;1.0;0.642181030021832;1.4122958130964531;0.03953216744676383;;;;;
2203;4.358480468279018;1.0;0.6232676834311973;1.2538418987782056;0.033441371365720264;;;;;
2204;0.17077374176366833;1.0;0.32683249872559494;0.6415328284178917;0.04234856467626294;;;;;
2205;4.261000268373353;1.0;0.49796315112086487;0.9716936403973437;0.037067597116314875;;;;;
2206;4.42749596777761;1.0;0.5323329192886327;1.0134980239426787;0.021335320698111268;;;;;
2207;3.796421200512987;1.0;0.4107573853111661;0.7012761531774007;0.04343080996398805;;;;;
2208;4.245784146905879;1.0;0.5962960242495152;1.0486143363315128;0.038632067526923414;;;;;
2209;4.509474614733077;1.0;0.7489733597393207;1.6567519966901745;0.02226253413421828;;;;;
2210;2.4323321326700063;1.0;0.31068122097393436;0.4370312043150284;0.07195851022217337;;;;;
2211;4.576014172294947;1.0;0.7358222021132602;1.6087614514261208;0.017817789106154596;;;;;
2212;4.3477896093225485;1.0;0.6041023661591224;1.1763487775612742;0.035671909194897856;;;;;
2213;4.423406572551317;1.0;0.47488089179094445;0.9121825410018422;0.011326346617382726;;;;;
2214;4.287845947090865;1.0;0.5283154901986343;1.0589694444234041;0.03599743987722607;;;;;
2215;4.426890552394779;1.0;0.5553114212445491;1.0786981982703958;0.019225541379517336;;;;;
2216;4.15237313791357;1.0;0.362281467407467;0.6339292669424573;0.028870318806415995;;;;;
2217;4.357801678074967;1.0;0.4921120666621935;0.8295982025571801;0.017196724495717346;;;;;
2218;4.517339458454578;1.0;0.709028094454;1.4274204186444444;0.02751556098268136;;;;;
2219;4.181993371319911;1.0;0.5586255818433601;1.145972542617506;0.04471559483045956;;;;;
2220;2.715742820171853;1.0;0.37043170140966736;0.5278406123985012;0.06446705677937695;;;;;
2221;4.267107855588897;1.0;0.6735093919929545;1.456130639080105;0.051781860082550014;;;;;
2222;4.288007016517768;1.0;0.6413517197191353;1.3251748394581022;0.041906432899346244;;;;;
2223;3.859651314222458;1.0;0.5732662237440913;0.9711485466699191;0.05625054547822568;;;;;
2224;4.254187728573084;1.0;0.5432152937047544;1.0817484674593234;0.03311571305143843;;;;;
2225;3.9580519116157147;1.0;0.7021363455035279;1.5139215056343063;0.08680140151624681;;;;;
2226;4.139092651821197;1.0;0.6475973186332701;1.303054818962928;0.053039340769555;;;;;
2227;3.121524190798001;1.0;0.17950462206565193;0.35166549344962045;0.03355205947516045;;;;;
2228;3.7706513293271975;1.0;0.5022415973911047;0.8689692881769738;0.07593133338106771;;;;;
2229;4.382022159283185;1.0;0.5056934854158832;0.9804318096088276;0.01736883865328125;;;;;
2230;3.9941339001391016;1.0;0.5685669863210855;1.0799228394192903;0.04497593046268233;;;;;
2231;2.561506186204226;1.0;0.6563281271773043;1.1936996075577697;0.04052085989588554;;;;;
2232;4.064418594939735;1.0;0.6508172855620968;1.364066450796911;0.049681701354628516;;;;;
2233;4.473956933164969;1.0;0.7302633119567621;1.4121303631911082;0.02749639499974241;;;;;
2234;4.091339439477048;1.0;0.6275361354020232;1.3071167796965124;0.047870757056029806;;;;;
2235;4.020634990810521;1.0;0.5912023314307742;1.1914645117112503;0.055004890252674424;;;;;
2236;1.0824560446007305;1.0;0.18599240460276745;0.3396953400162716;0.04365327256049147;;;;;
2237;3.616574000104872;1.0;0.5650939541318024;1.1093887859218605;0.07815293583651606;;;;;
2238;4.339947146525603;1.0;0.6375666068364355;1.2798771464098775;0.023725475575814566;;;;;
2239;4.045361852150219;1.0;0.3742123274370847;0.7004050145409717;0.031120713814546817;;;;;
2240;4.273058826418644;1.0;0.6343818833551329;1.3147639806753049;0.03978884273145119;;;;;
2241;4.471596503921951;1.0;0.7232570473720734;1.515217648356888;0.03396819851082365;;;;;
2242;3.982875274850235;1.0;0.5352428835709647;1.0356259529571588;0.04897646687680573;;;;;
2243;4.426985541031137;1.0;0.589478560621719;1.0076293979202118;0.014223214320066499;;;;;
2244;4.496645193441376;1.0;0.6281709311174478;1.2189018703793448;0.018057073976911548;;;;;
2245;4.373962323205189;1.0;0.6795117315546546;1.3596084358986802;0.0555490234993417;;;;;
2246;4.068328459698382;1.0;0.5415644821282958;0.9703704027055036;0.05092819837293844;;;;;
2247;4.169267406694811;1.0;0.6588008650553397;1.2336598579747509;0.05206547921115974;;;;;
2248;4.248333401656046;1.0;0.6388920332105513;1.2925953373624728;0.03932628978720892;;;;;
2249;4.189712764097366;1.0;0.635933114044806;1.2062732122792168;0.04465629637437341;;;;;
2250;4.475967993530302;1.0;0.7024704296900341;1.554343349519633;0.019023951671889378;;;;;
2251;4.302814054215254;1.0;0.622902533445913;1.2732884571184357;0.0449187637756896;;;;;
2252;4.262006938816399;1.0;0.6166653877850269;1.1859573508389432;0.031918082715649825;;;;;
2253;3.535835541102333;1.0;0.3820967209366666;0.755763392065797;0.049190617823125594;;;;;
2254;4.185675369398025;1.0;0.5652378080819351;1.1013205093361793;0.038127341725594024;;;;;
2255;4.024413165001752;1.0;0.5168366388823507;0.8627590389721269;0.03552283939212448;;;;;
2256;4.2832638945053185;1.0;0.49631859065685885;0.8727155892247994;0.02306074146029233;;;;;
2257;4.450868979413885;1.0;0.6994980512152562;1.4341579864543559;0.02748907641421033;;;;;
2258;4.416510838828972;1.0;0.5722015218504034;1.1385747181223016;0.02173341036882729;;;;;
2259;4.524960952298471;1.0;0.6558981114574002;1.4548012399184727;0.01264638049076871;;;;;
2260;4.244613227115242;1.0;0.6563530616593752;1.3147914059223151;0.04562321684066372;;;;;
2261;4.4149627980695145;1.0;0.5076754331320072;0.9672180479371557;0.01973930155238996;;;;;
2262;4.450144269249515;1.0;0.6995599231418408;1.2990949943262062;0.036717141986974185;;;;;
2263;4.265681567543135;1.0;0.6608107998120777;1.341993530411237;0.02836200250487484;;;;;
2264;4.51225038305205;1.0;0.7428911147453617;1.5725908819310326;0.024567111979150326;;;;;
2265;4.293741208078501;1.0;0.6522461721034193;1.3737757821657204;0.048786484706852005;;;;;
2266;4.557741135273057;1.0;0.7728602622404779;1.6838489371867764;0.02408625858153995;;;;;
2267;4.2981092612185385;1.0;0.5496400334200381;1.0028614515958945;0.015585743770432673;;;;;
2268;4.314367892873377;1.0;0.7035808886334307;1.4380379114833735;0.027126311389730855;;;;;
2269;3.978648776644606;1.0;0.6107304843549967;1.1932083231622113;0.061022412881574874;;;;;
2270;4.418965511253891;1.0;0.7054393667168027;1.5424069581899957;0.03013289206790159;;;;;
2271;4.48459649200923;1.0;0.6225825319562204;1.277650720038634;0.014784696882239153;;;;;
2272;3.9334752030730784;1.0;0.2793722838275917;0.4354789157371304;0.01451864340612266;;;;;
2273;4.057951591946522;1.0;0.6336485162381388;1.2599550762137226;0.053805437828263546;;;;;
2274;3.2913785586109237;1.0;0.34899061805921394;0.4893719702288539;0.017725708834126143;;;;;
2275;4.402187012048396;1.0;0.42455606015246267;0.8061622499769409;0.007858879419017287;;;;;
2276;4.487775968366739;1.0;0.579051758884925;1.255480734844516;0.011057727969364028;;;;;
2277;4.101204538271062;1.0;0.6284706099264536;1.1960437154166679;0.043057137243331725;;;;;
2278;4.125479892438649;1.0;0.6030073968259589;1.18633434919136;0.037795927184929044;;;;;
2279;3.785825279993592;1.0;0.581937095405028;1.0909796095579274;0.053277126349941535;;;;;
2280;4.215851243723169;1.0;0.39061157147645814;0.7417757116230167;0.019309478705841956;;;;;
2281;4.239951761650972;1.0;0.6136894891072237;1.225229570212896;0.06038065295012363;;;;;
2282;4.033218603864228;1.0;0.6326973338750669;1.2859364291643478;0.05009861919799364;;;;;
2283;3.425792359116306;1.0;0.4085084269519079;0.6490270621122608;0.03754827176027859;;;;;
2284;4.346191458920551;1.0;0.7096621292337093;1.497206219502156;0.0152407957409505;;;;;
2285;3.596465756809828;1.0;0.6295469270448294;1.302135002202267;0.053911245245560326;;;;;
2286;4.09883012140232;1.0;0.534674831738067;0.9637974512666249;0.030587513077663393;;;;;
2287;3.2934195111947173;1.0;0.4021717281414937;0.5758247559097008;0.029297523899665785;;;;;
2288;4.4310743703225555;1.0;0.7332949231308031;1.5243144657567416;0.029600095025202507;;;;;
2289;4.261944624913108;1.0;0.6329744225984238;1.347312790336751;0.02766125107194905;;;;;
2290;4.403213624472519;1.0;0.5091312460163594;1.0099137317495201;0.021237958601954238;;;;;
2291;4.0035999065799155;1.0;0.3231980786942783;0.6613072263703459;0.026168409008590136;;;;;
2292;4.247148279779117;1.0;0.47653895944464897;0.8851821468546436;0.015132987181951729;;;;;
2293;4.042763735877441;1.0;0.5786325846071555;1.1384654397740528;0.04240503649697058;;;;;
2294;4.31293408265063;1.0;0.4771635590214136;0.9171806134076869;0.03046598512692283;;;;;
2295;3.8666798378515974;1.0;0.5944961892189868;1.1706625788353635;0.055636260496535694;;;;;
2296;3.9379738586429704;1.0;0.5827745099359399;1.0946045298706035;0.030112354907396464;;;;;
2297;4.5033957969516365;1.0;0.7596011118396984;1.633656067997617;0.030068062003767826;;;;;
2298;4.13312546803032;1.0;0.5454875645994819;0.9957614071797057;0.03282392365434217;;;;;
2299;2.1539354631825636;1.0;0.3044522470394534;0.5763190594431045;0.037710330939004284;;;;;
2300;4.071992210736582;1.0;0.5885503127958212;1.1727101353153346;0.04047695931102522;;;;;
2301;3.606599520633015;1.0;0.6165639983971529;1.25812459488128;0.0179730107402877;;;;;
2302;3.3251333702187313;1.0;0.584743107969602;1.1098498545146918;0.03785850019914807;;;;;
2303;4.181640872725606;1.0;0.3535138727259516;0.6479691465545097;0.010803424001634952;;;;;
2304;3.229059125012703;1.0;0.6161211877397516;1.2225159682259814;0.08650309870521351;;;;;
2305;4.4486057458805615;1.0;0.5267564723940119;1.0942988632905575;0.016598260407575706;;;;;
2306;4.36548905801714;1.0;0.5124787181425249;0.9010728241073274;0.019664362682754205;;;;;
2307;4.32280033890644;1.0;0.6013158849506185;1.1806867939533114;0.025446933233403732;;;;;
2308;4.264449589901647;1.0;0.456365697589516;0.8788524615962505;0.025581800443759344;;;;;
2309;4.337616543748702;1.0;0.5858141497054143;1.1419147070632696;0.02850268899413988;;;;;
2310;4.2731304476273975;1.0;0.6200924400478768;1.2991477858570464;0.03343787702602393;;;;;
2311;4.268181090149744;1.0;0.4496712848259148;0.9194367813765916;0.019100508116122693;;;;;
2312;4.488830172096903;1.0;0.6679801279027083;1.3457649336495414;0.014286888095711436;;;;;
2313;4.1518394747133565;1.0;0.3686430832141408;0.6819270962304764;0.016859755565221596;;;;;
2314;4.183385197904988;1.0;0.5366287505416746;0.8642485204910133;0.019324999895189317;;;;;
2315;4.104760331256107;1.0;0.5168712052426253;0.9779121567987024;0.050448664253941906;;;;;
2316;3.875865237697731;1.0;0.6202259800588038;1.2456007095579658;0.06409572717280981;;;;;
2317;3.06116978115803;1.0;0.6660204506853884;1.269993154341592;0.0288123648281194;;;;;
2318;4.00782490321866;1.0;0.5832725189174874;1.2044592538002863;0.04944113471131103;;;;;
2319;4.324128438527453;1.0;0.5519551751119262;1.0883833062517754;0.020777580751682068;;;;;
2320;4.461356321887584;1.0;0.6965036188034105;1.491220144143449;0.017172808438129784;;;;;
2321;2.5194406707092685;1.0;0.32673555578663604;0.5030269652534083;0.041003527095949156;;;;;
2322;4.167146640154034;1.0;0.4640194821350185;0.8831363902031686;0.006777448854546994;;;;;
2323;4.439139552866534;1.0;0.5933216197473106;1.1658027611033348;0.01819383114713677;;;;;
2324;3.7970243217146855;1.0;0.5852851332516391;1.128437695520416;0.022101091603858387;;;;;
2325;4.337108017238393;1.0;0.5708455157122898;1.091241819848197;0.02344153755698391;;;;;
2326;4.357515150223303;1.0;0.5423460613846842;1.0980900303272387;0.03397819064820653;;;;;
2327;4.156790011486437;1.0;0.5393696126678744;1.0072569476777204;0.03901248869859809;;;;;
2328;4.098775887012362;1.0;0.592380629885977;1.2442650200122298;0.04155237745101261;;;;;
2329;4.570179581631171;1.0;0.6561905841684906;1.4376134884762157;0.004881885538172609;;;;;
2330;3.8196764652654234;1.0;0.46973883667171906;0.8149322090473107;0.005226742557442342;;;;;
2331;3.0201383788310308;1.0;0.11435337761147675;0.21268415237475352;0.000859011100413136;;;;;
2332;4.405823538188482;1.0;0.5889382552800634;1.146538099575735;0.021597674235291055;;;;;
2333;4.2968538013506965;1.0;0.7165313328944103;1.5281150161465957;0.05277955891073046;;;;;
2334;4.346735679072427;1.0;0.7485870207480192;1.570609142605368;0.0412150822882159;;;;;
2335;4.333170093481386;1.0;0.47471195729997345;0.8089108161484324;0.02088329758428495;;;;;
2336;4.481323630622933;1.0;0.6594144787425369;1.3009012984647688;0.02956156019352399;;;;;
2337;4.277759831664721;1.0;0.5268828054381177;1.0081560197047426;0.023944426199822393;;;;;
2338;4.4430029370506245;1.0;0.6657385503976823;1.403119830637573;0.036586136185604134;;;;;
2339;4.492308318354901;1.0;0.7407333925138039;1.5677089554476265;0.028927018455882265;;;;;
2340;4.334970278217133;1.0;0.5164140921815563;0.9602026301561515;0.030048782277208332;;;;;
2341;4.347061767597174;1.0;0.6959414029033831;1.510119053808028;0.03896865915918489;;;;;
2342;4.439530018211313;1.0;0.6637572367314836;1.3720210099365864;0.032083773742382506;;;;;
2343;4.359179145305112;1.0;0.5702718555294558;1.073385694758426;0.031566797112543565;;;;;
2344;4.192940753611852;1.0;0.6983029337203355;1.4536842418654778;0.05342592756437297;;;;;
2345;4.286921719743593;1.0;0.6170624328671817;1.1755062101313267;0.02766573299561336;;;;;
2346;4.407030332585828;1.0;0.6985069738641395;1.4992009657625203;0.03255735289731843;;;;;
2347;3.7784342069412604;1.0;0.4567117335850157;0.7573402813502124;0.04275663644216741;;;;;
2348;4.29959017815681;1.0;0.5270438448476202;1.017074757265438;0.019732810664113382;;;;;
2349;4.440461680210751;1.0;0.5732879135837405;1.176710166935979;0.03120731394303008;;;;;
2350;4.407732662344266;1.0;0.6218494847717353;1.352007591713235;0.02702075713966981;;;;;
2351;3.799931238106634;1.0;0.45036264602313136;0.7331874999250207;0.02160148857292863;;;;;
2352;4.551786714118229;1.0;0.6915129899384287;1.397176975771099;0.007175600057993993;;;;;
2353;4.078888161016424;1.0;0.45085139770469645;0.8042780005674302;0.02403610723447484;;;;;
2354;4.218465719417857;1.0;0.5374294095494008;0.9936515419796488;0.046176066243289265;;;;;
2355;4.335023072958652;1.0;0.5677468560338004;1.10542621568151;0.028415581853730346;;;;;
2356;4.094408524789589;1.0;0.6467045489371389;1.3282756366154518;0.04028466558633552;;;;;
2357;4.26332082480511;1.0;0.6077999483331704;1.2306436229849262;0.0409440668587118;;;;;
2358;4.495965217507429;1.0;0.7684163338574812;1.6305140817635355;0.025763147738252033;;;;;
2359;4.477567206620472;1.0;0.6326573902332951;1.1244451282735541;0.016554481386444834;;;;;
2360;3.848661288883549;1.0;0.5864346147580513;1.1814115945121364;0.07714522087879445;;;;;
2361;4.430646547559251;1.0;0.6606346058762098;1.367465551396553;0.02487815553003564;;;;;
2362;4.368156720887433;1.0;0.4964076743687414;0.9917845188759342;0.010337582147639506;;;;;
2363;4.324098265095031;1.0;0.6365708983870823;1.1328787700718115;0.03241632123528711;;;;;
2364;4.407317407941897;1.0;0.646184083053037;1.3686545545651596;0.039654704770271894;;;;;
2365;4.361287760827246;1.0;0.5825135639025616;1.1642148681634543;0.026458598352524204;;;;;
2366;-0.035078375139084184;1.0;0.14267767085100072;0.2655471969656641;0.0640774727930562;;;;;
2367;3.452841864230897;1.0;0.5469148189806875;1.0419175992493324;0.029033106948555442;;;;;
2368;4.42248765356475;1.0;0.7355627835801067;1.593004752215536;0.04040164955747285;;;;;
2369;4.32363147459832;1.0;0.5586796867839879;1.179378995438095;0.016249162929995717;;;;;
2370;4.209388730720825;1.0;0.6350720495712918;1.3276248831641153;0.03614661803787915;;;;;
2371;4.373619039912731;1.0;0.6510530606677274;1.3720617124304437;0.019017811151833326;;;;;
2372;4.084909181464106;1.0;0.6107717153264751;1.303921567878689;0.0470962115672535;;;;;
2373;4.214253590391822;1.0;0.6618892699056472;1.3706512822140886;0.03998491969983089;;;;;
2374;4.2531426306061935;1.0;0.6152375620651922;1.1859534079362435;0.05300007929520666;;;;;
2375;4.352137317516386;1.0;0.7253289882069841;1.5997157562964455;0.02943809984392403;;;;;
2376;4.351060398414751;1.0;0.5414797836709397;1.0266157319249007;0.018088772427763772;;;;;
2377;4.19623872657758;1.0;0.5470178861025616;1.1463689381638604;0.03602683008264965;;;;;
2378;4.194353097533401;1.0;0.6203677934201806;1.2342766950290986;0.041045004356349946;;;;;
2379;4.333894303989762;1.0;0.5173361560691796;1.0115631931894524;0.03417202029114294;;;;;
2380;4.101969603740528;1.0;0.4582850303132025;0.8972002624832425;0.028280852747432535;;;;;
2381;4.558735653053747;1.0;0.690389800362021;1.3797862724079868;0.009204824542147529;;;;;
2382;3.59517582923664;1.0;0.3894155016175805;0.6072105058686154;0.034705099169630674;;;;;
2383;4.275113808731811;1.0;0.5577690596537445;1.1342319220862467;0.029666760307898946;;;;;
2384;4.346287464541627;1.0;0.6468670649457166;1.3625323391308604;0.020793075737023218;;;;;
2385;4.257557221260764;1.0;0.6263649390745873;1.3065011144198158;0.0366470763435443;;;;;
2386;4.286199682492945;1.0;0.5094240435775402;1.0069011711544753;0.03417389704476329;;;;;
2387;4.0936766476254185;1.0;0.6379555803345608;1.342992499772991;0.04756130728730246;;;;;
2388;4.151061751671203;1.0;0.3986880111619884;0.6985681612595717;0.02503145665033843;;;;;
2389;4.419688058210571;1.0;0.5699572995998206;1.0241843288149128;0.024702844804796495;;;;;
2390;4.466460163929046;1.0;0.7263901159650783;1.5577740113508298;0.02134624024083669;;;;;
2391;4.4527032934406785;1.0;0.5394987503636917;1.047854401512184;0.018725302810572185;;;;;
2392;3.9265018193161865;1.0;0.3570548061789491;0.6127850291475059;0.03599099820555153;;;;;
2393;4.264812773850911;1.0;0.5426588872214654;1.129445389534301;0.028161949509183153;;;;;
2394;4.432828058323526;1.0;0.5291107500361115;1.0197088735182511;0.020023517262639057;;;;;
2395;4.431039438993016;1.0;0.688810153451271;1.5086983350378766;0.03171897727859251;;;;;
2396;4.268730068576446;1.0;0.533612827551618;1.0586017481456593;0.035412696456516755;;;;;
2397;4.472126400314588;1.0;0.5544068452237121;1.1598359610732971;0.013844284262363317;;;;;
2398;4.053246382874449;1.0;0.5994163235005173;1.2086865621226646;0.05620692476570477;;;;;
2399;4.404625889307161;1.0;0.5824540423171642;1.0927680451268633;0.014143914099129951;;;;;
2400;4.256481077908251;1.0;0.5617884026783827;1.1081980407607095;0.025547989639159333;;;;;
2401;4.091709849282621;1.0;0.6333074678522165;1.3340625376990567;0.03410807812823326;;;;;
2402;4.0470034977644165;1.0;0.4359707346395861;0.7599930531851775;0.02550054321810225;;;;;
2403;4.540962582948456;1.0;0.609587629014797;1.3493778186623266;0.013012209356705351;;;;;
2404;4.124246819180808;1.0;0.5733333618919636;1.1793910340953355;0.043640875873993054;;;;;
2405;4.219189703699317;1.0;0.3325216672278265;0.678193244665275;0.01374363426849123;;;;;
2406;4.525103013693497;1.0;0.6305595717810493;1.3850069947184376;0.004607978460043193;;;;;
2407;4.278541712432646;1.0;0.5330106887442518;1.0938926108914313;0.030004719180892533;;;;;
2408;4.127104015426612;1.0;0.5490474083192555;1.1182747504305497;0.05439025659488535;;;;;
2409;4.510821852573855;1.0;0.6535314213632107;1.3717738267301387;0.016061518092266046;;;;;
2410;4.4924275106669835;1.0;0.6243642781357798;1.2723859147966115;0.022899754320447274;;;;;
2411;4.394166508576537;1.0;0.6359538706709715;1.370437712405972;0.031747192342685866;;;;;
2412;4.258683130037449;1.0;0.6170601804107164;1.2630881604562392;0.04499708179657752;;;;;
2413;2.0882389191686337;1.0;0.27990547337157573;0.5251964683347707;0.0;;;;;
2414;4.337602593069072;1.0;0.6834701625563679;1.50094832084756;0.02518247062954653;;;;;
2415;4.072192198258043;1.0;0.39779378537941823;0.7188940975147966;0.02510999176417262;;;;;
2416;4.551293744753514;1.0;0.6566371128550108;1.3953994404989278;0.0058589626729229054;;;;;
2417;3.3127942007911977;1.0;0.3347084185124147;0.5067396156268218;0.034212348139426384;;;;;
2418;4.115007376492123;1.0;0.5767640183013926;1.1834418368592656;0.04634863151103396;;;;;
2419;4.525796612095289;1.0;0.766949352143239;1.636504258765636;0.021803138512117366;;;;;
2420;3.6580550152360054;1.0;0.4452782176289171;0.9027399229824251;0.05515252923765068;;;;;
2421;4.327551054418;1.0;0.6529261691220767;1.3901726200746485;0.040783811346270404;;;;;
2422;3.754674268836043;1.0;0.19034540722528714;0.35779952173677526;0.010560309848683985;;;;;
2423;3.115933086059391;1.0;0.13540549624700945;0.26710130943122284;0.01509604903349734;;;;;
2424;3.6106507096615967;1.0;0.2670194281169128;0.5163848645021133;0.02869489591389247;;;;;
2425;4.4065103785775035;1.0;0.6774040598341021;1.496501353639051;0.03826740821658233;;;;;
2426;4.440604187954431;1.0;0.49677275981347785;1.0200573864180738;0.010675414359146004;;;;;
2427;4.377302078025954;1.0;0.6103266769126495;1.235563714407414;0.020472457894090485;;;;;
2428;4.278309535380575;1.0;0.5427328434167284;1.0089655249184117;0.02358551370887391;;;;;
2429;4.3745963395221725;1.0;0.7383246870073198;1.587723703756025;0.046697146372935726;;;;;
2430;4.208233268051969;1.0;0.602857248402835;1.2915429309076352;0.03453722253748796;;;;;
2431;4.264582773083815;1.0;0.43488564396275214;0.8367477092413128;0.024908533716557255;;;;;
2432;4.280373084994143;1.0;0.5934691528274045;1.189877619645603;0.02300897762378413;;;;;
2433;4.248985543270191;1.0;0.6808370794004838;1.472255716735633;0.043444833220703895;;;;;
2434;4.4285281417987825;1.0;0.7303336756303709;1.5724254343609152;0.039196771012245966;;;;;
2435;4.390160589823107;1.0;0.6369210464300834;1.346813988497146;0.024526744887350616;;;;;
2436;4.308850064858628;1.0;0.5510949518703606;0.977025587819794;0.016654600581842594;;;;;
2437;4.433748361798925;1.0;0.6039724359579741;1.2893442874774528;0.03247828105787085;;;;;
2438;4.577451555870132;1.0;0.7672107659416475;1.707838259124439;0.019828972402837968;;;;;
2439;4.549476532843683;1.0;0.7868636983581236;1.7418078695479977;0.018662669928415112;;;;;
2440;4.5133846687636945;1.0;0.6750407781454186;1.2749963725039608;0.01793126087613949;;;;;
2441;4.332190169522832;1.0;0.5862917358366897;1.2170514239644823;0.027382316923870338;;;;;
2442;4.45181236254688;1.0;0.7012544169714809;1.4321916433470456;0.02804155043339491;;;;;
2443;4.2941970955369495;1.0;0.60701600168621;1.2394984043078843;0.03509836293727245;;;;;
2444;4.377360979083838;1.0;0.4834289962103332;0.8472769423264331;0.008146028361439905;;;;;
2445;4.491804774368376;1.0;0.7835638844337361;1.6044878827822506;0.01701685264949554;;;;;
2446;4.17561776361713;1.0;0.6443398776928217;1.3266747275776924;0.04366979022058377;;;;;
2447;4.244909117941065;1.0;0.6476236095080591;1.3838299664024876;0.02764279396495563;;;;;
2448;4.051428358047319;1.0;0.38747359109827256;0.6838933573265888;0.039017571228286654;;;;;
2449;4.167043525384193;1.0;0.4937925006830437;0.9239046127776808;0.027448096086281855;;;;;
2450;4.220366751151014;1.0;0.5070161011842503;0.9670238626767012;0.04497766529854487;;;;;
2451;3.7030426742802085;1.0;0.4897437488421493;0.7861522931184572;0.04397783334560275;;;;;
2452;3.8486911401819386;1.0;0.5784419783782243;1.2068529091229454;0.09021727298901576;;;;;
2453;4.417464397340051;1.0;0.5663880848453268;1.0719162645324989;0.02723371880669978;;;;;
2454;4.431073592998835;1.0;0.4378137577690045;0.9358939812722303;0.011878273596214874;;;;;
2455;4.323235077523162;1.0;0.6888659268649345;1.5217926506873467;0.045617168065558274;;;;;
2456;4.284239397586157;1.0;0.5277543720755686;0.9946829648801241;0.02945460443052468;;;;;
2457;4.459115178203033;1.0;0.7369655254494901;1.6281235768155127;0.04049323546769562;;;;;
2458;4.304147650082019;1.0;0.6318565353009056;1.2898147221412604;0.03251325352349324;;;;;
2459;4.079116693008009;1.0;0.6103715482270828;1.2085262369154883;0.03236742556336919;;;;;
2460;4.4178907150111035;1.0;0.5039696346310363;0.9340920563979775;0.015008432026746425;;;;;
2461;4.372677488093792;1.0;0.5796286759870745;1.2240797260222342;0.04428419754228263;;;;;
2462;4.195333006959222;1.0;0.547963608937768;1.073117429805621;0.03754610155838024;;;;;
2463;4.427639619758265;1.0;0.5379514044826517;1.1367616206309776;0.012508304728902863;;;;;
2464;4.599723217237985;1.0;0.8099085168763384;1.8223290577784308;0.014770985411797315;;;;;
2465;4.292714270776778;1.0;0.5847514791864202;1.2478611533420638;0.03400072167839538;;;;;
2466;4.502876525240984;1.0;0.5926930641532857;1.2623818340364272;0.008435361573073183;;;;;
2467;4.221894541948212;1.0;0.6928019870952301;1.4679149630087593;0.03663355600737082;;;;;
2468;4.548018373195546;1.0;0.7704998030431739;1.6346741027518261;0.017104924588521375;;;;;
2469;4.251610416156703;1.0;0.6810531889046697;1.3436329832253464;0.033443599191800795;;;;;
2470;4.52704697385737;1.0;0.6308003434653232;1.295364890012772;0.015669115996878615;;;;;
2471;3.879276013298912;1.0;0.32894850387374913;0.6351184885001534;0.015126373661485644;;;;;
2472;4.389487518720898;1.0;0.6474124690442165;1.3588107249417072;0.033305487566072906;;;;;
2473;4.030869399337237;1.0;0.6679575427646294;1.4738021024123986;0.06026855944301505;;;;;
2474;4.4899872382288555;1.0;0.7623981620208237;1.608146615058895;0.02579081380452459;;;;;
2475;4.387679208179908;1.0;0.5273720884727396;0.9515414864763728;0.02660964140188614;;;;;
2476;4.498459348450631;1.0;0.7773823720973615;1.6952423032820785;0.020934436543926793;;;;;
2477;4.368269485442323;1.0;0.5187591963269608;1.09296402107834;0.03551544403219274;;;;;
2478;0.3963715416314946;1.0;0.29377979114463204;0.5523854664273874;0.05287630939490822;;;;;
2479;4.236909298044168;1.0;0.43621174254381045;0.7951467867870329;0.013059196511897232;;;;;
2480;4.328208816003997;1.0;0.6409479991091828;1.3269918284475282;0.017162054675853692;;;;;
2481;4.501756732354689;1.0;0.5523431785411574;1.1464107772014631;0.0073593989608155596;;;;;
2482;4.487511424517214;1.0;0.5412845712965634;1.1105091696750953;0.011142147228485388;;;;;
2483;4.187051514141991;1.0;0.5631471150361274;1.1629677143981982;0.04734174764757635;;;;;
2484;3.907692019878695;1.0;0.6053464999817693;1.2534924678285884;0.07258626640241815;;;;;
2485;4.313341186342737;1.0;0.5717609907606659;1.1920946817332183;0.0327558228404001;;;;;
2486;2.583316407089351;1.0;0.6374145251540554;1.2749018298144141;0.045847478516984744;;;;;
2487;4.386092768532221;1.0;0.4993040923706707;0.9439591236585196;0.03337293462118545;;;;;
2488;4.306454564162821;1.0;0.6878867604253228;1.4553572575612244;0.04371941640908437;;;;;
2489;4.48978860289968;1.0;0.6919182640889268;1.3291829368827945;0.016168096051947342;;;;;
2490;4.431086036263148;1.0;0.695316034060302;1.4231189209659325;0.023864712742841104;;;;;
2491;4.150433381563846;1.0;0.6000855732729247;1.22291628778793;0.05359732609730453;;;;;
2492;4.315220026926386;1.0;0.5187639247119742;1.0860239543206116;0.06369082905418788;;;;;
2493;4.287857834242118;1.0;0.5620046028912692;1.102363186201493;0.0262528759035976;;;;;
2494;3.237145967866302;1.0;0.6813794772198433;1.3893499922899626;0.028984546821843947;;;;;
2495;4.427134775786412;1.0;0.498772683765821;0.9576840138275867;0.017221693103199678;;;;;
2496;4.532775217806674;1.0;0.7463162011682565;1.5930048678803241;0.02659044014851266;;;;;
2497;4.394182850225535;1.0;0.47278745554320345;0.8915421250491198;0.019993145235711555;;;;;
2498;4.290619783971634;1.0;0.4859320825474987;0.8840306267507205;0.014550487425685038;;;;;
2499;4.2040279712183555;1.0;0.5685345554335992;1.1828602129406203;0.055137059266525415;;;;;
2500;4.4955751407935995;1.0;0.6656967860186458;1.4212657217008327;0.027243273279690443;;;;;
2501;4.230276888484075;1.0;0.5582647729308691;1.046153843738141;0.06452018639723436;;;;;
2502;4.2791755912308185;1.0;0.6275776935603125;1.2406729926520235;0.036794140179836975;;;;;
2503;4.28733892402533;1.0;0.6579383292076304;1.4349496689611068;0.030043684817983144;;;;;
2504;4.363809572278706;1.0;0.5022521649601942;1.000259242687175;0.010617726083227115;;;;;
2505;3.9759588996556827;1.0;0.4886431100324197;0.8884049773053452;0.03963843377687574;;;;;
2506;4.45849573631078;1.0;0.6429992916871191;1.3623451969338212;0.017463676942723022;;;;;
2507;4.343116685252719;1.0;0.5923307519826178;1.1356811656866204;0.026989185230153735;;;;;
2508;4.226059178334101;1.0;0.4827276199852156;0.9543423923350882;0.03455852300035609;;;;;
2509;3.940478875401192;1.0;0.657245973049985;1.3713212600772986;0.07140963693336808;;;;;
2510;4.295104266189215;1.0;0.6034286844969845;1.2481229069799906;0.0267671349708971;;;;;
2511;4.228694504100751;1.0;0.6387741022559229;1.2828101017132505;0.03595032269165938;;;;;
2512;4.450623514273076;1.0;0.4875161838754202;0.9408798214353693;0.011229520297430838;;;;;
2513;4.5038855413140055;1.0;0.6547135013203533;1.4173568882135978;0.017473095841246403;;;;;
2514;4.348224459856357;1.0;0.5211592701752416;0.9792967299452522;0.012348467679524678;;;;;
2515;4.349803870648005;1.0;0.7462269630337744;1.6323039246954094;0.026364971331754833;;;;;
2516;4.426806443489073;1.0;0.50018127669524;1.0147620177270018;0.029680732100790863;;;;;
2517;4.171150866719029;1.0;0.537195224747733;1.0715080177819634;0.018600518185206798;;;;;
2518;4.4652858494278185;1.0;0.7413314197139014;1.6283049145850572;0.019024329343738603;;;;;
2519;4.425974222880576;1.0;0.6442488673889039;1.2386545089971284;0.014872159490441801;;;;;
2520;3.692533759391822;1.0;0.5836134125312886;1.130212870068692;0.047756438526375254;;;;;
2521;4.592192865725497;1.0;0.8160516557458528;1.7253960826226125;0.008504887392700056;;;;;
2522;4.265604354424411;1.0;0.6900380517320184;1.5074416055033792;0.03966281337973368;;;;;
2523;4.521139934861375;1.0;0.6957388979009149;1.4761857185615768;0.01717088039149078;;;;;
2524;4.444321866047462;1.0;0.6322767890865544;1.1679242370047176;0.020444508651090546;;;;;
2525;3.222996084939275;1.0;0.23759154826892975;0.47076267990213205;0.03431700233600943;;;;;
2526;4.299605976891825;1.0;0.6493780578467013;1.401592845606722;0.027397980750811103;;;;;
2527;4.493985953397906;1.0;0.7384356208641494;1.603328970240605;0.025104372944819823;;;;;
2528;4.30631922346303;1.0;0.5772242952552226;1.1674678859933705;0.02135739054430095;;;;;
2529;4.306590592088794;1.0;0.49577827448234996;0.9925922783086724;0.02813925851787905;;;;;
2530;4.51061200987934;1.0;0.6607485955179556;1.4494822587081981;0.01762232115891053;;;;;
2531;3.031812025335826;1.0;0.16652228617178833;0.3313596805660601;0.022832434557264584;;;;;
2532;4.406726925129683;1.0;0.504859360853986;0.8716070521041442;0.012854973029780054;;;;;
2533;4.428190800671426;1.0;0.7372539412467508;1.571304824295759;0.0365409687493726;;;;;
2534;4.388892813577127;1.0;0.5416170592257478;1.0570304403615636;0.02821581883013073;;;;;
2535;4.2831073523860175;1.0;0.6008141960538464;1.2359475443661478;0.03597027130817031;;;;;
2536;4.2934312893398525;1.0;0.4823306973042638;0.9245635870989509;0.025722257298696864;;;;;
2537;4.431513379821938;1.0;0.6741971883172494;1.4335840025509488;0.01802048405824458;;;;;
2538;4.4788429024220315;1.0;0.799014244582094;1.7200019235171895;0.020127629374946453;;;;;
2539;4.199455280893477;1.0;0.6415542716821009;1.287990857687935;0.042425140588073146;;;;;
2540;4.296092768127659;1.0;0.7446886895812403;1.598387283086858;0.04397244113355991;;;;;
2541;3.288776434779924;1.0;0.3158744992757211;0.6248466440432072;0.023098011699952434;;;;;
2542;4.299503983528039;1.0;0.4054308362469847;0.6836807456050695;0.031814579349969355;;;;;
2543;4.436958694013482;1.0;0.7380582069954027;1.6607765514542256;0.039397320701421115;;;;;
2544;4.175366754017313;1.0;0.5504584593522952;1.1120785005261467;0.0487708280688294;;;;;
2545;4.486320755141041;1.0;0.6467748879962882;1.3608567106510605;0.01878045667310707;;;;;
2546;4.106244087791233;1.0;0.39633589641873324;0.8041031091375394;0.030961241816340156;;;;;
2547;4.283655167231293;1.0;0.6311524523315171;1.3041875425803429;0.0377813692688815;;;;;
2548;4.401813369551062;1.0;0.7006763125479184;1.517158977516597;0.025328319484685738;;;;;
2549;3.278647577471142;1.0;0.1610714071456628;0.3098688213222787;0.030377419378956837;;;;;
2550;3.6587014963651567;1.0;0.546513457327768;1.1160012946851539;0.08848904387468652;;;;;
2551;4.082311920065472;1.0;0.706047945543567;1.441203756387727;0.05314993366960282;;;;;
2552;3.9726622914035836;1.0;0.5934845472190985;1.2304625793669317;0.056790424553852525;;;;;
2553;3.75944848752533;1.0;0.5313762377749702;1.0581531309569883;0.058643528500337;;;;;
2554;4.142841331646966;1.0;0.6767677933162247;1.4388920469434958;0.05625607146051867;;;;;
2555;4.28106611014418;1.0;0.6753467995873293;1.4584052570392223;0.03839231255036414;;;;;
2556;4.5502985730409495;1.0;0.6945198843706009;1.4803041698353414;0.014286500787954199;;;;;
2557;4.1075108107992495;1.0;0.6367717452035121;1.3456234667138858;0.04816353426532011;;;;;
2558;2.13965173538109;1.0;0.14178619670770698;0.2601565086922985;0.015599537833632939;;;;;
2559;4.166427786414019;1.0;0.5802688411505819;1.2033532822153916;0.04596305972702481;;;;;
2560;4.401152921100403;1.0;0.6887644372849816;1.4448848222956303;0.04080871943589873;;;;;
2561;4.304093606612934;1.0;0.5875478860335454;1.146436137021575;0.03815843712875272;;;;;
2562;3.891848122873584;1.0;0.6178583520106705;1.262313504725995;0.041557825181695714;;;;;
2563;4.427877133041212;1.0;0.6599604720473047;1.28943575203408;0.028959853097798506;;;;;
2564;4.581664285911134;1.0;0.8286097493166505;1.8210222963681477;0.010176752768353541;;;;;
2565;4.441051711281717;1.0;0.6226886794987438;1.2579161290481378;0.023295153686293254;;;;;
2566;4.255196961547044;1.0;0.531429346996824;1.0758752200998842;0.02843298557945384;;;;;
2567;4.2449007054174315;1.0;0.6237084056974342;1.3024701801762406;0.04339028824769715;;;;;
2568;4.233926958892735;1.0;0.6174820929031112;1.2793157646731148;0.04279275639371909;;;;;
2569;4.483581173908679;1.0;0.7057289118551101;1.4965000368169843;0.01885604099995478;;;;;
2570;4.325154508999337;1.0;0.6201051052231777;1.2783712506660176;0.044131550303308606;;;;;
2571;3.47107720257552;1.0;0.5294403707286572;1.0487765911652058;0.025724507823052526;;;;;
2572;4.293835921949349;1.0;0.6699090012233208;1.451306740217492;0.04035472931628809;;;;;
2573;4.5269466723884;1.0;0.6733882620847621;1.3930862580100734;0.011736264599658602;;;;;
2574;3.985666283422105;1.0;0.5945750928453104;1.2094119073897396;0.05178102316444775;;;;;
2575;4.56452078974368;1.0;0.7750199938783184;1.6602472612950294;0.016259479531085964;;;;;
2576;4.02915083417336;1.0;0.6625037870604246;1.4208673041575;0.06828840587125191;;;;;
2577;4.23123616362233;1.0;0.7085840434258415;1.4946757270395936;0.04188741032271644;;;;;
2578;4.505614963003136;1.0;0.6277565558015008;1.2929763347904406;0.009749384792455363;;;;;
2579;3.4964752724724057;1.0;0.4670367644248858;0.9601330791357623;0.043608261401905796;;;;;
2580;4.484713247265288;1.0;0.6430758554165361;1.3332116813081691;0.01709389608494999;;;;;
2581;4.446746703826068;1.0;0.5485962141693983;1.0759354856399646;0.010819612463514327;;;;;
2582;4.242102894035097;1.0;0.5948613778998281;1.1174168761590266;0.039784994822545876;;;;;
2583;4.185765511966392;1.0;0.6456441166355222;1.324620757545359;0.04193760289736567;;;;;
2584;4.322965615493802;1.0;0.4713630564000487;0.9076627711458147;0.02251544578802945;;;;;
2585;4.556482898647821;1.0;0.7188101638457524;1.5872281069677274;0.01568653567889786;;;;;
2586;3.444001078385397;1.0;0.5017871871771545;0.9707007105429393;0.03643282938415849;;;;;
2587;4.222879437614374;1.0;0.6269197332812463;1.3292722036301627;0.038245833214086304;;;;;
2588;3.470656720531912;1.0;0.4562496313364734;0.9032691053694646;0.03959526607853116;;;;;
2589;4.520764008827722;1.0;0.7389424495441141;1.6374865602414903;0.024174825148480697;;;;;
2590;4.287342506372614;1.0;0.469641421664054;0.8356611964475721;0.03186527053206634;;;;;
2591;4.390004770729497;1.0;0.6242065356675226;1.3010471408356015;0.03249560580381658;;;;;
2592;4.335571185869847;1.0;0.7545790544619804;1.6617597746497554;0.0352406405472809;;;;;
2593;4.401034349181378;1.0;0.4823581864816679;0.9671686550981214;0.01829898727711099;;;;;
2594;4.199105682682173;1.0;0.5868640423858964;1.20560253998675;0.035873282526039406;;;;;
2595;4.481384855919723;1.0;0.7357856200802253;1.6291261631615748;0.021747936318749862;;;;;
2596;4.484719801339374;1.0;0.7668626047123045;1.6721588527026643;0.01809101255265835;;;;;
2597;4.384724961643812;1.0;0.6525405401069881;1.236263246195678;0.018346463638642806;;;;;
2598;4.409176905673661;1.0;0.5574154036636636;1.1078701378251312;0.020596732034170933;;;;;
2599;4.499163107950285;1.0;0.5487577099047134;1.1340079633277522;0.007134356884529037;;;;;
2600;4.439298959508591;1.0;0.5823156705362822;1.1166366563409333;0.011870018251907343;;;;;
2601;4.520945817137698;1.0;0.7111520738711028;1.5575917216318786;0.017989644552964406;;;;;
2602;4.234814019844464;1.0;0.5513279006568679;1.0424058744010194;0.027593513463861435;;;;;
2603;4.0305597782695015;1.0;0.6222422598515915;1.209176731814869;0.05772136984459696;;;;;
2604;4.06044805942294;1.0;0.6337838983068105;1.3836187221264236;0.05792416436491789;;;;;
2605;3.109173004794217;1.0;0.6059407774793522;1.2608973155861136;0.031049730835108782;;;;;
2606;4.212986117326735;1.0;0.6030049648987684;1.2691163287851848;0.03961018659036827;;;;;
2607;4.48411396788684;1.0;0.6544597406198228;1.3640005755199383;0.021614130457898093;;;;;
2608;4.492816098727872;1.0;0.5948483683782796;1.176005031007045;0.012080015869145904;;;;;
2609;4.325594802126934;1.0;0.7486483789467882;1.6385898616392909;0.024155758595403178;;;;;
2610;4.346105071432534;1.0;0.6249994652590134;1.2601910741746951;0.02048136559600804;;;;;
2611;4.426972036147863;1.0;0.6660277452815415;1.3487298053673162;0.015241067937774888;;;;;
2612;3.658560298145633;1.0;0.4111814845765857;0.8407198838675416;0.05418480145761404;;;;;
2613;4.477199950996907;1.0;0.7571526966519578;1.6551142330842767;0.025267547995755212;;;;;
2614;4.472470111631132;1.0;0.6437849219394473;1.3923378699600124;0.015494453760842837;;;;;
2615;4.06562008121802;1.0;0.7159491506576903;1.5641707843079906;0.03888362277362471;;;;;
2616;4.348121291412376;1.0;0.6864763846083854;1.4685253754234615;0.030089980187235504;;;;;
2617;4.262730953083439;1.0;0.663998157362705;1.4146682065377196;0.030378825742176433;;;;;
2618;4.465340309035307;1.0;0.6794557160068677;1.4663313250783916;0.015357247313921584;;;;;
2619;4.510367368549095;1.0;0.7569419357232321;1.6553204393616456;0.014536652427132004;;;;;
2620;3.968078107684165;1.0;0.6194126443008988;1.2316159937932163;0.049774850315566055;;;;;
2621;4.509014431494597;1.0;0.607236410711535;1.2891080195911784;0.012763225748030143;;;;;
2622;4.362172071280268;1.0;0.5939254780474154;1.1496069789658774;0.02027207573020956;;;;;
2623;4.596357905142353;1.0;0.8385119257266754;1.8692212199903355;0.0075267931900308595;;;;;
2624;4.541318609381891;1.0;0.6788228391685547;1.412669923702906;0.011716218214124429;;;;;
2625;3.494807174561205;1.0;0.19452707701261093;0.3892527097736262;0.038493669226088024;;;;;
2626;4.364604393185175;1.0;0.5974936243303146;1.2200428117658295;0.023013598984923812;;;;;
2627;4.491209169134026;1.0;0.7135207884685238;1.5327764237930084;0.020324238160064838;;;;;
2628;4.208272690277957;1.0;0.45394055396080835;0.9142315282883295;0.025070101953376882;;;;;
2629;4.328620120922182;1.0;0.7340893514190833;1.6511477282326206;0.031735061689624734;;;;;
2630;4.57065245345453;1.0;0.7797204088419369;1.74926421723233;0.01314173805414358;;;;;
2631;4.064501847159325;1.0;0.5799098094034411;1.2261794986100418;0.05755574882081499;;;;;
2632;4.448205590419558;1.0;0.6952013472214469;1.5054485569695464;0.018809809714200605;;;;;
2633;4.09013519548344;1.0;0.6347096738784567;1.3335261173985926;0.03726552901735596;;;;;
2634;3.4719307204205574;1.0;0.6761424011093933;1.3711310271910948;0.014077771891802896;;;;;
2635;4.36170164342499;1.0;0.5481374457435556;1.1291030162264377;0.019290630484220313;;;;;
2636;4.157348240376568;1.0;0.5720435263753907;1.1904407486167912;0.02090064118357241;;;;;
2637;4.368191314990595;1.0;0.6726257662433034;1.3435761303836864;0.03010925918351517;;;;;
2638;4.583690116327413;1.0;0.7958305521568194;1.788170708763771;0.015135618249217775;;;;;
2639;4.015312447736468;1.0;0.4326014651062657;0.8324040172986171;0.023675243142781098;;;;;
2640;4.314646441642781;1.0;0.7395147918178661;1.618122603905841;0.030807142514372398;;;;;
2641;2.8456139684789057;1.0;0.2152593458036338;0.4282784017588834;0.043922918538089384;;;;;
2642;4.380702308012843;1.0;0.664512241357449;1.4222986805512237;0.021694299146368456;;;;;
2643;3.986125553880257;1.0;0.6643735619322593;1.4180633903527604;0.06761569449084158;;;;;
2644;4.4320450349856415;1.0;0.6365008614228017;1.3447308088433656;0.01235897795762124;;;;;
2645;4.306363802694676;1.0;0.5679148663829255;1.0929628437705856;0.01432888718576488;;;;;
2646;4.45854121962574;1.0;0.6016069738550031;1.266508921766776;0.015596228844649085;;;;;
2647;4.50773583345416;1.0;0.591971811005327;1.214700428311808;0.00971354411455713;;;;;
2648;4.32543377149634;1.0;0.6898480222176485;1.5082951428953706;0.024308480327119415;;;;;
2649;4.253146089629142;1.0;0.6202250594560607;1.1661955300296432;0.027065108177743283;;;;;
2650;4.167665336398629;1.0;0.7091797093399648;1.5732158163396934;0.03711263757568801;;;;;
2651;4.225432158759165;1.0;0.6747812920815661;1.433504403273243;0.024568343364897324;;;;;
2652;4.367832437602362;1.0;0.6105911181273679;1.2264687998935282;0.016927679675329686;;;;;
2653;4.2554448204489255;1.0;0.4728854102011098;0.9867902878539774;0.032520224386811;;;;;
2654;4.222497131471149;1.0;0.5663397170712757;1.1528836844383226;0.03243247658690719;;;;;
2655;4.2642505707698355;1.0;0.7227584457132811;1.4963700791396957;0.04432960616224631;;;;;
2656;4.130470484727272;1.0;0.6281959278952512;1.2148310832472984;0.030382808098348965;;;;;
2657;4.362956347257326;1.0;0.3832827741764168;0.7313390694390717;0.008079072741853256;;;;;
2658;4.053183433841303;1.0;0.7362477331845557;1.6215985030166242;0.05197852454008973;;;;;
2659;4.110307663537373;1.0;0.6524822443007168;1.3795859712402765;0.03906486066300438;;;;;
2660;4.495495133864537;1.0;0.5868263220262346;1.244017964513321;0.01667891894088951;;;;;
2661;4.240897717708762;1.0;0.7203776211060433;1.5837079761691946;0.03778773956328083;;;;;
2662;4.3651060875292;1.0;0.6983761219998432;1.5567351784580532;0.031242309966070508;;;;;
2663;4.121039551135533;1.0;0.6408419574000574;1.2387226574490473;0.04185476924123089;;;;;
2664;4.297471334619866;1.0;0.6905056474909588;1.4982824120216667;0.02669723295365685;;;;;
2665;4.03358034234479;1.0;0.6336266029603759;1.3058674624140025;0.050802726930867494;;;;;
2666;4.389581412162211;1.0;0.5706278601403915;1.1500920615347496;0.01653681782398821;;;;;
2667;3.069562078036967;1.0;0.36007041674795043;0.6687507396707146;0.00598842778141992;;;;;
2668;4.460300999253053;1.0;0.6079380991798464;1.3091094056296513;0.01609185123896888;;;;;
2669;4.220254096527514;1.0;0.5953280991636785;1.2198380920835707;0.03328626874906889;;;;;
2670;4.0534773689508246;1.0;0.6079303137057303;1.2646069345014987;0.04846784789459607;;;;;
2671;4.405123955700525;1.0;0.6751865008425978;1.4997402711123033;0.02029175885955363;;;;;
2672;4.0227711003212985;1.0;0.6854857577953483;1.4882534876644333;0.05134516628361158;;;;;
2673;4.559015464686586;1.0;0.8030316561314275;1.8006350040364851;0.015430873493264649;;;;;
2674;4.113175226017947;1.0;0.6746203092008802;1.412188338824217;0.03688134205874576;;;;;
2675;3.9275987135920682;1.0;0.6001645941357167;1.1751870360937926;0.04440000089230564;;;;;
2676;4.492025065268953;1.0;0.6723804903587254;1.3989276718104708;0.01870967776336636;;;;;
2677;4.458923463065537;1.0;0.5824336563581373;1.2583170850422465;0.010159413846816753;;;;;
2678;4.248366326699739;1.0;0.6086081340153046;1.2473911434346627;0.016430510000031207;;;;;
2679;4.170146939681926;1.0;0.6703776246774347;1.4760070217747974;0.04242810092622145;;;;;
2680;4.4423671955298545;1.0;0.560903059025615;1.2224569771603315;0.02024218859575697;;;;;
2681;4.465626755962834;1.0;0.6182908365067774;1.295121336518946;0.020464090882387553;;;;;
2682;4.340045727131123;1.0;0.6582786903306895;1.345479531540223;0.020952151508810014;;;;;
2683;4.247451758526936;1.0;0.551322584480246;1.1832163675492622;0.03201343057162588;;;;;
2684;4.46273735968945;1.0;0.7143961714683655;1.5305133064387408;0.028704044657187403;;;;;
2685;4.1157630738505455;1.0;0.5915218120903276;1.234942141532499;0.03033153104884724;;;;;
2686;4.414408193867364;1.0;0.5853996882197399;1.244274628190337;0.015199331551840944;;;;;
2687;4.1822867930269485;1.0;0.6657070167293266;1.4735390132117692;0.04312174093489417;;;;;
2688;4.317420438600201;1.0;0.7383748295061274;1.5957393148667351;0.025681056492434556;;;;;
2689;4.489282089578866;1.0;0.5456326861867516;1.1750059828148496;0.011507019106704427;;;;;
2690;4.486998317006535;1.0;0.6494875704818075;1.3683757427770655;0.010670218519874186;;;;;
2691;4.340928689488796;1.0;0.7004981021142094;1.4863609474357034;0.02200906847926013;;;;;
2692;4.230447058282925;1.0;0.5141404897159061;1.0613423338532264;0.009684095535721134;;;;;
2693;3.9974362989513197;1.0;0.6313561237243038;1.3362064193950862;0.037927973813240576;;;;;
2694;4.181954862267117;1.0;0.5746898233619742;1.18540349026389;0.052915981998566446;;;;;
2695;4.382118798845303;1.0;0.6114041301352923;1.3191550918409847;0.027144524771098806;;;;;
2696;4.339653472970721;1.0;0.6256201091333872;1.308002202423672;0.03158425192608119;;;;;
2697;1.5750834587238323;1.0;0.2534685935025904;0.48471809534746557;0.04491848760969037;;;;;
2698;4.331796169525862;1.0;0.4488228964543493;0.8951544375693521;0.013649120269107912;;;;;
2699;4.177584738117601;1.0;0.6017868402763376;1.223380498858114;0.046272785651937424;;;;;
2700;4.020150421073385;1.0;0.5646273591388821;1.1402070372908732;0.040977566634981734;;;;;
2701;4.182912975431987;1.0;0.6119905055083352;1.2698219769112682;0.04119902457552763;;;;;
2702;4.294137597160102;1.0;0.7649752459941211;1.6687021467067915;0.043143375622905863;;;;;
2703;4.5456370891816835;1.0;0.7990777826349126;1.7529842889084146;0.016370171572086607;;;;;
2704;3.8955979437794253;1.0;0.6377105349892189;1.3080658587004563;0.03948128593085153;;;;;
2705;4.128126702431689;1.0;0.5923430148156178;1.177661765283882;0.030384711815653383;;;;;
2706;4.326789924143794;1.0;0.6151553927082035;1.277373820949255;0.01708481154533915;;;;;
2707;3.822338166056269;1.0;0.6090913752587592;1.322190818684086;0.018876367456865096;;;;;
2708;4.334118623867385;1.0;0.6251431906412503;1.303002749110068;0.02003735318902626;;;;;
2709;4.014551836625006;1.0;0.5903397107286307;1.249086516636766;0.03726596929945864;;;;;
2710;4.39276849942223;1.0;0.44508047774603593;0.9164711114368137;0.012564393704897708;;;;;
2711;3.5334344132959066;1.0;0.22683578202351062;0.4484911249992889;0.01626560686327401;;;;;
2712;4.51878240139305;1.0;0.663064957079899;1.4783508707788586;0.00820674828510012;;;;;
2713;4.216151142879954;1.0;0.5947051382002667;1.2632664212106706;0.037755634650298256;;;;;
2714;4.338797695732197;1.0;0.617104128868012;1.3379126085138484;0.028012910273549563;;;;;
2715;3.912434091124241;1.0;0.4649102114594609;0.9453457821520069;0.049705812329817814;;;;;
2716;4.1169181292127055;1.0;0.42778314680128354;0.8074709268132791;0.02837575232137984;;;;;
2717;3.811018890053582;1.0;0.44114834876285486;0.8309907097848708;0.037291520819663415;;;;;
2718;3.7588981412955724;1.0;0.39519917769329205;0.8134494256059606;0.029889557143683156;;;;;
2719;4.220428927553906;1.0;0.5608982739840302;1.2101234825675706;0.03268089898233109;;;;;
2720;4.4908974948044165;1.0;0.6378837030361432;1.3287417390559975;0.02290995827140258;;;;;
2721;3.846567828501371;1.0;0.5136543296572132;1.0594660428126543;0.04448275374161427;;;;;
2722;4.31811481846883;1.0;0.5970096116152874;1.2539172363232922;0.03377689975375327;;;;;
2723;4.437431772792306;1.0;0.7661695522418881;1.7145895804958062;0.028208086582147896;;;;;
2724;4.21246405391871;1.0;0.5867617103585414;1.1965481008907588;0.03696557515910112;;;;;
2725;4.040540567872544;1.0;0.4684715152634985;0.8782786567077127;0.03664948737628916;;;;;
2726;4.215975611146673;1.0;0.4481950159817275;0.8048860645646428;0.01679916595192774;;;;;
2727;4.434405309324938;1.0;0.610574045309807;1.2231745770788993;0.0124340624560914;;;;;
2728;4.469787288333464;1.0;0.6706649100064596;1.4592238689803425;0.02412953811379333;;;;;
2729;4.3026296405482105;1.0;0.46079049188226406;0.8172988269144451;0.017842258739325857;;;;;
2730;4.362337450345758;1.0;0.6361801953331548;1.3096284526964856;0.018704050320044557;;;;;
2731;4.274276515750759;1.0;0.5169485252633174;1.0699419535988137;0.02193673753791936;;;;;
2732;4.280207888752368;1.0;0.614616766554235;1.301320150833144;0.02360704104058425;;;;;
2733;4.120705748980084;1.0;0.5762451860644247;1.131206155748257;0.045624500764121556;;;;;
2734;4.273561586871688;1.0;0.5217646182398703;1.0846005866067936;0.024036069719870653;;;;;
2735;4.497211173536914;1.0;0.7535307418643146;1.6671506547602892;0.02187956605199936;;;;;
2736;4.4462390387223625;1.0;0.659221453180937;1.3999821186247656;0.018679507077922045;;;;;
2737;4.449804455378164;1.0;0.6189468265058461;1.2900743294976245;0.010655306820169734;;;;;
2738;3.7040512734114914;1.0;0.6529361176869956;1.4207828655400945;0.039526836352375264;;;;;
2739;3.508358600623226;1.0;0.5458579777104424;1.1638030006123288;0.024284449630582218;;;;;
2740;4.404572145213121;1.0;0.5822042049472849;1.180012085073511;0.03573602934442468;;;;;
2741;4.458857617913795;1.0;0.668254757762213;1.4452213406280445;0.018869605252708647;;;;;
2742;4.435134379999136;1.0;0.4752686444878064;0.9264467600481224;0.01204924070924143;;;;;
2743;4.02430270624283;1.0;0.6153529329747799;1.30247186748415;0.02900732059686139;;;;;
2744;4.539193750975872;1.0;0.8024009602121492;1.7765622343181553;0.015983089665357726;;;;;
2745;4.41603399646235;1.0;0.4765280872828372;1.0224488794889453;0.02413937783259401;;;;;
2746;4.491133953581612;1.0;0.5858496263072512;1.2548999469986053;0.018306483201743756;;;;;
2747;4.563512397139229;1.0;0.6987172503221332;1.4707792552525618;0.006356019804266197;;;;;
2748;4.190131518801587;1.0;0.6364747012090315;1.378400983500215;0.035460973129948226;;;;;
2749;4.327685367780295;1.0;0.5870300517601991;1.2461367055991124;0.018453675691699884;;;;;
2750;4.23772748978708;1.0;0.5375091090094108;1.1059031756172713;0.041495114431510785;;;;;
2751;4.44226630950217;1.0;0.7183996364448383;1.548950886107182;0.01991007849537919;;;;;
2752;4.576339762851365;1.0;0.7445227374544631;1.6675347320980636;0.01194042837219483;;;;;
2753;4.376286271937898;1.0;0.5659949588829832;1.1930754689236578;0.020704348477962705;;;;;
2754;4.285262086127019;1.0;0.6099018839052145;1.2640188812294821;0.020952105077320458;;;;;
2755;4.572397263079145;1.0;0.7600932102694459;1.6906884341009583;0.005732230224960926;;;;;
2756;3.1182492674779234;1.0;0.4480342158863851;0.9170312178754642;0.020159327996833436;;;;;
2757;4.434803588657735;1.0;0.7042085934377453;1.5610235077568801;0.024113368190071524;;;;;
2758;3.779122580434918;1.0;0.6211247513959783;1.2991134391925419;0.03197587998793128;;;;;
2759;4.418034119151212;1.0;0.6474433531450664;1.4047783692669016;0.017049911716305113;;;;;
2760;-0.8172110167912268;0.0;0.0;0.0;0.010395550978677864;;;;;
2761;4.381962053732025;1.0;0.645391321937797;1.3599814929950884;0.019813509416404224;;;;;
2762;4.190760845944681;1.0;0.6390214564990021;1.3117426438059492;0.03037519469141682;;;;;
2763;4.283334612930889;1.0;0.5727750426497521;1.1874785625672715;0.0017233039959059402;;;;;
2764;4.190285061873907;1.0;0.555398282714298;1.1392799128725988;0.025659857076831126;;;;;
2765;4.056944818701131;1.0;0.6971781518483218;1.4954097841476015;0.05304803237972252;;;;;
2766;4.33146732050985;1.0;0.7727468185757115;1.7451757763302682;0.032416969851702684;;;;;
2767;4.365773397814465;1.0;0.5822044278754658;1.1252299554930998;0.02543737634232435;;;;;
2768;4.289152681396152;1.0;0.6412706847876494;1.3488284323436022;0.027604676604454106;;;;;
2769;4.164571689359352;1.0;0.57371865590721;1.1277801079507066;0.03648705384748099;;;;;
2770;4.327273279456223;1.0;0.7783666342036518;1.7313103567789745;0.03392799882994314;;;;;
2771;1.8967479989441627;1.0;0.2661340633915985;0.5435214140210619;0.022192926760704952;;;;;
2772;3.9398184844145856;1.0;0.612869323049591;1.221263483544851;0.052299690694012684;;;;;
2773;3.953978155920673;1.0;0.6124965413613134;1.2604679101612142;0.05731764931430773;;;;;
2774;4.328963231049125;1.0;0.6379536102844112;1.2456775102982194;0.025963667288596188;;;;;
2775;4.222336857891577;1.0;0.6146773450855288;1.296406898203874;0.03370446969195596;;;;;
2776;3.347888730342375;1.0;0.14426101675416467;0.2865471543277872;0.011095241439432304;;;;;
2777;4.42587505087245;1.0;0.4849525125918147;0.9696293823790608;0.008202247468820329;;;;;
2778;4.412466048492971;1.0;0.4610260079966198;0.9470765946782104;0.010265732239667025;;;;;
2779;3.082368237021599;1.0;0.2289273355317952;0.4552104939946907;0.03234611785559774;;;;;
2780;4.36280856847873;1.0;0.5148725152213592;0.9203059417071667;0.013573141917782519;;;;;
2781;4.44439682179335;1.0;0.7733679440850445;1.6446404035694213;0.02367548198755905;;;;;
2782;4.42733083429848;1.0;0.7456739855263259;1.6013533541030331;0.018804215865343914;;;;;
2783;4.173683991717235;1.0;0.6818169500557144;1.4546304310023253;0.03596511812607005;;;;;
2784;4.432638945615834;1.0;0.5316828795137489;1.0820724196703875;0.014439114474173518;;;;;
2785;4.287656745527298;1.0;0.6810350294257151;1.4471295399894002;0.025555872320339176;;;;;
2786;4.061480086844492;1.0;0.4948049395797868;0.9427702430851098;0.026048520975826956;;;;;
2787;4.0793727108311515;1.0;0.697145215372654;1.4946958985106382;0.04442834868592722;;;;;
2788;3.8687074762146154;1.0;0.530338239407567;1.0356212705072372;0.030983135919963104;;;;;
2789;4.3600038060451904;1.0;0.6335888498858954;1.2862664751222486;0.017904677797849346;;;;;
2790;3.79959821455944;1.0;0.41679539018155976;0.8303932077388242;0.02829360054162347;;;;;
2791;4.246742946333247;1.0;0.4914060807133396;0.9905795467861753;0.031348621705863285;;;;;
2792;3.620020279908611;1.0;0.40176428664199615;0.8151047693468647;0.018721488311448032;;;;;
2793;4.280118302656709;1.0;0.6178516555404543;1.2463310501784655;0.027446881490336434;;;;;
2794;4.443236216120913;1.0;0.7192759722159385;1.522652628903091;0.01719724051034232;;;;;
2795;4.268380997102481;1.0;0.5905211723740587;1.195388626471695;0.03632089176367126;;;;;
2796;4.255373842058598;1.0;0.6522945297628383;1.3859152974929814;0.034930039124594976;;;;;
2797;4.291616950370922;1.0;0.5884848823739685;1.230292606371473;0.03536997866685161;;;;;
2798;4.216862181589978;1.0;0.5486827679932919;1.1237819202451291;0.02573689741901016;;;;;
2799;4.050038682988446;1.0;0.5928850000118101;1.2470154053231022;0.03988492648949294;;;;;
2800;4.322332015441847;1.0;0.6684104836619763;1.4305623961866971;0.02637488428876706;;;;;
2801;3.9417671029320287;1.0;0.6513228155792183;1.3251831131552858;0.0562920829911392;;;;;
2802;4.312914326637947;1.0;0.7829655222830392;1.7152237804147763;0.029409963003501887;;;;;
2803;4.183375862209369;1.0;0.6829672103288944;1.460847521201512;0.032866428046474376;;;;;
2804;4.262533593661875;1.0;0.618248857450054;1.2697819760857518;0.03609340039219528;;;;;
2805;4.292043322126184;1.0;0.4856949345619218;0.9993818009542745;0.020470347273836457;;;;;
2806;4.563212008650384;1.0;0.7878598692913116;1.7098918128455516;0.014434289998717454;;;;;
2807;4.291549608120631;1.0;0.5826992225432489;1.1633515278923343;0.028628277793300103;;;;;
2808;4.0346394909602825;1.0;0.5567442887260095;1.0892706589276548;0.04115258705340952;;;;;
2809;4.112550418720397;1.0;0.540630268170354;1.082662497248869;0.03744981484909573;;;;;
2810;3.512787946508187;1.0;0.48476686902445226;0.9653790824559156;0.021134213575284045;;;;;
2811;1.0588389705566703;1.0;0.3394885108599341;0.6224590410789885;0.019762459300417104;;;;;
2812;4.514397739996624;1.0;0.7379459754824877;1.6016626829001714;0.018216918765528476;;;;;
2813;4.406447930716684;1.0;0.6280026917147916;1.2943664390203957;0.015095925207531896;;;;;
2814;3.9068646077275777;1.0;0.6508534404310374;1.3178468546712794;0.042668303082488736;;;;;
2815;3.985419679077433;1.0;0.6289858885113978;1.2721783712663102;0.06441988230489322;;;;;
2816;4.24757357974081;1.0;0.6891590258502936;1.4148214387844444;0.026091260189186435;;;;;
2817;4.275490337265824;1.0;0.5579393097459171;1.1383143323773481;0.02812110652140513;;;;;
2818;4.285812081859633;1.0;0.6414584984898168;1.341320396913357;0.020564638188671963;;;;;
2819;4.296563323723687;1.0;0.7100314454034403;1.5003769775803015;0.02836817231595466;;;;;
2820;4.094690288707641;1.0;0.6921732317005901;1.489154658904841;0.02331600037463812;;;;;
2821;4.431624720264301;1.0;0.6219723630895295;1.281404492730205;0.015167061935740259;;;;;
2822;4.424799397001703;1.0;0.46256917791868846;0.9103595734372889;0.00848208549044655;;;;;
2823;4.1023360181487085;1.0;0.6225429841203924;1.323833545425338;0.04663870423000325;;;;;
2824;4.365402718837455;1.0;0.653718006880464;1.395526483256967;0.027219950243275413;;;;;
2825;4.264228771602653;1.0;0.5525718104476147;1.0231321448804966;0.012438830398473127;;;;;
2826;4.262897024211547;1.0;0.6559086203768254;1.4115769469346735;0.022288138190129026;;;;;
2827;4.481132349138647;1.0;0.565292322621643;1.1261763116554857;0.009837793815342713;;;;;
2828;4.335058707841976;1.0;0.5884932296921518;1.1898687962812964;0.021922494444840554;;;;;
2829;4.484993250055407;1.0;0.5798021338148259;1.2447602437750749;0.008595363509116374;;;;;
2830;4.402436402530466;1.0;0.7483696054274805;1.619182937451535;0.02175577835702227;;;;;
2831;4.298544101623881;1.0;0.6335293976686718;1.2954300768368765;0.030104110213951846;;;;;
2832;3.322866470661729;1.0;0.590706988568726;1.2179687272341344;0.057715474068661475;;;;;
2833;4.367130569849774;1.0;0.6552133598819567;1.3302265528975732;0.03232238365575106;;;;;
2834;4.355151902772238;1.0;0.6049038634876623;1.276471745612906;0.017173094997076435;;;;;
2835;4.459050945885023;1.0;0.7377021963643274;1.6041485185537696;0.023578700026968533;;;;;
2836;4.470779024005562;1.0;0.6507548822679196;1.3617092918616358;0.017692665164170958;;;;;
2837;4.553240101094134;1.0;0.6832981234742663;1.4080292038601108;0.010810914017650068;;;;;
2838;4.4459671829367045;1.0;0.5227568540285281;0.9800923036785861;0.011851236756715667;;;;;
2839;3.8987542657640164;1.0;0.4320027975137788;0.8211635890959376;0.012394020707728503;;;;;
2840;4.491140042939614;1.0;0.7120282864690994;1.5699413893672625;0.019430742133986215;;;;;
2841;4.511498701762276;1.0;0.631071689925494;1.2783845372739249;0.011032811398502674;;;;;
2842;2.717961156856532;1.0;0.4264942351757332;0.8646005822057992;0.046272363852113516;;;;;
2843;4.303597087108958;1.0;0.5527417131670727;1.1743431223386547;0.03428956929798791;;;;;
2844;4.386347506642535;1.0;0.7128128715879745;1.5513317182570308;0.024946091997002828;;;;;
2845;4.5531699520292825;1.0;0.7622507574513174;1.7033773234972986;0.012055276451383778;;;;;
2846;2.676663140236312;1.0;0.3780972913683758;0.7294688317572405;0.012945245325456219;;;;;
2847;4.472544296903016;1.0;0.6349527877251043;1.3083145612112153;0.010925391577726935;;;;;
2848;4.2506534582408335;1.0;0.5546570189209893;1.1387307728996987;0.02952087961992524;;;;;
2849;4.3957388726751745;1.0;0.5609516577248302;1.0996567271816222;0.012690524915058362;;;;;
2850;4.521119779378419;1.0;0.7253649074634716;1.5114682400959136;0.013920151732022443;;;;;
2851;3.208974015016465;1.0;0.601076306202845;1.2747756225463653;0.04244458888747781;;;;;
2852;4.017528266395914;1.0;0.5585743054715755;1.080690876216039;0.036583799096322776;;;;;
2853;4.3706442554343905;1.0;0.6833008182479189;1.4695542673957973;0.028558646403742154;;;;;
2854;3.9636257972248097;1.0;0.6353542268103399;1.305747651643281;0.05315418083169297;;;;;
2855;4.296280420043362;1.0;0.6708238962326504;1.3865157005992672;0.029014721806965613;;;;;
2856;2.9822636429308105;1.0;0.6954989142125313;1.344358756297297;0.014232725271223734;;;;;
2857;3.930816254788287;1.0;0.5036973911771155;0.8238399700080394;0.026067232036019454;;;;;
2858;4.484437759386557;1.0;0.6165796201116927;1.257567995138179;0.01673130118343069;;;;;
2859;4.347723947674244;1.0;0.5340063706279504;1.109270122444393;0.024668132840303253;;;;;
2860;4.2693815889129745;1.0;0.5851551996238624;1.1912099528033746;0.03067264577145273;;;;;
2861;4.413604082936935;1.0;0.6255700980655705;1.2249993733071929;0.016893644203264096;;;;;
2862;4.239558219771895;1.0;0.6003529382721916;1.2364694879831741;0.03490801464501194;;;;;
2863;4.449468945400043;1.0;0.5675807313686804;1.1587584451030937;0.016811715098836045;;;;;
2864;4.395005721047186;1.0;0.6542486214926887;1.3529127390317064;0.018424789652431776;;;;;
2865;3.2182450067617507;1.0;0.5842577318711211;1.0082766703163897;0.04288031455121218;;;;;
2866;4.525844629605356;1.0;0.6938301297563261;1.4342798367421095;0.020519578417188947;;;;;
2867;4.086620477783725;1.0;0.5508139401062622;1.0380642948104484;0.029664418873777187;;;;;
2868;4.337101226936784;1.0;0.6323156988013492;1.3108329791756281;0.018653230034690677;;;;;
2869;4.594895804147353;1.0;0.8294553558436953;1.8595672419079439;0.009769921617530104;;;;;
2870;4.447051899082504;1.0;0.6872120808292493;1.453087921821231;0.01922216810499153;;;;;
2871;4.537406820348894;1.0;0.6982880244521955;1.4688475799087735;0.006606890679203001;;;;;
2872;4.258503515941345;1.0;0.6444987013688516;1.359974087662663;0.035756329765127506;;;;;
2873;3.82462808938436;1.0;0.5369964463928014;0.9623119430770201;0.041080202110774934;;;;;
2874;4.182401434910687;1.0;0.5700457842226094;1.1529201230748807;0.029093545316755592;;;;;
2875;4.006249919181769;1.0;0.6672258673331939;1.3564875166887114;0.041276462981373864;;;;;
2876;4.413852763312875;1.0;0.6646955145954915;1.3733760204721597;0.020093097166504488;;;;;
2877;4.551962609624832;1.0;0.6923138966809127;1.3728125632390211;0.006948609245896862;;;;;
2878;4.4001506817293805;1.0;0.6907508330059083;1.4187763234105488;0.019092190332056135;;;;;
2879;4.008812707844708;1.0;0.5985581239605873;1.2186175160945762;0.04314788107597305;;;;;
2880;3.8550153336973065;1.0;0.6729709450197023;1.3866158634847623;0.018172259222045812;;;;;
2881;4.420260342028326;1.0;0.5657571606445302;1.1035286536508049;0.011500803648081068;;;;;
2882;4.318971402099785;1.0;0.671668104552725;1.3508373466395844;0.02585747092701299;;;;;
2883;4.545485736939781;1.0;0.7470772683918163;1.6144819118021014;0.00986887413359309;;;;;
2884;4.079023033275935;1.0;0.6766931910190964;1.4003360340294841;0.03656473395980028;;;;;
2885;4.527074436954108;1.0;0.793416873743694;1.776050286210956;0.017924401388250827;;;;;
2886;4.450171035457302;1.0;0.5901385359814625;1.1928208918010912;0.013356425124342482;;;;;
2887;4.425088911075585;1.0;0.5952640432852183;1.1893188828894399;0.015642221580440263;;;;;
2888;4.4616609280973805;1.0;0.6887873008092827;1.481538345086872;0.018509026203777243;;;;;
2889;4.099030313093303;1.0;0.6876618451639102;1.4519145212606523;0.036487061893753364;;;;;
2890;4.181559445682204;1.0;0.5599038588755002;1.0734895920057361;0.03301141767758484;;;;;
2891;4.355533291935563;1.0;0.6193115976118918;1.2559810579312267;0.02496565375930511;;;;;
2892;4.331328773875149;1.0;0.6671124063128342;1.4058922754503704;0.024273388755157697;;;;;
2893;4.468745905304394;1.0;0.4999644109616839;1.0192442963399873;0.010596338098496524;;;;;
2894;3.695777190277289;1.0;0.702914142500673;1.4815972445946435;0.016974936194591984;;;;;
2895;4.3187239082858015;1.0;0.6796503392213772;1.4239792214629319;0.02651294375908296;;;;;
2896;4.370299210790087;1.0;0.5617145650133982;1.1641800330842937;0.024881022134940513;;;;;
2897;3.922317612269595;1.0;0.632964871809407;1.2711743034886178;0.05736367833995342;;;;;
2898;4.265062983486791;1.0;0.6508680532228357;1.291333515545931;0.03198982857891382;;;;;
2899;4.346623064504729;1.0;0.4282409247118598;0.8492601769665573;0.018232422102756024;;;;;
2900;4.287332963210768;1.0;0.6130741714208491;1.2505267150311092;0.029760233712674077;;;;;
2901;3.9412087153025586;1.0;0.3510880246832927;0.7074060728641293;0.03323151183220784;;;;;
2902;4.451663753982636;1.0;0.6315165447262431;1.387412922238087;0.02242177969375144;;;;;
2903;4.570907928719034;1.0;0.8304766817554103;1.8617924205034837;0.013101471852877777;;;;;
2904;4.146428368937707;1.0;0.5920439244958933;1.1941073378845588;0.03761743121039081;;;;;
2905;4.377323192540457;1.0;0.7206178402098148;1.5927244424610159;0.029442563081500124;;;;;
2906;4.5710353061761655;1.0;0.7942494689496826;1.7396832991597928;0.014255004812885518;;;;;
2907;4.110793166940253;1.0;0.6302513090239538;1.2197246378821374;0.04718146826874573;;;;;
2908;4.36982759823964;1.0;0.6506525458066463;1.425735643170896;0.025830196412326246;;;;;
2909;3.997214284348577;1.0;0.596143879417696;1.180700653707259;0.013439985247897853;;;;;
2910;4.371504097051245;1.0;0.6116576774931155;1.2921135475448406;0.018447763550918445;;;;;
2911;4.5319050106755;1.0;0.71434257986228;1.5471852001795987;0.01496935439969872;;;;;
2912;4.562367288876113;1.0;0.782502991804079;1.7318190100255113;0.010766804425729689;;;;;
2913;4.277498374501319;1.0;0.6591995476637789;1.3133693046642692;0.0201284623913262;;;;;
2914;3.5765715001387988;1.0;0.4995351716308528;1.0362027965430882;0.06585711723837302;;;;;
2915;4.526073850211606;1.0;0.6099508479033267;1.2984972668851535;0.01271456073151942;;;;;
2916;4.400976083080925;1.0;0.6424437119653347;1.2938182847129922;0.02420575753171775;;;;;
2917;4.175467964169982;1.0;0.5607351063444109;1.1583554764394315;0.011663094644059228;;;;;
2918;2.6876536744892765;1.0;0.3907021544578529;0.7650250487980543;0.007020306118705227;;;;;
2919;4.263413782633062;1.0;0.6945924524811598;1.4290232767203963;0.04713674950538175;;;;;
2920;4.4062547108289944;1.0;0.5271842527299335;1.053267182264945;0.02123133846392912;;;;;
2921;4.137186296699245;1.0;0.6943137442707809;1.5194779150523094;0.050831425522687206;;;;;
2922;4.171615223537872;1.0;0.31476202069293635;0.6435428312213087;0.01230834625227188;;;;;
2923;4.303948754240962;1.0;0.6284312398407154;1.2971908361429467;0.02925773673037131;;;;;
2924;3.9156104506368834;1.0;0.5543696071614895;1.0717641700992777;0.04662411374700497;;;;;
2925;4.478590151202459;1.0;0.6944283485301687;1.4501746117374559;0.021589959030916053;;;;;
2926;4.108123666634566;1.0;0.6819979427118372;1.4793555120912156;0.03985830709620145;;;;;
2927;4.496191906533472;1.0;0.6505157807865698;1.3996861348900662;0.01333910180622166;;;;;
2928;4.526882694937488;1.0;0.7870870658362457;1.7315422745370308;0.02434622108060358;;;;;
2929;4.464271694196255;1.0;0.5112072460756735;1.0227992986448007;0.010064492649587465;;;;;
2930;4.443408650903168;1.0;0.6054396381861263;1.2952498787794053;0.022553495166012037;;;;;
2931;4.441857146478963;1.0;0.569983357580922;1.15959890505259;0.015447082850169372;;;;;
2932;4.334817628928079;1.0;0.5532016172314482;0.9964785442288511;0.02675998904066311;;;;;
2933;3.9660247918327096;1.0;0.6760517563469127;1.4580282435322822;0.04052703931573209;;;;;
2934;4.073484986566712;1.0;0.5916056086202315;1.2419371294243535;0.027860169213135895;;;;;
2935;4.447565541929531;1.0;0.6331431730960273;1.3453865923502042;0.01874822065966024;;;;;
2936;4.349106735763779;1.0;0.664234751535063;1.4197387841522693;0.027389219935122486;;;;;
2937;3.883326365965899;1.0;0.5443459813695872;1.0584308344808355;0.045626672211359735;;;;;
2938;4.557656329419385;1.0;0.7185836861105952;1.5348378363160187;0.007574956754932853;;;;;
2939;4.486665660763222;1.0;0.7736610731235575;1.7106794369682812;0.016718622247863007;;;;;
2940;4.272488776338677;1.0;0.5840662104797844;1.2348088711216223;0.027684346533155994;;;;;
2941;4.543970301758783;1.0;0.7810118893566896;1.7171399044873406;0.012179656653919154;;;;;
2942;2.990447737170305;1.0;0.5967385051663646;1.1672521962223343;0.04850971268576532;;;;;
2943;4.440550845513535;1.0;0.5380185032064112;1.0440611590032882;0.012233442851076717;;;;;
2944;3.317909873275001;1.0;0.5969930999522606;1.2230333639067335;0.03448044759077277;;;;;
2945;4.3348779220746385;1.0;0.6602668773662813;1.3806981815233161;0.026291184256678334;;;;;
2946;4.238186508640794;1.0;0.601070579177366;1.2286079351931036;0.03520920667856306;;;;;
2947;4.291284651255099;1.0;0.7399855513664485;1.630332463826987;0.029562203975643856;;;;;
2948;4.177169673711846;1.0;0.6068450342137433;1.2732797097415331;0.0314032797052484;;;;;
2949;4.371139468774757;1.0;0.657564296857919;1.4027927804389448;0.0224071035800187;;;;;
2950;4.0844464273684125;1.0;0.6388392606140194;1.2764661509303834;0.042458675092485534;;;;;
2951;4.4165821036740915;1.0;0.5163622213003934;1.0519516512066658;0.01363293234896665;;;;;
2952;4.194541368576449;1.0;0.593659305540725;1.2225936552396846;0.029805050082942534;;;;;
2953;4.080416161920263;1.0;0.23794923989609246;0.4861223551887473;0.012494144204085454;;;;;
2954;4.136433769428329;1.0;0.7176918441693823;1.5445172514643202;0.04605268730498696;;;;;
2955;4.263134870241469;1.0;0.6894408280617065;1.3980382300262497;0.03912942694762338;;;;;
2956;4.4895646725782585;1.0;0.7071379447748791;1.559814693970383;0.019821940905689388;;;;;
2957;4.377258308604949;1.0;0.5692194664493972;1.1150947864061391;0.01995899912682612;;;;;
2958;4.167128429998156;1.0;0.6439588457833226;1.3829425484474513;0.040094872798641504;;;;;
2959;3.9574767428604325;1.0;0.6488056350175263;1.3422101615700912;0.007641162944055367;;;;;
2960;4.127174041992362;1.0;0.6635590529037425;1.4184468828061234;0.05047078274396051;;;;;
2961;4.194105042152425;1.0;0.6364226554364009;1.2964556590746754;0.029347098614467028;;;;;
2962;4.343397912843734;1.0;0.7072921375730415;1.5210871609060799;0.030157371854629737;;;;;
2963;4.311702546972635;1.0;0.7468590776683808;1.6503522841255727;0.02537511060526623;;;;;
2964;4.568812097762561;1.0;0.7044252711042471;1.5819053690325349;0.009404503398402262;;;;;
2965;4.331277141058974;1.0;0.7662940118132282;1.7211014209723348;0.028642331422133873;;;;;
2966;3.9933223079904163;1.0;0.4568938899664597;0.8768964817336091;0.04925035251291159;;;;;
2967;3.9852166701020533;1.0;0.48227399403118065;0.8820499499332207;0.037368214129265366;;;;;
2968;4.369297455079307;1.0;0.6251294065378343;1.3204523522850817;0.02234238400775997;;;;;
2969;4.499874197049784;1.0;0.5597122601994858;1.1630228054459857;0.007552759330881688;;;;;
2970;4.43260933388045;1.0;0.6401252453329526;1.3494391546019464;0.017529167032113973;;;;;
2971;2.307513201117715;1.0;0.5625904615162981;1.0440386677738709;0.029836962088408588;;;;;
2972;4.3962508885078595;1.0;0.7662750297031741;1.690367863305972;0.029617056142427788;;;;;
2973;4.522398886202387;1.0;0.6407342982702471;1.3278037151765472;0.008867327370470458;;;;;
2974;4.451360922168426;1.0;0.6105115759426009;1.2782633467035043;0.017252444916389366;;;;;
2975;4.474991338374029;1.0;0.665635104355658;1.371654123438867;0.019366609898497117;;;;;
2976;4.315624299225818;1.0;0.6930847110633928;1.497852258780728;0.02172086524577407;;;;;
2977;4.212804803222775;1.0;0.5610865172364502;1.1164329997974696;0.025800597443495474;;;;;
2978;4.487613950888356;1.0;0.7455335811162538;1.6482306785747591;0.025693355019206127;;;;;
2979;1.6002114436183794;1.0;0.3076223266900098;0.6058703509560625;0.011899838382143252;;;;;
2980;4.289340666941108;1.0;0.5035072589829074;0.9189921923457636;0.01809723770535883;;;;;
2981;4.4333536389299635;1.0;0.7348114860399546;1.6562521368044634;0.02472400653743683;;;;;
2982;4.339302730512023;1.0;0.7120277403114055;1.5509160380345426;0.04050957066333769;;;;;
2983;4.316648882681236;1.0;0.6486550857855806;1.2752295381979497;0.02612381309402393;;;;;
2984;3.9886552711516203;1.0;0.6595701549631653;1.410090326186478;0.050636282988141976;;;;;
2985;4.33679476832767;1.0;0.6052315639961895;1.2154288059836873;0.01880130967670731;;;;;
2986;4.126774634959241;1.0;0.3743830006052786;0.7875819600166538;0.008507519164403713;;;;;
2987;4.133064400549493;1.0;0.5917273451264046;1.1784477957646846;0.036526870232054406;;;;;
2988;4.386551396635864;1.0;0.5751418548782784;1.0917620458674882;0.010399557689837887;;;;;
2989;4.348418428603882;1.0;0.5179446228657261;0.9285979092806232;0.009763659604831797;;;;;
2990;4.429941888976144;1.0;0.45207154555439166;0.9388169591552651;0.01741779852777542;;;;;
2991;4.00816272896839;1.0;0.6188335317937567;1.3074480008149905;0.045490383602586025;;;;;
2992;4.597444472361207;1.0;0.8337575004696562;1.895403395551203;0.009774659699596969;;;;;
2993;4.2988466383063;1.0;0.5617933065564866;1.1998498957665429;0.04016669069402131;;;;;
2994;3.980122883773757;1.0;0.6117860216864153;1.2601044502729606;0.044351641314442844;;;;;
2995;4.355021501962737;1.0;0.41767097144505155;0.8168702839412226;0.01256589650482557;;;;;
2996;4.256959053408181;1.0;0.6171441122454088;1.2452160255782636;0.03403495637916193;;;;;
2997;4.3577081675625395;1.0;0.42203223003487833;0.8185970271593135;0.017120089623466513;;;;;
2998;4.4246746127589205;1.0;0.7553770429792147;1.6942147391357458;0.02846289151165843;;;;;
2999;4.325310398540092;1.0;0.5684880570645319;1.167049965918036;0.021791452409229934;;;;;
3000;4.444366246239455;1.0;0.6289447730806896;1.2767253799607756;0.0226443412847327;;;;;
3001;4.304749770242659;1.0;0.592453052211797;1.1974549628608733;0.015427719516356046;;;;;
3002;4.269728218206479;1.0;0.5999709674717918;1.20006198062028;0.021674540952676066;;;;;
3003;4.573808718772778;1.0;0.7520600638273002;1.6572812089818807;0.015728000606886443;;;;;
3004;4.271373981149374;1.0;0.5509076705051578;1.1340549056044007;0.028920649524339884;;;;;
3005;4.437556942514606;1.0;0.7592596696822449;1.6067643307670931;0.017876553579143202;;;;;
3006;2.88454332102194;1.0;0.31295568953540603;0.6186379008281755;0.01772693384743725;;;;;
3007;4.2878247106500815;1.0;0.620523980684573;1.2903560558775917;0.037821113137484895;;;;;
3008;4.162451218909927;1.0;0.6540749256259218;1.3997370426253741;0.03938622810471738;;;;;
3009;4.514829877730483;1.0;0.6604992503466369;1.4408439104831878;0.01579642005763173;;;;;
3010;4.040591585818923;1.0;0.5751037471317961;1.2198012901684427;0.035580554974770806;;;;;
3011;0.2031968659890664;1.0;0.43491649535045596;0.7382526251008926;0.049018318596090134;;;;;
3012;4.453858146428018;1.0;0.671136753667187;1.3543192957571866;0.02036244816680853;;;;;
3013;4.439398504991931;1.0;0.49827147670425803;1.009154973823908;0.015029337268349813;;;;;
3014;4.211452633880202;1.0;0.5235407828977328;1.0880372132253946;0.021323812398492136;;;;;
3015;3.933233725849587;1.0;0.6866778553591061;1.4958805631120065;0.063039549927244;;;;;
3016;4.282860352792929;1.0;0.5785984635191324;1.2643351530866545;0.029170001916235665;;;;;
3017;4.212800247751167;1.0;0.6474848276158185;1.3395067605754636;0.03481965370903826;;;;;
3018;4.2252566702494425;1.0;0.6538681707155891;1.4152007914676734;0.026245107900996472;;;;;
3019;4.162260261500845;1.0;0.5815844009864106;1.1040698008805339;0.022483583830565725;;;;;
3020;4.017076077804646;1.0;0.6799951623082958;1.4894774752683855;0.05922499132192971;;;;;
3021;4.293429479899638;1.0;0.5275458560165426;1.0663708916575472;0.019888025606180124;;;;;
3022;3.9621296673837207;1.0;0.2772943828416057;0.5243345755495642;0.01981257311663945;;;;;
3023;4.49294133505797;1.0;0.6952977109717536;1.4873097031862725;0.012183067739872688;;;;;
3024;4.156145974369921;1.0;0.566651043557044;1.1956170335918908;0.041739685199211375;;;;;
3025;4.540232419036388;1.0;0.755214057374228;1.6722408591556905;0.015768642193510898;;;;;
3026;4.282357750145668;1.0;0.5469006705067385;1.1139940123875045;0.02542525434568745;;;;;
3027;4.52562272533457;1.0;0.5711197273422024;1.2122795592166025;0.0066749362266158305;;;;;
3028;4.3133237241969;1.0;0.7031506035021033;1.4909708742512136;0.026498637058576767;;;;;
3029;4.550866461559485;1.0;0.8096191819509196;1.8410686332685329;0.012829612042763729;;;;;
3030;4.230746070808357;1.0;0.6833094217326124;1.472320032567371;0.03305150415986633;;;;;
3031;4.582073391654968;1.0;0.8171259100289471;1.8358490704997814;0.01199461511718239;;;;;
3032;4.373454263423397;1.0;0.6250058841802636;1.3494591675394567;0.016601157169814904;;;;;
3033;4.350031941767236;1.0;0.6541816578713304;1.3765138292156136;0.017378535374763245;;;;;
3034;4.149710052693109;1.0;0.5990650934808499;1.110409647330614;0.03375180082129653;;;;;
3035;4.358066914929866;1.0;0.5811013136037761;1.168474878768067;0.027342836878919658;;;;;
3036;4.413026753391736;1.0;0.6014281912884623;1.2606940419233907;0.014556347630495766;;;;;
3037;4.477240067256357;1.0;0.5936253021387371;1.2454283133810984;0.008404170242345608;;;;;
3038;3.938876740943795;1.0;0.6643715070502102;1.420509925013159;0.0464644760066914;;;;;
3039;4.366629223877286;1.0;0.6506389159001912;1.34468989994999;0.018218714036569474;;;;;
3040;4.547375233813215;1.0;0.6257179437078574;1.4089400146711972;0.007654854018582496;;;;;
3041;4.098787317797351;1.0;0.5593016432947702;1.0576891131029384;0.021105801967706325;;;;;
3042;4.356609901626614;1.0;0.6340757820558925;1.315453143005884;0.029129112471504008;;;;;
3043;4.457942673262483;1.0;0.641230707575526;1.3757854111749785;0.013943540898063168;;;;;
3044;4.2874221145457705;1.0;0.5608419659455425;1.217573322943128;0.028642294809520633;;;;;
3045;4.399035356211054;1.0;0.6216378490147427;1.3239075693684472;0.013113692213976121;;;;;
3046;4.388051997984338;1.0;0.6273750189789243;1.3601407613746717;0.021073114055378993;;;;;
3047;4.1976109447697025;1.0;0.6419039854082821;1.3622192080046363;0.02715778434119387;;;;;
3048;4.381578218353365;1.0;0.5058527749932752;0.9888570599641011;0.012396357656036113;;;;;
3049;4.4400344523923625;1.0;0.6809886087316035;1.5030204191163699;0.018516732450968163;;;;;
3050;4.499770171285568;1.0;0.6330145318741922;1.3247320273026661;0.007703867007082282;;;;;
3051;4.402840205211136;1.0;0.5803692522317522;1.246015451798849;0.015933692301910617;;;;;
3052;3.9999745569489313;1.0;0.6059039024133157;1.3216663422789114;0.0401981761662967;;;;;
3053;4.110430270491746;1.0;0.5483748166017706;1.1450401097544334;0.03281207603859152;;;;;
3054;4.420387081965473;1.0;0.6176551795392095;1.3088050052502418;0.02303052101567122;;;;;
3055;4.048435409278779;1.0;0.5996717871860834;1.278115782865527;0.033440737868624636;;;;;
3056;4.424934543496896;1.0;0.7611372175780408;1.6852158693030737;0.022173714311935596;;;;;
3057;4.457897094982485;1.0;0.5966312317722018;1.235257749937072;0.011224991589316325;;;;;
3058;4.331464747062888;1.0;0.6957360426324942;1.5032341069016877;0.03263174722461776;;;;;
3059;4.276713981061566;1.0;0.699782026072455;1.456996340515224;0.021763120673599347;;;;;
3060;4.275535192092189;1.0;0.5393562872229578;1.1052315938375423;0.022943249405709805;;;;;
3061;4.522027776701586;1.0;0.6630758113402415;1.3571599879852172;0.011854927961944912;;;;;
3062;4.182086730170289;1.0;0.6816414542690842;1.4978755215438946;0.024639349433239588;;;;;
3063;4.178251847405083;1.0;0.54270417065879;1.1269602618459713;0.028957901066108578;;;;;
3064;4.294703701820209;1.0;0.6512230293950708;1.3908153749000391;0.020437259254221875;;;;;
3065;4.429198978990504;1.0;0.6272874434935606;1.360031185231831;0.01571348240742497;;;;;
3066;4.147815046719878;1.0;0.6577512505099135;1.346288324564245;0.023694903322069527;;;;;
3067;4.581789804343075;1.0;0.842978315067022;1.8978991374643885;0.00749141566559095;;;;;
3068;4.363336244567209;1.0;0.6509071448402882;1.4247866489293088;0.016232268514733427;;;;;
3069;4.447386787118724;1.0;0.5755691596190025;1.163550165026644;0.014344762557003898;;;;;
3070;4.095931247370028;1.0;0.6650657938028235;1.4276019893953915;0.026100180996215014;;;;;
3071;4.2548133303318;1.0;0.671162028981168;1.475782010995008;0.03251377144479437;;;;;
3072;4.333099109130416;1.0;0.43246613089134583;0.8553112723541902;0.010480327522228355;;;;;
3073;4.379459118968752;1.0;0.6797139928755034;1.4422369560137818;0.01054302928828432;;;;;
3074;4.391845918194399;1.0;0.5377118455786439;1.1209198695007623;0.01037488885783405;;;;;
3075;4.3625966954046795;1.0;0.5480727694863233;1.0687044175211637;0.012198443903054983;;;;;
3076;4.553326608655493;1.0;0.7882606214251529;1.7389631790474134;0.01004472202276336;;;;;
3077;4.3902749056816335;1.0;0.634078319712159;1.3622660162432343;0.015247042578817913;;;;;
3078;4.126484523879766;1.0;0.34169135544003176;0.717035392643148;0.01604985110425029;;;;;
3079;4.284895979019102;1.0;0.547785992210526;1.2021107278679886;0.0199993533387402;;;;;
3080;4.505755411585213;1.0;0.7000495245699636;1.493377171541886;0.01594453083504073;;;;;
3081;4.270287863364174;1.0;0.6296522983034857;1.2419581346108723;0.019371563989375794;;;;;
3082;3.905977646504186;1.0;0.5299772581079444;1.0449470613856238;0.035373987036632346;;;;;
3083;4.061917077528827;1.0;0.6643755563843988;1.4571182814220607;0.04368284787613902;;;;;
3084;4.466863613030466;1.0;0.6738330460777336;1.4431062361704743;0.006789629140022461;;;;;
3085;4.42013357611339;1.0;0.6264247153391665;1.372781228667267;0.018996736322097824;;;;;
3086;4.386695620822388;1.0;0.7275390560743199;1.6001602447062664;0.021306466035812023;;;;;
3087;4.2116382395116005;1.0;0.5704891520545005;1.1496004991551223;0.02359435807835231;;;;;
3088;4.23542934093246;1.0;0.5838586012612947;1.267563754088181;0.0342330403143601;;;;;
3089;4.033388473770115;1.0;0.6927878444255855;1.5310987031182854;0.0456141718750723;;;;;
3090;4.288995230368607;1.0;0.6169954733523294;1.2019698453669103;0.019854977077885163;;;;;
3091;4.479937154161256;1.0;0.7009197534039647;1.4674068566436593;0.010647629297051701;;;;;
3092;4.331068885040351;1.0;0.5878111992325554;1.200498246059344;0.01698302244421422;;;;;
3093;3.467568823416967;1.0;0.6648805731856686;1.4436644552399251;0.013852134951977828;;;;;
3094;4.51106336833019;1.0;0.7689468281421551;1.6709620575344;0.009568996681447168;;;;;
3095;4.063808906067077;1.0;0.6164487151761937;1.2799446174746316;0.03616866697224338;;;;;
3096;4.201916556859837;1.0;0.6367920363512237;1.3931722344488318;0.026367392473134778;;;;;
3097;4.412382296395289;1.0;0.688211545966872;1.4632701999130004;0.021336430062299065;;;;;
3098;4.54425838813925;1.0;0.8291493040611476;1.8788985490885404;0.01298069387053214;;;;;
3099;4.338448031466029;1.0;0.7169976045353437;1.6079804903166912;0.02373361930002152;;;;;
3100;4.36055861388191;1.0;0.6631581568393776;1.4106762696638162;0.015702543348228813;;;;;
3101;4.05137063448369;1.0;0.31448478404311;0.6409285683322358;0.027009849257525732;;;;;
3102;4.330870912060599;1.0;0.5509710482702417;1.1299941629984336;0.02175445954010556;;;;;
3103;4.373680839415455;1.0;0.660145300642525;1.458883526941019;0.027918152557575786;;;;;
3104;4.506958555206889;1.0;0.6690404818349227;1.4568701518417126;0.017061405698786513;;;;;
3105;4.170545899563324;1.0;0.543184046181595;1.140592477125178;0.028730349448114555;;;;;
3106;4.493439975514082;1.0;0.702926124953389;1.5153398349360392;0.008261191462401504;;;;;
3107;4.126219714049544;1.0;0.6467269687417178;1.4201324304184673;0.04030832800488086;;;;;
3108;4.305597041418402;1.0;0.5661860024930923;1.2054626193774711;0.019354693808123234;;;;;
3109;4.359606370949811;1.0;0.6306266777137487;1.3148557574682174;0.02265456688433886;;;;;
3110;4.107563047680866;1.0;0.5279937581521951;1.124567018109941;0.035310140264799124;;;;;
3111;4.352298281827149;1.0;0.5951731831250638;1.2682498682643666;0.02518970774306646;;;;;
3112;4.2892544989578845;1.0;0.7371056132764824;1.644680454207496;0.0296762498627631;;;;;
3113;4.508136910017641;1.0;0.7326460401269366;1.6138396120420222;0.013144789405009837;;;;;
3114;4.5171743731963865;1.0;0.6262776194461963;1.37897777198889;0.012336433061457111;;;;;
3115;2.609637348466417;1.0;0.5108605865711943;0.9724618156913151;0.030314435507529245;;;;;
3116;4.274727293281978;1.0;0.6144351385434815;1.3329888789658297;0.026619774453764962;;;;;
3117;4.491442189303099;1.0;0.5290900612448624;1.1533080254839145;0.008787177085878355;;;;;
3118;3.2634885811975556;1.0;0.17666888904124098;0.3625624424604868;0.01688014621072946;;;;;
3119;4.184315405083599;1.0;0.7196203606432691;1.598029378654637;0.03905700894581759;;;;;
3120;4.093766494214359;1.0;0.5351558506123987;1.0609120874902518;0.04534208166089565;;;;;
3121;4.334202612076923;1.0;0.7258688230785274;1.617507182262012;0.03070909562367016;;;;;
3122;4.451674205476016;1.0;0.7118535111815347;1.6288076991079046;0.01660007222717775;;;;;
3123;4.447742679936142;1.0;0.516094853904017;1.120518500286484;0.014242220255129702;;;;;
3124;4.510336882755067;1.0;0.5791960622798653;1.2551436525897404;0.008867696242366167;;;;;
3125;4.199024943042994;1.0;0.6110762770214729;1.2873529678664128;0.03087915718693059;;;;;
3126;4.360770237516483;1.0;0.7539864797754937;1.6984381303784135;0.0339160580862663;;;;;
3127;4.419288502756688;1.0;0.6323187472019116;1.434146713857906;0.01881972154818992;;;;;
3128;2.819543623543434;1.0;0.6120621472440984;1.2339084752009637;0.0341390456554619;;;;;
3129;4.2944769747329365;1.0;0.6830968746991488;1.5206237051652516;0.039235284020196555;;;;;
3130;4.407946434273033;1.0;0.4238870055921492;0.8848850098193698;0.009970226295637395;;;;;
3131;4.050794040192079;1.0;0.5524873975799329;1.1774750804991345;0.04143187368811647;;;;;
3132;2.1624030821290754;1.0;0.3739566085943794;0.7323173736547564;0.014524385634272104;;;;;
3133;4.169195504945739;1.0;0.60302491802902;1.2709462538531582;0.035039593165277785;;;;;
3134;4.205013032553861;1.0;0.67813321171661;1.487145383304017;0.03873267187809397;;;;;
3135;4.54140258413068;1.0;0.7404557243771855;1.641261292442918;0.017960387724230743;;;;;
3136;4.405919390271001;1.0;0.7206846548570844;1.614843742018948;0.021844714307322172;;;;;
3137;1.9928762440950836;1.0;0.49750588665609835;1.031127649826211;0.04244092724633095;;;;;
3138;4.076350964181654;1.0;0.7289952970966893;1.6222242148954673;0.058808251589719314;;;;;
3139;4.548044375207041;1.0;0.7444924013320222;1.6217516325317538;0.012975527144097424;;;;;
3140;4.595595754847421;1.0;0.8072614077047867;1.8198949401092681;0.012021416040901985;;;;;
3141;4.321381699383564;1.0;0.617908981445587;1.2911997306333627;0.02893704185844377;;;;;
3142;4.323529529454534;1.0;0.6197148620642388;1.300934632786474;0.03054356262740168;;;;;
3143;4.222795791733552;1.0;0.601652393980728;1.2656132319253408;0.032463297906418366;;;;;
3144;4.221067238859665;1.0;0.6392331450276177;1.4046069763625415;0.03399635500355793;;;;;
3145;4.564885398079225;1.0;0.7815459372503784;1.758896063210985;0.011292689502876015;;;;;
3146;4.514234432605645;1.0;0.5911848250416386;1.2461810791686403;0.00897071180484506;;;;;
3147;4.440924257922137;1.0;0.5591913994384895;1.190684585877361;0.011953153662579043;;;;;
3148;4.385836486890486;1.0;0.6421010599280115;1.4209656357945164;0.017101779197913967;;;;;
3149;4.40139890507811;1.0;0.6668918505124626;1.4395930316636012;0.018480813492921952;;;;;
3150;4.453278886440083;1.0;0.488029074067997;1.0135816506340505;0.011387631410490292;;;;;
3151;4.463526914180627;1.0;0.5733283086705443;1.185967561842355;0.01422713902295422;;;;;
3152;4.484396848456076;1.0;0.6592731680854685;1.319146899123342;0.00886814310837556;;;;;
3153;4.318069983113595;1.0;0.6152851411673017;1.3611669656596959;0.027274394613552397;;;;;
3154;4.5549018167186475;1.0;0.7518854856452843;1.6167255959213207;0.006292977029891258;;;;;
3155;4.457576171845662;1.0;0.5146253719936136;0.9961705888211296;0.005784555896221884;;;;;
3156;3.915442398690055;1.0;0.6630886701711725;1.4346021637716424;0.022501897273633328;;;;;
3157;4.5555098013631135;1.0;0.7115319506534361;1.5660705556014274;0.011262832602329145;;;;;
3158;4.06505575166589;1.0;0.5565887375862177;1.1671095282628858;0.05200446963577825;;;;;
3159;4.528027421980621;1.0;0.6645370593033331;1.4554106702314216;0.009306770793857682;;;;;
3160;4.2757503413426505;1.0;0.7651791872220071;1.7293919569762732;0.04293179089057963;;;;;
3161;3.9093747796972105;1.0;0.5583337309836592;1.1560176339972565;0.049130070594021115;;;;;
3162;4.448459982171509;1.0;0.5145956930942213;1.019841072847123;0.008442138691638507;;;;;
3163;4.328266434226622;1.0;0.7580724517219419;1.6500696036452565;0.030931789421841892;;;;;
3164;4.354739757184054;1.0;0.5180290382266324;1.1072705407203303;0.014834131387261138;;;;;
3165;4.040198304883745;1.0;0.6672579274342114;1.4478383911509767;0.05030419784776717;;;;;
3166;4.1169479307270915;1.0;0.512352830011782;0.9995787209763906;0.020662370935940876;;;;;
3167;4.373785364606432;1.0;0.7402534939224469;1.6572466977441735;0.033525673756745325;;;;;
3168;4.517025961362401;1.0;0.6805212566756283;1.4081375137701442;0.00507640213834182;;;;;
3169;4.359061995036689;1.0;0.3954994434111977;0.8021323355866532;0.013622677844977915;;;;;
3170;4.5114943520188495;1.0;0.5738758890279837;1.235438484118828;0.009501590345505555;;;;;
3171;3.937370143478924;1.0;0.6837143360792388;1.485493263759033;0.0640472897298924;;;;;
3172;4.2636766059580005;1.0;0.4372141307072107;0.8908461222611772;0.02432864178413384;;;;;
3173;4.45952238416859;1.0;0.6121248346761976;1.2709758950957466;0.012958574139825992;;;;;
3174;4.53761370046377;1.0;0.7567734569998079;1.6274641389349815;0.019132707766487064;;;;;
3175;4.125428493501249;1.0;0.6568193915710012;1.3859507706930174;0.03489088157743257;;;;;
3176;3.851378975618296;1.0;0.5762967748745718;1.1550821422511464;0.04542238407267018;;;;;
3177;4.405117084860041;1.0;0.6003426457673994;1.29968936899375;0.019803817286147822;;;;;
3178;4.474603538495321;1.0;0.7151486404166216;1.5037682640657353;0.01763567909603961;;;;;
3179;4.442429093956561;1.0;0.6564336365913641;1.375848659403705;0.019700922950919512;;;;;
3180;3.8742276487508134;1.0;0.6024614266090556;1.2570960800891187;0.040897031027193165;;;;;
3181;4.567648234436794;1.0;0.8380290041074469;1.8583510329696982;0.007794709641531563;;;;;
3182;4.091162492729117;1.0;0.6342240812418029;1.3429479113327867;0.028736392000516735;;;;;
3183;4.296988670641641;1.0;0.6957439434907179;1.5107500221444439;0.031537943065389734;;;;;
3184;4.337427342919663;1.0;0.6272319273040492;1.3153779546681967;0.024581055166179366;;;;;
3185;3.9453185939082944;1.0;0.625703169355787;1.3009069360983627;0.03896685512585764;;;;;
3186;4.013310929762779;1.0;0.6763875589347956;1.3903221862061514;0.04213313613589425;;;;;
3187;4.11993974323819;1.0;0.6310019975853591;1.2605374171007577;0.040024391653661937;;;;;
3188;4.2126448307295155;1.0;0.5827305154844279;1.1543336909418862;0.025165886135813643;;;;;
3189;3.8740567064846143;1.0;0.26865287997149745;0.5125704605701681;0.017369184921067926;;;;;
3190;4.168118517199674;1.0;0.6976475219891478;1.4780641755324095;0.03853948881247731;;;;;
3191;4.10486514498994;1.0;0.6000338484837275;1.218661151920293;0.031544877704239166;;;;;
3192;4.334688730077192;1.0;0.5403232452422392;1.0533900744920988;0.017274401625886667;;;;;
3193;4.4478031404845435;1.0;0.6133134461228733;1.2920888132246366;0.014018197505360125;;;;;
3194;4.3323011086594985;1.0;0.7078740898206808;1.5584702718080732;0.015056342602330132;;;;;
3195;4.29474101593552;1.0;0.5727859989282694;1.1787478443103263;0.013863061799911352;;;;;
3196;4.232827494599012;1.0;0.6545716113664661;1.4025967819132383;0.021819321114406428;;;;;
3197;4.39194721006043;1.0;0.6804481692650179;1.4633603339353771;0.021010944419442835;;;;;
3198;-3.8204911133032677;1.0;0.4639750568308548;0.8729239200853379;0.03994370359094655;;;;;
3199;4.001215478092417;1.0;0.6301676633776494;1.3601666057247075;0.04650360786864982;;;;;
3200;4.282383267870394;1.0;0.6484643403278039;1.2318457760083161;0.020420612562308656;;;;;
3201;4.144836207702701;1.0;0.5653339399438937;1.19635338549578;0.024089606916997554;;;;;
3202;4.318633820590033;1.0;0.38336959126979264;0.7264147772116518;0.010607790112911438;;;;;
3203;4.033287250871842;1.0;0.6805763795296391;1.4254718770957036;0.014122010851726149;;;;;
3204;4.104360965659673;1.0;0.6474286763611761;1.3337901465557647;0.02176094931347655;;;;;
3205;4.331863574155273;1.0;0.6842133414351022;1.4750462289870525;0.025013368841694552;;;;;
3206;4.094768695093287;1.0;0.6218338014500169;1.337742135963492;0.03546618433138648;;;;;
3207;4.484785908426949;1.0;0.5848488336383407;1.1763210400336288;0.004709106141405721;;;;;
3208;4.370159299416771;1.0;0.5454064131572022;1.1172603713487794;0.02227354006131194;;;;;
3209;4.355391020139206;1.0;0.6669025757153816;1.3404713094166811;0.015361880267465416;;;;;
3210;4.479656932256632;1.0;0.7571361706722468;1.4893843205698314;0.010326136883829749;;;;;
3211;4.435727808084091;1.0;0.5555040284894072;1.1166975497931622;0.010884833898901757;;;;;
3212;3.9936005952956233;1.0;0.5712464261802188;1.1162600949392771;0.032607769949834345;;;;;
3213;4.51251427932473;1.0;0.6545113532454171;1.3221989404232528;0.013010405927073518;;;;;
3214;4.53891579590947;1.0;0.7993489674222851;1.7918573420912525;0.01729339100605181;;;;;
3215;4.367771415681862;1.0;0.4463217801933407;0.8234052968188886;0.014243595779642551;;;;;
3216;3.4525941752036102;1.0;0.658435868961351;1.3233697401504267;0.015155688742042572;;;;;
3217;4.366974790374461;1.0;0.6043347533745809;1.1706887979459297;0.012664410976642027;;;;;
3218;3.8207863811530345;1.0;0.6612652336284863;1.3492063010765982;0.016719083867563624;;;;;
3219;4.460642412680912;1.0;0.6604635285881103;1.4550117816788841;0.016318722165416837;;;;;
3220;4.5624690556582115;1.0;0.7518638054161921;1.6237500507661835;0.01946366392778793;;;;;
3221;4.377640828670131;1.0;0.5088459825303178;0.9122558094441494;0.011573889163518352;;;;;
3222;4.278659832027019;1.0;0.548869889380425;1.0824385395421876;0.018744219607639327;;;;;
3223;2.015041611061514;1.0;0.1866916590400927;0.3375768702790443;0.016624609702066626;;;;;
3224;4.5223581558636585;1.0;0.7189929308293243;1.5608027538160445;0.012677326749015961;;;;;
3225;4.302224063763607;1.0;0.7355302928588068;1.6005960986710914;0.017463010457019548;;;;;
3226;4.330813472146355;1.0;0.7016217191763352;1.3555249338874098;0.014852703379181773;;;;;
3227;4.164121458782109;1.0;0.670590087033157;1.3428386092840678;0.027456632128360497;;;;;
3228;4.4839396112923655;1.0;0.7151130930753967;1.430705045739978;0.011378266340844469;;;;;
3229;4.128097981724733;1.0;0.5147629930584655;0.925046350935538;0.02798730233511246;;;;;
3230;4.261787947878633;1.0;0.6133883125778051;1.1754944038949386;0.01606279881391812;;;;;
3231;4.241599918840225;1.0;0.5395006626767482;0.9348457122680258;0.021192734740915393;;;;;
3232;4.338512314344141;1.0;0.7803765946207952;1.7207967136770588;0.019697081760701538;;;;;
3233;4.292854716758702;1.0;0.5628379128654851;1.0902908392141577;0.015328234667356085;;;;;
3234;4.321922174267768;1.0;0.5098098099033147;1.000421580771812;0.01690790267092519;;;;;
3235;4.35322963679535;1.0;0.6964914532046754;1.5174452870158401;0.020243521540289508;;;;;
3236;4.490360196737716;1.0;0.7211106306357769;1.5337671886149338;0.008951386138487599;;;;;
3237;4.411826150378511;1.0;0.6638697068231137;1.40136861578292;0.018308916052645865;;;;;
3238;4.392904173534376;1.0;0.6532714233286444;1.3415047629828476;0.01272280547659027;;;;;
3239;4.034464380693834;1.0;0.6899927835213854;1.416507514348716;0.03053294668481645;;;;;
3240;4.309892305149101;1.0;0.6328556836838706;1.265110494360153;0.017530199948040198;;;;;
3241;4.547780974360738;1.0;0.7809152527666936;1.6350578241633504;0.008209293152032284;;;;;
3242;4.5109417089309005;1.0;0.7085867905854187;1.5179363806580148;0.020213571326380325;;;;;
3243;4.13433773584382;1.0;0.6352803374760453;1.2658217344273288;0.028247475452058843;;;;;
3244;4.288538263997269;1.0;0.6463320253103589;1.3138725626456182;0.021056246448051607;;;;;
3245;4.434999064751448;1.0;0.4733114695991454;0.8888551401912825;0.01536560062885749;;;;;
3246;4.237438061320918;1.0;0.6207879856710691;1.2131363190915292;0.031881621887832196;;;;;
3247;4.4440128411795286;1.0;0.6503911274356514;1.3910356154331356;0.020516505706040866;;;;;
3248;4.2806099035523175;1.0;0.613353764795804;1.3099301041135298;0.025316862626787305;;;;;
3249;4.504882194195372;1.0;0.6716801616060912;1.3591678087769503;0.010562075483144884;;;;;
3250;4.414234930310668;1.0;0.5262732522559695;1.1126090774476263;0.0189322649264806;;;;;
3251;4.290205020495607;1.0;0.547008785082737;1.041193048538222;0.011730632746486745;;;;;
3252;4.578276319600315;1.0;0.7545441123167503;1.5526848128999025;0.0064732169598899665;;;;;
3253;4.216947646871545;1.0;0.5937180859837387;1.2296807021479934;0.030775660186118704;;;;;
3254;4.496576421979988;1.0;0.7793089554721802;1.6570049716808741;0.02216732283497612;;;;;
3255;4.481771295773626;1.0;0.6659552893768329;1.3754726801137394;0.006393725190881313;;;;;
3256;4.449169799962331;1.0;0.7789558169213632;1.731649188463034;0.016411545992489993;;;;;
3257;4.530814643514578;1.0;0.7564555878625191;1.6227382795295076;0.008692370266926845;;;;;
3258;4.2688711101425225;1.0;0.6089415439264376;1.0781801932181938;0.014774980846490723;;;;;
3259;4.468971427838419;1.0;0.7095543170651628;1.5019779142819512;0.020083666913184;;;;;
3260;4.513458927741782;1.0;0.618001251598464;1.3172210529238655;0.007167891508731542;;;;;
3261;4.413093085366024;1.0;0.6031669378379653;1.2172895766331178;0.014874296847373143;;;;;
3262;4.18100995683424;1.0;0.6554252533020235;1.3669439992632422;0.028790805533916063;;;;;
3263;4.585690943988563;1.0;0.8035617359016853;1.8008543063876887;0.01760541621875809;;;;;
3264;4.484039034185342;1.0;0.5443421794125967;1.1071872186553693;0.011937529135559833;;;;;
3265;4.237407069150839;1.0;0.6996696694570423;1.3533944751977947;0.023879120301861744;;;;;
3266;4.218327386437331;1.0;0.638945676639257;1.3808951315585707;0.03683754915201518;;;;;
3267;4.4442012834312665;1.0;0.6070423496822528;1.1452429064006846;0.011854281381522098;;;;;
3268;4.390487991062555;1.0;0.662754424763317;1.262484797546772;0.011664424512045959;;;;;
3269;4.083103634621527;1.0;0.7056153466189071;1.5496194140829191;0.03384379793535282;;;;;
3270;4.270953977788854;1.0;0.6429772926829367;1.2601804331378026;0.017972570490062907;;;;;
3271;4.592462493323979;1.0;0.7971332984944706;1.7710446610257207;0.0083422187185499;;;;;
3272;4.3200977414245365;1.0;0.5915624669744438;1.2384371537791168;0.021609034911385345;;;;;
3273;4.28374812162492;1.0;0.6887937623841194;1.465184092506694;0.02790003048274918;;;;;
3274;4.44459659188478;1.0;0.655111342811475;1.3165969999752194;0.010529209249019447;;;;;
3275;4.386400272213275;1.0;0.5899069709193561;1.21502440163095;0.012616195843054746;;;;;
3276;3.064589420240899;1.0;0.6390292128215216;1.249865343556316;0.03463364486985527;;;;;
3277;4.507110704060551;1.0;0.6277897827934305;1.2787260673278344;0.006195108096375371;;;;;
3278;4.395030380157859;1.0;0.6382081239770787;1.2874710616448144;0.013282524319297289;;;;;
3279;4.442152429535404;1.0;0.6354012509054446;1.2775448999790842;0.015061947631765302;;;;;
3280;4.447704512475794;1.0;0.6575620545458452;1.2981509009661287;0.010461229357539722;;;;;
3281;4.489995899488666;1.0;0.5702887757166736;1.089614581708354;0.00950845046206849;;;;;
3282;4.535719501625137;1.0;0.6159792630250868;1.3037666057019646;0.005354307584009357;;;;;
3283;4.319718095408213;1.0;0.6486628864467737;1.3656255154038623;0.014420520585854007;;;;;
3284;4.332076803420888;1.0;0.6285464062740475;1.321681142424379;0.021387381079472127;;;;;
3285;4.485987717898903;1.0;0.7134771758388113;1.5075574113481298;0.01631251271639114;;;;;
3286;3.364786119017121;1.0;0.6725446062698139;1.377351956563687;0.022656998175258788;;;;;
3287;4.437464351672359;1.0;0.6380413612423838;1.3076585037196506;0.012485287729691858;;;;;
3288;4.569511812075536;1.0;0.7515397297553139;1.644718206083089;0.007045076374045812;;;;;
3289;4.36782253555631;1.0;0.6621674157631618;1.3163068054399434;0.01302511832878494;;;;;
3290;4.376301180477372;1.0;0.7416617101540675;1.659005950109318;0.016015318774766574;;;;;
3291;4.496792662806331;1.0;0.5487118205046031;1.132477851749483;0.008604384917253256;;;;;
3292;4.537385236343005;1.0;0.6583449675572096;1.298986253985328;0.010188998998487183;;;;;
3293;4.349008669979855;1.0;0.7600411873538772;1.6882612410397593;0.028050795065270192;;;;;
3294;4.3733740051024395;1.0;0.7196478878684627;1.493717970603459;0.016021656045975097;;;;;
3295;4.486300351298894;1.0;0.5514814105014405;1.0309613848434722;0.004739445817342794;;;;;
3296;4.259286685643627;1.0;0.700607483757592;1.5471892821666402;0.030417366605389018;;;;;
3297;4.361749212617214;1.0;0.6067367439904122;1.2291827293394761;0.013973703706092659;;;;;
3298;4.344371495001451;1.0;0.721440550024159;1.617286657354274;0.023920874642016532;;;;;
3299;4.183954242493632;1.0;0.7086222258206722;1.5371090254497617;0.034572554534709574;;;;;
3300;4.419788326927732;1.0;0.6185127302642047;1.3261394179249113;0.01891794106665018;;;;;
3301;4.299743725049796;1.0;0.633325954592781;1.2554667393248273;0.02857457985005206;;;;;
3302;4.437164601461239;1.0;0.5715895147976301;1.1753033898747804;0.017158194778415528;;;;;
3303;4.389698950846448;1.0;0.711100720624156;1.5674911530146969;0.017370633509165564;;;;;
3304;4.3966451366389485;1.0;0.6019313604914457;1.2194936172188588;0.016275583229690287;;;;;
3305;4.559014446214222;1.0;0.7301264377917571;1.5735678094275205;0.009759918936261738;;;;;
3306;4.492377545684418;1.0;0.6086978511145918;1.26467901285516;0.0072428889239272865;;;;;
3307;4.0403099408513015;1.0;0.6042046149885839;1.2317722604894241;0.02968417760530289;;;;;
3308;4.574585146874583;1.0;0.7756148335672468;1.6814756399370878;0.012449052559849532;;;;;
3309;4.326684410103479;1.0;0.549960521557843;1.0637028302300389;0.023294090131400425;;;;;
3310;4.197405751737733;1.0;0.5894481443157362;1.0761806721138703;0.021033745043819302;;;;;
3311;4.443877402854178;1.0;0.6638547384261723;1.4076360450441499;0.017454867036751375;;;;;
3312;4.40192974492186;1.0;0.6196641487854925;1.2393919427894171;0.016999016746116497;;;;;
3313;4.229609929591582;1.0;0.445821258873379;0.7652561713748219;0.02714338789819592;;;;;
3314;4.335144007537625;1.0;0.743887303647541;1.6318269125935054;0.022926214088263962;;;;;
3315;4.303731589801813;1.0;0.6432289269956026;1.3883532118435395;0.016217994471979674;;;;;
3316;4.2729608475816665;1.0;0.6022712331481345;1.2542718828122967;0.021061168415277224;;;;;
3317;4.521538184914542;1.0;0.783140399090208;1.697943996154057;0.01656647408397844;;;;;
3318;4.484846659709568;1.0;0.6998346699352874;1.5286879540335827;0.012302291386746069;;;;;
3319;4.518828713184144;1.0;0.8018741100978499;1.8021953995475353;0.011427153012240211;;;;;
3320;4.3177687273621785;1.0;0.6131216010944847;1.309337036967492;0.021811969626552498;;;;;
3321;4.245053998334514;1.0;0.6591444961680732;1.3477508990288012;0.026973867995097107;;;;;
3322;4.405837358325777;1.0;0.6656788966056807;1.4505497350999144;0.016827864349882652;;;;;
3323;4.3062783230158335;1.0;0.6803168902789162;1.4817719484301144;0.015745635779738004;;;;;
3324;4.530933826460694;1.0;0.7658137160864289;1.7268611956511515;0.014485483599088125;;;;;
3325;4.423485886184113;1.0;0.5811686962744893;1.1384096616204311;0.014290845367925364;;;;;
3326;4.489259301101967;1.0;0.5871165746620716;1.2219672631129808;0.00850946252938889;;;;;
3327;4.517124200532038;1.0;0.6229918268734792;1.3214820526373536;0.005958872883555116;;;;;
3328;4.3602033428214915;1.0;0.6920287468784746;1.4874998077933417;0.024940528336407464;;;;;
3329;3.5067639178466257;1.0;0.3001832891539203;0.6151789959481639;0.023197892907157708;;;;;
3330;4.270558840029161;1.0;0.6600604365277664;1.420954487466464;0.03161435186498038;;;;;
3331;4.530275338909253;1.0;0.7312301341388907;1.567852267911913;0.015952104827631118;;;;;
3332;4.571762660112518;1.0;0.7768857225864085;1.7505589835783537;0.008579430069301947;;;;;
3333;4.310316332336634;1.0;0.7058763033078957;1.5540940920522321;0.02090748127129609;;;;;
3334;4.573589470415207;1.0;0.7959763433620514;1.7578757805749783;0.010423869986281656;;;;;
3335;3.9996515498453435;1.0;0.6309766908308605;1.3282434753866257;0.023961626269223237;;;;;
3336;3.1959179703668874;1.0;0.5035642107843918;1.0303330116617762;0.025647461268054384;;;;;
3337;4.518802199441541;1.0;0.6774167662715714;1.440260360706988;0.008038536865950574;;;;;
3338;4.140027288659999;1.0;0.6350041444846197;1.2787066914077756;0.027496021014862128;;;;;
3339;4.253743527603318;1.0;0.6823116704326035;1.4847494758327524;0.02744404719794885;;;;;
3340;4.531813732903412;1.0;0.8088991247690701;1.7752982759483675;0.011937445074572667;;;;;
3341;4.564319980568872;1.0;0.7662283980508386;1.6380383830648162;0.006049916620047411;;;;;
3342;4.57810188224148;1.0;0.8236086852189638;1.827350509569377;0.006702589661541992;;;;;
3343;4.344952304227643;1.0;0.6840583339700196;1.3972712429229646;0.025598794839267542;;;;;
3344;4.463326919347532;1.0;0.6650898095023148;1.3620738063655424;0.015312927609822474;;;;;
3345;4.420359065891838;1.0;0.7517468660183807;1.6934436583534436;0.022006290750417656;;;;;
3346;4.372509769817031;1.0;0.706400438494617;1.5610012208177548;0.0307857625645696;;;;;
3347;4.408308948971626;1.0;0.5383831069945301;1.0315898869242486;0.01329890137634572;;;;;
3348;4.193552460675953;1.0;0.5220705988599187;0.9771239914054497;0.010263961103373468;;;;;
3349;4.4181814572227145;1.0;0.7279958643764926;1.567911155305376;0.023389497084686253;;;;;
3350;4.564983968985549;1.0;0.7997614480507824;1.8154581775216694;0.017185297342205412;;;;;
3351;4.505017901084015;1.0;0.6121061690899092;1.290184184415944;0.009574388596774633;;;;;
3352;4.489342615815867;1.0;0.7594500552535488;1.6556557663976184;0.014987631994546086;;;;;
3353;4.438576615034251;1.0;0.7129342216051606;1.5050894445826017;0.01658604580428115;;;;;
3354;4.522548718585232;1.0;0.6813714468296159;1.4734303009510625;0.011880966956889083;;;;;
3355;4.197660435873566;1.0;0.6569203939803511;1.3943401243453173;0.038254303979931556;;;;;
3356;4.265017799354161;1.0;0.6680003078892749;1.44256611482412;0.026289818709132846;;;;;
3357;-0.38212470621697303;0.0;0.0;0.0;0.006224506834915817;;;;;
3358;4.34427776930067;1.0;0.6307704349186418;1.2881046825336646;0.016264025552755166;;;;;
3359;4.15878263710499;1.0;0.6781155563240722;1.4037258384326665;0.03613346617295658;;;;;
3360;4.5929448430395;1.0;0.7661026539451373;1.7495437019370574;0.010123400733630654;;;;;
3361;4.485594228404115;1.0;0.6017705681268497;1.2356353974697725;0.008471699341732655;;;;;
3362;4.406486869304132;1.0;0.7658537115700503;1.695924065255168;0.020026832644398144;;;;;
3363;3.445216418839545;1.0;0.6095929368991669;1.1988611761861185;0.03452398667375803;;;;;
3364;4.453686365644083;1.0;0.6840601631744728;1.4250379680769016;0.011119366341139756;;;;;
3365;4.373808934621389;1.0;0.6004072917730111;1.264925724629327;0.013829520640317337;;;;;
3366;4.346957582640094;1.0;0.6110559251275414;1.2891735650506435;0.028358180208561894;;;;;
3367;4.354344874629529;1.0;0.6654578600258372;1.4696184143549331;0.02634448497891605;;;;;
3368;4.422105451080871;1.0;0.608305600427389;1.1946681607385436;0.014112270722083995;;;;;
3369;4.505338228864771;1.0;0.6445338305378793;1.2671733319718752;0.01344301283658548;;;;;
3370;4.486444520170649;1.0;0.658559809260624;1.308863252668059;0.013667518137211253;;;;;
3371;4.526837152618361;1.0;0.7574015513939515;1.6836813289308514;0.015027450517491266;;;;;
3372;4.3157594789771965;1.0;0.6475024903036909;1.3445179000613412;0.03155178413250134;;;;;
3373;4.5384248864747345;1.0;0.7188850074669619;1.5084167445690473;0.007716072907920742;;;;;
3374;4.4582258618951;1.0;0.6034619772004756;1.2231082236745747;0.013914018348726024;;;;;
3375;4.418655977335975;1.0;0.5615904452236905;1.1397596204490765;0.011176003392145481;;;;;
3376;3.8137286996513007;1.0;0.49101404187551584;0.9595992149646864;0.03969688704330428;;;;;
3377;4.27604794123798;1.0;0.6932955394425514;1.4185094565037952;0.024686185238128988;;;;;
3378;4.420753825955708;1.0;0.6451359355393003;1.339897724781923;0.01369687637731987;;;;;
3379;2.0614887920094924;1.0;0.5322494064326394;1.0620441877530085;0.03740180400995839;;;;;
3380;4.475134034428196;1.0;0.6689202430868095;1.4119563779396105;0.012805704268107562;;;;;
3381;4.494121963221928;1.0;0.5573371688052156;1.1091941135175114;0.006181340305222118;;;;;
3382;4.411797870203537;1.0;0.6812698735729802;1.4475262265541813;0.01777499407092695;;;;;
3383;4.3259800004514934;1.0;0.7150052323042263;1.5948565722829413;0.03190577648403062;;;;;
3384;4.270678896953069;1.0;0.6432832411246234;1.3743425287848696;0.0335134838879954;;;;;
3385;4.251249216383732;1.0;0.6287438726890403;1.2502627988678165;0.020161345406128618;;;;;
3386;4.519359793290412;1.0;0.6937487832889937;1.4952540172379098;0.009960787779521113;;;;;
3387;4.255800547098339;1.0;0.679862861411282;1.4572934853785338;0.03474492715854161;;;;;
3388;4.520674829130747;1.0;0.8043976117935616;1.7743700851266768;0.017905661596415975;;;;;
3389;4.243081340254794;1.0;0.6641911705477325;1.3856918830964446;0.03134118206863832;;;;;
3390;4.462429487430837;1.0;0.5255418585674804;1.0760327554930653;0.008286469020041461;;;;;
3391;4.426291273899298;1.0;0.6570967461768478;1.3375780165158142;0.0060950682084732685;;;;;
3392;4.408116080069228;1.0;0.6408421517389546;1.2508386779559122;0.012319076936309277;;;;;
3393;1.3191440914409813;1.0;0.5415829460174125;1.0908123225179918;0.043339026736673475;;;;;
3394;4.16899370008803;1.0;0.6759317248733242;1.46823121519406;0.04385532788518937;;;;;
3395;4.547284999766975;1.0;0.6941613766225511;1.5117597587740148;0.011933835428795753;;;;;
3396;4.355363334815988;1.0;0.7001134934863391;1.467336114455782;0.024425720105140943;;;;;
3397;3.976944196074536;1.0;0.7056657572476331;1.5349534741940178;0.04815373519040254;;;;;
3398;4.414191311260514;1.0;0.6676146558241305;1.4283775116954358;0.02357536061549186;;;;;
3399;4.5528216867917335;1.0;0.7209993312494828;1.6339692852673884;0.009783532691906058;;;;;
3400;4.337991307401168;1.0;0.7220147768514312;1.6148849104103493;0.03177367024309075;;;;;
3401;1.3053348124746458;1.0;0.42162270674361785;0.77810422684822;0.02630420278002036;;;;;
3402;4.518308426373522;1.0;0.6048815177167925;1.229017514837273;0.007632457036881974;;;;;
3403;4.3896987641961625;1.0;0.6301327638007257;1.273321144742534;0.01577115886752354;;;;;
3404;4.520270062325775;1.0;0.7280637602937943;1.5734487768421948;0.01049608558988109;;;;;
3405;4.488388748164983;1.0;0.7783722112032192;1.7275152364351496;0.015082597370363358;;;;;
3406;4.290290475504619;1.0;0.6884909289993927;1.4133663224859416;0.02367427613116659;;;;;
3407;4.3749146741421425;1.0;0.7395759158179807;1.669596665681215;0.018935504098475463;;;;;
3408;4.383847169864105;1.0;0.6862816983183814;1.4647256812233145;0.017868678643707815;;;;;
3409;3.870793597969748;1.0;0.6191853854999054;1.1995013846297053;0.040312793224555894;;;;;
3410;4.622286465116137;1.0;0.8455555034605285;1.9080705159758817;0.004128013058798399;;;;;
3411;4.545007768789828;1.0;0.7874552900897741;1.7680960670769807;0.011439939063124788;;;;;
3412;4.245623756476766;1.0;0.6191348469299665;1.2327373372742443;0.02328712951312624;;;;;
3413;4.472466943049568;1.0;0.7304327603008405;1.6061120199168886;0.022364351613016073;;;;;
3414;4.482697689169503;1.0;0.584827906003968;1.1593081210112806;0.007698305176980428;;;;;
3415;4.1546540470799425;1.0;0.6673039838453462;1.466101776443578;0.03929083137604442;;;;;
3416;4.455651555217532;1.0;0.5413492078726131;1.0889955704226102;0.008349189362957879;;;;;
3417;3.4081655678101326;1.0;0.7006596160911379;1.5084389882664477;0.03959387823892725;;;;;
3418;4.427391125079761;1.0;0.750230912512594;1.682092592424613;0.023303452091738855;;;;;
3419;3.1282875364735143;1.0;0.44507356996880926;0.843295146977573;0.014987309337271158;;;;;
3420;0.5541354380183008;1.0;0.47598580239083993;0.9333379709279751;0.03770366266295309;;;;;
3421;4.428814573615775;1.0;0.6342932868546569;1.303745094699855;0.014891402252254337;;;;;
3422;3.472233108181104;1.0;0.7245697448403721;1.5173966032294712;0.025046842536495327;;;;;
3423;4.463351887537087;1.0;0.5787278322247085;1.0782375002453064;0.006139868325462378;;;;;
3424;4.417732085769726;1.0;0.6740436616410999;1.4383811547679481;0.018174479539296354;;;;;
3425;4.42960945879241;1.0;0.6392680754770503;1.3161156619565437;0.010876581443272868;;;;;
3426;4.242082005647567;1.0;0.5763761593947633;1.1882098227305435;0.0317140760665756;;;;;
3427;4.317497107468839;1.0;0.4589045809838537;0.8661092907477567;0.017720887854375405;;;;;
3428;4.087271815456836;1.0;0.4376457976130112;0.9171654966949088;0.025181538868488167;;;;;
3429;4.231349707019569;1.0;0.6975521350281003;1.5408805852238063;0.02838769430618824;;;;;
3430;4.462028529648898;1.0;0.6313954560476127;1.3706690357165248;0.012355018528607402;;;;;
3431;4.434896143674135;1.0;0.6437446519920575;1.2939649386233123;0.016369264373868004;;;;;
3432;3.251417208298674;1.0;0.5122987481238314;0.9370661734566936;0.007320322349477991;;;;;
3433;4.393399690783767;1.0;0.7260832818009139;1.6208636204623335;0.0252499604588683;;;;;
3434;4.509532533246188;1.0;0.6996743372623212;1.5160593881799778;0.014704657587933156;;;;;
3435;4.122830616898261;1.0;0.6778820235917772;1.5086025848333464;0.035781318176316884;;;;;
3436;4.022533469533409;1.0;0.6680231882971543;1.392245777076076;0.04083123771303498;;;;;
3437;4.363168598593809;1.0;0.6346498750206099;1.330410061340328;0.022358065210620993;;;;;
3438;4.372934876120249;1.0;0.4320317958227279;0.8060566251584963;0.005384622250907217;;;;;
3439;4.355159134374244;1.0;0.7175518940168416;1.5512322561466847;0.02061313210636231;;;;;
3440;4.371834572248444;1.0;0.6766866796794988;1.398374735754284;0.021352643055529804;;;;;
3441;4.507014698060681;1.0;0.7114697467951937;1.5041339721059954;0.009052275530543325;;;;;
3442;4.188252592225765;1.0;0.4709708135778139;0.8932038831466436;0.006986703646353479;;;;;
3443;4.386828195787595;1.0;0.6768796274401618;1.3993893540949682;0.016609361336429023;;;;;
3444;4.326430860662718;1.0;0.7148328987491016;1.582020252210192;0.016185459215171564;;;;;
3445;1.6418892480104583;1.0;0.4763196164421654;0.9401671999487399;0.05660021129170023;;;;;
3446;4.260889866853781;1.0;0.7005410359235714;1.4418991829919305;0.018929741690669227;;;;;
3447;4.148863223327653;1.0;0.27970857440234703;0.5201427415541486;0.013244028570667933;;;;;
3448;4.3012725604469;1.0;0.6260328346980749;1.2049304419914015;0.02247365406413159;;;;;
3449;4.503721180609133;1.0;0.6543532885292656;1.3556805931545244;0.011495683620491358;;;;;
3450;4.487666208931492;1.0;0.659729624074412;1.2957618531767479;0.016734147000975242;;;;;
3451;4.506691579927445;1.0;0.735422053317815;1.6364776302569444;0.017626669097685066;;;;;
3452;4.331994337223469;1.0;0.7457234178668594;1.627555773806153;0.02669603929018738;;;;;
3453;4.374570764390084;1.0;0.6710182126209343;1.3761203539979003;0.02088552704699395;;;;;
3454;4.212571537330705;1.0;0.6583799796297526;1.3645586824918936;0.02886427802263784;;;;;
3455;4.4628680978738835;1.0;0.5607816468697934;1.1516247388066672;0.008313968950964536;;;;;
3456;4.225846182521237;1.0;0.613619021210848;1.2300524298467659;0.02423747908038548;;;;;
3457;4.413521027675506;1.0;0.5815390014169726;1.1099129797678875;0.012890451160767855;;;;;
3458;3.826233023924482;1.0;0.46184689555224845;0.9574252672593828;0.027165162779293688;;;;;
3459;4.39800103271047;1.0;0.6533565366533406;1.3858577973242239;0.01840807917891638;;;;;
3460;4.480347657732819;1.0;0.5576496321942863;1.027125501843936;0.007752713215686884;;;;;
3461;4.5118398648045765;1.0;0.6290400806422334;1.240900631135815;0.011225407269203146;;;;;
3462;4.461106650449345;1.0;0.6501168844830217;1.350710259099365;0.01355509295578718;;;;;
3463;3.8462906623257402;1.0;0.5044740790183017;1.0416130071399554;0.041004942131737894;;;;;
3464;3.9632285498556987;1.0;0.26186177371092245;0.48535466744013095;0.005502150226791723;;;;;
3465;4.399848556986868;1.0;0.726032002249822;1.590721817988646;0.027428952153723193;;;;;
3466;4.378336093358153;1.0;0.66899275389627;1.4718807437498496;0.02007428036600595;;;;;
3467;4.595159693381012;1.0;0.7925489588616196;1.739379490582437;0.017470245718642037;;;;;
3468;4.324003321097778;1.0;0.5830640430678671;1.2382883634019595;0.012410079626671422;;;;;
3469;4.461963014551877;1.0;0.5686067832083822;1.187707601051126;0.008442368641550544;;;;;
3470;4.524458759125617;1.0;0.6627194896748;1.3831644431532433;0.012068165354417768;;;;;
3471;4.285658814680762;1.0;0.6717737134037671;1.485941505834837;0.03423091834200209;;;;;
3472;4.066330277425959;1.0;0.6434790528770863;1.358493589144998;0.04236480228924964;;;;;
3473;4.184584158851727;1.0;0.6087525946183564;1.155754532416564;0.03351864824591029;;;;;
3474;4.547462862197756;1.0;0.6643104617329448;1.4291979532049384;0.007835734885419214;;;;;
3475;4.365873050255469;1.0;0.6604518820351034;1.4346925218103213;0.02724572953832907;;;;;
3476;3.9472933032114677;1.0;0.515068080310316;1.0162129704143497;0.042584128161292596;;;;;
3477;4.342432972065314;1.0;0.6698696472657023;1.5035662687519205;0.024711296428741574;;;;;
3478;4.159115765981478;1.0;0.7153981332803075;1.476399467023506;0.03450699009840413;;;;;
3479;4.305292704290311;1.0;0.6351566899660995;1.375312460794175;0.02574910717480793;;;;;
3480;4.591767700839906;1.0;0.8136921864675;1.8057207074491148;0.013269785996098859;;;;;
3481;4.0089560994123;1.0;0.7040225933716441;1.418037402604957;0.05964186851904346;;;;;
3482;4.490804850140111;1.0;0.5183998693807731;1.1123462238198465;0.009342163294068147;;;;;
3483;4.027769706709208;1.0;0.637591895140488;1.2801012487890038;0.05355756623956192;;;;;
3484;4.431138027304633;1.0;0.5846653026325808;1.1388685901694142;0.012327383928769234;;;;;
3485;4.249864236605578;1.0;0.6450812669604399;1.396563196970326;0.0367040979617324;;;;;
3486;4.0514002745157995;1.0;0.5680168822679482;1.0542711132384366;0.04082907726378522;;;;;
3487;4.0083409113765915;1.0;0.6321453933464374;1.3203565870664076;0.05341458469262223;;;;;
3488;4.350944004037288;1.0;0.6173578659980159;1.3259248692939611;0.019228067820518925;;;;;
3489;4.19786959372603;1.0;0.6670334950449706;1.384428509498568;0.03004574651584297;;;;;
3490;4.52250292534752;1.0;0.6667263846159377;1.3369638941346365;0.014876831450647707;;;;;
3491;3.746307319320872;1.0;0.6116180772620258;1.2767280225326076;0.057798896629100247;;;;;
3492;4.356140268120395;1.0;0.6603314684430904;1.3447624926347221;0.035249329409216996;;;;;
3493;4.370882852428764;1.0;0.7658778470253941;1.7091681039028441;0.021990240550594013;;;;;
3494;4.163996890623428;1.0;0.5932749396580778;1.2728890000668154;0.028299652773463913;;;;;
3495;4.392711896141335;1.0;0.6744450629239478;1.3400957533931375;0.015343771768170653;;;;;
3496;3.920813970747839;1.0;0.44413922874496775;0.8877160576521894;0.025460643217165957;;;;;
3497;4.503000996949938;1.0;0.7262790869031391;1.5490369806277826;0.011862185431134532;;;;;
3498;4.238679827079138;1.0;0.7237595428930531;1.5785702643024109;0.020867716801878274;;;;;
3499;4.4372596501531705;1.0;0.6640692617948171;1.423332499771908;0.012275639110284916;;;;;
3500;4.488479712736909;1.0;0.6597407873216272;1.3404429523352253;0.019904050548212007;;;;;
3501;4.331750503621805;1.0;0.7020875733991278;1.5180085569649757;0.026196182386968348;;;;;
3502;4.483204022801263;1.0;0.6442577652681338;1.3688694079353914;0.016368943121157525;;;;;
3503;4.410214186917949;1.0;0.5721165397477076;1.1267702497708498;0.017386892959317595;;;;;
3504;4.39873180835443;1.0;0.680254829736165;1.421578623350181;0.014608621580123646;;;;;
3505;4.5147471951574065;1.0;0.6724361634806527;1.3615330434471948;0.015747939966958332;;;;;
3506;4.514526610890912;1.0;0.6806602112618205;1.4677917692207183;0.011637829390539142;;;;;
3507;4.14388812366443;1.0;0.6692521406820635;1.449523580175887;0.016922627750058573;;;;;
3508;4.547873045646481;1.0;0.642186598397744;1.3553252025944706;0.007171210414534912;;;;;
3509;4.176536722269883;1.0;0.6657001251407162;1.4115035294844176;0.035105563600623974;;;;;
3510;3.4484801609110995;1.0;0.6841380247822458;1.3551784019473299;0.007264654513328696;;;;;
3511;4.2195523899144405;1.0;0.4167956335365631;0.8568956025214222;0.012425210378146612;;;;;
3512;4.386089047020469;1.0;0.6956013139053862;1.3891445727844598;0.02702374252567575;;;;;
3513;4.479457763658077;1.0;0.5843259849920646;1.1924031624695897;0.01921791924598049;;;;;
3514;4.189342750952401;1.0;0.7205226086045541;1.5378516784409693;0.04234481794835507;;;;;
3515;4.421617170896969;1.0;0.6024870150141886;1.2416233216017039;0.021439458632669262;;;;;
3516;4.300771679221372;1.0;0.5653749701472262;1.1221854940544465;0.0224997705059294;;;;;
3517;4.503078471410174;1.0;0.8039645356767715;1.7295243829806353;0.017372981399881433;;;;;
3518;4.421521552677524;1.0;0.6701564828794757;1.445126901964219;0.01671417538499097;;;;;
3519;4.428814426865705;1.0;0.7054412020555144;1.4460220284390466;0.016981948261895922;;;;;
3520;4.391430418783324;1.0;0.6152358096780444;1.2861616364365;0.01660757559483902;;;;;
3521;4.482439080869377;1.0;0.6500411510380024;1.278499985771256;0.012049322439935613;;;;;
3522;4.363341871687729;1.0;0.6620980368493368;1.3503982810657;0.020570685913191833;;;;;
3523;4.5833719975149485;1.0;0.7917240716297236;1.7230858763740882;0.006976142395477231;;;;;
3524;4.436911825962348;1.0;0.6479411423397018;1.361204086102131;0.013766489285467934;;;;;
3525;4.2868996985294965;1.0;0.6458721625207683;1.3613180933993;0.04104685296763936;;;;;
3526;4.479893247123075;1.0;0.6684410713115818;1.4433417940961546;0.013981552169110838;;;;;
3527;4.241553618364582;1.0;0.6470631920023274;1.382434181783547;0.017959515742279355;;;;;
3528;4.3659129652973;1.0;0.47192179721309396;0.9610512974083747;0.021613368459621505;;;;;
3529;4.561299356889516;1.0;0.6922056645309543;1.5080919496797585;0.009535247593449368;;;;;
3530;4.556386949207209;1.0;0.7225853907679779;1.546812943273684;0.014253909707280082;;;;;
3531;4.301382185727779;1.0;0.6514933345043166;1.4069010469167675;0.020365644460415725;;;;;
3532;4.456604457669698;1.0;0.7343940866030813;1.4950671437864023;0.015216879087624067;;;;;
3533;4.4556225666426545;1.0;0.5185391472037963;0.9757272021830153;0.01186773909735006;;;;;
3534;4.488083958002551;1.0;0.693946396831862;1.4148915119890342;0.018086874829074086;;;;;
3535;4.3713897542550955;1.0;0.6927832042622856;1.5471447011286348;0.019511110698730384;;;;;
3536;4.09799427334532;1.0;0.7262094768715748;1.5743316772315312;0.03305120618223744;;;;;
3537;4.433740044612448;1.0;0.5212191136263864;1.0310188351727287;0.014438352371666683;;;;;
3538;4.39933180417135;1.0;0.7290302322985761;1.5660197841738428;0.022499375692805492;;;;;
3539;4.3445918493764495;1.0;0.6430706916569313;1.2429787389882838;0.013596846002417883;;;;;
3540;4.493015671773987;1.0;0.5700786798689758;1.1088759295113009;0.005805011316349011;;;;;
3541;4.405638274980925;1.0;0.6620063427567162;1.3439230459280005;0.004642576519344045;;;;;
3542;4.320309169416598;1.0;0.7103204478385196;1.5325897532868993;0.023207528089868316;;;;;
3543;4.465365710849525;1.0;0.8124874170357415;1.7971815786749923;0.01571090808141497;;;;;
3544;3.7518055725897126;1.0;0.7300120492108879;1.5992823728562218;0.029131728292814425;;;;;
3545;4.483474067894333;1.0;0.5399205731145587;1.153306474733936;0.010481906814732184;;;;;
3546;4.463445629745913;1.0;0.6158520422485895;1.2786896437205402;0.006577914635756878;;;;;
3547;4.420454241554196;1.0;0.5902147360721565;1.1791941916019442;0.007756766752850037;;;;;
3548;4.452725705981584;1.0;0.5869389503407564;1.173611025612096;0.011643037319733585;;;;;
3549;4.2945834949493875;1.0;0.6441003714091528;1.373921187993639;0.02748200115470874;;;;;
3550;4.144458880352099;1.0;0.6616449888462738;1.295541232713625;0.019783986779686628;;;;;
3551;4.210028888257202;1.0;0.5950532119458986;1.2053423514000903;0.017110086207772032;;;;;
3552;4.27594971000066;1.0;0.7332414387970569;1.569862222524861;0.026353386891513075;;;;;
3553;4.5527181120893845;1.0;0.7214202772471873;1.5832117610948586;0.009816792866144407;;;;;
3554;4.494388589063458;1.0;0.5669774015493884;1.1311585328725147;0.0093872157201897;;;;;
3555;4.288390595608075;1.0;0.6202494413424963;1.3248567771404902;0.024733568390539192;;;;;
3556;4.218813024946712;1.0;0.7158042394032833;1.5796538329870171;0.03359738678258879;;;;;
3557;4.483602098484665;1.0;0.7660058966245658;1.6629434124665818;0.009265633926435;;;;;
3558;4.381435201562621;1.0;0.7270615470334648;1.5948470707376272;0.02186577732540042;;;;;
3559;3.9549460158255316;1.0;0.6693063374180412;1.4449548033270259;0.0566885813439919;;;;;
3560;4.401798990646654;1.0;0.4754697654059387;0.9898266119392798;0.014548837391025943;;;;;
3561;4.441075510531123;1.0;0.5785156464207281;1.1629794345882816;0.009029402965279607;;;;;
3562;4.422207848845854;1.0;0.637593147188611;1.3266006819366798;0.005966838443472067;;;;;
3563;4.5311082701843945;1.0;0.7191315312712739;1.4586743858338842;0.02100466855294284;;;;;
3564;4.4419235647400255;1.0;0.5625179813469121;1.1621543894382118;0.014503934941563247;;;;;
3565;3.7803668250078815;1.0;0.6517892415738037;1.3624707908092906;0.01934329966809296;;;;;
3566;3.5164744334961697;1.0;0.34877445180986627;0.6894361888162828;0.011744595254037234;;;;;
3567;4.470208041331709;1.0;0.6012044147113401;1.207808215264124;0.012406163520711447;;;;;
3568;4.494616078683321;1.0;0.6058985892982355;1.2747252062284118;0.020383202709781667;;;;;
3569;4.473355970968945;1.0;0.6805474735816116;1.3878269991919934;0.013458898650666837;;;;;
3570;4.508044424555099;1.0;0.7449034817210267;1.618232161182194;0.01275314368895617;;;;;
3571;4.524963141563555;1.0;0.6751565252795156;1.3401345020522877;0.011651983881586558;;;;;
3572;4.419869970057032;1.0;0.650765649430597;1.3626523471100327;0.010191487859246494;;;;;
3573;4.331007872848658;1.0;0.6422913835708355;1.2874022694124037;0.016615004499346563;;;;;
3574;4.536033457631177;1.0;0.7349410654472085;1.542464303613784;0.01141969602256289;;;;;
3575;4.457441512301229;1.0;0.7462190115300553;1.6040358504207155;0.014441409873389575;;;;;
3576;4.180398118808106;1.0;0.7313980848699254;1.604144404456509;0.039071928149328104;;;;;
3577;4.54629908862653;1.0;0.7751517566374997;1.709749506943461;0.013448518710373832;;;;;
3578;4.562501574841315;1.0;0.8061917287268608;1.7848621068291135;0.015434550097564436;;;;;
3579;4.407928630569096;1.0;0.4668575097112088;0.9077515961955952;0.010586212597814023;;;;;
3580;4.5217817038885775;1.0;0.7182329735561488;1.5745770156010561;0.012686643671436596;;;;;
3581;4.561114319604342;1.0;0.670548467275881;1.4800043477526246;0.01027405662520425;;;;;
3582;4.144003973390937;1.0;0.6671551759367729;1.3602065335561173;0.03300787152434075;;;;;
3583;4.2792807682383085;1.0;0.7304714347868945;1.6367065468914435;0.037044143109914544;;;;;
3584;4.093918826753316;1.0;0.4028101964342158;0.8322438154405268;0.015155246092084733;;;;;
3585;4.513428093038048;1.0;0.7257183579375048;1.6171235217158069;0.013698444327098996;;;;;
3586;4.322118902271811;1.0;0.7179569537215135;1.501499826179726;0.030417785345121944;;;;;
3587;4.084799133106236;1.0;0.6099822144123268;1.242301967828341;0.029287840098924423;;;;;
3588;4.372863059942693;1.0;0.6087807280322699;1.2788256032518948;0.021788755067834863;;;;;
3589;4.231193160323332;1.0;0.6535492954121059;1.376387223038426;0.020297041814423038;;;;;
3590;4.3294021107265905;1.0;0.6483588907624469;1.3810392804342215;0.0205993956924199;;;;;
3591;4.2952101523068285;1.0;0.6055796757432602;1.2700449902100772;0.016343726719863436;;;;;
3592;4.397413801013615;1.0;0.7896314573528687;1.770689791619643;0.02177313688090922;;;;;
3593;3.159219288895617;1.0;0.6547645691786624;1.3926547403411274;0.02529233604884979;;;;;
3594;4.371709027117499;1.0;0.6694351348781876;1.4213743809123318;0.022747876786893134;;;;;
3595;4.487514328140828;1.0;0.7600770118084014;1.629159803042004;0.015840957685577226;;;;;
3596;4.565650426826334;1.0;0.825873068230646;1.8418275205508265;0.00769006191155037;;;;;
3597;4.183943913709693;1.0;0.6647678889656383;1.4354698633398921;0.03425978115006319;;;;;
3598;4.3641730929044265;1.0;0.6645629676231707;1.3467737975215726;0.014320208299524921;;;;;
3599;4.0809890920435805;1.0;0.6784719731339627;1.425099020803748;0.04506979277280028;;;;;
3600;4.5379230350896655;1.0;0.6615748009669242;1.3884540272635517;0.005468104226115551;;;;;
3601;4.2866654214309445;1.0;0.6600665267177054;1.3667828023996005;0.022879332547815764;;;;;
3602;4.350727822576015;1.0;0.749734976252021;1.6374007280070377;0.01880967054649745;;;;;
3603;4.0355899763913445;1.0;0.7152365249440755;1.5322962633634547;0.024300310439158045;;;;;
3604;4.222739709268448;1.0;0.6042311625683819;1.1122813576738326;0.019472180479575673;;;;;
3605;4.373090623662362;1.0;0.6267131254025978;1.3440284896656436;0.027750260056173134;;;;;
3606;4.526482503300713;1.0;0.7847325787574201;1.739667844021695;0.013387797568464721;;;;;
3607;4.33462939483765;1.0;0.6515235695647085;1.3898541263327713;0.01735689478438926;;;;;
3608;4.496521230037903;1.0;0.7054630045656575;1.4984198100086417;0.009245535908218512;;;;;
3609;4.265534590488978;1.0;0.614154993558905;1.2621835322134323;0.02503620380853843;;;;;
3610;4.453682689289427;1.0;0.5121746423645952;1.014268958489138;0.015117672527296825;;;;;
3611;4.233189347208766;1.0;0.6216983968734137;1.310568433291072;0.02596672360797713;;;;;
3612;4.372437403342413;1.0;0.716290080618986;1.617384623415485;0.024070692429211126;;;;;
3613;4.429633011714749;1.0;0.584361732946948;1.2312791545639552;0.018163881458058223;;;;;
3614;4.284416681982017;1.0;0.6726975283452005;1.398077671518287;0.02249510280372744;;;;;
3615;4.361743835176822;1.0;0.6866544495144207;1.4713031476075293;0.020343906284780052;;;;;
3616;4.596241896325186;1.0;0.8207023685838135;1.8754834291275566;0.014547592068271517;;;;;
3617;4.336217123440088;1.0;0.649004721265798;1.41019795226809;0.01579965546940622;;;;;
3618;4.415762797964651;1.0;0.5288620062297023;1.1329240880327454;0.014738603670288604;;;;;
3619;4.56258206262563;1.0;0.7529568173771314;1.6310064974075305;0.008335695436081253;;;;;
3620;4.246837894545554;1.0;0.6256429630456976;1.3229773296692522;0.03670780971994422;;;;;
3621;4.246853011725502;1.0;0.6747558926209073;1.429907537329582;0.02890558126247106;;;;;
3622;4.414302739928193;1.0;0.6477874237818889;1.3796348307835247;0.020951782547004107;;;;;
3623;4.468109085866654;1.0;0.7087246066682921;1.5715450301049796;0.01453811968140454;;;;;
3624;4.584938557183705;1.0;0.7115175182888507;1.5960470757335634;0.0066273308873518065;;;;;
3625;4.272982661109374;1.0;0.7126555509488558;1.5396846676216933;0.026214624676530383;;;;;
3626;3.1070591927934266;1.0;0.14695351553562844;0.29340484212206375;0.011487603654438391;;;;;
3627;4.5993489867193835;1.0;0.7812943693644446;1.7706276290503897;0.006979381501238737;;;;;
3628;4.411880606318902;1.0;0.6499897821694706;1.3541156488241057;0.022248049843165106;;;;;
3629;4.437076488652572;1.0;0.5745334365723923;1.1970786310547352;0.0146163303430295;;;;;
3630;4.44937475353322;1.0;0.5997267090212371;1.2881927042402517;0.011944454502175295;;;;;
3631;4.421892873050653;1.0;0.6156961301162962;1.287741563851839;0.016950149655087933;;;;;
3632;4.162434400576582;1.0;0.7059302838882741;1.5409236401739677;0.020467692683118127;;;;;
3633;3.2437704202887803;1.0;0.7078690858640427;1.498449589169638;0.0025483017340324154;;;;;
3634;4.192430587270315;1.0;0.6616745881352378;1.4602412357501289;0.030269762949244945;;;;;
3635;4.44869050895154;1.0;0.6312621059791657;1.391302851338705;0.010577835393389412;;;;;
3636;4.510879838794268;1.0;0.6482066842530514;1.440388905665272;0.014245915317044455;;;;;
3637;4.3096858903093604;1.0;0.6412871365571785;1.4209398261019597;0.028236325971640594;;;;;
3638;4.530566160388641;1.0;0.6608469538079641;1.4583635983907293;0.01770932942490222;;;;;
3639;4.164125317717483;1.0;0.6755461026479535;1.4280195820191357;0.035540828729922806;;;;;
3640;4.500051657252983;1.0;0.771934233863697;1.7718259607490678;0.02324169344814527;;;;;
3641;4.187394770049217;1.0;0.6393193235482926;1.3107878518159806;0.018682251737821447;;;;;
3642;4.3983114116855155;1.0;0.638601135104234;1.3813244407792418;0.016651200467412267;;;;;
3643;4.319871135333349;1.0;0.707591668009049;1.5550919624389163;0.023875595314035658;;;;;
3644;4.450558040769201;1.0;0.7274005237929502;1.6047475195061371;0.019142127227072044;;;;;
3645;4.397268967434284;1.0;0.5857260987020232;1.223117261151865;0.019637354532099315;;;;;
3646;4.283063089155361;1.0;0.5068780490077822;1.0737471482427696;0.02255637688967059;;;;;
3647;4.484641348338515;1.0;0.5806768984988333;1.2228860883058004;0.005205666929449906;;;;;
3648;4.403599410632194;1.0;0.523450493109071;1.1353159634737875;0.014677109854866513;;;;;
3649;4.160504561588412;1.0;0.6548632635554056;1.4037586354347018;0.031175620084075067;;;;;
3650;4.183090360373186;1.0;0.6045034723339653;1.2928774391917306;0.03350542742960348;;;;;
3651;3.0804081718685885;1.0;0.586555916781487;1.0880521322148067;0.02854473044025257;;;;;
3652;4.384321710190483;1.0;0.5370250225564879;1.0813044009044561;0.021305880513914324;;;;;
3653;3.2081899532901486;1.0;0.4217599863696481;0.8539367323585498;0.011869923214279758;;;;;
3654;4.541245490263036;1.0;0.6737632082127143;1.4918346353346144;0.016394909527419742;;;;;
3655;4.428483296459068;1.0;0.5908953966930802;1.1980777809060876;0.018173033570161423;;;;;
3656;4.349310600021296;1.0;0.5402315374491123;1.073446822448792;0.016667670398142292;;;;;
3657;4.454245072624863;1.0;0.5669819511244469;1.2334871584506222;0.018154921397687217;;;;;
3658;1.0799499868205584;1.0;0.3308499010277295;0.6154890181968247;0.022989165267910287;;;;;
3659;3.941115733090044;1.0;0.556390781945954;1.1637280386011024;0.021877370806398976;;;;;
3660;4.31349608019852;1.0;0.6342979039482984;1.360357716256686;0.025450247263522203;;;;;
3661;4.5467014132077495;1.0;0.5906017023436998;1.3042267259634974;0.005622948926368818;;;;;
3662;2.525095625797676;1.0;0.3079058279074714;0.6105830026820738;0.04121440151493912;;;;;
3663;4.565807632230474;1.0;0.8048830701705115;1.8313562828154037;0.015172194852473316;;;;;
3664;4.449721457008203;1.0;0.6667643399046533;1.4441408501694946;0.018590221351347653;;;;;
3665;4.526256143722932;1.0;0.665656121911792;1.500896924053715;0.005810332818514179;;;;;
3666;4.5086742720466315;1.0;0.8277517063461358;1.8783882059281574;0.010215824131945824;;;;;
3667;4.378484074624992;1.0;0.6065809741308948;1.3050072054890767;0.015744386061361724;;;;;
3668;4.001887082490267;1.0;0.6418139347459446;1.3994459129302153;0.04363016317145181;;;;;
3669;4.335886928241879;1.0;0.6839251950162493;1.48023993417463;0.02002791939776377;;;;;
3670;3.5707666193036447;1.0;0.692864204022409;1.5014374603077763;0.03162882970627452;;;;;
3671;4.354321681522301;1.0;0.6235044807943367;1.2581913186338796;0.025235477229575923;;;;;
3672;4.39872559800625;1.0;0.5877717820603334;1.1621033720670544;0.014603062135953233;;;;;
3673;4.452859748328807;1.0;0.63906074159359;1.370896308925213;0.016734226311280468;;;;;
3674;4.37027449417891;1.0;0.7048344103705708;1.5791865220562427;0.026144166673887713;;;;;
3675;4.284991971508214;1.0;0.6885540856599285;1.5116012510356616;0.03237840994197003;;;;;
3676;4.193886197700284;1.0;0.6958347403000372;1.5113187687524694;0.036449149411615596;;;;;
3677;4.129577548774497;1.0;0.6898565229764507;1.4603630126807488;0.03965691296017065;;;;;
3678;4.0691652429642;1.0;0.6432744715031062;1.4098777191099234;0.038618195647007546;;;;;
3679;4.451408331501632;1.0;0.6927809770892217;1.475224453111542;0.010935645553823137;;;;;
3680;4.3283123918186135;1.0;0.6625533773325215;1.4346576832239006;0.013806050872400102;;;;;
3681;4.202236811767724;1.0;0.6645290011680383;1.4657576229613232;0.03145736395518175;;;;;
3682;4.305006197780484;1.0;0.60185903813218;1.2815663532583457;0.021033840596495493;;;;;
3683;4.29717154116899;1.0;0.6961973385871002;1.5160620298931058;0.026839645625006417;;;;;
3684;4.099643811224152;1.0;0.40549681354911987;0.8638066629711725;0.019545602900593068;;;;;
3685;4.601754659339279;1.0;0.8025244339361329;1.8160955600707984;0.014724005518945685;;;;;
3686;4.319688330134685;1.0;0.541835183158614;1.1145803057631107;0.026488082734564745;;;;;
3687;4.224484207941417;1.0;0.6877657838311876;1.487282567658694;0.027799769920174744;;;;;
3688;4.4319914339438045;1.0;0.6995272538315978;1.4989238303892547;0.01286760878015745;;;;;
3689;4.540610552549145;1.0;0.778020357928815;1.741721737175976;0.011033403327381246;;;;;
3690;4.14082138018065;1.0;0.5700670878458282;1.170390715803563;0.029237898341337734;;;;;
3691;4.453207914831393;1.0;0.5212258354142847;1.014708565357722;0.011318981177683525;;;;;
3692;4.378910062525816;1.0;0.5826617249096941;1.2290229582175032;0.01789961742283527;;;;;
3693;4.050297848361907;1.0;0.6531151940146724;1.3967542955468133;0.023688292232454503;;;;;
3694;4.176918607489949;1.0;0.6348250763158533;1.2697779385514392;0.02946117476899779;;;;;
3695;3.8946545058601187;1.0;0.645433627005125;1.29997563697204;0.04482568524600132;;;;;
3696;4.05563874128938;1.0;0.48963274146237856;0.9373637299728438;0.016211182610031887;;;;;
3697;4.354397447516446;1.0;0.6886556208192168;1.5349536375002364;0.023521045984114062;;;;;
3698;4.245920616085391;1.0;0.6453959091481309;1.3249234516537334;0.02348570310606866;;;;;
3699;4.4538435322230345;1.0;0.6660833820491279;1.4870971046197496;0.014318759715859396;;;;;
3700;4.489397989040397;1.0;0.5512675333164595;1.1890793542939369;0.010269983253980607;;;;;
3701;4.203424530623364;1.0;0.63327683565694;1.3512063301230737;0.025024789519008897;;;;;
3702;4.452112934883411;1.0;0.6554443626911273;1.4344120405311898;0.015764592789872488;;;;;
3703;4.314169984379834;1.0;0.6380545005658872;1.3415989296670514;0.022895984649053836;;;;;
3704;4.2515986251822895;1.0;0.5626598452829628;1.1950523336393277;0.030912049902438163;;;;;
3705;4.561795084725735;1.0;0.755211188774879;1.6930008202956526;0.005692221791760091;;;;;
3706;4.420338357411779;1.0;0.7364861295187219;1.5718277649264707;0.018300899350248076;;;;;
3707;-1.264352036638869;1.0;0.17488473572559296;0.3479655683990368;0.03393019338180728;;;;;
3708;4.341321531423697;1.0;0.6855487450272585;1.4954984052069127;0.019000053327644855;;;;;
3709;4.4235774020035326;1.0;0.4728619797319389;0.938629811996113;0.007374097151488463;;;;;
3710;4.278391938907845;1.0;0.6269102367435413;1.246694977223997;0.015640115412259372;;;;;
3711;4.407512366556965;1.0;0.6818571285864098;1.4828645403238907;0.030816225485581997;;;;;
3712;4.228609312690425;1.0;0.5963313352106872;1.2114883995357695;0.014049302989561373;;;;;
3713;4.375304454409589;1.0;0.6718752076163597;1.50617040334742;0.021510765758535225;;;;;
3714;4.189772659440827;1.0;0.6077929108068579;1.224858152695359;0.021729616706274397;;;;;
3715;4.190363955956328;1.0;0.66786046175763;1.3717577668949348;0.026536385004728838;;;;;
3716;4.548115482916259;1.0;0.7747573970228983;1.6650088597092387;0.010187240156264127;;;;;
3717;4.321679310957547;1.0;0.6254848059391167;1.2879430992202945;0.018925898788311017;;;;;
3718;4.466378886083461;1.0;0.7178990578182282;1.5770388426061004;0.01894212301410048;;;;;
3719;4.493189948818379;1.0;0.5415653928775729;1.0994353055872204;0.0114285301166821;;;;;
3720;4.336437133348194;1.0;0.5742698465932142;1.0720413053749214;0.019970219098417445;;;;;
3721;4.475146500965117;1.0;0.5661565873441734;1.2068248872661747;0.00819376803220775;;;;;
3722;4.018401753279195;1.0;0.6834610428044562;1.5195649183628257;0.03586091155579804;;;;;
3723;4.555652669410966;1.0;0.7038498446348616;1.5426916970817603;0.007681582224155266;;;;;
3724;4.534880309479131;1.0;0.6302992330605474;1.373683275752653;0.008083231792467267;;;;;
3725;4.599768159336472;1.0;0.832727315921312;1.8697857884363005;0.007659962158700939;;;;;
3726;4.243053022557842;1.0;0.41009274013112096;0.7574562475739806;0.017436023922546607;;;;;
3727;4.36076797401096;1.0;0.4205374866326058;0.8180485096174739;0.011928088784813665;;;;;
3728;4.137629982819652;1.0;0.6238682613942023;1.334812861863767;0.01651819730094753;;;;;
3729;2.995421892888095;1.0;0.4078953241122476;0.7216152571445795;0.009624656823889395;;;;;
3730;3.865135149940413;1.0;0.6617341395794784;1.331893510619699;0.017415298116599715;;;;;
3731;4.4912645235636806;1.0;0.8203848915290981;1.82284060084702;0.014321273812540064;;;;;
3732;4.375282035605493;1.0;0.7624574011131756;1.6725190766277631;0.03069532656050346;;;;;
3733;4.406699264447518;1.0;0.6805823621655082;1.487293592831769;0.019157571272359442;;;;;
3734;4.27849306839874;1.0;0.6236827980676203;1.354627215446554;0.023873086640345313;;;;;
3735;4.494528032537248;1.0;0.588861102507308;1.2444845623279612;0.003234964092530722;;;;;
3736;4.240553971368561;1.0;0.6915605415326194;1.488068346397493;0.021985325660031918;;;;;
3737;4.3939624144121545;1.0;0.5328536109334404;1.0115499711564313;0.010318600210723377;;;;;
3738;4.591531107481935;1.0;0.7657056576045533;1.745328715994203;0.00847945610575883;;;;;
3739;4.269924191035704;1.0;0.7654615721230331;1.6870121288080064;0.03312816837576411;;;;;
3740;4.4515288432484175;1.0;0.6802938340299187;1.4816458761097826;0.014887306211344504;;;;;
3741;4.408120301975735;1.0;0.7072667947301059;1.5324482820899357;0.018499163913003658;;;;;
3742;3.4923703271139397;1.0;0.6205719030358106;1.1670905393273716;0.02242974282104438;;;;;
3743;4.131684790796056;1.0;0.7503728717341969;1.6082994753748123;0.04085832652235187;;;;;
3744;4.350806413140809;1.0;0.4307187596754713;0.7873552787989908;0.013584854555154372;;;;;
3745;4.251931986641779;1.0;0.7131754940963727;1.5454550071039381;0.03182972539403869;;;;;
3746;4.574098453743746;1.0;0.8216996218168733;1.8431566203741123;0.006488512727382353;;;;;
3747;4.048658845983573;1.0;0.6579488862034303;1.4096184310241422;0.032777015862670934;;;;;
3748;4.395949287362093;1.0;0.5541199898946387;1.199794768731216;0.014397558590265445;;;;;
3749;3.898518311910649;1.0;0.575743776434281;1.1630727563035104;0.041284258564468226;;;;;
3750;4.154579846287406;1.0;0.6507557452307042;1.4042003436178325;0.034045738584644825;;;;;
3751;4.222970135330171;1.0;0.5745513114008768;1.2205485538596421;0.02014767913487895;;;;;
3752;3.7812996434791533;1.0;0.17624850197334302;0.35745312157556913;0.01434997793136897;;;;;
3753;3.5133577633514537;1.0;0.6556935947102108;1.3472119553983373;0.007262579661707983;;;;;
3754;4.115387519746834;1.0;0.6504540597656411;1.3712320464413055;0.040006759022256935;;;;;
3755;4.37611011208561;1.0;0.760303714093229;1.6307690912888895;0.012542374830774299;;;;;
3756;4.508959432469098;1.0;0.572482406497813;1.2663062936608018;0.005592294405391101;;;;;
3757;4.379828707725949;1.0;0.4058895117043359;0.7940002088867234;0.007374526185654582;;;;;
3758;4.390156288313937;1.0;0.6080184887538901;1.2757323779684777;0.015981907768882718;;;;;
3759;4.504101166740841;1.0;0.6155312229856149;1.2625361525288337;0.009419444723225825;;;;;
3760;4.086393372768734;1.0;0.6822200941839667;1.4349681413595456;0.033086954228000474;;;;;
3761;4.563735175095619;1.0;0.783238926019307;1.7488727258837975;0.015501185730832305;;;;;
3762;4.416917255079793;1.0;0.5791248079129151;1.176024588348247;0.012207940958773067;;;;;
3763;4.091182778651829;1.0;0.6568248487299992;1.4061524016614766;0.04213926194097509;;;;;
3764;4.421624574390119;1.0;0.6697960856780445;1.3946735011681302;0.025561307887647544;;;;;
3765;4.360255754359145;1.0;0.6738787929459439;1.4301420536317604;0.0299602642275356;;;;;
3766;4.42923692460261;1.0;0.6724929739359571;1.3839092097252041;0.020408648822379673;;;;;
3767;4.425463558719179;1.0;0.6055308703248401;1.3069431023612468;0.0159428704623883;;;;;
3768;0.3304391928215713;1.0;0.34275028240487;0.6823304759606728;0.04177319433139847;;;;;
3769;3.9570067382266787;1.0;0.6705632665062609;1.4603223461800257;0.03929664605555448;;;;;
3770;4.577431322690217;1.0;0.7180747325403871;1.5520018630840526;0.011608711070079996;;;;;
3771;4.515798830663809;1.0;0.6649895519857222;1.4422997118055911;0.011028347214299752;;;;;
3772;4.562476903399799;1.0;0.7581104999768723;1.6432244362496544;0.00925015554035997;;;;;
3773;4.339593059167494;1.0;0.6513210261784972;1.3334067292647003;0.027260212388193834;;;;;
3774;4.196002423379547;1.0;0.5978968033563496;1.2265107212048818;0.030357293767409504;;;;;
3775;4.239538556131784;1.0;0.6336338088999569;1.2465692939103148;0.020706562518283095;;;;;
3776;4.393319637795847;1.0;0.742510336984989;1.6282849345379669;0.02636251216108484;;;;;
3777;4.4670672390734145;1.0;0.6641025814071378;1.399442954436358;0.014941663260308949;;;;;
3778;4.288443289670192;1.0;0.6215952484209978;1.3210777863001286;0.02434162812897214;;;;;
3779;4.391433685373311;1.0;0.6223994052160556;1.3253540857912847;0.024678309483103004;;;;;
3780;4.392605415458675;1.0;0.6444052621786155;1.3546115493782398;0.019169809724413088;;;;;
3781;4.48248183907728;1.0;0.6429939560126898;1.4189511307229055;0.01164194666138224;;;;;
3782;4.53857882506203;1.0;0.7626802278275974;1.6841848498324785;0.007632429830032235;;;;;
3783;4.178221929586866;1.0;0.7401083593868116;1.648306809940862;0.016920992919579988;;;;;
3784;4.257226404826061;1.0;0.6617845474996374;1.446568782992634;0.018796468999383382;;;;;
3785;4.402045154429553;1.0;0.5097801426768526;1.0010171553153946;0.014225094510007644;;;;;
3786;4.3659761639793855;1.0;0.5807777928678018;1.2204098239536925;0.018836218979886903;;;;;
3787;4.46541680546982;1.0;0.6877774635659801;1.53168396818979;0.021825823013883826;;;;;
3788;4.390857426717027;1.0;0.6348870074286899;1.341649896590942;0.017548551373814704;;;;;
3789;4.424183548057127;1.0;0.4597920557870774;0.9120785028133549;0.017109979004308776;;;;;
3790;4.471767193668649;1.0;0.5160060249737365;1.015661794803111;0.008816087609611176;;;;;
3791;4.450184315536875;1.0;0.5664784451289265;1.1930688649766432;0.01399344170569517;;;;;
3792;4.4364534393637545;1.0;0.5322774865685743;1.108450887022838;0.00992573920315612;;;;;
3793;4.5325444087077535;1.0;0.6923602267279028;1.50219398223976;0.006750849235137283;;;;;
3794;4.228817746455251;1.0;0.6141590413706514;1.317667719327916;0.035849874268471534;;;;;
3795;3.3580753253981834;1.0;0.6827381050317505;1.447169391932316;0.023705158133784467;;;;;
3796;4.042637484781158;1.0;0.602558516605339;1.2387731691458683;0.045692557503939905;;;;;
3797;4.548650403185432;1.0;0.7168047388765404;1.5508201563390072;0.013495151517416577;;;;;
3798;4.402780638726399;1.0;0.565253729444649;1.2532689602245455;0.02019215226011619;;;;;
3799;4.388921978045433;1.0;0.6044853216458888;1.256217759090719;0.011230121469046412;;;;;
3800;4.540728986941696;1.0;0.7354646401548937;1.6602987590774971;0.013051754606529638;;;;;
3801;4.447741858702395;1.0;0.6594226997146446;1.363005089262422;0.01641913767017049;;;;;
3802;4.430220952866655;1.0;0.5983957565593546;1.208160074066399;0.018207894161435336;;;;;
3803;4.400223612353628;1.0;0.6657730367716093;1.411459457138137;0.014991677513106661;;;;;
3804;4.456207002790022;1.0;0.6435074182897829;1.3719327056034714;0.018514117913805625;;;;;
3805;4.507330491164665;1.0;0.634780054107087;1.3477607130335756;0.01013866765650671;;;;;
3806;4.522525053333959;1.0;0.5723393029267895;1.224508648369584;0.0046529880963210755;;;;;
3807;4.300201619169424;1.0;0.4843927993752348;0.94241097340073;0.012437359284709099;;;;;
3808;4.546213174132314;1.0;0.8088962255490366;1.7710542747257634;0.013089265489766421;;;;;
3809;4.395609075630794;1.0;0.5501952566565391;1.1977563533184217;0.019775096016936416;;;;;
3810;3.786227860547491;1.0;0.6103716447422354;1.243744310661597;0.07326055114121247;;;;;
3811;4.531980323061153;1.0;0.7698959018783376;1.7441912632190126;0.021164865468322927;;;;;
3812;4.498797126236241;1.0;0.6585861772999769;1.3059174988877418;0.013560504186612393;;;;;
3813;4.386433291948626;1.0;0.5837637480422088;1.291935372066637;0.018420203944027404;;;;;
3814;4.507504551206816;1.0;0.7895416380898049;1.7509504565574232;0.02127897000534768;;;;;
3815;4.249174750824946;1.0;0.5116393136288799;1.0701801572492713;0.022570653029056455;;;;;
3816;3.6082571327668793;1.0;0.6433355266683983;1.3565866357754293;0.04762838419984161;;;;;
3817;4.355598420495625;1.0;0.5999615575157966;1.270284471999851;0.026384575257882865;;;;;
3818;4.145785302272527;1.0;0.680439879376014;1.457065951088008;0.041313740411813474;;;;;
3819;4.051850981643561;1.0;0.5054737054148948;0.9114981127401558;0.025008500401424442;;;;;
3820;4.068312374266773;1.0;0.703728094555568;1.5251564791484338;0.03883396500342941;;;;;
3821;4.266941684911643;1.0;0.5308138506215291;1.0151711380645065;0.029009749501029993;;;;;
3822;4.014997135098219;1.0;0.5481326419604456;1.0990655817687862;0.03268751799995654;;;;;
3823;4.375398582753365;1.0;0.5548256849743162;1.1762919869678992;0.022059726042644848;;;;;
3824;4.198956758679791;1.0;0.6085349235618748;1.3092339398395367;0.038075739087806905;;;;;
3825;4.319887733224349;1.0;0.5336608554302382;1.1353391017375838;0.0039816042925928915;;;;;
3826;3.9617362642187266;1.0;0.5980669315468145;1.2997854745411621;0.05874430811413868;;;;;
3827;3.9709659896930423;1.0;0.5673094308208666;1.2005084139602333;0.04824667630166136;;;;;
3828;4.410239762494438;1.0;0.5166323440756229;1.1034702904183395;0.016073034507379538;;;;;
3829;3.8786997118965876;1.0;0.564837676421258;1.1857405857372492;0.04382021526226409;;;;;
3830;4.570504972438043;1.0;0.7659348241121511;1.698478520945691;0.013468304737597477;;;;;
3831;4.261485019114365;1.0;0.5521655506874816;1.1256262703106596;0.028007263723701187;;;;;
3832;4.446162030193965;1.0;0.6314363278027839;1.2830407972552476;0.018002905008483477;;;;;
3833;4.086094820228626;1.0;0.6461894323041351;1.4090378022493482;0.04605906116479467;;;;;
3834;4.361022123075004;1.0;0.586244946207026;1.2887606785542467;0.02727677645974479;;;;;
3835;3.9546399266179493;1.0;0.5364371256253707;1.1245036809895992;0.03741908934049764;;;;;
3836;4.40371687610468;1.0;0.4492107855129874;0.921356905171643;0.0053508911125398845;;;;;
3837;4.113695237908638;1.0;0.6240160827823023;1.265871325838182;0.03558321350536559;;;;;
3838;4.4431307454036215;1.0;0.4810819373565534;1.017125522540847;0.0222254053102228;;;;;
3839;4.552818304306747;1.0;0.7762273334306031;1.6687349758228964;0.008128476780076874;;;;;
3840;4.297938666645125;1.0;0.6789811112654818;1.4393287601805063;0.028462290725151662;;;;;
3841;4.245491579251088;1.0;0.5639949547057561;1.0048342799579641;0.01674253320534728;;;;;
3842;4.373885000648219;1.0;0.5816761987092269;1.2238154774899856;0.014233271722352087;;;;;
3843;3.992648810333268;1.0;0.6225129782556243;1.302661987768864;0.03956401722497782;;;;;
3844;3.942429370327128;1.0;0.5341359443290279;1.1270625299750148;0.01766356859537609;;;;;
3845;3.739914065082295;1.0;0.4507713441559019;0.9323737885467863;0.017325150492240895;;;;;
3846;3.956568975809177;1.0;0.5444956523631688;1.135076136652823;0.0386365231863473;;;;;
3847;3.660520610507663;1.0;0.6716139674629634;1.378729468352982;0.005674291888747966;;;;;
3848;4.41693033361165;1.0;0.4627442964131407;1.0123140369495656;0.011570496689422376;;;;;
3849;4.461987585912995;1.0;0.5066177038776851;1.0453740160429275;0.0055428525266592536;;;;;
3850;4.597400970427327;1.0;0.811851313501184;1.8181398974067133;0.003521299158153216;;;;;
3851;4.367245207064509;1.0;0.5052568924877893;1.083249560383043;0.018307283596640335;;;;;
3852;4.114166460978016;1.0;0.5038559192497057;1.053591062049229;0.02877093030307292;;;;;
3853;4.4986007932599055;1.0;0.6805946127938759;1.5038618456455053;0.02444563486204893;;;;;
3854;4.3910056784633404;1.0;0.6450808324167384;1.3172698217169623;0.017918340627590516;;;;;
3855;4.117665993814236;1.0;0.6496952821623332;1.3873793279108735;0.037192986353524644;;;;;
3856;4.207298853356388;1.0;0.6824217156407961;1.47132970510545;0.03655193708733111;;;;;
3857;4.492304302802379;1.0;0.6496915873196335;1.3298396022096648;0.00783339266207838;;;;;
3858;4.42507614843273;1.0;0.5594912032055079;1.1365596380921947;0.017241135539255607;;;;;
3859;4.4901735252953205;1.0;0.5840501241029042;1.1543058469718919;0.0057800336112197705;;;;;
3860;3.629563727813884;1.0;0.2824290588237007;0.5820944649680532;0.03323563302186817;;;;;
3861;4.500132671344265;1.0;0.7141726767883549;1.5735107958384456;0.01303887441517956;;;;;
3862;3.8406451250667004;1.0;0.5875583958696932;1.1631430685085504;0.011645104775303198;;;;;
3863;4.228115754475528;1.0;0.46729830679720363;0.9223617900354651;0.01635899655114695;;;;;
3864;3.9360174224976907;1.0;0.5964361560150493;1.200374384955998;0.03473529804986467;;;;;
3865;4.330614808216275;1.0;0.5902268302539023;1.2536767264134618;0.01991366708563501;;;;;
3866;4.24832312433501;1.0;0.7153787076274049;1.5762130262046912;0.04816338401405705;;;;;
3867;3.5220829126723214;1.0;0.5792348083295155;1.2385928259883132;0.016344058941077433;;;;;
3868;4.474243978655718;1.0;0.5910991101660499;1.2246123827544333;0.011195886522994608;;;;;
3869;4.307988616415635;1.0;0.49065410754959027;1.046171077945116;0.016067346296041278;;;;;
3870;4.44215732623331;1.0;0.5749578077875018;1.1992591391056908;0.012167186986812946;;;;;
3871;4.396602616091103;1.0;0.5107421386341323;0.9587679200292831;0.008557657705986117;;;;;
3872;4.138094694359408;1.0;0.64375282329648;1.3008338822661614;0.0314114499385343;;;;;
3873;4.481305544085011;1.0;0.5820059539937049;1.294272731325718;0.008109278902144473;;;;;
3874;4.409269391500264;1.0;0.7338979634877637;1.6228409538896942;0.018229292602176213;;;;;
3875;4.477701428914999;1.0;0.664334309334022;1.487801906261262;0.011795256526286636;;;;;
3876;4.196281399265616;1.0;0.6458323911715071;1.3368665035592378;0.01973567251190372;;;;;
3877;4.47833017017073;1.0;0.6593258587519547;1.4731174721473408;0.025444253734240207;;;;;
3878;4.3724933370113765;1.0;0.5471423160831896;1.1856239393966235;0.01756882746270314;;;;;
3879;4.349486102071758;1.0;0.6346348109632087;1.2082284642560948;0.010473776010467173;;;;;
3880;3.5923121129118765;1.0;0.5419191182583711;1.0581285414022057;0.0054553073125982;;;;;
3881;4.392001104336619;1.0;0.4031193208896516;0.8635981355133459;0.0188967103351714;;;;;
3882;4.422060397432661;1.0;0.6229873809082932;1.237897859619232;0.015934599528764293;;;;;
3883;4.253453169930049;1.0;0.6060375318398906;1.2760592963775472;0.019851471171675177;;;;;
3884;4.220093202746236;1.0;0.5757777671204183;1.1952540884356553;0.025062943321609316;;;;;
3885;4.305926193975061;1.0;0.7097256549671298;1.5212853446875674;0.0311181410255766;;;;;
3886;1.8615702450553435;1.0;0.3589681545128009;0.7075240769948249;0.024579810769191003;;;;;
3887;3.262670352505857;1.0;0.16950854235049972;0.3234281264550024;0.012956092681482756;;;;;
3888;4.322422279440282;1.0;0.749606406426891;1.638010516468334;0.026635639754511616;;;;;
3889;4.24421400834655;1.0;0.653710703700884;1.4104901040184379;0.035171080182988854;;;;;
3890;4.3439036711771495;1.0;0.5680704228019883;1.1963717137255914;0.026008574779269437;;;;;
3891;4.1743676168418355;1.0;0.6300054182748083;1.3048025560034469;0.023041702725507224;;;;;
3892;4.297139542633225;1.0;0.611787038772746;1.3344973504326214;0.02831264507408726;;;;;
3893;4.219669910902264;1.0;0.7096034159517414;1.5567663119138637;0.02923136416091624;;;;;
3894;4.387798007433374;1.0;0.603996609942485;1.3063354122026425;0.018282233987222285;;;;;
3895;4.0880211810272975;1.0;0.3942328508499853;0.8057105401647693;0.022346058270668295;;;;;
3896;3.8241320797540115;1.0;0.4018771604190773;0.8028428445835016;0.029294403492560118;;;;;
3897;4.35788773182356;1.0;0.562927155302347;1.151258125327716;0.011524425999603714;;;;;
3898;4.139501705989838;1.0;0.7389907156335483;1.6177365670275394;0.04510338806135808;;;;;
3899;4.356063428223312;1.0;0.7254319118302727;1.5880348434052443;0.026732163927491927;;;;;
3900;3.522249661839032;1.0;0.15793342177980596;0.32408366765286467;0.010046509356340107;;;;;
3901;3.957113601865955;1.0;0.7093329134832644;1.5406838713054387;0.04587695069473362;;;;;
3902;4.4130045002158775;1.0;0.6994186949043929;1.5604792309078812;0.028386167015132056;;;;;
3903;4.164318303287832;1.0;0.7078293714682515;1.5459622746980939;0.025679655788399945;;;;;
3904;4.331238620144314;1.0;0.6019674061462843;1.2933500315922573;0.015501859778693613;;;;;
3905;4.140651854905352;1.0;0.6123261213104817;1.291968290357974;0.039278527700360284;;;;;
3906;4.439167339534884;1.0;0.6380584025795334;1.2344488157597238;0.009595904366677921;;;;;
3907;4.389480710361541;1.0;0.7280759318975233;1.5708092513990721;0.01998730647124806;;;;;
3908;4.25277661482103;1.0;0.6280685061234409;1.3677474689980393;0.03183559425859675;;;;;
3909;4.508871388410716;1.0;0.7035530224743558;1.5629529582442299;0.013988337000091207;;;;;
3910;4.466539760718296;1.0;0.7142183750040523;1.5557533071652483;0.027669477333869118;;;;;
3911;4.543098038796863;1.0;0.7282160224048791;1.606885049484937;0.016436382703612824;;;;;
3912;4.495219821514507;1.0;0.7225266632093846;1.4859283151342397;0.0135678791463161;;;;;
3913;4.443380532036558;1.0;0.6997651295707122;1.4973054235422496;0.01094751750178631;;;;;
3914;4.38177517394951;1.0;0.6246552051208829;1.3503559563265084;0.013403472508937888;;;;;
3915;4.412049890619137;1.0;0.5692688801440077;1.2451186458415844;0.01025442199313844;;;;;
3916;4.544736765532783;1.0;0.7154737598287719;1.620479110025466;0.015336315523828322;;;;;
3917;4.511123028969591;1.0;0.6797307535388722;1.4930981892607584;0.012750872558535476;;;;;
3918;4.4511995710101;1.0;0.6367682957663635;1.3507536394896589;0.020695733797379285;;;;;
3919;4.1017931959255485;1.0;0.6246157824645883;1.3317616307055689;0.05031081513149821;;;;;
3920;4.242149158236325;1.0;0.5401082591233174;1.0345831454581425;0.01245038298351742;;;;;
3921;4.05555213687485;1.0;0.6502850302906537;1.3508565256681186;0.027966973591890328;;;;;
3922;4.135513519607849;1.0;0.6146630192679879;1.1939825354545988;0.025795593182205808;;;;;
3923;4.581621884435638;1.0;0.809915902909057;1.865035955081775;0.012029466562544349;;;;;
3924;4.455243329060657;1.0;0.5273686945069628;1.1166783693228988;0.011496004145216385;;;;;
3925;4.551953717622705;1.0;0.713394444100557;1.5736704165314708;0.007736750837290615;;;;;
3926;4.1574984546011775;1.0;0.6586984252903332;1.3710552643749716;0.029771797270156726;;;;;
3927;4.5800773409353415;1.0;0.7572267677003998;1.7038634128171621;0.012647887335599838;;;;;
3928;4.468773483798838;1.0;0.5850593655203296;1.2412514747632335;0.018164837481340745;;;;;
3929;4.232921461744995;1.0;0.6723146425726069;1.438322305682782;0.027650149775905082;;;;;
3930;4.39400825818743;1.0;0.6955574997551558;1.5448807811783491;0.017573289697838244;;;;;
3931;4.375891432021267;1.0;0.6189104206114875;1.3369132658561451;0.01430658185309203;;;;;
3932;4.30004175828361;1.0;0.6761019348546585;1.422008056744415;0.02389205533230979;;;;;
3933;4.564869088251244;1.0;0.7831484492064257;1.7778759538184732;0.015625200536257614;;;;;
3934;4.475512417355452;1.0;0.5540702916021337;1.2238952348485763;0.015509523618796034;;;;;
3935;4.441731848623434;1.0;0.6331267220272734;1.4150425411535346;0.009307970464275412;;;;;
3936;4.270810887934977;1.0;0.6452703514458381;1.3795249304133879;0.026598736886502435;;;;;
3937;4.265938179392013;1.0;0.7118425270473175;1.5793553300605476;0.024856110541121086;;;;;
3938;4.257004270707792;1.0;0.6006760720476912;1.245861054180496;0.021873635614253945;;;;;
3939;4.44328052893139;1.0;0.43331333214769996;0.9217657867268333;0.011203904995486843;;;;;
3940;4.511134403915096;1.0;0.5476556964101374;1.1906716708665532;0.006774406035109459;;;;;
3941;4.162948492970624;1.0;0.5752218361844346;1.227787964150832;0.035037669031356494;;;;;
3942;4.511486535971504;1.0;0.6615784698496745;1.4857439974087652;0.008140631574257961;;;;;
3943;4.122110039700244;1.0;0.6626013342721628;1.365027516535124;0.023611661170305134;;;;;
3944;4.344129329144154;1.0;0.6817034417276147;1.533573722463556;0.023463413248594394;;;;;
3945;4.491027639172345;1.0;0.6463921692830291;1.47959376802824;0.013659852711101232;;;;;
3946;4.438110556596914;1.0;0.712721700451108;1.620675573673526;0.01810920650623573;;;;;
3947;4.528737540088617;1.0;0.7717851937063157;1.696374152430035;0.01854396074255169;;;;;
3948;4.175064717324665;1.0;0.5736794377286334;1.1994337074324328;0.03571873913686775;;;;;
3949;4.390447341558958;1.0;0.5633484580695108;1.1002698984223844;0.021247329422949747;;;;;
3950;4.069124236387405;1.0;0.6802517953581352;1.5017192684815968;0.004238696044268316;;;;;
3951;4.197326675428769;1.0;0.6629234616151018;1.459199090889148;0.023392477585307533;;;;;
3952;4.464768420533488;1.0;0.4991804692534303;1.0526365351536326;0.011482554947499524;;;;;
3953;4.150096108630905;1.0;0.6544437055030315;1.3840857474113568;0.02040367577314914;;;;;
3954;4.418638352761988;1.0;0.5083635168431399;1.0431431684133057;0.010365970614872138;;;;;
3955;3.5195342362667836;1.0;0.3881641668246641;0.8135530817776455;0.03400275695575851;;;;;
3956;4.147724273212986;1.0;0.7569228713992353;1.6702103631558631;0.03413572406427416;;;;;
3957;4.441573722714791;1.0;0.5879626379750081;1.2620003678371394;0.01532594115323965;;;;;
3958;4.153162810202229;1.0;0.5129158774357505;1.0615276241026055;0.03606234457627868;;;;;
3959;4.1913515261027365;1.0;0.65853059264864;1.4591857668681751;0.034695726755691755;;;;;
3960;4.588366419596296;1.0;0.7865406647305849;1.793560239294916;0.012514782275976796;;;;;
3961;4.334750887026916;1.0;0.5730613905482135;1.0906303370574486;0.011369385218471792;;;;;
3962;3.9788808482866536;1.0;0.669639387773975;1.3587344016538492;0.015773200522695128;;;;;
3963;4.2858986695653805;1.0;0.7473981723091658;1.6835967711250268;0.03356759902547401;;;;;
3964;4.359081674850715;1.0;0.5656414715037795;1.2341937776856466;0.01531533659997498;;;;;
3965;4.164056012135323;1.0;0.6493752896148856;1.3734396952424046;0.03882142784466946;;;;;
3966;4.3439845061261995;1.0;0.6168058208025909;1.3275545564237903;0.026238944277542847;;;;;
3967;4.118355495691004;1.0;0.5882754860932917;1.2607397370745084;0.034626986524587865;;;;;
3968;4.500482642577921;1.0;0.7504169931858197;1.6990722119705606;0.015022449833856658;;;;;
3969;4.3239047729554505;1.0;0.538472925861778;1.1297756311082676;0.009054840107943033;;;;;
3970;4.028526006263743;1.0;0.6604554028907925;1.4680390653542532;0.053215477196663794;;;;;
3971;4.390894857662204;1.0;0.6385716048367664;1.3074533047107249;0.01203264811673052;;;;;
3972;4.40856855077608;1.0;0.5471177991897167;1.1580871870326757;0.00832631531171369;;;;;
3973;3.701839657588205;1.0;0.6525920384058326;1.406801221429069;0.0321329129407208;;;;;
3974;3.922634390927179;1.0;0.5392348916802431;1.134035010323932;0.017536017196063586;;;;;
3975;4.034622346849805;1.0;0.6319570509408052;1.2806573360903473;0.03591707559899166;;;;;
3976;4.587410465306007;1.0;0.8048236938395524;1.8172981644118062;0.00505903426906415;;;;;
3977;4.333028729428705;1.0;0.65227283571327;1.434951251912279;0.02589857301313712;;;;;
3978;4.229882904085161;1.0;0.6181995597292893;1.3884521954113338;0.029280640744562946;;;;;
3979;4.336697934718833;1.0;0.6829764448860539;1.5207186458700932;0.014515502748028932;;;;;
3980;4.285864354768225;1.0;0.7461996765466635;1.6752159626574215;0.024847518311073895;;;;;
3981;4.448773082863074;1.0;0.6123880142212204;1.3416950184617489;0.010821611946527502;;;;;
3982;4.494458048767807;1.0;0.5909755273313987;1.270101014162218;0.009853229283603857;;;;;
3983;4.13551612376518;1.0;0.674064260590439;1.4711159969628713;0.03728764635512398;;;;;
3984;4.612023947741594;1.0;0.8463144257181751;1.9243949439501395;0.003448385836082004;;;;;
3985;3.3023292821470926;1.0;0.6680006411370578;1.4047379350548497;0.02247423365547214;;;;;
3986;4.4127916419596325;1.0;0.5392872600079693;1.1494156761645498;0.015576464377357343;;;;;
3987;4.326271151784164;1.0;0.664794836496132;1.4431408256834142;0.014865877202295767;;;;;
3988;4.518022190135515;1.0;0.8005006016589069;1.8215548431044968;0.023470222392888488;;;;;
3989;4.582531888713088;1.0;0.7562824613304959;1.6852601977271306;0.007273259006889765;;;;;
3990;4.231726613426767;1.0;0.676574685209459;1.4837223162091933;0.029552506512981105;;;;;
3991;3.159280635209987;1.0;0.1172455133411684;0.2379110312402577;0.006900313496555035;;;;;
3992;0.7980969017394455;1.0;0.3405857067878485;0.6506750485574586;0.014346808425496002;;;;;
3993;4.1435516427028345;1.0;0.6632360475139897;1.458571647518476;0.026346372487828243;;;;;
3994;4.443637315830555;1.0;0.606087579658907;1.2530577504295897;0.011732889130522195;;;;;
3995;4.330075511550614;1.0;0.6765726484148494;1.4293713240192674;0.017549868264941332;;;;;
3996;4.570821655920591;1.0;0.8454864606844499;1.9052241164844388;0.005778291946661944;;;;;
3997;4.325649501616432;1.0;0.5820779871493349;1.2331653984108049;0.020213503125312945;;;;;
3998;4.5167594602420875;1.0;0.7857948409930786;1.7736205557312013;0.012785513588965416;;;;;
3999;4.335483489801726;1.0;0.5643520174456772;1.2102312674843096;0.024024890155253623;;;;;
4000;4.405842758878483;1.0;0.6733858206848604;1.4599661065267633;0.008871716650630869;;;;;
4001;4.30529074911617;1.0;0.6694225427278196;1.4505985745146461;0.014303152747938993;;;;;
4002;4.394250621538474;1.0;0.5976973310536227;1.2708811553014911;0.01568576316131135;;;;;
4003;4.222955749694649;1.0;0.5397617209613012;1.1293262138576792;0.019910690435605366;;;;;
4004;4.341573647261586;1.0;0.6537881113231119;1.3996809451798649;0.010854192309060224;;;;;
4005;4.297942067059068;1.0;0.7365843559972068;1.6376353893411641;0.02018940531848571;;;;;
4006;4.5869766519232185;1.0;0.8038032151046927;1.7507629888984655;0.006998838952098136;;;;;
4007;4.401558185021566;1.0;0.6201470874663002;1.381506016511396;0.009822749073341044;;;;;
4008;4.385015530745157;1.0;0.7014133851543034;1.528182014594702;0.009800041356629258;;;;;
4009;4.479679693933247;1.0;0.6182010916166158;1.2383919573647697;0.011389273618939558;;;;;
4010;4.198125675952378;1.0;0.6701672304812141;1.4593088557835996;0.0256076190334175;;;;;
4011;1.7107092102555452;1.0;0.20560986471219228;0.4154746944006649;0.03551353820176398;;;;;
4012;4.405888169639721;1.0;0.6410245566929382;1.3887451276938148;0.013188832635552693;;;;;
4013;4.291704495950946;1.0;0.6374208136030661;1.3639904910421745;0.028597584859316252;;;;;
4014;4.353085946862892;1.0;0.582628771737747;1.1805423453933233;0.014762416211278124;;;;;
4015;4.324674934332547;1.0;0.5493353182129652;1.1504681993343293;0.022896979745262374;;;;;
4016;4.242762377234465;1.0;0.6881300540317662;1.5041069711759625;0.027147830302943456;;;;;
4017;4.489165751908133;1.0;0.6573888166823496;1.3822865296433577;0.005525594090437766;;;;;
4018;4.2920885727404245;1.0;0.5977078045718112;1.1888930401416455;0.01313652514236022;;;;;
4019;4.451295317390185;1.0;0.7813571180190911;1.7325989026302793;0.012483744172129295;;;;;
4020;4.362247540036305;1.0;0.6362456356314492;1.356149107876602;0.0171125900677694;;;;;
4021;4.554206790193373;1.0;0.6901988119445738;1.48517953802402;0.005998602007510665;;;;;
4022;4.324222108920086;1.0;0.6853549227619617;1.4648280774755937;0.01622482186031398;;;;;
4023;4.545062283929977;1.0;0.6714733415682683;1.3970635099938005;0.005099872923116071;;;;;
4024;4.276309737303175;1.0;0.5593298216559632;1.086591993931384;0.01288331734538398;;;;;
4025;4.20110319393282;1.0;0.6679429364026143;1.4287185135272469;0.01581904843815462;;;;;
4026;4.420557675619095;1.0;0.5975517503281303;1.1557683983550306;0.004850560128445194;;;;;
4027;4.450779523652021;1.0;0.7371164947474949;1.579851268552998;0.016612128714004422;;;;;
4028;4.403921445496028;1.0;0.6786732591558166;1.4163236694179235;0.013122630383820118;;;;;
4029;4.128657592656246;1.0;0.657370687351887;1.4322996138734962;0.04712253017999402;;;;;
4030;4.440971029439764;1.0;0.5144689539025041;1.0585537698684286;0.005262754989705765;;;;;
4031;4.417572984725153;1.0;0.461505861079571;0.940272940823354;0.01675009700365994;;;;;
4032;4.594724269276116;1.0;0.8351713491882639;1.8416245863259868;0.004628436018217498;;;;;
4033;4.51420340263203;1.0;0.7350339132700032;1.5736444575366124;0.00812874650871275;;;;;
4034;3.8526768589487084;1.0;0.6585887884494198;1.2999772240176477;0.0008303313358249752;;;;;
4035;4.394118041914388;1.0;0.7368807213854334;1.627479374835316;0.015992312273424236;;;;;
4036;4.007357599729791;1.0;0.6973606469598005;1.5155696933736975;0.01852847378623782;;;;;
4037;4.527411969110003;1.0;0.7607982232669185;1.7052584210141444;0.011854189637097211;;;;;
4038;4.556208854670088;1.0;0.7574870679847581;1.6482564702001345;0.008676704437011505;;;;;
4039;4.313821403327313;1.0;0.6298178588747658;1.2094743753923178;0.00883247733736017;;;;;
4040;4.349385160516238;1.0;0.7542109912273874;1.6900556721776219;0.02179795821646234;;;;;
4041;4.371015000041529;1.0;0.6671881184207782;1.3647070047148662;0.01137209742030335;;;;;
4042;4.509309126230378;1.0;0.6907916846568262;1.4493880713172254;0.006769249437964039;;;;;
4043;4.360789932039703;1.0;0.6662097095989563;1.4510340536406519;0.01340929534390836;;;;;
4044;4.438380204327157;1.0;0.6052293160332121;1.301727477733336;0.020098475813813122;;;;;
4045;4.420300910617659;1.0;0.6232155861629173;1.3192979354152798;0.008075318590575196;;;;;
4046;4.389992989708468;1.0;0.7581075726023706;1.6849306527234074;0.018079631232431375;;;;;
4047;4.056189818892488;1.0;0.6775456186810863;1.3940780656044713;0.026818231158044905;;;;;
4048;4.465555528949878;1.0;0.6833973736347515;1.4929433740324798;0.015596151416888342;;;;;
4049;4.4537170842997496;1.0;0.5933514326729972;1.2893108344804316;0.018464381205693388;;;;;
4050;4.511380439469806;1.0;0.6703358590392094;1.381027658769822;0.008413902866502232;;;;;
4051;4.511646373433591;1.0;0.7968196284322668;1.740014818086942;0.011229168807322656;;;;;
4052;4.203053621660328;1.0;0.6121792330709358;1.2457315083474638;0.02380669454239147;;;;;
4053;4.395502169044529;1.0;0.7401120241102662;1.6280976485881749;0.019547642481882354;;;;;
4054;4.365374611229933;1.0;0.634951998078241;1.2875531684518424;0.02165243387489232;;;;;
4055;4.6088596613971475;1.0;0.8301482383325928;1.8069401686014368;0.003979803969270378;;;;;
4056;4.488228358215809;1.0;0.8172582189669997;1.8455902801802093;0.013102107113954124;;;;;
4057;4.51033345848084;1.0;0.5884188231922283;1.213465953785416;0.005144148054474516;;;;;
4058;4.5230366584186035;1.0;0.8029283040377959;1.775784647156103;0.006578923920741279;;;;;
4059;4.169023312975204;1.0;0.6310728799195792;1.3300968760563587;0.01961274415396589;;;;;
4060;4.476873095318688;1.0;0.5573370957534646;1.173395149505272;0.010112829998879115;;;;;
4061;4.508067432221724;1.0;0.6660665568446671;1.3520203483000641;0.00482819810909662;;;;;
4062;4.283034394145693;1.0;0.7706741800479053;1.68476868932956;0.020813175661186532;;;;;
4063;4.4134181150703835;1.0;0.5876554083678059;1.1744274377296344;0.01543133661049501;;;;;
4064;4.436562103151656;1.0;0.5620541949214084;1.1811605765088435;0.017301906958622392;;;;;
4065;4.598962531107908;1.0;0.8249026728307138;1.8394935784421471;0.004762498886411349;;;;;
4066;4.25613791441943;1.0;0.6640242659923299;1.4176357584009547;0.026123441110167067;;;;;
4067;4.543202458135293;1.0;0.7138235936257538;1.4071951789977566;0.006339855500054407;;;;;
4068;4.59372912300144;1.0;0.8054075219346939;1.8390329277544266;0.00987318777152448;;;;;
4069;4.351754374850217;1.0;0.6616189549015669;1.4277862931001777;0.014612190693672974;;;;;
4070;4.302805905426644;1.0;0.6760422288476632;1.3066033811950535;0.017158135911337923;;;;;
4071;4.381731820076175;1.0;0.5522438094779986;1.1629432388771215;0.01672758668737951;;;;;
4072;4.352791144842075;1.0;0.7276921129919047;1.5856722026047385;0.022033615853977444;;;;;
4073;2.991741587670711;1.0;0.6848218233275956;1.4060162503475464;0.016110491709743605;;;;;
4074;3.523663367626002;1.0;0.6217134148459298;1.1871798891081011;0.023672911256865298;;;;;
4075;4.50857385690042;1.0;0.6558818612014078;1.436911116043625;0.006682988521316803;;;;;
4076;4.287868500295411;1.0;0.7322658232687641;1.6055480390514323;0.020919254600028317;;;;;
4077;4.332659100143525;1.0;0.6652026162565386;1.4468973286591134;0.023247076829401317;;;;;
4078;4.5042498469614705;1.0;0.5927998236153943;1.1741343195208909;0.004201737361544049;;;;;
4079;4.458091514644273;1.0;0.6172742524935501;1.2171737938438765;0.00857692957978855;;;;;
4080;4.3703208410464285;1.0;0.5257312072951693;1.055710837103487;0.01740786293771383;;;;;
4081;4.451141700391854;1.0;0.5386155382769295;1.1259660769404483;0.004203962727859673;;;;;
4082;4.207121536265551;1.0;0.5939588445502606;1.2214262872331316;0.02171404702851239;;;;;
4083;4.139839510859125;1.0;0.5885118725923997;1.164768727907384;0.010478599953867736;;;;;
4084;4.57662220096447;1.0;0.8307681236593272;1.8539718782572912;0.005198443320698598;;;;;
4085;3.732254084796473;1.0;0.6173931558704876;1.1755291907524035;0.014770650563838602;;;;;
4086;4.45923166231183;1.0;0.6335448005678037;1.3094999330653088;0.010547289046669812;;;;;
4087;4.48801457187616;1.0;0.5674039540627358;1.1968110054774415;0.004414629244228415;;;;;
4088;3.525746105899297;1.0;0.7412102444719997;1.5684575811292005;0.018180425954422604;;;;;
4089;4.433591369345039;1.0;0.8035653031691609;1.812855463856421;0.020430801482710023;;;;;
4090;4.026674501870648;1.0;0.6288126059116989;1.3280541925363738;0.05548270532037232;;;;;
4091;4.069475042035853;1.0;0.6971463810451907;1.5068456137295918;0.03493094346863661;;;;;
4092;4.3449422551343915;1.0;0.610049667944727;1.2190222296119977;0.011439373865621497;;;;;
4093;4.540514989326757;1.0;0.735965543597938;1.5829065802020597;0.008069338013283288;;;;;
4094;4.087763737524271;1.0;0.3811686322356324;0.7497088422783935;0.01541659457005262;;;;;
4095;4.446887528752344;1.0;0.6450498910907361;1.3720415822073453;0.007502280275736134;;;;;
4096;4.3659160399370975;1.0;0.6293393924976349;1.3088959299745235;0.013242086322268578;;;;;
4097;4.233670030695571;1.0;0.7552743832509456;1.7063056302605737;0.02975754879152625;;;;;
4098;3.389283181593428;1.0;0.6654144040485712;1.3856577092063758;0.015216352024819831;;;;;
4099;4.30194038594774;1.0;0.5822402535912181;1.1629930816403986;0.01904648289345475;;;;;
4100;4.16051975333258;1.0;0.68571457008004;1.4968429706853845;0.02176289451830329;;;;;
4101;4.0550190626555915;1.0;0.7070413566192403;1.5118327823639588;0.044106890296737485;;;;;
4102;4.511106749896189;1.0;0.7975164465381765;1.8193753673695099;0.011215465910914274;;;;;
4103;4.4136469236335705;1.0;0.5818307339483756;1.1990212920864654;0.01570732388797155;;;;;
4104;4.259085295541581;1.0;0.615586075774743;1.1765199744610333;0.013818824423215283;;;;;
4105;4.213313635417679;1.0;0.6679795838460052;1.3981368088602697;0.02926384178326692;;;;;
4106;4.462116972630437;1.0;0.49499622466098847;1.0102658074307456;0.008586495655909184;;;;;
4107;4.12876629228583;1.0;0.6300619372969642;1.310412635854707;0.025798647056295896;;;;;
4108;4.261741268220495;1.0;0.6524251388303812;1.3612576960189935;0.004423558261055975;;;;;
4109;4.487282189419395;1.0;0.6102892719172188;1.2145264777665485;0.01696775851683268;;;;;
4110;4.4391192088372735;1.0;0.6735395491269703;1.3822464168580735;0.002930215204065531;;;;;
4111;4.290742618778277;1.0;0.6635862511573154;1.3723666128360417;0.02256967939504306;;;;;
4112;4.603064635098495;1.0;0.8209018216693797;1.845235168745498;0.004442264543478874;;;;;
4113;4.454667724920447;1.0;0.6156850524128983;1.2967887610267836;0.015792849007408145;;;;;
4114;4.304487380040393;1.0;0.7057299908811224;1.5486801359505906;0.025463067589684595;;;;;
4115;4.144506566855288;1.0;0.6647221667997761;1.4671427519565654;0.01390136929005549;;;;;
4116;4.404075492131148;1.0;0.6291597725097962;1.3195526472038175;0.012254319065564503;;;;;
4117;4.371694836884226;1.0;0.601557839647943;1.2892575812479221;0.011497083052435356;;;;;
4118;4.207839419483577;1.0;0.6210844875686615;1.3290562406142246;0.029144680832717783;;;;;
4119;4.4893904250372145;1.0;0.757264724371483;1.6130298946825985;0.014558311723732445;;;;;
4120;4.3664876141813584;1.0;0.712927033441609;1.5673778641328364;0.018256023837037626;;;;;
4121;3.958672575278328;1.0;0.6394526287850834;1.3872895517432953;0.055961938435228384;;;;;
4122;4.438232597816293;1.0;0.5668870504707354;1.0350209050608248;0.012441424236087066;;;;;
4123;4.350110440668825;1.0;0.6467819749690006;1.3595704543893452;0.015876964190960352;;;;;
4124;4.318001227720075;1.0;0.5818503362383732;1.1862841859809536;0.023428256300504435;;;;;
4125;4.3086424006907595;1.0;0.683057866684068;1.5265993913991955;0.01735893058365539;;;;;
4126;4.465100527865606;1.0;0.712819674128678;1.5494291772847129;0.01772520733828131;;;;;
4127;3.1871120793585894;1.0;0.7506759841010968;1.5998509472905615;0.02300512243433299;;;;;
4128;4.0623795368034346;1.0;0.6781755170026633;1.4825454557626325;0.036504188620309345;;;;;
4129;4.541188726590937;1.0;0.6643150491508656;1.397059360305973;0.004648172250614804;;;;;
4130;4.563276646331125;1.0;0.6584077801179725;1.4825699895935227;0.0037015359716394236;;;;;
4131;4.399678669788296;1.0;0.6216580982680368;1.3468320227268231;0.007408390814712229;;;;;
4132;4.304021428464263;1.0;0.6051999090158502;1.1867044608055017;0.013806686580992263;;;;;
4133;4.408082679778278;1.0;0.5485573608356881;1.085785418578701;0.005586889181015321;;;;;
4134;4.448283248748419;1.0;0.582430012179799;1.2184961897140907;0.009106757277420982;;;;;
4135;4.465239791853201;1.0;0.7277865403462104;1.565288436649409;0.00978128440863632;;;;;
4136;3.726586983587859;1.0;0.6862031473501422;1.3807210141113582;0.010725546387040787;;;;;
4137;4.4452392568083985;1.0;0.6416832398691545;1.3351945673736378;0.01332561871614281;;;;;
4138;4.5036419945886745;1.0;0.7239094896827437;1.5141671790961666;0.010451636819644058;;;;;
4139;4.425814182147606;1.0;0.6172806117692768;1.2891659277800498;0.012327514796217787;;;;;
4140;4.375077277741942;1.0;0.7390614098915456;1.5726577609442605;0.013226464950058947;;;;;
4141;4.419407164201564;1.0;0.7210413349297075;1.6262863404292462;0.026726801327279767;;;;;
4142;4.434390156837896;1.0;0.6192221816570617;1.3676741764349167;0.011325918405046573;;;;;
4143;4.228208383560005;1.0;0.6324174428638879;1.3496560856193534;0.028080410102397205;;;;;
4144;4.5379906266202825;1.0;0.6991314000011188;1.4830859706328396;0.010379630125231654;;;;;
4145;3.8133283038478396;1.0;0.4172602363001781;0.8196523000234041;0.01915226359970982;;;;;
4146;4.012694704050789;1.0;0.6391233015496925;1.435727916094795;0.033848984721207405;;;;;
4147;4.027286115424438;1.0;0.6454288607210209;1.3457542432697138;0.03545637262866742;;;;;
4148;4.240721661590325;1.0;0.6539492508014598;1.3430149287454087;0.019136346720976114;;;;;
4149;4.294242100024996;1.0;0.660898180679228;1.4882975128768232;0.02981187584498088;;;;;
4150;4.415306307729984;1.0;0.5495401269857395;1.1636018482502433;0.013365352495039437;;;;;
4151;4.30907749279528;1.0;0.6460419006444352;1.378229122579908;0.0221612593412764;;;;;
4152;4.470858409819764;1.0;0.5430222546531163;1.0912680689096141;0.010462560968223032;;;;;
4153;4.202862682224861;1.0;0.7052692906135674;1.578120771714473;0.020085494460257036;;;;;
4154;4.579934774783467;1.0;0.8136922492779814;1.8706306914135902;0.011193259125434054;;;;;
4155;4.480298546359601;1.0;0.6532282965255573;1.376806633231054;0.015252234326809059;;;;;
4156;4.594279137706989;1.0;0.8146489176310024;1.8607746273351229;0.00985285346036464;;;;;
4157;4.302053864932299;1.0;0.6460638149678134;1.4391889669806563;0.027168246616954786;;;;;
4158;4.492610956663637;1.0;0.7400698498295745;1.6132245077971383;0.009720124437102467;;;;;
4159;4.295731467710642;1.0;0.5671506244423917;1.1403257331232093;0.017724782892283675;;;;;
4160;4.403072852476871;1.0;0.7118672397423813;1.5953330367842709;0.021340172608777342;;;;;
4161;4.3232020906117015;1.0;0.7267404433785749;1.612548722358741;0.028042311667573653;;;;;
4162;3.8979879892217;1.0;0.58409724626794;1.2589234569540615;0.025900466388160258;;;;;
4163;4.283608554355625;1.0;0.6394157782334989;1.4027604491897543;0.01856748283443573;;;;;
4164;4.095998297482998;1.0;0.6368352128388669;1.4004786152375328;0.02701186906395089;;;;;
4165;4.419427346120307;1.0;0.699527036014608;1.5228342399418804;0.01435496266092437;;;;;
4166;4.300085816264301;1.0;0.6918534571701297;1.521413432774922;0.021687327921663686;;;;;
4167;4.520931535884432;1.0;0.6184751756174494;1.3246403569240008;0.010771275870341924;;;;;
4168;4.58257592032198;1.0;0.7608630571710179;1.7041296785976916;0.006307478578966335;;;;;
4169;4.377138567949022;1.0;0.6047274786992926;1.211417769660515;0.01553340326994449;;;;;
4170;3.7885121761758693;1.0;0.6386381573801152;1.4113476120477297;0.014946870627090696;;;;;
4171;4.414529503861743;1.0;0.6747165677273753;1.4675936778636907;0.017886310514590865;;;;;
4172;4.372861269282108;1.0;0.567551038843133;1.2167575878070347;0.013422711019572727;;;;;
4173;4.2796843636939474;1.0;0.7365566673108633;1.646079877445878;0.025316503172825237;;;;;
4174;4.131934206106122;1.0;0.6653818372396673;1.4939289691003355;0.03224187372033544;;;;;
4175;4.394837818663278;1.0;0.6777325578745329;1.4597430885035183;0.01528948052136046;;;;;
4176;4.343485431235693;1.0;0.6551055095270388;1.4087560082716877;0.024554946379254764;;;;;
4177;4.536475510334527;1.0;0.6508878123039782;1.4404408783386196;0.008657358118375008;;;;;
4178;4.417628065115263;1.0;0.5538709287306776;1.1880490307683127;0.008812244392641316;;;;;
4179;4.1987269205345985;1.0;0.4031309625108439;0.7886401905094933;0.01024698545786572;;;;;
4180;4.297875344017308;1.0;0.7026794120663857;1.462534747054221;0.017971631489628218;;;;;
4181;4.534294443109435;1.0;0.7167641865025406;1.4807323193348982;0.008171361445377357;;;;;
4182;4.53327479850517;1.0;0.7295396114064696;1.595190677750368;0.009908179284029341;;;;;
4183;4.1440055709629995;1.0;0.6899333362142843;1.5395946353231769;0.032758508247464777;;;;;
4184;4.259786007969312;1.0;0.7026738390510283;1.5680708743080005;0.01685401419998634;;;;;
4185;4.167888194552616;1.0;0.5808109000306565;1.2203246175856088;0.02123696741638397;;;;;
4186;4.511512083242949;1.0;0.6509537674804562;1.420525020091746;0.011480616324365067;;;;;
4187;4.341070455172881;1.0;0.6759907486388959;1.4773474023182442;0.023913659581471597;;;;;
4188;4.45858435222378;1.0;0.6890760894744286;1.3939830197977638;0.010207238700068354;;;;;
4189;4.408122635092099;1.0;0.5159841122195163;1.0086157076775442;0.005041519633088435;;;;;
4190;4.081968562535104;1.0;0.6730959113023179;1.4759998155488694;0.03471558128973443;;;;;
4191;4.135175860518295;1.0;0.6803441626771823;1.500776014236514;0.0351663707452367;;;;;
4192;4.519297493059667;1.0;0.7005190544461751;1.5265094233593661;0.01795360320962705;;;;;
4193;4.350457887411851;1.0;0.589534218520937;1.2727924650193796;0.014385387838028466;;;;;
4194;4.518751495699361;1.0;0.762667959167418;1.6862749484385322;0.011359121641447516;;;;;
4195;4.431301862086196;1.0;0.6204095592767469;1.3190973580076728;0.014013189876585683;;;;;
4196;4.231145438957732;1.0;0.5155848013706072;0.9999722026650018;0.030060541324823206;;;;;
4197;4.224705665510697;1.0;0.6553751214716527;1.4615089805936097;0.023522175420045654;;;;;
4198;4.361508035382855;1.0;0.5726626846352624;1.2148510947301032;0.009822212272103656;;;;;
4199;4.232257229422675;1.0;0.650441226812403;1.4035426627435446;0.031633897267647246;;;;;
4200;4.316796582480594;1.0;0.6043136911431548;1.261454489864704;0.017183264598810935;;;;;
4201;4.392431878542497;1.0;0.5445114214265799;1.020679062135454;0.008432227409612452;;;;;
4202;4.393759896550211;1.0;0.6660492050112522;1.4696273096922505;0.012551049853883138;;;;;
4203;4.240973155739957;1.0;0.6158644250378258;1.3365001576612148;0.028942965841294;;;;;
4204;4.349065640266605;1.0;0.5762753763888965;1.1912076653869532;0.01420734858872435;;;;;
4205;4.433715610666475;1.0;0.5958862278513306;1.2914001720611479;0.011634548923890407;;;;;
4206;4.542865691883602;1.0;0.8129512939952196;1.8555436790622306;0.011249396572125437;;;;;
4207;4.51428108844326;1.0;0.6482449824163694;1.3663249705938427;0.006097627199241256;;;;;
4208;4.3742257666036775;1.0;0.6470543799339826;1.435897817114003;0.019164511484134714;;;;;
4209;3.0097366242893804;1.0;0.6363009695909955;1.2765553007404895;0.03423655690336377;;;;;
4210;4.109965984173032;1.0;0.633861619594726;1.379232334812073;0.022648581293711122;;;;;
4211;4.291136974823285;1.0;0.6615947675702992;1.4187658428615515;0.029218220888321385;;;;;
4212;4.271516037566174;1.0;0.6231464166854627;1.3833638623544697;0.02309452164905783;;;;;
4213;4.4498370743387055;1.0;0.4919858784152288;1.0672799628572323;0.013356440647049779;;;;;
4214;4.4554051454404435;1.0;0.6759240827427958;1.4736350230571313;0.01022058498106573;;;;;
4215;4.253316071035739;1.0;0.6307721704438016;1.3234624880086627;0.019565578650464526;;;;;
4216;4.418086150133373;1.0;0.7068499630868108;1.525307387703062;0.011673231095542032;;;;;
4217;4.411857160733543;1.0;0.5826222227103139;1.2575462091630607;0.014474962757519546;;;;;
4218;4.302129657172815;1.0;0.602706221284651;1.278489596366096;0.01603481290011493;;;;;
4219;3.974171266019428;1.0;0.49794316338802896;1.04985821341801;0.0327693617381804;;;;;
4220;4.39754543811615;1.0;0.5612383468289697;1.1609951307204494;0.006290842900663755;;;;;
4221;4.455811886641186;1.0;0.7741750412824163;1.7485704979430827;0.02207737615404978;;;;;
4222;4.2046260673622475;1.0;0.6651154873968464;1.4420674138217646;0.021356593503883064;;;;;
4223;4.298852678674216;1.0;0.606647780391807;1.2711605205280703;0.026088733206150794;;;;;
4224;4.203737732173032;1.0;0.6528644190081503;1.4183142569777445;0.03508649574026379;;;;;
4225;3.87358548953474;1.0;0.403999397807103;0.8655014959127139;0.01641960581179197;;;;;
4226;4.398388960834055;1.0;0.5900030925649379;1.2589203033125336;0.01895168330564919;;;;;
4227;4.416516364754575;1.0;0.5810052274441276;1.226911083190137;0.012089833500746;;;;;
4228;4.199858279684546;1.0;0.7409313659433187;1.6853207297480692;0.03701353983198393;;;;;
4229;4.266800146287646;1.0;0.6358915392770766;1.400057810967557;0.02368202986253776;;;;;
4230;4.310672780002143;1.0;0.5852669698656608;1.1549572895266653;0.01727860347479054;;;;;
4231;3.416113741460743;1.0;0.7206803089925721;1.5138505304154235;0.00843639245655023;;;;;
4232;4.477516429275845;1.0;0.7725231470707536;1.6361482043799538;0.013382158485740541;;;;;
4233;4.61427320809003;1.0;0.8131212444927189;1.7799069598705919;0.0012015571820766181;;;;;
4234;4.421316434669873;1.0;0.46210666915642784;0.8894051683725647;0.008589536337051298;;;;;
4235;4.451252669425728;1.0;0.7200273423681;1.5652691188000025;0.011317212232656986;;;;;
4236;4.5822959428848025;1.0;0.7679328483384295;1.7328015561384489;0.008429064914829506;;;;;
4237;4.510530341316001;1.0;0.6904069267277413;1.5107881867718482;0.009789823969919703;;;;;
4238;4.465078612662237;1.0;0.7541122611516752;1.6944569498994964;0.02316740209502393;;;;;
4239;4.3628479287630935;1.0;0.5557263099559357;1.149815249188876;0.00994228432220206;;;;;
4240;4.587588950242072;1.0;0.7883452415495749;1.7418776832031049;0.012012587555400286;;;;;
4241;4.387721395701651;1.0;0.731897138581766;1.6434934823588503;0.027611753268997494;;;;;
4242;4.331295207715493;1.0;0.714394916428125;1.5570635987066954;0.017067840563845853;;;;;
4243;4.253073706973222;1.0;0.6893953669494886;1.5045402243223627;0.025171051238707533;;;;;
4244;4.188456123187446;1.0;0.31257049825944305;0.5785475688512837;0.010158993970378706;;;;;
4245;4.207005518102858;1.0;0.5340992076821827;1.0392279160197107;0.005498174283424394;;;;;
4246;4.279374456492074;1.0;0.573569345719825;1.224095990948339;0.016860135547030725;;;;;
4247;4.393273447547304;1.0;0.6767592155137498;1.514852629548056;0.019719416812489992;;;;;
4248;4.463417343704155;1.0;0.6296449923118395;1.322677097154014;0.008089741166608011;;;;;
4249;4.199698944899147;1.0;0.6907109873008335;1.505668451112926;0.035618625840566104;;;;;
4250;4.275412502779669;1.0;0.6451511932421349;1.4050289119647157;0.03246077272415894;;;;;
4251;4.563672850426032;1.0;0.6891614267013728;1.5080672312756187;0.004429806833794307;;;;;
4252;4.2926656073861285;1.0;0.5646403190188978;1.220733188708926;0.025754321488084035;;;;;
4253;4.468074382757245;1.0;0.6859899294154599;1.5061115177172841;0.010835731203717277;;;;;
4254;4.36570515842049;1.0;0.6190067273408378;1.2198737139806635;0.013899992818481359;;;;;
4255;4.081044470283614;1.0;0.6292295606831024;1.3205084173238266;0.02534855276545477;;;;;
4256;4.098246602457372;1.0;0.6255641334287139;1.3223087802671478;0.025684416354248382;;;;;
4257;4.264966230543647;1.0;0.4858300074354812;1.0552871629747569;0.0071329603978738994;;;;;
4258;4.397652436452049;1.0;0.771076287746586;1.7214517428231642;0.02131633717564135;;;;;
4259;4.583384404725264;1.0;0.8155737072292143;1.7725518967998835;0.0028588062083798687;;;;;
4260;3.7242716524624226;1.0;0.5672247483711126;1.122045388636347;0.0146793798791355;;;;;
4261;4.184885890413887;1.0;0.6409513300223089;1.4395684806908389;0.019048008056241274;;;;;
4262;4.455359255280727;1.0;0.629670570482534;1.3202908400470812;0.012442288975011982;;;;;
4263;4.549941372015782;1.0;0.7444950546716936;1.6599275959471307;0.014462380103686471;;;;;
4264;4.468129948245561;1.0;0.7550450442898782;1.68486177438036;0.019859513378336337;;;;;
4265;4.2381560980882895;1.0;0.7100343706991735;1.535209386066275;0.03436537130154391;;;;;
4266;4.442196275248162;1.0;0.7010228263814436;1.415427575321375;0.01198701674712213;;;;;
4267;3.9034125796632666;1.0;0.584395216013368;1.2474013033073406;0.04366424954136266;;;;;
4268;4.349859897142351;1.0;0.5770380622991701;1.2076492827705751;0.016184499068698392;;;;;
4269;4.49097706868531;1.0;0.7979015083743899;1.815056794708395;0.013726124477010796;;;;;
4270;4.150577667828996;1.0;0.5837924011050151;1.2936327817196849;0.04015676462240807;;;;;
4271;4.211401762116349;1.0;0.5070329971030135;1.0349843376187362;0.020590922828924985;;;;;
4272;4.411940039691366;1.0;0.5477940846707067;1.1279676884982344;0.004270878831709303;;;;;
4273;4.041758114245084;1.0;0.5792069895052632;1.2347930119034447;0.03816484452985489;;;;;
4274;4.577413049505143;1.0;0.7507379989488803;1.5594349927228646;0.001996917565690013;;;;;
4275;3.4589920680828388;1.0;0.726388994022065;1.4665409861645577;0.002237778732050639;;;;;
4276;3.941829030789598;1.0;0.5906476715547206;1.161997905908285;0.032640157446267665;;;;;
4277;4.575455554380877;1.0;0.7558687029419651;1.6583929214147846;0.00806780426465814;;;;;
4278;4.567980398575777;1.0;0.7041766804765877;1.5325774902559923;0.0045726098683744575;;;;;
4279;4.346836540780158;1.0;0.5363287917268679;1.161912802807592;0.0062471464007210825;;;;;
4280;4.362880262270603;1.0;0.6529121610879173;1.3970522192906951;0.023669066234030103;;;;;
4281;4.540182204165161;1.0;0.7693909499466369;1.7229826395755863;0.009683907525917105;;;;;
4282;3.1924100138025207;1.0;0.5683205229372773;1.144451103119399;0.03064212139781934;;;;;
4283;4.3402486074130096;1.0;0.6944457873595471;1.5058243109375655;0.018670340233350173;;;;;
4284;4.30189326964685;1.0;0.747569660693007;1.6375355138569783;0.018849490548104447;;;;;
4285;3.256709921117807;1.0;0.6006142539023389;1.2239907464116249;0.03055119376176785;;;;;
4286;4.526950785548919;1.0;0.822152041036975;1.852398207692616;0.013303632604729988;;;;;
4287;4.047533995805073;1.0;0.6502054913484042;1.4006388319136418;0.009165345636864476;;;;;
4288;4.249722441992995;1.0;0.5162150105506995;1.0350299917714294;0.006698514683282449;;;;;
4289;3.5934051390265966;1.0;0.6258344507803557;1.3584817918063108;0.0310017050432368;;;;;
4290;4.266943851327857;1.0;0.7566466186472137;1.671161757120594;0.040461816748832445;;;;;
4291;4.363420920302703;1.0;0.6818569729406002;1.5068889499054205;0.018414706779350247;;;;;
4292;3.9790995689046174;1.0;0.6628996749425597;1.3583398654319365;0.006700488224516511;;;;;
4293;4.352128755068281;1.0;0.6327874958969845;1.3874172096436534;0.018125470597152728;;;;;
4294;3.9554288282167533;1.0;0.6038997716161066;1.2933172174303234;0.04901816236306153;;;;;
4295;4.209665375126126;1.0;0.6003225617123371;1.2357946902602817;0.019369246398255754;;;;;
4296;4.0556357351003065;1.0;0.7186897473774616;1.5455317421578025;0.05466455857753283;;;;;
4297;4.45845137647051;1.0;0.5090656241874498;1.0597374142597151;0.005643290124421941;;;;;
4298;3.937836228079002;1.0;0.6425690201646164;1.4070147099370443;0.026254631846063643;;;;;
4299;4.232742263269873;1.0;0.6606077813172373;1.432555278070333;0.018582074301013433;;;;;
4300;4.291172606285775;1.0;0.6330194193667729;1.375099518265484;0.023262844849518207;;;;;
4301;4.176423243949697;1.0;0.6643226288098465;1.4138512327446893;0.02418875270106926;;;;;
4302;4.529555992450753;1.0;0.6532744698849146;1.4446829349518393;0.009470629631181468;;;;;
4303;4.4131874964787805;1.0;0.5781558539042728;1.1730829198386636;0.007902588928439785;;;;;
4304;4.449292651841577;1.0;0.7650117160046819;1.7415781965297676;0.013832306858065843;;;;;
4305;4.379871702520858;1.0;0.5917895443453923;1.2602295315940102;0.011774229397580906;;;;;
4306;4.44350116388087;1.0;0.6651496579459797;1.4329706597545881;0.0017815832791635302;;;;;
4307;4.341528660709889;1.0;0.6358631916753589;1.40394816548437;0.020940495056997677;;;;;
4308;3.9043298465443934;1.0;0.5941546827221004;1.226935642688853;0.007391983508466522;;;;;
4309;4.33949040667224;1.0;0.6347508631500949;1.3718113522355306;0.019068482663272723;;;;;
4310;4.471987681453414;1.0;0.7876346763171324;1.764464104564958;0.01533322980283024;;;;;
4311;4.362717833677447;1.0;0.6213119879955439;1.2877375150651569;0.010865141678504399;;;;;
4312;4.339596301617293;1.0;0.7091326055151692;1.5479364429384435;0.016469650459990336;;;;;
4313;4.546967018680148;1.0;0.7518307286499047;1.6887952168102;0.005619547123995876;;;;;
4314;4.0585742860940925;1.0;0.6332393293584669;1.34614225359602;0.032328260565132126;;;;;
4315;4.251919640262142;1.0;0.6254124494732624;1.3613565545368458;0.02831870615261884;;;;;
4316;4.5485155011401;1.0;0.7833344742170928;1.6933136292597755;0.010786127686224523;;;;;
4317;4.417971904100705;1.0;0.640187325759219;1.3672554779173713;0.015436387488745144;;;;;
4318;3.3527812569821167;1.0;0.6723213927939312;1.435602926119735;0.031452405627708624;;;;;
4319;3.9064602622076103;1.0;0.38946628843791686;0.7765713076026958;0.017551561322022135;;;;;
4320;0.5269776657912617;1.0;0.46384664366300316;0.9190001066332252;0.040384900911883806;;;;;
4321;4.205129778474726;1.0;0.6834743310027046;1.5126962475993537;0.029332904235902995;;;;;
4322;4.415412734038936;1.0;0.7351713737702062;1.6597309687032882;0.02213472311021202;;;;;
4323;4.454191604554778;1.0;0.6047532409060701;1.3210225667396793;0.015509868519735027;;;;;
4324;4.377265933179351;1.0;0.6047434161406823;1.2779535534730582;0.010679097420127234;;;;;
4325;3.051335283472604;1.0;0.4405199035949959;0.8734377581626697;0.018901834322505858;;;;;
4326;4.356452765742727;1.0;0.7843054881385352;1.7140988059589641;0.021405167563979362;;;;;
4327;3.371148829825782;1.0;0.6914098156594476;1.4362501377621784;0.008641061052208604;;;;;
4328;4.495943148034369;1.0;0.7593518816378015;1.6697912434521507;0.012178180034389759;;;;;
4329;4.381891687196543;1.0;0.6522648870898009;1.430497760585421;0.016143991589573987;;;;;
4330;4.144630337663811;1.0;0.6880076895866246;1.512240973343234;0.02548929543773935;;;;;
4331;4.475271302375961;1.0;0.6280105184943829;1.3273107032995302;0.005924770714853374;;;;;
4332;3.8402712725980117;1.0;0.5086072723896967;0.9676847779871797;0.04094671775462521;;;;;
4333;4.421020846564986;1.0;0.7863622268615919;1.7843714292568285;0.01815384148123065;;;;;
4334;4.254248927443653;1.0;0.6129894980534117;1.2999484484016932;0.016311180768859814;;;;;
4335;4.510196456854608;1.0;0.6259257692259641;1.2669138056638363;0.010208207315495097;;;;;
4336;4.237110079792448;1.0;0.7140609548106784;1.5840515164763325;0.026518627543139266;;;;;
4337;4.5257035632816685;1.0;0.6334948369318079;1.3682084707464248;0.0032553416124893033;;;;;
4338;4.388352557182351;1.0;0.6810744452519153;1.4642213079915407;0.02101690070392965;;;;;
4339;4.474466266627013;1.0;0.5615357935234474;1.1221266835514316;0.009400748997252607;;;;;
4340;4.128693604332361;1.0;0.7256548676849941;1.5550941918157772;0.04441552736935577;;;;;
4341;4.364607966386883;1.0;0.7338810605085003;1.6316268902685873;0.01692566611172866;;;;;
4342;3.289357759949723;1.0;0.6937130170163455;1.4989834887066809;0.022962163591146455;;;;;
4343;4.180593988387559;1.0;0.7613888263776545;1.6968497079172318;0.034123134627143795;;;;;
4344;4.606284572632529;1.0;0.8366638871837259;1.8426808867902804;0.006937488070811289;;;;;
4345;4.510744728259446;1.0;0.6807760411886867;1.375171559725019;0.010425687960431435;;;;;
4346;3.793366276120709;1.0;0.6601095335806019;1.4390631350574057;0.02171555319289222;;;;;
4347;4.1941172418564765;1.0;0.6754929380534045;1.41603087072077;0.02943004679120583;;;;;
4348;4.377819057464445;1.0;0.654610792644212;1.3434071442363924;0.012418807591010593;;;;;
4349;4.224158265433853;1.0;0.5891629722271455;1.2661267772576574;0.025041783216213264;;;;;
4350;4.459577575725232;1.0;0.5948472201673358;1.2408376500278695;0.010142235848777518;;;;;
4351;4.226053089831906;1.0;0.7373918365664613;1.5655333417530901;0.02972543232053222;;;;;
4352;4.309910804066747;1.0;0.6916151366000896;1.5367548737580499;0.020108735523004732;;;;;
4353;4.331270011607891;1.0;0.6664286844353412;1.4562797705393986;0.02025042789394455;;;;;
4354;4.336501358642087;1.0;0.6283498741310025;1.324996161126834;0.027595138046272377;;;;;
4355;4.553817929656107;1.0;0.8151555807406252;1.8117924421059743;0.006488513445650099;;;;;
4356;4.1007629855623495;1.0;0.3158927882798598;0.5932367344634556;0.004777069992635107;;;;;
4357;4.1207065752629575;1.0;0.6241547872669307;1.31267640001266;0.029754018583070977;;;;;
4358;4.342719612255937;1.0;0.677565202470894;1.463491019049486;0.016853872281306078;;;;;
4359;4.260978216065019;1.0;0.6520200417389717;1.3697339368160009;0.03304251802400177;;;;;
4360;4.518441314379377;1.0;0.639104765088579;1.347724132584924;0.009372933668278906;;;;;
4361;4.4965188070797755;1.0;0.6201827940063598;1.3109373406357867;0.016744311197917052;;;;;
4362;4.461734694592691;1.0;0.7413181131741038;1.6350767466070089;0.013506072377448837;;;;;
4363;4.429474273784654;1.0;0.7181282512550703;1.5558452562195049;0.006464472739567892;;;;;
4364;4.487970838386474;1.0;0.6854823934251121;1.4411816754904232;0.01235848770356031;;;;;
4365;3.838589571804133;1.0;0.6041364083800198;1.1022258261793845;0.03800476482275805;;;;;
4366;4.393731031110257;1.0;0.676871421553861;1.4709684330341717;0.019688906634561434;;;;;
4367;4.275989163825399;1.0;0.6520047627206224;1.399898785220062;0.02791342205532999;;;;;
4368;4.37162638915986;1.0;0.5607506908535227;1.200617096751452;0.011678958433839332;;;;;
4369;4.489293030871142;1.0;0.7203616934415361;1.61116693745511;0.01814348010199586;;;;;
4370;4.2690737205135605;1.0;0.6088287364093198;1.2787066972714125;0.02070006472884629;;;;;
4371;4.517743380566777;1.0;0.724327699228772;1.56078915791515;0.007617766836698634;;;;;
4372;4.04496282393962;1.0;0.6340195536043499;1.3367611641125758;0.03253027842460991;;;;;
4373;4.603149280475107;1.0;0.8483006745638059;1.890601502222287;0.004999531481784197;;;;;
4374;4.338186748557034;1.0;0.7150139282226923;1.5799041955549593;0.018175640266243943;;;;;
4375;4.370814936126978;1.0;0.7158117780392467;1.5873436387583448;0.014800827298798742;;;;;
4376;4.425644899784114;1.0;0.6470381739380728;1.3280553138142632;0.01930734833722762;;;;;
4377;4.4857298312591505;1.0;0.5878432329620598;1.1897123262112717;0.007156496297438069;;;;;
4378;4.530906084715909;1.0;0.6140122127386414;1.2762843757465103;0.008868726867450804;;;;;
4379;4.4539266444868835;1.0;0.60797519177759;1.22195690201959;0.014848911116854584;;;;;
4380;4.376905879368904;1.0;0.7144433336648442;1.541734045025294;0.023721583784247078;;;;;
4381;4.267272648637643;1.0;0.6657427698558613;1.4641160403343583;0.027967412006644387;;;;;
4382;4.5525532882515;1.0;0.7206195171352964;1.4491267467212012;0.004850597405750907;;;;;
4383;4.3731864435185095;1.0;0.7250119191877;1.5645308032969194;0.029867222841627506;;;;;
4384;4.240491587373085;1.0;0.6816460104200622;1.4142785015003332;0.02655030115823695;;;;;
4385;4.450728017168332;1.0;0.6074896019427677;1.3113091530110808;0.0110827057150589;;;;;
4386;4.427372730816046;1.0;0.6174628924518203;1.2608523833885021;0.010190549773112576;;;;;
4387;4.559595792386268;1.0;0.730833072133204;1.5345842932877096;0.009047259213082862;;;;;
4388;4.4206488284354375;1.0;0.647852184112855;1.3958991913790977;0.02130795264292046;;;;;
4389;4.471490850501692;1.0;0.7614012776099764;1.7010880732079767;0.012671266669031334;;;;;
4390;4.383138453280753;1.0;0.8079895249862064;1.7907489942591444;0.021462945405973363;;;;;
4391;4.435016693509934;1.0;0.6624520856580409;1.427127258778979;0.02016272501286914;;;;;
4392;4.099721164791982;1.0;0.6030204800521951;1.1392926434387158;0.028885270594737323;;;;;
4393;4.468480379141795;1.0;0.5373253535572867;1.038946519552213;0.011738628327337875;;;;;
4394;4.456863273010503;1.0;0.6691915436096193;1.432496665832985;0.02014313968155807;;;;;
4395;4.506464031851056;1.0;0.7102282679161652;1.5153934668651203;0.016870567146200808;;;;;
4396;4.149591492625756;1.0;0.6391519015618138;1.3530495932020465;0.03827010603086357;;;;;
4397;4.373598688098369;1.0;0.71388849804209;1.5630877797594742;0.018713921967526352;;;;;
4398;4.4711711570390325;1.0;0.6971504469154081;1.5417120713677903;0.019274887216856402;;;;;
4399;4.1522779834182275;1.0;0.671542056630983;1.3629752597057816;0.02360579200794594;;;;;
4400;4.513548685065698;1.0;0.725050307984364;1.5898807562881676;0.015643681655187015;;;;;
4401;4.47556085288552;1.0;0.628827557578625;1.334452107097816;0.00696073056574597;;;;;
4402;4.396072724037139;1.0;0.6228276167472425;1.3684429261185014;0.01234373257238281;;;;;
4403;4.480783670955949;1.0;0.6717076675298569;1.3849641153641434;0.011731248106779647;;;;;
4404;4.534403528031257;1.0;0.8233608065875373;1.8708382599259006;0.010654829925283386;;;;;
4405;4.508859268759517;1.0;0.7794962060836038;1.697864088341928;0.005922969613923641;;;;;
4406;4.390729024865635;1.0;0.7593928829195974;1.6774968144907216;0.012559491566556434;;;;;
4407;4.497400812685571;1.0;0.6616846042871711;1.4150153743008476;0.009990181833038252;;;;;
4408;3.9682950872210223;1.0;0.4548291176042005;0.8393835124827851;0.004584525249864292;;;;;
4409;4.512003736201948;1.0;0.6690048055046575;1.30112336149734;0.006102827052427172;;;;;
4410;4.617276635436407;1.0;0.8706580627541703;1.9293055324677104;0.0039006799613699353;;;;;
4411;4.509778409144404;1.0;0.5667670550767275;1.2318049776988826;0.007667139606096324;;;;;
4412;4.30867544584576;1.0;0.590444408259509;1.1983441921990126;0.01704119090948289;;;;;
4413;4.428050404551505;1.0;0.5756165916860292;1.2537772411185466;0.009922825620444631;;;;;
4414;4.601430723789617;1.0;0.8021554659160424;1.7869361448981125;0.007224233077291165;;;;;
4415;4.437856926927585;1.0;0.6424510318952705;1.3419824685896293;0.009664753286674155;;;;;
4416;4.5681958285708815;1.0;0.8309297761987674;1.9082435541136629;0.010093618758548504;;;;;
4417;4.495999171558083;1.0;0.841448037478973;1.9026072208275693;0.005070826388670567;;;;;
4418;4.117350138984084;1.0;0.6372011575996525;1.417750319287598;0.037020401489490574;;;;;
4419;4.3350470732291475;1.0;0.7122648677320461;1.5621473929140997;0.019858741727950532;;;;;
4420;3.7928362408782745;1.0;0.6701494028213436;1.451807246245341;0.022751077020961775;;;;;
4421;4.439907836125761;1.0;0.6081763428618541;1.2423130435028091;0.013450418535435419;;;;;
4422;4.51532743464088;1.0;0.737711549512933;1.5235684147269415;0.009058934236513603;;;;;
4423;4.308479005170306;1.0;0.6479557131023006;1.3137841022969505;0.014085433466360138;;;;;
4424;4.526078225891635;1.0;0.656688123604474;1.3038986385201154;0.00604064233069167;;;;;
4425;4.504787177372973;1.0;0.6506080144675213;1.255755377601122;0.009266364050187739;;;;;
4426;3.8780990832846545;1.0;0.4873187537138226;1.0384327458679607;0.04415807760303562;;;;;
4427;4.436862589857563;1.0;0.6673927407514105;1.4487287699286486;0.012297103548905274;;;;;
4428;4.120211584750107;1.0;0.7176760409034401;1.551066956822927;0.029805629631270883;;;;;
4429;4.275937396975193;1.0;0.6807604639379481;1.503119052363358;0.026757092087390064;;;;;
4430;4.529012271310795;1.0;0.8199338834399655;1.8541935432398888;0.010346632816291638;;;;;
4431;4.271677687992549;1.0;0.6676415459865405;1.4699426409914997;0.020279490114334928;;;;;
4432;4.283343500728255;1.0;0.6332949852221207;1.346107329028878;0.016513891440343795;;;;;
4433;4.156773692684723;1.0;0.6696176731263132;1.4656738164564085;0.02845732918344137;;;;;
4434;4.5634903771490345;1.0;0.82546380175309;1.844517816246801;0.0077550378324766816;;;;;
4435;4.440334097884292;1.0;0.577496111714075;1.1889249614618926;0.008681972550239189;;;;;
4436;4.458467457816277;1.0;0.7434971978529595;1.674651682111554;0.015762753445260423;;;;;
4437;4.4362834990254365;1.0;0.5352407535168209;1.0221525917800205;0.012285065979721805;;;;;
4438;4.3528185066072655;1.0;0.6356423320302116;1.3381409052685969;0.010827033648285451;;;;;
4439;4.444920945814847;1.0;0.6212268916636222;1.3065835350081914;0.0135787777918426;;;;;
4440;4.271259736981458;1.0;0.7713987841793148;1.70634352424638;0.025698932047789606;;;;;
4441;4.438342715451794;1.0;0.7225726448638926;1.5889923693176466;0.010659052642595063;;;;;
4442;4.471009991503989;1.0;0.6241561151764915;1.2231193697005442;0.010476759187560507;;;;;
4443;4.429731652913188;1.0;0.479654300050928;1.0266388958429782;0.004784234398446479;;;;;
4444;4.548262984406934;1.0;0.7366898402263483;1.6148758304830009;0.004524721137024278;;;;;
4445;4.530494347381876;1.0;0.6651620927868303;1.4218049014660672;0.0036807380690327147;;;;;
4446;4.465523854860189;1.0;0.6442609362557659;1.382650818193789;0.0058395616262036645;;;;;
4447;4.198961215383551;1.0;0.7252562032887923;1.5722000078459786;0.03752918936145776;;;;;
4448;4.138349878829065;1.0;0.7310187505107836;1.581353854568059;0.022626487826494148;;;;;
4449;4.19479486008215;1.0;0.6652868224022878;1.4475337962283645;0.020638427031351745;;;;;
4450;4.256804577461871;1.0;0.5779448084450988;1.2284161965748754;0.02103230912887815;;;;;
4451;4.577004764503421;1.0;0.8256488596799266;1.8369837356890655;0.0044812497749062005;;;;;
4452;4.112186620907083;1.0;0.6689983278777283;1.4236999747259178;0.02423831264076927;;;;;
4453;3.857063189581793;1.0;0.6540551394305518;1.4089505900940609;0.008397372320180651;;;;;
4454;4.551811182033647;1.0;0.7692806099778182;1.6919340987616125;0.005708331035548551;;;;;
4455;4.529271294588108;1.0;0.6782200613533824;1.4448762723792798;0.005321844625341351;;;;;
4456;4.463094110988958;1.0;0.6299828283610714;1.2839632864024821;0.004490802860460067;;;;;
4457;4.302224469401356;1.0;0.6217085851577782;1.355895245359356;0.02063256406733162;;;;;
4458;4.476698851918118;1.0;0.688716320646588;1.4820904373620316;0.007446695311279436;;;;;
4459;4.501890646380846;1.0;0.6880134172958362;1.5012045772235847;0.00916165444057415;;;;;
4460;4.367341384366041;1.0;0.6414780598354737;1.4089267699901595;0.014274837483287619;;;;;
4461;2.4937130189308907;1.0;0.6556350719632198;1.2614654371392866;0.034850645264232205;;;;;
4462;4.438442599029875;1.0;0.4763835927246719;1.0066125748914199;0.007470607449051465;;;;;
4463;4.346759954002541;1.0;0.5797270267431702;1.2196086442387248;0.019458681698429518;;;;;
4464;4.3037328825650345;1.0;0.6087185606404302;1.3058920105500782;0.017975151658116875;;;;;
4465;4.537178999501518;1.0;0.8195555186948169;1.8782631537741021;0.009078714656294375;;;;;
4466;4.5398748932365045;1.0;0.6589023305400649;1.404017038176209;0.0050017102423119165;;;;;
4467;3.9691507587068995;1.0;0.34489705401934295;0.6738322433803238;0.008517122222771976;;;;;
4468;4.519281695327529;1.0;0.6927369873830489;1.5175983575421879;0.011033513671356372;;;;;
4469;4.185651794680437;1.0;0.7108829082652159;1.5943024039029305;0.030483604742751375;;;;;
4470;4.399142372980086;1.0;0.6819077579755147;1.5084351374832605;0.01778972368502696;;;;;
4471;4.464937901671711;1.0;0.5422058301717486;1.1343519180354262;0.0064144838590515845;;;;;
4472;4.050679911261468;1.0;0.6613070896181912;1.4388019065639945;0.032491269087075066;;;;;
4473;4.314563375557432;1.0;0.6237480382673867;1.3717089822739905;0.02350251358994333;;;;;
4474;4.135774374863875;1.0;0.6343971527749214;1.3348619229085252;0.034211115774862244;;;;;
4475;4.545517730067579;1.0;0.7930488774135548;1.806538390686209;0.008558300671232848;;;;;
4476;4.334749322768542;1.0;0.7380694622417782;1.6528882779560239;0.01643855776850987;;;;;
4477;4.305337340315521;1.0;0.6396996511301926;1.381990186275642;0.023523543468448965;;;;;
4478;4.427175623683421;1.0;0.6483698548310773;1.3493653681060778;0.0073820323010159485;;;;;
4479;4.242691938055831;1.0;0.6570599935199335;1.425013947532991;0.023273113447903233;;;;;
4480;4.291660931579555;1.0;0.7405292605938979;1.6657477195547148;0.027867837654981655;;;;;
4481;4.50849829379537;1.0;0.7037007152589091;1.4935016008839128;0.007616897050428699;;;;;
4482;4.392428849955422;1.0;0.6378464491888496;1.4083453003110755;0.02092266241414682;;;;;
4483;4.077254681550521;1.0;0.41879213647946517;0.8920227834240257;0.018853700520268028;;;;;
4484;4.443390410154896;1.0;0.5966850897182807;1.2414968915017977;0.013418867389132564;;;;;
4485;4.520378611373505;1.0;0.643874181642701;1.3967988915328278;0.01095985137228228;;;;;
4486;4.1206129100551605;1.0;0.701427971413013;1.547489082082228;0.03778684217770695;;;;;
4487;4.454081858005205;1.0;0.6333766066602843;1.281120876922687;0.008054341815774854;;;;;
4488;4.482087144251725;1.0;0.6350844664620491;1.3218104549529837;0.008923350389021461;;;;;
4489;4.21420352469477;1.0;0.6246246316424817;1.271970345406473;0.02978932743813536;;;;;
4490;4.414597463169761;1.0;0.6901528287707965;1.431056668595883;0.016355785790314867;;;;;
4491;4.532063822233776;1.0;0.7226351637622991;1.5962181153712809;0.011586737985095784;;;;;
4492;4.355096236835656;1.0;0.706014901023773;1.5863009401535308;0.021500909736947283;;;;;
4493;4.496186087688166;1.0;0.5772587238867578;1.1998785098144569;0.009125033296590675;;;;;
4494;4.2423438300985925;1.0;0.6421191944065548;1.3488956052548755;0.015205583943818853;;;;;
4495;4.565904321432944;1.0;0.7212360892919762;1.5371675866612033;0.006578822665781635;;;;;
4496;4.344683746380316;1.0;0.7877688575229117;1.7863959940141085;0.030055183766954974;;;;;
4497;4.4494269298291895;1.0;0.7297410415035978;1.568186867818824;0.019272314671151338;;;;;
4498;4.301582841063314;1.0;0.7776674849804639;1.7416919398505704;0.028652492608577215;;;;;
4499;4.073224049466883;1.0;0.6540870165166899;1.4307241581000287;0.041112103541530505;;;;;
4500;4.334490695252892;1.0;0.5647349240255746;1.1772511382913489;0.015171411531404088;;;;;
4501;4.559812836797805;1.0;0.7921615175639307;1.7589167713767733;0.006809177434079955;;;;;
4502;4.029643521528079;1.0;0.6294210104497993;1.373697937234896;0.03990330238936183;;;;;
4503;4.463816107482352;1.0;0.7262479191657394;1.6288582745618947;0.01494811982208151;;;;;
4504;4.390634920094167;1.0;0.643406933451932;1.4180811892743488;0.017182052501129273;;;;;
4505;4.250344647633938;1.0;0.6930208577114713;1.4843722433245028;0.02025169916629357;;;;;
4506;4.464255509954413;1.0;0.7396636612989654;1.6182899157247281;0.010807425992831915;;;;;
4507;4.422375327476933;1.0;0.545721765594407;1.1283595893345444;0.010060662801554673;;;;;
4508;4.395435497099753;1.0;0.6332520265570473;1.3261736682415493;0.015768041181339322;;;;;
4509;4.5408615612139815;1.0;0.6515912627564946;1.3774726433880606;0.004638098046694436;;;;;
4510;4.459372729628762;1.0;0.6077490375641403;1.1969628362757236;0.010116834037034613;;;;;
4511;4.4356300481012605;1.0;0.7042352017052551;1.5123030465796388;0.011093423213937983;;;;;
4512;4.487862165975616;1.0;0.7637019811371877;1.67389913997648;0.013175578662556454;;;;;
4513;4.093672601516137;1.0;0.663449630046532;1.4517914903499856;0.045509590851353574;;;;;
4514;4.104840191081923;1.0;0.6880598227900797;1.4758917931636373;0.028519397270555257;;;;;
4515;4.431612177376015;1.0;0.5064275772218599;1.0042217464586205;0.010872755200810873;;;;;
4516;4.081115658612073;1.0;0.6711133175251437;1.4660614346763166;0.054200607482826985;;;;;
4517;4.458666481180967;1.0;0.6148105486986408;1.3016743993320947;0.007575674840573076;;;;;
4518;4.482076781515797;1.0;0.7498893371648927;1.6835940979924975;0.012659580047992003;;;;;
4519;3.374241976544866;1.0;0.6147056495691737;1.315980494387466;0.025944565942573154;;;;;
4520;3.9659540246881178;1.0;0.619057493786074;1.3296116874375672;0.05741727756079364;;;;;
4521;4.377934798831946;1.0;0.6716561731080605;1.4689236796808596;0.018692128934306926;;;;;
4522;4.11037202834255;1.0;0.6810344961523527;1.430084040296187;0.035394817927210206;;;;;
4523;4.47975138049682;1.0;0.5320941374383235;1.078276550880342;0.006104889032565592;;;;;
4524;4.484329880474702;1.0;0.6518565957912577;1.3842239514127042;0.012598115560007637;;;;;
4525;4.477253321031969;1.0;0.589462690891911;1.1863932763770175;0.011682841580474052;;;;;
4526;4.565099631359157;1.0;0.7027833559941162;1.5093124517821543;0.003569975556083132;;;;;
4527;4.273449281602616;1.0;0.660001578191443;1.4573300955825017;0.028524511141545642;;;;;
4528;4.454555800726009;1.0;0.6702242699245515;1.4150782409485094;0.012353414432989571;;;;;
4529;4.330773834391041;1.0;0.6822992041940615;1.3950486432110907;0.015418291087299819;;;;;
4530;3.6482693667446546;1.0;0.7154163724792741;1.5074394150925632;0.00707903792379075;;;;;
4531;4.221597797728623;1.0;0.7046159698009671;1.5493328802080522;0.034232207960911316;;;;;
4532;4.077050254475278;1.0;0.648999774089029;1.427413935541433;0.04415589828899282;;;;;
4533;4.578732054436106;1.0;0.7682473027740268;1.7206012489370661;0.0060583065827239;;;;;
4534;4.418702766299726;1.0;0.7013774617992552;1.5798714299298484;0.01553054101591656;;;;;
4535;4.4417337356427256;1.0;0.630107055234782;1.2915025507968918;0.012802967729724385;;;;;
4536;4.550887924406203;1.0;0.7075482119813636;1.4912111476196352;0.005925474067208042;;;;;
4537;4.287882527935249;1.0;0.6982667591900917;1.4932213419408649;0.025893771589896825;;;;;
4538;4.136297792655293;1.0;0.6613232160521111;1.40119306345016;0.023601924716799845;;;;;
4539;4.354755001688696;1.0;0.6093838476149213;1.3452213293211808;0.011735757090391017;;;;;
4540;4.400202963867419;1.0;0.6778882068219971;1.3902416185502415;0.018481374067782986;;;;;
4541;4.35627358269722;1.0;0.668087212466936;1.382291006504918;0.015875323050124776;;;;;
4542;4.497444949280732;1.0;0.7748972310303073;1.67803496746698;0.009966295619787445;;;;;
4543;4.401792584872171;1.0;0.6299886826376795;1.3437176854358779;0.014663867730674478;;;;;
4544;4.486716508857178;1.0;0.6736869028629214;1.4250360446366743;0.015997940794839894;;;;;
4545;4.303366334685381;1.0;0.7017201773870853;1.4823170190912098;0.017998837122282594;;;;;
4546;4.449475811213809;1.0;0.632216664185984;1.325688330333813;0.013737093260460609;;;;;
4547;4.444300148832372;1.0;0.6163708973260393;1.3243400570996557;0.011551924189317235;;;;;
4548;4.3795635994910525;1.0;0.6282253669412218;1.1688808157958341;0.00905130615256674;;;;;
4549;4.302408887442547;1.0;0.6644760116778213;1.437990332781438;0.028187152832169753;;;;;
4550;4.426865846747664;1.0;0.5595022602158982;1.169316812807184;0.016756672010573168;;;;;
4551;2.7935793760151437;1.0;0.21069990319251472;0.41745061869116157;0.01814109766052953;;;;;
4552;4.5305983068069455;1.0;0.7671075257701365;1.6775719050706783;0.012444357398059144;;;;;
4553;4.186847477442807;1.0;0.5949294952676228;1.270883736105505;0.02015312851163259;;;;;
4554;4.461354542849267;1.0;0.6227940904112138;1.3122213625254058;0.007621876884442178;;;;;
4555;4.537803266684473;1.0;0.641325163264273;1.3333554689610385;0.006335169609483833;;;;;
4556;4.429826089447032;1.0;0.6334774786729348;1.2857924051839247;0.013023878758595678;;;;;
4557;3.9800036106006202;1.0;0.629430996539203;1.2407320840936997;0.06030619099018318;;;;;
4558;4.240067053494776;1.0;0.676699257337882;1.433271843629924;0.03422682039503785;;;;;
4559;4.458844775773179;1.0;0.7272643662127268;1.6258175016431506;0.014456796156324635;;;;;
4560;4.292733578322109;1.0;0.6863868708982442;1.5257000927959457;0.01963593595938444;;;;;
4561;4.476478421146681;1.0;0.6721822861244632;1.460025534570838;0.013294145188380391;;;;;
4562;4.3722229336376355;1.0;0.6237486144816042;1.3267513505967858;0.00910445476635635;;;;;
4563;4.399860594387216;1.0;0.7027885541965025;1.5649889350008344;0.014723677345281962;;;;;
4564;4.2941628525046855;1.0;0.6927005450610827;1.5114754854568584;0.017597469854962033;;;;;
4565;4.302401007539741;1.0;0.6030611591101597;1.27151417426602;0.01750285965237963;;;;;
4566;4.26097708847051;1.0;0.7822609409536966;1.7657148008880246;0.035713161395535736;;;;;
4567;4.327798060678083;1.0;0.6525712418388014;1.3330541402041636;0.01546638329342266;;;;;
4568;4.302552870888155;1.0;0.6240184431864909;1.3223927850209638;0.024357152330769887;;;;;
4569;3.77692400667276;1.0;0.6867832200317368;1.4653223510341955;0.006234955941667968;;;;;
4570;4.083928596186998;1.0;0.629266003485577;1.19145707031932;0.02188328610205129;;;;;
4571;4.47412896302634;1.0;0.7724477711325325;1.7268384762164675;0.008515452986781103;;;;;
4572;4.441581522430855;1.0;0.48910626635595816;0.8994695609341372;0.0035528708101108687;;;;;
4573;4.424760303305223;1.0;0.7098884175637388;1.521865389516618;0.010957841745649498;;;;;
4574;4.413724794321721;1.0;0.7091656632162707;1.5716539077645062;0.012648523821051244;;;;;
4575;4.482526187970944;1.0;0.5506019517721178;1.0543777800716165;0.0042321311442847405;;;;;
4576;4.173968476917682;1.0;0.6120754125768831;1.2738961979785497;0.03524504704452171;;;;;
4577;4.466250091470463;1.0;0.5709502778254366;1.1933477716265433;0.01203446087639909;;;;;
4578;4.187165129730866;1.0;0.650892800456673;1.4106245762410914;0.021603067590506397;;;;;
4579;4.231412064297416;1.0;0.6763139753014792;1.4544089931759563;0.02356888250860673;;;;;
4580;4.563674684006489;1.0;0.7047527312274613;1.476880417487309;0.00455267499768407;;;;;
4581;4.564422598374583;1.0;0.8350061316408844;1.9096222125262035;0.006836124423815583;;;;;
4582;4.417495608782769;1.0;0.6015711978026863;1.2948568425808402;0.016381402002614016;;;;;
4583;3.5678599921144327;1.0;0.6709810028046153;1.410937532407742;0.028941962525700426;;;;;
4584;4.4431084807503565;1.0;0.6576792997605506;1.397385523069933;0.014116597866399605;;;;;
4585;4.549028669773991;1.0;0.7147411046671283;1.5580662240542766;0.00495562915996735;;;;;
4586;4.5594868054199145;1.0;0.7427923987571083;1.671111625672035;0.00916811414097948;;;;;
4587;4.14495765736965;1.0;0.6447517476064707;1.2259553038959514;0.02053226492380582;;;;;
4588;4.381273524954494;1.0;0.6337400383617418;1.2584581337907323;0.014563090720821507;;;;;
4589;4.318838113597125;1.0;0.6578442568717386;1.3445582879649733;0.025745131023167535;;;;;
4590;4.525672846210082;1.0;0.6763391979845919;1.4152642461445948;0.0076056301460193515;;;;;
4591;4.387356354776209;1.0;0.6538733664888393;1.3998704493481828;0.011415572863241715;;;;;
4592;4.4802552804982865;1.0;0.7287166070136272;1.6368443193614786;0.013874637343612406;;;;;
4593;4.368157510544833;1.0;0.6521770808459831;1.3931506105441944;0.014950801929469423;;;;;
4594;4.42367688093695;1.0;0.5388694622584729;1.092130012188908;0.0053829187863680475;;;;;
4595;3.97921096839736;1.0;0.6586427668034591;1.322138363186323;0.041518907121151104;;;;;
4596;4.461481967465286;1.0;0.6440913881655461;1.2945023643257685;0.014506104540175181;;;;;
4597;4.4044559612506475;1.0;0.6625355665015159;1.4600878475222572;0.01343231240451881;;;;;
4598;4.431883324789371;1.0;0.7147336445543189;1.5715863295504797;0.016383735729103392;;;;;
4599;4.475048293671836;1.0;0.7579483702665848;1.6985999682862132;0.019599306452945095;;;;;
4600;3.9725874534847865;1.0;0.6212524767958363;1.2906887689789603;0.018529230072230875;;;;;
4601;4.412576550901884;1.0;0.491711223497606;1.060784799025242;0.006766943403466208;;;;;
4602;4.5896584593731555;1.0;0.775084896484983;1.6991224893629195;0.005455425626000094;;;;;
4603;4.514344203712126;1.0;0.5866573306961936;1.3116285936837087;0.005681177993914354;;;;;
4604;4.29659580678208;1.0;0.7196550568527746;1.5433548635377163;0.018188273515688896;;;;;
4605;2.2985442256833686;1.0;0.5230663747720824;1.07174620692028;0.0464657450688865;;;;;
4606;4.517118786437647;1.0;0.6008604957765332;1.261164822197203;0.006062800446708675;;;;;
4607;4.302144783241996;1.0;0.6571045937443843;1.4627861827029451;0.02660167552495342;;;;;
4608;4.484474546573455;1.0;0.7350458804014128;1.651328161913958;0.01592416301123945;;;;;
4609;4.198260126581518;1.0;0.7125072199570885;1.5430468890980626;0.022504368450665328;;;;;
4610;4.393598414488344;1.0;0.646544326261954;1.419819356051965;0.0261711841876828;;;;;
4611;4.002857727461173;1.0;0.6582775346865417;1.3203224020306146;0.04708095252522909;;;;;
4612;4.103535267052808;1.0;0.6349025715412138;1.3679266180570706;0.04404435137546966;;;;;
4613;4.41106134919233;1.0;0.5682808557468395;1.22113611421808;0.01202536885298838;;;;;
4614;4.265613493302668;1.0;0.6448781804676506;1.4238299273428139;0.02938562705790395;;;;;
4615;4.481934028610144;1.0;0.6098860727109677;1.3116168907759342;0.009871753092381821;;;;;
4616;4.340162909055214;1.0;0.7620418082108535;1.7257099284106738;0.03523663281906247;;;;;
4617;4.123738255070174;1.0;0.7079557853298365;1.548641456975686;0.04388251559147933;;;;;
4618;1.9147963958735454;1.0;0.19192977324926294;0.3605967440324571;0.003580693109327158;;;;;
4619;4.5773456469853935;1.0;0.7354290578489774;1.628144182465;0.003665832895584497;;;;;
4620;3.8809127060102147;1.0;0.5858537059075682;1.2779562702282514;0.015509486880474316;;;;;
4621;4.238260126073945;1.0;0.6610185989097948;1.4380805802007854;0.032740743291576495;;;;;
4622;4.196346739994795;1.0;0.6605365821212844;1.3194748226592155;0.03340430634712317;;;;;
4623;4.336507564562774;1.0;0.6592006978462641;1.4815695881451483;0.022735895490678806;;;;;
4624;4.305122692896037;1.0;0.6644135970525683;1.44540005044849;0.03223124884669288;;;;;
4625;4.609998196701341;1.0;0.8429161393045764;1.9054258385001648;0.005389663082664179;;;;;
