index;reward;success;path_efficiency;effective_speed;lateral_motion;policy_loss;value_loss;entropy;approximate_kl;clip_fraction
1;-3.894215647551004;0.0;0.0;0.0;128.81227012397022;-0.00808358988724649;0.00500975395552814;5.81460120677948;0.004272338643204421;0.047265625
2;-6.946005563583136;0.0;0.0;0.0;187.23275987393458;-0.007212237082421779;0.001140415173722431;5.821854472160339;0.0016123748966492713;0.012890625
3;-11.030127584092705;0.0;0.0;0.0;162.193217298035;-0.004917712137103081;0.0004939425831253175;5.831537914276123;0.0014592770370654763;0.0064453125
4;-10.05383368061332;0.0;0.0;0.0;134.6373001046244;-0.010368925565853716;0.00042713283037301155;5.838994336128235;0.003071718954015523;0.031640625
5;-11.381430090645903;0.0;0.0;0.0;142.6400335004357;-0.008062943536788224;0.0007584310718812048;5.847923445701599;0.003174757899250835;0.0375
6;-11.630838517182722;0.0;0.0;0.0;166.97712151325982;-0.011836751457303762;0.0013537149352487177;5.85977828502655;0.001642503112088889;0.0099609375
7;-13.75625176727419;0.0;0.0;0.0;190.27962647469494;-0.006875866325572133;0.0033717244397848843;5.866190719604492;0.002174386300612241;0.0158203125
8;-20.94808782367012;0.0;0.0;0.0;190.37067679157843;-0.0062443000264465805;0.0028449628967791795;5.869048976898194;0.004218659375328571;0.050390625
9;-18.83658074388471;0.0;0.0;0.0;208.80428345116505;-0.0018425632268190383;0.0023902716289740055;5.8764759540557865;0.0030476955464109777;0.03046875
10;-30.40221894684293;0.0;0.0;0.0;152.20615311594727;-0.010210512904450297;0.0023364979773759843;5.880500364303589;0.0041406042873859406;0.0486328125
11;-29.301148102888515;0.0;0.0;0.0;184.8783750701465;-0.003611664194613695;0.08462679125368595;5.887623262405396;0.0025685198255814613;0.023828125
12;-30.33140496934235;0.0;0.0;0.0;193.672818555073;0.0015593390911817552;0.16508916839957238;5.897666645050049;0.0016416638623923062;0.012109375
13;-77.10489421306715;0.0;0.0;0.0;87.4358393452875;-0.005205754796043039;0.13089899644255637;5.906783390045166;0.0045664030243642625;0.0619140625
14;-84.55672084040988;0.0;0.0;0.0;121.6536282949344;-0.0035530392546206714;0.10697553642094135;5.911587548255921;0.0034888132358901203;0.0431640625
15;-90.89620071432127;0.0;0.0;0.0;144.4508430885725;-0.006755421264097094;0.08068727087229491;5.9146781921386715;0.001321460783947259;0.0076171875
16;-62.717433049467104;0.0;0.0;0.0;239.23751998092152;-0.003904428705573082;0.07678838241845369;5.919036245346069;0.005283062334638089;0.0720703125
17;-79.92348952434762;0.0;0.0;0.0;176.07288186076167;-0.010502413474023342;0.05926948711276055;5.92193865776062;0.0033019806607626377;0.033984375
18;-59.77085900536079;0.0;0.0;0.0;337.6338355570419;-0.003861980652436614;0.04803595244884491;5.918704986572266;0.00435145297087729;0.05625
19;-42.49185141295989;0.0;0.0;0.0;431.1203910727693;-0.014928941754624248;0.03852480994537473;5.919740629196167;0.0033195775118656456;0.0388671875
20;-53.65465220029766;0.0;0.0;0.0;331.4859093162659;-0.012968691042624414;0.03357420889660716;5.923087430000305;0.0035907794372178614;0.03828125
21;-93.25439029965457;0.0;0.0;0.0;281.45733724280683;-0.012038237508386373;0.029304578248411418;5.929649448394775;0.004798042064066976;0.0638671875
22;-42.365857028296865;0.0;0.0;0.0;391.7348152305996;-0.009639987908303737;0.03571147732436657;5.928894639015198;0.0039527429267764095;0.051171875
23;-55.92712793998807;0.0;0.0;0.0;449.9578298752401;-0.006954036641400307;0.02739822631701827;5.930965399742126;0.0029842684278264643;0.0310546875
24;-50.060393980589076;0.0;0.0;0.0;426.21511732801054;-0.0010415995959192515;0.02202529227361083;5.9371699571609495;0.003251061390619725;0.03671875
25;-2.8106012611055915;0.0;0.0;0.0;260.0925616186257;-0.004806342534720898;0.021188812609761954;5.94169979095459;0.0028871368849650025;0.0259765625
26;-17.077784053216366;0.0;0.0;0.0;245.18365361547933;-0.002545453701168299;0.019895871914923192;5.945365476608276;0.003318315441720188;0.0369140625
27;-20.68574027354618;0.0;0.0;0.0;315.9097934466197;-0.010472960397601127;0.021985697280615567;5.9500274658203125;0.005001762055326253;0.063671875
28;-31.032824768677173;0.0;0.0;0.0;311.71949040626623;-0.009216283122077585;0.06567329270765185;5.954088473320008;0.004222712141927332;0.0515625
29;-28.519161494850458;0.0;0.0;0.0;512.7405340768223;-0.01064714351668954;0.026336935069411992;5.958854722976684;0.004835913307033479;0.0595703125
30;-27.572533702541822;0.0;0.0;0.0;720.9625297686516;-0.008418068708851933;0.028905028756707907;5.965595960617065;0.0034008668619208036;0.03203125
31;-74.81225924342901;0.0;0.0;0.0;389.08480346247967;-0.01027826089411974;0.027848674822598694;5.969453358650208;0.004004186135716736;0.0501953125
32;-9.845088394103158;0.0;0.0;0.0;570.9205523852926;-0.0053751027211546894;0.05926503790542483;5.973548173904419;0.002894752426072955;0.0267578125
33;-37.32513535620369;0.0;0.0;0.0;588.1312448386418;-0.006589233758859336;0.12013755403459073;5.974353170394897;0.0045918362098746005;0.05625
34;-19.35727133490629;0.0;0.0;0.0;297.2689959313679;-0.006898839538916945;0.04928479390218854;5.974925637245178;0.0041193396784365175;0.05
35;-7.575623306341334;0.0;0.0;0.0;213.38385158793432;-0.0014875719789415598;0.013684788672253489;5.976058101654052;0.004143492807634175;0.0443359375
36;-4.164089681671847;0.0;0.0;0.0;451.7433886246767;-0.0016631252132356168;0.0460081753320992;5.978177428245544;0.003965947404503822;0.0498046875
37;-37.19081030223752;0.0;0.0;0.0;716.7077418212239;-0.004932046215981245;0.016045196959748865;5.979649233818054;0.004757559637073428;0.061328125
38;-18.04784049651114;0.0;0.0;0.0;230.50573407780908;-0.004107258841395378;0.01828815140761435;5.983115577697754;0.0035187269793823363;0.0439453125
39;-2.639630961768776;0.0;0.0;0.0;359.41479876963604;-0.011226741783320903;0.014616247918456792;5.9882272481918335;0.004209221724886447;0.0517578125
40;-10.236377261265062;0.0;0.0;0.0;445.768394172221;-0.015497352974489332;0.030174048990011214;5.989351606369018;0.004674832778982818;0.0615234375
41;-18.656672325503617;0.0;0.0;0.0;323.10048738589995;-0.008780573937110603;0.026803771778941155;5.992891001701355;0.003919932921417057;0.0494140625
42;-6.707236699717029;0.0;0.0;0.0;296.0214188765571;-0.007306702015921473;0.02191185625270009;5.99907910823822;0.0043636215734295545;0.0572265625
43;-2.030509475628125;0.0;0.0;0.0;355.47217255174263;-0.007000848418101668;0.037610100023448466;6.002564239501953;0.003551590582355857;0.03828125
44;-12.570509217800595;0.0;0.0;0.0;469.32569740633664;-0.013096895813941956;0.03893080670386553;6.009560680389404;0.00692434839438647;0.0916015625
45;-9.550445623598002;0.0;0.0;0.0;441.8166190897969;-0.009167865104973315;0.029693862423300743;6.01278862953186;0.005680534045677632;0.075
46;-1.0421909110683032;0.0;0.0;0.0;502.77072842986667;-0.013377794530242682;0.03041667863726616;6.015900087356568;0.0041852772468701;0.0498046875
47;-35.40741329711124;0.0;0.0;0.0;607.7597318218496;-0.011583056440576911;0.02819889560341835;6.017574071884155;0.005303226143587381;0.07421875
48;-7.100035848174564;0.0;0.0;0.0;1460.0219844941596;-0.00773003869690001;0.026460649352520703;6.019278073310852;0.003560059331357479;0.041796875
49;-11.1568196670265;0.0;0.0;0.0;261.93009550880413;-0.01363087915815413;0.038235751818865536;6.019629645347595;0.008181981544476002;0.105859375
50;-3.463790464078001;0.0;0.0;0.0;601.9810157416257;-0.01105873128399253;0.017556536430492996;6.026244974136352;0.007478280272334814;0.1076171875
51;-1.6440695706673767;0.0;0.0;0.0;757.5620585940628;-0.013040590379387141;0.012445791438221932;6.034992718696595;0.005215393309481442;0.0650390625
52;-2.5715862036184647;0.0;0.0;0.0;301.9231915047118;-0.011592894466593862;0.010298011917620897;6.035993862152099;0.005656505248043686;0.0740234375
53;-2.4644881938581635;0.0;0.0;0.0;803.1454349135324;-0.006018773419782519;0.01764632873237133;6.038755297660828;0.0059666712186299264;0.0765625
54;-16.227808400471456;0.0;0.0;0.0;517.8220258551638;-0.009890775475651026;0.016070633335039018;6.038011884689331;0.004895486240275204;0.0595703125
55;-3.448358462300745;0.0;0.0;0.0;504.5737496587079;-0.010591241996735334;0.009193251514807344;6.039554166793823;0.0052162222447805105;0.0693359375
56;-1.4546019470259441;0.0;0.0;0.0;651.3100569722434;-0.00616924159694463;0.010528894327580928;6.0417659997940065;0.005660159979015589;0.0779296875
57;-2.404970543523835;0.0;0.0;0.0;529.1297457263804;-0.011566093098372221;0.010691271722316742;6.038560461997986;0.009081742854323237;0.1306640625
58;-1.8676495768324648;0.0;0.0;0.0;585.2283464178875;-0.013907999894581736;0.005815185885876417;6.041039371490479;0.0058497274643741545;0.07890625
59;-2.1987287896173036;0.0;0.0;0.0;548.8232259454996;-0.01951631479896605;0.018068489735014737;6.0459390640258786;0.006519846105948091;0.0892578125
60;-1.384690328671036;0.0;0.0;0.0;577.5990021083398;-0.012285119388252497;0.009188669337891042;6.046475982666015;0.009195447387173771;0.1283203125
61;-1.1240151071509914;0.0;0.0;0.0;1024.171449677666;-0.004704986931756139;0.032528412714600566;6.04849603176117;0.0065801654127426445;0.0845703125
62;-0.3551319507301496;0.0;0.0;0.0;650.5999323266144;-0.01172173283994198;0.01819092482328415;6.049856090545655;0.008790489158127458;0.119140625
63;-1.863726899050093;0.0;0.0;0.0;1062.352714134347;-0.018802835885435343;0.010925591550767421;6.053415751457214;0.0075454946607351305;0.1025390625
64;-1.9568628970434745;0.0;0.0;0.0;661.9270080558099;-0.004717844247352332;0.013540361169725656;6.054666662216187;0.004645651928149164;0.05546875
65;-1.812287377355362;0.0;0.0;0.0;756.6930634007682;-0.005733927246183157;0.01963188680820167;6.058091998100281;0.005874435382429511;0.079296875
66;-1.1569995679481777;0.0;0.0;0.0;623.2554122976294;-0.006162977311760187;0.015005836356431245;6.062237405776978;0.00455327961826697;0.0583984375
67;-2.9076067357253645;0.0;0.0;0.0;580.5088572902969;-0.009900517389178276;0.011261090310290456;6.065677285194397;0.007540730410255492;0.104296875
68;-13.024336721472109;0.0;0.0;0.0;1052.8138073138643;-0.010773011436685919;0.01394970789551735;6.067013597488403;0.006404937314800918;0.0859375
69;-4.60361615365162;0.0;0.0;0.0;523.2321118706172;-0.008645848976448179;0.020539097441360354;6.068064856529236;0.00828640126856044;0.1162109375
70;-2.8158739176596757;0.0;0.0;0.0;584.8192067752652;-0.009627199557144195;0.02300418559461832;6.07306604385376;0.007363855873700231;0.10234375
71;-1.5310579878165822;0.0;0.0;0.0;511.2984590498611;-0.00956951656844467;0.02120139100588858;6.0823941946029665;0.008556456433143466;0.1189453125
72;-5.398781889573579;0.0;0.0;0.0;987.1434193849856;-0.012180515797808766;0.013244102755561472;6.0854825258255;0.00786361041245982;0.1142578125
73;-1.937514904910084;0.0;0.0;0.0;777.381912336432;-0.009089075261726975;0.007303806277923286;6.082256317138672;0.006391569261904806;0.08671875
74;-1.919054612414337;0.0;0.0;0.0;1172.630124422324;-0.009099083999171854;0.007493691914714873;6.083030772209168;0.009700079425238073;0.133984375
75;-4.06233234992102;0.0;0.0;0.0;1028.5570291268184;-0.0068596572615206245;0.004678680177312345;6.088067078590393;0.007378585531841964;0.102734375
76;-2.8625723677128074;0.0;0.0;0.0;1756.972707054381;-0.02349639916792512;0.004274543398059905;6.087364196777344;0.007158153958152979;0.1017578125
77;-3.6253978979372135;0.0;0.0;0.0;900.6054158888302;-0.009809087263420224;0.009359668288379908;6.08879599571228;0.00709826584206894;0.1
78;-3.5081069925511867;0.0;0.0;0.0;1034.719247394196;-0.0124854905763641;0.006084179622121155;6.091822171211243;0.006570143497083336;0.08671875
79;-2.328060770734369;0.0;0.0;0.0;793.4650996551678;-0.007647088449448347;0.019532449869439007;6.097616195678711;0.007496138487476855;0.106640625
80;-0.6958965435868816;0.0;0.0;0.0;512.3778845421548;-0.009887539059855044;0.021054523438215254;6.103862309455872;0.005276275612413883;0.0701171875
81;-2.857671484456434;0.0;0.0;0.0;864.5929172117475;-0.01100850161164999;0.015069426177069545;6.106386399269104;0.01011153511935845;0.14140625
82;-3.3641967341816756;0.0;0.0;0.0;1385.7511862501108;-0.008188278367742895;0.008447397430427373;6.111050724983215;0.006456955557223409;0.091796875
83;-2.862523101595259;0.0;0.0;0.0;966.2134979844154;-0.0032616002950817346;0.0062808199552819135;6.110561990737915;0.008359734131954611;0.11875
84;-2.725787930077749;0.0;0.0;0.0;715.0936837096151;-0.008605478331446648;0.00470821897033602;6.107132887840271;0.008442404551897199;0.1154296875
85;-1.5496822803403225;0.0;0.0;0.0;653.3320742781135;-0.008212409168481826;0.004722108854912222;6.1060936689376835;0.011412892886437476;0.17265625
86;-6.12980762688833;0.0;0.0;0.0;683.6883301564521;-0.005477060610428452;0.00435988485114649;6.106710314750671;0.007498961617238819;0.1091796875
87;-2.7127781708497674;0.0;0.0;0.0;1027.1625838611901;-0.008110748417675496;0.004508403304498643;6.106688237190246;0.007500845543108881;0.1126953125
88;-0.972294567654721;0.0;0.0;0.0;619.8019653116295;-0.012316630058921873;0.004985743830911815;6.10291440486908;0.008432104240637273;0.119921875
89;-3.9305127567261673;0.0;0.0;0.0;1336.865376302681;-0.0135429514804855;0.004189949994906783;6.0982907056808475;0.008866807597223669;0.124609375
90;0.39456027047011644;0.0;0.0;0.0;555.0069111452156;-0.008511702716350555;0.0037797360797412693;6.0973817110061646;0.006711671105585992;0.0841796875
91;-2.0167346252260687;0.0;0.0;0.0;1674.5523533286766;-0.012864503427408636;0.02023685029707849;6.096344017982483;0.008811501204036176;0.125390625
92;-3.058307094864918;0.0;0.0;0.0;742.3808337346209;-0.006121089053340256;0.00932341602165252;6.097952055931091;0.007809657952748239;0.11015625
93;-2.4784170232706666;0.0;0.0;0.0;948.1580211820283;-0.016439040610566735;0.004714115371461958;6.103024363517761;0.012401159515138715;0.17265625
94;-2.1848272269076388;0.0;0.0;0.0;752.0586113776345;0.004099056823179126;0.0043610012857243415;6.106104493141174;0.009962349419947714;0.1537109375
95;-10.052676088112245;0.0;0.0;0.0;1210.9078275924003;-0.007648446271196008;0.0046903508016839625;6.106085562705994;0.007270741218235344;0.0951171875
96;-2.802313182126706;0.0;0.0;0.0;1150.606915538502;-0.012370541878044605;0.004418884718324989;6.102623009681702;0.010252042789943516;0.1515625
97;-1.7610159467778321;0.0;0.0;0.0;739.4329884828051;-0.003543482255190611;0.004068871890194714;6.097396492958069;0.008541533944662661;0.1181640625
98;-3.8312541781925176;0.0;0.0;0.0;732.2565324633039;-0.01432471303269267;0.005066989292390645;6.0938596487045285;0.006957191519904882;0.1017578125
99;-6.814339026485136;0.0;0.0;0.0;1022.3522017969427;-0.011814544536173343;0.010870258323848248;6.09711446762085;0.0116212589899078;0.16953125
100;-1.937724899743529;0.0;0.0;0.0;849.9728058603288;-0.007818194339051843;0.005501311831176281;6.10362138748169;0.006607427995186299;0.0890625
101;-2.179737994726008;0.0;0.0;0.0;686.3022016426212;-0.012421773793175817;0.005050416500307619;6.102526211738587;0.007350395817775279;0.1044921875
102;-1.4141815510526634;0.0;0.0;0.0;739.4129576662232;-0.0006461787503212691;0.003849353641271591;6.098709917068481;0.007709076709579677;0.1005859375
103;-2.1249106387571635;0.0;0.0;0.0;1005.171707903365;-0.006388730835169554;0.005657089594751597;6.096016764640808;0.008240367111284286;0.1169921875
104;-2.2065531556888014;0.0;0.0;0.0;829.0440790710971;-0.010784354899078608;0.005674284161068499;6.097623038291931;0.006218361738137901;0.07734375
105;-1.8193693643478084;0.0;0.0;0.0;693.8659079027734;-0.011573855439200998;0.005872589093632996;6.10026183128357;0.007838023034855724;0.108203125
106;-1.7101714981868918;0.0;0.0;0.0;976.6879446421517;-0.009412792371585965;0.005075784912332892;6.101602244377136;0.007623470562975854;0.1021484375
107;-1.8009716605224109;0.0;0.0;0.0;812.4297712521566;-0.014976017875596881;0.00429567062528804;6.098849415779114;0.010211072082165628;0.1541015625
108;-2.015054615560109;0.0;0.0;0.0;694.6531491459955;-0.011130443750880658;0.00277594510698691;6.0936527967453005;0.009230900346301496;0.12109375
109;-3.4688395461931827;0.0;0.0;0.0;769.2731699776822;-0.008142078155651688;0.0035864801495335994;6.089265918731689;0.005933924880810082;0.0787109375
110;-5.52987883382451;0.0;0.0;0.0;774.2895355869604;-0.018847412918694316;0.0034604399930685758;6.085529804229736;0.010261485713999718;0.1455078125
111;-2.4942038502415005;0.0;0.0;0.0;1884.0796898239757;-0.013639363646507262;0.003433755994774401;6.082911205291748;0.010663191345520318;0.136328125
112;-1.7380686588748062;0.0;0.0;0.0;599.9301438829143;-0.012801099615171552;0.004354106460232288;6.077993535995484;0.008100086555350572;0.110546875
113;-1.6031375131811552;0.0;0.0;0.0;596.9527106191858;-0.014796241419389844;0.0028143976116552947;6.077408576011658;0.008267207629978656;0.1181640625
114;-2.162286436747948;0.0;0.0;0.0;615.6632325908909;-0.00790637016762048;0.0035851112799718974;6.079690837860108;0.007638730516191572;0.1048828125
115;-0.8585793299569715;0.0;0.0;0.0;833.7550994688658;-0.011041573062539101;0.003142597002442926;6.0764786958694454;0.008084917592350393;0.1185546875
116;-1.4157845099999158;0.0;0.0;0.0;783.422821362965;-0.008825674932450057;0.0034927819622680547;6.071094655990601;0.01009578191442415;0.147265625
117;-0.30578143635580374;0.0;0.0;0.0;711.5217937126324;-0.009158123238012194;0.005801401240751148;6.063543820381165;0.0066080872202292085;0.0953125
118;-8.224351678869935;0.0;0.0;0.0;679.004287117122;-0.007994647044688464;0.004175173828843981;6.058402347564697;0.007709736260585487;0.102734375
119;-1.2171048793837917;0.0;0.0;0.0;719.0035628340169;-0.0035077354870736597;0.0039388966280966995;6.055196738243103;0.008620584523305297;0.1158203125
120;-1.6944503267895679;0.0;0.0;0.0;859.0379959798073;-0.007498914794996381;0.004443330003414303;6.054717350006103;0.0070592539850622416;0.1005859375
121;-0.1338857530954034;0.0;0.0;0.0;593.9809640942012;-0.0032519145403057336;0.003120531770400703;6.060050129890442;0.008099965460132807;0.121484375
122;-0.30293297953721526;0.0;0.0;0.0;666.6475749518781;-0.01214876603335142;0.004758491390384733;6.064356637001038;0.012118663103319705;0.164453125
123;-1.583945766515901;0.0;0.0;0.0;898.3104182406321;-0.007032366143539548;0.005564203788526356;6.061984825134277;0.007577765209134668;0.109765625
124;-4.9426253184292674;0.0;0.0;0.0;1406.2749632146465;-0.012673466978594661;0.004258226288948208;6.061917996406555;0.0078108906745910645;0.116015625
125;-0.5554950315490884;0.0;0.0;0.0;850.5780311172418;0.0007900343276560307;0.008206613780930638;6.064993405342102;0.009894847695250064;0.1353515625
126;-0.9774002427736588;0.0;0.0;0.0;874.909443479206;-0.007172310166060925;0.009603508654981852;6.069544672966003;0.008562454488128424;0.1236328125
127;-7.882003226640268;0.0;0.0;0.0;630.3575373915987;-0.01215154742822051;0.004202082857955247;6.073671197891235;0.009436329081654548;0.13671875
128;0.6567937658807671;0.0;0.0;0.0;852.9882385402811;-0.00943861184641719;0.004302390338853002;6.080065679550171;0.0067364139831624925;0.09609375
129;-1.6478650508757968;0.0;0.0;0.0;712.8112315984002;-0.01485572480596602;0.004028159962035716;6.085403561592102;0.008072332141455262;0.1220703125
130;-0.788199082289418;0.0;0.0;0.0;1087.3862662817319;-0.008178321830928325;0.004009144147858024;6.087618446350097;0.00894235773012042;0.1298828125
131;-5.192472854837147;0.0;0.0;0.0;660.8910694327651;-0.01271865558810532;0.006422493350692093;6.085452151298523;0.009382958919741214;0.1337890625
132;-12.022574185922096;0.0;0.0;0.0;1506.0623596359223;-0.007634348818100989;0.02245914489030838;6.085033297538757;0.009374111006036401;0.137109375
133;-0.953530039846865;0.0;0.0;0.0;780.022878772855;-0.016083591151982546;0.0053224763832986355;6.083762240409851;0.011269551399163902;0.173046875
134;-1.2886893236841852;0.0;0.0;0.0;680.514216660775;-0.005038370913825929;0.005827112612314523;6.0801438093185425;0.008469013881403952;0.1189453125
135;-0.5640018671175686;0.0;0.0;0.0;698.5239818111884;-0.0067312988918274645;0.005122565431520343;6.080574488639831;0.010525928623974324;0.1486328125
136;-6.478219528842506;0.0;0.0;0.0;1244.4883911716656;-0.01486076577566564;0.004384657472837716;6.081824398040771;0.008882522222120316;0.1291015625
137;-17.080801528453467;0.0;0.0;0.0;519.1842152445661;-0.009553432511165739;0.006498348154127598;6.0797055721282955;0.008514622657094151;0.1185546875
138;-0.6768513369992869;0.0;0.0;0.0;615.302366736939;-0.010566274123266339;0.004788909247145057;6.07651379108429;0.008942554472014308;0.1330078125
139;-12.820878764540614;0.0;0.0;0.0;744.3268449391932;-0.01245729373767972;0.006956698722206056;6.076521325111389;0.009237578732427209;0.1296875
140;-0.6976304726088922;0.0;0.0;0.0;779.617314855575;-0.005247262911871076;0.0052588572492823;6.077386140823364;0.006650964880827814;0.08984375
141;5.09697304908395;1.0;0.28938604222899533;0.19247465593497587;279.9423888784027;-0.007591259549371898;0.003192796546500176;6.079437637329102;0.005702645913697779;0.075
142;-8.06022663617578;0.0;0.0;0.0;1030.1286428618741;-0.0030585027299821375;0.004951509728562087;6.084109354019165;0.009201669518370181;0.1294921875
143;-0.6037067176986808;0.0;0.0;0.0;561.2498715133768;-0.010586490831337869;0.0027895505190826952;6.080960416793824;0.008842008677311242;0.1251953125
144;-2.462043706181152;0.0;0.0;0.0;498.6976766161291;-0.00942215183749795;0.004232333297841251;6.0758239269256595;0.006515071110334248;0.0865234375
145;-2.139260588173727;0.0;0.0;0.0;491.4483731396293;-0.006070504756644368;0.005379135929979384;6.076741933822632;0.009228908421937377;0.133203125
146;-34.08476667349481;0.0;0.0;0.0;591.9092369420995;-0.006660905526950955;0.013187268748879433;6.0800834655761715;0.007148716202937067;0.0947265625
147;-0.41497760623390356;0.0;0.0;0.0;565.4063928743903;-0.019561508181504907;0.003309673781041056;6.083431386947632;0.010839645168744028;0.156640625
148;-7.147840563584736;0.0;0.0;0.0;409.9799681298384;0.0005525217857211828;0.0034244040958583354;6.083516716957092;0.006986113439779729;0.0994140625
149;-5.62738577032973;0.0;0.0;0.0;452.879036889641;-0.007512483303435147;0.005630414001643658;6.081415367126465;0.007855954254046083;0.1115234375
150;-4.8228618063991044;0.0;0.0;0.0;517.8972813865389;-0.012698988313786685;0.003678729757666588;6.081141400337219;0.008039817376993597;0.10859375
151;-40.828744512484995;0.0;0.0;0.0;994.9173516178151;-0.011900604330003261;0.004520427843090147;6.082968473434448;0.006793461600318551;0.09140625
152;-35.52063673339419;0.0;0.0;0.0;909.7997598209797;-0.013517182553187013;0.004175717034377158;6.082857012748718;0.007743464829400182;0.1125
153;0.6062301978827285;0.0;0.0;0.0;394.8904320720148;-0.009407188044860959;0.004934896738268435;6.081436443328857;0.008471300860401243;0.1201171875
154;-6.953127244619043;0.0;0.0;0.0;453.63576708725975;-0.012018620176240802;0.008523326856084168;6.085166597366333;0.005904274410568178;0.07734375
155;-13.931610321990156;0.0;0.0;0.0;765.2875721342461;-0.009818532317876816;0.005421928619034589;6.088241386413574;0.008589393424335868;0.121875
156;-9.3275628631057;0.0;0.0;0.0;443.39698465702594;-0.003706066682934761;0.0027315511717461048;6.0910759449005125;0.008099420985672623;0.1150390625
157;-13.402339843507228;0.0;0.0;0.0;500.5916061676235;-0.003118876088410616;0.0024745142785832287;6.095464086532592;0.006014903704635799;0.0783203125
158;-22.663978571861055;0.0;0.0;0.0;492.43611020398544;-0.005176004488021135;0.004853668925352395;6.099572801589966;0.00927520744735375;0.1353515625
159;-13.383479902779852;0.0;0.0;0.0;444.5650901273255;-0.007464328990317881;0.006853318586945534;6.101654601097107;0.008421209675725549;0.1154296875
160;-0.8289529254903444;0.0;0.0;0.0;539.3574632704091;0.0003384059760719538;0.018226233823224903;6.100879430770874;0.007741422718390822;0.107421875
161;5.64190711091628;1.0;0.8936534144482543;0.6919414670670092;100.21328393259897;-0.0069990011397749186;0.010627216869033873;6.104457974433899;0.006937978102359921;0.0900390625
162;-15.040929185447098;0.0;0.0;0.0;823.6685787510128;-0.010604068450629712;0.013026636885479092;6.104511785507202;0.00981798249995336;0.1408203125
163;-1.9140085473760164;0.0;0.0;0.0;610.1370248680976;-0.01011170856654644;0.0034741201670840383;6.106885647773742;0.008872354496270418;0.1234375
164;-12.867164264283197;0.0;0.0;0.0;1000.068089675758;-0.008421131642535329;0.003774256643373519;6.117396879196167;0.006952826585620642;0.09453125
165;-1.7844305332649195;0.0;0.0;0.0;493.86469028107297;-0.013390416512265801;0.007390273874625564;6.122561645507813;0.0078101874561980365;0.103515625
166;-5.08861596552737;0.0;0.0;0.0;515.894449663795;-0.009985184716060757;0.007212459109723568;6.122376155853272;0.0075895706424489616;0.1037109375
167;-1.095530565267236;0.0;0.0;0.0;646.8438121703674;-0.002611065935343504;0.006230176263488829;6.1181484937667845;0.005362809507641941;0.0666015625
168;-17.317071586323525;0.0;0.0;0.0;989.6045744401912;-0.010799620952457189;0.022229996416717766;6.113642454147339;0.011075606232043355;0.162109375
169;-0.0699726573167061;0.0;0.0;0.0;588.0989446109762;0.0011960124596953393;0.008480233512818814;6.1189584016799925;0.008943258714862169;0.1287109375
170;0.43729084007288;0.0;0.0;0.0;674.2060394525303;-0.01149258967489004;0.007089086924679577;6.117747950553894;0.006969287921674549;0.0947265625
171;-0.5246344093997861;0.0;0.0;0.0;743.1252436325462;-0.016928867949172855;0.005975418281741441;6.110511636734008;0.00741288170684129;0.099609375
172;1.6620741456893624;1.0;0.8367093172517557;0.6749432925122345;141.68702941087952;-0.011055611167103052;0.0042479379684664306;6.105939292907715;0.008175895118620246;0.1162109375
173;-21.830024761346298;0.0;0.0;0.0;534.6761782099443;-0.009685281198471785;0.010190958390012383;6.106476950645447;0.00884087715530768;0.125
174;6.088512413731612;1.0;0.890716401758902;0.7207355243127056;82.32184170375164;-0.01179496357217431;0.009988781972788274;6.114576601982117;0.00849821827141568;0.1177734375
175;5.563812215254214;1.0;0.9127985945328071;0.7106063628704854;88.197358848823;-0.005166283180005849;0.011779555911198258;6.119212055206299;0.009086989145725966;0.11953125
176;-0.8647934089330123;0.0;0.0;0.0;769.5963292153834;-0.005835673119872808;0.005204870528541505;6.123674941062927;0.007447280106134713;0.105078125
177;-4.916107388147191;0.0;0.0;0.0;682.743239216057;-0.0017466003075242043;0.004285352991428226;6.126774311065674;0.008307779161259531;0.1205078125
178;-12.253087933794804;0.0;0.0;0.0;538.3079542068402;-0.009552835067734123;0.006943885353393853;6.128482985496521;0.008475981117226184;0.1197265625
179;-13.011949409437376;0.0;0.0;0.0;851.0808899108717;-0.004850219469517469;0.009055985370650887;6.136044645309449;0.009833566984161735;0.14765625
180;-3.845278790479748;0.0;0.0;0.0;685.1741074455771;-0.01071551435161382;0.006509884027764201;6.143716812133789;0.011556141823530198;0.1732421875
181;-7.884130137832247;0.0;0.0;0.0;499.4799995927682;-0.008135016355663539;0.021310561383143068;6.1439666748046875;0.0055013512261211876;0.07109375
182;-9.839161076518627;0.0;0.0;0.0;870.584660234194;-0.009606848703697324;0.003535445616580546;6.13853611946106;0.009209105768240989;0.13046875
183;0.20076520551850274;1.0;0.2977262697780847;0.17285575222822994;377.7524986141399;-0.016648733941838145;0.004310788121074438;6.13235764503479;0.009793328843079508;0.14453125
184;-5.568310643567485;0.0;0.0;0.0;565.4486900823761;-0.014312924584373832;0.004959395865444094;6.12897253036499;0.010523267043754458;0.150390625
185;-3.5123451577374984;0.0;0.0;0.0;757.2517029347653;-0.0077853900846093895;0.005765059916302562;6.13268506526947;0.008458459202665835;0.1158203125
186;-3.9201621763942835;0.0;0.0;0.0;616.1005673638306;-0.008707110630348324;0.009814267698675393;6.138266682624817;0.008919853705447168;0.130859375
187;-8.377463396706464;0.0;0.0;0.0;917.9969153337701;-0.004967641038820148;0.011661141086369753;6.144582366943359;0.010336603038012981;0.1466796875
188;-8.6476823971526;0.0;0.0;0.0;576.2446510763057;-0.008948382968083025;0.029034894518554212;6.153424596786499;0.008635667187627405;0.1201171875
189;-19.656350039866048;0.0;0.0;0.0;1211.2688380225957;-0.013860458182170987;0.01689618262462318;6.1602331638336185;0.008158443868160248;0.1212890625
190;-9.090795242981743;0.0;0.0;0.0;655.5687362629869;-0.008477988676168025;0.010602359427139163;6.164925050735474;0.00637753369519487;0.0869140625
191;-14.268878142875739;0.0;0.0;0.0;702.5888402358048;-0.006077549234032631;0.02146524074487388;6.167949652671814;0.012309502123389392;0.1783203125
192;-7.881246290786846;0.0;0.0;0.0;1387.4590603757385;-0.020787502638995647;0.009970247559249402;6.17302725315094;0.01148362586973235;0.1611328125
193;-7.397632164802708;0.0;0.0;0.0;905.1009156612841;-0.013180227112025022;0.014190580416470765;6.181868839263916;0.0103009348269552;0.1427734375
194;-9.336305294488655;0.0;0.0;0.0;1015.2322094671182;-0.002844652347266674;0.011437431862577795;6.189101266860962;0.009316703397780656;0.125
195;0.3044938212383215;0.0;0.0;0.0;727.03440509924;-0.006524412333965302;0.011057230131700634;6.1929186344146725;0.006851111759897321;0.098046875
196;-13.246018237714487;0.0;0.0;0.0;1001.7202596816502;-0.0007130032870918512;0.021381161455065013;6.18887460231781;0.009240221162326635;0.1310546875
197;-0.9307492236871946;0.0;0.0;0.0;938.0154248438198;-0.013448346685618163;0.012719135591760277;6.1873715162277225;0.012313079996965825;0.169140625
198;-11.481740583658269;0.0;0.0;0.0;673.9661222776756;-0.011809896538034081;0.01737225060351193;6.188740825653076;0.008809952577576042;0.1271484375
199;-24.78493384429159;0.0;0.0;0.0;1077.6696876812757;-0.011763836536556483;0.01741984421387315;6.189718174934387;0.007236515602562577;0.103515625
200;-20.525730812078926;0.0;0.0;0.0;965.5563510787052;-0.018930543400347232;0.027529645897448062;6.187830257415771;0.00842824592255056;0.108203125
201;-2.543681046753126;0.0;0.0;0.0;652.8827428834604;-0.006844366574659944;0.03969370033591986;6.19226450920105;0.007767539587803185;0.112890625
202;-5.188837152369605;0.0;0.0;0.0;580.0248251613449;-0.012226809654384852;0.13271443508565425;6.192447805404663;0.011429097736254334;0.1474609375
203;-1.9898776691594395;0.0;0.0;0.0;1034.6425118084594;-0.01611250787973404;0.031319014728069305;6.19209578037262;0.011112682102248073;0.159765625
204;-1.0895630169699433;0.0;0.0;0.0;687.6760544781333;-0.0043987536802887915;0.030348996818065643;6.200263524055481;0.010186413838528096;0.1373046875
205;-10.919831878278625;0.0;0.0;0.0;626.8703158215325;-0.015162056381814181;0.018825153820216656;6.20375611782074;0.009629082586616277;0.1337890625
206;-12.5041436653939;0.0;0.0;0.0;677.5913198306731;-0.015526360971853137;0.019490367732942104;6.205043935775757;0.008069922612048686;0.1208984375
207;-0.07685377238862179;0.0;0.0;0.0;592.1201290959767;-0.01811709674075246;0.011678352672606706;6.204321479797363;0.007018126535695046;0.0896484375
208;-0.25301822620399694;0.0;0.0;0.0;609.8775776751787;-0.01582200706470758;0.00562473579775542;6.2005082130432125;0.009896656894125045;0.13671875
209;-1.8055229004299445;0.0;0.0;0.0;712.7671090661819;-0.006579585280269385;0.006173880351707339;6.196422386169433;0.010126656957436354;0.14609375
210;-1.937438075217898;0.0;0.0;0.0;590.0431668893533;-0.019816621858626603;0.014863252639770508;6.192034840583801;0.010263819911051542;0.1453125
211;-6.258853936965522;0.0;0.0;0.0;558.2599425820077;-0.010543989995494486;0.03487034067511559;6.18551721572876;0.007185668812599033;0.09921875
212;5.822246992407099;1.0;0.7531222706499912;0.4707422394694616;121.97035780161909;-0.012559525738470256;0.04338598269969225;6.182420229911804;0.007909609517082573;0.10546875
213;-1.1773073682252437;0.0;0.0;0.0;723.0168428740775;-0.005647168727591634;0.01850500600412488;6.188832569122314;0.008617789181880654;0.1181640625
214;1.4388863522942672;1.0;0.6298367991252415;0.3368862803005084;205.90712463024022;-0.01018420523032546;0.035012941155582664;6.192692494392395;0.013127126730978489;0.1658203125
215;-3.074422046976059;0.0;0.0;0.0;619.8202881681899;-0.003389623574912548;0.027444148994982244;6.194182085990906;0.008686328469775618;0.1236328125
216;-0.7562745478636602;0.0;0.0;0.0;645.7571722687229;-0.01575174108147621;0.026125590223819016;6.192921304702759;0.008388380031101405;0.117578125
217;0.10362122874458032;0.0;0.0;0.0;695.4363861858269;-0.007865926250815392;0.025996883865445852;6.194790554046631;0.008388549485243858;0.1064453125
218;-1.488084914896891;0.0;0.0;0.0;841.705929128254;-0.014222042728215456;0.028195661026984453;6.194639992713928;0.006890454376116395;0.0955078125
219;-8.057880713750661;0.0;0.0;0.0;853.6103713451829;-0.009413140872493387;0.03062373949214816;6.199018883705139;0.00833487156778574;0.114453125
220;-0.0226744772071185;0.0;0.0;0.0;807.450125586174;-0.013404217222705484;0.03023953875526786;6.210218834877014;0.011272504751104861;0.158203125
221;-0.5159426854355037;0.0;0.0;0.0;715.9379576479107;-0.011088815797120333;0.01049320618622005;6.217371773719788;0.007439035142306238;0.1033203125
222;4.340444055213774;1.0;0.7248866499671253;0.4590152208565201;266.0282807353668;-0.011467069620266557;0.005542377242818475;6.222353672981262;0.008521984168328344;0.1248046875
223;-0.5400269474245321;0.0;0.0;0.0;912.9197453960692;-0.010443754307925702;0.011133686266839504;6.2307322978973385;0.007045947317965329;0.08671875
224;0.002863137410449553;0.0;0.0;0.0;513.7415746169162;-0.012290491024032235;0.01970648798160255;6.2348463296890255;0.010092504078056664;0.14609375
225;3.692843039239496;1.0;0.7385067690597498;0.4524691023593669;209.9502233372133;-0.011343128466978668;0.020415785536170006;6.236601877212524;0.007686511345673353;0.1001953125
226;5.233863705851025;1.0;0.4657909470121247;0.2301819490346527;382.75807203375535;-0.011080301087349653;0.020629699202254416;6.238153243064881;0.006897936132736504;0.093359375
227;-3.628568095451592;0.0;0.0;0.0;580.5501520289787;-0.005969823803752661;0.03066369965672493;6.245535898208618;0.005403386359103024;0.0673828125
228;-0.922495892725937;0.0;0.0;0.0;665.7257056007132;-0.007850541034713387;0.015188524965196848;6.251124119758606;0.009843507991172373;0.13125
229;-13.102985020859224;0.0;0.0;0.0;811.3369187589678;-0.007032036222517491;0.015456947777420283;6.254662442207336;0.008037346042692661;0.1197265625
230;-0.08912847718600585;0.0;0.0;0.0;582.1794783215145;-0.009773269947618245;0.01196458088234067;6.259117889404297;0.006490827642846852;0.082421875
231;6.3401298177596335;1.0;0.8153458382344132;0.5281524129070891;161.45518461267983;-0.013203141000121831;0.0131391953676939;6.262161326408386;0.010393087635748088;0.1345703125
232;-5.969065480158174;0.0;0.0;0.0;743.3118296513475;-0.010138050047680735;0.0077204635133966805;6.26228015422821;0.006909741286654026;0.0994140625
233;-2.6792349575351313;0.0;0.0;0.0;617.5611327713801;-0.007613983331248164;0.008413188671693207;6.257452535629272;0.00897859437391162;0.128125
234;-0.930912730315827;0.0;0.0;0.0;945.8999460670542;-0.007020795904099941;0.07960083354264498;6.256964802742004;0.012131247844081372;0.1419921875
235;-0.7576225485123158;0.0;0.0;0.0;1126.042355230894;-0.007265076693147421;0.015837553376331925;6.254581117630005;0.007191847893409431;0.11328125
236;-4.79786493034735;0.0;0.0;0.0;793.3697457642937;-0.009277992602437734;0.019052239926531912;6.25731508731842;0.011079842248000205;0.15390625
237;-1.013898564427759;0.0;0.0;0.0;382.287162210873;-0.009379399893805384;0.024571346770972013;6.2641205310821535;0.008605815761256963;0.126953125
238;6.645730382219819;1.0;0.6976812239868396;0.41639768993169446;269.6864473775077;-0.0065467143431305885;0.025799991562962532;6.275745463371277;0.008647574170026928;0.112890625
239;-3.097899943334696;0.0;0.0;0.0;636.8337681261982;-0.008356160740368069;0.010883085383102297;6.2861395359039305;0.007531226263381541;0.107421875
240;0.3862938801846213;0.0;0.0;0.0;482.9605132776705;-0.012968053668737411;0.012615324836224318;6.2922416687011715;0.006186651403550058;0.082421875
241;0.26395353280557066;0.0;0.0;0.0;355.79850402138953;-0.002246135892346501;0.00583881619386375;6.297165846824646;0.007142730231862515;0.1005859375
242;-5.731479538991456;0.0;0.0;0.0;518.0107009258033;-0.004803666705265641;0.005221723264548927;6.296001815795899;0.00769625612301752;0.110546875
243;-0.7708532252835484;0.0;0.0;0.0;460.75806983680934;-0.00856192191131413;0.010654903203248977;6.2974647045135494;0.006202165689319372;0.0814453125
244;0.28875835594976546;0.0;0.0;0.0;360.22902108515393;-0.012429414596408606;0.017143035447224973;6.3018499374389645;0.0077093743602745235;0.1076171875
245;0.2449887626673921;0.0;0.0;0.0;614.0015004987653;-0.008150544296950103;0.02779483571648598;6.302651429176331;0.007242959318682551;0.1
246;0.5115178103844924;0.0;0.0;0.0;312.527075395412;-0.0028744723647832872;0.11081908866763115;6.305824112892151;0.008628017327282578;0.123828125
247;-11.010416988934816;0.0;0.0;0.0;478.35792063092197;-0.012052146019414067;0.013414719561114907;6.305906486511231;0.007785244821570813;0.1044921875
248;5.7016237597050665;1.0;0.4753613189887984;0.16135525068805887;185.09568094338005;-0.007961303554475307;0.0836667126044631;6.304410839080811;0.011234748316928745;0.155078125
249;4.281802174123043;1.0;0.7604498188464803;0.5244917766275865;137.81762964384023;-0.01459674839861691;0.0767377695068717;6.305100345611573;0.00832458642544225;0.1095703125
250;0.250524401935604;0.0;0.0;0.0;396.23252617477425;-0.009882884146645666;0.01391354650259018;6.3040656566619875;0.008106723462697118;0.1142578125
251;-0.9052153876072605;0.0;0.0;0.0;611.0274284668465;-0.010199282318353653;0.014979282347485422;6.305812215805053;0.009314550401177258;0.13203125
252;-0.10787482768421215;0.0;0.0;0.0;311.1827949024965;-0.002647907321806997;0.013877537148073316;6.309024715423584;0.010421104077249766;0.151171875
253;-0.6356933422331621;0.0;0.0;0.0;362.86587219799287;-0.013027399778366089;0.009390769666060806;6.311120820045471;0.009812048240564763;0.1453125
254;-0.16674248213410633;0.0;0.0;0.0;351.67377468790534;-0.015070847328752279;0.008273597457446158;6.3119099855422975;0.008665471046697348;0.1197265625
255;-1.4405743808816247;0.0;0.0;0.0;678.6187745485549;-0.015118216862902045;0.0055938272969797255;6.315315365791321;0.006232992396689951;0.0859375
256;-0.5266180549885454;0.0;0.0;0.0;398.4455422287172;-0.003966152295470237;0.005716326727997512;6.319945478439331;0.007254271511919796;0.10703125
257;-0.04841549300600866;0.0;0.0;0.0;309.2384812969306;-0.004087656084448099;0.011496772523969412;6.325358653068543;0.008701258571818471;0.1263671875
258;-1.439400060004758;0.0;0.0;0.0;747.6142163462456;-0.008102728566154838;0.021627822145819663;6.334943556785584;0.009059143590275199;0.127734375
259;-1.5660136803360916;0.0;0.0;0.0;440.7027027392484;-0.010142968920990824;0.024089298862963914;6.344611144065857;0.009603072085883468;0.1392578125
260;-2.3881939881579997;0.0;0.0;0.0;548.334142575747;-0.008838514401577412;0.0180727809201926;6.347578644752502;0.008344460907392205;0.1134765625
261;-0.576227119354594;0.0;0.0;0.0;539.4762668935452;-0.003199907625094056;0.08409477602690459;6.342817401885986;0.006765398045536131;0.09453125
262;-5.898398408563491;0.0;0.0;0.0;777.4381277949138;-0.014530413039028644;0.01149943950586021;6.344375991821289;0.010442419303581118;0.1517578125
263;6.2884778516907005;1.0;0.6579650674506435;0.41889595035060845;344.1311421495544;-0.008996510086581111;0.01778682302683592;6.351004266738892;0.008579381776507944;0.118359375
264;-1.453068943715859;0.0;0.0;0.0;563.4395397555169;-0.008987811859697104;0.016612434666603802;6.356502032279968;0.00869880837853998;0.114453125
265;2.1744344743571418;1.0;0.4980248769378159;0.29576203469292967;289.7067217655317;-0.013522600708529352;0.012756140902638435;6.355639910697937;0.009039803699124604;0.114453125
266;0.3790659572056635;0.0;0.0;0.0;476.2821233895834;-0.005972301913425326;0.016294696275144814;6.3533814430236815;0.009196162119042128;0.1294921875
267;6.754443999075713;1.0;0.8850908368654231;0.4402835354480855;80.7175080515239;-0.01623895186930895;0.013833908550441264;6.35082733631134;0.010376624600030481;0.1630859375
268;-0.469031525214574;0.0;0.0;0.0;411.72735696169485;-0.006494903424754739;0.01465816623531282;6.35019018650055;0.0064976750640198585;0.0853515625
269;-5.617838151113757;0.0;0.0;0.0;360.8867204497825;0.006222287006676197;0.017460340354591607;6.351103639602661;0.006847728311549872;0.0978515625
270;-3.70246041293182;0.0;0.0;0.0;288.35929474750435;-0.007788451039232314;0.01730055217631161;6.354209733009339;0.007787013566121459;0.107421875
271;-1.3431832477288153;0.0;0.0;0.0;312.32096840508865;-0.011658163275569677;0.01237882673740387;6.3529380559921265;0.01092326653888449;0.1599609375
272;-0.3817234027253309;0.0;0.0;0.0;586.5225429089792;-0.006460026791319251;0.01667084116488695;6.353738307952881;0.007408312556799501;0.103515625
273;-8.732023957089282;0.0;0.0;0.0;612.6176390722937;-0.012205374101176858;0.018114042840898036;6.363495659828186;0.00981951734283939;0.1306640625
274;-0.4288798748236336;0.0;0.0;0.0;371.2474814253245;-0.0063551864586770535;0.016793310455977917;6.3697744607925415;0.010880038968753069;0.1470703125
275;-0.2770077701064939;0.0;0.0;0.0;456.14327221460337;-0.01057702167890966;0.008445746009238064;6.373748517036438;0.008116643188986927;0.11484375
276;-3.2253029192555966;0.0;0.0;0.0;529.3758361857859;-0.013959056627936662;0.025621267780661584;6.378372764587402;0.008105913072358816;0.1134765625
277;0.33992595183028546;0.0;0.0;0.0;374.6238421407202;-0.006484579667448998;0.02153113214299083;6.381668996810913;0.007449063728563488;0.0953125
278;-2.750150243857645;0.0;0.0;0.0;454.2817074089569;-0.01421758932992816;0.020227291621267796;6.379260993003845;0.009993070480413735;0.133984375
279;-1.6118908580592672;0.0;0.0;0.0;437.36127174349116;-0.005580266774632037;0.01896398263052106;6.380149841308594;0.008321950701065362;0.1208984375
280;-0.6547592670733412;0.0;0.0;0.0;283.8163425930052;-0.014458076236769557;0.020145028224214913;6.376189970970154;0.007894590054638684;0.11015625
281;3.2149204899099217;1.0;0.4266275511878603;0.13435523775045918;310.3196535669711;-0.011650651833042503;0.019671006966382264;6.371200633049011;0.008053837926127017;0.1138671875
282;-0.8726147146442309;0.0;0.0;0.0;439.43805847610645;-0.005139409611001611;0.015928592765703797;6.368272233009338;0.007322092819958925;0.098828125
283;-1.3708146741146634;0.0;0.0;0.0;485.0928530845816;-0.012055081874132156;0.006047963793389499;6.369328737258911;0.0071251881890930235;0.1033203125
284;-0.5478073790489321;0.0;0.0;0.0;244.9962370546699;-0.006649519130587578;0.007918040850199759;6.366670417785644;0.008742751611862332;0.1162109375
285;-5.2486511203684385;0.0;0.0;0.0;334.1032463210745;-0.009752904227934778;0.008613603236153723;6.366453671455384;0.00699736961396411;0.0998046875
286;-1.3676241119814212;0.0;0.0;0.0;461.8647683159348;-0.014510761247947812;0.00791811675298959;6.3681833982467655;0.007374273636378348;0.102734375
287;-5.2974131792775685;0.0;0.0;0.0;834.1759157674081;-0.017343079298734666;0.00743384265806526;6.374644041061401;0.008951652969699353;0.1216796875
288;-1.359124305639252;0.0;0.0;0.0;506.84224078266305;-0.010358535684645176;0.01572589250281453;6.37901725769043;0.009096264617983251;0.1169921875
289;-3.0407858223527042;0.0;0.0;0.0;278.4097289367031;-0.007656845776364207;0.004623068368528038;6.382039046287536;0.011605941609013825;0.1501953125
290;-1.6847944791632146;0.0;0.0;0.0;365.7036478140298;-0.015418206108734012;0.004670450743287802;6.391154861450195;0.010299179702997208;0.1408203125
291;-3.1973228942366085;0.0;0.0;0.0;443.9040839310477;-0.009078810596838594;0.005005993088707328;6.396118640899658;0.009651370416395365;0.1341796875
292;0.43492538989689933;0.0;0.0;0.0;361.1607812250809;-0.004263359680771827;0.004039506905246526;6.401165103912353;0.00689267732668668;0.0998046875
293;-1.5542503828337713;0.0;0.0;0.0;1016.3607040464575;-0.01140790395438671;0.01267391019500792;6.403710675239563;0.0072851968230679635;0.0970703125
294;-19.104565151694064;0.0;0.0;0.0;317.76869367953134;-0.01297014020383358;0.00939333694986999;6.39674437046051;0.01242147507146001;0.171875
295;-4.821789283982305;0.0;0.0;0.0;181.84042051411504;-0.020316369784995913;0.004660547839011997;6.39693284034729;0.011325715633574873;0.153125
296;-0.6125953874706952;0.0;0.0;0.0;419.83987848393895;-0.011777897644788028;0.007109339442104101;6.400570201873779;0.008063445170409977;0.1228515625
297;-10.301982227400512;0.0;0.0;0.0;458.4479464709043;-0.00400776294991374;0.012518219323828817;6.408719396591186;0.00878097212407738;0.1189453125
298;-0.5139963472475354;0.0;0.0;0.0;297.1567326929194;-0.002038410329259932;0.003918900119606406;6.421450424194336;0.008396151626948267;0.1234375
299;-18.100778615059518;0.0;0.0;0.0;338.3367968607399;-0.012793294014409184;0.004391257488168776;6.425837159156799;0.007449614675715565;0.1029296875
300;-1.2794026836427868;0.0;0.0;0.0;379.4182623262717;-0.0031200678087770937;0.002900503808632493;6.428802251815796;0.006842613767366857;0.0900390625
301;-5.0750180130309435;0.0;0.0;0.0;522.5162420328878;-0.020114581612870098;0.006244339270051569;6.433156585693359;0.010472614620812237;0.15
302;-13.802432411374657;0.0;0.0;0.0;701.0396120440352;-0.009083103016018867;0.0692494605667889;6.436268258094787;0.009287691384088248;0.123046875
303;-5.046796210352757;0.0;0.0;0.0;378.66785632842794;-0.005477379099465907;0.007856283942237497;6.438717699050903;0.006332113279495388;0.088671875
304;0.5783038894034466;0.0;0.0;0.0;251.0464847917316;-0.005777244549244642;0.06622058227658272;6.448366379737854;0.00727978115901351;0.097265625
305;-0.9985239193448702;0.0;0.0;0.0;302.31638181485243;-0.009451883053407073;0.0053455592249520125;6.453690862655639;0.006444838154129684;0.0904296875
306;-6.050029077734696;0.0;0.0;0.0;262.7845286624069;-0.0033916100161150097;0.003841697017196566;6.459418535232544;0.009900575806386768;0.143359375
307;-3.3712185079921517;0.0;0.0;0.0;161.8741267982668;-0.015579628944396972;0.0031626901822164656;6.46614305973053;0.010245956515427678;0.1453125
308;-10.855610023801223;0.0;0.0;0.0;884.9471221090522;-0.018922649696469306;0.01706238412298262;6.465472745895386;0.012059037841390818;0.1705078125
309;-6.029020190555859;0.0;0.0;0.0;326.5737682631518;-0.008469035476446151;0.010603716294281185;6.470973062515259;0.00897385177668184;0.135546875
310;-6.916894196369934;0.0;0.0;0.0;828.304802127303;-0.014134741667658091;0.0831530902069062;6.47649130821228;0.009109665721189231;0.12421875
311;-32.89988076282635;0.0;0.0;0.0;379.612177550213;-0.013838184671476484;0.005686217802576721;6.473797798156738;0.010050450428389012;0.133984375
312;-18.550202367605813;0.0;0.0;0.0;693.746159380401;-0.008506166376173496;0.0029892507707700135;6.472545313835144;0.00915891161421314;0.1294921875
313;-6.8612463160761346;0.0;0.0;0.0;893.0231306259607;-0.012869746098294855;0.0073492135619744655;6.469605875015259;0.013086400052998215;0.1802734375
314;-13.097196768282148;0.0;0.0;0.0;867.6684944795431;-0.013133478607051075;0.018289671558886767;6.467479419708252;0.007898303330875933;0.114453125
315;-1.162694607648754;0.0;0.0;0.0;482.05092989791194;-0.004396299179643392;0.016604643361642957;6.471516394615174;0.007765908585861325;0.1064453125
316;-1.9152554996622384;0.0;0.0;0.0;136.54686389267798;-0.015341783501207828;0.002126212342409417;6.4755350828170775;0.012241698533762247;0.17578125
317;-2.4750863010765656;0.0;0.0;0.0;526.1923168816149;-0.005533946631476283;0.0030190264456905424;6.479398608207703;0.009171844134107232;0.1263671875
318;-23.274253367301853;0.0;0.0;0.0;374.5555625899014;-0.015232202596962452;0.00361031909706071;6.486157560348511;0.008045362972188741;0.1115234375
319;-14.801489631924142;0.0;0.0;0.0;633.6396027163339;-0.009194908229013284;0.06044829146315654;6.48904390335083;0.01252814318674306;0.165625
320;-10.065904805545639;0.0;0.0;0.0;328.01509485339477;-0.007714699860662222;0.003940045449417085;6.485301113128662;0.01083390942076221;0.162890625
321;-2.6539909948411498;0.0;0.0;0.0;346.84250365513213;-0.009450222132727504;0.0801817463710904;6.481507682800293;0.013371701445430517;0.18359375
322;4.313061012329844;1.0;0.7014474690063703;0.6876894784396014;184.8593656249712;-0.017649176763370633;0.004964258312247694;6.478860211372376;0.00982546469895169;0.1458984375
323;-22.281232563427164;0.0;0.0;0.0;519.3504460968342;-0.008172256406396627;0.003477318328805268;6.478007435798645;0.007924188487231731;0.1107421875
324;6.331332431141538;1.0;0.8087974753438575;0.1942072541653702;106.56944661635765;-0.001870279456488788;0.0036387946922332047;6.472373795509339;0.009262593067251145;0.1248046875
325;-47.78122151367476;0.0;0.0;0.0;414.0151011597916;-0.013052943224708239;0.07004182909925778;6.468726857503255;0.009935378795489669;0.12213541666666666
326;-40.47804325675151;0.0;0.0;0.0;648.6849603933292;-0.01342181689105928;0.006735167209990322;6.470393705368042;0.008873814402613788;0.1234375
327;-7.237728651109418;0.0;0.0;0.0;263.8791311408569;-0.0032575673423707483;0.00788140541408211;6.475932383537293;0.00894963147584349;0.1208984375
328;-27.86461777862965;0.0;0.0;0.0;814.2261840790312;-0.013188645476475358;0.0067563110264018175;6.477332997322082;0.007995164138264954;0.1052734375
329;-12.195375445335712;0.0;0.0;0.0;261.6056884788624;-0.009700532210990787;0.0035496705095283687;6.476421046257019;0.011250773922074585;0.16484375
330;-17.160793200850435;0.0;0.0;0.0;157.2232619789868;-0.008736448362469673;0.004074658779427409;6.479611468315125;0.009154882724396884;0.127734375
331;-1.940856812576628;0.0;0.0;0.0;400.66427180141034;-0.010952560557052493;0.006860704626888037;6.477943706512451;0.010101834940724076;0.13984375
332;-2.247136319353346;0.0;0.0;0.0;302.4191344067278;-0.008318993751890958;0.015029446594417096;6.472502279281616;0.009329207323025912;0.139453125
333;-1.7872479808756798;0.0;0.0;0.0;64.19688315774644;-0.016152076330035924;0.006749954610131681;6.464958596229553;0.009441818529739975;0.1384765625
334;-0.7718113945150339;0.0;0.0;0.0;195.44203108519338;-0.009383893141057342;0.07448694575577974;6.461824584007263;0.008905899582896382;0.1244140625
335;-7.960197844634388;0.0;0.0;0.0;243.63230396058066;-0.017707740562036632;0.009183779172599316;6.463346362113953;0.010478371323551982;0.159375
336;-17.55469696028518;0.0;0.0;0.0;244.68255117153146;-0.012118849810212851;0.004045591817703098;6.463523316383362;0.007938837911933661;0.1162109375
337;-1.2290557113664764;0.0;0.0;0.0;286.64610078587884;-0.011956137465313077;0.006744299316778779;6.465855503082276;0.007657990115694702;0.1025390625
338;-1.1584010180176902;0.0;0.0;0.0;61.30280098944019;-0.01088942363858223;0.005633268784731626;6.466823387145996;0.0061387980822473764;0.0814453125
339;-20.81893737080133;0.0;0.0;0.0;319.3891396656837;-0.020070390310138464;0.003556463634595275;6.467778635025025;0.010750576108694076;0.1482421875
340;-1.7073638461120082;0.0;0.0;0.0;115.73263844825348;-0.016626556962728502;0.005374776828102767;6.465322589874267;0.00903473092475906;0.1322265625
341;-0.5059048945571624;0.0;0.0;0.0;348.14616745311696;-0.015399741800501942;0.004523294512182474;6.461226010322571;0.006630345107987523;0.0955078125
342;-28.30398619899832;0.0;0.0;0.0;297.64804482682626;-0.008264513360336423;0.004593673720955848;6.462248992919922;0.005126812879461795;0.062890625
343;-1.838815288934373;0.0;0.0;0.0;65.63913686326921;-0.0026520413346588613;0.06750078792683781;6.467806720733643;0.009762631519697607;0.1337890625
344;-28.752930712509023;0.0;0.0;0.0;372.5503448023543;-0.011201040353626013;0.00402096618199721;6.474738144874573;0.009012771258130669;0.1255859375
345;-3.716717308872832;0.0;0.0;0.0;185.00818207203284;-0.011174534168094396;0.004975044610910117;6.479355692863464;0.007564886042382568;0.1056640625
346;-0.3317287068494492;0.0;0.0;0.0;276.94082306600336;-0.012080286064883695;0.0657682397402823;6.476341295242309;0.010374793084338307;0.1345703125
347;-1.2915427487976434;0.0;0.0;0.0;358.0712796245513;-0.015304476232267916;0.005630862363614142;6.47710919380188;0.008773221296723931;0.1140625
348;-7.22738848658609;0.0;0.0;0.0;145.6252395302613;-0.003167623118497431;0.0033073130645789204;6.479097056388855;0.0075004575308412315;0.1076171875
349;-1.5176742563707573;0.0;0.0;0.0;155.34249799397654;-0.014121042983606457;0.003418020042590797;6.47894184589386;0.007457793690264225;0.11015625
350;-1.7626858646817387;0.0;0.0;0.0;168.54728599476036;-0.012316062534227967;0.006106173666194081;6.477799248695374;0.00847646181937307;0.1150390625
351;-1.7492815372541866;0.0;0.0;0.0;348.9502632135573;-0.00898378798738122;0.005159411183558405;6.476252722740173;0.008156903204508126;0.1154296875
352;-0.314769101956524;0.0;0.0;0.0;179.2561915085596;-0.005156979151070118;0.002411973278503865;6.47835009098053;0.007169762300327421;0.103515625
353;-1.2885249434049943;0.0;0.0;0.0;398.5067030071152;-0.011824943916872143;0.004119951988104731;6.48056275844574;0.012030512711498886;0.18125
354;-3.0924545114084228;0.0;0.0;0.0;265.1920057068587;-0.010739675769582391;0.0048801219905726615;6.4773112535476685;0.007944362901616842;0.1083984375
355;-0.5850088573249175;0.0;0.0;0.0;244.34103228934256;-0.002888856828212738;0.0034275722806341945;6.478066563606262;0.005300690873991698;0.069921875
356;-3.2600008000923517;0.0;0.0;0.0;142.89815534811905;-0.012067249719984829;0.005731416586786509;6.477954912185669;0.006667843775358051;0.090234375
357;-1.510814425152691;0.0;0.0;0.0;188.856263486738;-0.006029004137963057;0.006150050600990653;6.47573447227478;0.0043631787179037925;0.0478515625
358;-1.3910609534468807;0.0;0.0;0.0;302.650741159307;-0.009118879213929176;0.0025203353958204388;6.4700463771820065;0.007938574778381734;0.1099609375
359;-1.7438862707178395;0.0;0.0;0.0;316.61682319236473;-0.006320453574880957;0.002449703996535391;6.464370059967041;0.00548240722855553;0.06953125
360;-0.41967155601516953;0.0;0.0;0.0;114.89949934547512;-0.010693978145718574;0.004012381052598357;6.458277010917664;0.009420248959213496;0.1419921875
361;-0.31313430594074904;0.0;0.0;0.0;177.40122364516864;-0.0029157511191442607;0.006854089559055865;6.454486417770386;0.007576777506619692;0.1087890625
362;-0.545718662446051;0.0;0.0;0.0;262.9924308473243;-0.013580688647925854;0.004417029640171677;6.451200389862061;0.006857205752748996;0.0955078125
363;-1.6417477740401025;0.0;0.0;0.0;327.1179677039114;-0.011454249219968914;0.009221832803450524;6.4547831296920775;0.007174503023270518;0.10078125
364;-1.6425093557579569;0.0;0.0;0.0;370.6077353472193;-0.007325503416359425;0.07588265389204026;6.452218532562256;0.011515528406016528;0.16875
365;-4.788888204824608;0.0;0.0;0.0;181.91582468680465;-0.006144016073085368;0.005634229176212102;6.449016523361206;0.00636881678365171;0.0798828125
366;-1.6917311397564958;0.0;0.0;0.0;454.29810456982466;-0.010369160794652998;0.06173319639638066;6.446007609367371;0.009504137292969972;0.1400390625
367;-2.223414977552919;0.0;0.0;0.0;329.2997704718164;-0.009577333042398096;0.05011682985350489;6.448857021331787;0.008626469725277275;0.1181640625
368;-1.6139292099521168;0.0;0.0;0.0;219.05443666547606;-0.007953824987635017;0.004747034038882702;6.453430485725403;0.008297756011597813;0.1169921875
369;-1.5848039141084442;0.0;0.0;0.0;264.98170028844066;-0.007596713816747069;0.004484605242032558;6.458095812797547;0.006534508825279772;0.091015625
370;-2.2321175425557254;0.0;0.0;0.0;171.78355155654566;-0.012761844601482154;0.002566981746349484;6.456753492355347;0.009265248046722263;0.1271484375
371;-2.093015600266035;0.0;0.0;0.0;553.3437462341747;-0.012417293107137083;0.018523696810007095;6.458702397346497;0.009655227500479669;0.1310546875
372;0.31676036174342387;0.0;0.0;0.0;254.70908926754382;-0.010517602460458875;0.009259002353064715;6.462855935096741;0.004986811766866594;0.056640625
373;-1.1531233224071322;0.0;0.0;0.0;323.6703271551968;-0.014015704859048128;0.005713829724118114;6.465211367607116;0.009878926048986613;0.14296875
374;-13.739311446355558;0.0;0.0;0.0;254.01840125351583;-0.0076912340708076956;0.0043769785319454965;6.461236214637756;0.009950999601278454;0.139453125
375;-1.6256190213553736;0.0;0.0;0.0;315.5823215550846;-0.007349229091778398;0.002688649168703705;6.45760064125061;0.00818655181210488;0.1197265625
376;-1.657386132716347;0.0;0.0;0.0;336.0992683016217;-0.013491397257894278;0.003969410329591483;6.452603912353515;0.008498239750042557;0.117578125
377;-1.325870688741932;0.0;0.0;0.0;261.46415739429114;-0.022049820446409286;0.0059343204135075215;6.454022598266602;0.009239235159475357;0.125
378;0.05859671799991196;0.0;0.0;0.0;231.70079675065517;-0.008628388494253158;0.007583632692694664;6.45166289806366;0.012210382579360158;0.169921875
379;0.33954240310618744;0.0;0.0;0.0;199.5864756070311;-0.01102878269739449;0.0037312152679078283;6.451690077781677;0.006334202422294766;0.0826171875
380;-2.8513994162198335;0.0;0.0;0.0;331.4881411503605;-0.008474287344142795;0.001954546256456524;6.453507113456726;0.009069485438521952;0.1361328125
381;-1.2533116841654488;0.0;0.0;0.0;303.34367974333617;-0.010514977853745222;0.0050331524922512475;6.453836178779602;0.007749675097875297;0.1078125
382;-7.060498582075678;0.0;0.0;0.0;490.91683837826275;-0.012812067102640868;0.0028886745567433536;6.451641774177551;0.00884645051555708;0.1283203125
383;-2.0097164509883734;0.0;0.0;0.0;322.20536430322346;-0.0025884086731821298;0.0056134759332053365;6.449903178215027;0.006450646510347724;0.0884765625
384;-1.1834201449718886;0.0;0.0;0.0;199.32396443244116;-0.017162953643128274;0.0035312051186338067;6.452107286453247;0.008930307475384324;0.1263671875
385;-1.0722842167565418;0.0;0.0;0.0;124.68184087920662;-0.011078552063554525;0.009502458479255438;6.452900433540345;0.007348070375155657;0.09453125
386;-3.0881458415309853;0.0;0.0;0.0;347.9967290260225;-0.012486608605831862;0.0036292791250161827;6.459795808792114;0.006380095006898045;0.0767578125
387;-0.8279088086308889;0.0;0.0;0.0;163.88679342896543;-0.0052357582375407215;0.00727022085338831;6.465420746803284;0.007978073693811894;0.1111328125
388;-3.063822351574754;0.0;0.0;0.0;205.4579431827399;-0.008177246525883674;0.004376448865514249;6.461910128593445;0.006862742779776454;0.0935546875
389;-1.7140191009644847;0.0;0.0;0.0;161.11623758628258;-0.0065932056400924925;0.06320954151451588;6.455736899375916;0.011208737257402391;0.16328125
390;-0.5226349351136306;0.0;0.0;0.0;250.88835007874872;-0.006766608124598861;0.007298260764218867;6.447209596633911;0.0069616106804460285;0.0958984375
391;-2.032323585932051;0.0;0.0;0.0;286.1099130436344;-0.013475678954273462;0.010757878865115344;6.44808349609375;0.0087663016282022;0.1310546875
392;-0.7580640583874872;0.0;0.0;0.0;160.07786981748745;-0.003244771109893918;0.003943278302904219;6.452106261253357;0.005790779902599752;0.0716796875
393;-1.7496730948957149;0.0;0.0;0.0;316.09635013383706;-0.0008526547811925411;0.008306827326305211;6.455000591278076;0.007822889205999672;0.10078125
394;-1.3000656826463755;0.0;0.0;0.0;287.9126230023697;-0.00948311435058713;0.0046754348441027105;6.461156868934632;0.008110785786993802;0.1166015625
395;-0.6053680157795839;0.0;0.0;0.0;214.1927400630248;-0.015207847580313683;0.0036574495839886366;6.4687368154525755;0.007318871724419296;0.0984375
396;-1.6404073945819833;0.0;0.0;0.0;141.4255601848915;-0.008209669264033437;0.002883048006333411;6.477648091316223;0.00939843967789784;0.1263671875
397;-1.7181573793993665;0.0;0.0;0.0;125.94777857409451;-0.010130241885781288;0.0020083301118575037;6.483442807197571;0.00687273358926177;0.0900390625
398;-5.4674660920134075;0.0;0.0;0.0;154.14106413512047;-0.006022890703752637;0.004003794130403549;6.485796070098877;0.006721806677524001;0.0896484375
399;-0.09872816735924506;0.0;0.0;0.0;231.54540954730695;-0.005355429649353027;0.005232789984438569;6.487952017784119;0.00832691063405946;0.1232421875
400;-0.5956972583895204;0.0;0.0;0.0;161.25396473100528;-0.011348606180399656;0.012638937029987574;6.489909887313843;0.008928888267837465;0.1302734375
401;-1.728521872966279;0.0;0.0;0.0;133.38700707739747;-0.0110382437473163;0.03254488185048103;6.4994145154953005;0.008489396737422794;0.121875
402;-0.522547439923761;0.0;0.0;0.0;185.80732359598278;-0.007306244317442178;0.015066206455230713;6.5075758934021;0.008054581214673817;0.11953125
403;-0.3374171481749664;0.0;0.0;0.0;165.3320595923662;-0.0024544006679207086;0.016504092048853634;6.512189030647278;0.006958624767139554;0.0958984375
404;-1.6578687505479863;0.0;0.0;0.0;258.87198317003043;-0.015536544378846884;0.011425227136351168;6.521741962432861;0.010136750631500036;0.147265625
405;-5.815175786099532;0.0;0.0;0.0;202.3066561351326;-0.008137887855991722;0.006127412617206574;6.5323216915130615;0.01082147367997095;0.1451171875
406;-1.0988829603148746;0.0;0.0;0.0;211.07936016541547;-0.005667211068794131;0.004559115995652974;6.534913468360901;0.006553165975492448;0.0919921875
407;-1.980341300389327;0.0;0.0;0.0;460.1953139781063;-0.008800676418468356;0.013958163512870669;6.537845158576966;0.005904525145888328;0.078125
408;-0.7621429926848794;0.0;0.0;0.0;144.15489572664373;-0.008403116930276155;0.015378314862027764;6.5419549465179445;0.008480383304413409;0.11875
409;-1.8321466248272664;0.0;0.0;0.0;318.85716808210174;-0.005859926994889975;0.010704254219308495;6.546414136886597;0.007887601188849657;0.117578125
410;0.8550816825845509;0.0;0.0;0.0;167.3106408254235;-0.014960079453885555;0.014684834564104677;6.554065418243408;0.009058661269955337;0.133984375
411;-0.7101783246026077;0.0;0.0;0.0;262.3713736731743;-0.006423357129096985;0.029341463185846805;6.560467934608459;0.007848988357000052;0.101953125
412;-3.4106569362521038;0.0;0.0;0.0;487.4807405425658;-0.017066195979714392;0.025583530962467193;6.565280222892762;0.008423780323937535;0.1216796875
413;-12.988756960873697;0.0;0.0;0.0;345.6899258258185;-0.00866658017039299;0.01698051020503044;6.569526815414429;0.009439243271481245;0.1287109375
414;-0.4705674144655235;0.0;0.0;0.0;107.870417644143;-0.008439095132052899;0.006025343644432723;6.572645473480224;0.006218946480657905;0.079296875
415;-1.8539848651509956;0.0;0.0;0.0;214.06169139415343;-0.008218454895541072;0.006767576816491783;6.5826280355453495;0.008369959983974695;0.1173828125
416;-1.8188622924196303;0.0;0.0;0.0;202.42332683044785;-0.0006228442769497633;0.008825439983047545;6.584942483901978;0.006038424686994404;0.080859375
417;0.5036425127113157;0.0;0.0;0.0;89.33779083636861;-0.004479782888665795;0.003994663839694113;6.586868667602539;0.007099353626836091;0.106640625
418;-18.146255769016786;0.0;0.0;0.0;300.84491795402545;-0.016317321453243494;0.00819162994157523;6.59326822757721;0.009276983083691449;0.134765625
419;-4.937175952240757;0.0;0.0;0.0;355.12431305353977;-0.01141420123167336;0.008445825637318194;6.5965664148330685;0.009232822770718485;0.1330078125
420;-6.014354214723649;0.0;0.0;0.0;1090.6114346074955;-0.009121836302801967;0.002472803357522935;6.596700644493103;0.005881728150416166;0.0802734375
421;-1.219026729896339;0.0;0.0;0.0;144.03560336334513;-0.0020235732197761537;0.01163167622871697;6.594161558151245;0.004698943335097283;0.0513671875
422;-15.120731992152132;0.0;0.0;0.0;423.8229597763554;-0.013255141419358551;0.012261235108599066;6.591817402839661;0.008473012770991772;0.1228515625
423;-1.7461969666759256;0.0;0.0;0.0;210.49356080145037;-0.007688228692859411;0.01111105177551508;6.591871762275696;0.006246880267281085;0.0802734375
424;-1.7250070377751279;0.0;0.0;0.0;264.3909339897811;-0.010715078003704548;0.04115685932338238;6.598353910446167;0.008524916472379119;0.12109375
425;-3.3654549641145466;0.0;0.0;0.0;517.2209788160019;-0.011466380953788758;0.030436214059591293;6.6018905401229855;0.0053609800292178985;0.0681640625
426;-2.372619194108039;0.0;0.0;0.0;547.0978838356199;-0.009618429373949767;0.021838401444256306;6.606198024749756;0.008069467335008084;0.1154296875
427;-1.90560457264209;0.0;0.0;0.0;298.3903340758709;-0.011416192539036274;0.02170233055949211;6.607572364807129;0.005417100235354156;0.0689453125
428;-8.284510267360822;0.0;0.0;0.0;465.061299016828;-0.005540525820106268;0.025707876682281493;6.61141939163208;0.006922723457682878;0.098828125
429;-2.064047553094357;0.0;0.0;0.0;275.65019574916425;-0.011239876504987478;0.025903772097080946;6.617651247978211;0.008842532616108656;0.12109375
430;-5.9087133272795;0.0;0.0;0.0;219.24392507044178;-0.007237417995929718;0.023264364711940287;6.625498819351196;0.008906543964985757;0.124609375
431;-18.219187323635197;0.0;0.0;0.0;228.6153103833173;-0.011471177823841572;0.03722831811755896;6.6280320405960085;0.010141715896315873;0.1333984375
432;-2.1265429246872705;0.0;0.0;0.0;227.46022430941917;-0.018420410947874187;0.045999390073120594;6.627846574783325;0.009679283353034408;0.1521484375
433;-4.4771792965548896;0.0;0.0;0.0;348.6669314019873;-0.012775027751922607;0.022745664371177553;6.627801942825317;0.009029456088319421;0.1234375
434;-1.8617866550120366;0.0;0.0;0.0;601.2394724168141;-0.010492442734539508;0.03586244648322463;6.630848050117493;0.013646746310405434;0.1908203125
435;-15.642367985226715;0.0;0.0;0.0;182.95544621500437;-0.015532124089077115;0.03160679517313838;6.634021258354187;0.006318955682218075;0.0751953125
436;-0.16009923268847187;0.0;0.0;0.0;199.88105181171983;-0.007564480695873499;0.043321762792766096;6.639727163314819;0.006054811668582261;0.0794921875
437;-2.0784754452927188;0.0;0.0;0.0;72.13341167358479;-0.012940260069444775;0.023184006102383137;6.641445446014404;0.007516830135136843;0.1041015625
438;-7.8618047767439325;0.0;0.0;0.0;693.1640524033297;-0.0134983861586079;0.024752137809991838;6.644818711280823;0.007131355826277286;0.0970703125
439;-2.192596728574145;0.0;0.0;0.0;312.7126368825303;-0.012252514902502298;0.02043144409544766;6.645002174377441;0.0066873130155727266;0.090234375
440;-1.2775465594731077;0.0;0.0;0.0;282.46873519168463;-0.006608954444527626;0.017301770858466625;6.646168327331543;0.0062646143138408664;0.0759765625
441;-2.7591083736415207;0.0;0.0;0.0;167.9871351933794;-0.011791543080471456;0.0228612688370049;6.642106723785401;0.007594496698584407;0.0955078125
442;-1.6863547166305937;0.0;0.0;0.0;184.43773611167674;-0.01064162296243012;0.01958133983425796;6.636132478713989;0.006705500453244894;0.088671875
443;-2.8539453818804845;0.0;0.0;0.0;196.52359838613563;-0.005816222238354385;0.03979592826217413;6.637318325042725;0.005834970367141068;0.075390625
444;-6.292138403252211;0.0;0.0;0.0;216.20001140785158;-0.011875202739611268;0.03296525124460459;6.642407298088074;0.010284959350246935;0.15
445;-6.6283486261744615;0.0;0.0;0.0;153.51804332770269;-0.00785972229205072;0.028956362791359425;6.6441960573196415;0.011330265761353075;0.1587890625
446;-1.3724361524330826;0.0;0.0;0.0;135.76108253745653;-0.012229816662147642;0.022070688754320146;6.644116973876953;0.00816000597551465;0.11328125
447;-1.110932421352461;0.0;0.0;0.0;262.6205319724305;-0.02505298713222146;0.03423952516168356;6.647801876068115;0.011129767040256412;0.1630859375
448;-1.8887004004680523;0.0;0.0;0.0;420.71435057194094;-0.01490980377420783;0.1062552435323596;6.650561380386352;0.010089934326242656;0.137109375
449;-1.651951088300697;0.0;0.0;0.0;285.9817269827728;-0.00743076060898602;0.12522812224924565;6.647287440299988;0.006728683842811734;0.0810546875
450;-1.0422320986892144;0.0;0.0;0.0;296.4016064456967;-0.002061145845800638;0.020196662843227388;6.643341803550721;0.006304589612409472;0.083984375
451;-0.8329882228862207;0.0;0.0;0.0;212.9490946577624;-0.0061831339728087185;0.017703871615231036;6.642196154594421;0.0075386343756690625;0.1099609375
452;-16.361011816361913;0.0;0.0;0.0;250.24468436859206;-0.011040899460203946;0.021176401898264884;6.6458786725997925;0.006257327075581997;0.0798828125
453;-11.427126421759707;0.0;0.0;0.0;1066.4222405374805;-0.007754121534526348;0.015242616226896644;6.650579309463501;0.008592516335193067;0.1232421875
454;-1.6456745119508622;0.0;0.0;0.0;302.36984568603;-0.011231833370402455;0.015038612578064204;6.656320309638977;0.010379162523895502;0.14609375
455;-1.7562581929223895;0.0;0.0;0.0;139.19702849541667;-0.010198799148201942;0.011696946062147617;6.6608514308929445;0.009197378647513688;0.125
456;-1.8546689418310427;0.0;0.0;0.0;557.9407679956072;-0.008252330962568522;0.012644843803718686;6.666427326202393;0.006845480226911604;0.0955078125
457;-1.2026500345320068;0.0;0.0;0.0;172.53775244596127;-0.006626563193276524;0.01512683816254139;6.671207237243652;0.006606710143387318;0.088671875
458;-4.213420953844813;0.0;0.0;0.0;1180.3450716238904;-0.009480340545997024;0.009024987486191094;6.673800754547119;0.007011006074026227;0.091796875
459;-1.31401087611153;0.0;0.0;0.0;500.69083277219147;-0.010240853182040155;0.011957901157438755;6.679214310646057;0.007954247121233493;0.11171875
460;-6.07339629859112;0.0;0.0;0.0;587.1842259632361;-0.010584979970008134;0.004657660494558513;6.683619809150696;0.007351209956686944;0.1041015625
461;-4.338210138942406;0.0;0.0;0.0;217.1724594193142;-0.013536135107278824;0.006209380668587982;6.685545444488525;0.010151407169178128;0.13359375
462;-2.3506763583302597;0.0;0.0;0.0;197.72194558262083;-0.01037689340300858;0.010148409730754792;6.688505101203918;0.010130828944966197;0.1388671875
463;-0.9788274783871097;0.0;0.0;0.0;224.42244098663275;-0.008653180534020066;0.00968352952040732;6.692833209037781;0.012131369858980178;0.1697265625
464;-8.917569213656106;0.0;0.0;0.0;253.25458521497194;-0.007156650070101023;0.010440005245618523;6.692820739746094;0.00801102890400216;0.1068359375
465;-0.37459495775359036;0.0;0.0;0.0;261.9866017628193;-0.006869457755237817;0.025686300825327635;6.692140197753906;0.010334490332752466;0.1537109375
466;-1.7392750641831694;0.0;0.0;0.0;314.5295392822649;-0.014483548840507865;0.016030385764315723;6.691275930404663;0.007638580456841737;0.098046875
467;-1.588604996402006;0.0;0.0;0.0;181.0516983353414;-0.009518499998375774;0.019278764119371773;6.691193366050721;0.01063694980693981;0.1501953125
468;-1.7506148466297733;0.0;0.0;0.0;187.96425940861258;-0.011541436379775404;0.016964353481307627;6.688933610916138;0.009203443466685713;0.134765625
469;-1.8872939589481903;0.0;0.0;0.0;102.00668611776355;-0.012703759176656605;0.01170109659433365;6.689925289154052;0.007754225702956319;0.1150390625
470;-1.351664554837556;0.0;0.0;0.0;220.4580011708418;-0.009608272789046168;0.006845300365239382;6.692540168762207;0.007803986419457942;0.102734375
471;0.04238989837827197;0.0;0.0;0.0;874.7684904331387;-0.005016073212027549;0.006165015324950218;6.693733882904053;0.008654907322488725;0.1236328125
472;-7.138592969106178;0.0;0.0;0.0;434.12626434584735;0.00019496288150548934;0.004130005813203752;6.697786712646485;0.008131267211865634;0.10625
473;-8.44147140261999;0.0;0.0;0.0;247.66840173356567;-0.0067164941225200895;0.0033815821167081594;6.71056854724884;0.007394319528248161;0.094140625
474;-1.7499378603014955;0.0;0.0;0.0;316.54165023331797;-0.009668793017044663;0.0033467873581685126;6.718317437171936;0.007863732753321528;0.1087890625
475;-1.2777852245163765;0.0;0.0;0.0;171.59537335205735;-0.01919244502538017;0.003486508137679526;6.72265979221889;0.011738186186578656;0.15764508928571427
476;-1.9010375804104118;0.0;0.0;0.0;578.0258541368665;-0.01277001048438251;0.002716772444546223;6.72479829788208;0.007849514519330114;0.1146484375
477;-1.6612422667392464;0.0;0.0;0.0;275.5645727813149;-0.010511720459908247;0.005415731610264629;6.726692724227905;0.007860983128193767;0.1060546875
478;-1.5403834899024225;0.0;0.0;0.0;400.43223665218164;-0.0068917135708034035;0.00996047593653202;6.729567432403565;0.011084977246355265;0.164453125
479;-1.2747224015806562;0.0;0.0;0.0;124.12743903506947;-0.009452009981032461;0.004844925471115857;6.736989140510559;0.013475945254322141;0.1841796875
480;-1.4817136732832021;0.0;0.0;0.0;207.60516497528735;-0.01005519493483007;0.0020082134054973722;6.739669060707092;0.00813949981238693;0.1046875
481;-1.260418039631976;0.0;0.0;0.0;260.39726722711515;-0.004823156888596714;0.0027787602273747327;6.739525842666626;0.008004660008009524;0.11328125
482;-0.9513758481409531;0.0;0.0;0.0;184.4939432395202;-0.005213968735188246;0.002660216117510572;6.740859270095825;0.01130099716829136;0.158984375
483;-0.844288040913291;0.0;0.0;0.0;132.61641217342031;-0.014952515438199043;0.002188984863460064;6.740385437011719;0.009447525267023592;0.138671875
484;-1.5488295473524831;0.0;0.0;0.0;295.9199909389901;-0.01207375219091773;0.0038354218355379998;6.744458341598511;0.008890806627459825;0.123046875
485;-1.7118243659119134;0.0;0.0;0.0;612.2665927202207;0.002996517950668931;0.003752640134189278;6.75192437171936;0.007537885941565037;0.100390625
486;-2.206673811837522;0.0;0.0;0.0;155.70922025193977;-0.016505365434568375;0.0021409785200376063;6.75405900478363;0.007468268880620599;0.0943359375
487;-1.2744290803761877;0.0;0.0;0.0;159.76195132925469;-0.016112229693681;0.0010351310280384495;6.753347682952881;0.01235648940782994;0.1619140625
488;-0.06410412682962312;0.0;0.0;0.0;229.5295269939325;-0.0023027587682008742;0.0014249388419557362;6.7535950422286986;0.006542333005927503;0.0853515625
489;-0.4962939147448263;0.0;0.0;0.0;167.9284799904093;-0.005126563692465424;0.0009656706970417872;6.760541200637817;0.00907672216417268;0.1375
490;-1.3291853314755133;0.0;0.0;0.0;113.48775895875286;-0.011670582625083626;0.0026026242412626743;6.766048884391784;0.009797136392444372;0.12890625
491;-1.1850327622024361;0.0;0.0;0.0;346.4864640112415;-0.001705274498090148;0.003868654044345021;6.767338538169861;0.006154875340871513;0.07890625
492;-1.2668978163984297;0.0;0.0;0.0;171.74233120872051;-0.013108778838068246;0.001600016007432714;6.769128155708313;0.010483032162301242;0.148046875
493;-1.0463019565647016;0.0;0.0;0.0;162.15179661376246;-0.00600917381234467;0.0037809345172718166;6.772657179832459;0.007518126640934497;0.0998046875
494;-1.0480077711642883;0.0;0.0;0.0;163.21567728928653;-0.01334111336618662;0.0020102626585867256;6.772294759750366;0.011478707788046449;0.1623046875
495;-1.7595839111750837;0.0;0.0;0.0;276.5707294460584;-0.007715463940985501;0.0010559943126281723;6.77483298778534;0.010262794373556972;0.1453125
496;-1.3055483329311084;0.0;0.0;0.0;205.9810981394318;-0.011938308598473668;0.0027180942532140763;6.77922785282135;0.00995591989485547;0.1359375
497;-3.131664122168047;0.0;0.0;0.0;426.5911935234007;-0.012918425910174846;0.004273979924619198;6.784865951538086;0.007484720216598362;0.0912109375
498;-2.907560041266822;0.0;0.0;0.0;255.33643765564963;-0.01380184325389564;0.0014924985473044217;6.783825206756592;0.00785129185533151;0.1064453125
499;-1.5591101645277023;0.0;0.0;0.0;319.4999223598236;-0.018294433993287385;0.0010505430080229416;6.783471846580506;0.007667640270665288;0.1037109375
500;-0.7287699299532289;0.0;0.0;0.0;133.51136632388668;-0.008664749283343553;0.0006125382031314075;6.784750390052795;0.006856926006730646;0.0919921875
501;-1.3083502266056943;0.0;0.0;0.0;111.2942392852551;-0.010075333924032748;0.0006235747903701849;6.786543846130371;0.006377721566241235;0.09140625
502;-1.0452620968767263;0.0;0.0;0.0;194.80148532455522;-0.009351634001359344;0.0014941797708161175;6.794481205940246;0.007148841058369726;0.10546875
503;-3.939577418199346;0.0;0.0;0.0;241.2693719949711;-0.009789509698748589;0.001970231311861426;6.802221155166626;0.00817612698301673;0.1216796875
504;-1.4299077700146205;0.0;0.0;0.0;449.825527311727;-0.009263713867403567;0.0018624865915626287;6.805247497558594;0.0074898838414810594;0.0978515625
505;-0.617541351508063;0.0;0.0;0.0;133.3173772092958;-0.008511429280042648;0.0018977393920067698;6.802735614776611;0.010861473775003105;0.166796875
506;-1.40206584206717;0.0;0.0;0.0;483.909209319787;-0.0098799092695117;0.0015137759502977133;6.801793694496155;0.011702561809215695;0.1693359375
507;-2.531685422629204;0.0;0.0;0.0;348.5632289896722;-0.003878124989569187;0.0021119425364304334;6.804866528511047;0.00769063769839704;0.1095703125
508;-1.0394096584087948;0.0;0.0;0.0;322.12716135872944;-0.005969072133302689;0.005968141555786133;6.810843515396118;0.012449851084966213;0.1744140625
509;-0.760850438668562;0.0;0.0;0.0;323.54368122889423;-0.011927642207592726;0.0032023767998907715;6.815768790245056;0.007443969883024692;0.1060546875
510;-0.9427374274652532;0.0;0.0;0.0;264.40973792185446;-0.005692416289821267;0.0026066789287142456;6.813212490081787;0.0094450460979715;0.1349609375
511;-0.9631134491109681;0.0;0.0;0.0;133.80940733555784;-0.003517302358523011;0.0026314828603062777;6.8138669490814205;0.0069767204113304615;0.0947265625
512;-1.3773406855386598;0.0;0.0;0.0;447.19480353705734;-0.00869395814370364;0.005553902592509985;6.817006373405457;0.009322405001148582;0.1146484375
513;-1.3145900277106937;0.0;0.0;0.0;205.3865296412815;-0.009141150955110788;0.012289676093496382;6.820029354095459;0.008251059625763446;0.116015625
514;-1.2955873942412304;0.0;0.0;0.0;385.5119409733913;-0.011251091351732611;0.005342952185310423;6.830639672279358;0.008889826107770204;0.13046875
515;-1.355126394119901;0.0;0.0;0.0;119.25657519785476;-0.008291891124099494;0.010588400019332766;6.833647775650024;0.011825754784513264;0.159375
516;-6.6670767853699955;0.0;0.0;0.0;318.81158175970154;-0.010959913348779082;0.005614590225741267;6.836588644981385;0.010968288511503489;0.1494140625
517;-1.5362780323678888;0.0;0.0;0.0;393.4395458219184;-0.011482110875658692;0.00515246766153723;6.836274862289429;0.009660277597140521;0.1361328125
518;-1.5077062393673764;0.0;0.0;0.0;142.04716267172375;-0.005276366136968136;0.0046817195252515376;6.838022661209107;0.0073144333204254505;0.097265625
519;-1.4965370866642884;0.0;0.0;0.0;98.27171117612409;-0.0100431659957394;0.0035109483171254395;6.844108128547669;0.00898299211403355;0.1220703125
520;-1.5117159452341982;0.0;0.0;0.0;112.25718261214462;-0.005981877679005265;0.003347837494220585;6.850658917427063;0.011838789714965969;0.1681640625
521;-2.052195731280265;0.0;0.0;0.0;392.98482589845173;-0.006557422038167715;0.0017835742444731295;6.8554116010665895;0.008747504919301718;0.10703125
522;-2.0463231324565068;0.0;0.0;0.0;99.26651448221087;-0.015661379136145116;0.0015722340089268983;6.8588783740997314;0.008382616855669767;0.1138671875
523;-1.2172980519655454;0.0;0.0;0.0;237.88939932946388;-0.004666692530736327;0.001186381810111925;6.864081478118896;0.008825689589139074;0.1263671875
524;-1.8171053334407699;0.0;0.0;0.0;95.32805723768693;-0.016752925980836154;0.002315360022475943;6.86861560344696;0.008207130467053503;0.102734375
525;-1.4782934957378526;0.0;0.0;0.0;114.86027269823192;-0.01335486031603068;0.0021839273511432113;6.870117449760437;0.009090229636058211;0.1173828125
526;-1.2947150786239037;0.0;0.0;0.0;94.98209298988041;-0.002389306388795376;0.0007646361016668379;6.872777891159058;0.008845354907680302;0.1259765625
527;-1.5478862603688517;0.0;0.0;0.0;98.61607455792726;-0.009922034991905092;0.0014275324472691863;6.870788717269898;0.006410289043560624;0.0861328125
528;-1.8319214673586863;0.0;0.0;0.0;120.23223818692024;-0.00607140134088695;0.0024727930896915494;6.867813086509704;0.009458907600492238;0.141015625
529;-1.329098067368571;0.0;0.0;0.0;120.93188246553774;-0.008569571655243635;0.0015765051124617458;6.867214822769165;0.00845582209294662;0.1201171875
530;-2.579975404493155;0.0;0.0;0.0;96.2949815197826;-0.018372286343947053;0.0024798114609438926;6.8742738485336305;0.010970717552118004;0.15546875
531;-2.650209829454962;0.0;0.0;0.0;62.18687529930076;-0.009046752471476793;0.0013498528162017465;6.883134961128235;0.00743881348753348;0.103125
532;-2.0017114042776303;0.0;0.0;0.0;359.2382370187422;-0.007911740662530064;0.0025702259852550926;6.888203692436218;0.008632941893301905;0.115625
533;-0.07254864383179453;0.0;0.0;0.0;289.2657594456207;-0.008472483884543181;0.001915075839497149;6.888219738006592;0.009371983457822353;0.1466796875
534;-1.6517030346604535;0.0;0.0;0.0;208.85435707334744;-0.004948551626875996;0.002434925618581474;6.8844390392303465;0.00787368039600551;0.10390625
535;-0.887596679633581;0.0;0.0;0.0;162.9161607495568;-0.014016039855778217;0.0028167341777589174;6.884281921386719;0.007244500087108463;0.0828125
536;-2.0618683830194904;0.0;0.0;0.0;149.4838617399819;-0.012684490857645869;0.0007869512483011931;6.888086271286011;0.0066161805181764064;0.09453125
537;-1.7452020770455896;0.0;0.0;0.0;253.8018078450875;-0.011637480277568103;0.0033441668783780187;6.892440509796143;0.00803346447646618;0.1177734375
538;-0.4353366332748505;0.0;0.0;0.0;174.4424592933149;-0.010503340186551214;0.001046289611258544;6.89684407711029;0.006275831302627921;0.07421875
539;-1.3675856868504959;0.0;0.0;0.0;91.63788685948705;-0.006031581200659275;0.001080804137745872;6.89842803478241;0.00878388948040083;0.130859375
540;-1.813640179451026;0.0;0.0;0.0;191.18511412629906;-0.012702937703579664;0.002470690855989233;6.903333139419556;0.008397280273493379;0.10234375
541;-1.0555946087025305;0.0;0.0;0.0;298.4507608549463;-0.006535765109583735;0.0018084127514157444;6.907180881500244;0.008328261016868056;0.1140625
542;-1.0622711346152593;0.0;0.0;0.0;158.70007882372923;-0.008046263479627669;0.0010890864534303546;6.913535213470459;0.007486789592076093;0.0998046875
543;-2.5237057643497534;0.0;0.0;0.0;138.0813022649668;-0.0039000573568046095;0.0034884137799963354;6.919555711746216;0.00658284209202975;0.0875
544;-1.77800517017534;0.0;0.0;0.0;311.268857408862;-0.012347273691557348;0.0028157448512502016;6.926124215126038;0.008903997030574828;0.13046875
545;-1.3492087489946367;0.0;0.0;0.0;330.20908346065664;-0.007038183137774467;0.005094864743296057;6.931489968299866;0.009349849005229772;0.137890625
546;-0.6378456943464513;0.0;0.0;0.0;244.1826599578399;-0.011228565219789743;0.0039746922557242215;6.938106536865234;0.00960310569498688;0.1447265625
547;1.1068879796387587;0.0;0.0;0.0;205.11525656809596;-0.001944197085686028;0.003406549076316878;6.943807578086853;0.006383398978505284;0.0876953125
548;5.967765353734011;1.0;0.31236672778188307;0.17710490354118358;381.2096946111234;-0.02018920108675957;0.0018498560006264598;6.944387817382813;0.008799851615913212;0.1138671875
549;-1.451737872893861;0.0;0.0;0.0;295.82441876029554;-0.01552549172192812;0.002408554294379428;6.9457038879394535;0.009887326892931014;0.1396484375
550;-1.4639342353193734;0.0;0.0;0.0;198.71235186567952;-0.013178485119715333;0.0034423008561134338;6.945285367965698;0.007086621923372149;0.099609375
551;-3.892590938599468;0.0;0.0;0.0;308.1053637370831;-0.017944545345380904;0.004192029754631221;6.945608711242675;0.008754058368504047;0.116796875
552;-2.028433853245162;0.0;0.0;0.0;265.93491789083373;-0.005329444259405136;0.0007411387749016285;6.956936073303223;0.0069851735490374265;0.0900390625
553;-1.5151562685404585;0.0;0.0;0.0;234.7843086593221;-0.008429626049473882;0.001704332564258948;6.963425469398499;0.010635446989908814;0.15
554;-3.402865250891224;0.0;0.0;0.0;30.540245250197447;-0.0012375563965179026;0.004991689976304769;6.970583844184875;0.008160247025080026;0.1083984375
555;-1.1537051190084453;0.0;0.0;0.0;197.75087945894924;-0.007446051388978958;0.003764742147177458;6.972011661529541;0.008715217444114387;0.126171875
556;-1.406471401416597;0.0;0.0;0.0;240.49028830886064;-0.0030056564603000878;0.005730389291420579;6.976090312004089;0.010809448745567352;0.1521484375
557;-1.6469816999469777;0.0;0.0;0.0;383.64890035165246;-0.0017008812166750431;0.005938909959513694;6.9736624479293825;0.005688341602217406;0.070703125
558;-0.9368354746406893;0.0;0.0;0.0;175.71502648470712;0.001182672381401062;0.001135427551344037;6.967473554611206;0.010025870183017104;0.140625
559;-1.77429929262715;0.0;0.0;0.0;380.9130929296212;-0.008274520374834537;0.002240248071029782;6.970275473594666;0.010818035749252886;0.151953125
560;-1.705012310074112;0.0;0.0;0.0;683.2709783167228;-0.011870417837053537;0.015189485717564821;6.977217698097229;0.008191072160843759;0.1203125
561;-0.014911510942803059;0.0;0.0;0.0;275.8445807270392;-0.017011638078838588;0.006809412932489068;6.9745585203170775;0.01085709745530039;0.151953125
562;-1.379328953091339;0.0;0.0;0.0;389.9412212919139;-0.0037344998447224496;0.002886002860032022;6.975187873840332;0.00848170374520123;0.116796875
563;-0.6857377489572289;0.0;0.0;0.0;433.59932454773394;-0.01272272695787251;0.0013968941435450687;6.975646209716797;0.006927597080357372;0.090234375
564;-0.5065480638769037;0.0;0.0;0.0;341.4270745630731;-0.017091941041871905;0.0005286122017423622;6.973862433433533;0.007867772364988923;0.115234375
565;-1.4696388627312813;0.0;0.0;0.0;392.9434777422995;-0.01683093570172787;0.0011348851781804114;6.97143394947052;0.01081867158645764;0.154296875
566;0.777671262666362;0.0;0.0;0.0;446.9673940883775;-0.007463631918653846;0.000986945297336206;6.970655226707459;0.008824994636233896;0.12734375
567;0.623625446367506;0.0;0.0;0.0;322.0756028871726;-0.005228034500032663;0.0011109162500360981;6.971917057037354;0.005800274875946343;0.0791015625
568;-5.179582400731019;0.0;0.0;0.0;473.78928283060213;-0.006921676173806191;0.001043436548206955;6.973161721229554;0.006783422932494431;0.079296875
569;5.802875879934492;1.0;0.47305385839812497;0.17084043679193117;226.96167895616964;-0.012476146966218949;0.006957338773645461;6.971912002563476;0.012144125439226628;0.1705078125
570;-1.1992856955488878;0.0;0.0;0.0;282.5337651638236;-0.011070868233218789;0.011182509316131472;6.970645070075989;0.01151873057242483;0.173046875
571;-15.890710690590401;0.0;0.0;0.0;233.83890561289013;-0.012024755333550274;0.004506202728953213;6.973481512069702;0.0127511907950975;0.1875
572;-1.1319589594927675;0.0;0.0;0.0;157.5250290049578;-0.011368063092231751;0.003987194946967065;6.972614049911499;0.008111861057113857;0.1125
573;0.9812073422780302;0.0;0.0;0.0;341.0891542201085;-0.016398113733157516;0.008943804167211055;6.97415566444397;0.01251578440424055;0.1904296875
574;-0.5375202308323613;0.0;0.0;0.0;213.47440147221437;-0.01149128011893481;0.010459885117597878;6.981590843200683;0.008503797010052948;0.1240234375
575;-1.2358615845723322;0.0;0.0;0.0;182.70538406807052;-0.013643410755321383;0.018608208652585743;6.989112496376038;0.006643233459908515;0.087890625
576;-0.3169069491066977;0.0;0.0;0.0;155.03371052589702;-0.009635708155110478;0.00818803538568318;6.9972820520401005;0.009384845534805208;0.137890625
577;0.6351563979283091;0.0;0.0;0.0;257.2272364166169;-0.014501113910228014;0.008899324131198228;7.002012586593628;0.01316029642475769;0.1802734375
578;0.6225478846521506;0.0;0.0;0.0;302.08053243921194;-0.0074345609871670605;0.011543264100328087;7.002805113792419;0.006151453603524715;0.0873046875
579;-1.2981106522434718;0.0;0.0;0.0;348.1977369438672;-0.007252167351543904;0.010072059091180563;7.006239295005798;0.008222210372332483;0.125390625
580;-1.1084914674924142;0.0;0.0;0.0;167.72884398046284;-0.007408722769469023;0.00475045939674601;7.009644484519958;0.00942822805372998;0.146875
581;-1.5600674345751318;0.0;0.0;0.0;164.20922748107802;-0.004419205617159605;0.007121213688515126;7.016972303390503;0.005165256839245558;0.04921875
582;-1.492885073737721;0.0;0.0;0.0;205.55037244434894;-0.010607706662267447;0.006094854790717363;7.0170159339904785;0.007336243952158839;0.0896484375
583;-1.5214706204839639;0.0;0.0;0.0;165.06914202490094;-0.014280670136213303;0.005410240846686065;7.017453360557556;0.010951960226520896;0.1533203125
584;0.037193314558634206;0.0;0.0;0.0;397.5555162691263;-0.00448613129556179;0.015814674133434892;7.017223286628723;0.011492092011030764;0.15859375
585;-0.7209769479555347;0.0;0.0;0.0;256.9553196443467;-0.00760259716771543;0.01665794146247208;7.022342157363892;0.008533308480400592;0.0984375
586;-0.5817920015899554;0.0;0.0;0.0;545.6305094286187;-0.007102919369935989;0.005353769066277892;7.029036283493042;0.00868477908661589;0.1158203125
587;0.8711270304861466;0.0;0.0;0.0;333.85936936273833;-0.010650605661794543;0.005368819576688111;7.034091758728027;0.008907535276375712;0.128515625
588;-1.1959782674091424;0.0;0.0;0.0;181.47005975250656;-0.013714807806536555;0.006962986406870186;7.0376320600509645;0.009228006238117814;0.13125
589;-0.9903796494171178;0.0;0.0;0.0;321.49355715214665;-0.0049962039105594155;0.005996991484425962;7.0436046600341795;0.009201620554085821;0.13125
590;0.23840515481037025;0.0;0.0;0.0;323.6152310611034;-0.02193111921660602;0.004199284029891714;7.043056654930115;0.010188616160303355;0.1228515625
591;-0.5342901304337654;0.0;0.0;0.0;219.29463960993493;-0.009625207632780075;0.0035468524903990327;7.04586169719696;0.005976309790275991;0.0775390625
592;0.1196069025354427;0.0;0.0;0.0;342.83134864910886;-0.008113195095211268;0.009194329520687461;7.048451781272888;0.007850625738501548;0.106640625
593;-5.679955650017804;0.0;0.0;0.0;325.81591210714504;-0.006578239053487778;0.0066533328499644995;7.052420020103455;0.007098347670398653;0.0943359375
594;-1.2581446488228365;0.0;0.0;0.0;543.8098183967276;-0.0153330834582448;0.009222092409618198;7.0578186988830565;0.007393941190093756;0.1044921875
595;-1.7291151661515025;0.0;0.0;0.0;459.91843632795155;-0.0013169610407203435;0.0011241469241213054;7.055118608474731;0.009421994292642922;0.1337890625
596;-1.122860984685153;0.0;0.0;0.0;210.75657036046192;-0.00352865569293499;0.0006928472052095458;7.0538938522338865;0.0052601112052798275;0.065625
597;-0.4532195266372047;0.0;0.0;0.0;231.62893737597187;-0.006242066342383623;0.002205515338573605;7.05133216381073;0.007609821890946477;0.1048828125
598;-0.35722627691682424;0.0;0.0;0.0;298.09353795499857;-0.0040336549282073975;0.001402466685976833;7.048044753074646;0.004011212941259145;0.040625
599;-2.4717139622957793;0.0;0.0;0.0;344.1532162133817;-0.01574093447998166;0.005485438706818968;7.048833751678467;0.011258745531085879;0.1681640625
600;-13.51823019783102;0.0;0.0;0.0;292.64148144048517;-0.0027297940105199814;0.008271273504942656;7.057836389541626;0.0073331117746420205;0.096484375
601;0.560343935667963;0.0;0.0;0.0;338.82754512716235;-0.01046919277869165;0.0072583350585773585;7.066065549850464;0.006950169277843088;0.0900390625
602;1.1886694751452656;0.0;0.0;0.0;265.2521155852106;-0.01332259678747505;0.007403286756016314;7.074521803855896;0.010180979978758841;0.1560546875
603;-1.4424743253728778;0.0;0.0;0.0;375.21126792848577;-0.013126446586102247;0.006410654913634062;7.078413629531861;0.008206003124359994;0.1119140625
604;0.9417865871558463;0.0;0.0;0.0;459.0323918844772;-0.011474055191501974;0.006466282811015844;7.078673267364502;0.011099634831771255;0.1546875
605;0.3893463759924009;0.0;0.0;0.0;390.9106953331712;-0.009705291967839003;0.005910176853649318;7.081524658203125;0.0095915126032196;0.129296875
606;0.9419118419336446;0.0;0.0;0.0;518.3218643624606;-0.012372473068535329;0.012516212183982134;7.083306431770325;0.00827197446487844;0.1060546875
607;-3.114344941135368;0.0;0.0;0.0;426.3860601250776;-0.015410896949470043;0.006206111190840602;7.086466860771179;0.00764846004312858;0.1021484375
608;-1.675093150076847;0.0;0.0;0.0;182.85156726726404;-0.013644873723387718;0.0017274239158723502;7.089676570892334;0.008327793783973903;0.1212890625
609;-5.872675716911339;0.0;0.0;0.0;214.79608447049583;-0.006508052628487348;0.0014795381925068797;7.0926062822341915;0.011117194755934178;0.14140625
610;-9.51776631391045;0.0;0.0;0.0;373.20152084042934;-0.012466481141746043;0.0021574026381131262;7.09648175239563;0.011097639880608768;0.159765625
611;-0.2350398876747372;0.0;0.0;0.0;317.54871163900765;-0.007929774187505245;0.0014293467858806253;7.098425126075744;0.00913036409765482;0.1283203125
612;1.5842450993131518;0.0;0.0;0.0;289.65639347804995;-0.011626990977674723;0.0006676371602225117;7.09920334815979;0.009239964233711363;0.1318359375
613;-1.702001916359383;0.0;0.0;0.0;150.9631969048152;-0.01736342553049326;0.0022375617292709647;7.1007609367370605;0.009645178634673356;0.1404296875
614;-0.300205104474669;0.0;0.0;0.0;342.4907160755441;-0.011864798748865724;0.0028791251941584052;7.103541612625122;0.011573671805672347;0.1669921875
615;-2.7818565717649366;0.0;0.0;0.0;492.67143165381725;-0.008279407164081931;0.001088310213526711;7.104837679862976;0.007946159911807627;0.10546875
616;-3.6002288280111494;0.0;0.0;0.0;83.60751521732726;-0.013351349905133248;0.0007227302645333112;7.110884308815002;0.006330821267329157;0.08515625
617;-7.58733755564483;0.0;0.0;0.0;161.07284971684987;-0.0085561060346663;0.007680946518667043;7.1217780113220215;0.008046595030464232;0.1091796875
618;-3.091687937911333;0.0;0.0;0.0;121.2051666021728;-0.010859620524570346;0.007922185445204377;7.129433369636535;0.012146917206700891;0.15625
619;-0.8555923868032296;0.0;0.0;0.0;446.52007662122287;-0.008259672299027443;0.0057384247658774255;7.1321337699890135;0.010049832169897854;0.1396484375
620;-7.063964722715135;0.0;0.0;0.0;28.451390918691096;-0.003508742549456656;0.002278927981387824;7.138722395896911;0.008385414560325443;0.1162109375
621;-0.44078211487788244;0.0;0.0;0.0;236.51773090392894;-0.011157228890806437;0.0013444967509713024;7.152933478355408;0.013205155858304351;0.1984375
622;-4.99401797949963;0.0;0.0;0.0;319.9157056360201;-0.011244844598695635;0.00937469971831888;7.157436943054199;0.00911469089332968;0.13984375
623;-13.326728414445867;0.0;0.0;0.0;411.8242648764661;-0.005483464524149895;0.0075810356764122845;7.157584023475647;0.008470947702880949;0.1234375
624;-2.556099570917931;0.0;0.0;0.0;255.88958185300456;-0.01729836091399193;0.007432762742973864;7.15807077884674;0.010041672713123262;0.1556640625
625;-13.21989422511635;0.0;0.0;0.0;1090.5158788170954;-0.010447999648749828;0.012919144472107291;7.15866494178772;0.007848365243989974;0.109375
626;-1.130309453793136;0.0;0.0;0.0;129.32749342668896;-0.019318175548687578;0.005888247629627585;7.165707278251648;0.009264245326630772;0.127734375
627;-7.192801407819951;0.0;0.0;0.0;11.16887848306047;-0.017405287781730294;0.005359989171847701;7.179300546646118;0.011248939286451787;0.1654296875
628;-0.5077829072395709;0.0;0.0;0.0;413.52975410684394;-0.000792106706649065;0.003945162007585168;7.1879950046539305;0.006117451388854533;0.0802734375
629;-2.0630372405222386;0.0;0.0;0.0;226.0091270442307;-0.01987866279669106;0.001634951843880117;7.193382978439331;0.009028755000326783;0.1283203125
630;-1.9118380649428266;0.0;0.0;0.0;159.56148908368664;-0.01020527295768261;0.018738774256780742;7.195376682281494;0.008106793323531748;0.1029296875
631;-1.2135508554027499;0.0;0.0;0.0;108.12813062453019;-0.01378930788487196;0.009134076558984816;7.197736692428589;0.008165575936436653;0.1025390625
632;-14.538103355737748;0.0;0.0;0.0;243.12308639463188;-0.006949773244559765;0.006259258603677154;7.194722437858582;0.007792257808614522;0.1056640625
633;-10.075572475299124;0.0;0.0;0.0;214.91188614904343;-0.006397147756069898;0.008972086338326335;7.196191382408142;0.010177789512090385;0.1283203125
634;-1.6160442812078462;0.0;0.0;0.0;254.18178330084595;-0.01165815033018589;0.003799886046908796;7.211733555793762;0.006528531538788229;0.0849609375
635;-2.888227474961308;0.0;0.0;0.0;142.7531986665438;-0.009660670347511769;0.0021273386373650283;7.227364706993103;0.007488086621742695;0.10703125
636;-1.225636814184402;0.0;0.0;0.0;384.79904949998235;-0.013050527893938124;0.003877037682104856;7.23460886478424;0.0088631764636375;0.112109375
637;-12.745645373438776;0.0;0.0;0.0;263.9813863261814;-0.01270255008712411;0.004233065724838525;7.236381244659424;0.010786943603307009;0.1447265625
638;-2.7136980580979317;0.0;0.0;0.0;133.91142711833876;-0.012804099870845676;0.004925303696654737;7.237175703048706;0.008364018553402275;0.1109375
639;1.0538080617730916;0.0;0.0;0.0;342.34859637657365;-0.00876334118656814;0.00482393242418766;7.235608768463135;0.005892562761437148;0.0755859375
640;0.08612180295529698;0.0;0.0;0.0;435.54094653645154;-0.009096943493932485;0.011243637325242162;7.236588621139527;0.008772736426908522;0.1234375
641;-2.8407712667491496;0.0;0.0;0.0;141.32150933915912;-0.01675577727146447;0.005764878005720675;7.237707805633545;0.012038515717722475;0.1736328125
642;-1.8975475010616185;0.0;0.0;0.0;123.81154280576203;-0.006584166083484888;0.0025601870263926687;7.238484454154968;0.00745506506646052;0.1013671875
643;-14.733511334774269;0.0;0.0;0.0;371.5324793217131;-0.014743664115667344;0.002088889485457912;7.240120100975036;0.010181927192024886;0.14375
644;-10.804820977922004;0.0;0.0;0.0;155.1681764326621;-0.013430915027856826;0.002372544590616599;7.245261693000794;0.009695729811210186;0.1287109375
645;-6.707157747941829;0.0;0.0;0.0;150.4368691056647;-0.011951235681772232;0.0008389705355511979;7.242643642425537;0.007357744756154716;0.110546875
646;-23.455423454666597;0.0;0.0;0.0;560.9021644784916;-0.006697322404943406;0.0012393444223562256;7.240799021720886;0.008241136255674065;0.1181640625
647;-1.795035241157846;0.0;0.0;0.0;184.72944122560773;-0.014199077803641557;0.0011631488130660727;7.244597673416138;0.01009830271359533;0.145703125
648;-1.9783636075378659;0.0;0.0;0.0;41.65398172794043;-0.009179491875693202;0.0019520422269124539;7.253793478012085;0.006528494693338871;0.0859375
649;-3.796075705496748;0.0;0.0;0.0;126.20076417659223;-0.02083538586739451;0.00191247797338292;7.259065794944763;0.009026184398680925;0.133203125
650;-2.9126503759914395;0.0;0.0;0.0;25.51760239337705;-0.0030453793704509737;0.0012854341825004668;7.260441422462463;0.005688464792910963;0.0638671875
651;-2.343944605646667;0.0;0.0;0.0;157.92175471847526;-0.006794544402509928;0.0020702022302430123;7.261310243606568;0.008136983693111688;0.1150390625
652;-1.3453202728696443;0.0;0.0;0.0;188.31674226779455;-0.0040539481677114965;0.0018375807150732726;7.261397480964661;0.007395730342250317;0.096484375
653;-2.1459202628730365;0.0;0.0;0.0;255.81973872746948;-0.01094822131562978;0.0010273213323671372;7.263112211227417;0.007801856996957212;0.1099609375
654;-3.6677173927188087;1.0;0.5792311845254203;0.38238069576533545;357.7699572695438;-0.008795684576034546;0.0011596316180657595;7.263149785995483;0.009509634284768254;0.1345703125
655;-13.827805130620327;0.0;0.0;0.0;425.42772307291546;-0.009607889456674457;0.001059325461392291;7.255698919296265;0.009308466291986405;0.1375
656;-0.944896950137989;0.0;0.0;0.0;237.40697869526892;-0.01066376599483192;0.003568400628864765;7.249551463127136;0.007809303246904165;0.11328125
657;-2.6363607970050635;0.0;0.0;0.0;26.507045634043816;-0.004190512862987816;0.0021377784782089294;7.24656081199646;0.005041293217800558;0.065625
658;-7.410669306511294;0.0;0.0;0.0;7.376426007416204;-0.012884115590713919;0.008434007037431001;7.244994711875916;0.009583145356737077;0.1333984375
659;-2.03070613078043;0.0;0.0;0.0;287.30255168829285;-0.008006490580737591;0.004242142732255161;7.245979452133179;0.008271054970100522;0.1197265625
660;-11.014679397420007;0.0;0.0;0.0;294.97717652348825;-0.00550046619027853;0.002943613799288869;7.2494813919067385;0.005030457116663456;0.06171875
661;-2.777104008942627;0.0;0.0;0.0;88.09806380152325;-0.012895580846816301;0.0030843702610582114;7.247108387947082;0.007082920253742487;0.10390625
662;-4.259671307257116;0.0;0.0;0.0;411.7473626614801;-0.0034126635640859605;0.0014066421455936507;7.246601533889771;0.006782475346699357;0.0923828125
663;-1.473178186962102;0.0;0.0;0.0;180.47304115720274;-0.010914706345647573;0.0028085380792617796;7.246807789802551;0.008369147684425116;0.1060546875
664;-0.6902982766418417;0.0;0.0;0.0;395.820315869098;-0.0038905172143131493;0.0016369483491871506;7.242925786972046;0.007172508165240288;0.0990234375
665;-2.9229611207066517;0.0;0.0;0.0;107.24257721956813;-0.020545973861590027;0.0017333781288471073;7.240084600448609;0.010717514401767403;0.1341796875
666;-1.0916599018066615;0.0;0.0;0.0;80.96040717582456;-0.013149342103861272;0.0007964123215060681;7.243964290618896;0.00782068253029138;0.106640625
667;0.3726236607417577;0.0;0.0;0.0;214.23578259399412;-0.025802258448675276;0.0004668139838031493;7.246517038345337;0.008488982659764588;0.12421875
668;-0.4685938768452771;0.0;0.0;0.0;258.3184034585686;-0.01735273078083992;0.0003400791305466555;7.252900099754333;0.010952956893015653;0.165234375
669;-1.4351117808866516;0.0;0.0;0.0;311.1073766927355;-0.011720568477176129;0.0014679784449981525;7.252786636352539;0.008869646594393998;0.13046875
670;0.9960271487852335;0.0;0.0;0.0;286.81219587804287;-0.008328529074788094;0.0020026493177283554;7.249981355667114;0.009102041099686176;0.1140625
671;-0.3189766997085731;0.0;0.0;0.0;250.89185307811587;-0.010687773488461972;0.0005121900248923339;7.242999935150147;0.007968934462405741;0.1091796875
672;0.15923246710927352;0.0;0.0;0.0;270.54895464522207;-0.01617940729483962;0.0006760735035641119;7.244054651260376;0.00792726877843961;0.111328125
673;0.22651816770038807;0.0;0.0;0.0;227.43416317341172;-0.014257601415738463;0.0008144757302943617;7.248073720932007;0.008319430181290954;0.1197265625
674;0.9541191088999661;0.0;0.0;0.0;254.50774127293576;-0.0097035211045295;0.001126603371812962;7.247438383102417;0.008085570763796568;0.1123046875
675;0.29073227420747233;0.0;0.0;0.0;152.1892063882823;-0.015538200922310352;0.0019546866533346474;7.241430926322937;0.010818076331634074;0.1400390625
676;0.13150893691857463;0.0;0.0;0.0;212.61598951773465;-0.011637170822359622;0.0018127872608602047;7.239468455314636;0.01014042777242139;0.130859375
677;0.12254036167609209;0.0;0.0;0.0;254.4396026972715;-0.011824654554948211;0.0015896267985226586;7.237975382804871;0.00934192092390731;0.1265625
678;-0.30054373304728194;0.0;0.0;0.0;224.7698348227812;0.0017710004933178425;0.003158102871384472;7.232164669036865;0.008647310570813716;0.1283203125
679;1.2538882910105134;0.0;0.0;0.0;198.80961399091018;-0.018276383727788927;0.0017043165396898984;7.225418210029602;0.00834942985093221;0.11796875
680;-2.4350567281751996;0.0;0.0;0.0;311.386586966477;-0.002750344481319189;0.0014293372456450014;7.2268494129180905;0.007824621151667089;0.109765625
681;1.7525447728492234;0.0;0.0;0.0;267.35231301516137;-0.001965079503133893;0.003441335342358798;7.2369790315628055;0.005760454095434397;0.061328125
682;1.195120674633034;0.0;0.0;0.0;385.51429413570895;-0.019214779790490865;0.0012945798400323838;7.246003985404968;0.011422503273934126;0.172265625
683;0.7842092609497546;0.0;0.0;0.0;460.32524583898504;-0.023398879915475845;0.0006766566730220802;7.248498034477234;0.0111905213794671;0.159765625
684;1.0860917247265698;0.0;0.0;0.0;292.4756835613381;-0.017178763495758177;0.0007153893850045279;7.25047755241394;0.00921825272962451;0.133984375
685;-2.502209754921336;0.0;0.0;0.0;314.6450441850199;-0.005010957596823573;0.0020289137260988354;7.253364682197571;0.005699271580670029;0.071484375
686;0.6734969649267089;0.0;0.0;0.0;357.8579787344733;-0.014197157509624959;0.0016389398311730473;7.25603494644165;0.010544830095022916;0.1537109375
687;-4.983563830741011;0.0;0.0;0.0;264.5918624326274;-0.01995421154424548;0.0029043542919680474;7.256154537200928;0.00801455918699503;0.113671875
688;0.3439433522140236;0.0;0.0;0.0;259.85946531960263;-0.0036592759657651185;0.0009577233286108822;7.256690216064453;0.0089478078763932;0.1302734375
689;0.2820934501737745;0.0;0.0;0.0;348.73473638182907;-0.004757071379572153;0.0006671699607977644;7.262258243560791;0.007354429608676582;0.104296875
690;-6.2245942249307635;0.0;0.0;0.0;224.0464791723479;-0.013311121985316277;0.0010160706820897757;7.26046199798584;0.008958978881128132;0.1296875
691;-1.1661432663151534;0.0;0.0;0.0;243.72896419780903;-0.011272153072059154;0.0004911514726700262;7.253859496116638;0.00967089410405606;0.133203125
692;-14.43045424521009;0.0;0.0;0.0;425.9163865663375;-0.0033961774432100357;0.0005491191433975473;7.252335143089295;0.008336937858257443;0.1228515625
693;-2.573221288262142;0.0;0.0;0.0;290.15425673208057;-0.0036073531024158;0.0008358478255104274;7.254773831367492;0.005262825777754188;0.0658203125
694;0.9867869110757813;0.0;0.0;0.0;339.9893780900725;-0.007516224123537541;0.0012377932667732238;7.254358243942261;0.004868727433495224;0.0576171875
695;1.2750402260312588;0.0;0.0;0.0;287.5131940147276;-0.007619811757467687;0.0027224066318012772;7.255326604843139;0.007842672476544976;0.1025390625
696;0.5375127618080758;0.0;0.0;0.0;231.12074663744826;-0.005046867905184627;0.0023304546426516025;7.2588334560394285;0.011108228366356342;0.1626953125
697;-0.4735064179114065;0.0;0.0;0.0;320.38632198966036;-0.017389770736917852;0.001265876740217209;7.257498931884766;0.009348161483649165;0.1265625
698;-0.12162301336141529;0.0;0.0;0.0;283.9320151952709;-0.013664308283478022;0.0007237006793729961;7.247111082077026;0.012239633011631668;0.1654296875
699;-3.520481574339372;0.0;0.0;0.0;269.98137441746206;-0.0011203985079191626;0.0007920248724985867;7.243585181236267;0.008105472335591913;0.1087890625
700;-1.5596651947122857;0.0;0.0;0.0;219.24503230746097;-0.008762881206348539;0.000573177236947231;7.247704267501831;0.007992690999526531;0.1138671875
701;-7.4889316494880624;0.0;0.0;0.0;331.12752310369586;-0.002273859176784754;0.0042734146467410025;7.245015239715576;0.008810322836507112;0.1232421875
702;-2.3135512899847486;0.0;0.0;0.0;143.3842270180316;-0.009251532796770334;0.0008768123661866412;7.2457427978515625;0.012421116279438139;0.17421875
703;0.90505291166101;0.0;0.0;0.0;251.42564967517185;-0.012664180505089462;0.0005638266418827697;7.247483444213867;0.0095208159647882;0.1384765625
704;0.28399491025336143;0.0;0.0;0.0;239.16597225469067;-0.0068842855282127855;0.00039112897793529554;7.254142022132873;0.01153793417615816;0.1638671875
705;-4.203134375804671;0.0;0.0;0.0;325.1286911438608;-0.010142907034605742;0.000569985486799851;7.253930282592774;0.009091014636214822;0.125
706;-0.9062660225234357;0.0;0.0;0.0;377.7508279535571;-0.0020559232216328382;0.0006241409748326987;7.251321530342102;0.008817617606837302;0.133984375
707;-0.08150395777694538;0.0;0.0;0.0;154.8482347235894;-0.00013366793282330037;0.0007833884679712355;7.251342153549194;0.006969391461461782;0.099609375
708;-5.451856183294347;0.0;0.0;0.0;351.85231786992296;-0.01922256899997592;0.0008928587252739817;7.254302930831909;0.008955395105294884;0.1337890625
709;0.623769225418989;0.0;0.0;0.0;117.53622911792775;-0.006951979594305158;0.002042235154658556;7.254322934150696;0.006512727204244584;0.0880859375
710;-5.571611521292253;0.0;0.0;0.0;178.4113845313306;-0.010786140151321889;0.009170976467430592;7.255453419685364;0.004435676534194499;0.04921875
711;-3.7158112577969193;0.0;0.0;0.0;303.5441584862225;-0.013701560068875551;0.0015456699737114831;7.260556983947754;0.006032336154021323;0.0791015625
712;-0.02589814663747942;0.0;0.0;0.0;227.40760564484708;-0.006392634613439441;0.0012575738568557427;7.271786379814148;0.006672998087015003;0.09296875
713;-0.37092389282279775;0.0;0.0;0.0;434.6473143777772;-0.01574199178721756;0.0012110568321077153;7.278440976142884;0.006878270942252129;0.0916015625
714;-0.3447707938411905;0.0;0.0;0.0;258.6654741775278;-0.018373733572661876;0.0013852391799446194;7.282800722122192;0.008151745703071357;0.1169921875
715;-4.580797947148606;0.0;0.0;0.0;357.79717528913216;-0.019270925782620907;0.00041342916374560447;7.279654431343078;0.012265185953583568;0.18359375
716;-0.5387138492753976;0.0;0.0;0.0;287.24017988488595;-0.02131411014124751;0.0003928010759409517;7.277750778198242;0.009956035332288593;0.14609375
717;0.23320849427349077;0.0;0.0;0.0;246.63491020203304;-0.011051336955279111;0.0005570142326178029;7.281118488311767;0.00912094754166901;0.1375
718;-8.57859767558012;0.0;0.0;0.0;336.68021753681444;-0.010682883998379111;0.0005941287105088122;7.2866524934768675;0.00856610027840361;0.1228515625
719;-1.346866804830663;0.0;0.0;0.0;350.9435423069917;-0.012926898803561926;0.0009681027295300737;7.294046854972839;0.008804930024780333;0.130859375
720;-2.001143303622921;0.0;0.0;0.0;291.8763636348192;-0.007570545002818107;0.0008789011131739244;7.296281433105468;0.004529638576786965;0.0546875
721;-0.12103830446151922;0.0;0.0;0.0;244.977419723162;-0.011499636457301676;0.0006738869851687923;7.300687527656555;0.009770228492561728;0.1392578125
722;-3.1390687460720663;0.0;0.0;0.0;217.86288910402416;-0.012918008281849325;0.0008136495162034407;7.305436635017395;0.011752379313111305;0.1662109375
723;-0.7205889647306718;0.0;0.0;0.0;205.921651188801;-0.01650702618062496;0.0007917914452264085;7.308971929550171;0.00987386570777744;0.1390625
724;-2.533422881720505;0.0;0.0;0.0;301.0270388393263;-0.014499988127499818;0.0014864874945487827;7.311325407028198;0.008517469407524913;0.11328125
725;-2.1334528439779303;0.0;0.0;0.0;392.9931494925889;-0.016090431716293097;0.000637241403455846;7.3061141729354855;0.009001591731794179;0.1314453125
726;-0.039354023626627224;0.0;0.0;0.0;315.34653115291195;-0.0056663332507014275;0.0006733382761012763;7.302717900276184;0.007823045225813985;0.116015625
727;-0.9693047469413358;0.0;0.0;0.0;167.10865820827559;-0.007845528749749064;0.000670565564360004;7.306375479698181;0.008974099939223379;0.121875
728;-8.914061229745105;0.0;0.0;0.0;419.216118634481;-0.012391510885208845;0.00047346824576379733;7.31095712184906;0.01063995382282883;0.151171875
729;0.32397695379213576;0.0;0.0;0.0;148.26066724596853;-0.011086395545862614;0.0005505210094270297;7.315799069404602;0.00667710587149486;0.0865234375
730;-25.56263792803342;0.0;0.0;0.0;322.6230624948128;-0.01388082541525364;0.00040865203336579723;7.322622537612915;0.007434693886898458;0.10546875
731;1.051612699872705;0.0;0.0;0.0;229.66669762820504;-0.015340190101414918;0.0005838622542796657;7.3290187358856205;0.007128748716786504;0.0962890625
732;0.7787674865034464;0.0;0.0;0.0;235.97557583722667;-0.016976752365007997;0.0018269067048095166;7.333509373664856;0.009771480201743543;0.1482421875
733;0.6814305093321753;0.0;0.0;0.0;143.48904935367952;-0.009068763814866543;0.0024631269625388086;7.336854767799378;0.005024032539222389;0.0578125
734;-11.455877901027756;0.0;0.0;0.0;388.77160025727756;-0.005467354645952582;0.001196037293993868;7.3424925088882445;0.007719577266834676;0.106640625
735;-12.492580665935943;0.0;0.0;0.0;169.63859434265572;-0.017367690894752742;0.0011030202556867152;7.347776222229004;0.010470377514138818;0.15234375
736;-0.28118124888775325;0.0;0.0;0.0;198.04687822463904;-0.007988231815397739;0.0009911746717989444;7.350028467178345;0.00790459696436301;0.10859375
737;-18.489188231812854;0.0;0.0;0.0;331.09145399239856;-0.012073657615110278;0.0014135823876131326;7.352457427978516;0.009695595048833638;0.14296875
738;0.9213904566834288;0.0;0.0;0.0;151.16841630932066;-0.020604896917939187;0.001893477072007954;7.354521346092224;0.010099843121133744;0.14609375
739;-12.769280717274542;0.0;0.0;0.0;152.92538297932106;-0.0015318785095587372;0.0009640906791901216;7.350748872756958;0.00636577244149521;0.08671875
740;-2.219686542995467;0.0;0.0;0.0;201.981876830869;-0.01547989370301366;0.0006754970265319571;7.350750803947449;0.007037143723573535;0.0994140625
741;0.09920454093805874;0.0;0.0;0.0;185.13361366795718;-0.011970664467662573;0.0005454759142594412;7.356974029541016;0.007900246558710933;0.105859375
742;-2.08793137278519;0.0;0.0;0.0;220.46931908378974;-0.011807166878134013;0.0005623483506496995;7.358431148529053;0.00939142913557589;0.1205078125
743;-1.1098577170682193;0.0;0.0;0.0;96.18382208833934;-0.011326065380126238;0.001609773247037083;7.35843677520752;0.006626552774105221;0.0880859375
744;-6.831777174332556;0.0;0.0;0.0;315.59976888507856;-0.006134983245283365;0.000803975114831701;7.36217770576477;0.009380348375998437;0.1314453125
745;-0.02570192802557015;0.0;0.0;0.0;100.02040554559753;-0.014956892561167478;0.0016341435577487573;7.36316020488739;0.012891732039861381;0.18125
746;-0.21607181719790325;0.0;0.0;0.0;233.015205467034;-0.012890928611159324;0.0013541955791879444;7.368599796295166;0.006100269558373839;0.0771484375
747;-0.6314589915514159;0.0;0.0;0.0;300.1398695322721;-0.006830262974835933;0.0014430055976845323;7.373271775245667;0.009201933653093875;0.13046875
748;-0.5339610989011698;0.0;0.0;0.0;353.3361992720647;-0.0072617460507899525;0.0009630663378629833;7.3724019765853885;0.009735530707985163;0.1353515625
749;0.8812141093169298;0.0;0.0;0.0;206.67965581713602;-0.015330736106261612;0.001460557570680976;7.373689436912537;0.011380259902216494;0.1544921875
750;-1.9402505520680042;0.0;0.0;0.0;287.85182135583307;-0.012776376632973551;0.0017734499473590405;7.377019000053406;0.007654320623259991;0.103125
751;0.047631401435709424;0.0;0.0;0.0;411.50155695532624;-0.017268093768507242;0.0012977566395420582;7.378905963897705;0.00841941733378917;0.1234375
752;-18.07144572440444;0.0;0.0;0.0;356.0054124708864;-0.015914194379001857;0.0014567586302291601;7.380768489837647;0.007640478643588721;0.09921875
753;-2.418913781400648;0.0;0.0;0.0;224.66193508619997;-0.011830558115616441;0.0014569180144462734;7.377009034156799;0.009189248853363096;0.123828125
754;1.2891939409665611;0.0;0.0;0.0;238.3624674040636;-0.015435620956122876;0.005465052253566682;7.376338768005371;0.00846326625905931;0.119140625
755;1.3072011846741833;0.0;0.0;0.0;186.99212011072956;-0.014318393496796488;0.004286749468883499;7.3789726257324215;0.006901309778913856;0.0876953125
756;-0.693708743313051;0.0;0.0;0.0;259.3365231921309;-0.015976600628346205;0.0014626384188886731;7.381463980674743;0.012787621619645506;0.165625
757;-0.0007918230294261907;0.0;0.0;0.0;140.2549956391568;-0.014009778248146176;0.0014137850754195823;7.382437324523925;0.01185660664923489;0.1359375
758;1.0513411151564878;0.0;0.0;0.0;155.68944867567072;-0.0032059088815003635;0.0014877426205202938;7.3843618631362915;0.008129695884417743;0.11015625
759;-2.9921853650449513;0.0;0.0;0.0;326.78944713765435;-0.019220520462840795;0.001145842272671871;7.384819483757019;0.008586142142303289;0.1134765625
760;1.0047228112788946;0.0;0.0;0.0;203.7834074884352;-0.006312533596064896;0.001427934895036742;7.382436895370484;0.005749013379681855;0.0693359375
761;0.23553100772935479;0.0;0.0;0.0;419.97522530825603;-0.014476115629076958;0.0005984170391457155;7.382538366317749;0.006194270867854357;0.0828125
762;-2.2701585997835774;0.0;0.0;0.0;153.79945697413794;-0.01699231918901205;0.0012307283439440652;7.385029888153076;0.010055619908962398;0.1560546875
763;-0.5277487647683876;0.0;0.0;0.0;132.6231008815591;-0.00987774869427085;0.0021986157342325898;7.385303664207458;0.00847627870971337;0.1107421875
764;-0.6448306810384049;0.0;0.0;0.0;304.99822864041874;-0.009693127777427434;0.0031979220861103387;7.380537796020508;0.009070454642642289;0.1080078125
765;-1.290905734383018;0.0;0.0;0.0;274.49487058825;-0.012882682215422391;0.0014630261197453366;7.380978918075561;0.006130374793428928;0.08828125
766;-2.4274413947005513;0.0;0.0;0.0;159.7943481389607;-0.010361663484945893;0.0017515533079858869;7.3887111902236935;0.010290589183568954;0.136328125
767;-0.5703052804180765;0.0;0.0;0.0;139.45903424506906;-0.007740570022724569;0.05819354818668217;7.393057179450989;0.00889266183366999;0.1248046875
768;0.37286888020000836;0.0;0.0;0.0;122.37449689638217;-0.005324630858376622;0.0007547947025159374;7.398077821731567;0.011068000853993;0.158203125
769;-10.512690128244484;0.0;0.0;0.0;205.2951986387113;-0.011330679175443947;0.0004903863198705948;7.401727390289307;0.007908141263760627;0.1119140625
770;-3.270912856836783;0.0;0.0;0.0;118.56224982867377;-0.008027187502011656;0.0005524813386728056;7.404091310501099;0.007818325178232045;0.103125
771;-0.5609162553318681;0.0;0.0;0.0;266.6596555927699;-0.015900251735001803;0.0015186099335551262;7.403174614906311;0.007617645105347038;0.1091796875
772;0.4479958990912525;0.0;0.0;0.0;133.4964113050927;-0.006291373819112778;0.001214280049316585;7.396388030052185;0.009030295012053102;0.133203125
773;-6.372144817610927;0.0;0.0;0.0;145.53390163347072;-0.015127630578354001;0.0012799996271496638;7.389369511604309;0.009136120812036097;0.1279296875
774;0.35248461611319276;0.0;0.0;0.0;159.5285714615933;-0.016718948632478713;0.0015914545161649584;7.3870107412338255;0.008955887600313872;0.1193359375
775;0.19690671779119082;0.0;0.0;0.0;80.22047696206033;-0.013551157945767046;0.0005818968696985394;7.393142819404602;0.008412606734782457;0.1197265625
776;-0.7820285819656699;0.0;0.0;0.0;279.9025558714017;-0.012820965098217129;0.001353210213710554;7.397372150421143;0.008664124319329858;0.123046875
777;-0.07168629583543702;0.0;0.0;0.0;140.2635774934943;-0.024877518927678467;0.001334049494471401;7.39624674320221;0.008838013221975416;0.119921875
778;-25.72621022011733;0.0;0.0;0.0;282.5030604249035;-0.01309356912970543;0.0016296695917844771;7.392549800872803;0.0098588643129915;0.133984375
779;-9.988159696149635;0.0;0.0;0.0;315.11618781160666;-0.012997902231290936;0.0011537427111761645;7.390084576606751;0.006997140997555107;0.09609375
780;-1.1281250865956087;0.0;0.0;0.0;275.764121531345;-0.011375375231727958;0.004686941194813698;7.388058304786682;0.00717500519240275;0.0986328125
781;-3.403447193700698;0.0;0.0;0.0;159.3590836638103;-0.0027151572052389384;0.004231482732575387;7.386799311637878;0.008396855881437659;0.114453125
782;-2.085256404257751;0.0;0.0;0.0;195.69142878477626;-0.0007109506987035275;0.002347161923535168;7.383891749382019;0.005380809237249195;0.066015625
783;-1.2767414032092275;0.0;0.0;0.0;93.42003567782874;-0.013559944462031126;0.0013673497829586267;7.3824618577957155;0.00794543100055307;0.110546875
784;-0.0846841239516598;0.0;0.0;0.0;144.53867961902984;-0.013638861873187125;0.0016139124752953648;7.385784482955932;0.009245740331243724;0.12578125
785;-16.11041902642165;0.0;0.0;0.0;298.17355717152975;-0.011770068993791937;0.0023255387495737523;7.385182857513428;0.007131985167507082;0.093359375
786;-0.07222810569603187;0.0;0.0;0.0;124.50026663552772;-0.010367240058258176;0.0030921545636374503;7.386957693099975;0.007644669222645462;0.101171875
787;-0.1445211755129398;0.0;0.0;0.0;162.90049624378085;-0.005056449538096785;0.003814121673349291;7.394082236289978;0.011675503582227974;0.1587890625
788;-2.378525968788482;0.0;0.0;0.0;269.0815027527192;-0.0022449420066550374;0.017794998036697506;7.403246545791626;0.009281437273602932;0.130859375
789;-8.959795143167671;0.0;0.0;0.0;188.45789239560642;-0.007835566345602275;0.007900703046470881;7.407846713066101;0.009390811529010534;0.1337890625
790;0.036175330755052484;0.0;0.0;0.0;195.68219795334122;-0.012226440571248531;0.005283096618950367;7.411102342605591;0.010874506435357034;0.151171875
791;-1.9051664693536179;0.0;0.0;0.0;170.9910382193575;-0.0035907554905861617;0.0028340281685814263;7.412006497383118;0.00709289429942146;0.0962890625
792;0.09979158442296698;0.0;0.0;0.0;266.2240484533985;-0.006163968285545707;0.004491178563330323;7.411633706092834;0.006593535654246807;0.0908203125
793;-0.39898989364045717;0.0;0.0;0.0;353.06217993191115;-0.003325603995472193;0.0014013389183674008;7.414762997627259;0.007834280561655759;0.1119140625
794;-0.2917549538254363;0.0;0.0;0.0;320.47656616519396;-0.009349434822797775;0.0015773042512591928;7.417774558067322;0.010784970701206476;0.159765625
795;-0.5808612801281804;0.0;0.0;0.0;106.69650132888802;-0.006476459838449955;0.0011733626568457111;7.421369862556458;0.0102909050649032;0.1458984375
796;-0.11862833706066486;0.0;0.0;0.0;306.956779054608;-0.013457497628405691;0.0014759800629690289;7.4260042905807495;0.009160363872069865;0.1298828125
797;-4.71371804468439;0.0;0.0;0.0;319.1368604848421;-0.008709604572504758;0.03717981864465401;7.431333041191101;0.012752164958510549;0.15703125
798;-0.17944984654559132;0.0;0.0;0.0;310.7162864988922;-0.008902986440807581;0.0022775339835789054;7.429845929145813;0.007330764108337462;0.09921875
799;-1.692013745682353;0.0;0.0;0.0;368.2375770916531;-0.013207353372126817;0.0005989523851894774;7.433171319961548;0.008426891290582716;0.11015625
800;0.8384564776675072;0.0;0.0;0.0;202.84711876951235;-0.014528510719537735;0.0006252618535654619;7.435165667533875;0.009303071000613273;0.143359375
801;0.8927242883584807;0.0;0.0;0.0;167.22685693301673;-0.007550524012185633;0.001255688737728633;7.437610101699829;0.0078469499014318;0.1046875
802;-0.595978607039117;0.0;0.0;0.0;403.3367273500612;-0.010155827808193862;0.000979540855041705;7.443342494964599;0.008168855775147676;0.117578125
803;-3.958915869727123;0.0;0.0;0.0;347.33587517017094;-0.012939219735562802;0.0009211486350977794;7.442128348350525;0.010363828740082681;0.1544921875
804;-1.2863940388394561;0.0;0.0;0.0;399.23174708503205;-0.004452391481027007;0.00053796340507688;7.441889786720276;0.007409583334811032;0.1021484375
805;0.8035232129646348;0.0;0.0;0.0;177.32701324355554;-0.014225517585873603;0.0006341445056023076;7.4456154108047485;0.011095922160893678;0.15625
806;-1.319007400425088;0.0;0.0;0.0;269.45490985586827;-0.010065171774476767;0.000990847876528278;7.448107886314392;0.008117827191017567;0.1173828125
807;-3.0617909013126803;0.0;0.0;0.0;398.0979075458014;-0.007603177818236872;0.0028368617873638867;7.443567109107971;0.009400635596830399;0.127734375
808;-15.251917953047489;0.0;0.0;0.0;342.94908294120376;-0.007306955242529512;0.0012031096674036234;7.438999629020691;0.010264795855619013;0.1390625
809;-1.015850591695819;0.0;0.0;0.0;212.81194201360825;-0.00925796632654965;0.002038958913180977;7.437501120567322;0.007653322827536613;0.095703125
810;-7.050907181684141;0.0;0.0;0.0;268.43962835192275;-0.012907031318172812;0.0018587036000099033;7.4412658452987674;0.008407734089996666;0.1201171875
811;-0.8490950925792706;0.0;0.0;0.0;218.22400929743105;-0.008757639909163117;0.003136708022793755;7.441988706588745;0.008318869851063938;0.1138671875
812;1.2515737355418541;0.0;0.0;0.0;168.89056302858265;-0.012177956430241466;0.006912672834005207;7.451230096817016;0.011530276795383543;0.1486328125
813;-9.488675838829169;0.0;0.0;0.0;249.77083100803117;-0.0058342844247817995;0.006580983544699848;7.463727688789367;0.007538256817497313;0.108203125
814;-0.7458643333056039;0.0;0.0;0.0;364.3316039183523;-0.008226323779672385;0.0021998706040903928;7.464497542381286;0.0074467595550231636;0.0962890625
815;-0.3111505196080108;0.0;0.0;0.0;328.31895158445195;-0.012925856839865446;0.005364337947685272;7.459811019897461;0.008319736062549054;0.1109375
816;-0.34400009926651476;0.0;0.0;0.0;292.4774689764051;-0.01790700010024011;0.0007624308374943212;7.461566162109375;0.010628933913540094;0.159765625
817;-0.6923354527234226;0.0;0.0;0.0;320.63780598291623;-0.015201175026595593;0.0009657843154855072;7.461685585975647;0.010169125045649707;0.1486328125
818;-2.778884061296357;0.0;0.0;0.0;328.25383567525716;-0.00912020900286734;0.0005995712650474161;7.458833909034729;0.007590786251239478;0.1033203125
819;-3.057055965787512;0.0;0.0;0.0;336.2069566711645;-0.006501688342541456;0.0004092832954484038;7.457629013061523;0.00930712727131322;0.1357421875
820;-8.640099505371682;0.0;0.0;0.0;407.84935352803393;-0.009250624664127826;0.0003990218436229043;7.460418438911438;0.007333056500647217;0.0990234375
821;0.44298105686852063;0.0;0.0;0.0;239.03514798484076;-0.014086196455173195;0.0008845250617014244;7.458879184722901;0.009693649958353489;0.1384765625
822;-11.64678318628583;0.0;0.0;0.0;623.6201346277219;-0.010289749875664712;0.0022669399972073735;7.461286520957946;0.005490299756638705;0.068359375
823;-11.230520609601243;0.0;0.0;0.0;699.4595478636176;-0.0067701662424951795;0.0029558478854596615;7.468418526649475;0.009990404627751559;0.137109375
824;-9.454700568889908;0.0;0.0;0.0;287.6215459140069;-0.01612823992036283;0.0015110605658264832;7.472730660438538;0.007656176341697574;0.098828125
825;0.7759532506698034;0.0;0.0;0.0;246.32085420817418;-0.013599741738289595;0.0008612127567175776;7.47553768157959;0.009654126199893653;0.1357421875
826;-0.29990746489683096;0.0;0.0;0.0;150.7869116684481;-0.01950207520276308;0.001071430669981055;7.478595948219299;0.008700501499697566;0.1208984375
827;-0.011427798049918142;0.0;0.0;0.0;258.6544104663934;-0.00946447318419814;0.0019402377074584365;7.485229253768921;0.00737229740479961;0.0982421875
828;-0.0802946660599799;0.0;0.0;0.0;249.66321781608792;-0.01715238471515477;0.002228477323660627;7.482820010185241;0.011241695703938603;0.146875
829;-0.7415090313278174;0.0;0.0;0.0;272.53735118552333;-0.015378296375274658;0.006437737913802266;7.477973294258118;0.009771916549652815;0.1416015625
830;-1.1974565207911543;0.0;0.0;0.0;491.44369130227557;-0.005730967782437801;0.0010836932226084173;7.47605721950531;0.009632349212188274;0.133984375
831;-4.5250597023766;0.0;0.0;0.0;455.7279802204199;-0.013062958884984256;0.004005840688478202;7.466326594352722;0.010187560028862208;0.1482421875
832;-0.9397118655876;0.0;0.0;0.0;196.42209467026564;-0.013327372074127198;0.01915902178734541;7.467713713645935;0.007276570773683488;0.1009765625
833;-1.0949833342864883;0.0;0.0;0.0;362.740237662257;-0.007337815780192614;0.005130870011635124;7.473096132278442;0.012010243278928101;0.1716796875
834;-0.9109519230096268;0.0;0.0;0.0;197.8783171382153;-0.006537495041266083;0.004097961110528558;7.474524116516113;0.007709584315307438;0.109375
835;-0.49968374699095763;0.0;0.0;0.0;493.80945022581403;-0.013921361789107323;0.004945090308319777;7.474246597290039;0.010361490468494595;0.1326171875
836;-2.8228985873157812;0.0;0.0;0.0;327.9633245070972;-0.015933453943580388;0.0025551651895511897;7.474987030029297;0.007741395442280918;0.1041015625
837;1.1293854880457954;0.0;0.0;0.0;280.64620708816193;-0.013845139276236295;0.0013660738128237425;7.476779270172119;0.007535973121412099;0.098828125
838;-3.0216014426525817;0.0;0.0;0.0;381.1710079186471;-0.003675540862604976;0.000682797614717856;7.482053685188293;0.004611445439513773;0.0521484375
839;-0.7727479421723746;0.0;0.0;0.0;343.15199990949515;-0.006236522039398551;0.0014452413626713679;7.482415127754211;0.008200073160696774;0.112109375
840;0.30082114643595953;0.0;0.0;0.0;353.82336141521023;-0.00653149988502264;0.0017935046926140785;7.483295178413391;0.007181554660201072;0.0869140625
841;1.2033592925146783;0.0;0.0;0.0;354.247087385208;-0.008381303586065769;0.000702519019250758;7.486786484718323;0.01008336297236383;0.1337890625
842;-2.2076076306573382;0.0;0.0;0.0;372.93084715657494;-0.012167047429829835;0.0008817193185677752;7.491604685783386;0.00722493992652744;0.1037109375
843;-0.4067015717772343;0.0;0.0;0.0;279.3560470608404;-0.01525269509293139;0.0046804385958239434;7.495400762557983;0.008408081473316998;0.11953125
844;-1.1269177506834571;0.0;0.0;0.0;419.4411152470774;-0.005585597967728973;0.006583158602006733;7.495439052581787;0.008734239335171878;0.1244140625
845;0.33589502263476945;0.0;0.0;0.0;667.5856227804343;-0.007839443953707814;0.003825254493858665;7.493836283683777;0.010416213667485862;0.1552734375
846;0.47271199473708536;0.0;0.0;0.0;276.061069992656;-0.006182178435847163;0.0021585611277259885;7.489171838760376;0.008889099990483373;0.11953125
847;3.74238340666292;1.0;0.5844439626894314;0.3196980168301809;285.7811717445384;-0.009869484836235643;0.0019687445368617774;7.484239721298218;0.0072039605118334295;0.104296875
848;0.42554023361671833;0.0;0.0;0.0;517.004671722127;-0.010047747194766999;0.005407292069867254;7.488694357872009;0.009314287139568478;0.1259765625
849;6.856958284909581;1.0;0.7485277843447179;0.589910512667039;194.66857329470523;-0.0032732861116528513;0.0018617916473885998;7.496499991416931;0.0055601499625481665;0.071484375
850;0.1455218465128917;0.0;0.0;0.0;703.7391591359656;-0.008993368921801448;0.001428396368282847;7.505459976196289;0.010071551357395948;0.142578125
851;-9.393593157380108;0.0;0.0;0.0;722.5606145227672;-0.011764872167259455;0.0015398513933178037;7.5036462306976315;0.005391245987266302;0.06953125
852;0.8094073018753993;0.0;0.0;0.0;412.60712360555607;-0.011270684469491244;0.0020340399001725017;7.497494077682495;0.008845594828017056;0.1203125
853;1.7027901456875796;0.0;0.0;0.0;308.2615224042735;-0.008802347350865602;0.0029003463685512544;7.496398663520813;0.008617656782735138;0.1263671875
854;-4.255071083136747;0.0;0.0;0.0;619.1448392684853;-0.0026578509248793127;0.013407217618077994;7.495467686653138;0.0060279423138126734;0.0673828125
855;0.7239506896381009;0.0;0.0;0.0;585.0586296804623;-0.011081506870687008;0.007609137799590826;7.500174117088318;0.00910069114761427;0.1099609375
856;-5.617586819107501;0.0;0.0;0.0;901.5980686176877;-0.014845308056101203;0.012642565602436661;7.503719925880432;0.007238321693148464;0.084765625
857;-2.0907291602426463;0.0;0.0;0.0;477.00394422569997;-0.006915247859433293;0.01008129499386996;7.509768438339234;0.00724330972880125;0.1068359375
858;-0.029597181928265215;1.0;0.5569762682373623;0.26549133063229047;357.42853089208495;-0.02140120235271752;0.005007351934909821;7.510001158714294;0.01083441028604284;0.1525390625
859;-1.139869105569954;0.0;0.0;0.0;571.4634269970459;-0.012120806518942118;0.004245182150043547;7.513284683227539;0.010193493601400405;0.1513671875
860;-1.2472539083100043;0.0;0.0;0.0;860.0300577068199;-0.0040186518803238865;0.002267483196919784;7.509398484230042;0.008162900770548731;0.1166015625
861;0.9721177024678178;0.0;0.0;0.0;434.0858892011059;-0.0071276521987535734;0.002010054304264486;7.506139235063032;0.008800745497203687;0.12322443181818182
862;0.7084236556533579;0.0;0.0;0.0;702.1833540091206;-0.005722273280844093;0.0021350710740080103;7.508862257003784;0.0082197665120475;0.11484375
863;0.10163432392366478;0.0;0.0;0.0;353.635248903227;-0.006586153991520405;0.0011519271502038464;7.514917325973511;0.007268232817295939;0.0845703125
864;0.34364117697957475;0.0;0.0;0.0;290.1219575626192;-0.009092406649142504;0.0014447859954088925;7.515293669700623;0.007227644871454686;0.103515625
865;0.14511337448649592;0.0;0.0;0.0;438.24031465385696;-0.012345381383784115;0.0010557488887570799;7.512634921073913;0.00857504652813077;0.1208984375
866;1.0182008814338808;0.0;0.0;0.0;354.7247789363471;-0.012965094530954957;0.0021575085062067955;7.510974645614624;0.008138760912697763;0.11171875
867;1.8086400782381;1.0;0.605389363532914;0.21250974584493634;223.72442303965363;-0.019409747608006;0.0037271584500558675;7.509048986434936;0.007738660997711122;0.1119140625
868;-2.3699502814009286;0.0;0.0;0.0;247.6141008141462;-0.018499593064188958;0.007973188266623766;7.509793972969055;0.0117974643711932;0.1466796875
869;-0.03973847487679877;0.0;0.0;0.0;301.8952711900912;-0.012695440743118524;0.017394945863634347;7.517650079727173;0.009952626936137677;0.123828125
870;-0.7454808601653523;0.0;0.0;0.0;563.5826780362743;-0.015742743178270756;0.004987539822468534;7.536945247650147;0.010373633040580898;0.14140625
871;0.5038134827259901;0.0;0.0;0.0;443.1438122495585;-0.01661892163101584;0.0010557423578575254;7.547438025474548;0.007870678510516881;0.0890625
872;-0.536377018517706;0.0;0.0;0.0;325.78107393345886;-0.006573735969141126;0.0009705466713057831;7.547049808502197;0.008609499898739159;0.1322265625
873;0.24869307880317695;0.0;0.0;0.0;369.91524773876904;-0.011874554771929979;0.0010072232194943353;7.55378303527832;0.008995817240793258;0.1291015625
874;0.10847982241638625;0.0;0.0;0.0;354.6662888975801;-0.00838184766471386;0.0022290215594694017;7.551381897926331;0.009103272599168122;0.1392578125
875;-0.5041728893305693;0.0;0.0;0.0;384.40116324983853;-0.01870531029999256;0.002346385078271851;7.543794322013855;0.009481515630614012;0.13046875
876;-8.098039735788449;0.0;0.0;0.0;373.0259838639998;-0.009478280460461974;0.0034779893467202783;7.542146754264832;0.00991870352299884;0.141015625
877;5.145526840210391;1.0;0.8791758728660117;0.6045760416456071;116.66282358249539;-0.006772906938567758;0.008654019189998507;7.554097771644592;0.006571057019755244;0.081640625
878;-0.47073128738882963;0.0;0.0;0.0;259.1968670583128;-0.016160831321030855;0.01115769580937922;7.55874400138855;0.008747335383668542;0.124609375
879;-4.440161192278918;0.0;0.0;0.0;287.2509895596536;-0.011405516834929585;0.008282830216921866;7.557696413993836;0.011291833617724479;0.1623046875
880;-0.04628899270138876;0.0;0.0;0.0;277.11582932125117;-0.018235834781080484;0.006945674796588719;7.567592573165894;0.011911367345601321;0.16796875
881;-22.692435854503785;1.0;0.4551698375535386;0.19605938927682862;408.80487507370515;-0.00949863197747618;0.004417467955499887;7.580395960807801;0.007487223623320461;0.0984375
882;-0.29499366341815375;0.0;0.0;0.0;387.84443679097046;-0.0032010162249207497;0.002699519624002278;7.585692524909973;0.010651865776162594;0.1533203125
883;0.31111029112133826;0.0;0.0;0.0;333.8145924832333;-0.0049286172026768325;0.005036117904819548;7.590592455863953;0.010257994243875145;0.1470703125
884;-2.505769269604788;0.0;0.0;0.0;299.03946472716996;-0.007715831929817796;0.0066672975430265066;7.593637204170227;0.010793266468681395;0.158984375
885;-1.1595511044686222;0.0;0.0;0.0;317.3160004341156;-0.021852242387831212;0.0034264559508301318;7.596467614173889;0.00889847424114123;0.1357421875
886;0.051391160070388645;0.0;0.0;0.0;182.9564079068632;-0.008735007606446743;0.0025253777974285187;7.5995759010314945;0.0063407924841158095;0.078125
887;-1.5482618865721425;0.0;0.0;0.0;462.0697586632813;-0.012851274142471643;0.004653277108445764;7.60070984180157;0.01088910293765366;0.15204326923076922
888;-0.052871543671594114;0.0;0.0;0.0;243.33460786385473;-0.005693217134103179;0.005081284791231155;7.60188992023468;0.008250065124593675;0.1138671875
889;-1.897288525568675;0.0;0.0;0.0;200.19870765740998;-0.010065700928680598;0.0029637311934493484;7.596555614471436;0.007373306853696704;0.1080078125
890;0.31115349790343083;0.0;0.0;0.0;119.96897460569049;-0.012839986197650432;0.003819231782108545;7.591145348548889;0.008126963768154383;0.108203125
891;-9.673009635747958;0.0;0.0;0.0;272.25491327824176;-0.007438261597417295;0.0030056253483053295;7.588801169395447;0.008761958114337175;0.1275390625
892;7.06482041534964;1.0;0.628391980708973;0.30306253888451945;200.04226688220956;-0.00641304962337017;0.00657209730707109;7.588915920257568;0.008682313037570565;0.1193359375
893;1.4307086047244089;1.0;0.7279781563690373;0.25984295498885945;279.7207750010198;-0.006143184751272202;0.010645084688439966;7.587621641159058;0.008997800853103399;0.1267578125
894;5.435669060808134;1.0;0.5745042556836392;0.16954376653383427;265.76280054181115;-0.009453281946480274;0.0060970215825363995;7.590273547172546;0.006933639419730753;0.095703125
895;6.780428534382615;1.0;0.7591039425239422;0.5379164087537074;177.91478284552744;-0.011380345607176424;0.0039639082504436375;7.591429662704468;0.013361965282820165;0.1974609375
896;-1.0692345616547145;0.0;0.0;0.0;319.8754792421857;-0.01468778676353395;0.01887389775365591;7.589348173141479;0.007250577863305807;0.086328125
897;-7.7803609255358195;0.0;0.0;0.0;442.6481411087321;-0.011436286941170692;0.009045915445312858;7.592707347869873;0.0086815245449543;0.1142578125
898;-0.5415447054343359;0.0;0.0;0.0;371.50562008394166;-0.008397998195141554;0.010968283494003117;7.5996089220047;0.009964933234732598;0.1119140625
899;6.645031272868797;1.0;0.8031470309802112;0.6359244617433656;202.50413215030605;0.0020233308896422386;0.006701417989097536;7.608351922035217;0.011870891659054906;0.1603515625
900;-4.002543037131844;0.0;0.0;0.0;397.7943826224717;-0.016328514739871024;0.014596236683428288;7.612373995780945;0.007249822188168764;0.090625
901;0.2240516151655253;0.0;0.0;0.0;470.09781919106683;-0.016436190996319055;0.01246932102367282;7.615959525108337;0.007087010354734957;0.0880859375
902;3.4365894009349574;1.0;0.6973522453954696;0.339459132933184;217.3443876595526;-0.0064771304372698065;0.006765739968977868;7.6156950950622555;0.012476207665167749;0.1666015625
903;-1.0260934073526493;0.0;0.0;0.0;208.42814894538213;-0.0152672057505697;0.0071414979873225095;7.616025686264038;0.009309061348903924;0.12109375
904;-0.019819160687565673;0.0;0.0;0.0;447.54059345611273;-0.01613413686864078;0.006505588069558144;7.623186159133911;0.010409623675514013;0.144140625
905;1.2447489444741835;0.0;0.0;0.0;324.32926536819275;-0.01480539790354669;0.0033083451795391738;7.629101419448853;0.008094974630512296;0.1140625
906;-0.062093933484876726;0.0;0.0;0.0;266.0728986245014;-0.011713239178061486;0.00310494004515931;7.632804608345031;0.007076742511708289;0.09453125
907;0.44338665957737283;0.0;0.0;0.0;312.2623896003661;-0.004841513466089964;0.0022402201080694794;7.632986521720886;0.007521476550027728;0.1126953125
908;1.006376359977875;0.0;0.0;0.0;585.3330679379345;-0.025412086863070726;0.005558211414609104;7.630038809776306;0.0105887183919549;0.11640625
909;-1.149224935246425;0.0;0.0;0.0;598.4445388726293;-0.017296126578003168;0.0019650376809295265;7.639518928527832;0.007214476715307683;0.0845703125
910;-14.991065455571214;0.0;0.0;0.0;360.7813985965721;-0.013077263627201319;0.0036850831005722285;7.646381688117981;0.008736221480648964;0.1212890625
911;0.3397161336540017;0.0;0.0;0.0;364.4926281303735;-0.015170943597331643;0.0032354405149817465;7.6489173650741575;0.006591581052634865;0.075390625
912;1.1902498584063408;0.0;0.0;0.0;225.03902667397935;-0.01247830530628562;0.003625025996007025;7.6499430418014525;0.009305282903369516;0.134375
913;6.829303700374679;1.0;0.734184253017214;0.5425895175528171;250.99828544912188;-0.011380253406241537;0.005637220677454024;7.6524839162826535;0.010545456770341844;0.155078125
914;-1.7919153197845241;0.0;0.0;0.0;302.5933270423479;-0.010681555559858679;0.0026485002890694886;7.6554348230361935;0.012006222968921065;0.1767578125
915;-0.8713561786826854;0.0;0.0;0.0;559.2748735491816;-0.0052518310025334355;0.004963162913918495;7.657995128631592;0.009196898655500264;0.13203125
916;-0.43151735474077135;1.0;0.6078553503199631;0.13537366232279913;173.44754020784566;-0.0033761489670723678;0.01235886225476861;7.661358141899109;0.007555510604288429;0.093359375
917;-0.965130165164261;0.0;0.0;0.0;166.6558941767277;-0.011694862227886915;0.018414921825751662;7.659561538696289;0.007437998207751662;0.0943359375
918;-2.8362862588917284;0.0;0.0;0.0;242.75427421253877;-0.011431059846654535;0.005132339277770371;7.668229675292968;0.010312813485506922;0.1455078125
919;-0.18824977903823312;0.0;0.0;0.0;519.9832198870758;-0.005772750452160835;0.07057912386953831;7.677106022834778;0.01329519145656377;0.190625
920;0.11744716255956422;0.0;0.0;0.0;279.9116844731342;-0.016923100128769873;0.003210566251073033;7.68175253868103;0.008630601817276328;0.1216796875
921;-0.7759947151150155;0.0;0.0;0.0;364.96437129259334;-0.008566087996587157;0.0015633418399374932;7.690994286537171;0.009513046836946159;0.13671875
922;0.8677474273967001;0.0;0.0;0.0;246.34743809363653;-0.010634414665400983;0.0016128574614413082;7.7013019800186155;0.01058760437881574;0.1537109375
923;6.091626623628553;1.0;0.8012850293098939;0.4543589638946299;158.5187206422437;-0.026897921226918697;0.003491013217717409;7.701916623115539;0.010764541290700435;0.1453125
924;6.16145763358894;1.0;0.7922079601183877;0.4906476543928847;135.80057068705005;-0.009793691709637642;0.004995446163229644;7.698642301559448;0.01001469928305596;0.135546875
925;-0.7556917102666062;0.0;0.0;0.0;426.3962559179575;-0.013778732065111399;0.0031909272307530045;7.700791192054749;0.007862061832565815;0.1140625
926;1.2570492427910387;0.0;0.0;0.0;384.35999192431484;-0.0068607497029006485;0.0030361642595380543;7.705659031867981;0.008049371431116014;0.115234375
927;-0.5369456721508857;0.0;0.0;0.0;211.35343201580798;-0.009476308408193291;0.0023218322836328297;7.710567164421081;0.01127196396701038;0.1615234375
928;-1.9478833509997544;0.0;0.0;0.0;387.30841629704815;-0.021980200964026152;0.002248786803102121;7.716783714294434;0.00991075640777126;0.152734375
929;-14.045852266307103;0.0;0.0;0.0;494.49286189938715;-0.01937930185813457;0.0014286650868598372;7.723762941360474;0.008341519872192293;0.1115234375
930;-13.136740247059045;0.0;0.0;0.0;296.2653825376028;-0.018289073882624508;0.0017625241598580033;7.728037095069885;0.008261967939324677;0.0953125
931;-1.29355422071809;0.0;0.0;0.0;305.70521969009724;-0.011136994417756795;0.0023162759724073114;7.732292246818543;0.009696408140007407;0.1353515625
932;0.2600300338448741;0.0;0.0;0.0;627.6938936080505;-0.015929787326604126;0.001781703217420727;7.738684177398682;0.011180225375574082;0.15390625
933;-0.1325245986847822;0.0;0.0;0.0;271.40706134904474;-0.006779291527345776;0.0007469207412214018;7.743646955490112;0.005873660603538155;0.073046875
934;0.15160133479161353;0.0;0.0;0.0;433.96109736245995;-0.0070877295918762686;0.0004349190654465929;7.743561172485352;0.00936567634344101;0.130859375
935;0.3693002449823991;0.0;0.0;0.0;297.69893754614475;-0.01132975034415722;0.001122535121976398;7.743697547912598;0.006886878749355674;0.091796875
936;-0.9083281733105647;0.0;0.0;0.0;285.8032440877853;-0.01568614668212831;0.0019295589008834213;7.745741987228394;0.008149743964895605;0.1064453125
937;-5.683225485785315;0.0;0.0;0.0;471.11900213538365;-0.018951070262119174;0.0026423598756082356;7.748108267784119;0.009452928602695466;0.1220703125
938;-7.661826396519046;0.0;0.0;0.0;282.2794265879563;-0.00345659451559186;0.004073447815608233;7.7514383554458615;0.007637962116859853;0.1005859375
939;-0.36801742194819437;0.0;0.0;0.0;391.51488454799613;-0.021443190635181963;0.003121999371796846;7.756409454345703;0.008522010408341885;0.112890625
940;-0.26357920894817954;0.0;0.0;0.0;341.1399029957189;-0.01324812714010477;0.00226183301419951;7.764334273338318;0.006225398392416537;0.080078125
941;6.53415877032337;1.0;0.8199412816728384;0.7206856849988936;247.55910880618504;-0.01693200315348804;0.0021714767499361187;7.763339424133301;0.009563220385462045;0.130859375
942;-5.8832135188779535;0.0;0.0;0.0;388.2164993992886;-0.009567129053175449;0.0021321282198186963;7.758514022827148;0.008078174339607358;0.118359375
943;-4.706400676867238;0.0;0.0;0.0;200.47653818599244;-0.012211975106038154;0.0016578968788962811;7.757118916511535;0.007337864232249558;0.0994140625
944;-5.448686358637364;0.0;0.0;0.0;366.5426998508609;-0.014978588558733463;0.0012925317452754826;7.7609375;0.005349723517429084;0.0689453125
945;-0.3204079639184091;0.0;0.0;0.0;228.38299121651076;-0.015908156335353852;0.003473700466565788;7.767547178268432;0.008080312388483436;0.11171875
946;-0.5147978028917084;0.0;0.0;0.0;484.4767707783121;-0.011330958246253431;0.002756569453049451;7.773741817474365;0.0072444927762262525;0.098828125
947;0.026583926808593963;0.0;0.0;0.0;465.4211826724671;-0.011382289882749318;0.0015942904981784522;7.776560664176941;0.0073092360980808735;0.10390625
948;0.3598885644221023;0.0;0.0;0.0;641.9470149837848;-0.010232907487079501;0.0013043300074059515;7.7835618019104;0.008332977921236306;0.113671875
949;0.7521586953823395;0.0;0.0;0.0;280.4168462066305;-0.012377275852486491;0.0008386799570871517;7.79244327545166;0.006502990226726979;0.0927734375
950;-8.064063094535422;1.0;0.6061477907894137;0.16958925790631327;220.36964692880477;-0.013671842683106662;0.0008958045567851513;7.799758124351501;0.007220216072164476;0.099609375
951;1.1983721665672165;0.0;0.0;0.0;311.95042973010993;-0.008107040682807565;0.0015475254214834422;7.804667282104492;0.007849398674443364;0.1037109375
952;0.6146431401373057;0.0;0.0;0.0;558.0551652005828;-0.015968351811170577;0.002637051173951477;7.807464146614075;0.008400432975031435;0.11484375
953;-0.8276232634904812;0.0;0.0;0.0;490.9020013695582;-0.016535487142391503;0.006641130079515278;7.804803085327149;0.013137818628456444;0.164453125
954;0.3481296999057304;0.0;0.0;0.0;411.7218524263007;-0.015209862170740962;0.007063805684447288;7.804696559906006;0.00882501620799303;0.120703125
955;6.224474067625376;1.0;0.9222856006853883;0.7344413013670867;90.5330106296085;-0.020576734701171516;0.008292328007519245;7.801999425888061;0.011873023200314492;0.166796875
956;6.855847386475652;1.0;0.8714943221664248;0.5481282180612096;95.71021170605228;-0.004908231692388654;0.005190748197492212;7.802202558517456;0.006371580075938255;0.0830078125
957;-12.488832901081711;0.0;0.0;0.0;580.0571472091607;-0.015336762787774206;0.0031886595184914767;7.808751797676086;0.008459662867244333;0.1173828125
958;-0.7476113922072626;0.0;0.0;0.0;804.2654769183717;-0.011942859482951462;0.0034370879759080706;7.809677314758301;0.011225978191941977;0.15859375
959;0.48331886548580316;0.0;0.0;0.0;151.96092165915653;-0.014627719158306718;0.007800234272144735;7.811366438865662;0.008630817790981382;0.1240234375
960;0.7180099435420269;0.0;0.0;0.0;213.79156577609496;-0.008084128517657519;0.009284147224389017;7.817441415786743;0.010094104579184204;0.1353515625
961;-1.6172205792447083;0.0;0.0;0.0;996.7839741582343;-0.015225744410417973;0.00442566538695246;7.818714427947998;0.008915576850995421;0.12421875
962;-1.287915326974715;0.0;0.0;0.0;1029.4197213846012;-0.016614484135061502;0.0017205012030899526;7.826556062698364;0.012471685989294202;0.173828125
963;-0.005805418374151783;0.0;0.0;0.0;251.28718221263122;-0.01634632209315896;0.00121774286380969;7.831556749343872;0.008599754818715156;0.1255859375
964;-4.873856719372694;0.0;0.0;0.0;273.97048458098317;-0.0067103658337146046;0.0008964212785940618;7.83072874546051;0.008906080026645214;0.1228515625
965;0.617022227320348;0.0;0.0;0.0;759.9333081315756;-0.009763637697324157;0.0006018761050654575;7.827646732330322;0.009693287557456642;0.137890625
966;-3.580335253131344;0.0;0.0;0.0;723.6938828234479;-0.008558379486203194;0.0008582920097978785;7.820523715019226;0.006389506428968161;0.08984375
967;-0.42382980583631347;0.0;0.0;0.0;274.2038215872206;-0.014322317251935602;0.0010393047938123345;7.815199255943298;0.010884439270012081;0.137109375
968;-3.0386983073594878;0.0;0.0;0.0;256.2168226344871;-0.015883294586092233;0.0019706661463715137;7.813725256919861;0.009562649379950017;0.1224609375
969;-1.4264945443427859;0.0;0.0;0.0;449.77640035532215;-0.01614384460262954;0.0022278932738117874;7.81045503616333;0.009402847290039063;0.12578125
970;-2.7410770924228016;0.0;0.0;0.0;150.20682972454549;-0.008958589506801218;0.004615127970464527;7.810267186164856;0.0055742797441780565;0.0759765625
971;-12.834118991809529;0.0;0.0;0.0;856.6474293719934;-0.013451622519642114;0.008397368784062564;7.810301303863525;0.007642315374687314;0.1087890625
972;0.5989551146575406;0.0;0.0;0.0;252.86727465363438;-0.015000876411795616;0.0035669913864694535;7.814293074607849;0.00803927513770759;0.1091796875
973;2.046897934989287;0.0;0.0;0.0;131.06952668769085;-0.003048812551423907;0.005074625927954912;7.812643933296203;0.004331711179111153;0.05
974;-1.033500674214765;0.0;0.0;0.0;191.6380438221409;-0.001881467690691352;0.011610627826303243;7.808047032356262;0.005769240169320256;0.075390625
975;-1.9778004356152104;0.0;0.0;0.0;206.37341623888136;-0.012580604990944266;0.004403754742816091;7.805873966217041;0.009974722436163574;0.1447265625
976;-1.5372689076456258;0.0;0.0;0.0;327.5591880265238;-0.016180839436128736;0.0017418751260265708;7.8064351081848145;0.008640735398512334;0.115234375
977;1.390441260815121;0.0;0.0;0.0;195.90864560204645;-0.008760617976076902;0.0020948346646036953;7.804919171333313;0.006551476486492902;0.09609375
978;-1.8071908677366109;1.0;0.7013584595355072;0.17662726356340294;270.90408058828876;-0.009730146080255509;0.0033703192602843046;7.8078330755233765;0.0051008175010792915;0.07109375
979;0.17759498624816936;0.0;0.0;0.0;264.8529590947776;-0.014121701521798969;0.0014290392631664873;7.8098756074905396;0.008793086605146527;0.10703125
980;0.6484109126521347;0.0;0.0;0.0;172.70949493951053;-0.013310706196352839;0.0006670134491287172;7.80693142414093;0.007810390286613256;0.1142578125
981;0.3232636625659321;0.0;0.0;0.0;264.30980615202884;-0.00754851819947362;0.0009201463690260425;7.80135223865509;0.006627809803467244;0.084375
982;-9.287831066944376;0.0;0.0;0.0;323.35392359305007;-0.010579885123297572;0.0007799747894750908;7.7935614585876465;0.010993249085731804;0.1513671875
983;0.39249049784753465;0.0;0.0;0.0;184.9485397369595;-0.007467347220517695;0.0019335655437316746;7.7892296552658085;0.008047046337742359;0.10859375
984;-2.208540775436016;0.0;0.0;0.0;256.46473283614785;-0.012104449677281082;0.004067432868760079;7.79159026145935;0.006991489639040083;0.09453125
985;1.140138014364783;0.0;0.0;0.0;155.10292100441342;-0.006389742670580745;0.0027852256898768246;7.794997334480286;0.005646932870149612;0.068359375
986;5.995297051909279;1.0;0.779702020409707;0.19891571229878566;140.86881800725627;-0.0163040328072384;0.006351759470999241;7.797510695457459;0.0066322270082309846;0.081640625
987;5.108588766817797;1.0;0.7094138265804469;0.35577007243954784;326.7350356951336;-0.015049931034445763;0.002864869369659573;7.799270534515381;0.005274256423581392;0.0669921875
988;-1.188252327196516;0.0;0.0;0.0;94.74019820555507;-0.008713457453995942;0.005874016275629401;7.7995352983474735;0.006887518824078143;0.090625
989;-1.033305114501771;0.0;0.0;0.0;128.61399553516463;-0.016109729825984687;0.0035503258113749325;7.808512091636658;0.006601084652356803;0.0783203125
990;-0.8141919171380001;0.0;0.0;0.0;357.87785644047545;-0.009275106596760452;0.0019963337981607765;7.813118147850036;0.00798198088305071;0.10703125
991;6.305986904933432;1.0;0.8348295091048864;0.2801666203909163;129.14622203190694;-0.02089360086247325;0.003900870238430798;7.803064203262329;0.007869958924129606;0.1017578125
992;5.668777048358118;1.0;0.7642574690551007;0.3084325470700358;246.6380302679072;-0.008630555495619774;0.0009039078984642401;7.7925619840621945;0.012152744247578085;0.176953125
993;-6.669242199052475;0.0;0.0;0.0;223.8278793018671;-0.0036427475046366454;0.0016598449205048383;7.792245602607727;0.006534631317481399;0.0869140625
994;0.07244532419758382;0.0;0.0;0.0;220.07253169381897;-0.0083253706805408;0.0018651516526006161;7.793206310272216;0.008141746616456658;0.11484375
995;5.688085860784296;1.0;0.7478676463448666;0.29117479967985566;298.36574372077496;-0.015513305459171534;0.0013531149073969574;7.796028637886048;0.010711408348288386;0.1609375
996;-1.4288552559116532;0.0;0.0;0.0;323.78855176439544;-0.012644488830119371;0.002259389404207468;7.798414134979248;0.00858483366901055;0.1142578125
997;5.679546868772853;1.0;0.7290912256938248;0.2345207056348292;257.91769912095083;-0.015401300298981369;0.0011440404370659963;7.803970289230347;0.010186896449886263;0.13984375
998;5.372275524400324;1.0;0.8187304037687618;0.32393200199616023;233.16604288166744;-0.008159141265787184;0.007400016277097165;7.805933880805969;0.010034578596241772;0.137890625
999;6.478869531535209;1.0;0.9903747942712194;0.5909011840117584;47.73613609674478;-0.007029241789132357;0.0024424842384178193;7.8060383796691895;0.010611603979486971;0.137109375
1000;5.481974508143966;1.0;0.7660343695258276;0.32503178159478635;282.53728561027816;-0.012457668501883744;0.006016374356113375;7.807049059867859;0.012354885938111692;0.1630859375
1001;-1.1111701036976154;0.0;0.0;0.0;265.0571697397565;-0.005751472758129239;0.004169340617954731;7.81263120174408;0.006125717097893358;0.084375
1002;0.4397571866018935;0.0;0.0;0.0;200.84630208759427;-0.01735065961256623;0.001443582630599849;7.817602348327637;0.008734610548708588;0.11171875
1003;6.316127199650445;1.0;0.8134824557886657;0.3801496241436551;184.7934531114812;-0.01971504760440439;0.00269586889189668;7.819518232345581;0.010382139054127038;0.141015625
1004;-0.35164684557470993;0.0;0.0;0.0;215.58737776701506;-0.012853465182706714;0.00282560121268034;7.8200682401657104;0.010581861669197678;0.144921875
1005;6.768254830495585;1.0;0.6924808747658053;0.3140892495051129;279.6958518901806;-0.007470373110845685;0.001342493057018146;7.822597551345825;0.010011850926093756;0.1400390625
1006;6.5526427960822256;1.0;0.5838677802747276;0.2039085528847291;218.62782465499774;-0.010110206226818264;0.0016150491195730866;7.820611810684204;0.006462027679663152;0.0810546875
1007;5.892767529561052;1.0;0.82256368575149;0.32683477763190216;159.98124934434625;-0.0019012963399291038;0.0014139851497020572;7.812855124473572;0.007408177794422955;0.10234375
1008;-3.2680375103020407;0.0;0.0;0.0;199.74652405044125;-0.01931912531144917;0.003238578198943287;7.813581562042236;0.006757824635133147;0.092578125
1009;6.558418525532689;1.0;0.6641389502484467;0.1896932223590529;204.20617529767384;-0.014498046040534973;0.01183188494760543;7.817718911170959;0.005663401575293392;0.06015625
1010;-0.4932731133197121;0.0;0.0;0.0;237.64945872366692;-0.020225846348330377;0.005634916468989104;7.8233497619628904;0.009015891375020147;0.1068359375
1011;-5.249213645809455;0.0;0.0;0.0;287.8241345650566;-0.016909085330553353;0.0014279780443757772;7.824868655204773;0.00701812116894871;0.09375
1012;4.684083346156374;1.0;0.654204877885104;0.1291843373227235;168.546288816162;-0.01631376314908266;0.0009444339899346233;7.825189781188965;0.007810251775663346;0.1099609375
1013;0.75167535900562;1.0;0.5534370778087224;0.15734741845909625;275.1031056140559;-0.011324790678918362;0.0012583305506268516;7.832123184204102;0.006951291405130178;0.0994140625
1014;-0.6033580927732561;0.0;0.0;0.0;240.2374736933649;-0.005248313734773547;0.000606373543269001;7.835938024520874;0.005118023569229991;0.0646484375
1015;-7.13429259004053;0.0;0.0;0.0;470.52172856206255;-0.011138759087771177;0.0010658552229870111;7.839155435562134;0.005758318433072418;0.0783203125
1016;-9.48528995717231;0.0;0.0;0.0;393.54506462725385;-0.005992644559592008;0.0033144849294330925;7.844990873336792;0.00682448580628261;0.08515625
1017;-0.031924243655212535;0.0;0.0;0.0;235.65891536799967;-0.009610035782679915;0.013425479084253312;7.8506955862045285;0.00877547119744122;0.1296875
1018;0.8241730963004714;0.0;0.0;0.0;265.5308774625215;-0.0018097852822393178;0.010923454537987709;7.861654043197632;0.007986021880060434;0.1103515625
1019;-1.4951536052613803;0.0;0.0;0.0;305.9721430026186;-0.018273502122610807;0.017618762562051415;7.868599224090576;0.006193681387230754;0.0751953125
1020;0.9300378189628966;0.0;0.0;0.0;208.4718219714446;-0.012868032744154333;0.005641062883660198;7.871429705619812;0.007543490617536008;0.096484375
1021;-0.05173435163584729;0.0;0.0;0.0;481.89738520185995;-0.004171750042587519;0.004878242395352572;7.872727251052856;0.007881162886042148;0.0984375
1022;6.377764362290474;1.0;0.8316685332253326;0.49061740304976414;201.5866291260374;-0.015104028210043908;0.0034226285060867667;7.871641659736634;0.008805031434167176;0.1193359375
1023;-0.9948612185109774;0.0;0.0;0.0;420.7733832395059;-0.014897677663248033;0.0031319777539465577;7.866439461708069;0.008266995660960674;0.1044921875
1024;1.4643275465674095;0.0;0.0;0.0;242.89918545394332;-0.01149781933054328;0.003596850694157183;7.870267081260681;0.00802489419002086;0.1091796875
1025;-0.03635257540366553;0.0;0.0;0.0;280.9776154878031;-0.008939773705787957;0.0026153578306548297;7.872667527198791;0.009290175908245147;0.1353515625
1026;5.361466819169331;1.0;0.6417875646161163;0.2944460716785469;357.34922749325807;-0.015642844885587693;0.006145590939559043;7.873498439788818;0.008052658732049167;0.11484375
1027;0.7146978827324574;0.0;0.0;0.0;254.07964858427943;-0.019904747873079033;0.004987545649055391;7.87291944026947;0.007699849968776107;0.106640625
1028;0.5619012135738874;0.0;0.0;0.0;210.3484038718182;-0.01001575794070959;0.005640521831810475;7.87858018875122;0.009850930224638432;0.1408203125
1029;7.196237370209067;1.0;0.7019444896109741;0.4546145594605734;167.26648508316342;-0.013228172808885575;0.005945384525693953;7.874751400947571;0.006378716591279953;0.089453125
1030;6.644797149240876;1.0;0.8189606136036741;0.61411028184394;184.84679098563592;-0.014861562428995967;0.006223279656842351;7.871094727516175;0.009999829810112715;0.1322265625
1031;6.746994372059616;1.0;0.8064388733211815;0.6051971329620047;231.1311196255933;-0.00990788210183382;0.003912638674955815;7.87098970413208;0.010428909142501653;0.140234375
1032;-0.1827835672119456;0.0;0.0;0.0;448.4330112429251;-0.008962103724479675;0.0125999269541353;7.8710455894470215;0.008476055646315216;0.115234375
1033;5.867492485776035;1.0;0.5366428790391921;0.1632950383038451;235.39977366131248;-0.010469162371009588;0.009331687912344932;7.87631664276123;0.007146561483386904;0.1009765625
1034;4.526680427789721;1.0;0.7452425382081236;0.3069130167122197;169.34412679094913;-0.00936579997651279;0.00473662733566016;7.878116011619568;0.006830515014007688;0.0826171875
1035;-0.2590881453498106;0.0;0.0;0.0;565.0688853862072;-0.011786067998036743;0.0035430477000772953;7.879878258705139;0.007362403708975762;0.102734375
1036;-0.050850864956258054;0.0;0.0;0.0;164.66389204444872;-0.006660301610827446;0.00482763386098668;7.879083418846131;0.007204035669565201;0.1046875
1037;6.9984614215161525;1.0;0.8314301543638094;0.5196846393575759;157.62059064086364;-0.020258224941790103;0.0014788825588766485;7.881296563148498;0.009019567305222154;0.12265625
1038;0.5609666459584737;0.0;0.0;0.0;340.95929955109864;-0.006032583164051175;0.0013823081215377897;7.888649654388428;0.009958055370952934;0.141015625
1039;5.8367207676425465;1.0;0.5926549542653845;0.2673256798758229;500.6541464914209;-0.011870250571519136;0.002674863173160702;7.89905891418457;0.012441064487211407;0.16640625
1040;6.322056355496537;1.0;0.767094626182861;0.5506647906623984;261.09660815855506;-0.018200515443459152;0.003027957817539573;7.9041578531265255;0.012099071894772351;0.167578125
1041;6.094198691011362;1.0;0.8639147974811217;0.54107044796134;94.8264207568126;-0.00625073816627264;0.002618342457571998;7.907118201255798;0.006210108252707869;0.0814453125
1042;6.629271441407403;1.0;0.7511715730002705;0.25508211502754435;180.799956119746;-0.013781702797859906;0.0032191066886298357;7.908430457115173;0.010419171140529215;0.1474609375
1043;-7.983849043985752;0.0;0.0;0.0;571.541796415701;-0.017167588416486978;0.0012828245089622214;7.909672808647156;0.007588799868244678;0.101171875
1044;0.6273896604760153;0.0;0.0;0.0;267.91508805772986;-0.013323323568329215;0.0012145683460403234;7.91211211681366;0.009359601617325098;0.1388671875
1045;4.743708022953381;1.0;0.6836406652703689;0.25206364439329204;211.65289927446187;-0.01662681344896555;0.004588273772969842;7.918935823440552;0.009549025027081371;0.131640625
1046;-2.1980983644478584;1.0;0.5680261194184077;0.2096538025965116;384.5053548690065;-0.009925229102373123;0.0046068001654930415;7.930630159378052;0.008950925804674626;0.1296875
1047;5.889641359686548;1.0;0.783434453133584;0.2905260475463079;159.64679730416384;-0.018726530205458402;0.009635993838310241;7.937095332145691;0.008289751794654876;0.11171875
1048;6.350163482260411;1.0;0.729511048687038;0.36001854326725996;255.8252311748811;-0.009984877426177263;0.003543843317311257;7.942122077941894;0.007988615229260176;0.1169921875
1049;-6.557215881309945;0.0;0.0;0.0;254.02826832802376;-0.014110488630831242;0.006878488720394671;7.94920494556427;0.011084807338193059;0.1626953125
1050;5.99211474650246;1.0;0.7876491123400151;0.5651172895464737;192.6772466458293;-0.003134215949103236;0.0013760307774646208;7.955601215362549;0.009789170371368528;0.13671875
1051;7.098391281012179;1.0;0.7363607324942791;0.275136216955052;126.85479376535854;-0.013999787997454405;0.0015713012020569296;7.960339879989624;0.011704967799596488;0.16640625
1052;0.24050749627029916;0.0;0.0;0.0;635.0928643241806;-0.011096660699695348;0.0007281408645212651;7.970856618881226;0.008220584224909544;0.119140625
1053;-0.8172611963193804;0.0;0.0;0.0;310.56921317624494;-0.010775030311197042;0.002640413126209751;7.976089000701904;0.006918571086134762;0.0984375
1054;6.3345552660389846;1.0;0.7857662437320797;0.5026700778022909;271.26441684285174;-0.01909632869064808;0.0057908730581402775;7.979611897468567;0.009599743061698973;0.129296875
1055;5.9370626984856845;1.0;0.6717430035339363;0.2889418419326443;251.01287038354394;-0.00701649016700685;0.0033060616231523456;7.983006334304809;0.00900913531659171;0.1291015625
1056;0.1903754946649464;0.0;0.0;0.0;406.080554942648;-0.013903215527534485;0.0012893893232103436;7.983451652526855;0.00876968343509361;0.125
1057;-2.231286386647096;1.0;0.5273537130424001;0.1557540875337666;410.0418232129187;-0.006539032608270645;0.0010106212110258638;7.978553628921508;0.008780160115566104;0.1193359375
1058;-0.4561462983415079;0.0;0.0;0.0;311.2910816325726;-0.007675008522346616;0.0011724673939170315;7.982008361816407;0.005602660099975764;0.071484375
1059;-7.444493612169016;0.0;0.0;0.0;585.7121962388396;-0.014497247850522399;0.002787549269851297;7.990011858940124;0.009940521931275726;0.136328125
1060;-0.9753228728819039;0.0;0.0;0.0;527.1689287294232;-0.013703909050673247;0.0010110933566465975;7.995245957374573;0.00880150287412107;0.113671875
1061;5.196179669916758;1.0;0.7444478744597974;0.3009137346360207;144.80010237848637;-0.006598252896219492;0.0012895777501398698;7.999869227409363;0.007811526162549853;0.1083984375
1062;-1.813381401778805;0.0;0.0;0.0;434.85058152542433;-0.016301456140354276;0.001255977211985737;8.008442878723145;0.009817562869284303;0.138671875
1063;-0.17637154371055783;0.0;0.0;0.0;388.83971321643514;-0.01169469328597188;0.0010397315112641082;8.01653232574463;0.007771986082661897;0.1083984375
1064;-0.12091890655106606;0.0;0.0;0.0;220.28964750064551;-0.0072233501821756365;0.0008565185766201466;8.02065691947937;0.007037797349039465;0.092578125
1065;0.07837435057996367;0.0;0.0;0.0;200.63910094056692;-0.006964798457920552;0.0008589528006268665;8.021385145187377;0.012548304966185243;0.187109375
1066;0.7250862152411849;0.0;0.0;0.0;321.7451456278607;-0.011902450863271952;0.0008752289431868121;8.02089557647705;0.011890366917941719;0.1501953125
1067;0.8505559867807337;0.0;0.0;0.0;360.717977169577;-0.017710621096193792;0.0007290041394298896;8.018956804275513;0.00970098408870399;0.130859375
1068;-0.1620925536635531;0.0;0.0;0.0;214.0855609504579;-0.01392922862432897;0.0011268159898463637;8.012895870208741;0.008523722540121525;0.123046875
1069;0.34721863503086947;0.0;0.0;0.0;328.5569019918116;-0.01604521442204714;0.00215450162650086;8.011490678787231;0.008379259193316103;0.125
1070;-0.07184142045687525;0.0;0.0;0.0;364.9480871385592;-0.011514279106631876;0.0014262055163271725;8.013711881637573;0.00803499948233366;0.1130859375
1071;0.07114480010437693;0.0;0.0;0.0;223.10018514597158;-0.0017619228456169367;0.0011770147801144048;8.015436506271362;0.006114887841977179;0.0853515625
1072;-0.4690010179262004;0.0;0.0;0.0;156.0367816128829;-0.013331976812332868;0.0007756959908874706;8.015514230728149;0.011259775946382434;0.162109375
1073;6.946768846588179;1.0;0.6965523890019756;0.21216336711995476;142.8148515170285;-0.010208888398483395;0.0011716381850419566;8.014786100387573;0.007058831863105297;0.0994140625
1074;-0.5035975212789461;0.0;0.0;0.0;133.02089985171423;-0.011117551289498807;0.006217643967829645;8.019646167755127;0.010526418767403812;0.1416015625
1075;6.742985808495371;1.0;0.8007059989367412;0.33574754652870387;160.24177390604254;-0.014458549255505205;0.0022546504449564965;8.022812509536744;0.0093693743692711;0.11953125
1076;-1.0268590721818514;0.0;0.0;0.0;302.4696105065058;-0.017213882273063065;0.002050450135720894;8.030008697509766;0.010822406259831042;0.1416015625
1077;0.6180504859060701;0.0;0.0;0.0;292.65292865581085;-0.013797642197459936;0.0017372707108734176;8.038747882843017;0.012880075711291284;0.1787109375
1078;5.985036216969847;1.0;0.7990344020192096;0.486667844459837;265.03395662081505;-0.014676379971206188;0.001091478852322325;8.042931985855102;0.00858627746347338;0.118359375
1079;-0.5517240552288953;0.0;0.0;0.0;343.74294705552575;-0.007544560171663761;0.0004684863408328965;8.045381307601929;0.009432309225667268;0.137890625
1080;-1.1636363085687096;0.0;0.0;0.0;499.63940292171895;-0.014238859293982387;0.0004340750048868358;8.051149606704712;0.009637661883607507;0.146875
1081;6.081862534178077;1.0;0.8229405398540092;0.3328897550993108;147.4815677640981;-0.009419416217133403;0.0013161567389033736;8.050350093841553;0.008843261806759983;0.13046875
1082;-0.7713061588151497;0.0;0.0;0.0;764.2290319230468;-0.007456070859916508;0.001684764662059024;8.045388078689575;0.00816928903805092;0.1140625
1083;7.121044741114066;1.0;0.7676671630807483;0.44586709364188554;235.8629666106395;-0.01436238803435117;0.0008821470866678283;8.042097234725953;0.009329986234661192;0.1296875
1084;4.680823656787419;1.0;0.8908226378627411;0.40539114531058773;83.30496612126187;-0.007831663731485606;0.0010836001689312979;8.0377836227417;0.008810714748688043;0.1275390625
1085;-7.237495110230574;0.0;0.0;0.0;398.612270884022;-0.012428897665813565;0.0021267424919642506;8.035293292999267;0.006841936660930514;0.0875
1086;1.3686543915746228;0.0;0.0;0.0;325.535851163682;-0.010579388262704015;0.010760786989703775;8.042862367630004;0.005708657903596759;0.069140625
1087;0.045782991867064415;0.0;0.0;0.0;207.10424229452641;-0.01490568364970386;0.00916648143902421;8.048410129547118;0.0062692657462321225;0.08515625
1088;-1.2531574177647622;0.0;0.0;0.0;469.50632868899083;-0.011964200902730227;0.006511125178076327;8.052025556564331;0.00980308863800019;0.1375
1089;5.169018672582636;1.0;0.85892482583155;0.4829394275581285;185.53863059566152;-0.014143660757690668;0.007181829842738807;8.055076217651367;0.006188304023817181;0.08515625
1090;6.984016886124596;1.0;0.7083574174469665;0.3545683526668877;208.06354809399386;-0.007084129424765706;0.008000576798804105;8.052223491668702;0.009964701754506677;0.1470703125
1091;-2.363048179297412;0.0;0.0;0.0;279.30044012371013;-0.00971366697922349;0.00429698710795492;8.052091836929321;0.012043377757072449;0.1615234375
1092;1.7503202495990402;0.0;0.0;0.0;205.18319137627253;-0.014122790936380625;0.0036755556124262513;8.058842325210572;0.00836717471247539;0.1228515625
1093;0.2777703859972301;0.0;0.0;0.0;179.62892848782204;-0.008772147819399834;0.0036477359011769296;8.061526679992676;0.008589878410566599;0.1189453125
1094;0.0253680198695354;0.0;0.0;0.0;173.06287978891288;-0.011625008564442397;0.0020934229891281576;8.06602840423584;0.01053533258382231;0.141015625
1095;0.02843316933672478;0.0;0.0;0.0;570.4882733299804;-0.004321958939544857;0.0038929541013203563;8.079737567901612;0.006969350308645516;0.0966796875
1096;-6.006366058954326;0.0;0.0;0.0;425.38285828588295;-0.013816854963079096;0.004288941674167291;8.089263534545898;0.007491413375828415;0.1068359375
1097;-14.674699129440901;0.0;0.0;0.0;500.79387848804254;-0.0045883642509579655;0.0023863048758357764;8.091191482543945;0.009201471251435578;0.1365234375
1098;-0.127202302172405;0.0;0.0;0.0;821.5672697057834;-0.02057558614760637;0.0017102334735682235;8.096420001983642;0.007384245481807739;0.1087890625
1099;0.3858848350700242;0.0;0.0;0.0;297.5793848537363;-0.00758140622638166;0.0018245709361508489;8.099881887435913;0.008605147735215724;0.1236328125
1100;-8.177661258948875;0.0;0.0;0.0;206.37067206691532;-0.005482337530702352;0.004949036426842213;8.105189037322997;0.009943730430677533;0.1474609375
1101;-1.6150794318686634;0.0;0.0;0.0;392.12593011980766;-0.009635540563613177;0.01067049135453999;8.110965490341187;0.008323665871284903;0.1171875
1102;3.063755284914363;1.0;0.6902040880646625;0.18320947442394678;138.93919375526573;-0.019618428964167833;0.004862892534583807;8.114231586456299;0.008661863300949335;0.115625
1103;1.076510492742165;0.0;0.0;0.0;250.62601545590573;-0.0081816453486681;0.002995436801575124;8.119272041320801;0.011135515093337744;0.152734375
1104;-1.1451014043736483;0.0;0.0;0.0;420.22317048309606;-0.013608250208199025;0.0017298227234277875;8.122345161437988;0.006986479857005179;0.0958984375
1105;-2.276100233320719;0.0;0.0;0.0;442.75022761970723;-0.007831648644059896;0.0017899509461130948;8.126888942718505;0.007431550149340183;0.1060546875
1106;-1.4417162463832869;0.0;0.0;0.0;248.1120755440106;-0.00987799889408052;0.0026820289669558404;8.134030437469482;0.008439856371842325;0.12109375
1107;4.945853217970474;1.0;0.7174713782530203;0.3123408096929856;270.61073276970416;-0.01792420397978276;0.006093944213353098;8.140003108978272;0.009045834722928702;0.12265625
1108;-0.8316477403889622;0.0;0.0;0.0;309.9158611058542;-0.007806310616433621;0.0006248526100534946;8.143393230438232;0.009642871981486677;0.14140625
1109;0.45345851801386716;0.0;0.0;0.0;351.8631245425925;-0.00885410993359983;0.0010826767771504819;8.148192071914673;0.006389413971919567;0.091015625
1110;0.22078885998924222;0.0;0.0;0.0;282.7359143538766;-0.017162737715989352;0.0011185780371306465;8.155140495300293;0.010049098799936474;0.1486328125
1111;6.3733707030803615;1.0;0.7064590794121738;0.3613531628559997;221.55576259613616;-0.022051421809010208;0.006640966609120369;8.162377119064331;0.009052043419796974;0.1236328125
1112;0.5297623662443834;0.0;0.0;0.0;344.1582502836616;-0.013562504388391971;0.004276507894974202;8.168916320800781;0.007839391427114605;0.110546875
1113;6.942618062378052;1.0;0.5577416085947278;0.20190711970478206;248.20001565946131;-0.014345605214475653;0.001054076274158433;8.178829622268676;0.010725764033850282;0.1474609375
1114;0.47604665137194635;0.0;0.0;0.0;373.87175544966647;-0.0032161530572921036;0.0017021998966811225;8.186685180664062;0.007618440268561244;0.101171875
1115;-0.9827837617501806;0.0;0.0;0.0;430.73033110343124;-0.012896673288196325;0.0008882259804522619;8.185287284851075;0.007711747474968433;0.1029296875
1116;-6.672698611534221;0.0;0.0;0.0;249.30067723803154;-0.0029970275703817607;0.00483609753428027;8.19372501373291;0.006887131801340729;0.0962890625
1117;3.841184388607415;1.0;0.6668516093895056;0.5555983627604694;251.50961860441979;-0.010517997294664383;0.003693252010270953;8.209502029418946;0.006639278365764767;0.084765625
1118;3.572991175695456;1.0;0.5737371613739034;0.14121079786537163;232.31106938088027;-0.011038460489362478;0.0023724402592051773;8.219685935974121;0.007510891440324486;0.1091796875
1119;-0.07291113569701822;0.0;0.0;0.0;786.8579236446503;-0.012875365978106856;0.003840439207851887;8.234438610076904;0.007290896109770984;0.1017578125
1120;0.298511361269633;0.0;0.0;0.0;217.20464678910932;-0.013668213947676122;0.0012181821279227734;8.2435959815979;0.009649457863997669;0.1478515625
1121;0.22006910090340345;0.0;0.0;0.0;234.48291448790215;-0.007626977609470486;0.0013778396416455508;8.246457147598267;0.007784506410825997;0.101953125
1122;0.0015276142986451625;0.0;0.0;0.0;159.04047630028538;-0.01168721483554691;0.0019899830513168126;8.249906873703003;0.007672223227564246;0.1125
1123;-1.8229822683707895;0.0;0.0;0.0;146.43784463945337;-0.021956154704093934;0.00233685570419766;8.249525833129884;0.009002415288705379;0.1240234375
1124;0.5694587156704644;0.0;0.0;0.0;784.1579293243337;-0.01639251292217523;0.0016866570222191513;8.252723741531373;0.005826811876613647;0.0765625
1125;-0.052809926271948;0.0;0.0;0.0;341.4157827335166;-0.004268971760757268;0.0011920678167371078;8.25884552001953;0.009194642188958824;0.1203125
1126;-3.847781939911454;0.0;0.0;0.0;613.6255984186649;-0.01445144908502698;0.000643997295992449;8.265816736221314;0.007471073046326637;0.099609375
1127;0.7041777807023658;0.0;0.0;0.0;276.89566445127974;-0.015372615586966277;0.0006621005275519564;8.267367029190064;0.008513180329464376;0.1205078125
1128;-1.058122197344669;0.0;0.0;0.0;520.4127138292519;-0.012517079710960388;0.0006198685921845026;8.262398862838745;0.009836266178172081;0.14765625
1129;6.597476472496009;1.0;0.8522682032110398;0.7407921798131881;195.4398396846986;-0.010046953801065683;0.0012278249341761693;8.261072444915772;0.0075512035167776045;0.1029296875
1130;-3.9210456825679176;0.0;0.0;0.0;397.592019199514;-0.009670105762779713;0.001070761971641332;8.255509519577027;0.006110455095767975;0.0888671875
1131;-1.1197110579286713;1.0;0.4057314662536237;0.143390672636928;480.31204196606694;-0.008386148465797305;0.0009812998119741677;8.251255321502686;0.006605383334681391;0.0841796875
1132;-0.7486587470052847;0.0;0.0;0.0;461.05563582735743;-0.008862642664462328;0.0010477188654476777;8.25602593421936;0.00821378519758582;0.1134765625
1133;-0.5886963521490935;0.0;0.0;0.0;266.0674232562415;-0.011000212142243981;0.0008881964953616261;8.25945348739624;0.008149953803513198;0.11328125
1134;-0.057106018483830324;0.0;0.0;0.0;203.61878606506863;-0.004849106818437576;0.0007162634137785062;8.256365108489991;0.006764125847257674;0.092578125
1135;0.4131288571296967;0.0;0.0;0.0;400.2337024528904;-0.012727895425632596;0.00091281458735466;8.252317571640015;0.010463023534975946;0.1611328125
1136;-2.144854121203273;0.0;0.0;0.0;339.1311813195115;-0.0083245565649122;0.0007925767014967278;8.248939895629883;0.008243035688064993;0.12109375
1137;5.931202796551427;1.0;0.8806861633792382;0.3491384139262504;89.18707277265285;-0.011821214854717255;0.00040379123238380997;8.248159408569336;0.007658337976317852;0.109765625
1138;-1.1811728222683344;0.0;0.0;0.0;655.702348678703;-0.008651113673113286;0.001789817470125854;8.250566434860229;0.008196781994774938;0.1103515625
1139;0.0362298888225252;0.0;0.0;0.0;283.097171832572;-0.007754401443526149;0.00206559041980654;8.25613718032837;0.008777122956234961;0.1216796875
1140;0.09288153648892018;0.0;0.0;0.0;239.6247415431459;-0.007036201423034072;0.004584893770515919;8.256143379211426;0.0067994870361872016;0.09609375
1141;0.18912679830078932;0.0;0.0;0.0;319.9194787760693;-0.010462854243814945;0.00383564957883209;8.257197761535645;0.0088025112869218;0.126953125
1142;6.992911688456109;1.0;0.6568638549099902;0.33540925391945;242.95155223304653;-0.012844461761415005;0.00987413190305233;8.26228733062744;0.006842353800311685;0.094921875
1143;-28.738269880412954;0.0;0.0;0.0;432.0091653268183;-0.013067649374715985;0.007692614919506013;8.267550849914551;0.009555676358286292;0.131640625
1144;-0.3198839179693277;0.0;0.0;0.0;535.037551471129;-0.006238577514886856;0.011476981965824962;8.26919732093811;0.009274678863584995;0.125
1145;0.2664089918117942;0.0;0.0;0.0;372.1563576191512;-0.014728110656142235;0.00452984991716221;8.274765253067017;0.010128987312782556;0.1478515625
1146;-1.3791387380670914;0.0;0.0;0.0;170.26942569481352;-0.00441374396905303;0.0027729478199034928;8.28016219139099;0.007402100856415928;0.108984375
1147;-1.758864301674499;0.0;0.0;0.0;698.415594968362;-0.016414230037480593;0.0026944858371280135;8.283335828781128;0.011832453776150942;0.16328125
1148;-3.0635467505274003;0.0;0.0;0.0;265.4841192571798;-0.019014876615256072;0.0033228373969905077;8.282642602920532;0.009673219232354313;0.1384765625
1149;-10.559715047801184;0.0;0.0;0.0;6.52990870599569;-0.009146546735428274;0.005493949213996529;8.284239721298217;0.008855197869706899;0.1255859375
1150;-4.965433638088073;0.0;0.0;0.0;283.09805937917434;-0.019551399466581642;0.003513414820190519;8.292416763305663;0.009718860941939056;0.14296875
1151;-2.308609572332542;0.0;0.0;0.0;124.3572559168315;-0.013035928271710873;0.005631118011660874;8.299525260925293;0.007274034002330154;0.0982421875
1152;-2.0379745692754705;0.0;0.0;0.0;254.36577965328837;0.0009522981941699982;0.0042586904019117355;8.29821720123291;0.006367907836101949;0.090234375
1153;-4.614474356516421;0.0;0.0;0.0;328.43336370462504;-0.006511643808335066;0.00515411994419992;8.294374465942383;0.009083528572227806;0.13203125
1154;-4.460836297417519;0.0;0.0;0.0;18.17921977763797;-0.005429434450343251;0.0036089855246245863;8.285671091079712;0.007473216450307518;0.096484375
1155;-1.4031579922529027;0.0;0.0;0.0;306.80135769501726;-0.013141743326559662;0.0033675549901090564;8.282693099975585;0.008082623698282988;0.1142578125
1156;1.2343521643212856;0.0;0.0;0.0;240.8924574339865;-0.01314902282319963;0.0036769617290701717;8.28561053276062;0.006855986441951245;0.09296875
1157;-0.773898491553314;0.0;0.0;0.0;291.71293843857273;-0.011411874927580357;0.007495923526585102;8.284738731384277;0.012179918633773924;0.1697265625
1158;-5.980426325980318;0.0;0.0;0.0;690.2678347391738;-0.0012504325248301029;0.008629720169119537;8.284156036376952;0.00920366628561169;0.1263671875
1159;-0.5361386209346256;0.0;0.0;0.0;313.37328101139076;-0.00789075307548046;0.008009104011580347;8.280498695373534;0.009331454953644425;0.126953125
1160;-1.1902844421614043;0.0;0.0;0.0;285.541154795955;-0.013667215779423713;0.009276401135139167;8.281074953079223;0.007929912721738219;0.1072265625
1161;-0.30951960329689865;0.0;0.0;0.0;319.9947600328386;-0.015650794329121708;0.00397636394482106;8.281471109390258;0.008932608331087976;0.1294921875
1162;-0.6718494418003105;0.0;0.0;0.0;260.9000534926753;-0.006767399050295353;0.0018461015541106462;8.27758755683899;0.007460171182174236;0.0986328125
1163;-0.976628527526746;0.0;0.0;0.0;305.8421100231053;-0.009272198379039764;0.0026346083148382606;8.271734714508057;0.009075451490934939;0.116015625
1164;-5.226748698073688;1.0;0.6318183815682804;0.2681347961214684;430.3843372523021;-0.011457627825438976;0.0019254658196587115;8.274604511260986;0.0086851637926884;0.12109375
1165;-3.223163952420971;0.0;0.0;0.0;167.85616399615702;-0.015109154768288136;0.012410553079098463;8.27470030784607;0.010404436755925417;0.127734375
1166;-13.048172096181078;0.0;0.0;0.0;6.84857726190592;-0.007968213688582183;0.007207200839184224;8.269328832626343;0.006420480459928513;0.082421875
1167;-1.0549593081451545;0.0;0.0;0.0;257.57011111482404;-0.013662094157189131;0.0024684999836608766;8.263446569442749;0.007487670914269984;0.10546875
1168;-2.9284897908210503;0.0;0.0;0.0;375.2357242208161;-0.016905820462852716;0.0040345687768422065;8.26329026222229;0.008970254415180534;0.1302734375
1169;-6.083373740136901;0.0;0.0;0.0;289.2583676820648;-0.002414666907861829;0.005308684520423412;8.266548013687133;0.009333705250173806;0.123046875
1170;-1.7689805236116927;0.0;0.0;0.0;391.29510699104276;-0.007767037550608317;0.003426517212452988;8.270461972554525;0.011122043213496606;0.15286458333333333
1171;-4.391227884954901;0.0;0.0;0.0;422.7085983004252;-0.01027625435963273;0.003483617655001581;8.272835206985473;0.009498432837426662;0.1337890625
1172;-12.114906095727404;0.0;0.0;0.0;679.7396284615714;-0.013195611583068968;0.004089912923518568;8.27673954963684;0.009508327418006956;0.1328125
1173;0.23882759217671978;0.0;0.0;0.0;190.1005004189356;-0.008906094823032618;0.00203748443746008;8.28141541481018;0.0086295856279321;0.1208984375
1174;-1.4342200159012586;0.0;0.0;0.0;419.30351452024615;-0.009313994646072387;0.0026646087761037053;8.282054471969605;0.00922405831515789;0.1384765625
1175;-1.7594712103704402;0.0;0.0;0.0;204.16477169184648;-0.007604539394378662;0.0012022633309243247;8.28197159767151;0.008243010297883302;0.11328125
1176;-1.2061930828560798;0.0;0.0;0.0;432.0907698564642;-0.02629716689698398;0.0013339200493646785;8.283966064453125;0.009336289169732481;0.1291015625
1177;-0.7492634620622273;0.0;0.0;0.0;367.0439494622306;-0.009263871191069483;0.002013140422059223;8.289782953262328;0.006591252656653524;0.0912109375
1178;-1.6146812283186458;0.0;0.0;0.0;208.77022570358457;-0.01467521390877664;0.002722875669132918;8.291540908813477;0.0050443586660549045;0.0556640625
1179;0.1517556121064735;0.0;0.0;0.0;224.22372686748326;-0.02307284770067781;0.001567280973540619;8.287577199935914;0.009343844070099295;0.1322265625
1180;-0.4458085732380268;0.0;0.0;0.0;229.73097063631528;-0.01057597710750997;0.001869823399465531;8.289955711364746;0.006549535226076842;0.09296875
1181;-1.806863282779146;0.0;0.0;0.0;222.42307966252653;-0.015119893057271839;0.0017190161044709385;8.295842838287353;0.008852097706403583;0.1283203125
1182;-0.24725327616748718;0.0;0.0;0.0;327.54783593322156;-0.010304062673822046;0.003430600406136364;8.304598569869995;0.00938973161391914;0.1259765625
1183;-11.068059375446834;0.0;0.0;0.0;204.468288127455;-0.008254866884090006;0.004619087441824377;8.312382650375366;0.008449251437559724;0.1146484375
1184;-6.722275917113117;0.0;0.0;0.0;351.7758083622011;-0.009466585237532854;0.0015998420480173082;8.315437078475952;0.005962117260787636;0.06640625
1185;-0.5220543203701833;0.0;0.0;0.0;222.12561202555304;-0.0060223093256354335;0.0016203323379158975;8.318718862533569;0.008566733438055963;0.115234375
1186;-1.3626372758400287;0.0;0.0;0.0;152.95296700673123;-0.009985088417306543;0.0018475733057130128;8.313369798660279;0.007447743334341794;0.10859375
1187;-1.2068096310872478;0.0;0.0;0.0;210.3601995926468;-0.00566786671988666;0.002059564390219748;8.307919788360596;0.006217490544077009;0.081640625
1188;0.32525773287089355;0.0;0.0;0.0;192.70682774032886;-0.010548168281093239;0.0026628437626641244;8.306675052642822;0.006080214946996421;0.0744140625
1189;-0.7629053524465618;0.0;0.0;0.0;216.0989739628945;-0.013010864611715078;0.0027992265415377913;8.30184097290039;0.0061525592696852986;0.083203125
1190;-2.5100397271886155;0.0;0.0;0.0;181.0802433874263;-0.010171910328790546;0.0014626111602410673;8.3030179977417;0.007227819180116057;0.1048828125
1191;0.5351568541882522;0.0;0.0;0.0;137.5599983224917;-0.008270352613180876;0.002345934550976381;8.30675253868103;0.008095725136809052;0.111328125
1192;-3.7740223879429626;0.0;0.0;0.0;282.9924019088333;-0.010585005208849908;0.0016756356228142977;8.314008522033692;0.006186219200026244;0.0779296875
1193;-1.159523161998224;0.0;0.0;0.0;149.77579636627524;-0.015363069670274853;0.0030125231831334533;8.317546463012695;0.008727355359587819;0.1111328125
1194;-0.20722305337999675;0.0;0.0;0.0;264.58162762634686;-0.01501689776778221;0.0016460103797726333;8.320881366729736;0.006722721480764448;0.0908203125
1195;-0.8803484127355264;0.0;0.0;0.0;557.1478656591098;-0.015118751488626004;0.0022567188483662904;8.323600339889527;0.0073769244714640084;0.10078125
1196;-1.4117855301082638;0.0;0.0;0.0;213.8246406252592;-0.0018662365153431892;0.0023918650054838508;8.327458715438842;0.007717020949348808;0.11328125
1197;-0.1285540308322345;0.0;0.0;0.0;250.38206745387555;-0.013481853902339936;0.005531177762895823;8.324987936019898;0.009587258216924965;0.1337890625
1198;-14.457087022175696;0.0;0.0;0.0;13.681574619920218;-0.020778528111986817;0.002905005484353751;8.321640777587891;0.008582533861044794;0.1248046875
1199;-22.20748574145138;0.0;0.0;0.0;339.25429062780233;-0.012234577490016819;0.005184192350134254;8.323978090286255;0.009986138565000146;0.1369140625
1200;-2.731619318682263;0.0;0.0;0.0;236.24927825588642;-0.009746043151244521;0.014391565322875976;8.330097818374634;0.00878178485436365;0.1064453125
1201;-1.8637094488574286;0.0;0.0;0.0;425.796712197897;-0.008679763134568929;0.008843532134778797;8.334832763671875;0.010369221575092524;0.1408203125
1202;-1.6052087123626475;0.0;0.0;0.0;200.88853359904928;-0.013409461895935237;0.07579992208629846;8.332328033447265;0.009047033754177392;0.1248046875
1203;-1.909304094068234;0.0;0.0;0.0;399.83414119077514;-0.010344469547271728;0.004615092475432903;8.33041763305664;0.008406917157117277;0.117578125
1204;-3.6837757016025776;0.0;0.0;0.0;464.4903328990118;-0.008497973764315247;0.002871753240469843;8.336196231842042;0.0074967383174225685;0.1083984375
1205;-1.5008633160159943;0.0;0.0;0.0;184.77746860026747;-0.008128965576179325;0.005670727021060884;8.34099817276001;0.009870337613392621;0.13125
1206;-1.4595450007801551;0.0;0.0;0.0;360.93205897503947;-0.006169931031763554;0.07883293498307467;8.343513345718383;0.006138858199119568;0.0759765625
1207;-1.5688935547738623;0.0;0.0;0.0;259.26276349818676;-0.007469614478759467;0.009350467170588673;8.341103267669677;0.007832664425950497;0.1064453125
1208;-1.4293145171395423;0.0;0.0;0.0;206.5336168826734;-0.019423263147473335;0.007218418177217245;8.34631280899048;0.008081380417570472;0.111328125
1209;-0.5673093303599929;0.0;0.0;0.0;138.6467646163523;-0.011597109399735928;0.006558890943415463;8.356084203720092;0.009040341852232814;0.1107421875
1210;-0.7852239772184416;0.0;0.0;0.0;238.56930381284906;-0.010500413971021772;0.00431180689483881;8.363647651672363;0.007460776984225958;0.096484375
1211;-1.0046315973416113;0.0;0.0;0.0;213.60127045870053;-0.013013276876881719;0.003973698208574206;8.365080881118775;0.00751647517317906;0.101953125
1212;-4.902596858312273;0.0;0.0;0.0;265.42072840738837;-0.011013285024091601;0.004423619597218931;8.366674661636353;0.007676550652831793;0.1025390625
1213;6.143320655381873;1.0;0.845352537201162;0.4279056088028897;171.57242120557257;-0.021735708648338913;0.007692907529417425;8.371635675430298;0.012151600862853228;0.1666015625
1214;-1.3901519816488557;0.0;0.0;0.0;400.7166254601526;-0.009011767152696849;0.004711018991656601;8.376818323135376;0.010334414069075138;0.14921875
1215;0.32916503464841684;0.0;0.0;0.0;128.74877148319786;-0.010366681800223886;0.006981551484204829;8.379812383651734;0.008080826350487768;0.116015625
1216;-4.449280717132846;0.0;0.0;0.0;317.14908175299615;-0.009647568501532078;0.07252715332433582;8.393030786514283;0.007530909066554159;0.1025390625
1217;-0.6216201902570997;0.0;0.0;0.0;910.3011279568656;-0.010422027762979269;0.003688013250939548;8.395860719680787;0.006926661648321897;0.0927734375
1218;0.18128082526468126;0.0;0.0;0.0;140.43742568676308;-0.005881116131786257;0.0014195631665643305;8.395915460586547;0.006854441482573748;0.09921875
1219;-1.8479524118944881;0.0;0.0;0.0;190.7750492533098;-0.006812805263325572;0.0019482516509015113;8.399326848983765;0.011979962862096728;0.1578125
1220;-8.543994624789157;0.0;0.0;0.0;1166.4064648483425;-0.005068983882665634;0.0015288566995877773;8.401719808578491;0.009825292648747564;0.139453125
1221;-4.496013809244254;0.0;0.0;0.0;471.89426330813404;-0.00713849370367825;0.00230990729178302;8.39995722770691;0.007953891716897487;0.1115234375
1222;0.1415642475507452;0.0;0.0;0.0;254.3188393833971;-0.012928693648427724;0.0023206989862956107;8.397697353363037;0.008370755473151803;0.11875
1223;-1.1746762093507035;0.0;0.0;0.0;281.16234755124844;-0.009318094048649073;0.0037044537137262525;8.402536869049072;0.006240286934189499;0.084375
1224;-8.902261200043094;0.0;0.0;0.0;853.7295225543332;-0.01651999815367162;0.0015015994023997337;8.408548307418823;0.007971717976033688;0.1150390625
1225;0.12924135258949165;0.0;0.0;0.0;237.37626237297786;-0.008212601765990257;0.002131808380363509;8.408919668197631;0.01062564025633037;0.1404296875
1226;0.6967407107627431;0.0;0.0;0.0;183.0637767628969;-0.010374270100146531;0.0009011547983391211;8.409489059448243;0.00765815112972632;0.112890625
1227;-4.011478761709942;0.0;0.0;0.0;402.7064684954714;-0.008831948880106211;0.000856133847264573;8.40977954864502;0.007427741633728146;0.107421875
1228;-2.280045828883552;0.0;0.0;0.0;1141.7322293136588;-0.014530517347157;0.0005639829221763648;8.41554560661316;0.0072971854591742154;0.1080078125
1229;0.32381488059455216;0.0;0.0;0.0;814.6877108066504;-0.015088687650859356;0.004913259204477072;8.418309926986694;0.004923506756313145;0.0650390625
1230;-3.8764664088750713;0.0;0.0;0.0;26.478367887736038;-0.0037875883281230927;0.007088818284682929;8.411795520782471;0.0055604958673939105;0.0740234375
1231;-0.6749950224318746;0.0;0.0;0.0;272.358329116538;-0.00799617450684309;0.06142995972186327;8.40797700881958;0.005966643476858735;0.074609375
1232;-7.171304344304909;0.0;0.0;0.0;600.7188473539936;-0.004883324773982167;0.003836356324609369;8.40530366897583;0.006448000972159207;0.082421875
1233;-1.9718488327241523;0.0;0.0;0.0;231.91936427979618;-0.006798492651432753;0.003321178746409714;8.415183210372925;0.0052468192530795935;0.0708984375
1234;0.8023804815697507;0.0;0.0;0.0;193.3610831192764;-0.02291135941632092;0.0037177254795096814;8.42193512916565;0.008900531195104122;0.126953125
1235;-0.14875896397354635;0.0;0.0;0.0;406.19572701348534;-0.017177488794550298;0.0019261183158960193;8.422338914871215;0.00901614809408784;0.12578125
1236;-0.590775166473291;0.0;0.0;0.0;236.3471117699028;-0.011369572300463916;0.0039083884912543;8.429376745224;0.010035964590497316;0.1447265625
1237;4.548947837454183;1.0;0.7045063822782898;0.1714194601695592;237.97850395225652;-0.011263830447569489;0.006296543346252292;8.438743209838867;0.009325375640764832;0.118359375
1238;-0.21858619508291482;0.0;0.0;0.0;892.0238262289603;-0.01818298567086458;0.0017809090320952236;8.45119333267212;0.010818509978707879;0.1365234375
1239;5.175019705767334;1.0;0.7870294334176636;0.22238644493386187;177.69545745917716;-0.011573740793392063;0.0033100803499110042;8.460010433197022;0.007218762894626707;0.095703125
1240;-0.5914936271522959;0.0;0.0;0.0;302.86004347585146;-0.008793103462085127;0.006207153177820146;8.465276002883911;0.010149201157037168;0.1369140625
1241;-1.8403995367820485;0.0;0.0;0.0;438.7933954229147;-0.007579978369176388;0.020030360436066985;8.46568431854248;0.0066884458879940215;0.0912109375
1242;0.33570385520271623;0.0;0.0;0.0;287.04367902667434;-0.007311802264302969;0.005758671567309648;8.461284732818603;0.006019090942572802;0.07421875
1243;0.7012102092610376;0.0;0.0;0.0;193.5530403161183;-0.018262809328734874;0.011879914393648505;8.460206317901612;0.01029460234567523;0.13203125
1244;0.8288469069027409;0.0;0.0;0.0;180.03700622116526;-0.009367407858371734;0.007220778521150351;8.467583274841308;0.006474193278700113;0.0966796875
1245;-3.2213027464428845;0.0;0.0;0.0;602.1279590609469;-0.009389810916036367;0.09080414911732078;8.478251743316651;0.005157213693019002;0.0650390625
1246;-0.7135607409651382;0.0;0.0;0.0;797.8634650618909;-0.00844348429236561;0.016069897543638946;8.488482809066772;0.009420719312038273;0.1248046875
1247;-5.995848710792178;0.0;0.0;0.0;252.67674883544325;-0.006937743874732405;0.06817439217120409;8.498073053359985;0.012410621496383101;0.1494140625
1248;-0.47770102916295815;0.0;0.0;0.0;354.37441423237425;-0.006281556095927954;0.0037502750172279777;8.5029700756073;0.007237568311393261;0.094921875
1249;-0.530400504552147;0.0;0.0;0.0;286.2668798070631;-0.009249451477080584;0.0029323271941393615;8.502447271347046;0.006684540375135839;0.0916015625
1250;0.20197554723142136;0.0;0.0;0.0;427.30590394993385;-0.01178868655115366;0.0033230445580556987;8.496389484405517;0.010069859190843999;0.1466796875
1251;1.3065121128364576;0.0;0.0;0.0;331.6694881359796;-0.011468089884147048;0.007435544510371983;8.492469549179077;0.009233284171205013;0.131640625
1252;-8.611062015763919;0.0;0.0;0.0;370.5581241953826;-0.0031359083019196986;0.007104651629924774;8.489279890060425;0.007440088456496597;0.098046875
1253;-0.6843165834539489;0.0;0.0;0.0;753.4541499545091;-0.013571603456512094;0.009199567418545485;8.489280939102173;0.009147491608746349;0.128125
1254;-1.6580061813869262;0.0;0.0;0.0;467.11877526082276;-0.015060645528137684;0.0037010192521847785;8.48942756652832;0.007779381575528532;0.102734375
1255;-0.27351231681671423;0.0;0.0;0.0;441.43283692361473;-0.00831323778256774;0.0026347697828896345;8.491275691986084;0.007742010522633791;0.105078125
1256;-16.345420121430095;0.0;0.0;0.0;200.6566686670271;-0.01375332185998559;0.0039452722296118735;8.490722513198852;0.010876622016075999;0.148828125
1257;1.0692904365724034;0.0;0.0;0.0;489.1824203543418;-0.013339229254052043;0.005613347655162216;8.49251103401184;0.00790396872907877;0.1119140625
1258;-0.7652511183018418;0.0;0.0;0.0;274.6077752724923;-0.0051784365437924865;0.004101657797582448;8.496072244644164;0.008913426962681114;0.1228515625
1259;-0.43344345872977513;0.0;0.0;0.0;199.2670981151396;-0.005693905102089047;0.0022754723147954794;8.50265293121338;0.007935703138355166;0.108203125
1260;0.23231452185651374;0.0;0.0;0.0;797.024673615667;-0.011702898982912302;0.0025243711250368507;8.504667663574219;0.006741970800794661;0.08984375
1261;-1.7177866375600548;0.0;0.0;0.0;670.1448477865193;-0.01052628739271313;0.0018493650888558478;8.503671979904174;0.0077212164993397895;0.1056640625
1262;1.0816487833582233;0.0;0.0;0.0;280.9355164263252;-0.012586230784654618;0.004397495661396533;8.502822875976562;0.008672363462392241;0.1291015625
1263;0.3378178661552632;0.0;0.0;0.0;391.1936066783768;-0.00912661338225007;0.003178525564726442;8.509362030029298;0.006346496602054686;0.0826171875
1264;-8.106116964890022;0.0;0.0;0.0;358.6243010285901;-0.020733862556517123;0.001449639565544203;8.513722801208496;0.009086801193188877;0.1302734375
1265;-8.038224239914863;0.0;0.0;0.0;285.75949553650634;-0.011745017860084772;0.1313453733921051;8.512545299530029;0.006706716259941459;0.0861328125
1266;-9.03723995826234;0.0;0.0;0.0;465.8148408811567;-0.010176269337534904;0.002401704044314101;8.508644294738769;0.005774377181660384;0.0751953125
1267;1.07544647100959;0.0;0.0;0.0;545.1864803968166;-0.010477602388709784;0.11186030711978674;8.504365301132202;0.00884856008924544;0.1193359375
1268;-10.997164703858852;0.0;0.0;0.0;613.5396402098244;-0.009606898413039744;0.006444109347648918;8.49466700553894;0.006654336245264858;0.08984375
1269;0.7654679644595528;0.0;0.0;0.0;521.684782761574;-0.013122409582138062;0.0018975033948663623;8.492739152908324;0.010034955944865942;0.12578125
1270;-2.025834220061965;0.0;0.0;0.0;692.6751379960491;-0.0065720234997570515;0.05461671452503651;8.491423797607421;0.0082041478715837;0.10703125
1271;1.1168629280438256;0.0;0.0;0.0;648.7904777545915;-0.00526190591044724;0.004039878631010652;8.491157865524292;0.00956382165895775;0.1302734375
1272;0.04267578906760089;0.0;0.0;0.0;478.94731033461255;-0.014992301957681775;0.006682196701876819;8.4945894241333;0.0130590601824224;0.154296875
1273;-11.32769282712039;0.0;0.0;0.0;851.4397728763978;-0.004194005019962787;0.00481204865500331;8.489650011062622;0.01032814357895404;0.13125
1274;-5.784647480833046;0.0;0.0;0.0;702.0733003557691;-0.007649113982915878;0.05557495129760355;8.486862087249756;0.009026091650594027;0.1181640625
1275;-0.41727752214699304;0.0;0.0;0.0;415.38963099633855;-0.017235908610746264;0.003860179043840617;8.489111328125;0.008188026875723153;0.111328125
1276;0.2781548045587662;0.0;0.0;0.0;573.3848773149782;-0.003777790581807494;0.009046741481870412;8.484694242477417;0.004763565934263169;0.0578125
1277;2.7095898969493764;1.0;0.35646094911855675;0.14121800675988475;324.1517407255919;-0.012567144585773349;0.009174755867570638;8.482022953033447;0.009118752845097333;0.1279296875
1278;0.8196555218752172;0.0;0.0;0.0;709.7530956780778;-0.012948763044551014;0.006162647367455065;8.479367399215699;0.006602118629962206;0.0939453125
1279;-14.86358553738548;0.0;0.0;0.0;703.5780068613803;-0.011006517009809614;0.0057130248635075985;8.475340795516967;0.007966038165614009;0.10703125
1280;0.4511559240418884;0.0;0.0;0.0;819.6224618853585;-0.0044692721683532;0.006164283165708185;8.474906206130981;0.007144265342503786;0.101171875
1281;-1.5352434033017248;1.0;0.33004274843844217;0.1721310121365405;672.01432218399;-0.011330300266854465;0.0027576760679949076;8.473375797271729;0.007855773170012981;0.1109375
1282;0.8303748954656646;0.0;0.0;0.0;336.99202472345496;-0.008147298649419099;0.002221377450041473;8.476644897460938;0.011459933302830905;0.162109375
1283;-0.2238423933461966;0.0;0.0;0.0;695.2302383823635;-0.010946303140372038;0.0025674642354715617;8.478288507461547;0.010465858143288643;0.146484375
1284;-5.845993533613384;0.0;0.0;0.0;755.7277395393578;-0.006510801613330841;0.00567634436301887;8.482201719284058;0.004745064943563193;0.061328125
1285;0.3445912828576505;0.0;0.0;0.0;631.3630374525419;-0.011231515742838382;0.005377326416783035;8.483983469009399;0.00796012559439987;0.115234375
1286;-5.479907360912042;0.0;0.0;0.0;1089.7907035852493;-0.007357518840581179;0.0028299201978370546;8.48545217514038;0.007861628686077893;0.1142578125
1287;-18.258337738914573;0.0;0.0;0.0;949.0455179814495;-0.004569171834737063;0.006050925049930811;8.484594631195069;0.007454071764368564;0.10546875
1288;-0.44141164194617993;0.0;0.0;0.0;693.6345985867288;-0.0071639992762357;0.004259582189843058;8.483087921142578;0.00504758870229125;0.057421875
1289;-14.479498666850859;0.0;0.0;0.0;684.7827436005975;-0.005694171879440546;0.06286888318136334;8.479755735397339;0.00796224873047322;0.1068359375
1290;0.3448514230519515;0.0;0.0;0.0;1047.6982388787628;-0.008637998718768358;0.002861760521773249;8.479493188858033;0.0074737649643793706;0.1025390625
1291;0.3663321660997449;0.0;0.0;0.0;907.7958557066434;-0.014308773446828127;0.00290669456589967;8.48477144241333;0.008625133312307298;0.123046875
1292;-6.0673880349283955;0.0;0.0;0.0;729.6803166842408;-0.012578493217006326;0.0013903917628340424;8.483723545074463;0.004905992979183793;0.0640625
1293;-0.16531620158745464;0.0;0.0;0.0;954.3832906081482;-0.017483798670582473;0.001506463752593845;8.482837200164795;0.00884186226176098;0.1103515625
1294;0.65545804917023;0.0;0.0;0.0;450.5330605922083;-0.012842441722750664;0.004699127876665443;8.485544013977051;0.008707141573540866;0.118359375
1295;-2.678048635495845;0.0;0.0;0.0;541.1132346422198;-0.008679031487554311;0.0026810939772985874;8.488933849334718;0.006536857271566987;0.0916015625
1296;-2.071432182946022;0.0;0.0;0.0;656.4957644578303;-0.0026109393918886782;0.004371074214577675;8.488279008865357;0.007785210502333939;0.0984375
1297;-12.74133126115217;0.0;0.0;0.0;522.7228863066304;-0.011131765996105969;0.05825592312030494;8.482394218444824;0.00993842501193285;0.1330078125
1298;-0.40109011655301896;0.0;0.0;0.0;776.0845175318415;-0.01303897681646049;0.00574967268621549;8.471213912963867;0.009586841752752661;0.1408203125
1299;-9.59669805129277;0.0;0.0;0.0;503.37154129994434;-0.01586701653432101;0.002432312711607665;8.469333600997924;0.004758211248554289;0.0583984375
1300;-3.866135879696323;0.0;0.0;0.0;728.1566290750991;-0.0037964135874062775;0.004567935166414827;8.470636415481568;0.00638949234271422;0.0859375
1301;-1.12255478934992;0.0;0.0;0.0;458.7808121032238;-0.00871427187230438;0.003891755361109972;8.470879602432252;0.007734097831416875;0.1095703125
1302;0.5179027705814994;0.0;0.0;0.0;404.9720144054905;-0.010379568487405778;0.004020083299838007;8.4756920337677;0.011692405957728625;0.1599609375
1303;1.5746226106045047;0.0;0.0;0.0;330.3235936832686;-0.007474577217362821;0.0062834771117195485;8.486324882507324;0.011191304074600339;0.1525390625
1304;-0.5042528603114104;0.0;0.0;0.0;337.7379710750406;-0.012244815425947308;0.005202467110939324;8.488391780853272;0.007653470442164689;0.1103515625
1305;-1.070695932475077;0.0;0.0;0.0;524.647956669168;-0.008880284614861012;0.0752671836875379;8.495039319992065;0.007628912222571671;0.1125
1306;-1.2417345899588699;0.0;0.0;0.0;175.14735580602684;-0.009736041375435888;0.007851998833939434;8.504550981521607;0.008319408888928593;0.115625
1307;-0.6615254110252468;0.0;0.0;0.0;376.3657968300473;-0.015791589859873056;0.034820829844102265;8.510320806503296;0.009819201997015626;0.1185546875
1308;-9.165535988965456;0.0;0.0;0.0;17.594782291345712;-0.008988678501918913;0.007823418104089796;8.520138025283813;0.009027793176937849;0.126953125
1309;-0.47504712186522036;0.0;0.0;0.0;712.0730661297875;-0.010219510970637202;0.00940229396801442;8.52637448310852;0.0073081710026599465;0.0953125
1310;0.21074399507064767;0.0;0.0;0.0;239.41106395655538;-0.018631716072559357;0.009482718841172754;8.529597854614257;0.011335004644934088;0.1611328125
1311;-7.797408027025155;0.0;0.0;0.0;598.0041851878336;-0.01226647486910224;0.005726557248272002;8.535342597961426;0.009551839681807905;0.125390625
1312;-1.293662743795784;0.0;0.0;0.0;476.7558124734745;-0.018905881606042386;0.007931445725262165;8.53914384841919;0.009961615270003676;0.128125
1313;-0.9900061228140591;0.0;0.0;0.0;220.96603836123694;-0.0032928592292591928;0.0023932160693220794;8.538621807098389;0.008162400708533824;0.1201171875
1314;0.049560987495597085;0.0;0.0;0.0;299.3638395399039;-0.007682685647159815;0.0031099355430342255;8.540102195739745;0.009389102121349423;0.1400390625
1315;-0.3046791521066482;0.0;0.0;0.0;460.4096257985473;-0.015777593478560448;0.004670811991672963;8.54638123512268;0.011036809720098972;0.1494140625
1316;-0.4349851893017326;0.0;0.0;0.0;160.59484567766884;-0.019170163082890213;0.004058681160677225;8.554919242858887;0.00868472239235416;0.1220703125
1317;-0.5131571370762151;0.0;0.0;0.0;264.3708046625326;-0.018739783577620982;0.005123654159251601;8.56116771697998;0.011066686164122074;0.1572265625
1318;0.45471128098842784;0.0;0.0;0.0;292.2001997309577;-0.008304155943915249;0.003340431780088693;8.566398763656617;0.009927724220324308;0.1447265625
1319;-0.4390236482320302;0.0;0.0;0.0;316.21889323531707;-0.012658969778567553;0.003343664261046797;8.57172908782959;0.006998696399386972;0.0994140625
1320;-0.7413875262664446;0.0;0.0;0.0;262.0261758953208;-0.015615994110703468;0.0019476904068142175;8.575645780563354;0.012410518736578524;0.1646484375
1321;-8.169081374687549;0.0;0.0;0.0;344.7633091140322;-0.01270968047901988;0.002495588606689125;8.578061485290528;0.004299506894312799;0.049609375
1322;-1.0890788546554377;0.0;0.0;0.0;320.70364304304024;-0.013254096545279027;0.001802017481531948;8.579691219329835;0.005792761757038534;0.0681640625
1323;-0.6015210407653868;0.0;0.0;0.0;440.0004701769123;-0.010915136989206075;0.0024163860303815453;8.58345365524292;0.0076986553613096476;0.108984375
1324;0.03989170786842663;0.0;0.0;0.0;264.31332231956225;-0.016741693019866943;0.002000045793829486;8.586436939239501;0.0108275143080391;0.142578125
1325;0.526355540317182;0.0;0.0;0.0;191.08530138250845;-0.020126334903761745;0.002083726070122793;8.588375616073609;0.011664261645637452;0.15234375
1326;-4.781633704721838;0.0;0.0;0.0;174.18663959332127;-0.01686302563175559;0.06877158326096833;8.592537021636963;0.010048082866705953;0.13203125
1327;-22.70546342773752;0.0;0.0;0.0;449.147680026748;-0.0006087716436013579;0.009864501259289681;8.598574495315551;0.00631949717644602;0.08125
1328;-0.02375486937369358;0.0;0.0;0.0;209.3508379652922;-0.008607546892017126;0.003886514448095113;8.599053001403808;0.00996971649583429;0.1294921875
1329;1.3831174863184394;0.0;0.0;0.0;157.52993908524937;-0.007571222027763724;0.010574180586263537;8.600150299072265;0.009154899860732257;0.122265625
1330;-19.46189847531164;0.0;0.0;0.0;227.94996463576035;-0.013316961529199034;0.005278174311388284;8.600725841522216;0.009630171267781406;0.1365234375
1331;-2.5869295898714713;0.0;0.0;0.0;138.13236593837894;-0.009093183930963278;0.006480852526146918;8.607205009460449;0.009397487400565296;0.1240234375
1332;-0.42318674546755236;0.0;0.0;0.0;320.6747809778517;-0.01932579753920436;0.0032768834149464964;8.61580228805542;0.006769350450485945;0.09375
1333;0.2534251587100682;0.0;0.0;0.0;157.7644690461989;-0.010233848239295185;0.0022667632030788807;8.62420105934143;0.008192930067889393;0.112890625
1334;-0.8780195432702353;0.0;0.0;0.0;274.9263882695317;-0.02162663550116122;0.004038809903431684;8.62567858695984;0.010195087583269924;0.146484375
1335;-0.6954880950923811;0.0;0.0;0.0;117.80348923869657;-0.008358973264694213;0.0020538787124678493;8.6229012966156;0.006093542673625052;0.0841796875
1336;-9.946747294975948;0.0;0.0;0.0;177.6745492150145;-0.011907283682376146;0.0033358147949911652;8.61813063621521;0.01012260909192264;0.1439453125
1337;-2.120391848575693;0.0;0.0;0.0;230.53287913356624;-0.00801345445215702;0.006916281254962087;8.624659109115601;0.007077746768482029;0.1052734375
1338;-0.7209061908273866;0.0;0.0;0.0;97.49101075819719;-0.014514870522543789;0.009729573805816471;8.625807523727417;0.010446711105760186;0.1396484375
1339;-0.5381907894866593;0.0;0.0;0.0;125.75527484068436;-0.007390821306034923;0.0023956043762154875;8.6199387550354;0.009215683594811707;0.12890625
1340;-1.2664286178976933;0.0;0.0;0.0;66.22333594806149;-0.011932829534634948;0.0030149475787766278;8.621514987945556;0.007417349785100669;0.1033203125
1341;-0.3775893884248241;0.0;0.0;0.0;292.9346913441787;-0.0058155582752078775;0.06008680108934641;8.628394412994385;0.009107675438281148;0.125390625
1342;-0.7947858659253279;0.0;0.0;0.0;133.78075671056922;-0.014726691320538521;0.004630554188042879;8.62926163673401;0.007220394141040742;0.094921875
1343;-2.559751489846634;0.0;0.0;0.0;339.8446768182527;-0.008396641863510013;0.0050380317028611895;8.628785610198975;0.008748233248479665;0.1203125
1344;-0.6035031694445152;0.0;0.0;0.0;174.11337194883404;-0.0031485270708799364;0.08125952938571572;8.627536869049072;0.008452699915505946;0.109375
1345;-20.96407310349392;0.0;0.0;0.0;513.8505463736456;-0.012892237631604075;0.0037871725391596554;8.627634620666504;0.009560217522084713;0.1416015625
1346;-0.901909902413295;0.0;0.0;0.0;160.2106900710079;-0.011155869625508786;0.0041311642620712515;8.622132730484008;0.009117491694632917;0.1279296875
1347;-0.006720572078419315;0.0;0.0;0.0;155.20829715457273;-0.004202871909365058;0.004534519906155765;8.614842128753661;0.005249053123407066;0.0669921875
1348;-2.6702426234584293;0.0;0.0;0.0;291.68415214115635;-0.014547921484336257;0.00441369985928759;8.609559345245362;0.008681030268780887;0.12734375
1349;1.1278669592901085;0.0;0.0;0.0;161.21601426738636;-0.016187330521643162;0.008103294833563267;8.605657815933228;0.010479983582627028;0.149609375
1350;1.2178294080956449;0.0;0.0;0.0;110.76364719564052;-0.0032248534727841614;0.01567171453498304;8.604984378814697;0.008051833149511366;0.1033203125
1351;-0.13019432973406608;0.0;0.0;0.0;232.22952462802402;-0.013225782406516373;0.0026070196880027654;8.610258054733276;0.009611416165716946;0.14375
1352;-1.6881511356210581;0.0;0.0;0.0;307.7430911639781;-0.014451495709363372;0.002526873955503106;8.617290544509888;0.007036449131555855;0.0962890625
1353;-11.308981808111382;0.0;0.0;0.0;249.9597795044452;-0.011121356301009655;0.004823814623523504;8.621863555908202;0.008143048570491373;0.1197265625
1354;-0.3716754260165894;0.0;0.0;0.0;265.3664235047699;-0.01224312516860664;0.0027794979163445533;8.621588039398194;0.008285368571523576;0.1103515625
1355;-7.545055195961894;0.0;0.0;0.0;162.07962355552812;-0.009636846743524075;0.003141125023830682;8.619301033020019;0.007834926468785853;0.108203125
1356;-2.3605797662488937;0.0;0.0;0.0;217.94174971273318;-0.006558010587468743;0.011105154058896005;8.622082281112672;0.007354532473254949;0.101171875
1357;-13.812839753579986;0.0;0.0;0.0;480.99895782510623;-0.014895739173516631;0.005710802646353841;8.624245929718018;0.008678162191063165;0.1181640625
1358;-0.10068824365009485;0.0;0.0;0.0;241.1790183432082;-0.01103610061109066;0.0022448058298323303;8.625967979431152;0.00874198080273345;0.1015625
1359;-7.433770135516306;0.0;0.0;0.0;308.0308777179439;-0.015967256389558315;0.003478498919866979;8.627877378463745;0.007107249926775694;0.09921875
1360;0.17896335072047626;0.0;0.0;0.0;297.6747501415605;-0.017373493919149042;0.0017639141529798507;8.634580326080322;0.007008225831668824;0.1021484375
1361;0.8073783136278194;0.0;0.0;0.0;154.25726589059133;-0.01681606937199831;0.00929782185703516;8.64313530921936;0.007388891489244998;0.09609375
1362;-0.46427487706492065;0.0;0.0;0.0;455.8136641845975;-0.016408311761915685;0.003191260842140764;8.650414609909058;0.0127877636696212;0.176171875
1363;-0.015967349066274936;0.0;0.0;0.0;188.60757903213266;-0.004952041944488883;0.004504798422567546;8.66033616065979;0.012344391376245767;0.170703125
1364;-0.5366380877764395;0.0;0.0;0.0;131.4167226457739;-0.001212374772876501;0.003480579610913992;8.660574913024902;0.008222299872431903;0.11640625
1365;-1.9193817539390727;0.0;0.0;0.0;267.1363003114601;-0.014101641112938523;0.0023208859201986343;8.655936098098755;0.007398612936958671;0.09296875
1366;-4.486332325855967;0.0;0.0;0.0;355.113759922011;-0.007824832713231445;0.004422339960001409;8.656879711151124;0.007362456351984292;0.0951171875
1367;-0.6624085372647677;0.0;0.0;0.0;128.65667957379347;-0.01195358990225941;0.0036838221945799886;8.661819171905517;0.009410161699634045;0.12578125
1368;-2.1967412753578905;0.0;0.0;0.0;179.9852230088571;-0.0061528879217803475;0.004999440268147737;8.673798418045044;0.008147727104369552;0.10390625
1369;-3.837269000471146;0.0;0.0;0.0;211.48388348046623;-0.007961659180000424;0.010738880163989961;8.686656284332276;0.01036239501554519;0.1404296875
1370;-19.45431091420761;0.0;0.0;0.0;116.97760209322631;-0.011531667830422521;0.0054265842074528335;8.692590856552124;0.008911083824932576;0.1205078125
1371;-0.021748535759687816;0.0;0.0;0.0;145.48282297506245;-0.009333415096625686;0.0014176070981193334;8.694132995605468;0.007450631004758179;0.0998046875
1372;0.15982305554691947;0.0;0.0;0.0;318.8936251094872;-0.015486423391848803;0.00165931754745543;8.699449682235718;0.008852006273809821;0.1283203125
1373;-3.171843297228623;0.0;0.0;0.0;260.95136058229946;-0.014167698752135038;0.0019707225845195355;8.705836391448974;0.007374049641657621;0.1037109375
1374;-1.9407855976848514;0.0;0.0;0.0;101.9221769854555;-0.01428976533934474;0.001695634104544297;8.710277271270751;0.01032487815245986;0.1359375
1375;-0.22448123086085026;0.0;0.0;0.0;189.72158411812086;-0.008350644912570714;0.001888057985343039;8.710182619094848;0.009025052073411644;0.131640625
1376;-4.3205920774821145;0.0;0.0;0.0;182.68143177468588;-0.008320627547800542;0.0033464400214143096;8.712044715881348;0.008766167622525245;0.1294921875
1377;-0.15374786001275823;0.0;0.0;0.0;161.08520800561269;-0.005431605479680001;0.002514707820955664;8.712422466278076;0.00844117368105799;0.116796875
1378;-0.37413708822656955;0.0;0.0;0.0;270.0696049385735;-0.014049861510284246;0.0017856757156550884;8.711035919189452;0.008096574700903147;0.1138671875
1379;0.26347971984181756;0.0;0.0;0.0;250.16839306512958;-0.010227979777846485;0.05940551327075809;8.710004949569703;0.00754802004666999;0.1013671875
1380;-3.4241693263148867;0.0;0.0;0.0;297.9301002183873;-0.011346499202772975;0.00333112517837435;8.711601543426514;0.009789235540665686;0.1310546875
1381;0.03713190851863337;0.0;0.0;0.0;243.77811867092396;-0.014158947207033635;0.0033823133097030224;8.711658811569214;0.007335485401563346;0.10546875
1382;-0.3812118921045843;0.0;0.0;0.0;78.68955157517144;-0.012067752564325929;0.0020869728818070144;8.716371393203735;0.009833947173319757;0.1349609375
1383;-11.859143855382445;0.0;0.0;0.0;354.81863822786505;-0.01753938989713788;0.0015028868685476482;8.724787282943726;0.009798131650313735;0.14453125
1384;0.5565571933964799;0.0;0.0;0.0;237.05565748900113;-0.016337494552135467;0.0010468729975400492;8.729481172561645;0.010132299968972802;0.1439453125
1385;-2.733124850537614;0.0;0.0;0.0;200.798314763077;-0.012691648956388236;0.000949622126063332;8.73044261932373;0.009475528507027774;0.1279296875
1386;-0.16310165183660583;0.0;0.0;0.0;468.0325006186569;-0.005346696800552308;0.001869641471421346;8.734153223037719;0.008352352026849984;0.119921875
1387;-0.22219989303379495;0.0;0.0;0.0;200.90928172029618;-0.007515133172273636;0.002067593589890748;8.740752840042115;0.009231621329672635;0.126953125
1388;-34.63217520023042;0.0;0.0;0.0;396.4651285543638;-0.01941963452845812;0.00344357417197898;8.739844846725465;0.006689740624278784;0.091015625
1389;-0.3139193190865053;0.0;0.0;0.0;121.4730719026265;-0.0038407544139772653;0.12506691701710224;8.73699655532837;0.010247918195091188;0.152734375
1390;-2.4769748367404034;0.0;0.0;0.0;313.0437621595204;-0.011150181444827467;0.003075290733249858;8.739847135543823;0.007881718908902258;0.1080078125
1391;-3.239549137430817;0.0;0.0;0.0;157.88485999444325;-0.012066174391657114;0.002122329588746652;8.738751697540284;0.009222590771969408;0.1322265625
1392;0.40133989939120535;0.0;0.0;0.0;226.98164044562967;-0.014576743729412556;0.002169170358683914;8.73841471672058;0.009198855445720255;0.1291015625
1393;-9.507317795868646;0.0;0.0;0.0;238.76721222038245;-0.012114811548963189;0.0019596995669417085;8.73592176437378;0.009084332385100424;0.1275390625
1394;-1.4616018737994867;0.0;0.0;0.0;149.0573422302093;-0.008673726115375757;0.0017166291014291345;8.733479738235474;0.0093567680218257;0.134375
1395;-1.2362171289704365;0.0;0.0;0.0;278.6317617965493;-0.012426306353881955;0.0009126516844844446;8.731569147109985;0.008090024709235876;0.1154296875
1396;-0.44553162035746136;0.0;0.0;0.0;139.29271255481083;-0.01197939137928188;0.0008189006533939391;8.724975538253783;0.009302189212758095;0.1263671875
1397;-10.23520391625724;0.0;0.0;0.0;352.86915567920806;-0.012338486220687627;0.0007219972874736413;8.71854476928711;0.01091275248909369;0.1439453125
1398;-6.3403032191116;0.0;0.0;0.0;391.3740203352104;0.0016696623526513577;0.11877438118681312;8.715678930282593;0.007385297655127942;0.095703125
1399;-0.15587745322010813;0.0;0.0;0.0;139.86572633637567;-0.011960023106075824;0.0030084710218943656;8.713401317596436;0.009589021117426455;0.1267578125
1400;4.954937781814955;1.0;0.7478923308099975;0.18076319787990394;184.1020740567508;-0.013701652595773339;0.06887067835777998;8.715434360504151;0.005532538157422095;0.0748046875
1401;-0.28386101346502207;0.0;0.0;0.0;262.5952126855067;-0.011372934747487306;0.10142157304799185;8.714720964431763;0.013189821632113307;0.1548828125
1402;-3.7194836949739085;0.0;0.0;0.0;76.63120788782246;-0.008947837445884944;0.05120909004472196;8.711103487014771;0.006162195734214037;0.0759765625
1403;-10.374573191629594;0.0;0.0;0.0;274.73428814948517;-0.013411906408146023;0.07174236690625549;8.70726900100708;0.008040009229443968;0.1115234375
1404;0.047316703477971886;0.0;0.0;0.0;222.06357629557507;-0.01660905221942812;0.004475531773641706;8.705199193954467;0.009048586862627417;0.11875
1405;0.08792078331989951;0.0;0.0;0.0;123.7409127923152;-0.012085978034883737;0.0031383287743665276;8.704710531234742;0.006209270446561277;0.080078125
1406;0.5715633212156567;0.0;0.0;0.0;253.55332732267976;-0.015702817449346186;0.0021380435209721327;8.70818395614624;0.0068073719274252655;0.0890625
1407;-14.51549181477798;0.0;0.0;0.0;289.91116108321097;-0.004194042272865772;0.05544665995985269;8.70410089492798;0.011658903292845935;0.1421875
1408;0.21055051748907844;0.0;0.0;0.0;357.23269393384123;-0.009265719819813967;0.05787466410547495;8.69397783279419;0.0088081483845599;0.115234375
1409;-0.2591434168757512;0.0;0.0;0.0;161.95129326194615;-0.010271391039714218;0.011089453753083945;8.68757734298706;0.010242107522208244;0.134375
1410;0.433547536641666;0.0;0.0;0.0;187.76402464414616;-0.01147163095884025;0.004276098811533302;8.690857172012329;0.007166771206539124;0.0978515625
1411;-0.6626541076079584;0.0;0.0;0.0;158.2063581134003;-0.012158344965428114;0.025941526505630464;8.696939754486085;0.01662702210014686;0.1736328125
1412;0.20691523165619596;0.0;0.0;0.0;321.8809928235573;-0.009699898026883601;0.005112383072264493;8.701805686950683;0.006781968474388123;0.0869140625
1413;-0.2740445135261256;0.0;0.0;0.0;429.9740633088956;-0.011395745258778334;0.0715196474455297;8.695789766311645;0.008855792402755469;0.12265625
1414;0.43313568770338534;0.0;0.0;0.0;309.4342625254529;-0.01882764180190861;0.0060239131562411785;8.684331893920898;0.01038270244607702;0.1462890625
1415;-0.23345042383646025;0.0;0.0;0.0;544.4441194543676;-0.006522700516507029;0.06050909103360027;8.678679084777832;0.010656341875437647;0.15
1416;-4.1525618513735045;0.0;0.0;0.0;417.26084916303563;-0.013576118322089315;0.0033188065222930162;8.680770683288575;0.008012453885748982;0.1025390625
1417;-1.0270324819460062;0.0;0.0;0.0;352.95093413048744;-0.008324590884149075;0.0017632680188398807;8.688314247131348;0.006730500247795135;0.09375
1418;-0.22278128012611761;0.0;0.0;0.0;423.94808720783186;-0.010197660885751247;0.001678864227142185;8.69670934677124;0.00915475917281583;0.1248046875
1419;-0.11485394675454694;0.0;0.0;0.0;291.92963324448266;-0.01439421575050801;0.002069678402040154;8.70642910003662;0.01244230082957074;0.1640625
1420;0.10387848661905334;0.0;0.0;0.0;586.1437216597607;-0.009330023638904094;0.06033014883287251;8.70745096206665;0.01042235060594976;0.14609375
1421;-1.036546892377288;0.0;0.0;0.0;458.11112807956886;-0.00966064790263772;0.06496755424886942;8.7026376247406;0.010013412474654615;0.137109375
1422;-0.8029611921975152;0.0;0.0;0.0;335.8378652556961;-0.010703967278823256;0.0023723676451481877;8.701395559310914;0.006755500461440534;0.0990234375
1423;-1.947984665525673;0.0;0.0;0.0;495.51182096125126;-0.013904375396668911;0.0011082428973168135;8.699859762191773;0.007652371493168175;0.104296875
1424;-2.125839626525506;0.0;0.0;0.0;323.6999354748921;-0.0015161059331148864;0.001977076003095135;8.700414037704467;0.005184854043181986;0.0720703125
1425;-0.895371585892021;0.0;0.0;0.0;431.08973449953805;-0.012309163855388761;0.0019962141639553012;8.702596092224121;0.007969642768148332;0.1
1426;0.16480725215856304;0.0;0.0;0.0;467.4444347528146;-0.009050128515809774;0.0014907364966347814;8.706606721878051;0.007145290798507631;0.0951171875
1427;-0.7254289889262152;0.0;0.0;0.0;409.6147433714603;-0.010284479707479477;0.0010396892757853493;8.709490394592285;0.008022965025156736;0.110546875
1428;-0.6014142168867644;0.0;0.0;0.0;1002.6989412669367;-0.014071311336010695;0.0007895552786067128;8.71156816482544;0.00971516858553514;0.13203125
1429;-1.0096596443617762;0.0;0.0;0.0;736.237967329599;-0.01130396854132414;0.0011430783459218218;8.708438920974732;0.006134095904417336;0.08515625
1430;-2.31909891042069;0.0;0.0;0.0;84.61390432919264;-0.009629614418372512;0.0017733311804477125;8.701588249206543;0.008063960867002607;0.11484375
1431;1.041495357209217;0.0;0.0;0.0;502.15117587355235;-0.01656694491393864;0.0008250332030002028;8.700925970077515;0.00663169949548319;0.091796875
1432;0.6486743497406854;0.0;0.0;0.0;671.1420964031142;-0.005519408732652664;0.05902576483786106;8.704647874832153;0.007152821612544357;0.093359375
1433;-0.5299959289981293;0.0;0.0;0.0;457.81502054122893;-0.006158188264816999;0.0022298646275885404;8.700511407852172;0.007464228745084256;0.1140625
1434;-11.715765149833372;0.0;0.0;0.0;742.478435015737;-0.0128181938896887;0.0029823481105268;8.700016355514526;0.00783309955149889;0.10859375
1435;-11.669166485848002;0.0;0.0;0.0;562.317917246052;-0.01259672911837697;0.0028281558305025102;8.701766681671142;0.007324591639917344;0.110546875
1436;-7.873599625733303;0.0;0.0;0.0;896.469898162095;-0.007671033777296543;0.004758543591015041;8.704963779449463;0.006613200344145298;0.0923828125
1437;-3.879888391397377;0.0;0.0;0.0;529.7990283759316;-0.007672930881381035;0.05824177816975862;8.70603928565979;0.006211863702628761;0.0865234375
1438;0.25212225889628903;0.0;0.0;0.0;679.3073957478978;-0.009340491518378258;0.0020547018270008267;8.700526571273803;0.008537429722491652;0.1205078125
1439;-13.379251841079244;0.0;0.0;0.0;690.948307549392;-0.012165761878713965;0.058211206831038;8.694911527633668;0.01144332978874445;0.15859375
1440;-0.9108650074048723;0.0;0.0;0.0;257.8955194679194;-0.004826005175709724;0.03387782159261406;8.693396472930909;0.009144712844863534;0.13125
1441;-1.1101880821058634;0.0;0.0;0.0;647.1209921008909;-0.006462537124752999;0.06006251913495362;8.699350929260254;0.011481707717757672;0.1517578125
1442;0.09608442348741505;0.0;0.0;0.0;424.81251538064043;-0.005132299917750061;0.052982466644607484;8.698555612564087;0.008879606414120644;0.130078125
1443;-7.559137234282746;0.0;0.0;0.0;28.201692052683466;-0.01696288478560746;0.011841567000374198;8.70239462852478;0.010382875183131546;0.138671875
1444;-2.8374245573043932;0.0;0.0;0.0;670.4218452854894;-0.007473518326878548;0.0653027861379087;8.708913040161132;0.008134511928074063;0.1041015625
1445;-9.145682165397579;0.0;0.0;0.0;392.32357839367904;-0.016019474086351692;0.003081748483236879;8.70983157157898;0.007174969627521932;0.103125
1446;-1.198343764567541;0.0;0.0;0.0;351.49726164644755;-0.013252838281914592;0.0027086756890639663;8.708054971694946;0.01184176622191444;0.1537109375
1447;-2.8021809346543813;0.0;0.0;0.0;338.3990814000919;-0.008392258547246456;0.06565276505425573;8.711185264587403;0.00866997935809195;0.10546875
1448;-2.427426774052071;0.0;0.0;0.0;298.3051831585571;-0.013369250390678645;0.1112661361694336;8.711457633972168;0.010135395149700344;0.123828125
1449;0.12595225996671677;0.0;0.0;0.0;429.27305645811856;-0.009101141151040793;0.0030798130086623133;8.710343551635741;0.007277776196133345;0.09140625
1450;-1.6849908197392898;0.0;0.0;0.0;406.96344357440404;-0.007348644407466054;0.06194489076733589;8.712625408172608;0.011158315872307867;0.127734375
1451;0.3950566348594121;0.0;0.0;0.0;480.5623851352418;-0.011500934045761824;0.009211032977327704;8.717096328735352;0.00917373299598694;0.1279296875
1452;-0.7567275865296946;0.0;0.0;0.0;395.6797680056128;-0.015400865720584989;0.006800778862088919;8.726044988632202;0.006657720939256251;0.093359375
1453;0.6079414607861512;0.0;0.0;0.0;393.10470419723197;-0.01073207608424127;0.006567037594504654;8.730073690414429;0.007817803125362843;0.0935546875
1454;-3.6825944922266216;0.0;0.0;0.0;472.58237226624436;-0.013696173764765262;0.0670949213206768;8.725905704498292;0.009639139485079795;0.1365234375
1455;-2.2866704021359388;0.0;0.0;0.0;508.41374994318534;-0.0015349071938544512;0.03635874839965254;8.719677305221557;0.0065525143407285215;0.0876953125
1456;-0.9743788063406905;0.0;0.0;0.0;346.84898500626815;-0.009820550656877458;0.05754731018096208;8.720576620101928;0.009460901911370456;0.137109375
1457;-16.390966364411586;0.0;0.0;0.0;620.1111801215698;-0.008050063531845808;0.10889068450778723;8.713261604309082;0.007298784505110234;0.0955078125
1458;-3.0203355738187527;0.0;0.0;0.0;555.1528030825538;-0.016983863431960344;0.003418944531586021;8.71135778427124;0.00885550850071013;0.130078125
1459;-1.2317891981260498;0.0;0.0;0.0;520.8774676964038;-0.013348049484193325;0.007531356043182313;8.712647104263306;0.008762781787663699;0.11640625
1460;-14.69569611250503;0.0;0.0;0.0;436.74827350015534;-0.02423425680026412;0.06697104377672077;8.723416948318482;0.011710537481121719;0.1576171875
1461;-4.589923148306182;0.0;0.0;0.0;421.2960678013805;-0.005661949538625777;0.006855030474252999;8.731908273696899;0.009120314253959805;0.1248046875
1462;-0.42155036259429596;0.0;0.0;0.0;518.0829053236943;-0.015397187555208802;0.0038651670678518713;8.737362480163574;0.007358333270531148;0.1068359375
1463;-11.137433114223931;0.0;0.0;0.0;473.00382757027245;-0.015669548138976096;0.0019618764519691466;8.739831590652466;0.010010652174241842;0.1443359375
1464;5.385082946031584;1.0;0.708568151541515;0.29537996996585514;204.66834422694697;-0.009156627953052521;0.049686363083310425;8.736829853057861;0.008381405961699784;0.0974609375
1465;-4.1266019683748585;0.0;0.0;0.0;534.9313912180043;-0.013578330818563699;0.0025684603722766043;8.728263902664185;0.009139444376342;0.1263671875
1466;-0.1764544675647385;0.0;0.0;0.0;623.9109224408202;-0.019326610397547482;0.0650092801079154;8.719255447387695;0.012075075856409967;0.1671875
1467;-0.8639778120844342;0.0;0.0;0.0;670.9547705787788;-0.018700698483735324;0.0025983108091168104;8.718681287765502;0.00626895270543173;0.0744140625
1468;-0.2785974420080036;0.0;0.0;0.0;483.58751090968474;-0.01866191769950092;0.060616896767169234;8.715258598327637;0.010874627355951816;0.1396484375
1469;0.6141381715989714;0.0;0.0;0.0;468.26772220353376;-0.0088845269754529;0.007695081573911011;8.712104892730713;0.008804025768768042;0.1171875
1470;0.040550306277154786;0.0;0.0;0.0;369.61080218962843;-0.014915783936157823;0.0027320301858708264;8.713603639602661;0.008028817747253924;0.1138671875
1471;-4.254920356496694;0.0;0.0;0.0;446.03700390395824;-0.010245635593309998;0.0040093469200655815;8.713287830352783;0.008001219865400344;0.112109375
1472;-10.378893835632475;0.0;0.0;0.0;598.4044011430128;-0.01592559632845223;0.0027685261680744588;8.708272027969361;0.006694045511540026;0.0923828125
1473;-0.8921296143941712;0.0;0.0;0.0;341.0366223846405;-0.008285266649909317;0.0021491654275450855;8.703549337387084;0.008676514006219804;0.1306640625
1474;-0.06267031861411582;0.0;0.0;0.0;376.50542515561943;-0.010146416490897536;0.05873218053020537;8.708422565460205;0.008416433003731072;0.1142578125
1475;-8.559751772381237;0.0;0.0;0.0;238.72058257677185;-0.009970885701477528;0.0016287866164930165;8.711790847778321;0.009381455031689256;0.1369140625
1476;-0.161014618754494;0.0;0.0;0.0;513.0717753764312;-0.01440620250068605;0.0020765138033311814;8.714025831222534;0.008584588207304478;0.12421875
1477;-0.7245836172098048;0.0;0.0;0.0;439.54183901118154;-0.0038309804862365127;0.0022076285735238344;8.72068519592285;0.00795554913347587;0.108984375
1478;-0.3749820834154681;0.0;0.0;0.0;340.8507847525903;-0.017822032049298286;0.002893613954074681;8.722488021850586;0.009251218673307448;0.1287109375
1479;-8.770761096480038;0.0;0.0;0.0;336.72392779185805;-0.014247978664934635;0.0030890861409716306;8.71739239692688;0.007793444639537484;0.1171875
1480;0.5171228124389109;0.0;0.0;0.0;604.4584753532362;-0.00695710708387196;0.0020163669076282533;8.716913414001464;0.007480826147366315;0.0998046875
1481;-5.548352569629305;0.0;0.0;0.0;302.032991041648;-0.006024819798767567;0.002505968068726361;8.723313236236573;0.006844399019610137;0.0935546875
1482;-8.15019933653979;0.0;0.0;0.0;580.1495018394954;-0.011517263110727071;0.002677495824173093;8.729852628707885;0.011511997203342617;0.1669921875
1483;-0.26293570866331667;0.0;0.0;0.0;546.1318401471793;-0.012479364732280373;0.003486015321686864;8.732951593399047;0.007813449238892645;0.112109375
1484;0.5185005213981396;0.0;0.0;0.0;292.89947751686816;-0.019409468583762645;0.0024773719254881144;8.732426357269286;0.007847446610685437;0.1029296875
1485;-1.0752930810599761;0.0;0.0;0.0;353.12529489809225;-0.013387326407246292;0.0020142504130490125;8.732283926010131;0.008695998869370669;0.1220703125
1486;-9.536361153387103;0.0;0.0;0.0;458.89518748571084;-0.01162018779432401;0.0016876403300557286;8.737215089797974;0.008303267578594387;0.1111328125
1487;-0.8461506846251583;0.0;0.0;0.0;249.88956678422218;-0.013370514381676912;0.0020672237093094735;8.733076000213623;0.009182010416407139;0.131640625
1488;0.4056108834584529;0.0;0.0;0.0;216.69861856001634;-0.013777509168721735;0.001985314686316997;8.729073333740235;0.007443207548931241;0.1068359375
1489;-0.22699876546679196;0.0;0.0;0.0;400.08800790573264;-0.012281098845414817;0.002327600074931979;8.726147651672363;0.0061404473963193595;0.0814453125
1490;0.5556088918744948;0.0;0.0;0.0;155.20773783923715;-0.01037809057161212;0.001956943399272859;8.7224196434021;0.007153613795526326;0.0943359375
1491;-0.2788016441790001;0.0;0.0;0.0;273.5066400816452;-0.022610040102154016;0.0680920872837305;8.719794702529907;0.008885092497803272;0.1166015625
1492;-0.2476508526192506;0.0;0.0;0.0;148.16570396363866;-0.014036512095481157;0.003185417363420129;8.71520562171936;0.01035262835212052;0.1455078125
1493;-0.16547166444530065;0.0;0.0;0.0;340.3152524930672;-0.01108060274273157;0.06109978449530899;8.709985446929931;0.007833704783115536;0.1111328125
1494;0.13163302413702374;0.0;0.0;0.0;231.07516827741043;-0.022148753283545375;0.0024579805904068053;8.705721998214722;0.007351737760473043;0.0984375
1495;-6.397137718273184;0.0;0.0;0.0;273.36026585934945;-0.009599857614375651;0.0049650816479697825;8.705739402770996;0.007252301822882145;0.0974609375
1496;-0.04161770049263075;0.0;0.0;0.0;290.1287667581372;-0.011824157647788524;0.0032566704670898617;8.704957008361816;0.007658427290152758;0.10546875
1497;0.0240653942172104;0.0;0.0;0.0;358.84392659978903;-0.011063890648074448;0.035737631923984735;8.700544309616088;0.006942942820023746;0.0865234375
1498;-1.4560869244887946;0.0;0.0;0.0;258.6868419215174;-0.011085392348468304;0.004065070056822151;8.698852491378783;0.006238165451213718;0.0751953125
1499;0.6382566211347467;0.0;0.0;0.0;309.750171338766;-0.014427284803241491;0.003939963434822858;8.701532888412476;0.007295688288286329;0.099609375
1500;0.12303237106911595;0.0;0.0;0.0;296.9645048737321;-0.002334801247343421;0.061688037635758516;8.699525308609008;0.010533531324472278;0.134375
1501;0.31838363310817275;0.0;0.0;0.0;299.72575272232746;-0.0060797277837991714;0.004083430161699653;8.701566934585571;0.005714216793421656;0.06875
1502;-5.5312577316711256;0.0;0.0;0.0;268.2724514329384;-0.010408146679401398;0.05763017679564655;8.704247760772706;0.00900908822659403;0.1291015625
1503;0.34881061665580976;0.0;0.0;0.0;343.9131725558191;-0.011684706900268793;0.06892193499952555;8.70286455154419;0.008915769797749818;0.1302734375
1504;-0.9054799428865168;0.0;0.0;0.0;304.2173688550931;-0.013579809363000095;0.00578039102256298;8.700850200653075;0.008922628650907427;0.1185546875
1505;0.08322383816983281;0.0;0.0;0.0;288.47246165882757;-0.0152395871700719;0.0036754062166437507;8.705215454101562;0.008130321803037077;0.1107421875
1506;-8.699659628797429;0.0;0.0;0.0;201.71798890406689;-0.016616659145802258;0.0027462751721031966;8.70850887298584;0.008164042991120368;0.11015625
1507;-0.5357501057765993;0.0;0.0;0.0;177.62840721127873;-0.009429831057786942;0.057598126120865345;8.706610059738159;0.009137461602222174;0.1173828125
1508;-6.9450692895729;0.0;0.0;0.0;269.4942627564944;-0.0019634764175862074;0.027179259969852865;8.705459833145142;0.006668282521422953;0.094921875
1509;1.6199077257588586;0.0;0.0;0.0;218.65674064153404;-0.008368950337171555;0.008513312158174812;8.705659008026123;0.009706115268636495;0.1376953125
1510;-0.33933698308833843;0.0;0.0;0.0;149.6125079413213;-0.012766494695097209;0.010801009531132878;8.70660572052002;0.007369194028433413;0.1017578125
1511;0.26175617428361003;0.0;0.0;0.0;141.39261161051385;-0.00707186278887093;0.006505810073576868;8.712377119064332;0.008821056422311813;0.1033203125
1512;0.09306359238315903;0.0;0.0;0.0;255.17254374410052;-0.006376560591161251;0.007553438516333699;8.716121101379395;0.008091172797139733;0.1162109375
1513;0.14546613152533597;0.0;0.0;0.0;97.05288046578758;-0.014383447589352727;0.004902105347719043;8.712409591674804;0.008212914783507585;0.1115234375
1514;-1.8104620913337668;0.0;0.0;0.0;239.73580698585394;-0.021425750222988427;0.003550768690183759;8.710766792297363;0.005529723572544753;0.0720703125
1515;1.029255570909404;0.0;0.0;0.0;170.45498828067508;-0.00809428496286273;0.005770650156773627;8.714331150054932;0.010945223493035883;0.1544921875
1516;0.47173040894958607;0.0;0.0;0.0;242.68191973932346;-0.006204361002892256;0.002053429855732247;8.719690370559693;0.006577736628241837;0.0806640625
1517;-1.538837534872404;0.0;0.0;0.0;262.73763705932885;-0.0037054866552352905;0.001980169239686802;8.724231100082397;0.005633415409829467;0.0748046875
1518;4.757917402198842;1.0;0.6443741247142852;0.1970897480136491;359.37071574096854;-0.00946718086488545;0.0022389740275684743;8.731003141403198;0.006927552330307662;0.0822265625
1519;-0.8881863036817752;0.0;0.0;0.0;228.62382989082383;-0.01553595783188939;0.0018836669565644114;8.734910917282104;0.008447159477509559;0.1052734375
1520;-2.547096498948733;0.0;0.0;0.0;239.9145597203536;-0.012542519811540842;0.0014949245494790375;8.733177280426025;0.008008243096992374;0.1115234375
1521;-0.5877039231321793;0.0;0.0;0.0;317.7216912040021;-0.011423445027321576;0.0022443590103648605;8.734659814834595;0.005453883099835366;0.0732421875
1522;-1.0528855186894444;0.0;0.0;0.0;248.79207879742526;-0.009602641966193915;0.0013656440714839846;8.740939521789551;0.007736750575713813;0.114453125
1523;-0.5858916571663657;0.0;0.0;0.0;133.25193852693192;-0.015099592693150043;0.0018218280922155828;8.741721725463867;0.008994694415014238;0.133203125
1524;-0.29407442352533947;0.0;0.0;0.0;269.86454965578395;-0.014694089023396372;0.002721634053159505;8.742475986480713;0.008448352478444577;0.1029296875
1525;-0.055899986830566864;0.0;0.0;0.0;483.84216659669505;-0.015401974925771356;0.0023729873646516353;8.747638130187989;0.009316002938430757;0.1302734375
1526;0.6842686095048301;0.0;0.0;0.0;262.07172420748185;-0.008346710749901832;0.0011704381555318832;8.755638122558594;0.005620924755930901;0.069921875
1527;4.716940098134023;1.0;0.8146373773538556;0.17054839027840482;183.81100213119356;-0.009994804253801703;0.0008463335310807451;8.762566518783569;0.008187280374113471;0.1150390625
1528;5.7228579415508145;1.0;0.8543408223009753;0.24566635761453004;132.14224707091495;-0.007299257651902735;0.000974174658767879;8.761269807815552;0.006693406833801418;0.09140625
1529;6.271919831705366;1.0;0.6708433069981921;0.21038174967949064;237.70584348602213;-0.012409400613978504;0.0601678840816021;8.755084323883057;0.007641332712955773;0.09921875
1530;-1.8148384653707905;0.0;0.0;0.0;188.550171189436;-0.00042548845522105694;0.003944853052962572;8.753356742858887;0.007728590478654951;0.1083984375
1531;0.5018081953079193;0.0;0.0;0.0;260.98178223831616;-0.021429498959332705;0.0031984126195311545;8.755070734024049;0.007027889380697161;0.093359375
1532;3.38173578564019;1.0;0.7360645851181578;0.3161612996029027;176.59193026290646;-0.004767345264554024;0.0014384317386429758;8.756647157669068;0.005703704198822379;0.0763671875
1533;4.1336444843359;1.0;0.6080937788833285;0.1560781977432728;302.69755776395846;-0.01744029251858592;0.0022518336249049754;8.75682110786438;0.009496584557928145;0.1384765625
1534;4.133212760198474;1.0;0.6355772039933536;0.1537502435041247;203.4374640242541;-0.007428089901804924;0.0020018838811665775;8.756048107147217;0.00888371851760894;0.12421875
1535;0.421418708188924;0.0;0.0;0.0;266.3152706536246;-0.0058508026646450165;0.0034244417445734145;8.759568309783935;0.0064966368023306135;0.0859375
1536;-3.0813138618463864;0.0;0.0;0.0;145.94621624949855;-0.005502316635102034;0.06371962954290211;8.763061952590942;0.009432822605594993;0.1244140625
1537;5.082759363747921;1.0;0.8176701886244231;0.17875926003758147;183.68996213063392;-0.01660779621452093;0.0031189273344352842;8.761171054840087;0.00723243678221479;0.0984375
1538;5.662812983482904;1.0;0.861249563882571;0.19360373184071575;85.57230405080817;-0.008091813884675503;0.003321130096446723;8.763166570663453;0.007868286897428333;0.1080078125
1539;-0.5122216527220951;0.0;0.0;0.0;185.29932515561785;-0.009469735622406005;0.06869338508695363;8.772070264816284;0.009855729737319052;0.1326171875
1540;-3.0904776834206107;0.0;0.0;0.0;279.07524321156484;-0.016965093300677837;0.0035371667589060964;8.782831478118897;0.010029036784544587;0.1361328125
1541;-3.3458962938835786;0.0;0.0;0.0;233.65003731169898;-0.007636492559686303;0.05875510305631906;8.78754448890686;0.010123759019188583;0.1328125
1542;6.106691130046469;1.0;0.8410505476710056;0.20019154504088107;92.32711853655981;-0.0158470222260803;0.004829149798024446;8.787889194488525;0.007022665033582598;0.0958984375
1543;-12.46253163163263;0.0;0.0;0.0;225.70026143132927;-0.01651140018366277;0.006455515348352492;8.790748023986817;0.009970022726338356;0.12890625
1544;0.043313088347132433;0.0;0.0;0.0;342.0187584390162;-0.0016147347632795572;0.0036802357761189343;8.797218942642212;0.006760143372230232;0.090625
1545;7.12419137032995;1.0;0.7365037807039098;0.33645454183347084;175.58928560540727;-0.0021653341129422186;0.045351619459688665;8.798579597473145;0.006544504140038043;0.0873046875
1546;-6.738679223503557;0.0;0.0;0.0;253.94626960647713;-0.012201941898092627;0.009544721757993101;8.800632095336914;0.00796616255538538;0.1095703125
1547;1.496929028919026;0.0;0.0;0.0;311.59898200644966;-0.00936751626431942;0.06142472601495683;8.80437798500061;0.004857268615160138;0.0607421875
1548;-8.73569090277657;0.0;0.0;0.0;204.9120188532612;-0.011681163497269154;0.0034227623720653353;8.803540134429932;0.007433668861631304;0.1025390625
1549;0.9640939728398763;0.0;0.0;0.0;235.62122278274452;-0.018902201671153307;0.0031031431281007826;8.80082459449768;0.009867978258989751;0.13984375
1550;6.37317240661175;1.0;0.45326455822498407;0.18636424990056466;257.6277547381073;-0.02016188995912671;0.0031341492081992327;8.797622299194336;0.005396634025964886;0.075390625
1551;-0.08065280976497895;0.0;0.0;0.0;372.88700801012845;-0.0037114945240318774;0.0022412989696022124;8.795819902420044;0.00814029787434265;0.1166015625
1552;0.3855029699915005;0.0;0.0;0.0;237.3618392437974;-0.016017205687239765;0.0022830930363852532;8.79382872581482;0.008392520085908472;0.1166015625
1553;1.6588490402770082;0.0;0.0;0.0;292.4837862081643;-0.008335156738758088;0.002780826960224658;8.78728232383728;0.00707778831711039;0.090625
1554;6.675020908463022;1.0;0.3936555747444081;0.18716381111757913;370.7367520907121;-0.007609705766662955;0.002232717536389828;8.789412927627563;0.00901852227980271;0.13359375
1555;4.772007414778862;1.0;0.40896328003517873;0.15574678921605725;411.59050825374135;-0.015199472242966295;0.004182955820579082;8.793388652801514;0.010576486506033688;0.1470703125
1556;1.2277825035932375;0.0;0.0;0.0;526.8521493497626;-0.015158884692937136;0.006368929799646139;8.794435596466064;0.009831093554385006;0.132421875
1557;-0.07692770207382665;0.0;0.0;0.0;434.4222985537499;-0.017764092469587923;0.0028627951571252195;8.798966264724731;0.008419647766277193;0.121875
1558;0.23221374513536475;0.0;0.0;0.0;572.0400834695059;-0.008267792314291;0.002974538062699139;8.800324773788452;0.0053876069840043785;0.0703125
1559;-1.649145235058852;0.0;0.0;0.0;638.7289022949493;-0.012012075027450919;0.00204479600652121;8.798914337158203;0.006842379248701036;0.094140625
1560;5.675763618078934;1.0;0.7582348756047045;0.28465312176384483;204.3174023329715;-0.011697883997112513;0.046869784162845464;8.792194128036499;0.006253612053114921;0.080078125
1561;-10.447812411471881;0.0;0.0;0.0;615.0364210087457;-0.011754043307155371;0.002700055076275021;8.788516664505005;0.006698949530255049;0.0912109375
1562;-4.568195746206651;0.0;0.0;0.0;26.109043159344996;-0.014395573502406478;0.0036323887412436306;8.78890528678894;0.009501789195928723;0.1236328125
1563;-0.7537401849940143;0.0;0.0;0.0;188.4442821386379;-0.009363134857267141;0.0041930869221687315;8.792303323745728;0.010463017993606627;0.155078125
1564;-4.013430096315176;0.0;0.0;0.0;38.50172919680317;-0.013865429814904929;0.0016079847002401948;8.795413160324097;0.008719748654402792;0.1224609375
1565;-1.0162951731180152;0.0;0.0;0.0;624.2983549974092;0.0029946947935968636;0.053932000114582476;8.79998288154602;0.005951682780869305;0.076171875
1566;3.2540877061541207;1.0;0.8285823184403318;0.5706874033287176;155.86411905944675;-0.015223275776952505;0.009099266887642444;8.799645709991456;0.0074735525995492935;0.10390625
1567;-0.7122907103518621;0.0;0.0;0.0;623.0500077607896;-0.012330054491758346;0.00760646965354681;8.804126358032226;0.00783309240359813;0.1029296875
1568;6.329633823617508;1.0;0.78015993203974;0.48128373034498734;230.28447979014072;-0.01513541559688747;0.006211733666714281;8.805639171600342;0.007933802902698517;0.0984375
1569;-1.196654312461172;0.0;0.0;0.0;1069.5546887931916;-0.008558654692023993;0.003187631512992084;8.808728694915771;0.011014482798054814;0.1552734375
1570;-1.3155141033660829;0.0;0.0;0.0;663.4768262827935;-0.006877600820735097;0.0027986713452264667;8.80917410850525;0.007845002540852875;0.1017578125
1571;-0.6249614607384837;0.0;0.0;0.0;237.34010606027866;-0.011513328133150934;0.0021467150887474417;8.809661960601806;0.005472088442184031;0.0673828125
1572;-0.9553899336458344;0.0;0.0;0.0;352.34012213784547;-0.012534073647111654;0.0713517309166491;8.808641052246093;0.008317623368930072;0.12421875
1573;5.0325438888833585;1.0;0.4990057280338799;0.2506985055911197;398.9769813425004;-0.005440557654947042;0.014408812578767537;8.807791233062744;0.0060534578748047355;0.076171875
1574;4.170929486309314;1.0;0.754254278138039;0.1516626720346622;193.04920559594584;-0.005011348985135555;0.004765817814040929;8.806796884536743;0.005175414483528584;0.064453125
1575;-0.8256378185188868;0.0;0.0;0.0;462.1106380999995;-0.01316424049437046;0.008025954919867217;8.801668548583985;0.006385536934249103;0.092578125
1576;-1.1983279127439013;0.0;0.0;0.0;470.4658480805886;-0.00986034469678998;0.004235211992636323;8.796806478500367;0.008522110525518656;0.1171875
1577;-1.168721099714593;0.0;0.0;0.0;680.6039365147548;-0.010066887177526952;0.00609261600766331;8.792817544937133;0.010351827088743448;0.1416015625
1578;-0.0677256695725166;0.0;0.0;0.0;807.7067436809575;-0.006906010536476969;0.005299343843944371;8.791510581970215;0.007789506344124675;0.1111328125
1579;-0.20577811418492095;0.0;0.0;0.0;745.2899820138728;-0.012067660642787813;0.009130828338675201;8.792027997970582;0.012195733736734837;0.157421875
1580;-0.33745985620763164;0.0;0.0;0.0;541.8482282978426;-0.01037343384232372;0.07259089425206185;8.799334287643433;0.010015636240132153;0.1419921875
1581;-0.8898807088536098;0.0;0.0;0.0;638.9254249210101;-0.012257728539407254;0.0048437935533002015;8.807484865188599;0.008478762197773904;0.1326171875
1582;-0.3509406160125908;0.0;0.0;0.0;887.5221283758318;-0.025887790275737642;0.0035355095053091644;8.81720290184021;0.01116812335094437;0.160546875
1583;-3.3080950503829585;0.0;0.0;0.0;45.07161094464308;-0.01836880357004702;0.0033199080615304412;8.822219133377075;0.009716986783314497;0.1388671875
1584;-0.3457294373948534;0.0;0.0;0.0;800.6860884537043;-0.006383098219521344;0.0016380502842366696;8.827425527572633;0.007572123175486922;0.1048828125
1585;-0.1430101866458935;0.0;0.0;0.0;707.68813192204;-0.007923586526885629;0.0014940270048100501;8.828325939178466;0.00889205769635737;0.122265625
1586;-13.406826762862595;0.0;0.0;0.0;901.7171326005689;-0.014642305811867118;0.0023397740675136446;8.82431139945984;0.010272308450657875;0.1505859375
1587;5.308201230507473;1.0;0.243955235367308;0.1703775796120316;1157.3638415612;-0.004332514898851514;0.0024975897162221373;8.823720741271973;0.009679815266281366;0.133203125
1588;-0.13753460029579503;0.0;0.0;0.0;831.8958248136927;-0.0077700464520603415;0.0014155237353406847;8.820461893081665;0.008982073073275388;0.12421875
1589;-1.1421005950882368;0.0;0.0;0.0;866.3611841400036;-0.0055524900555610655;0.0012530238251201808;8.810792446136475;0.007071577350143343;0.1005859375
1590;5.679357033498768;1.0;0.8066510280693636;0.30189136984270465;202.1005889435338;-0.008502202713862062;0.005368344811722636;8.809522247314453;0.008366096101235598;0.1099609375
1591;-0.16345741169971553;0.0;0.0;0.0;895.9231325673786;-0.018504846980795263;0.0061085840687155725;8.810863542556763;0.0076358378631994125;0.10625
1592;0.3443386999022324;0.0;0.0;0.0;829.6932844767293;-0.006227953219786286;0.009214721107855438;8.809339380264282;0.0066316707176156345;0.0884765625
1593;-0.8815641456834442;0.0;0.0;0.0;732.2255788566376;-0.008606218826025724;0.0031250897096469997;8.806989622116088;0.007932779216207563;0.11171875
1594;-0.5147459269437771;0.0;0.0;0.0;793.3952245388775;-0.0071214251453056935;0.002686160826124251;8.806643438339233;0.006951220449991524;0.0919921875
1595;0.19989939594944584;0.0;0.0;0.0;659.3587271632372;-0.007407249929383397;0.0018291494634468108;8.809072875976563;0.009688202431425453;0.12890625
1596;5.750811465677262;1.0;0.36076279744327366;0.1699691851680369;270.1539672986071;-0.012981509184464812;0.003879743255674839;8.809517097473144;0.007785104436334222;0.108984375
1597;-2.985184285279242;0.0;0.0;0.0;64.413855677086;-0.010112028848379851;0.010368322767317296;8.81188268661499;0.010288137348834426;0.1361328125
1598;-1.4480308859586315;0.0;0.0;0.0;111.39757751146686;-0.01039249445311725;0.0048896644031628965;8.80995864868164;0.005532389995642007;0.0708984375
1599;-1.5474291996636274;0.0;0.0;0.0;827.0761185012043;-0.004123044246807694;0.003031666111201048;8.807094287872314;0.006776799482759088;0.0849609375
1600;-7.024169396082856;0.0;0.0;0.0;374.36688869283233;-0.004187800269573927;0.004749277082737535;8.802993106842042;0.007918980438262224;0.1125
1601;-0.043582037628332015;0.0;0.0;0.0;982.5379805947798;-0.015297910873778164;0.0031222775229252874;8.802710056304932;0.007906017964705825;0.11328125
1602;-9.323795295271006;0.0;0.0;0.0;1082.579281299051;-0.010042502055875957;0.003628230339381844;8.801939582824707;0.007526046212296933;0.1017578125
1603;0.6436081641353047;0.0;0.0;0.0;579.6167615428782;-0.01098630577325821;0.005101162102073431;8.804486989974976;0.008140770590398461;0.10625
1604;-0.2726013720152458;0.0;0.0;0.0;766.0785441955143;-0.008348378352820873;0.0038886724738404154;8.811080694198608;0.005213101394474506;0.0623046875
1605;-0.12500167597934408;0.0;0.0;0.0;751.3220653840127;-0.018350355932489036;0.0068787828553467985;8.814047384262086;0.006597248057369142;0.0826171875
1606;-0.5749787042650027;0.0;0.0;0.0;771.3553194563393;-0.013465931033715605;0.002570149424718693;8.816342067718505;0.007315493992064148;0.0931640625
1607;0.31341369581588424;0.0;0.0;0.0;361.2811191937573;-0.005048534227535128;0.0032434966647997498;8.817428731918335;0.008396801818162204;0.119921875
1608;-2.968253357534578;0.0;0.0;0.0;693.5380368120057;-0.011253206711262464;0.005738004215527326;8.818585920333863;0.00791212887270376;0.1111328125
1609;0.7742644554552298;0.0;0.0;0.0;360.3727659034989;-0.010545114381238818;0.004192861309275031;8.820691776275634;0.006936297309584916;0.1021484375
1610;-2.2261236502060786;0.0;0.0;0.0;604.3394417080332;-0.017189943976700307;0.003258320048917085;8.822851610183715;0.007997707463800907;0.1140625
1611;-0.9335717119807384;0.0;0.0;0.0;514.152066485156;-0.004039201606065035;0.05980215417221189;8.829978799819946;0.008913063502404839;0.121484375
1612;-1.6888523421378958;0.0;0.0;0.0;478.0010953888271;-0.013436262076720596;0.0075251774629578;8.83700680732727;0.006623900774866342;0.083984375
1613;0.28826105028038335;0.0;0.0;0.0;961.1265800957264;-0.003956646251026541;0.006266952934674918;8.842948198318481;0.007058567344211042;0.0974609375
1614;-8.262964597283169;0.0;0.0;0.0;772.7257671793219;-0.015821952326223254;0.016748466808348895;8.847824811935425;0.007464066334068775;0.0984375
1615;0.8450263865611415;0.0;0.0;0.0;259.034053869189;-0.012059434456750751;0.004794813471380621;8.855019092559814;0.008782593859359622;0.1166015625
1616;0.7924338893280236;0.0;0.0;0.0;802.2179918779757;-0.015038567990995944;0.0029670436982996763;8.850450086593629;0.007255195383913815;0.098046875
1617;0.6518095346284588;0.0;0.0;0.0;900.292573837569;-0.0028737001586705445;0.0025920354411937295;8.846404886245727;0.006628106138668955;0.0919921875
1618;-5.176473487948666;0.0;0.0;0.0;198.0078911183413;-0.01197701138444245;0.0026684026699513195;8.84161958694458;0.011568266397807747;0.161328125
1619;-4.826828024108361;0.0;0.0;0.0;703.4964323663721;-0.016302835242822767;0.0017473409126978368;8.837534523010254;0.00634732668986544;0.0876953125
1620;-3.049747518704305;0.0;0.0;0.0;615.5351172352043;-0.005837282259017229;0.0022259627876337618;8.837864446640015;0.0047666279249824585;0.0537109375
1621;0.27359715742396684;0.0;0.0;0.0;715.7190536853535;-0.016355597181245685;0.010772536275908351;8.839156675338746;0.00842672964790836;0.1126953125
1622;0.7671539716134069;0.0;0.0;0.0;840.3148410296022;-0.010669592954218387;0.005018719553481788;8.838137483596801;0.006150380545295775;0.0806640625
1623;-1.3319127821841987;0.0;0.0;0.0;850.64675547038;-0.012246357696130871;0.0043365058023482565;8.836815977096558;0.008614125195890665;0.107421875
1624;-0.481790291347569;0.0;0.0;0.0;816.4482230357747;-0.013626420963555574;0.0029369058203883467;8.835991668701173;0.008317093132063746;0.1166015625
1625;-0.02724772637441912;0.0;0.0;0.0;656.64556293003;-0.012074645236134529;0.00339934800285846;8.835134983062744;0.008988432574551553;0.134765625
1626;-7.881585429996773;0.0;0.0;0.0;413.73540014497144;-0.014184269681572914;0.002213026484241709;8.830181074142455;0.00948975090868771;0.1341796875
1627;0.6397408764068379;0.0;0.0;0.0;788.3211796246165;-0.008658449281938374;0.0016846603481099009;8.827905941009522;0.007843560783658176;0.09765625
1628;-0.15916375161693797;0.0;0.0;0.0;982.3974293252988;-0.012123325653374196;0.0020889651670586316;8.827764844894409;0.0055419271695427595;0.073828125
1629;0.9119513457612631;0.0;0.0;0.0;788.0870918397653;-0.00940357306972146;0.001615036156727001;8.825462102890015;0.006649323576129973;0.0923828125
1630;-6.45960424141542;0.0;0.0;0.0;474.6128117395862;-0.009499904653057455;0.002370362723013386;8.833085441589356;0.0073737727478146555;0.1013671875
1631;-3.359088952945698;0.0;0.0;0.0;173.90257990940557;-0.008668118994683028;0.005995257571339607;8.835710620880127;0.01493588495068252;0.213671875
1632;-1.7050076283257227;0.0;0.0;0.0;566.0048198442518;-0.015454683941788972;0.00389360865810886;8.836260557174683;0.008769642177503556;0.115234375
1633;-0.7234557706693105;0.0;0.0;0.0;238.9733141591988;-0.005579390283674002;0.001529312483035028;8.841896963119506;0.005992743652313948;0.0810546875
1634;-7.097391643778013;0.0;0.0;0.0;304.03077690933975;-0.016540545923635363;0.0013497387524694204;8.849062156677245;0.008554557512979954;0.1123046875
1635;-0.5120326876604103;0.0;0.0;0.0;880.3928253846397;-0.009925326169468462;0.005068655067589134;8.850190496444702;0.0073950439575128256;0.096875
1636;-1.9029843554832888;0.0;0.0;0.0;371.55561918633884;-0.011798304552212358;0.0024184842710383236;8.855176782608032;0.009255765052512289;0.1302734375
1637;-1.614903964768556;0.0;0.0;0.0;443.2427991221568;-0.010375046986155212;0.005551796243526042;8.858760690689087;0.007285008544567972;0.097265625
1638;5.229575149703456;1.0;0.4999281680859432;0.3272202616358992;447.5869610674841;-0.008645105129107832;0.015283054672181606;8.863513374328614;0.009974643378518522;0.1482421875
1639;0.18862941506590067;0.0;0.0;0.0;735.8999475658132;-0.009521865611895918;0.004031993518583477;8.867632007598877;0.009755127190146595;0.13828125
1640;0.7787866941496694;0.0;0.0;0.0;445.6415112093334;-0.016674315510317683;0.003051699319621548;8.867587280273437;0.006721158931031823;0.0951171875
1641;-0.2159255860588476;0.0;0.0;0.0;739.3239936239951;-0.01310877907089889;0.0013694068940822036;8.872433090209961;0.008987393358256667;0.125
1642;-3.6246455590363817;0.0;0.0;0.0;277.85643662109555;-0.013134076306596399;0.002384140557842329;8.885009050369263;0.007701089791953564;0.1072265625
1643;-4.27487567418738;0.0;0.0;0.0;180.25621086104877;-0.014578731032088399;0.0032186376629397273;8.887765073776245;0.01021808743244037;0.1462890625
1644;-2.201737986322313;0.0;0.0;0.0;775.9258373891795;-0.012035225983709097;0.006400893325917423;8.886006736755371;0.008544199273455889;0.121875
1645;-3.036302482955784;0.0;0.0;0.0;714.2816100296516;-0.006900494918227196;0.0074356598779559135;8.891149711608886;0.007887556799687445;0.1046875
1646;-3.8420486846224553;0.0;0.0;0.0;119.93927901076049;-0.011073539080098272;0.007214486412703991;8.889600944519042;0.008473613276146352;0.115625
1647;0.041063788197550355;0.0;0.0;0.0;430.7803876549186;-0.008027048083022237;0.0073284321464598175;8.890090274810792;0.009807285061106086;0.1419921875
1648;-3.5273697285854477;0.0;0.0;0.0;500.6857633735783;-0.0055688702501356605;0.010144345834851265;8.88921823501587;0.006095144443679601;0.0783203125
1649;0.2427848115725656;0.0;0.0;0.0;760.3766123116669;-0.01044394695200026;0.0046373204211704435;8.886076736450196;0.007436145725660026;0.0927734375
1650;-0.34993365782879204;0.0;0.0;0.0;504.8046102691048;-0.015460834605619311;0.0037550531793385743;8.884224271774292;0.00816748831421137;0.0953125
1651;-3.7907787575896243;0.0;0.0;0.0;25.606929921309288;-0.012035158090293407;0.00507778194732964;8.890425777435302;0.0075071972911246124;0.1037109375
1652;-6.809768141355953;0.0;0.0;0.0;980.1132627817851;-0.005934653128497303;0.0030074749724008144;8.89249095916748;0.006820147810503841;0.0861328125
1653;0.8754468672022235;0.0;0.0;0.0;537.528507383061;-0.008758297096937895;0.0020146795897744594;8.892333745956421;0.006387777149211615;0.091796875
1654;0.2659004570683215;0.0;0.0;0.0;644.7014499947844;-0.008588819368742406;0.0015287660295143723;8.891606664657592;0.008557608898263425;0.1044921875
1655;-0.9058977476399057;0.0;0.0;0.0;737.3253579997901;-0.00897850445471704;0.002611628849990666;8.894566440582276;0.006406472611706704;0.081640625
1656;-1.8526318787977707;0.0;0.0;0.0;607.4464234485656;-0.010061342315748335;0.0015507646487094462;8.89984130859375;0.006855200685095042;0.0943359375
1657;6.153498632180131;1.0;0.9073887153131592;0.6995194416127368;83.95641374807843;-0.009847026923671365;0.0016955199767835437;8.906148624420165;0.007867669593542815;0.1056640625
1658;0.39064741797600755;0.0;0.0;0.0;642.1633706467092;-0.012165245204232632;0.0011761743924580514;8.905922269821167;0.008364194713067263;0.11875
1659;4.674028269988951;1.0;0.8031067704201293;0.2245735023576717;257.54826282019627;-0.011627282481640577;0.0012918666907353327;8.906728601455688;0.008045492228120565;0.1201171875
1660;-1.3510629051776077;0.0;0.0;0.0;881.5731894459335;-0.006464050197973847;0.0019607790221925826;8.901245498657227;0.007786534051410854;0.1072265625
1661;5.411658926623779;1.0;0.42939543852416606;0.13417759866783469;253.50763090142883;-0.002015133108943701;0.0013368542888201774;8.90064525604248;0.009596901934128255;0.13046875
1662;-0.3008085112751503;0.0;0.0;0.0;431.6867603303027;-0.009356220997869969;0.0028226061956956984;8.897885990142822;0.006597144587431103;0.091015625
1663;-0.48736849599456905;0.0;0.0;0.0;863.5856330794893;-0.010310035990551114;0.004522323724813759;8.897958135604858;0.006108529702760279;0.07734375
1664;-15.04698712613163;0.0;0.0;0.0;1086.6482467381804;-0.018821333674713968;0.0032297502970322967;8.900942659378051;0.008270353358238936;0.1171875
1665;-1.853603406920032;0.0;0.0;0.0;1031.976926141798;-0.001977070141583681;0.003300101845525205;8.910491943359375;0.0077692446764558555;0.1111328125
1666;-0.05518058637166723;0.0;0.0;0.0;844.7612160008674;-0.015663156937807798;0.0027189853717572987;8.920432376861573;0.005727636301890016;0.0759765625
1667;0.8328215514138755;0.0;0.0;0.0;723.1523309292203;-0.013464314676821233;0.002200909442035481;8.929284858703614;0.008702729130163789;0.109375
1668;-0.5001741001485969;0.0;0.0;0.0;460.0916019960593;-0.008778758905827999;0.002724366635084152;8.92728796005249;0.006908429658506065;0.0947265625
1669;6.762223369787732;1.0;0.35978632552730244;0.24755861397822904;379.25646638288595;-0.010825535003095865;0.0025652543758042158;8.924664831161499;0.01060438024578616;0.1513671875
1670;-2.2360863407746465;0.0;0.0;0.0;785.6848009549497;-0.015060864994302392;0.0031996908248402177;8.923723411560058;0.006473820901010186;0.0779296875
1671;-3.16490063700064;0.0;0.0;0.0;261.27904349672303;-0.001862581167370081;0.005946179514285177;8.921971940994263;0.004400362865999341;0.0529296875
1672;0.2514479010593882;1.0;0.367759402147405;0.14867508840935115;400.74746775635214;-0.011436376394703985;0.001863876305287704;8.92135739326477;0.007927997736260295;0.10546875
1673;6.058723707627354;1.0;0.7738292438211036;0.3941958633286805;183.0147640091986;-0.010001538367941976;0.004924814950209111;8.918624114990234;0.0059028120245784525;0.075390625
1674;-5.010777471871311;0.0;0.0;0.0;421.2621576761959;-0.012357297423295676;0.0055228570010513066;8.922506666183471;0.0077235575881786644;0.1072265625
1675;5.2810008751034925;1.0;0.48204573380932536;0.2340829626637147;521.1369721358304;-0.015667768754065038;0.0022728202340658752;8.926656770706177;0.008074854046571999;0.113671875
1676;6.657967092864273;1.0;0.49309738800726766;0.3229486025557443;208.89967885706773;-0.012277479330077768;0.0025015451945364477;8.921190547943116;0.008568059874232859;0.115234375
1677;-4.121972218009341;0.0;0.0;0.0;682.397926284121;-0.010223572934046387;0.00340889556100592;8.912760162353516;0.006388058105949312;0.0791015625
1678;6.692811257839434;1.0;0.46883734405725386;0.3592144751114991;394.63288576341455;-0.005832840967923403;0.0036275934195145964;8.91094937324524;0.004314827336929739;0.0517578125
1679;2.8463947385465187;1.0;0.2719457468138429;0.18472081004453228;555.4772193265993;-0.02532910807058215;0.003160710964584723;8.91664662361145;0.007662033708766103;0.105078125
1680;-2.9999421550927345;0.0;0.0;0.0;1229.0006362537438;-0.000498016458004713;0.002033246750943363;8.91634407043457;0.006215068080928176;0.0880859375
1681;-1.3095262722095535;0.0;0.0;0.0;698.0039195042367;-0.013653295766562223;0.004746688308659941;8.91093306541443;0.007785189209971577;0.1072265625
1682;-0.3988284821746389;0.0;0.0;0.0;833.5596891468059;-0.011329525103792547;0.0819647016003728;8.909305191040039;0.00849072280107066;0.1212890625
1683;-0.7433891749397757;0.0;0.0;0.0;558.6528156163183;-0.014578277990221978;0.01041825811844319;8.901760530471801;0.008202399441506714;0.12265625
1684;0.4978160039072361;0.0;0.0;0.0;540.1087904523738;-0.0021752271335572005;0.003993042837828397;8.902701902389527;0.00713962079025805;0.1005859375
1685;5.802443021889301;1.0;0.7681297391309672;0.7178024158910687;180.4385815582014;-0.01777313821949065;0.002107287920080125;8.906959009170532;0.010590578615665435;0.148046875
1686;-1.7090249185923163;1.0;0.3955364895877692;0.29688908855115786;632.0164412533524;-0.007095176121219992;0.0018995032703969627;8.910549879074097;0.00784412130014971;0.1119140625
1687;-0.2569102344807353;0.0;0.0;0.0;700.8435364879581;-0.01451422511599958;0.003415974706877023;8.913308954238891;0.011056558636482805;0.155859375
1688;-5.70738960538994;0.0;0.0;0.0;1038.872866869949;-0.002008136734366417;0.006371571379713714;8.91787314414978;0.0068214613711461425;0.0923828125
1689;0.1932333829822909;0.0;0.0;0.0;743.2867528211115;-0.008099847473204136;0.003059511596802622;8.919079685211182;0.009834772092290223;0.126953125
1690;5.182323519184594;1.0;0.48819042208832714;0.33369185053166145;251.1985615846292;-0.014086612407118082;0.002750445099081844;8.923031616210938;0.007660677237436175;0.1037109375
1691;-3.1594255483492146;1.0;0.29333622720055963;0.2121853718529404;899.3022863743336;-0.012314304895699024;0.004988267435692251;8.922691440582275;0.0070696927257813515;0.0955078125
1692;6.444958784471771;1.0;0.5271201071580752;0.4221238599770648;344.0802445779837;-0.0005265372805297375;0.003159946482628584;8.921181774139404;0.007105372019577771;0.094921875
1693;1.112203907289152;0.0;0.0;0.0;1045.8732810499787;-0.013289090059697629;0.0032404763856902718;8.926812076568604;0.007941321970429271;0.108984375
1694;1.3670597300645249;0.0;0.0;0.0;794.0772447387034;-0.010558092687278985;0.004507278045639396;8.92824125289917;0.008833281823899596;0.1279296875
1695;0.3358487435235533;0.0;0.0;0.0;529.5931929672636;-0.006892724381759763;0.002807069290429354;8.927468967437743;0.0058427066542208195;0.0794921875
1696;1.553087576728292;1.0;0.31314411658009356;0.215161667582793;568.2515854066417;-0.008490217803046107;0.006474764517042786;8.928961658477784;0.005036565044429153;0.0626953125
1697;-0.5894484040460702;0.0;0.0;0.0;1125.4191658728994;-0.011720252502709628;0.0021585815120488405;8.935281801223756;0.010311900509987027;0.137890625
1698;2.722598419874088;1.0;0.3610597237363716;0.26365484236483927;529.2332692427583;-0.004701697872951627;0.0011947081657126546;8.940564012527465;0.0068922813632525505;0.0986328125
1699;-0.5184840340713709;0.0;0.0;0.0;984.159913911217;-0.007166042923927307;0.003064342658035457;8.9444429397583;0.0076773825683631005;0.1033203125
1700;-0.21923316433324994;0.0;0.0;0.0;428.89526712061627;-0.014586477261036634;0.008627376123331486;8.95198850631714;0.006401925173122436;0.0861328125
1701;6.542112852960573;1.0;0.7492080126651243;0.38477686062976574;155.06808798728184;-0.006793108489364386;0.008005636953748762;8.960649061203004;0.006585281575098634;0.090234375
1702;-17.498671701230847;0.0;0.0;0.0;111.34297151905746;-0.01273236214183271;0.00493176057934761;8.96990442276001;0.0065767669235356156;0.092578125
1703;0.4524353262953125;0.0;0.0;0.0;824.5074930972808;-0.012936960207298398;0.002438156632706523;8.974699211120605;0.009465591132175178;0.141015625
1704;6.53855751888849;1.0;0.7878211173252067;0.7024576073531666;158.35504083921626;-0.013441965822130442;0.0022785047825891525;8.979541683197022;0.008648596378043294;0.1244140625
1705;4.597224860509287;1.0;0.5810422180637614;0.4157955063323207;250.19650904428377;-0.01414885725826025;0.0031052988138981163;8.979421854019165;0.005221621587406844;0.0611328125
1706;-1.0829036071941462;0.0;0.0;0.0;779.7777776647756;-0.011817287793383003;0.0049966073129326105;8.982569408416747;0.00773215937661007;0.1080078125
1707;7.653083352067858;1.0;0.6140642340918155;0.5090531836446417;182.18280319571028;-0.00679701582994312;0.002504912804579362;8.983569431304932;0.007663931231945753;0.1119140625
1708;-0.4844252505477443;0.0;0.0;0.0;728.7749281529311;-0.01190551114268601;0.0019444997538812458;8.989488792419433;0.00881092163035646;0.121875
1709;-0.0676302136640831;0.0;0.0;0.0;616.4883835497296;-0.009817086067050696;0.001926617813296616;8.990981912612915;0.006129180733114481;0.07734375
1710;5.663263413755608;1.0;0.5046828695802383;0.24212467786733227;370.6985117488011;-0.018718785257078707;0.0025572508573532106;8.986625623703002;0.007379292522091419;0.1056640625
1711;-2.130191028763402;0.0;0.0;0.0;98.87491491708555;-0.011219843197613955;0.004009399120695889;8.987275838851929;0.0066366784507408735;0.0841796875
1712;0.1254162895646139;0.0;0.0;0.0;658.568263458499;-0.023015519697219135;0.001850783743429929;8.99345417022705;0.007460051402449608;0.096484375
1713;-3.4140537146284897;0.0;0.0;0.0;1011.1846007103318;-0.011073214141651988;0.0013547879527322948;8.994143104553222;0.009276349155697972;0.1333984375
1714;3.862114233437655;1.0;0.40928219660184895;0.3251577841386885;612.8707771815011;-0.016144331125542522;0.00120451616239734;8.993634986877442;0.005643383669666946;0.0763671875
1715;-2.163748744349925;0.0;0.0;0.0;91.20055555230236;-0.021413139766082168;0.0023773192311637103;8.991783666610718;0.00940429219044745;0.1353515625
1716;5.456103218253835;1.0;0.37892518182177676;0.13242390869819354;302.1818146719123;-0.009614372858777642;0.00217702443478629;8.98890175819397;0.007924728631041943;0.11953125
1717;2.966713741684332;1.0;0.3355040048842495;0.2556338730587449;400.9110569097617;-0.0145718012470752;0.06364577375352383;8.987285089492797;0.01031641715671867;0.1494140625
1718;-1.3304195608227418;0.0;0.0;0.0;680.9027068043705;-0.0008693485520780087;0.003338162030559033;8.982285165786744;0.008005608059465884;0.11640625
1719;-19.48788426826517;0.0;0.0;0.0;323.61197122066756;-0.005139176803641021;0.005191751988604665;8.98061137199402;0.008527755131945014;0.1267578125
1720;6.097223916082567;1.0;0.43747446112959865;0.3189013830075968;318.53958537826844;-0.008021538937464356;0.05806459807790816;8.980340671539306;0.006796965631656349;0.096875
1721;-3.3353005922985552;0.0;0.0;0.0;1021.6963803532594;-0.015280956798233093;0.004999169299844652;8.976893377304076;0.013649054057896137;0.17890625
1722;3.144217570194429;1.0;0.49578188289791725;0.37762262483586984;377.35451994261507;-0.012996590742841364;0.0032275856006890534;8.975945043563843;0.0106667710817419;0.147265625
1723;-1.787821266391338;0.0;0.0;0.0;695.1754232465205;0.0007112107705324888;0.00544152450747788;8.968512296676636;0.004535950685385615;0.0541015625
1724;-4.99213219320404;0.0;0.0;0.0;734.8093741595112;-0.011616248823702335;0.0040302841807715595;8.96325101852417;0.0059324836358428;0.08125
1725;-5.81459721313234;0.0;0.0;0.0;876.2631425679613;-0.00784387094900012;0.00492853035684675;8.961206102371216;0.007993168733082711;0.1111328125
1726;0.031347591431425306;0.0;0.0;0.0;1219.4767939069911;-0.0041633312124758955;0.0032006561639718713;8.962748718261718;0.00758343207417056;0.109765625
1727;-4.627237532447482;0.0;0.0;0.0;1191.2259364291263;-0.012284603645093739;0.00211919424473308;8.969582414627075;0.006019207986537367;0.0681640625
1728;-4.756812184057552;0.0;0.0;0.0;272.9427120128145;-0.01460185565520078;0.0017897145764436573;8.963820886611938;0.007647165912203491;0.1109375
1729;-0.02102013500894362;1.0;0.28443913310072877;0.1811375258232621;959.563890223808;-0.013339885324239732;0.0033780131954699753;8.95472230911255;0.008976183645427228;0.12578125
1730;-6.493604148745563;1.0;0.5882474060113569;0.18166607961140713;239.74455850184754;-0.017713823541998863;0.0034720548312179743;8.95246148109436;0.006193627801258117;0.082421875
1731;-1.2907132953994782;0.0;0.0;0.0;654.5726072586805;-0.016126641258597373;0.004268755647353828;8.950445222854615;0.0078121104277670385;0.1064453125
1732;-3.550576613197389;0.0;0.0;0.0;848.7958100435542;-0.01196254719980061;0.007668259809724987;8.94677209854126;0.007631859695538879;0.1056640625
1733;-2.189014089025459;0.0;0.0;0.0;620.1843758876362;-0.009979110304266214;0.007640229910612107;8.951174688339233;0.006381043151486665;0.09375
1734;-0.36204863636977946;0.0;0.0;0.0;948.6084063416221;-0.013377130776643754;0.0058308235835284;8.961501741409302;0.00877700854325667;0.117578125
1735;4.791002804623124;1.0;0.49405065787716845;0.3849605580917413;393.81078578313526;-0.00866925367154181;0.002980241598561406;8.968667793273926;0.010256230365484953;0.1484375
1736;4.082840442882564;1.0;0.47958553262392123;0.3571100448276003;381.26701737248766;-0.012484936695545911;0.0021901866770349444;8.974416732788086;0.007509454956743866;0.0998046875
1737;-1.168725891184088;0.0;0.0;0.0;962.8699273288645;-0.01955352700315416;0.0032284039189107716;8.979722690582275;0.00972924791276455;0.13671875
1738;5.600889988861724;1.0;0.4299194790525398;0.1944093719596264;479.6627083152679;-0.021174956439062954;0.0058541242848150436;8.9821448802948;0.010882865451276303;0.1529296875
1739;-12.527402917850099;0.0;0.0;0.0;912.8312777787776;-0.00796298049390316;0.007322348677553237;8.985107278823852;0.006590106955263764;0.092578125
1740;-0.883059359075284;0.0;0.0;0.0;1120.9880573169985;-0.012189679825678468;0.008199207461439073;8.982912397384643;0.004362034692894668;0.05625
1741;-0.5744224464710431;0.0;0.0;0.0;888.0411372048612;-0.011511400109156966;0.007401468767784536;8.981961584091186;0.008247201109770685;0.116015625
1742;-0.5000943221484424;0.0;0.0;0.0;334.8218821552576;-0.008896348462440074;0.006291340757161379;8.983741426467896;0.009034590679220855;0.126171875
1743;6.1282468107357735;1.0;0.45736394003451175;0.24746015818384182;367.1471844320182;-0.009338338067755103;0.005385889019817114;8.984540367126465;0.007129234878811985;0.09375
1744;-5.872994204838227;0.0;0.0;0.0;481.4510742771277;-0.015565685089677572;0.0053927125525660815;8.982867622375489;0.007290189026389271;0.1
1745;-12.102431885386927;0.0;0.0;0.0;118.25413007422772;-0.02069547292776406;0.016033005388453602;8.987668704986572;0.007667488628067076;0.1099609375
1746;5.462093092402348;1.0;0.3868122221951939;0.21466551342457937;698.4656789529532;-0.017842867784202097;0.008650744264014066;8.994103050231933;0.009717607928905636;0.1416015625
1747;3.6660078621190766;1.0;0.5231328544973628;0.3758989675804629;359.81119270831346;-0.013469454227015376;0.002612945984583348;9.007920408248902;0.008924562553875148;0.1265625
1748;6.717926939775708;1.0;0.7893095404093786;0.7563301934785279;150.9098466275714;-0.015457240911200643;0.0036705913371406496;9.0128662109375;0.006581586378160864;0.0935546875
1749;-1.2071154373591264;0.0;0.0;0.0;913.5743276171828;-0.009513725433498621;0.0037943664006888866;9.013548231124878;0.0063923006411641834;0.0892578125
1750;-0.7239295985405562;0.0;0.0;0.0;943.2110023001969;-0.006311158370226622;0.0037086087511852385;9.013475322723389;0.005793398793321103;0.075
1751;-4.512754577521282;0.0;0.0;0.0;1228.5066557248824;-0.007059028279036284;0.005654571740888059;9.015623617172242;0.00683149789692834;0.0943359375
1752;4.631633847876165;1.0;0.39553282289187575;0.30031706863279667;570.3171674060267;-0.011264004884287715;0.0033173678210005166;9.018162727355957;0.011445104866288603;0.1634765625
1753;6.999000620771691;1.0;0.3764811613798297;0.28139635688741754;373.73274550281735;-0.01013790292199701;0.007844090578146279;9.020757627487182;0.007835522165987641;0.09453125
1754;-3.676521287433639;0.0;0.0;0.0;108.631121185301;-0.014277569483965635;0.008769490849226713;9.028415393829345;0.00844742702320218;0.1107421875
1755;-2.633551946728712;0.0;0.0;0.0;299.1918388059625;-0.00533172432333231;0.011954843439161778;9.041017293930054;0.0062672499916516244;0.0845703125
1756;-1.9553200975468397;0.0;0.0;0.0;694.9935137934559;-0.010782251739874483;0.01030703792348504;9.055558824539185;0.006961284403223545;0.09375
1757;2.3706410362608348;1.0;0.3986648472719667;0.3261309059709532;608.6824466008136;-0.006430159648880362;0.010211011185310781;9.067828273773193;0.005733904708176851;0.0763671875
1758;5.684983824899038;1.0;0.26513703469521643;0.19648377504377373;582.5010972339094;-0.012802445096895099;0.006388147757388651;9.074010181427003;0.009594418399501592;0.1302734375
1759;5.581766719781898;1.0;0.2696789833210048;0.19446570102028105;703.1536028984676;-0.008197384374216198;0.003644182998687029;9.082206773757935;0.009147379640489816;0.130859375
1760;-9.088410388469553;0.0;0.0;0.0;838.1939085688477;-0.012500883359462023;0.011266251467168331;9.089494991302491;0.010110638069454581;0.143359375
1761;6.970764392336791;1.0;0.5099462232424863;0.48932932120007255;310.3215143245318;-0.01148514689411968;0.01774502149783075;9.091655397415161;0.00851044588489458;0.1298828125
1762;6.363664765530514;1.0;0.39502808331754985;0.30597767907073753;619.6171866301833;-0.014278224296867847;0.008958203345537185;9.09575138092041;0.008689763594884426;0.1271484375
1763;-1.0489503547290282;0.0;0.0;0.0;1002.1783263318388;-0.0019699491560459135;0.008313817740418016;9.100189352035523;0.009769798279739917;0.13828125
1764;-0.03641327853690586;0.0;0.0;0.0;874.1994477998423;-0.006989726703613997;0.005177782336249948;9.102065086364746;0.007630964950658381;0.110546875
1765;6.863369086608856;1.0;0.7702740085080549;0.6414895623033864;128.62834848760835;-0.01873988313600421;0.006845292123034597;9.105767011642456;0.007801860803738236;0.10234375
1766;6.625807462681138;1.0;0.33540757886287237;0.2530033128717756;606.3709005215215;-0.014931842871010303;0.016302188904955984;9.104571199417114;0.014163121057208627;0.1677734375
1767;0.0123059988157896;0.0;0.0;0.0;1151.3084602003162;-0.006514676660299301;0.019669799134135246;9.102919340133667;0.0077262312639504675;0.1013671875
1768;-0.1595907038123701;0.0;0.0;0.0;703.6737920363258;-0.01399001693353057;0.017784392368048428;9.100108814239501;0.006479442247655243;0.085546875
1769;5.01104762227236;1.0;0.3210039667506886;0.24889572332803786;619.7546733247542;-0.019314322294667362;0.011708626616746187;9.099431562423707;0.008134323416743427;0.1109375
1770;5.014006635957106;1.0;0.3203785430054725;0.243051019413167;595.5570930697444;-0.011277260165661574;0.007674812013283372;9.100593614578248;0.007288443809375167;0.0970703125
1771;7.180118019320894;1.0;0.398701706073248;0.3098582582437529;392.6665577139913;-0.011039113719016313;0.004299578804057092;9.104392814636231;0.006593640602659434;0.0869140625
1772;-0.4880498618741134;0.0;0.0;0.0;836.2577874498656;-0.011674247309565544;0.007158993673510849;9.111483144760133;0.013134257472120225;0.1802734375
1773;5.332860566329071;1.0;0.290273430757627;0.2156659170285088;636.8481080359388;-0.00043439804576337335;0.009585386863909662;9.117362308502198;0.004292097524739802;0.0455078125
1774;-5.774327780927504;0.0;0.0;0.0;661.6433991103349;-0.012092562718316912;0.004828471783548593;9.121014499664307;0.007915675081312657;0.105859375
1775;5.5009094374233065;1.0;0.34109867824218204;0.2223475350022628;555.4021366904317;-0.006334642274305224;0.06762210987508296;9.125007629394531;0.006119132146704942;0.075390625
1776;5.650155341488236;1.0;0.4004824132579554;0.3218051817313883;576.7239538202152;-0.008113318285904825;0.005498948041349649;9.126123332977295;0.007860977842938155;0.1103515625
1777;7.311199719621648;1.0;0.42945921305183193;0.340460677340214;385.80067878872063;-0.006487494939938188;0.021230361331254242;9.133593654632568;0.006295792630407959;0.080078125
1778;6.04680435151778;1.0;0.7313461577353216;0.6206699368217257;138.0111141838145;-0.017996340012177824;0.013269899832084774;9.14094443321228;0.008585662848781794;0.1171875
1779;-7.295516691422504;0.0;0.0;0.0;69.77942387229318;-0.002882236521691084;0.010928919585421682;9.148584651947022;0.0054283856181427835;0.0724609375
1780;-3.4997283386584033;0.0;0.0;0.0;1095.1078466564154;-0.001538106519728899;0.011368732526898384;9.152932834625243;0.00729542839108035;0.0986328125
1781;6.279070065784953;1.0;0.8442827138316621;0.414190302378081;121.39715033822942;-0.019042672496289013;0.003952346474397928;9.153802299499512;0.006767261493951082;0.090625
1782;6.820170620133702;1.0;0.34819763356436967;0.26447748680744043;414.91347847472133;-0.02131131011992693;0.0590931202750653;9.154547882080077;0.009257424715906381;0.1212890625
1783;3.319452544996047;1.0;0.2169496846889778;0.16018320371555092;606.4180711782462;-0.014682570565491914;0.009042600588873028;9.15835943222046;0.012294830230530351;0.175390625
1784;-1.2645512752795756;0.0;0.0;0.0;217.76141611816615;-0.008265896560624241;0.007916696392931044;9.158215284347534;0.00916195659665391;0.1271484375
1785;6.577564726763461;1.0;0.8221635966816091;0.2874325712840547;123.3582376765501;-0.010267110681161285;0.01656361958011985;9.162960243225097;0.006866914452984929;0.0962890625
1786;-0.3308531153091342;0.0;0.0;0.0;297.6668883032951;-0.012801578035578132;0.006666939449496567;9.16604561805725;0.012196915224194527;0.1693359375
1787;-3.6059695850612274;0.0;0.0;0.0;615.5927814729683;-0.0014122959226369857;0.011155131552368403;9.170043849945069;0.005808281502686441;0.066015625
1788;4.430092109362129;1.0;0.3373832890055525;0.26924080915008886;418.73320298890354;-0.010843358002603054;0.009648743411526084;9.177414417266846;0.005197934701573104;0.0580078125
1789;-5.988120304574068;0.0;0.0;0.0;358.29596391558545;-0.006176634505391121;0.004613879148382694;9.18419370651245;0.005843370547518134;0.0755859375
1790;-10.576049831574316;0.0;0.0;0.0;1147.1796962394646;-0.010044009471312166;0.004779146669898182;9.187815761566162;0.006498535990249366;0.08671875
1791;-9.949559109593048;0.0;0.0;0.0;1266.727402155677;-0.009077139338478446;0.013323061866685748;9.185131597518922;0.008077969239093364;0.1158203125
1792;6.160482502929652;1.0;0.4279125321499582;0.3355342494038725;273.20618927869066;-0.015195820853114128;0.011487143952399493;9.18709692955017;0.007413657533470541;0.1021484375
1793;-4.160226781892854;0.0;0.0;0.0;95.09117708010218;-0.01828621015883982;0.00709584925789386;9.192562198638916;0.007814658898860216;0.1072265625
1794;6.660050146525535;1.0;0.7140510570108477;0.6226441183284321;166.15885037307027;-0.013973957998678089;0.0062824073014780876;9.1935791015625;0.0069533584988676015;0.098046875
1795;2.2156918611491956;1.0;0.40571369493415527;0.32245041398816165;312.2397109896829;-0.010817976761609316;0.009000765276141465;9.194335222244263;0.00861489875242114;0.1224609375
1796;0.330369256439249;0.0;0.0;0.0;790.1152808911264;-0.022474151756614446;0.0024360633629839866;9.198578214645385;0.009965876513160766;0.131640625
1797;1.8942220044831157;1.0;0.2918756076244406;0.22393489040453143;977.5975474832967;-0.020969729404896498;0.0027364128967747093;9.201605844497681;0.008394622278865426;0.1228515625
1798;6.65798402020443;1.0;0.35239111777716026;0.26265219568566434;681.4802120422694;-0.015451033972203732;0.0014697413775138558;9.195864963531495;0.007149563787970692;0.1046875
1799;-0.1836212777709164;0.0;0.0;0.0;840.3781719113335;-0.011683043092489243;0.005062207544688136;9.18990354537964;0.009248071699403226;0.1291015625
1800;-1.541288779078153;0.0;0.0;0.0;959.9293119773004;-0.0069890700746327635;0.007914129388518631;9.18764033317566;0.006894597830250859;0.0966796875
1801;-0.6618138646741074;0.0;0.0;0.0;938.2685503360435;-0.012382532982155681;0.01030265111476183;9.186551904678344;0.0077214168733917175;0.1076171875
1802;3.646105349504417;1.0;0.2428785098293086;0.18738617272063784;554.9409712952835;-0.012321452191099525;0.005392801435664296;9.188805675506591;0.00987417264841497;0.139453125
1803;6.6299512650545545;1.0;0.2998386437180522;0.2352121283658247;648.18559467916;-0.009375092689879239;0.007629542541690171;9.19172215461731;0.008040765859186649;0.106640625
1804;-8.858291183665695;0.0;0.0;0.0;78.0752412853831;-0.013239993713796139;0.0019858569023199378;9.188892841339111;0.007174095010850578;0.098046875
1805;-0.395061633310541;0.0;0.0;0.0;785.3401716362536;-0.011735752411186694;0.004530220152810216;9.18687801361084;0.008123660879209637;0.1158203125
1806;-0.6426262551980494;0.0;0.0;0.0;773.1600883653452;-0.0031867100857198238;0.003386376891285181;9.187904977798462;0.0051986992359161375;0.0646484375
1807;-4.124258619262606;0.0;0.0;0.0;1101.2474334681294;-0.019739951752126218;0.004448583000339568;9.195202445983886;0.009493455337360502;0.133984375
1808;6.229286286986888;1.0;0.4162914157871586;0.32682345209507263;283.71149554426376;-0.00877964049577713;0.007639347668737173;9.199697923660278;0.008853801456280053;0.1310546875
1809;5.312671680286583;1.0;0.3379984768791129;0.2671323971395814;697.9340702589052;-0.003988236235454678;0.010296246595680713;9.202744340896606;0.007136941852513701;0.096875
1810;-1.0556881706233985;0.0;0.0;0.0;1172.8031552588445;-0.010860869335010648;0.004801074741408229;9.204354333877564;0.006839525233954191;0.0875
1811;1.0525305457487502;0.0;0.0;0.0;814.6012231333891;-0.019616432418115438;0.006528380373492837;9.202730178833008;0.012873087904881685;0.180078125
1812;4.445178610047175;1.0;0.33039431563517674;0.2382809365406779;559.1286676143643;-0.008606878272257746;0.004391688120085746;9.20324773788452;0.008065841626375914;0.1103515625
1813;6.780760560381845;1.0;0.391577888654915;0.2987066541197197;299.06055537229537;-0.0063782780431211;0.006236970517784357;9.21227412223816;0.005825506942346692;0.0755859375
1814;5.185106504703416;1.0;0.31789796442743695;0.2610683666407565;925.0812708736374;-0.012747613107785582;0.007701469259336591;9.218580055236817;0.0059086802531965075;0.0794921875
1815;6.647850911963166;1.0;0.3432866933029914;0.28886085558818825;648.4287204133883;-0.0147964583709836;0.004078143369406461;9.220189142227174;0.006768511538393795;0.0970703125
1816;-0.7006097469678418;0.0;0.0;0.0;801.477319087412;-0.007059616036713123;0.0018960650020744651;9.21977219581604;0.005991465598344803;0.0771484375
1817;-0.5852411113619719;0.0;0.0;0.0;239.1483292967102;-0.022202581632882357;0.0034494981286115945;9.218901443481446;0.006482077203691006;0.0912109375
1818;-2.8390081334809367;0.0;0.0;0.0;431.1576100489133;-0.013179541844874621;0.003324383869767189;9.21532483100891;0.008028406067751348;0.10859375
1819;1.4275033713238185;1.0;0.2669913741485147;0.2133904507579512;942.2242153071569;-0.0137336244340986;0.0020011200103908777;9.213954162597656;0.007455324660986662;0.10390625
1820;4.266345345230759;1.0;0.5013043846315611;0.20033752995215734;506.03860267907845;-0.01093768747523427;0.0020722766988910736;9.218095064163208;0.005598094908054918;0.0685546875
1821;0.22399184910617026;0.0;0.0;0.0;898.1601188170035;-0.015605974989011884;0.0029434212017804386;9.21653094291687;0.006169739528559148;0.07578125
1822;-1.722568213119526;1.0;0.26984995355289665;0.21995172403658508;762.3497638567419;-0.016021573403850197;0.0026281628641299905;9.216578912734985;0.008090732572600245;0.11484375
1823;-1.4939134392186464;0.0;0.0;0.0;1445.4917936788108;-0.004919740883633494;0.0018021725991275162;9.22146110534668;0.007920410274527967;0.0990234375
1824;5.983426482078605;1.0;0.3052777502926014;0.23927878979827555;773.5184376670617;-0.01730673455167562;0.0038296314654871822;9.226270914077759;0.007970396184828133;0.1041015625
1825;-0.5237073538368241;0.0;0.0;0.0;934.6775540327378;-0.007488414272665977;0.00267505383817479;9.232529163360596;0.006340556894429028;0.088671875
1826;-0.24866181394360923;0.0;0.0;0.0;1080.0490784199808;-0.00911256151739508;0.002756234200205654;9.22894744873047;0.006143126112874597;0.083984375
1827;-1.4170633810830833;0.0;0.0;0.0;1035.4308126918327;-0.014879526942968369;0.0021563763672020285;9.22557692527771;0.009041632839944214;0.1345703125
1828;3.6237234969710066;1.0;0.3084936383043209;0.2491505397929167;350.12573414370735;-0.015002165641635656;0.00285921135218814;9.225763654708862;0.008349807560443878;0.1123046875
1829;1.904044543289388;1.0;0.35809855360886395;0.2929049537255278;595.3635108743454;-0.007220057351514697;0.0016670741606503725;9.226423120498657;0.007291276275645941;0.1041015625
1830;-3.7575611866033958;0.0;0.0;0.0;40.2167087353718;-0.008517877664417028;0.0011765993433073163;9.223954820632935;0.007959204330109059;0.1091796875
1831;0.5451935882689015;0.0;0.0;0.0;950.9917528969255;-0.00715417331084609;0.0025395125965587797;9.224065446853638;0.006669960531871766;0.08828125
1832;0.06524387831229503;0.0;0.0;0.0;948.0079382934788;-0.013274665595963598;0.0014942971465643495;9.22277603149414;0.007764683931600303;0.115234375
1833;1.8560388668669576;1.0;0.3518520542003144;0.29178469457296224;777.8066578125496;-0.017525211721658707;0.0019497898989357053;9.222090435028075;0.007685797859448939;0.1013671875
1834;3.878326997749402;1.0;0.352793752836468;0.29863244041678544;424.8061331141424;-0.015896743442863227;0.008188944403082132;9.218922424316407;0.010133907618001103;0.1447265625
1835;-4.176640991394216;0.0;0.0;0.0;87.92464047525779;-0.01399944513104856;0.006305557559244335;9.21921353340149;0.007176768581848592;0.0849609375
1836;-0.5885197724682958;0.0;0.0;0.0;864.9774726667987;-0.02071309955790639;0.006082094716839492;9.221454524993897;0.008971871878020465;0.129296875
1837;5.61094495113338;1.0;0.34397768280680047;0.26666834454597654;557.4270668765013;-0.01682594041340053;0.005138450302183628;9.223610639572144;0.010069385811220855;0.1490234375
1838;2.2591616696042456;1.0;0.29908600751581715;0.2325039357026736;704.4846192815633;-0.013344045355916023;0.0064312914153561;9.227347230911255;0.005597249884158373;0.076953125
1839;-3.434938780908783;0.0;0.0;0.0;986.9758936857395;-0.020502645708620548;0.008641458139754832;9.22817850112915;0.009377340553328395;0.1197265625
1840;0.2903578153114931;0.0;0.0;0.0;949.792172151144;-0.009784614737145602;0.0026713543687947095;9.232020854949951;0.005847695702686906;0.075
1841;0.45696271546926476;0.0;0.0;0.0;454.78458569880746;-0.013529399316757918;0.0026228701637592165;9.237126398086549;0.006413966533727944;0.08671875
1842;-0.08151040176364013;0.0;0.0;0.0;1340.3116419724038;-0.00876292185857892;0.002106519974768162;9.242355489730835;0.009118095482699573;0.126171875
1843;-7.581996101754731;0.0;0.0;0.0;62.5088015971843;-0.011781812505796551;0.003691904025617987;9.248946952819825;0.007512204872909933;0.0990234375
1844;-2.2620085227797904;0.0;0.0;0.0;1375.0295377962757;-0.013557409960776567;0.0065645196475088595;9.25430612564087;0.005002936895471067;0.0615234375
1845;-0.27871346320141227;0.0;0.0;0.0;1234.182969070059;-0.004660061420872807;0.011459969426505267;9.255537605285644;0.007800488406792283;0.0955078125
1846;3.6191351984825486;1.0;0.25333735364613497;0.1856380970166007;491.12065380811237;-0.005777082405984402;0.00932545813266188;9.25546293258667;0.008856793551240116;0.1119140625
1847;-7.016873831479693;0.0;0.0;0.0;627.2994747511789;-0.015455772401764989;0.006746086222119629;9.250815391540527;0.00791709627956152;0.1025390625
1848;-1.0201827692288763;1.0;0.7112044044916038;0.5574375147454332;173.92635226665135;-0.004570758156478405;0.0035564951598644257;9.245246410369873;0.006707546149846167;0.097265625
1849;3.477244962913398;1.0;0.3429012400473016;0.22501951320883945;725.9810569315281;-0.011520866211503744;0.004324561741668731;9.239848232269287;0.008027613174635916;0.1158203125
1850;6.380154777984968;1.0;0.2815172073657103;0.21120591837041514;660.9275883341123;-0.013694292679429055;0.006446894374676049;9.236401748657226;0.012331231508869677;0.17265625
1851;-5.619907349887074;0.0;0.0;0.0;28.395020716170624;-0.018505971785634755;0.007250066217966378;9.241734218597411;0.01263633097987622;0.1826171875
1852;-1.4497984315402244;1.0;0.28081244972244085;0.21020645630428433;563.592294878352;-0.011674354504793882;0.005162744456902147;9.2463809967041;0.005795873026363552;0.073046875
1853;-0.9885429155200183;0.0;0.0;0.0;84.65621097225865;-0.015127302799373864;0.004753385367803275;9.25190806388855;0.007958415185566992;0.115234375
1854;-1.6385161377552548;0.0;0.0;0.0;848.6130746310882;-0.014828943042084574;0.005091771367006004;9.257517242431641;0.006385056499857456;0.0822265625
1855;-1.8924916473682392;0.0;0.0;0.0;925.828101911159;-0.008606560900807381;0.00325460615567863;9.261851263046264;0.006405322789214551;0.0869140625
1856;6.0430641108611445;1.0;0.3480998303630961;0.26324787359172297;409.390916688138;-0.010983213665895164;0.0026992921368218957;9.26352219581604;0.007544900290668011;0.103125
1857;-0.4948724966026871;0.0;0.0;0.0;1007.1833567001593;-0.024794505117461084;0.0025051064556464555;9.26553750038147;0.01410002150805667;0.1935546875
1858;-4.88096755438775;0.0;0.0;0.0;668.2108617271972;-0.007880328921601176;0.0016838227573316544;9.268490505218505;0.010094111505895852;0.1326171875
1859;-1.0573394271371062;0.0;0.0;0.0;1167.5377060578937;-0.0074926216155290605;0.0021542733651585878;9.27699294090271;0.006770797946956009;0.083984375
1860;5.506596068474676;1.0;0.27098693200167423;0.2005643220164069;659.5188850560464;-0.020533509785309434;0.006174174114130437;9.290151786804199;0.008521823771297931;0.11640625
1861;-2.3504798739385704;0.0;0.0;0.0;33.995463514926314;-0.0168112576007843;0.006788284564390778;9.302320384979248;0.007791863207239657;0.1060546875
1862;0.5755954206179159;0.0;0.0;0.0;982.7116583619039;-0.015794280148111284;0.00531797317089513;9.312682294845581;0.009532011160627008;0.13515625
1863;-4.91154388281882;1.0;0.2797331046048247;0.2214601900961228;1029.0728459454963;-0.015512972138822079;0.002934659185120836;9.319485282897949;0.007696237042546272;0.11328125
1864;-1.0193179839800552;0.0;0.0;0.0;911.7310009875861;-0.020590838347561657;0.002485083421925083;9.324370384216309;0.010553389671258628;0.1470703125
1865;-1.7306013654744703;0.0;0.0;0.0;955.7637887406088;-0.005543388798832894;0.0037702036439441144;9.322030305862427;0.004975847969762981;0.0630859375
1866;5.261288583912387;1.0;0.3770317195253172;0.2978748128215462;681.5353901428476;-0.01491657765582204;0.0017090239212848245;9.31998896598816;0.00831564855761826;0.116015625
1867;-2.9890097390439108;0.0;0.0;0.0;117.97930962054723;-0.005785329034551978;0.002720035123638809;9.327663707733155;0.007081024430226535;0.0955078125
1868;-0.25431779561209905;0.0;0.0;0.0;893.9709217800552;-0.017451778566464782;0.001812055823393166;9.32500205039978;0.009782041143625974;0.133984375
1869;0.01964657888105478;0.0;0.0;0.0;614.6833288055084;-0.013066266290843486;0.003280442103277892;9.32889199256897;0.006566935731098056;0.0794921875
1870;6.468371730986331;1.0;0.3437698797481155;0.27660063413144304;523.9713392621208;-0.005840524518862367;0.002250473079038784;9.328786277770996;0.009090862423181533;0.126171875
1871;-1.1368109555410657;0.0;0.0;0.0;956.6732686678342;-0.012345236726105213;0.007820256473496556;9.325936651229858;0.0068485826486721635;0.0958984375
1872;-0.30169456029977215;0.0;0.0;0.0;938.342978829256;-0.012538694706745446;0.008952171518467366;9.32913098335266;0.009094568353611976;0.1337890625
1873;-0.6548378439435454;0.0;0.0;0.0;1280.473261615067;-0.006959984544664621;0.008103502029553056;9.334538650512695;0.004283706715796143;0.054296875
1874;1.5263404374836718;1.0;0.28898718842377774;0.22652210343158913;875.2472437489263;0.0002795269712805748;0.008042224799282849;9.342205238342284;0.007215438561979681;0.096484375
1875;4.963169628930183;1.0;0.43689270603995795;0.3503583090626899;415.0881370564522;-0.011859564296901225;0.005616875807754695;9.346687507629394;0.008775788580533118;0.121484375
1876;0.442305945226789;0.0;0.0;0.0;1219.3922067898554;-0.014870728459209203;0.005150666646659374;9.349267482757568;0.009149338770657777;0.139453125
1877;-0.1542903021567432;0.0;0.0;0.0;670.77487466632;-0.016706451680511235;0.004988063604105264;9.355698728561402;0.009265576291363686;0.1228515625
1878;0.5731542266353737;0.0;0.0;0.0;1024.2940955452975;-0.01701564732939005;0.002279932133387774;9.362724876403808;0.008187413203995676;0.1220703125
1879;-1.487188171554362;0.0;0.0;0.0;1284.0783706079305;-0.014221947127953171;0.0026615584909450265;9.3715735912323;0.01032767549622804;0.14375
1880;5.7145536735502525;1.0;0.42754544786692883;0.2680553159972663;398.8934376908917;-0.024861206719651818;0.0031084645073860885;9.373901319503783;0.008487265813164413;0.12578125
1881;5.553484619233749;1.0;0.35867991299041124;0.2396831266378079;618.4009391791792;-0.01814453226979822;0.001082454391871579;9.379325485229492;0.00764612820930779;0.1109375
1882;-1.9568412936184052;0.0;0.0;0.0;113.191631862619;-0.016576312016695738;0.002168625232297927;9.386934232711791;0.005734718823805452;0.06796875
1883;-8.963718312183383;0.0;0.0;0.0;961.1871086375214;-0.015537229971960187;0.0011255370191065595;9.389363002777099;0.007448818278498947;0.1076171875
1884;1.2709077842741017;0.0;0.0;0.0;845.6567633373559;-0.014697960950434208;0.0009480523673119024;9.38509202003479;0.009060342959128321;0.1333984375
1885;-6.98932328638543;0.0;0.0;0.0;756.19383335166;-0.011930968496017158;0.0009511226351605728;9.385423278808593;0.007103980367537588;0.09921875
1886;5.725021602008672;1.0;0.27366586353485306;0.20322004017103945;484.32561732133865;-0.011447478411719203;0.0010736370488302783;9.385124826431275;0.006275780720170587;0.0814453125
1887;6.167046225320595;1.0;0.20842924918975106;0.1483171076813665;823.4198520564972;-0.007352245505899191;0.0017281751497648656;9.384695911407471;0.010581736720632761;0.151171875
1888;-10.661892606386523;0.0;0.0;0.0;1239.527062063467;-0.01930790061596781;0.004345121374353766;9.382890844345093;0.007162118260748684;0.1017578125
1889;1.1557481882714833;1.0;0.22552804312842414;0.16983639179698576;976.4229968433477;-0.009981906274333596;0.006730785849504173;9.388889026641845;0.00837458847090602;0.1130859375
1890;2.067948355869351;1.0;0.3432851968946499;0.2178488639912897;842.0451401050753;-0.013075309665873646;0.006471921550109982;9.39260425567627;0.006838461267761886;0.0830078125
1891;6.171392784026179;1.0;0.2652056806362107;0.1958820716110804;822.4047781786755;-0.011971490317955613;0.006118917395360768;9.387632131576538;0.006604768452234566;0.0931640625
1892;5.710358319815352;1.0;0.3149975014296068;0.23679207432253058;879.1851128435501;-0.012511780206114053;0.01086013880558312;9.38943977355957;0.006623998191207648;0.0884765625
1893;0.1088890881202973;1.0;0.2602780643199215;0.17544576537627202;809.090144045222;-0.008979004621505738;0.007594701275229454;9.390278673171997;0.009248631494119763;0.125
1894;6.054718422318896;1.0;0.38152553375669157;0.2847180964195963;339.5916146328169;-0.005422702245414257;0.00458117724629119;9.390054035186768;0.00526174803962931;0.0712890625
1895;-0.04465468942252036;0.0;0.0;0.0;935.5742402616434;-0.010550975101068616;0.0066239034291356805;9.386022281646728;0.005850221309810877;0.07734375
1896;6.418956417371502;1.0;0.3243811453100737;0.22357487777508833;384.7086285682115;-0.014216591231524944;0.004285292571876198;9.38575096130371;0.010048056172672659;0.1248046875
1897;-8.412969463991306;0.0;0.0;0.0;1003.3254882741055;-0.012903263233602047;0.005250159918796271;9.390450143814087;0.008426175289787351;0.1142578125
1898;3.007420313091411;1.0;0.39817344154360146;0.320581170346782;371.8369575511469;-0.00895954119041562;0.0024266114574857055;9.3964337348938;0.006848555989563465;0.0953125
1899;-1.808928169113963;0.0;0.0;0.0;1077.0843774880984;-0.00824832208454609;0.005611142865382135;9.397535848617554;0.007883633126039059;0.109765625
1900;3.6012219216831394;1.0;0.295078935324193;0.18700561975268076;1060.7945890532992;-0.011674109543673695;0.004921372490935027;9.406630563735963;0.007373518508393318;0.094921875
1901;4.787144691786256;1.0;0.38061354440162715;0.28852978017919845;273.5374247626003;-0.009320117346942425;0.0039922289550304415;9.41664390563965;0.004619879752863198;0.0578125
1902;-0.8711366822718752;0.0;0.0;0.0;921.7252145623755;-0.008197990339249372;0.006366782728582621;9.414665985107423;0.00969578354852274;0.1302734375
1903;-1.4290291624942462;0.0;0.0;0.0;821.5248474383908;-0.01599298818036914;0.003953367890790105;9.41774935722351;0.005993079056497663;0.0810546875
1904;-1.675572268195908;1.0;0.2354215688669369;0.1749139725897704;785.5457860216827;-0.023102087480947376;0.0021296849357895554;9.416709089279175;0.00864892490208149;0.1216796875
1905;0.21508754450052264;0.0;0.0;0.0;887.9357420847564;-0.00783794648014009;0.002598471933742985;9.410901880264282;0.0064240909647196535;0.0826171875
1906;6.246809762964306;1.0;0.4092831410721456;0.3115015502983897;301.2493711513517;-0.006472846190445125;0.002057304454501718;9.404248666763305;0.009884531050920487;0.13515625
1907;5.086728379816238;1.0;0.275575337473401;0.20948938022397084;1009.3853480629057;-0.010596092650666833;0.002179018367314711;9.404130697250366;0.006913680233992636;0.0916015625
1908;1.4519514050744484;0.0;0.0;0.0;790.3706876582391;-0.011210566386580467;0.00453504656907171;9.40770664215088;0.00797587331617251;0.108984375
1909;-0.3041143999570956;0.0;0.0;0.0;911.9852504701059;-0.008628697181120516;0.00255768719362095;9.40911774635315;0.006800166773609817;0.0849609375
1910;0.2641279368193732;0.0;0.0;0.0;857.2537410400023;-0.011170910950750113;0.0023542771989014;9.414237880706787;0.0065049636992625896;0.08828125
1911;7.046207214495735;1.0;0.6012625540836206;0.5587139122319296;185.10778496684478;-0.01112497029826045;0.0030270420014858247;9.418515634536742;0.007721034658607096;0.1119140625
1912;-2.883828622503404;0.0;0.0;0.0;879.9928263106003;-0.0030821457505226134;0.003334622539114207;9.410460472106934;0.005838546191807836;0.082421875
1913;5.0086447821518325;1.0;0.43775735693670376;0.3652504677268581;355.9697671208151;-0.016278250934556128;0.0040611656149849296;9.415408563613891;0.00578950447961688;0.074609375
1914;-1.1135608694633394;0.0;0.0;0.0;1069.7001479128155;-0.013131250347942113;0.00497564411489293;9.425805187225341;0.009969375014770776;0.151171875
1915;1.1290118534714744;0.0;0.0;0.0;1045.665135431126;-0.01779790436848998;0.0041811161674559115;9.426455163955689;0.009543131524696945;0.137890625
1916;-1.317558645951989;0.0;0.0;0.0;979.5962719258448;-0.010308522544801236;0.0037137117818929256;9.426152324676513;0.0067908763536252085;0.090234375
1917;6.52861391534009;1.0;0.22216492637194898;0.17079424890350084;624.3739503457687;-0.017120108578819782;0.006585677526891232;9.425222730636596;0.00722836033673957;0.0951171875
1918;-0.10526773679189237;0.0;0.0;0.0;1040.2337605339378;-0.008332710899412631;0.0031723884399980306;9.433564710617066;0.006574512179940939;0.075390625
1919;-0.4479989958268057;0.0;0.0;0.0;743.1133901342795;-0.014638176374137401;0.003193131147418171;9.436559629440307;0.010220908198971302;0.140234375
1920;-2.5844122794022404;0.0;0.0;0.0;823.6815405695298;-0.011600979324430227;0.0044375529512763025;9.433565950393676;0.00916191121796146;0.1384765625
1921;5.099059704383307;1.0;0.26593700159642847;0.21440773394815257;837.7608282871598;-0.013790728710591792;0.0048191320383921266;9.42930555343628;0.005370462767314166;0.0703125
1922;-0.7973681786506741;0.0;0.0;0.0;1324.281592080503;-0.01283227929379791;0.0025706470594741406;9.428420877456665;0.00860470428597182;0.1228515625
1923;-7.047234001139162;0.0;0.0;0.0;1080.299100382014;-0.013695179112255573;0.0018405925715342165;9.426130104064942;0.008230146148707717;0.115234375
1924;0.12243883346664586;0.0;0.0;0.0;926.5107506512975;-0.009778609639033676;0.001990315952571109;9.433695125579835;0.006035946100018919;0.0791015625
1925;6.296487121666594;1.0;0.5526851020315336;0.5245603434562515;245.76868654370315;-0.006701326370239258;0.0019420885713770986;9.43965425491333;0.005008888454176486;0.060546875
1926;5.5919998691125805;1.0;0.34437127616873064;0.2773253703636321;595.6869725741022;0.004234674037434161;0.0010835707566002385;9.445060539245606;0.004523428180254996;0.0537109375
1927;1.4104169453386013;1.0;0.22225517951567753;0.17239560740557694;982.8075927285928;-0.01474557314068079;0.0017618018027860671;9.445463943481446;0.010458568914327771;0.126953125
1928;-0.41053413530423877;0.0;0.0;0.0;1066.7056857196965;-0.008911341987550258;0.002849985531065613;9.44223403930664;0.005739163572434336;0.0771484375
1929;-0.6335749667091158;0.0;0.0;0.0;998.1354262572396;-0.010080961068160832;0.006254076538607478;9.443153285980225;0.007497625786345452;0.1091796875
1930;6.3677330117762665;1.0;0.31693090474535685;0.2554589120169858;410.41253110636836;-0.007185654435306788;0.008267642511054874;9.440412950515746;0.008659081137739121;0.1166015625
1931;0.26956219113835006;0.0;0.0;0.0;998.9250408220294;-0.006836432870477438;0.002610172121785581;9.4371817111969;0.008385354559868574;0.1228515625
1932;6.428536700518178;1.0;0.3769128304139086;0.2942512686494489;353.49709649511243;-0.0010727529413998127;0.00917976456694305;9.438758039474488;0.005119200132321566;0.0673828125
1933;-2.652172142639262;0.0;0.0;0.0;1220.6347561978412;-0.01424926002509892;0.024237848026677965;9.442585802078247;0.005843093909788877;0.07109375
1934;-0.6703359227312347;0.0;0.0;0.0;1273.2667321106503;-0.00902990810573101;0.012401509191840887;9.446964406967163;0.006774653459433466;0.08515625
1935;6.549661443692067;1.0;0.3992060694828367;0.31929177133120357;322.0266863107453;-0.003970176354050637;0.00379669819958508;9.448865938186646;0.0064170736819505695;0.08828125
1936;-9.59453494337611;0.0;0.0;0.0;767.8886750223501;-0.013352057803422213;0.010502931615337729;9.451948404312134;0.008336500846780837;0.108984375
1937;5.2886906831109535;1.0;0.359920749995048;0.28463883177370913;561.1151814093287;-0.01059082504361868;0.016675200732424855;9.454758739471435;0.008388761850073933;0.11640625
1938;-6.953133591545425;0.0;0.0;0.0;921.8800642216745;-0.016645786352455616;0.011962063889950515;9.461617469787598;0.01174602737883106;0.1501953125
1939;6.038039725462832;1.0;0.44798965743491503;0.3737882031824598;365.2595514785928;-0.011454453878104686;0.021118737757205963;9.46321063041687;0.006108801788650453;0.08046875
1940;6.372775309228434;1.0;0.30072054532038417;0.23390465804127514;956.6464571603444;-0.009104936989024282;0.014832628890872002;9.469067478179932;0.009620289201848209;0.137890625
1941;5.649290844142002;1.0;0.3703014642423251;0.2369771150703974;670.4486042870457;-0.004546774085611105;0.007608293206430972;9.469512891769408;0.004447491536848247;0.0466796875
1942;-14.289662569852286;0.0;0.0;0.0;970.9511276295351;-0.014975449582561851;0.007156760711222887;9.464674186706542;0.005523601511958987;0.0728515625
1943;0.9112263120302512;0.0;0.0;0.0;1140.2644348581066;-0.0077102423645555975;0.0080285026691854;9.459609699249267;0.007818712724838407;0.1103515625
1944;-0.6879150179609677;0.0;0.0;0.0;928.026122561467;-0.007808340317569673;0.005880545522086322;9.460156154632568;0.006044992350507527;0.0814453125
1945;5.192860489054258;1.0;0.30729805700597557;0.24157989592996743;728.1141787081075;-0.005135884881019593;0.003277645283378661;9.464115858078003;0.009418895037379115;0.1361328125
1946;-0.0008278141885771657;0.0;0.0;0.0;526.6110757065558;-0.004030320933088661;0.004074147157371044;9.470719194412231;0.006273557781241834;0.0880859375
1947;5.68199211291477;1.0;0.17953667630190798;0.13211391871818864;808.1755309575805;-0.012098952545784414;0.00827457217965275;9.46870732307434;0.007906987774185836;0.113671875
1948;6.812594227257817;1.0;0.399358775359337;0.2772604687533185;325.1383956156313;-0.0077204047702252865;0.005648069025482982;9.459712553024293;0.00555088153341785;0.0708984375
1949;5.0029757495595915;1.0;0.2666974216972701;0.2058421975440362;1108.2071545898514;-0.014089335780590772;0.005631445278413594;9.455734586715698;0.0057339988416060805;0.0689453125
1950;3.6618647255153802;1.0;0.2934379983149548;0.22910419490275924;995.7509382964671;-0.01314998408779502;0.00444333377527073;9.453013277053833;0.009541310870554298;0.139453125
1951;-0.681486728215359;0.0;0.0;0.0;719.6585004825631;-0.01674807034432888;0.0027354701771400867;9.449157190322875;0.008514590235427022;0.119140625
1952;0.26676046039907764;0.0;0.0;0.0;1090.3848864815427;-0.010130211757496;0.004159304790664464;9.445412540435791;0.007139357808046043;0.0974609375
1953;6.581563488881079;1.0;0.380031599120054;0.23733143666979886;407.80352050064556;-0.008817432285286485;0.0019200106733478605;9.441787052154542;0.007526649767532945;0.10078125
1954;4.446775562528915;1.0;0.32085471575219704;0.24373695793985364;763.7597889866377;-0.012444300390779973;0.004025436425581575;9.440555572509766;0.007322754058986902;0.096875
1955;6.45324753144174;1.0;0.2632155359138785;0.1922963636751027;554.2882618383759;-0.01895188009366393;0.002927304746117443;9.437690019607544;0.006821874401066452;0.0958984375
1956;-3.005147518004797;0.0;0.0;0.0;701.238470107536;-0.005576009582728148;0.0031201638747006656;9.438095903396606;0.0060532175237312915;0.085546875
1957;-0.6659917851842098;0.0;0.0;0.0;1362.8794722386685;-0.014056924311444164;0.002733244403498247;9.438850259780883;0.006906459224410355;0.0974609375
1958;6.106655141244159;1.0;0.4152685035380949;0.31327617061261986;341.2977124254182;-0.009993326757103205;0.0025035938422661276;9.435036039352417;0.006502216029912233;0.090234375
1959;-1.9655426541365935;0.0;0.0;0.0;1411.921026369413;-0.02221460547298193;0.0022513732139486818;9.431929445266723;0.00896604269510135;0.131640625
1960;4.6088413356793305;1.0;0.32220376141962404;0.25082497165272766;598.1689718951046;-0.007732954481616617;0.001551984657999128;9.431189489364623;0.007490849948953837;0.1060546875
1961;-7.314662139195534;0.0;0.0;0.0;1123.4321288935882;-0.013472931180149316;0.002322411397472024;9.433606719970703;0.0077833415125496686;0.1130859375
1962;-0.44544817794771124;0.0;0.0;0.0;786.695088934938;-0.010524227377027273;0.00243605668656528;9.435723972320556;0.005960737122222781;0.0869140625
1963;-3.057562402152392;0.0;0.0;0.0;794.3172756292471;-0.004058370552957058;0.06372269270941615;9.435291147232055;0.0058517562691122295;0.075
1964;-3.045724619709424;0.0;0.0;0.0;757.9483751982466;-0.016346295224502684;0.002449707844061777;9.432479667663575;0.00807360231410712;0.1072265625
1965;5.608963285051904;1.0;0.35101525364339864;0.27180809688634167;711.9726766171127;-0.017915133619681;0.002556354645639658;9.43418583869934;0.0076300609856843945;0.1060546875
1966;-0.22394105225977082;0.0;0.0;0.0;991.9324403027588;-0.012752082711085678;0.015391701087355613;9.440378856658935;0.004995734372641891;0.0587890625
1967;-3.9081359161203983;1.0;0.23751844852279133;0.1822589399849244;1190.218311472506;-0.011565905436873436;0.01242730263620615;9.444915103912354;0.007405343651771546;0.097265625
1968;-7.684809148535597;0.0;0.0;0.0;770.9420527584433;-0.007991730235517025;0.00794698998797685;9.452124834060669;0.006464585068169981;0.0923828125
1969;-0.9017288657274996;0.0;0.0;0.0;1231.2386754106626;-0.005663317255675792;0.0036385121522471307;9.454417991638184;0.005078196560498327;0.0615234375
1970;2.7005852899715617;1.0;0.22282320058507396;0.16755048482406318;619.9242614261111;-0.02147075403481722;0.004017072531860321;9.456537532806397;0.008124203444458545;0.1091796875
1971;-4.9693366387374756;0.0;0.0;0.0;856.3572430444542;-0.014389227447099983;0.0045015890966169534;9.45876841545105;0.007768438349012285;0.112890625
1972;0.19487626646984907;0.0;0.0;0.0;867.9407467356226;-0.006282461620867252;0.0033918072702363135;9.455833625793456;0.007448786415625364;0.1017578125
1973;5.643260789660031;1.0;0.41918900863615255;0.3272182503116786;336.5311498789181;-0.00484255300834775;0.0028411664767190813;9.449974918365479;0.007341086957603693;0.1
1974;6.273655952494807;1.0;0.8042993816252437;0.7659580741772223;140.45454119981673;-0.011637267167679965;0.001963561278535053;9.44818205833435;0.006813798134680837;0.0884765625
1975;5.687267466996779;1.0;0.33857851850871384;0.2605179388139904;553.5210510816605;-0.008403789508156479;0.002956347807776183;9.446802949905395;0.007385832280851901;0.10625
1976;-0.6212656153924792;0.0;0.0;0.0;1418.371412086321;-0.017483018129132687;0.001896876108366996;9.447834634780884;0.008689552429132164;0.1259765625
1977;-0.17602415232557272;0.0;0.0;0.0;805.2711782539112;-0.016190388705581427;0.002955652540549636;9.452326647440593;0.008574422681704164;0.11380208333333333
1978;2.043935671579863;1.0;0.32260759142777806;0.24693172939157124;558.4835662594097;-0.01346155283972621;0.002346795459743589;9.45243992805481;0.006769124115817249;0.09296875
1979;6.840906337832587;1.0;0.4090564709307235;0.3104887265918579;289.24567400639836;-0.01418318566866219;0.0019678211363498123;9.451120376586914;0.007616782595869153;0.1078125
1980;-3.349347631175597;1.0;0.2707387620657742;0.21520064366109048;810.5149443313989;-0.011587490793317556;0.0033701725187711418;9.448803424835205;0.004997448634821921;0.0607421875
1981;5.63940928571092;1.0;0.21848584301986093;0.15701433977909318;685.4975312079127;-0.0054945287760347124;0.002697226736927405;9.444774341583251;0.007172650622669608;0.1
1982;0.0012642844694129296;0.0;0.0;0.0;926.8237082776022;-0.010558148426935077;0.002392506611067802;9.439563941955566;0.007179221417754888;0.0943359375
1983;-21.261050128058454;0.0;0.0;0.0;1262.8889606041066;-0.016351537918671964;0.002267311734613031;9.432313585281372;0.005020798917394131;0.06328125
1984;0.7251259637068044;1.0;0.19642424914030654;0.142155804446507;671.4719059072498;-0.0012304499745368958;0.0042695528012700375;9.430632781982421;0.007819319306872786;0.1134765625
1985;5.841133804394229;1.0;0.2466174688953509;0.17721292623988322;456.89239243735835;-0.01292539807036519;0.002498646336607635;9.429884338378907;0.00947111464338377;0.13203125
1986;-0.33224232711082347;0.0;0.0;0.0;1304.7208733984298;-0.00822295059915632;0.0066694672219455246;9.433574295043945;0.005564950709231198;0.0697265625
1987;-8.456104213728011;0.0;0.0;0.0;958.7780533192159;-0.004504990484565497;0.005251826485618949;9.43681435585022;0.006186991813592613;0.0796875
1988;-1.8327650373603912;0.0;0.0;0.0;1399.2404571380848;-0.013463006913661956;0.0034601183026097713;9.439433240890503;0.007575879769865424;0.109765625
1989;5.854402073782298;1.0;0.46709712421116106;0.37851944400471627;335.2071604452207;-0.01108522058930248;0.00405363324098289;9.437326002120972;0.0048029965721070765;0.06015625
1990;2.467173632504264;1.0;0.33968479123373085;0.26231019099838343;475.3182014882696;-0.021111487969756128;0.0023636306868866086;9.436229038238526;0.0075277747702784835;0.106640625
1991;-0.5411259317472072;0.0;0.0;0.0;939.1364056131038;-0.01692721787840128;0.0031641338602639733;9.432727766036987;0.008309494494460523;0.1140625
1992;-4.432673374735902;1.0;0.18988688454935504;0.14355355770566744;920.0717896487744;-0.007008840469643474;0.0024294017581269144;9.42500925064087;0.004319687373936176;0.05234375
1993;-7.173942550860602;0.0;0.0;0.0;1079.779258306336;-0.0028554331976920365;0.0020491897186730055;9.420689296722411;0.0048852241830900315;0.0642578125
1994;0.7188860197702479;0.0;0.0;0.0;1288.0100365727444;-0.011929563526064158;0.0030191185884177684;9.416520071029662;0.006796148582361638;0.087890625
1995;-0.41934973035164336;0.0;0.0;0.0;1461.2823815510394;-0.012146464246325196;0.004408290633000434;9.410421371459961;0.007019929809030145;0.09375
1996;-14.992615836446957;0.0;0.0;0.0;932.2262612852641;-0.007648998289369047;0.002658875938504934;9.409357595443726;0.010284111846704035;0.151953125
1997;-0.4267742774730422;0.0;0.0;0.0;936.6664491249232;-0.01571277102921158;0.003069694305304438;9.411771440505982;0.008208929665852339;0.105078125
1998;-2.840641339009863;0.0;0.0;0.0;1030.212845768714;-0.015453734854236244;0.0029604546376504003;9.415949440002441;0.01303336409619078;0.1798828125
1999;0.354475481183001;0.0;0.0;0.0;898.6574017415269;-0.007831564638763666;0.004295903153251857;9.416549491882325;0.006211337971035391;0.07734375
2000;-2.4974299819274925;0.0;0.0;0.0;1196.8185550749668;-0.010867359605617822;0.003924664517398924;9.417400932312011;0.008970770600717515;0.12421875
2001;0.10877447995806717;0.0;0.0;0.0;1237.5882462404863;-0.012500403355807066;0.010892833746038378;9.421706008911134;0.007563880551606417;0.098828125
2002;-0.7293868240376159;0.0;0.0;0.0;1309.6420136885095;-0.007627771398983896;0.007411425933241844;9.427050447463989;0.008325544290710241;0.120703125
2003;0.2585107757041559;0.0;0.0;0.0;1277.9506127676816;-0.009245111444033682;0.003572994633577764;9.429139518737793;0.007983236259315163;0.1046875
2004;0.5474265542602829;0.0;0.0;0.0;1390.6788130858329;-0.00992419283138588;0.004036504623945803;9.426985454559325;0.007443674351088702;0.102734375
2005;-1.455523797763401;0.0;0.0;0.0;1581.9153800374736;-0.016890784772112966;0.005883444962091744;9.426947927474975;0.007973759446758776;0.1076171875
2006;-0.3149371443134261;0.0;0.0;0.0;1349.9586841368273;-0.008415462262928487;0.007715943572111428;9.42807641029358;0.005409251560922712;0.069140625
2007;-1.7574641174159695;0.0;0.0;0.0;994.0830941683777;-0.006473077298142016;0.019017223408445715;9.431280279159546;0.006498644687235355;0.084375
2008;-25.355447032199272;0.0;0.0;0.0;822.1147692513587;-0.02103012935258448;0.012666920898482203;9.43393325805664;0.009727052436210215;0.14140625
2009;-4.345414300035049;0.0;0.0;0.0;1477.108856664302;-0.011836440954357385;0.0076191803673282266;9.43186058998108;0.008932445698883384;0.1349609375
2010;-7.611377439066656;0.0;0.0;0.0;1184.0743248014762;-0.011286044516600669;0.012703860597684979;9.435438442230225;0.007777050137519836;0.103515625
2011;-3.0734103956860057;0.0;0.0;0.0;1410.6751448921773;-0.011944549763575197;0.008064689161255956;9.444580793380737;0.0072940087644383315;0.10625
2012;-0.05595328830903003;0.0;0.0;0.0;993.9658455599197;-0.00790739506483078;0.007759274169802666;9.457929754257203;0.005117330176290125;0.0650390625
2013;-0.14921848548355676;0.0;0.0;0.0;734.7410936826674;-0.0009400322567671537;0.007637316221371293;9.460962343215943;0.005657191318459809;0.0732421875
2014;-0.2900921322179954;0.0;0.0;0.0;880.5042131230715;-0.011848591826856136;0.010957118729129434;9.459765195846558;0.007724199211224914;0.1076171875
2015;-8.853875412838038;0.0;0.0;0.0;913.0806510600797;-0.007782147731631994;0.008725072094239294;9.456795835494995;0.00902506149141118;0.1328125
2016;1.1448980427440798;1.0;0.39153443188691067;0.2991858162847359;584.5800471359587;-0.019931575004011392;0.006140470644459129;9.450943040847779;0.007484329724684357;0.0984375
2017;-11.162058853818166;0.0;0.0;0.0;1288.3552027152723;-0.017114302981644867;0.0037470356095582248;9.451236391067505;0.012024558265693486;0.1701171875
2018;-4.912743590149423;0.0;0.0;0.0;1327.1099385802338;-0.014257670426741243;0.0055599342565983536;9.461230278015137;0.007562977098859847;0.09453125
2019;-0.15319165858773767;0.0;0.0;0.0;1400.4527583405402;-0.005767726991325617;0.01624827696941793;9.467339658737183;0.008920036430936307;0.1271484375
2020;0.686023935502048;0.0;0.0;0.0;920.8560165447234;-0.008650216192472726;0.008356678998097777;9.468906784057618;0.00908966806018725;0.1349609375
2021;-5.2592960690501425;1.0;0.31892422483444033;0.25089034049952896;599.7018532869012;-0.020552548579871655;0.0050989555544219915;9.470853757858276;0.009393469255883247;0.1150390625
2022;2.7648398571385178;1.0;0.6991088858184792;0.7118367036036303;178.9582702052924;-0.015959126176312566;0.0032914730021730066;9.472101545333862;0.0075763537315651774;0.1037109375
2023;-11.193764972776131;0.0;0.0;0.0;1043.580351775459;-0.01164041762240231;0.006148039223626256;9.47653374671936;0.009067013883031905;0.1251953125
2024;-16.78275583147373;0.0;0.0;0.0;1230.9865084947446;-0.006380994338542223;0.011440320871770382;9.483285617828368;0.008512344281189143;0.11875
2025;1.5205547248087945;0.0;0.0;0.0;468.83798939316983;-0.009966547368094325;0.008715323568321765;9.487743520736695;0.008335681119933724;0.1169921875
2026;2.386677982209315;1.0;0.44151580526901185;0.3002799790518998;300.18725957767606;-0.017387881595641374;0.003659197734668851;9.490829181671142;0.007033504813443869;0.098046875
2027;0.07123218394994947;0.0;0.0;0.0;756.4380897315189;-0.008445772435516119;0.0022060849703848364;9.496829175949097;0.005538647435605526;0.0708984375
2028;-12.854240151051203;0.0;0.0;0.0;688.8614028071746;0.0034571738447993993;0.0032964278012514114;9.498454570770264;0.006115059496369213;0.0787109375
2029;-0.552278098588747;0.0;0.0;0.0;401.6408647217786;-0.012306685326620936;0.004662303649820387;9.503896570205688;0.006429551832843572;0.087890625
2030;-2.306871596335629;0.0;0.0;0.0;587.0951259365812;-0.009747920464724303;0.0019450617430265993;9.513908004760742;0.007744367036502808;0.107421875
2031;-3.310388925696236;0.0;0.0;0.0;762.4123994450586;-0.01349117811769247;0.0032139754737727346;9.51990885734558;0.005461058230139315;0.0685546875
2032;-0.2022823960338684;0.0;0.0;0.0;374.9671317620299;-0.009283362329006195;0.0033530504442751408;9.520246267318726;0.008288101654034107;0.1162109375
2033;-0.27226207244528783;0.0;0.0;0.0;960.2288624155202;-0.004779175319708884;0.00851129754446447;9.520027303695679;0.007479512947611511;0.10625
2034;-0.8911984269943752;0.0;0.0;0.0;1149.2039660188939;-0.0037524229381233455;0.01792612406425178;9.518149137496948;0.007487475988455117;0.106640625
2035;-3.146756305399083;0.0;0.0;0.0;332.90118606030944;-0.007089637871831656;0.007307380298152566;9.51939525604248;0.008621261664666235;0.123046875
2036;-2.7425242739980917;0.0;0.0;0.0;554.5437926616469;-0.0033830532804131506;0.006445264373905957;9.518052005767823;0.007327496621292085;0.102734375
2037;0.597138579890235;0.0;0.0;0.0;272.6766096401872;-0.007469665817916393;0.0028675235924310984;9.521300888061523;0.004938342212699354;0.064453125
2038;-0.7126853824741445;0.0;0.0;0.0;1103.0880827624048;-0.006980359740555287;0.00883029936812818;9.524837827682495;0.0072591903153806925;0.0982421875
2039;-5.899959210493745;0.0;0.0;0.0;173.93741503508278;-0.01438989331945777;0.005591459828428924;9.525776386260986;0.008215605199802667;0.1146484375
2040;-8.527518106827781;0.0;0.0;0.0;10.635801684978558;-0.012098621390759946;0.01019710567779839;9.528797912597657;0.007291153364349157;0.0978515625
2041;-2.031732498918515;0.0;0.0;0.0;265.6872886576331;-0.009660804364830255;0.01975750084966421;9.534051942825318;0.006530916993506252;0.0890625
2042;-5.148511106414239;0.0;0.0;0.0;280.1914834066607;-0.014720736455637961;0.0179834705311805;9.53676471710205;0.010971859691198915;0.158203125
2043;-2.7932748551506448;0.0;0.0;0.0;337.28379337408415;-0.01917216763831675;0.010193007392808795;9.541761302947998;0.009417363628745078;0.1291015625
2044;-2.228411618218052;0.0;0.0;0.0;296.46180087763105;-0.01198862181045115;0.01783533440902829;9.544349336624146;0.005502443690784275;0.0625
2045;0.8903636216611619;1.0;0.378850998311891;0.25607920839761855;260.1591681227389;-0.01689349510706961;0.014126948872581124;9.539406681060791;0.005991112603805959;0.0806640625
2046;-10.457120937297987;1.0;0.18866310004181092;0.13732766148421308;858.003239950981;-0.009912406140938402;0.011933477781713008;9.535724067687989;0.009498652210459113;0.137109375
2047;-4.1358080062912705;0.0;0.0;0.0;456.849279537304;-0.013488985132426023;0.006836008280515671;9.534486246109008;0.00777007743017748;0.1087890625
2048;-1.2814677561818348;0.0;0.0;0.0;424.35591217044464;-0.009787626727484167;0.011289407964795828;9.537457370758057;0.008403569553047418;0.108984375
2049;-0.8566383086605323;0.0;0.0;0.0;428.64497520530193;-0.007468107109889388;0.004197566176299006;9.5375581741333;0.007191934599541127;0.09453125
2050;4.766517612291047;1.0;0.4882675694271779;0.19147252631834755;171.08069600988014;-0.009453804651275276;0.004505970561876893;9.531648921966553;0.006521015416365117;0.0853515625
2051;-0.09537080627334273;0.0;0.0;0.0;202.79067490293934;-0.009166545583866537;0.009229593747295439;9.529770612716675;0.009719920216593892;0.1359375
2052;7.109623615999395;1.0;0.5448933735258349;0.44295795020011824;325.5643408564634;-0.007780549768358469;0.0048313581035472454;9.533454179763794;0.008658126404043287;0.108984375
2053;-0.576735632711275;0.0;0.0;0.0;237.82562893707657;-0.009915598575025797;0.0041654694941826165;9.537401723861695;0.0058246503816917535;0.07578125
2054;-0.5490495678768132;0.0;0.0;0.0;346.8507084266306;-0.014334803516976535;0.005641932203434408;9.544293069839478;0.008079014741815627;0.1134765625
2055;5.927722932674996;1.0;0.4027258375540735;0.19850580964432266;539.342370089221;-0.014005876332521438;0.005788566032424569;9.54841594696045;0.006615309731569141;0.088671875
2056;-0.4330201857539627;0.0;0.0;0.0;311.5182666055496;-0.008378813625313342;0.005938399233855307;9.551176691055298;0.00826832369202748;0.1111328125
2057;-2.8265675511788113;0.0;0.0;0.0;308.5031503733069;-0.016907697543501854;0.08428057511337102;9.555086612701416;0.007332986115943641;0.10625
2058;5.578663289063916;1.0;0.5865537147386871;0.24216180137939794;299.3352759459051;-0.012751551601104439;0.0032531416858546437;9.554095888137818;0.007498009060509503;0.1091796875
2059;-1.2033897300484666;0.0;0.0;0.0;486.95324882863116;-0.016568472050130366;0.0049207305768504735;9.548542833328247;0.009707969066221267;0.143359375
2060;-6.463672895398197;0.0;0.0;0.0;45.53171076037691;-0.010621096380054951;0.005853578040841967;9.545582485198974;0.007057474099565297;0.0904296875
2061;-5.205531517258216;0.0;0.0;0.0;312.05300319664605;-0.009829489700496196;0.007792500196956098;9.554221677780152;0.006411034753546119;0.0873046875
2062;-4.836987066654542;0.0;0.0;0.0;300.6031157740174;-0.015565651468932629;0.0024594826682005078;9.55848650932312;0.0074053900083526965;0.0884765625
2063;-6.106651313405701;0.0;0.0;0.0;217.39737393323273;-0.010458190459758043;0.0036992173176258803;9.555547142028809;0.007530954061076045;0.10390625
2064;-9.757789225711496;0.0;0.0;0.0;6.984741786155761;-0.013996985508129;0.004359879205003381;9.555256032943726;0.00961002599215135;0.1345703125
2065;-7.160542899966464;0.0;0.0;0.0;227.20935626716243;-0.006677982024848461;0.002666358731221408;9.555952453613282;0.010370835068169982;0.15234375
2066;-0.5675209203879411;0.0;0.0;0.0;322.2587901738763;-0.00238037733361125;0.006714448565617204;9.562235498428345;0.007681126077659428;0.103515625
2067;-8.05652073139364;0.0;0.0;0.0;506.00272654002794;-0.016860936488956212;0.014294107677415013;9.564525032043457;0.009898057242389768;0.13984375
2068;0.7368686314305397;0.0;0.0;0.0;286.8957135789894;-0.009959179209545255;0.019005614891648294;9.566963148117065;0.007520268193911761;0.1033203125
2069;-3.0054031574217177;0.0;0.0;0.0;608.6681275696943;-0.0026698531350120903;0.006394226825796068;9.573547077178954;0.008054719911888242;0.11015625
2070;0.3826481705439139;0.0;0.0;0.0;495.198962241822;-0.010110474517568946;0.007547272299416363;9.5709698677063;0.005258600611705333;0.0650390625
2071;-1.5922186317033438;0.0;0.0;0.0;460.9834282438852;-0.016376092657446863;0.005304754409007728;9.566387128829955;0.007478450227063149;0.0970703125
2072;5.806814830741162;1.0;0.48959310239454595;0.13197385072827938;244.52862354127873;-0.010894381627440452;0.012180610140785576;9.561230897903442;0.007502835197374225;0.0951171875
2073;4.766165887441144;1.0;0.49627109473206116;0.14718097087622606;374.07224293977026;-0.012697545113041997;0.005987512599676848;9.562468719482421;0.0072040629340335725;0.0923828125
2074;1.1214337343724692;0.0;0.0;0.0;284.9368691975655;-0.012989640375599265;0.0119506920222193;9.562930393218995;0.006536559271626175;0.0896484375
2075;-0.11402941526523158;0.0;0.0;0.0;404.7234007139131;-0.002415654342621565;0.005811108322814107;9.55884428024292;0.007435630389954895;0.101171875
2076;-4.736037406439652;0.0;0.0;0.0;408.97481827061796;-0.012067614309489726;0.005380129022523761;9.553050708770751;0.00836309134028852;0.1212890625
2077;-2.3617532745374263;0.0;0.0;0.0;107.44945435471207;-0.010352363623678685;0.003920041420497;9.551773881912231;0.009101391723379492;0.1349609375
2078;0.4801555340818066;0.0;0.0;0.0;251.95211427837577;-0.015824248408898713;0.001935072394553572;9.553606319427491;0.006511110824067146;0.0837890625
2079;-0.6313177841515073;0.0;0.0;0.0;328.93773853658973;-0.012480321200564503;0.0022000792960170656;9.555557680130004;0.007430358626879752;0.1044921875
2080;-1.8029648346117604;0.0;0.0;0.0;219.17306357961317;-0.003165137115865946;0.008811680390499533;9.558247613906861;0.010675882117357104;0.157421875
2081;-4.056825809184608;0.0;0.0;0.0;336.4020710408802;-0.018346068868413567;0.0044132227078080176;9.564563655853272;0.007461206964217126;0.09609375
2082;-10.28012302522858;0.0;0.0;0.0;186.33251447855474;-0.010029259650036693;0.0037223440478555856;9.569785118103027;0.005985535227227956;0.0775390625
2083;-5.771239481282231;0.0;0.0;0.0;36.583634500193746;-0.011064137425273656;0.0037351873586885633;9.574020957946777;0.006048158113844693;0.0779296875
2084;-4.310380478090839;0.0;0.0;0.0;332.5648901235388;-0.0158013166859746;0.00567905300995335;9.581831789016723;0.010369008663110435;0.14921875
2085;-2.0252761477520784;0.0;0.0;0.0;356.20578876289505;-0.006113635096699;0.0034372924361377954;9.586511754989624;0.006717513012699783;0.0896484375
2086;-4.791712817226756;0.0;0.0;0.0;325.1136592061608;-0.007259158976376056;0.0023930608469527213;9.585832500457764;0.008301560394465923;0.1103515625
2087;-15.343965479699433;0.0;0.0;0.0;413.8147563200751;-0.006961530214175582;0.012946651596575976;9.584882640838623;0.00894064191961661;0.1318359375
2088;-5.147390963260505;0.0;0.0;0.0;443.71329106328614;-0.00894561903551221;0.003284414391964674;9.584005117416382;0.006965595646761358;0.0927734375
2089;7.046508266011051;1.0;0.7536203644028281;0.4605610893615286;154.54558171089658;-0.00924465493299067;0.003285968815907836;9.580695533752442;0.007902366376947611;0.110546875
2090;-7.583360777860214;0.0;0.0;0.0;321.4810120199705;-0.019350950000807644;0.0019232603313867002;9.58371548652649;0.010393833217676729;0.153515625
2091;-3.790948703089163;0.0;0.0;0.0;329.40169876248035;-0.009326147334650158;0.0052265718579292296;9.581572818756104;0.00721283876337111;0.0994140625
2092;-4.5006098009781885;0.0;0.0;0.0;222.18496723971504;-0.010695552872493862;0.0067181017249822615;9.581199455261231;0.007057540467940271;0.09765625
2093;-1.3726856852303897;0.0;0.0;0.0;143.9765112734106;-0.01332610216923058;0.002526805183151737;9.582941770553589;0.014083389879669995;0.20078125
2094;-7.807086744334248;0.0;0.0;0.0;1344.8748108053592;-0.009266329696401954;0.0012018254317808896;9.58655505180359;0.007393674808554351;0.1072265625
2095;6.57048308841554;1.0;0.6072710360681003;0.6250181576210427;286.5149338064586;-0.009735047118738294;0.0016850819520186633;9.58671431541443;0.004658269137144089;0.0529296875
2096;-3.5348016075591184;0.0;0.0;0.0;121.89509220304585;-0.008020508382469416;0.0013361873512621968;9.586527776718139;0.007562515628524125;0.1048828125
2097;1.0015599846987795;0.0;0.0;0.0;270.24567876205543;-0.008224440040066838;0.0016599960450548678;9.584569120407105;0.005133829941041767;0.0646484375
2098;-2.0520515594955175;0.0;0.0;0.0;288.94356570515555;-0.012348668836057185;0.0011732272425433621;9.580846166610717;0.009198146453127266;0.130859375
2099;-2.056535563597662;0.0;0.0;0.0;226.59687818362886;-0.01573328794911504;0.0022812023060396315;9.571406412124634;0.006576372217386961;0.0787109375
2100;-4.389972409333815;0.0;0.0;0.0;74.75198355026417;-0.012139200884848832;0.0021514594787731766;9.562325859069825;0.0066317126620560884;0.090625
2101;-3.432735682341388;0.0;0.0;0.0;285.5216777589961;-0.015734222461469473;0.004808212129864842;9.562642431259155;0.009132239420432597;0.1212890625
2102;-2.707490074337202;0.0;0.0;0.0;76.2059457534024;-0.01229436465073377;0.011177958641201257;9.570873832702636;0.008767999452538788;0.114453125
2103;-13.117487887277111;0.0;0.0;0.0;282.66994913186164;-0.016893888404592872;0.004543138749431819;9.579919815063477;0.009324482188094407;0.1197265625
2104;6.510281675700806;1.0;0.46578413093361987;0.15594920339196347;288.23865138554754;-0.009049917571246624;0.0050061983987689015;9.58549861907959;0.006334744859486818;0.0791015625
2105;5.125687800110859;1.0;0.7386713926162284;0.40276094877374596;174.52403705027723;-0.015314516052603722;0.013125625485554338;9.58958559036255;0.007330306700896472;0.098828125
2106;-8.456529494786736;0.0;0.0;0.0;1285.3635146407948;-0.018725316040217876;0.007850647764280438;9.59552879333496;0.006838182883802802;0.0828125
2107;-0.5781396719718506;0.0;0.0;0.0;361.38661652272026;-0.012840465572662652;0.0071897169575095175;9.601595878601074;0.010134872619528324;0.128515625
2108;-5.6769182335202775;0.0;0.0;0.0;1383.9669929282547;0.0009331034496426582;0.008647210244089366;9.603257608413696;0.008156109834089875;0.1158203125
2109;-1.8543348417293888;0.0;0.0;0.0;251.15735882328244;-0.0037414486752822993;0.007447977224364877;9.606064081192017;0.0063506062142550945;0.0890625
2110;-0.6299567349347992;0.0;0.0;0.0;1402.0559511124877;-0.005494214501231909;0.0037170222261920572;9.602691268920898;0.008273169363383204;0.121875
2111;-1.6701517999843303;0.0;0.0;0.0;489.6235240690376;-0.01462539448402822;0.0017305375484284013;9.595419454574586;0.00881416822085157;0.1255859375
2112;-1.5100261153961703;0.0;0.0;0.0;333.8457379047489;-0.011296545900404454;0.001146181090734899;9.593816947937011;0.006361275224480778;0.0892578125
2113;-0.7110205898404008;0.0;0.0;0.0;257.2415423554621;-0.008940064953640104;0.0011559237289475277;9.595377588272095;0.006221518642269075;0.0796875
2114;1.678636982107876;0.0;0.0;0.0;375.4984869550922;-0.01008388539776206;0.0025925514986738563;9.599126529693603;0.008991074620280416;0.1193359375
2115;-0.27931649124517727;0.0;0.0;0.0;339.0995733948784;-0.008029874833300709;0.0038937426870688796;9.595704126358033;0.0079457025276497;0.108203125
2116;-5.293774649267994;0.0;0.0;0.0;1211.3998834078996;-0.004729329003021121;0.007010305905714631;9.595390367507935;0.005876818229444325;0.084375
2117;-3.3005812453677246;0.0;0.0;0.0;438.45363254679046;-0.014272262761369347;0.006944689177908003;9.60135989189148;0.006321078643668443;0.0837890625
2118;-12.165346324813838;0.0;0.0;0.0;3.273843343849644;8.540693670511246e-05;0.0030334727605804803;9.603986549377442;0.0036160137271508573;0.0349609375
2119;1.3202306325933226;0.0;0.0;0.0;436.22946649152107;-0.012864517141133546;0.002620696905069053;9.610072135925293;0.006695610424503684;0.0875
2120;-4.314556047829431;0.0;0.0;0.0;1048.8855536163132;-0.013564701750874519;0.0028391559957526625;9.607937240600586;0.010242756188381464;0.1337890625
2121;-0.42373459986542344;0.0;0.0;0.0;517.9009961977038;-0.012689735554158688;0.0035766591783612965;9.60743327140808;0.007490780227817595;0.0892578125
2122;4.50992304792641;1.0;0.4594903088032168;0.1458696632285571;423.41646612128;-0.010928110359236598;0.003365861508063972;9.609530591964722;0.008890160452574491;0.1158203125
2123;0.3182109127794053;0.0;0.0;0.0;404.9193619322522;-0.012206443306058645;0.002559650456532836;9.610758352279664;0.00997009853599593;0.12890625
2124;-2.9388863767134326;0.0;0.0;0.0;722.7916004663454;-0.016516933962702752;0.0022653992753475906;9.610269260406493;0.008259126800112426;0.11640625
2125;2.655288064933294;1.0;0.46185198538755295;0.14238352740451626;327.6884343110648;-0.02011558981612325;0.0022013442183379086;9.608518695831298;0.010482363123446702;0.1451171875
2126;-0.8163697812036419;0.0;0.0;0.0;542.6668520922373;-0.011419097892940044;0.002440068527357653;9.60691170692444;0.007540110521949828;0.1087890625
2127;-0.37023143514003465;0.0;0.0;0.0;266.0402035696233;-0.004783757776021957;0.00281121083535254;9.608456802368163;0.005862919753417373;0.0734375
2128;-5.9641719162239815;0.0;0.0;0.0;377.871338099177;-0.015543994004838168;0.0020991615427192302;9.607848834991454;0.00862474504392594;0.1203125
2129;-2.4082889622264934;0.0;0.0;0.0;236.1150402745515;-0.017039175820536913;0.001234926760662347;9.61342248916626;0.007304453174583614;0.10625
2130;-0.354454461106814;0.0;0.0;0.0;186.53882672962186;-0.01640265015885234;0.0014670409291284159;9.61888952255249;0.007876973354723305;0.102734375
2131;0.42110181366551525;0.0;0.0;0.0;340.32188702700466;-0.012281995080411435;0.0013317417178768665;9.615611362457276;0.009594997530803085;0.12890625
2132;-5.016084645819036;0.0;0.0;0.0;231.78668348359884;-0.014599582366645335;0.0023674003256019204;9.607447814941406;0.008659801562316716;0.117578125
2133;-0.04762820270042343;0.0;0.0;0.0;447.17458279955054;-0.004883826430886984;0.002296569268219173;9.601233673095702;0.006017599464394152;0.079296875
2134;0.367768531314729;0.0;0.0;0.0;213.62307779532392;-0.019672233820892872;0.0018838522024452685;9.599480438232423;0.007683758251368999;0.092578125
2135;-1.5534487419673753;0.0;0.0;0.0;433.7204447740184;-0.006312138214707374;0.0020459405379369853;9.602660179138184;0.007238305488135666;0.0998046875
2136;-1.3923069233162904;0.0;0.0;0.0;417.9400063972954;-0.012230508704669773;0.0013210468576289713;9.607065677642822;0.007299009058624506;0.1080078125
2137;-1.1997794367372538;0.0;0.0;0.0;317.7606348926804;-0.012747162394225598;0.0014514377689920366;9.605981922149658;0.008379462698940188;0.1203125
2138;-4.897673682883723;0.0;0.0;0.0;138.67806152310908;-0.004067004192620516;0.06454610461369156;9.603903007507324;0.009933797863777728;0.1466796875
2139;0.30322634156935296;0.0;0.0;0.0;229.87817127738464;-0.013272306136786937;0.0027748851221986114;9.605159664154053;0.01061359365703538;0.15625
2140;-2.966038363204371;0.0;0.0;0.0;206.8656224513207;-0.012387580703943968;0.003277133370283991;9.607651090621948;0.007003999943844974;0.08984375
2141;-0.5646083918484093;0.0;0.0;0.0;191.780902551009;-0.013796532619744539;0.002925024961587042;9.601996612548827;0.00677879989380017;0.08203125
2142;-2.5535630412836796;0.0;0.0;0.0;188.8097771599871;5.8338651433587076e-05;0.004921146610286087;9.592561960220337;0.0057924404158256945;0.07421875
2143;-1.2709504618356418;0.0;0.0;0.0;225.09381569663836;-0.020458702044561506;0.003259297797922045;9.589032316207886;0.009179031301755458;0.136328125
2144;-3.5026100296650178;0.0;0.0;0.0;224.3693702174388;-0.014899923698976636;0.0018689045449718834;9.593807792663574;0.0066250363597646356;0.085546875
2145;-2.363168384254751;0.0;0.0;0.0;178.89978527762636;-0.014071251498535275;0.0029994879732839763;9.602630662918092;0.007736830122303218;0.114453125
2146;-0.3963333172490214;0.0;0.0;0.0;154.6395924422786;-0.014883594587445259;0.003745902155060321;9.608308839797974;0.008631912840064615;0.11875
2147;-1.9680367538065706;0.0;0.0;0.0;340.935004288141;-0.01231091027148068;0.0012904234114103018;9.612879943847656;0.004930050414986909;0.05625
2148;-0.24396595902090024;0.0;0.0;0.0;402.35022642673647;-0.022735502291470765;0.07058338327333331;9.61753602027893;0.005270574847236276;0.062890625
2149;-1.317775513665805;0.0;0.0;0.0;250.67866335644837;-0.01676351558417082;0.00817707716487348;9.621694803237915;0.0072687571286223825;0.098828125
2150;-0.816661539392126;0.0;0.0;0.0;257.6641203606356;-0.00882115769200027;0.12187184989452363;9.630714273452758;0.004765052953734994;0.0541015625
2151;0.774460639144271;0.0;0.0;0.0;198.82884107128908;-0.009803340025246143;0.005960642080754042;9.634683609008789;0.008151407388504594;0.1064453125
2152;-0.7887898072052844;0.0;0.0;0.0;287.3662006380842;-0.012848727311939001;0.002332682127598673;9.63925485610962;0.006555398926138878;0.0818359375
2153;0.34947377828334447;0.0;0.0;0.0;199.69971687409927;-0.016972648538649084;0.005143388919532299;9.642621803283692;0.009516703838016838;0.1318359375
2154;-1.0465323867930325;0.0;0.0;0.0;179.95969513822806;-0.006767174182459712;0.06504531856626272;9.647033834457398;0.008009410102386028;0.1078125
2155;-2.447564191333659;0.0;0.0;0.0;92.64846694939185;-0.006050186813808978;0.019308349024504422;9.643457794189453;0.007475600414909423;0.10234375
2156;-1.1711465581480545;0.0;0.0;0.0;275.7331580629686;-0.014549900637939572;0.00456454991362989;9.638874387741089;0.006433203839696944;0.0845703125
2157;0.6027603395551367;0.0;0.0;0.0;182.9635826885068;-0.008255654200911521;0.0018846454389858992;9.635103178024291;0.004431169468443841;0.052734375
2158;-3.541042692712987;0.0;0.0;0.0;327.1105256792702;-0.014095865888521075;0.050444836053065954;9.633066987991333;0.01164497302379459;0.1408203125
2159;-0.532046558815178;0.0;0.0;0.0;173.83792735537563;-0.00842809237074107;0.05142012136057019;9.632964086532592;0.007203158666379749;0.091015625
2160;-0.594074892435222;0.0;0.0;0.0;173.9924151726647;-0.015163670084439218;0.0036391009110957385;9.631323003768921;0.005218407267238945;0.0642578125
2161;1.7270578264864418;1.0;0.6876190488116223;0.18596590959264994;309.8983528436366;-0.01127662300132215;0.0033361381385475395;9.628451871871949;0.006899307318963111;0.0951171875
2162;-1.0351342956315437;0.0;0.0;0.0;420.3423992189264;-0.008938037184998393;0.10737006915733219;9.6305016040802;0.010300323157571257;0.1326171875
2163;-0.08367571223485663;0.0;0.0;0.0;179.38755249881498;-0.013316702144220472;0.010611457587219774;9.628983354568481;0.012291086942423136;0.1748046875
2164;-1.136647701682357;0.0;0.0;0.0;277.22793278247866;-0.012743898597545922;0.021039417199790477;9.627100610733033;0.01034493843326345;0.1455078125
2165;1.477252671863126;0.0;0.0;0.0;223.20952874525517;-0.006445221183821559;0.01251873392611742;9.62682580947876;0.007872566522564739;0.105859375
2166;-0.8487847207338232;0.0;0.0;0.0;140.7500175583022;-0.007227666047401726;0.06325074322521687;9.631784057617187;0.008081930223852396;0.1072265625
2167;-4.565636844597083;0.0;0.0;0.0;330.0772162003613;-0.01271063694730401;0.007671056222170592;9.632141971588135;0.007422662561293691;0.1064453125
2168;-2.0287742067393304;0.0;0.0;0.0;107.22021319689932;-0.0101080734282732;0.005811357672791928;9.628549289703368;0.007408885355107486;0.1041015625
2169;0.33470952863477477;0.0;0.0;0.0;259.33515383492806;-0.011907421005889773;0.04899883089819923;9.629124689102174;0.008222143095918;0.11796875
2170;-0.11893974142073398;0.0;0.0;0.0;287.8405774542644;-0.012693119794130325;0.010907685547135771;9.632643699645996;0.010722195752896369;0.1513671875
2171;-1.0193173176592878;0.0;0.0;0.0;252.084226632588;-0.010285854153335095;0.0108028553891927;9.636128759384155;0.007656083593610674;0.11015625
2172;-4.822100726570727;0.0;0.0;0.0;433.8380318519923;-0.017427718639373778;0.0056396296713501215;9.637247610092164;0.007588066719472408;0.0876953125
2173;-4.378797992012435;0.0;0.0;0.0;155.4219144752134;-0.014081276906654238;0.003479292313568294;9.63600697517395;0.007267552695702761;0.102734375
2174;-2.690161043038028;0.0;0.0;0.0;200.15714061688874;-0.01171153192408383;0.0026559490128420294;9.636419916152954;0.008440736122429371;0.11796875
2175;-2.496317065444351;0.0;0.0;0.0;287.87885699369224;-0.0197375692659989;0.0029614609200507404;9.634375715255738;0.009201114065945148;0.1353515625
2176;-0.07379992247444488;0.0;0.0;0.0;328.89915105695997;-0.000564908143132925;0.06425138318445534;9.635419225692749;0.0048651396878995005;0.05859375
2177;1.1285266169760435;0.0;0.0;0.0;261.2858225664759;-0.00905621419660747;0.0047098586219362915;9.638739538192748;0.006680470588617027;0.08671875
2178;-4.2992012617581;0.0;0.0;0.0;143.24524174826732;-0.015869036223739384;0.00418834964511916;9.639418935775756;0.009123330761212856;0.12578125
2179;-0.13820229406260293;0.0;0.0;0.0;192.684191896192;-0.008703061984851957;0.007181427674368024;9.641936683654786;0.007486571499612182;0.0978515625
2180;0.030709080053290108;0.0;0.0;0.0;271.1257086597863;-0.00392150841653347;0.05803607553243637;9.644300746917725;0.00973902945406735;0.139453125
2181;-2.187817318427242;0.0;0.0;0.0;220.37558772669993;-0.006382738053798675;0.07930534295737743;9.639692115783692;0.005108520365320146;0.068359375
2182;0.6573250728022778;0.0;0.0;0.0;277.28671125257773;-0.0007597271353006363;0.02168840020895004;9.641391944885253;0.007423763920087367;0.1015625
2183;-3.22385209501981;0.0;0.0;0.0;224.6707832513578;-0.008016134751960636;0.005553441972006112;9.645157432556152;0.006725922180339694;0.09140625
2184;0.1734156762930151;0.0;0.0;0.0;237.37273464951903;-0.01701617445796728;0.006062644789926708;9.64809970855713;0.00808700368506834;0.101953125
2185;-0.8315286326619012;0.0;0.0;0.0;279.7387349403768;-0.005126871354877949;0.005202437681145966;9.649257230758668;0.0070337662589736285;0.085546875
2186;-0.5568465923666601;0.0;0.0;0.0;82.90323271183382;-0.0035753370262682437;0.009526916476897896;9.646386528015137;0.006402251787949354;0.0802734375
2187;-1.815307356356201;0.0;0.0;0.0;191.9108634788329;0.0035948199802078307;0.0026576822972856464;9.65374789237976;0.004447869397699833;0.0494140625
2188;-1.5653537270895925;0.0;0.0;0.0;249.6302306662134;-0.018799665570259094;0.00472942505730316;9.659415674209594;0.007496414892375469;0.1029296875
2189;1.1838605797199921;0.0;0.0;0.0;147.0120999531937;-0.017322715651243926;0.007375501096248627;9.66695590019226;0.00941759287379682;0.13203125
2190;0.004628831237849734;0.0;0.0;0.0;318.82475275248026;-0.021409695222973823;0.07576255621388554;9.666612672805787;0.011297224287409336;0.1595703125
2191;0.13153628520889574;0.0;0.0;0.0;86.7490857630198;-0.007791076879948377;0.005540137807838619;9.660303831100464;0.0074516573222354054;0.0921875
2192;0.6226127366313681;0.0;0.0;0.0;338.463316709152;-0.01564525659196079;0.006648526503704488;9.659222173690797;0.009015271998941898;0.113671875
2193;-1.7823233495713253;0.0;0.0;0.0;220.51897467910226;-0.014640336041338742;0.005321841896511614;9.661520433425903;0.007473938167095184;0.1162109375
2194;-1.082011527464583;0.0;0.0;0.0;136.27254672719855;-0.010943777626380324;0.0037186375819146635;9.659106826782226;0.006247883301693946;0.0810546875
2195;-1.6544017049144994;0.0;0.0;0.0;259.3411214334412;-0.004631456453353167;0.05680789407342672;9.65951247215271;0.006922561000101269;0.0927734375
2196;-2.7804502579957444;0.0;0.0;0.0;251.67832512848247;-0.011218222742900252;0.003132015315350145;9.658343076705933;0.007596862327773124;0.1021484375
2197;4.619353501551397;1.0;0.6597448860950875;0.3133848255522752;332.5749338471388;-0.006747791194356978;0.03105292550753802;9.66047477722168;0.007489134382922202;0.098046875
2198;0.01403005117494949;0.0;0.0;0.0;174.88958155940986;-0.014793377090245485;0.005320792214479298;9.668597555160522;0.008766300906427205;0.1263671875
2199;-1.3561123713622716;0.0;0.0;0.0;234.78523383168024;-0.015275807492434979;0.00801598816178739;9.675811433792115;0.00888472517253831;0.128515625
2200;-1.6942325055650451;0.0;0.0;0.0;259.6251652623039;0.004338908893987537;0.005374280631076545;9.676906967163086;0.004607521707657725;0.05390625
2201;0.7016010140833974;0.0;0.0;0.0;193.70895880600673;-0.007109860051423311;0.00470629931660369;9.67953701019287;0.008708024933002888;0.1111328125
2202;-5.448223951407311;0.0;0.0;0.0;445.5800230343379;-0.013821418303996325;0.003187586087733507;9.68193244934082;0.00971066578058526;0.1265625
2203;-2.315487946465112;0.0;0.0;0.0;157.20828162269623;-0.0149267757544294;0.008034810447134078;9.683545207977295;0.010034323786385357;0.12890625
2204;-0.2612508209241238;0.0;0.0;0.0;190.60331887272037;-0.015997293405234814;0.0031677692546509205;9.684282922744751;0.007523081847466528;0.098828125
2205;4.700180117330492;1.0;0.7306170208476379;0.18125581147971714;190.08846947571152;-0.01871251065749675;0.022300740401260555;9.687219429016114;0.007878692972008139;0.092578125
2206;-2.7205944654411343;0.0;0.0;0.0;57.56594259252556;-0.007103094016201794;0.005072884913533926;9.692734575271606;0.0099492774810642;0.141015625
2207;-0.950577543454978;0.0;0.0;0.0;396.44346461964096;-0.006564372638240457;0.06196444304659963;9.693684482574463;0.01160077004460618;0.13046875
2208;-1.3308691867625861;1.0;0.6724311474598088;0.20990660086504936;357.49000970634836;-0.010132709424942732;0.005700300331227481;9.687998056411743;0.014118901605252176;0.1783203125
2209;-2.236507312928774;0.0;0.0;0.0;216.61060352955602;-0.019176148483529686;0.004715667117852718;9.688446474075317;0.009815940191037953;0.13984375
2210;-0.04867670717265379;0.0;0.0;0.0;161.2842512491338;-0.01796581009402871;0.0076986329164356;9.691695404052734;0.01048474459676072;0.1576171875
2211;-0.9415387408765877;0.0;0.0;0.0;235.3406825074431;-0.013263042969629168;0.003358386852778494;9.697744226455688;0.006042733078356832;0.0828125
2212;4.37389890444116;1.0;0.6736064193949189;0.18790580317819974;186.08261005530295;-0.013637127447873354;0.00848190700635314;9.701944875717164;0.009673892764840274;0.14296875
2213;-6.19237839100677;0.0;0.0;0.0;247.57395100899802;-0.016048735310323536;0.0028740681940689684;9.698490142822266;0.009797754557803273;0.1388671875
2214;0.15422936509608873;0.0;0.0;0.0;197.9381820870927;-0.007386414520442486;0.006363300955854356;9.69997591972351;0.008828179584816099;0.1228515625
2215;-0.7962650478365546;0.0;0.0;0.0;349.9144369059392;-0.008844611421227454;0.0025879444205202163;9.708594417572021;0.006217979686334729;0.0828125
2216;-0.6323580187781127;0.0;0.0;0.0;295.77236009458085;-0.016000453429296613;0.005481767677702009;9.721430587768555;0.006156081100925803;0.0771484375
2217;0.6592796130345104;0.0;0.0;0.0;264.36785476438115;-0.0031099083833396437;0.0023151647532358766;9.727258682250977;0.005386744497809559;0.0671875
2218;0.27262765795078164;0.0;0.0;0.0;381.5204802412989;-0.016002831049263477;0.00848960226867348;9.728104400634766;0.010174249147530645;0.1232421875
2219;-0.7784053863718291;0.0;0.0;0.0;223.79345397239916;-0.012594289379194379;0.006232863967306912;9.730114412307739;0.004918583098333329;0.056640625
2220;-2.6732242637438404;0.0;0.0;0.0;305.49742172340467;-0.014202977414242923;0.008787875389680266;9.72921724319458;0.009913906175643205;0.14140625
2221;0.28206594480281405;0.0;0.0;0.0;174.50351556660263;-0.006315107899717986;0.003428720333613455;9.729842185974121;0.006125347968190908;0.084375
2222;-1.322154430306802;0.0;0.0;0.0;147.31381924199226;-0.004888713033869863;0.009811490401625633;9.722711610794068;0.00822213253704831;0.104296875
2223;-0.9872710293221042;0.0;0.0;0.0;231.3552694980898;0.0024549983674660323;0.010565176606178284;9.720231914520264;0.007090193685144186;0.1025390625
2224;-0.7126903201672128;0.0;0.0;0.0;448.01337188995205;-0.010651588393375277;0.01411283533088863;9.72549524307251;0.007546880084555596;0.107421875
2225;-4.512285414792077;0.0;0.0;0.0;383.4489458000137;-0.011286956118419766;0.01205500231590122;9.729003286361694;0.00790804011048749;0.10546875
2226;-0.1446212070156759;0.0;0.0;0.0;195.08462018939798;-0.023870959505438806;0.010771662183105945;9.73233528137207;0.012466982926707715;0.1740234375
2227;1.0246888382879764;0.0;0.0;0.0;271.5299966746268;-0.008344613574445247;0.07442540656775236;9.735240268707276;0.01265692109009251;0.18515625
2228;0.4793060300744663;0.0;0.0;0.0;290.7042715847218;-0.010971296206116676;0.009778679232113063;9.739733028411866;0.00650975703028962;0.0810546875
2229;-1.915327761751461;0.0;0.0;0.0;317.5385633012616;-0.017638440849259494;0.0053699668846093115;9.74301872253418;0.007890696218237282;0.1126953125
2230;-0.7699533444755159;0.0;0.0;0.0;180.7839853689019;0.0008541737217456103;0.06347367819398642;9.74523572921753;0.007966126524843275;0.102734375
2231;5.089818755432804;1.0;0.6991235806522675;0.25947907081661997;183.87608219407988;-0.01761721579823643;0.0085977871902287;9.743414735794067;0.006065848562866449;0.0779296875
2232;0.1562610894992308;0.0;0.0;0.0;470.3039563284839;-0.011191541329026222;0.01772864367812872;9.74229030609131;0.007589935418218374;0.11171875
2233;-0.9730977268562765;0.0;0.0;0.0;221.34509995105955;-0.0062818855978548525;0.003937950800172984;9.746781587600708;0.009954352397471666;0.1412109375
2234;-0.42711555352131253;0.0;0.0;0.0;184.19122458038134;-0.013361499132588505;0.003205025859642774;9.747123003005981;0.006119342229794711;0.082421875
2235;0.2793696773431189;0.0;0.0;0.0;224.5943665680439;0.0036995449103415013;0.010161267453804612;9.748632001876832;0.007336124533321708;0.0998046875
2236;-1.0541728666768617;0.0;0.0;0.0;94.7267016388148;-0.015057368297129869;0.0053558619925752286;9.749672746658325;0.008070245920680463;0.100390625
2237;-0.5352547514617214;0.0;0.0;0.0;196.97149370586217;-0.015355955809354782;0.007376055815257132;9.746609830856324;0.01090581986354664;0.1552734375
2238;0.15043021102273887;0.0;0.0;0.0;266.845685787209;-0.007390302512794733;0.003508737275842577;9.74677300453186;0.007081873307470232;0.084375
2239;-0.7961934617896714;0.0;0.0;0.0;108.80740563175941;-0.008748456230387091;0.07848555855453014;9.751795625686645;0.004976317600812763;0.0654296875
2240;0.16616451498152432;0.0;0.0;0.0;318.57324339825055;-0.017987118754535913;0.007361235423013568;9.750712680816651;0.008961939613800495;0.1322265625
2241;-0.32642540218690064;0.0;0.0;0.0;142.19383061280433;-0.007276270003058016;0.005454878089949489;9.750225019454955;0.007928976649418473;0.1083984375
2242;0.12873392970128122;0.0;0.0;0.0;354.6941680780164;-0.0029386043664999307;0.0024499577179085464;9.75447130203247;0.005790236685425043;0.0771484375
2243;-1.2527672084745225;0.0;0.0;0.0;113.71356592181911;-0.00541818835772574;0.007294648350216449;9.76152582168579;0.006289813574403525;0.083984375
2244;-1.2100193613852461;0.0;0.0;0.0;248.00498575767838;-0.02072205706499517;0.01056104889139533;9.77180986404419;0.010250023496337236;0.150390625
2245;0.7880717447895892;0.0;0.0;0.0;177.93264033780252;-0.018179710558615624;0.007573982607573271;9.77560338973999;0.006062566943001002;0.0818359375
2246;-0.38453003281316633;0.0;0.0;0.0;169.50321203451142;-0.004403892159461975;0.003423910215497017;9.77287015914917;0.0072592672193422915;0.0958984375
2247;-0.48266001410064685;0.0;0.0;0.0;302.2344511198282;-0.005546790012158453;0.0064726784126833085;9.771399593353271;0.005880353064276278;0.0779296875
2248;-0.3382024225944269;0.0;0.0;0.0;153.15574416434956;-0.005258701927959919;0.009170187916606665;9.774946069717407;0.008438323251903057;0.10546875
2249;0.6145059592594817;0.0;0.0;0.0;262.2511338454692;-0.00852207439020276;0.004557302221655846;9.779198408126831;0.011211294110398739;0.1478515625
2250;-0.09636071804805875;0.0;0.0;0.0;417.0538439126383;-0.009363685501739383;0.003937372041400522;9.776743412017822;0.005278842116240412;0.064453125
2251;-0.9426050593834295;0.0;0.0;0.0;224.621802164026;-0.012048531603068114;0.004986562090925873;9.776987028121948;0.00817206404171884;0.116015625
2252;-1.047648939100509;0.0;0.0;0.0;399.68743308084527;-0.009903643094003201;0.013416028441861272;9.784046602249145;0.0062847303226590155;0.080859375
2253;-0.5766788377197549;0.0;0.0;0.0;221.56682239671426;-0.016065897699445487;0.004656637040898204;9.786452388763427;0.008058477577287703;0.1041015625
2254;-0.979031538279559;0.0;0.0;0.0;157.0164853478929;-0.012976329308003187;0.01127864671871066;9.782013893127441;0.008021780312992633;0.09921875
2255;-0.25732379640381275;0.0;0.0;0.0;136.42067578861722;-0.013079019146971405;0.02268216609954834;9.785294008255004;0.008477154106367379;0.1140625
2256;-2.2057685914204908;0.0;0.0;0.0;180.15724108663863;-0.015746143832802772;0.009255016851238907;9.792558288574218;0.00984972364967689;0.13203125
2257;-6.767770979112424;0.0;0.0;0.0;190.12880699569862;-0.019328649225644767;0.009104495262727141;9.791837978363038;0.00799847076414153;0.1140625
2258;-2.7297377033948065;0.0;0.0;0.0;321.8037760420633;-0.011528458585962654;0.009101428021676839;9.787755870819092;0.008973087172489614;0.1169921875
2259;-0.11205831288776877;0.0;0.0;0.0;155.98726659909238;-0.006735244579613209;0.01584955337457359;9.778462553024292;0.007218900707084685;0.104296875
2260;-2.308256775511219;0.0;0.0;0.0;287.43840662507165;-0.009182800631970167;0.007902986090630292;9.769706773757935;0.00891710405703634;0.1291015625
2261;-1.7627699343280483;0.0;0.0;0.0;204.44468369270174;-0.019056165451183917;0.0034767432138323785;9.762935543060303;0.009823924046941102;0.1361328125
2262;-1.9291100125388023;0.0;0.0;0.0;262.4036944170064;-0.008996067778207361;0.0038778958143666385;9.7622305393219;0.007511288241948933;0.0966796875
2263;-11.28239783449216;0.0;0.0;0.0;126.14058706575372;-0.008736468548886479;0.014635573513805867;9.768567657470703;0.008556044695433229;0.1125
2264;6.027563391850398;1.0;0.4155194626339226;0.20134075376653782;358.04530567138767;-0.013327329885214567;0.006010053888894617;9.773019552230835;0.007133717264514417;0.099609375
2265;0.1101513656613935;0.0;0.0;0.0;106.22513449622387;-0.010737778805196285;0.0037726507405750455;9.77548885345459;0.009645858232397586;0.130078125
2266;-3.0758476082171367;0.0;0.0;0.0;189.79764010712202;-0.011744617158547044;0.005441087344661355;9.775243473052978;0.010081479756627232;0.1484375
2267;0.03916603745788638;0.0;0.0;0.0;121.5889606388799;-0.007564764656126499;0.006859995238482952;9.776770734786988;0.006466065929271281;0.08359375
2268;0.5289140671086339;0.0;0.0;0.0;300.6884752666416;-0.010694099869579077;0.010330211860127747;9.776224613189697;0.00606611839029938;0.076171875
2269;-12.512954387728723;0.0;0.0;0.0;1148.0738095761542;-0.018474832316860555;0.005545242293737829;9.772777938842774;0.010038247343618422;0.1431640625
2270;0.8511709345263525;0.0;0.0;0.0;588.4204403940352;-0.010106413951143622;0.004273619630839676;9.771894264221192;0.010507239436265081;0.155859375
2271;0.16772790056611075;0.0;0.0;0.0;166.39734545801326;-0.015293148020282388;0.005261695617809892;9.772908449172974;0.007872790494002403;0.1037109375
2272;-3.1576736812062345;0.0;0.0;0.0;273.94131717178294;-0.008677193243056536;0.010886979359202086;9.773016262054444;0.008166328782681375;0.113671875
2273;-3.223974460105507;0.0;0.0;0.0;215.86069271364082;-0.015141152567230165;0.006205960595980287;9.765358543395996;0.006970741983968765;0.0986328125
2274;-2.46092964697957;0.0;0.0;0.0;121.17061950420916;-0.016217874991707504;0.008418850204907357;9.769867086410523;0.005690663226414472;0.0751953125
2275;-0.361009233508523;0.0;0.0;0.0;320.9581979318459;-0.015486232191324233;0.002864986192435026;9.77749547958374;0.007580612122546881;0.1068359375
2276;0.739932064781424;0.0;0.0;0.0;189.69115221987187;-0.023198253544978797;0.006796707003377378;9.781938982009887;0.009238501801155508;0.1298828125
2277;0.03471233332462249;0.0;0.0;0.0;148.4565231901926;-0.019648738438263535;0.008453232771717011;9.785297870635986;0.008223360520787537;0.103515625
2278;-1.5636036421286283;0.0;0.0;0.0;1048.537867965052;-0.007271418918389827;0.016219587717205285;9.788925409317017;0.007977371301967651;0.099609375
2279;-1.492656243854747;0.0;0.0;0.0;404.7337856367388;-0.0070085802115499975;0.031049773376435042;9.79230465888977;0.00804819973418489;0.1076171875
2280;-0.903507127958497;0.0;0.0;0.0;164.50374400247304;-0.015629694075323643;0.004649608279578388;9.798432922363281;0.007438039220869541;0.0921875
2281;-1.8889013419823337;0.0;0.0;0.0;419.8158739603045;-0.013848447799682617;0.0035233215661719442;9.80541534423828;0.006053880217950791;0.0763671875
2282;-1.5893506028089626;0.0;0.0;0.0;204.00024954547789;-0.010265232529491186;0.005717886821366846;9.811563873291016;0.0069975535734556615;0.088671875
2283;-1.1300783423686844;0.0;0.0;0.0;171.04575318614218;-0.015661385469138624;0.0035022622905671597;9.815265464782716;0.0057853305363096295;0.07109375
2284;1.3265457492366466;0.0;0.0;0.0;166.02033689465281;-0.011138860322535037;0.01715507432818413;9.814763402938842;0.009053546458017082;0.1361328125
2285;0.8285201681805343;0.0;0.0;0.0;136.4909096134253;-0.015957385767251253;0.005880229943431914;9.824241065979004;0.007614890299737454;0.1125
2286;-0.5392682943551922;0.0;0.0;0.0;447.3990806014978;-0.017926618037745357;0.004574413818772882;9.833269786834716;0.007408117747399956;0.0974609375
2287;-0.17880209964300278;0.0;0.0;0.0;238.28203991535526;-0.008849759120494127;0.003455843625124544;9.836776399612427;0.007968029950279742;0.1142578125
2288;-0.7229893578178589;0.0;0.0;0.0;998.9428329406951;-0.022585137747228146;0.0031432763091288505;9.841816711425782;0.007842090202029795;0.1076171875
2289;-1.099937142383436;0.0;0.0;0.0;367.329952175029;-0.012263726070523262;0.01307046206202358;9.841788721084594;0.007094496570061892;0.09375
2290;-2.8374007746784318;0.0;0.0;0.0;480.67534309902135;-0.005615913774818182;0.00781033996026963;9.837573528289795;0.007358890550676733;0.105859375
2291;-1.1150529583617914;0.0;0.0;0.0;256.86265451878876;-0.008541804552078248;0.018704620422795415;9.83832221031189;0.00720384115120396;0.0962890625
2292;-1.2813737034480526;0.0;0.0;0.0;182.25243941923677;-0.01155083072371781;0.008221377665176988;9.845335435867309;0.008492606482468546;0.119140625
2293;-0.18906332164069387;0.0;0.0;0.0;164.82487135065008;-0.011977208219468594;0.005353911523707211;9.846354532241822;0.006750570610165596;0.092578125
2294;1.050875781708678;0.0;0.0;0.0;245.30577250796358;-0.006202035024762154;0.006575370137579739;9.842326211929322;0.009129723883233964;0.1259765625
2295;-1.0084400661990065;0.0;0.0;0.0;163.6173632097687;-0.018023476609960197;0.007812498905695975;9.838311195373535;0.008814805536530912;0.1259765625
2296;-1.6139956997231875;0.0;0.0;0.0;272.54548351971096;-0.017520861141383647;0.006328281271271408;9.836682605743409;0.008515083452221007;0.1232421875
2297;6.593522489706026;1.0;0.5315457429583191;0.4978208292261748;286.62206785315715;-0.014511968474835157;0.005027099105063826;9.835123682022095;0.007642024639062583;0.1048828125
2298;-0.38212058637705476;0.0;0.0;0.0;237.9550388773682;-0.0053441355703398585;0.013777052192017436;9.83931336402893;0.007615740085020662;0.1099609375
2299;-2.122658231262032;0.0;0.0;0.0;63.751656744085665;-0.0010153081035241484;0.07980022374540567;9.840007066726685;0.007364884356502443;0.1056640625
2300;-0.8369377030504419;0.0;0.0;0.0;319.48071589100334;-0.005383619456551969;0.023962527140975;9.839434003829956;0.0077390347956679765;0.10625
2301;-1.0191484831663664;0.0;0.0;0.0;306.28749924334625;-0.004397229361347854;0.013382763974368573;9.838307905197144;0.00665323194116354;0.08515625
2302;-0.47048215212445754;0.0;0.0;0.0;406.91273483165077;-0.011593641294166446;0.005168425128795206;9.840396118164062;0.007270994980353862;0.11015625
2303;-2.2159278556921413;0.0;0.0;0.0;183.58700431731933;-0.007355498382821679;0.005259898048825562;9.843316841125489;0.00814455576473847;0.1041015625
2304;-0.9091677710056166;0.0;0.0;0.0;242.7849647047828;-0.014383081858977676;0.005079094879329204;9.847741603851318;0.0068129929946735505;0.0876953125
2305;2.561159322726914;1.0;0.5311413349413786;0.48785851036203215;281.5772375226648;-0.022767284652218223;0.006209213985130191;9.848191928863525;0.006324608798604458;0.0849609375
2306;-0.8408064633620386;0.0;0.0;0.0;279.70586374256493;-0.012034354312345386;0.004641915252432227;9.847927141189576;0.00926514989696443;0.1279296875
2307;0.611210604210928;0.0;0.0;0.0;215.89818561352104;-0.0132238409249112;0.004520868265535683;9.847224855422974;0.008380364079494029;0.1203125
2308;-0.6527371035625354;0.0;0.0;0.0;279.20190203611503;-0.009066532494034617;0.011266040103510021;9.846704816818237;0.007949892815668136;0.1080078125
2309;-0.08030875905789206;0.0;0.0;0.0;414.5702771400985;-0.005381529522128403;0.011107870377600193;9.84007396697998;0.00657376772724092;0.0923828125
2310;-0.7478628458617568;0.0;0.0;0.0;315.84881460143714;-0.001398389198584482;0.0035792233073152603;9.835364246368409;0.005978892266284674;0.078515625
2311;-0.0945113298894491;0.0;0.0;0.0;300.1389050482204;-0.011961398459970952;0.0048556294874288145;9.838197565078735;0.008267945633269847;0.113671875
2312;-1.8890522739054512;0.0;0.0;0.0;73.57330752616384;-0.014994744805153459;0.007727747084572911;9.844783973693847;0.007532661058939993;0.0994140625
2313;-0.49423225657237796;0.0;0.0;0.0;152.73149850240193;-0.0173210576409474;0.004408245079685002;9.849734258651733;0.007757877605035901;0.0962890625
2314;-0.9864461661928495;0.0;0.0;0.0;138.92832832243437;-0.013515105284750462;0.006583680142648518;9.858495616912842;0.00809991838177666;0.1087890625
2315;-0.9368496790228221;0.0;0.0;0.0;151.7832030281502;-0.005281572788953781;0.0036288835341110825;9.866863584518432;0.008136038796510547;0.1107421875
2316;-0.5428029079152276;0.0;0.0;0.0;268.041220295468;-0.010342454444617033;0.01239484380930662;9.870423936843872;0.0076175576425157486;0.1017578125
2317;1.0048070120106027;0.0;0.0;0.0;148.84357989544677;-0.005998471193015576;0.011409548437222838;9.868148803710938;0.005074592633172869;0.062890625
2318;-0.3845156891226606;0.0;0.0;0.0;296.5265197409356;-0.014961351873353124;0.0065078648505732415;9.86169924736023;0.007686829438898713;0.1091796875
2319;-0.9625466665835076;0.0;0.0;0.0;127.0510061055529;-0.014003052515909076;0.006456095399335027;9.856839323043824;0.006783957208972425;0.091796875
2320;-0.9523309537646061;0.0;0.0;0.0;163.33873767092456;-0.0074441093020141125;0.008090888033621013;9.860895109176635;0.00691913393093273;0.0900390625
2321;0.2497370171402458;0.0;0.0;0.0;330.1073227016275;-0.01433581397868693;0.007735238666646183;9.863179636001586;0.0071390738827176396;0.0921875
2322;-1.7842810464858763;0.0;0.0;0.0;233.76709789354513;-0.010106601426377893;0.005673275329172611;9.864032077789307;0.008219552307855338;0.114453125
2323;-0.2434270739628978;0.0;0.0;0.0;422.3371042107076;-0.017610499821603297;0.00675529851578176;9.866593837738037;0.006708132952917367;0.085546875
2324;0.005760210273590989;0.0;0.0;0.0;340.22507607016496;-0.012908007623627782;0.019042636500671506;9.866641235351562;0.008613085863180459;0.1107421875
2325;-2.514186823796225;0.0;0.0;0.0;59.605494970946786;-0.008376354724168778;0.08067121794447303;9.869242477416993;0.007674582430627197;0.103125
2326;-1.1967750136910542;0.0;0.0;0.0;211.83916828347583;-0.014431176753714681;0.0066529269563034175;9.870828628540039;0.007270733534824103;0.0984375
2327;-1.3248592127984689;0.0;0.0;0.0;280.42011673779285;-0.01068194666877389;0.008815067098475992;9.870772647857667;0.0059783515520393845;0.0796875
2328;-1.8610885725142368;0.0;0.0;0.0;328.4091802354168;-0.004682053858414292;0.007260329369455576;9.871323490142823;0.006904506229329854;0.1025390625
2329;-0.07403160471909173;0.0;0.0;0.0;171.52476504255623;-0.013473845133557916;0.07915367167443037;9.87496600151062;0.0068084856029599905;0.0802734375
2330;-0.771538353365735;0.0;0.0;0.0;215.89623408379558;-0.012067759409546852;0.011483228323049844;9.873305368423463;0.005668553605210036;0.072265625
2331;-2.7282788215748455;0.0;0.0;0.0;135.67298854045848;-0.011409388552419842;0.008166479622013867;9.869658470153809;0.008574540738482028;0.1203125
2332;-0.6597396620514923;0.0;0.0;0.0;180.83318632296795;-0.01884445999749005;0.06770678535103798;9.865395498275756;0.010955163044854999;0.1576171875
2333;-0.11653973790352898;0.0;0.0;0.0;389.2799898472217;-0.010532854543998837;0.007240651035681367;9.861421346664429;0.005917859403416515;0.0736328125
2334;-0.7392616175592469;0.0;0.0;0.0;147.18921274242447;-0.013673563674092292;0.003357415786013007;9.85629563331604;0.006477546051610261;0.0853515625
2335;0.11404065057113562;0.0;0.0;0.0;277.9789036960781;-0.0063626198563724755;0.004461836372502148;9.854500865936279;0.006584019248839468;0.0837890625
2336;-1.1518796981038457;0.0;0.0;0.0;131.99896854611876;-0.014121166244149209;0.006725168903358281;9.84983434677124;0.007669905654620379;0.101953125
2337;0.0002611555640493462;0.0;0.0;0.0;158.31677895742476;-0.007920694467611612;0.003400060790590942;9.84361391067505;0.00804023016244173;0.109765625
2338;-0.21707588721453758;0.0;0.0;0.0;378.461990291875;-0.012732670176774263;0.008977447007782757;9.840799856185914;0.006613441603258252;0.0828125
2339;-0.6923322037251837;0.0;0.0;0.0;388.9063352669342;-0.013770577497780323;0.009676423855125904;9.839115524291993;0.006890653469599784;0.096484375
2340;-0.9282861373305628;0.0;0.0;0.0;130.72469991317539;-0.011776728648692369;0.012337218457832932;9.837541961669922;0.008072629407979547;0.1123046875
2341;-2.1327204351600493;0.0;0.0;0.0;264.85020492141075;-0.015529187652282417;0.005339590343646705;9.835225152969361;0.007809069589711726;0.11015625
2342;-0.7690814801035895;0.0;0.0;0.0;388.24653242971334;-0.01065953029319644;0.04909847164526582;9.830487632751465;0.008127739536575973;0.109375
2343;-0.7418463859142813;0.0;0.0;0.0;173.79719904070717;0.0007140324451029301;0.12547167092561723;9.829214429855346;0.008315149159170688;0.1185546875
2344;0.8929476243243023;0.0;0.0;0.0;440.4355617006532;-0.005694174533709883;0.009276831662282348;9.823945331573487;0.010037550237029791;0.1462890625
2345;-0.7054453903366887;0.0;0.0;0.0;193.81824983988898;-0.01091477507725358;0.010843317816033959;9.818326282501221;0.005422886915039271;0.0677734375
2346;-0.6865487164485579;0.0;0.0;0.0;167.584913953543;-0.008831157977692784;0.005610344139859081;9.816259765625;0.008275167527608573;0.1095703125
2347;-0.765816010542978;0.0;0.0;0.0;122.91269043646861;-0.010925439652055502;0.13961971066892148;9.812226676940918;0.00783916945802048;0.1060546875
2348;-0.7982583258448932;0.0;0.0;0.0;137.49406434075593;-0.012379825580865145;0.011164661659859122;9.807880163192749;0.010906922386493535;0.1458984375
2349;-0.27115763685215766;0.0;0.0;0.0;116.71257321238852;-0.009042614977806807;0.010017558792605996;9.809975814819335;0.008446926751639694;0.1115234375
2350;0.4812046786773707;0.0;0.0;0.0;358.3172188675422;-0.016293254867196082;0.005289808311499655;9.813276004791259;0.005222602444700897;0.0650390625
2351;0.07806699421203728;0.0;0.0;0.0;243.67081828310648;-0.014633785141631961;0.07800482707098126;9.812306547164917;0.009927896165754646;0.130078125
2352;-2.5418671791726744;0.0;0.0;0.0;70.31624195766759;-0.011913863790687174;0.007683482707943767;9.81588716506958;0.009800107742194086;0.1419921875
2353;-0.8300078008292744;0.0;0.0;0.0;285.8311710901013;-0.004235557606443762;0.008216084213927388;9.812544202804565;0.007289773575030268;0.1013671875
2354;-0.16665667413545726;0.0;0.0;0.0;266.71298636774964;-0.007533731544390321;0.07490798869403079;9.807859468460084;0.009626676293555647;0.1109375
2355;-2.046486414859108;0.0;0.0;0.0;97.88197326140359;-0.017499809525907038;0.005573036521673203;9.806036901473998;0.010864564473740757;0.1390625
2356;-0.04931371581220019;0.0;0.0;0.0;143.5700351808252;-0.0012172153685241938;0.011509782075881958;9.806515789031982;0.008696350222453474;0.1259765625
2357;-0.5660235319725966;0.0;0.0;0.0;293.8083090052553;-0.010528621799312531;0.007781140506267548;9.799703741073609;0.006940302427392453;0.0875
2358;-0.5626105626288834;0.0;0.0;0.0;319.8497010919915;-0.012371183279901743;0.0053076233947649595;9.794722270965575;0.007581778836902231;0.0955078125
2359;-0.37776806100306587;0.0;0.0;0.0;308.26725167176244;-0.005995708238333464;0.004411196080036461;9.79481348991394;0.006775276910047978;0.0896484375
2360;6.277678529022842;1.0;0.6956130586542328;0.2851388805228866;305.43563176688065;-0.004441627440974117;0.0982937796972692;9.790618658065796;0.0065509534906595945;0.0810546875
2361;5.162818735161294;1.0;0.751242892330476;0.14351167642081492;105.90664441020098;-0.00783938248641789;0.022507253149524332;9.786607789993287;0.005492134811356663;0.063671875
2362;-1.8931292855721364;0.0;0.0;0.0;77.77180606275614;-0.012751611461862922;0.017764611868187785;9.788100099563598;0.009419349080417305;0.119140625
2363;-1.976148259808687;0.0;0.0;0.0;104.30365749702354;-0.017288170754909515;0.005588513752445579;9.788990020751953;0.010879890993237495;0.14921875
2364;-1.6249453431554854;0.0;0.0;0.0;80.10055921334497;-0.012709914578590543;0.007674013054929674;9.789700317382813;0.006758215767331421;0.091015625
2365;-0.5201572047510353;0.0;0.0;0.0;137.00549487476113;-0.004292950406670571;0.014445279911160468;9.794718790054322;0.006370167748536914;0.0853515625
2366;-0.17983312292185827;0.0;0.0;0.0;115.55922513539065;-0.0011585450964048504;0.04493721520993858;9.801012563705445;0.008369261410553008;0.11484375
2367;-1.2142517550640979;0.0;0.0;0.0;70.78861253897185;-0.01007973039522767;0.07463322840631008;9.796731567382812;0.0099209223408252;0.1369140625
2368;-3.348030089346436;0.0;0.0;0.0;188.00006277857509;-0.014147808821871877;0.010261163907125592;9.787455511093139;0.007503714982885867;0.103515625
2369;-1.7611691746972307;0.0;0.0;0.0;192.05912884516673;-0.009988608863204717;0.00812498873565346;9.782987022399903;0.010944756376557053;0.1634765625
2370;0.9129584644513635;0.0;0.0;0.0;365.38908422098973;-0.014141294173896313;0.011681554606184363;9.786339521408081;0.007708381721749901;0.1076171875
2371;-0.989066856238029;0.0;0.0;0.0;299.5353518147574;-0.0067622141214087605;0.009190167509950697;9.78975019454956;0.005352307402063161;0.0677734375
2372;-1.965969563401261;0.0;0.0;0.0;286.2060361840955;-0.007062311423942447;0.07837671814486384;9.787951707839966;0.00945050617447123;0.1328125
2373;-21.133473446369205;0.0;0.0;0.0;358.20326021533606;-0.019678456149995326;0.010133534437045455;9.787385559082031;0.007179600896779448;0.1029296875
2374;-1.8286523343595749;0.0;0.0;0.0;234.05476644934046;-0.016648166347295046;0.008672721381299198;9.78762059211731;0.008677409635856748;0.1158203125
2375;-0.4361713299839085;0.0;0.0;0.0;330.67301897748064;-0.009244354953989387;0.005650508822873235;9.79025149345398;0.008817125938367098;0.1150390625
2376;0.2254061133977364;0.0;0.0;0.0;133.69566434674627;-0.004537498019635678;0.07414404470473528;9.795143318176269;0.00983566625509411;0.141015625
2377;-18.54547819361708;0.0;0.0;0.0;246.61921027243437;-0.011875941511243581;0.07172933351248503;9.793637037277222;0.005649376520887017;0.0677734375
2378;-0.41239334402350153;0.0;0.0;0.0;80.72098902257142;-0.012097489228472114;0.005915780388750136;9.792111825942992;0.007979409722611307;0.078125
2379;-0.9826441795543158;0.0;0.0;0.0;278.10905473534893;-0.010055766813457013;0.009310046536847949;9.784417343139648;0.006438791146501898;0.087109375
2380;5.361006599405151;1.0;0.8515392986917144;0.306902786141202;162.12823869605498;-0.01117395032197237;0.07304593767039477;9.777825784683227;0.008533529029227794;0.1234375
2381;-3.100207754867661;0.0;0.0;0.0;131.406708954636;-0.013175739347934723;0.011125485762022436;9.777440786361694;0.011226208170410246;0.1228515625
2382;-1.080225360719075;0.0;0.0;0.0;104.90964076857432;-0.0021061754319816827;0.0538464495446533;9.784981489181519;0.006357241841033101;0.07890625
2383;-1.3396579300025266;0.0;0.0;0.0;122.10912009029639;-0.007514952961355448;0.007461104984395206;9.787007713317871;0.0065256708883680405;0.084375
2384;-3.7132808231507792;0.0;0.0;0.0;233.82135920610037;-0.014685018081218004;0.06454793470911682;9.784416961669923;0.007495855831075459;0.095703125
2385;-1.7390672524923392;0.0;0.0;0.0;228.8724519988863;-0.008270955551415682;0.01048853169195354;9.7770911693573;0.010494772321544587;0.1490234375
2386;-4.261352387555216;0.0;0.0;0.0;193.45151904163984;-0.01704345610924065;0.010973697807639838;9.7822416305542;0.007460131507832557;0.0896484375
2387;4.1536727933947395;1.0;0.7060571168696301;0.24858301899357232;308.65532129554055;-0.004548745905049145;0.0053399567725136874;9.78992052078247;0.005586912762373686;0.0669921875
2388;-1.230502906904699;0.0;0.0;0.0;232.61140956648447;-0.014320865273475647;0.0023222354357130826;9.793327045440673;0.005548322875984013;0.0669921875
2389;-0.3417205883931732;0.0;0.0;0.0;102.83243448931567;-0.018437229399569332;0.08115379950031638;9.78753342628479;0.007851640891749412;0.1037109375
2390;6.26188763926921;1.0;0.69939276799672;0.22507266504548806;230.5805766139346;-0.010933235066477209;0.007941598747856915;9.784191226959228;0.006971892400179059;0.08515625
2391;-2.314741004453284;0.0;0.0;0.0;211.03585609545783;-0.01717452029697597;0.011416960507631302;9.788835382461547;0.00991968581220135;0.149609375
2392;0.2410404769005922;0.0;0.0;0.0;203.24358107893303;-0.010105726774781942;0.015031938813626767;9.797196245193481;0.007209054531995207;0.09609375
2393;-1.0489807217829448;0.0;0.0;0.0;252.3774876237604;-0.007717573456466198;0.011433380795642734;9.800030851364136;0.007662311231251806;0.103125
2394;-2.8056757842992464;0.0;0.0;0.0;228.45938356457089;-0.004038622183725238;0.1341819129884243;9.797756624221801;0.005671428621280938;0.0658203125
2395;-3.0382818141573265;0.0;0.0;0.0;145.94899686658303;-0.010919687803834677;0.07466070954687894;9.791454458236695;0.007085784547962248;0.0888671875
2396;-5.097058449963458;0.0;0.0;0.0;270.4068811813693;-0.0063970653573051095;0.024207370541989803;9.792769241333009;0.007177241425961256;0.101171875
2397;0.2365463557256965;0.0;0.0;0.0;146.94506117159062;-0.0009038389194756747;0.010949931549839675;9.795228242874146;0.005997934145852923;0.0830078125
2398;0.17468927012257066;0.0;0.0;0.0;73.46193156615406;-0.007117556873708963;0.006948094232939184;9.793056297302247;0.009379833843559027;0.134765625
2399;-2.448366413773904;0.0;0.0;0.0;194.47901250054613;-0.016477734409272672;0.007094451156444847;9.795165395736694;0.008083758899010718;0.1037109375
2400;-8.111061494522886;0.0;0.0;0.0;223.49290497383902;-0.005175275541841984;0.07723691212013364;9.800506353378296;0.010828353778924793;0.1322265625
2401;-4.97888375026374;0.0;0.0;0.0;133.0055537273003;-0.009330099495127798;0.014630422182381152;9.80304651260376;0.007163096126168967;0.09609375
2402;-1.8680306497548458;0.0;0.0;0.0;271.70218169477704;-0.010501994984224439;0.0094670370221138;9.808160257339477;0.009667657723184675;0.132421875
2403;-1.0999444214292293;0.0;0.0;0.0;133.63201223012885;-0.008153311116620899;0.007364752423018217;9.815493154525758;0.010431559069547802;0.149609375
2404;-8.385401437523578;0.0;0.0;0.0;247.0725357875033;-0.0021603894187137485;0.026294237328693272;9.826433515548706;0.009276511380448937;0.1291015625
2405;-3.100295227985552;0.0;0.0;0.0;97.93952097056435;-0.015143998153507709;0.010671775275841355;9.83089084625244;0.008300702087581158;0.1140625
2406;-1.2623047437416817;0.0;0.0;0.0;289.91548099072367;-0.010132379271090031;0.006888841860927641;9.832715702056884;0.00683747383300215;0.0892578125
2407;-2.6886021151592123;0.0;0.0;0.0;287.010679225998;-0.011068656388670207;0.011032180557958782;9.835939502716064;0.00800669884774834;0.107421875
2408;-6.199839938100738;0.0;0.0;0.0;204.46300142290534;-0.013510026410222054;0.013597480999305845;9.843826293945312;0.005645037314388901;0.0759765625
2409;-2.4836641245587368;0.0;0.0;0.0;219.3819809122263;-0.011434254236519337;0.00783618816640228;9.851008987426757;0.006223798834253102;0.0837890625
2410;-1.5962668318360378;0.0;0.0;0.0;125.5888728180196;-0.005970795126631856;0.015660936618223785;9.859238243103027;0.0067856043577194216;0.0982421875
2411;-2.076691568293115;0.0;0.0;0.0;107.19476812323042;-0.011574954050593078;0.017895059194415808;9.86313705444336;0.0073343544616363944;0.1064453125
2412;-2.8100406899173866;0.0;0.0;0.0;68.05683529892245;-0.015032962104305625;0.01071830103173852;9.865096092224121;0.008855380094610154;0.1203125
2413;-0.8340500637529943;0.0;0.0;0.0;260.69265126441763;-0.016043649660423397;0.1445460043847561;9.863524675369263;0.006840959878172725;0.091796875
2414;-0.8483875328874565;0.0;0.0;0.0;148.30457597094332;-0.00926787608768791;0.007837367430329322;9.860353803634643;0.007328780170064419;0.0939453125
2415;3.675981375816654;1.0;0.7709837494222894;0.23139628215580357;200.34536811348264;-0.020589671470224856;0.014807299850508571;9.861005830764771;0.008511717373039573;0.1126953125
2416;6.858833601867517;1.0;0.7191895824958195;0.4228705281694733;141.37709491975127;-0.009876629058271646;0.01142290341667831;9.865823698043823;0.006532145896926522;0.083984375
2417;-0.3769425844762151;0.0;0.0;0.0;115.01750444031752;-0.013492410350590945;0.011219389014877379;9.868027782440185;0.005303693527821451;0.064453125
2418;-0.02612453853683132;0.0;0.0;0.0;204.7917775450621;-0.0014886557590216398;0.005729709786828607;9.874455738067628;0.008654048142489046;0.12109375
2419;-0.9180131199618959;0.0;0.0;0.0;272.68929429466345;-0.01864539193920791;0.003411607746966183;9.881316804885865;0.010839549195952713;0.144921875
2420;-1.0156998929814707;0.0;0.0;0.0;87.05025296652079;-0.004591221828013659;0.13543348517268897;9.884357404708862;0.007674186152871698;0.09765625
2421;-3.8241264713514815;0.0;0.0;0.0;137.33664475276078;-0.014056587126106024;0.00962165705859661;9.883998346328735;0.006553773127961904;0.084375
2422;-1.8652595816851767;0.0;0.0;0.0;120.88306180559323;-0.00901652555912733;0.006371935689821839;9.888191986083985;0.008557590178679676;0.1171875
2423;6.130630673242856;1.0;0.8461396711160988;0.39764519527647685;199.78517024320175;-0.008128081262111665;0.004313996608834714;9.888724851608277;0.0068198200897313654;0.097265625
2424;-1.6296865831726246;0.0;0.0;0.0;84.62496325601077;-0.015514060738496482;0.011053660465404392;9.888032722473145;0.009039916004985571;0.129296875
2425;-7.340820743741942;0.0;0.0;0.0;246.6506313874963;-0.003237849636934698;0.006615920178592205;9.89188323020935;0.00710298951016739;0.0958984375
2426;-0.6328069646174495;0.0;0.0;0.0;233.02680745107963;-0.0035028795711696146;0.0712409133091569;9.89156002998352;0.006249280797783285;0.0845703125
2427;-0.8587610490072868;0.0;0.0;0.0;108.8926238812046;-0.010467999102547764;0.006601416016928851;9.89800271987915;0.0071556560928002;0.0986328125
2428;0.4200176582458237;0.0;0.0;0.0;187.70104198158816;-0.006688744435086847;0.013458427879959345;9.90593433380127;0.006300499476492405;0.085546875
2429;-0.7226424287438494;0.0;0.0;0.0;307.936839725597;-0.010783311491832138;0.002988749567884952;9.913855457305909;0.006084232882130891;0.083984375
2430;-1.3109616894069898;0.0;0.0;0.0;78.31325441022689;-0.001566467504017055;0.00912311493884772;9.91486234664917;0.00726702359970659;0.0978515625
2431;6.106757366113717;1.0;0.7037616263407109;0.2260446764191059;235.5772768283679;-0.017229451239109038;0.011726202489808202;9.914731216430663;0.010333313816227018;0.1447265625
2432;-0.8818558432990328;0.0;0.0;0.0;69.84913394651896;-0.008910724986344576;0.01619230625219643;9.916288042068482;0.009009005594998598;0.1177734375
2433;5.980366610422477;1.0;0.8491291483913515;0.4520695078376925;195.64533883109561;-0.009174358379095793;0.004932290164288133;9.924402523040772;0.00704616701696068;0.0984375
2434;-2.598358038135178;0.0;0.0;0.0;134.53577432322777;-0.010883270623162388;0.08386801360175014;9.931532716751098;0.007227306766435504;0.102734375
2435;-1.5406204162749273;0.0;0.0;0.0;231.58778907667644;-0.007818732224404813;0.06808715090155601;9.930083608627319;0.0092608459177427;0.1306640625
2436;5.706728130832281;1.0;0.8195487452098869;0.32074336924017727;136.60717325450184;-0.009688061941415072;0.1272303681820631;9.925574111938477;0.010782503185328095;0.148828125
2437;-6.446219215499262;0.0;0.0;0.0;264.56937697893204;-0.0090960712172091;0.010443806299008429;9.926971864700317;0.008517869433853775;0.1224609375
2438;-0.31354533190836215;0.0;0.0;0.0;262.96952761328106;-0.011034991429187357;0.015864706924185158;9.933325815200806;0.010301090672146528;0.147265625
2439;-0.2356110899763686;0.0;0.0;0.0;238.75726958461402;-0.009123130096122622;0.014582240348681807;9.939622592926025;0.006634327070787549;0.091796875
2440;-0.7868721142211152;0.0;0.0;0.0;97.25240979820714;-0.0035425426438450815;0.007219383004121482;9.947273874282837;0.0046628579730167985;0.05546875
2441;6.2546100793925685;1.0;0.7577186019348077;0.2072782707392827;143.76669295203538;-0.005058222310617566;0.06492427801713348;9.947909307479858;0.010547082603443414;0.151953125
2442;0.01317090982095649;0.0;0.0;0.0;214.7607946546667;-0.005658874474465847;0.012289796816185116;9.94756269454956;0.00816189517499879;0.11171875
2443;-1.302731033027001;0.0;0.0;0.0;176.90976014293474;-0.007763783307746052;0.007637120201252401;9.948633670806885;0.0071181733976118265;0.0919921875
2444;-23.26987139831199;0.0;0.0;0.0;245.80170015662137;-0.00883025098592043;0.05343052742537111;9.951524782180787;0.007224138418678194;0.0994140625
2445;-2.7375221621361905;0.0;0.0;0.0;108.21967635172109;-0.008951835473999381;0.007802326581440866;9.95370111465454;0.00583013347350061;0.073828125
2446;-1.131725467601507;0.0;0.0;0.0;267.9303218709532;-0.01817282186821103;0.012397342920303344;9.95676498413086;0.008037389209493994;0.105859375
2447;0.2949490544783761;0.0;0.0;0.0;176.59028539860918;-0.012980846501886845;0.01372829950414598;9.962849044799805;0.005546979082282633;0.0705078125
2448;-1.4718747990209466;0.0;0.0;0.0;203.3665577378938;-0.00993473008275032;0.06720829345285892;9.967617607116699;0.0064159797155298294;0.08359375
2449;-2.1510343735951962;0.0;0.0;0.0;52.934284874626776;-0.0014570582658052444;0.00813429025001824;9.96373429298401;0.004652213561348617;0.0521484375
2450;-7.683303323534707;0.0;0.0;0.0;380.5319246374161;-0.01017850791104138;0.11384976468980312;9.95554165840149;0.004864116758108139;0.062890625
2451;0.6242063625553128;0.0;0.0;0.0;202.20039036625718;-0.013449399638921023;0.005389740527607501;9.949540662765504;0.007180891232565045;0.0982421875
2452;-0.12290380952923151;0.0;0.0;0.0;281.511434397994;-0.0066914449911564585;0.06730681993067264;9.950236082077026;0.00741514601977542;0.1083984375
2453;-0.8514319386803516;0.0;0.0;0.0;108.81516428948807;-0.009507062193006278;0.0648226180113852;9.950786352157593;0.009024467505514621;0.121484375
2454;-0.040756928554267956;0.0;0.0;0.0;382.5540592987716;-7.08878505975008e-05;0.06479526846669614;9.945270776748657;0.00665185822872445;0.0853515625
2455;-0.6254230088377135;0.0;0.0;0.0;79.62321893091709;-0.01525020538829267;0.06994781019166112;9.937890577316285;0.010060021572280675;0.1330078125
2456;-5.44549340486751;0.0;0.0;0.0;222.6748790307072;-0.017260697786696255;0.011146116256713866;9.934967184066773;0.009367962018586695;0.1279296875
2457;-1.7095343672300005;0.0;0.0;0.0;287.19751622766603;-0.012551224930211902;0.009833035967312753;9.935335302352906;0.008186032611411065;0.1189453125
2458;6.381910108907607;1.0;0.7321123172223473;0.5287274215763624;274.1406805744258;-0.004692924255505204;0.010713039105758071;9.935897827148438;0.007028133189305663;0.088671875
2459;-4.543746712759779;0.0;0.0;0.0;211.33424061676564;-0.011330803716555237;0.005013227078597993;9.944019746780395;0.006140162888914347;0.08515625
2460;0.04964777179915306;0.0;0.0;0.0;206.79166832954925;-0.009814736619591712;0.002149623417062685;9.953474521636963;0.008163366292137653;0.115234375
2461;-0.005981708475670521;0.0;0.0;0.0;94.59242122994644;-0.00654365299269557;0.13851850815117359;9.961752271652221;0.008998047362547367;0.1033203125
2462;-1.552350672488511;0.0;0.0;0.0;230.80968766011424;-0.0033860938157886265;0.07711416725069284;9.963154125213624;0.007955696911085396;0.107421875
2463;5.299034258561042;1.0;0.6768293262916982;0.16630866386404858;258.79697481598527;-0.007061810558661818;0.006302230292931199;9.966367769241334;0.008529607229866088;0.119921875
2464;-11.560204270465235;0.0;0.0;0.0;163.65763522312753;-0.00816478650085628;0.0024181982153095305;9.96561017036438;0.006062188174109906;0.08203125
2465;-12.030948313150525;0.0;0.0;0.0;515.6022224456142;-0.006480854446999728;0.18287219293415546;9.963488578796387;0.010881211305968464;0.1546875
2466;-1.1152533778751106;0.0;0.0;0.0;245.10159436159898;0.0004584765061736107;0.07451093485578894;9.966443967819213;0.007209470588713884;0.0986328125
2467;-0.15574009525368335;0.0;0.0;0.0;221.37754221085407;-0.005051737534813583;0.013946421281434595;9.966191482543945;0.007685926638077945;0.1078125
2468;-4.490475187508802;0.0;0.0;0.0;344.9556639149483;-0.005959672620519996;0.04719996834173799;9.964419746398926;0.007204537140205502;0.0822265625
2469;0.15114127146937292;0.0;0.0;0.0;230.8093832653178;-0.0017990855500102042;0.00810346498619765;9.96185212135315;0.006754848698619753;0.08828125
2470;7.006347722133105;1.0;0.8754510090423402;0.8224825753373708;128.66627639707613;-0.006332313921302557;0.00950543989893049;9.963664007186889;0.006162697577383369;0.0837890625
2471;0.7966776466891621;0.0;0.0;0.0;185.7129008027783;-0.0020541446283459663;0.019847893342375755;9.967243719100953;0.010552533925510943;0.1556640625
2472;-6.588213654728076;0.0;0.0;0.0;319.620694243395;-0.005983026884496212;0.06607267679646611;9.967441940307618;0.0072820732952095565;0.0935546875
2473;-14.561330857007219;0.0;0.0;0.0;283.04331193656026;-0.015885091852396727;0.09776679575443267;9.96287407875061;0.006938644056208432;0.090234375
2474;-0.46715880497836454;0.0;0.0;0.0;136.98778516365;-0.015499923750758171;0.00950880532618612;9.960426855087281;0.007024370098952204;0.09453125
2475;0.8202616878749038;0.0;0.0;0.0;210.2222849534006;-0.009744541998952628;0.015397989004850388;9.960665082931518;0.008554180711507797;0.1169921875
2476;-0.7090718014757427;0.0;0.0;0.0;303.9471767454447;-0.0004903960507363081;0.02353205722756684;9.960769033432006;0.008722826140001416;0.1259765625
2477;-1.7265673751004802;0.0;0.0;0.0;440.31944519472864;-0.007978727342560887;0.0773420698940754;9.959955263137818;0.006113895121961832;0.075390625
2478;-2.6057112914052674;0.0;0.0;0.0;646.1473019375555;-0.017280912026762962;0.010026963986456394;9.959798669815063;0.007868459029123188;0.0986328125
2479;-1.588822889763434;0.0;0.0;0.0;154.16914319291254;-0.014394019125029444;0.019787597749382258;9.964625072479247;0.007217053696513176;0.0955078125
2480;-1.136152172681925;0.0;0.0;0.0;305.2713110137158;-0.020637108545218195;0.07794537421848093;9.970365660531181;0.012088019234527434;0.14955357142857142
2481;-9.81759597800084;0.0;0.0;0.0;220.7353316702552;-0.011975035350769759;0.012033033324405551;9.97397313117981;0.008332104748114943;0.120703125
2482;-12.47141383179251;0.0;0.0;0.0;464.94591094225245;-0.008799277991056443;0.013837596960365772;9.979338788986206;0.00953480446478352;0.125390625
2483;-0.8510772442562288;0.0;0.0;0.0;204.00393995433734;-0.006826048321090639;0.04617813967633992;9.984772968292237;0.0056006195023655895;0.0728515625
2484;5.6813440784340825;1.0;0.7659520245040559;0.37405301921276674;276.8575375509716;0.0005163444671779871;0.06751461564563215;9.981050109863281;0.005577582621481269;0.076171875
2485;0.16067409336379987;0.0;0.0;0.0;238.01446201945154;-0.0035850269719958304;0.011674789781682193;9.97522463798523;0.0053610408096574245;0.0619140625
2486;0.034724649428621586;0.0;0.0;0.0;221.43998325692198;-0.007417007954791189;0.07345731994137168;9.970609569549561;0.008522768737748265;0.1123046875
2487;-1.5397085044663212;0.0;0.0;0.0;329.13477607179595;-0.010547497356310487;0.007843871461227536;9.968873643875122;0.007805688108783215;0.1111328125
2488;-0.7885048076614026;0.0;0.0;0.0;270.20525205329784;-0.019727721670642497;0.006984990439377725;9.970246362686158;0.008445211546495556;0.1154296875
2489;0.2289747380317605;0.0;0.0;0.0;327.8293128935459;-0.005628475220873952;0.04798035812564194;9.970670366287232;0.006764133193064481;0.09453125
2490;-1.6897648384397772;0.0;0.0;0.0;808.3013780904776;-0.002963788341730833;0.07231596661731601;9.969963073730469;0.007838416250888259;0.1015625
2491;-0.004660855612785543;0.0;0.0;0.0;190.3161450058697;-0.0032642052974551916;0.005176799604669213;9.966667938232423;0.004921973345335573;0.058984375
2492;-3.374452791853571;0.0;0.0;0.0;161.56556623066766;-0.001336066098883748;0.006638574181124568;9.967840814590454;0.007225571374874562;0.0974609375
2493;-2.0373026989733707;0.0;0.0;0.0;280.2999411081229;-0.015529408492147923;0.0049506596522405745;9.966831254959107;0.00784753729822114;0.1037109375
2494;-1.164091380048889;0.0;0.0;0.0;387.4706901667648;-0.013221398834139109;0.005985441443044692;9.970839738845825;0.0077657286426983775;0.112890625
2495;-1.0771920152218792;0.0;0.0;0.0;155.8923535471663;-0.010158983711153268;0.008378760726191103;9.971725749969483;0.011637772852554917;0.1544921875
2496;-0.398572382597678;0.0;0.0;0.0;1320.3135683319563;-0.006989219831302762;0.12174459611997009;9.970296144485474;0.005295319284778088;0.0646484375
2497;-15.081980560682235;0.0;0.0;0.0;420.9808164713979;-0.01568048936314881;0.008375263190828264;9.973789501190186;0.00839317727368325;0.11640625
2498;1.286930203027345;0.0;0.0;0.0;221.78297185343965;-0.006950570875778795;0.00977875234093517;9.969271469116212;0.008850002242252231;0.11484375
2499;0.8358221378136764;0.0;0.0;0.0;218.19597605684237;-0.013078076904639602;0.009759046975523234;9.969338083267212;0.009210477885790169;0.096875
2500;-1.833372687560425;0.0;0.0;0.0;354.62599551547356;-0.000659745465964079;0.06681557586416602;9.976266574859618;0.006311112106777728;0.084375
2501;-1.0999115062529652;0.0;0.0;0.0;140.9949055886777;-0.010785889765247702;0.03634349580388516;9.982817077636719;0.009117703908123076;0.1259765625
2502;-7.81451851566526;0.0;0.0;0.0;248.68588023330926;-0.01613379782065749;0.008606247114948928;9.98170313835144;0.0071855231071822345;0.0912109375
2503;-1.6393584555917542;0.0;0.0;0.0;149.47198151931272;-0.014751036651432514;0.00530033721588552;9.977269649505615;0.006987763731740415;0.0970703125
2504;-6.937190063495108;0.0;0.0;0.0;1062.5803976601683;-0.018726492300629616;0.005775084742344916;9.971482276916504;0.007680718146730214;0.105078125
2505;-2.375801925349639;0.0;0.0;0.0;63.83857486377118;-0.009440457029268146;0.008475094940513373;9.971487474441528;0.008743806066922844;0.1240234375
2506;-5.714862240597941;0.0;0.0;0.0;201.63205405581053;-0.012338870018720628;0.143739889934659;9.96957015991211;0.005659319262485951;0.0681640625
2507;-8.678396795487423;0.0;0.0;0.0;198.66918077897122;-0.010506252059713006;0.006303999479860068;9.97219271659851;0.006160638411529362;0.0810546875
2508;-0.6778695066323297;0.0;0.0;0.0;290.88410482758;-0.011099775321781635;0.08066281750798225;9.977886629104614;0.0063095019315369425;0.0802734375
2509;-3.5100917125298765;0.0;0.0;0.0;246.10479481920132;-0.00950272181071341;0.07384214662015438;9.981000518798828;0.010494868888054043;0.1345703125
2510;-0.6264097831146903;0.0;0.0;0.0;222.64337472996294;-0.015239937789738178;0.010236209305003286;9.977806901931762;0.009815068740863353;0.145703125
2511;-14.133073890339816;0.0;0.0;0.0;5.257562041148143;-0.004446127964183688;0.003638231137301773;9.974443197250366;0.005113870941568166;0.0671875
2512;-0.7183099429460249;0.0;0.0;0.0;598.8662833584764;-0.007229620637372136;0.007549522770568728;9.969294548034668;0.007064919278491288;0.09296875
2513;-16.732687238821487;0.0;0.0;0.0;5.700364970326265;-0.006550905667245388;0.0050725830020383;9.962827014923096;0.008963476598728448;0.135546875
2514;-17.05045632055027;0.0;0.0;0.0;189.77980739453358;-0.007792904088273644;0.006921584950760007;9.961236810684204;0.00754926836816594;0.101953125
2515;-4.061691402567478;0.0;0.0;0.0;44.843537887218986;-0.011148337740451097;0.002890717494301498;9.962048625946045;0.004557508591096849;0.055078125
2516;-1.7067703691929084;0.0;0.0;0.0;236.9591347901051;-0.011779556283727288;0.13377363085746766;9.960765314102172;0.005579786968883127;0.0728515625
2517;-6.12181517818012;0.0;0.0;0.0;198.3915544796567;-0.010000445088371635;0.01936646066606045;9.956941938400268;0.008239597675856202;0.1125
2518;-3.1864693860464506;0.0;0.0;0.0;359.5006089164468;-0.01876981589011848;0.013577241823077202;9.955797481536866;0.010491515172179788;0.141015625
2519;-1.125387492325098;0.0;0.0;0.0;214.99848687685926;-0.018040291010402144;0.008335685427300631;9.951888275146484;0.007505587884224951;0.090234375
2520;-0.525466841712086;0.0;0.0;0.0;156.53194853436432;-0.01017758403904736;0.00991129393223673;9.948526620864868;0.010291197674814612;0.13046875
2521;-6.138482033895243;0.0;0.0;0.0;1202.5101762419526;-0.009065303578972816;0.011650702310726046;9.947959566116333;0.006070737994741648;0.08203125
2522;-3.5030483217577704;0.0;0.0;0.0;82.6679471627994;-0.011509533785283566;0.11351723931729793;9.944511890411377;0.009333718800917268;0.122265625
2523;-2.1806915590359193;0.0;0.0;0.0;188.93415362675012;-0.011508316127583384;0.0052398631116375325;9.94116907119751;0.0067702735308557745;0.0876953125
2524;-4.678263717929797;0.0;0.0;0.0;138.32551013206916;-0.02732077202595332;0.06592362691812656;9.940969467163086;0.013693130123155081;0.16613051470588236
2525;-1.200882361052173;0.0;0.0;0.0;309.6210874126336;-0.013635713746771217;0.00884367898106575;9.947105073928833;0.008597253798507154;0.11640625
2526;-1.8197256576057765;0.0;0.0;0.0;187.08494880420736;-0.006547565851360559;0.0669290266931057;9.9543692111969;0.008375302271451801;0.1189453125
2527;0.2102896149647589;0.0;0.0;0.0;395.3709249624543;-0.008778767893090844;0.005110883270390332;9.949870109558105;0.00891179929021746;0.1072265625
2528;-9.801132912249987;0.0;0.0;0.0;1251.5588903609982;-0.00539997573941946;0.005271051661111414;9.945750856399536;0.0068546075141057376;0.0875
2529;-3.911525663562913;0.0;0.0;0.0;55.82523998856098;-0.0105396737344563;0.04944685106165707;9.94475965499878;0.008044719661120326;0.105859375
2530;-0.22730067127491418;0.0;0.0;0.0;409.16779890836887;-0.004951037745922804;0.058621764881536365;9.938656854629517;0.008715045521967113;0.106640625
2531;-10.278152771912978;0.0;0.0;0.0;523.710301229604;-0.015167795564047992;0.006499625206924975;9.936816453933716;0.010685044003184884;0.1486328125
2532;7.094004651631746;1.0;0.6534744800792671;0.5595812056349366;236.25196725508013;-0.012994476780295371;0.00566877496894449;9.941152334213257;0.009565871907398105;0.13671875
2533;-3.6628470763643817;0.0;0.0;0.0;39.73297983481474;-0.008794047869741917;0.005121048516593873;9.942526578903198;0.004362120688892901;0.0517578125
2534;0.041492280197705136;0.0;0.0;0.0;280.37176515888405;-0.0036857219645753505;0.0025748004438355563;9.944967079162598;0.005954637518152594;0.0833984375
2535;-7.016355788166978;0.0;0.0;0.0;199.30358390348113;-0.007146683731116354;0.004316904093138873;9.946932554244995;0.005118651979137212;0.0603515625
2536;-1.2849825790866667;0.0;0.0;0.0;656.025368307821;-0.010373508092015982;0.004929923790041357;9.948551845550536;0.009882999467663467;0.1490234375
2537;-1.8852294296805607;0.0;0.0;0.0;278.6688858906845;-0.012089471216313541;0.003978456847835332;9.953931713104248;0.00818671592278406;0.093359375
2538;-14.403252092363749;0.0;0.0;0.0;1492.2786475529724;-0.006698936317116022;0.07716895090416073;9.957389497756958;0.010491427953820676;0.1474609375
2539;-1.64704045536437;0.0;0.0;0.0;109.62098783925823;-0.008927963161841034;0.009406483802013098;9.958037710189819;0.007455884525552392;0.1052734375
2540;-1.467634519973298;0.0;0.0;0.0;300.9321548379513;-0.0041724042152054604;0.07591007696464658;9.961114931106568;0.00946373154874891;0.1220703125
2541;-1.356167846019409;0.0;0.0;0.0;133.3682343103172;-0.01723615631926805;0.011189000494778157;9.963623523712158;0.006145017326343804;0.084375
2542;-28.467978083641324;0.0;0.0;0.0;250.32885952263015;-0.017482486832886935;0.0062453628983348605;9.966464757919312;0.00774678640300408;0.105859375
2543;6.623631700948201;1.0;0.5342568147365775;0.4831090060660699;356.9872959937948;-0.0169610183686018;0.003806123253889382;9.967808055877686;0.008670692157465965;0.119140625
2544;-5.836659813341347;0.0;0.0;0.0;1253.3100798047394;-0.016633769404143094;0.004052610648795962;9.972102880477905;0.010401762404944748;0.1158203125
2545;0.04051986690258312;0.0;0.0;0.0;201.52380238528713;-0.0046524167992174625;0.018039898155257104;9.976215410232545;0.004985637089703232;0.0642578125
2546;-5.980169788584708;0.0;0.0;0.0;279.949012950605;-0.003556753788143396;0.007006296841427684;9.977854919433593;0.006866664218250662;0.0845703125
2547;-1.5647323090320444;0.0;0.0;0.0;200.17198139853323;-0.005172201432287693;0.004065850435290485;9.984513330459595;0.005802817363291979;0.0791015625
2548;-0.28984955622509806;0.0;0.0;0.0;219.48346558241025;-0.018248343467712404;0.007290173158980906;9.987018060684203;0.007743499777279794;0.088671875
2549;-1.921989491988944;0.0;0.0;0.0;256.51356151418463;-0.008503471687436103;0.07858513882383704;9.984298849105835;0.008855614229105413;0.1224609375
2550;-4.8928809732432486;0.0;0.0;0.0;239.21853715080917;-0.012411325797438621;0.01086905007250607;9.982974338531495;0.009703839500434696;0.1291015625
2551;-1.8409343036750527;0.0;0.0;0.0;311.07306334858697;-0.010630640992894768;0.06997914593666792;9.980692720413208;0.01259629218839109;0.156640625
2552;-0.5874816468217178;0.0;0.0;0.0;1108.485176911701;-0.006372869946062565;0.004587245080620051;9.980671310424805;0.008183074346743525;0.1189453125
2553;-13.717925628287016;0.0;0.0;0.0;662.9618483544632;-0.013250174885615706;0.13030065298080445;9.977540063858033;0.007628218666650355;0.099609375
2554;-8.531045970359925;0.0;0.0;0.0;466.1123793262688;-0.0032896550837904215;0.06900398675352334;9.97798719406128;0.005799680156633258;0.067578125
2555;-3.471702684920172;0.0;0.0;0.0;225.36851016612854;-0.007960632629692554;0.006718398304656148;9.98151330947876;0.006681805872358382;0.096484375
2556;-5.569353962681358;0.0;0.0;0.0;1214.0559995666376;-0.014031823561526834;0.005641784775070846;9.987320041656494;0.010199822718277574;0.141796875
2557;-2.8315496845983876;0.0;0.0;0.0;223.73174217923204;-0.00427001875359565;0.016567474184557795;9.990831136703491;0.008740974206011743;0.1232421875
2558;-3.900409084925022;0.0;0.0;0.0;303.5005397471487;-0.015573993977159261;0.010292903776280582;9.988772106170654;0.006789454992394894;0.0908203125
2559;-2.32296983534105;0.0;0.0;0.0;186.03516938314985;-0.002987758070230484;0.005039594450499863;9.983877325057984;0.007034623774234206;0.096875
2560;-5.1812948722433605;0.0;0.0;0.0;65.78279580886858;-0.014283424057066441;0.0021492403699085116;9.978364181518554;0.007084691966883838;0.1017578125
2561;-3.850372529167184;0.0;0.0;0.0;222.27720623031462;-0.01360027292976156;0.07092419527471065;9.972971677780151;0.01185978016583249;0.1603515625
2562;-2.693239387394555;0.0;0.0;0.0;213.80911149633772;-0.012488539796322584;0.007434650999493897;9.965622186660767;0.009666005254257471;0.11640625
2563;-5.838923528793623;0.0;0.0;0.0;534.2789707155131;-0.007120256032794714;0.006402972573414445;9.966420602798461;0.007621001987718046;0.098046875
2564;-2.274290007531118;0.0;0.0;0.0;176.55696398089168;-0.011025178874842823;0.003696728521026671;9.972537517547607;0.011677967931609601;0.131640625
2565;0.6575547953762433;0.0;0.0;0.0;412.3212585439277;-0.006988203874789179;0.009190981625579298;9.974234294891357;0.011244238971266895;0.141015625
2566;6.702542515119177;1.0;0.7766001708213173;0.6988888898742834;160.79953982817267;-0.006023728917352855;0.0036202350864186885;9.975024747848511;0.0076741323457099496;0.105078125
2567;-12.301267964352913;0.0;0.0;0.0;136.97160263619833;-0.009343249490484595;0.05438248704886064;9.973377370834351;0.008713297836948186;0.1201171875
2568;-1.9204896619682827;0.0;0.0;0.0;284.3682753510342;-0.012241488695144654;0.0041093999170698225;9.976845073699952;0.007625129306688905;0.0951171875
2569;-6.773957179331822;0.0;0.0;0.0;22.845684186904005;-0.00856472859159112;0.057283628592267634;9.98183307647705;0.008570616866927594;0.0998046875
2570;-0.6023515077088939;0.0;0.0;0.0;266.78315145691477;-0.001380012184381485;0.006423881486989557;9.986300563812256;0.006693594343960285;0.0837890625
2571;-1.714978802132785;0.0;0.0;0.0;928.6844325578096;-0.013191693648695945;0.003774034115485847;9.985481309890748;0.009933020104654133;0.144921875
2572;-0.04639122262144226;0.0;0.0;0.0;139.21227749666062;-0.009186662640422583;0.002261305379215628;9.983146333694458;0.006940853339619935;0.0876953125
2573;-0.7381698276072381;0.0;0.0;0.0;134.54047071355077;-0.01770861432887614;0.004223895457107574;9.987770175933838;0.008813382138032465;0.121875
2574;-4.106461562044088;0.0;0.0;0.0;508.0674224573762;-0.015424649184569716;0.06835819780826569;9.983454513549805;0.010153343912679701;0.13046875
2575;-0.42671646678055547;0.0;0.0;0.0;142.86892207244634;-0.007257727440446615;0.0034266389906406403;9.982152032852174;0.007833898940589279;0.1060546875
2576;-0.42614408103225837;0.0;0.0;0.0;350.66124373734397;-0.008974269428290427;0.0030717092216946186;9.989493370056152;0.009547345130704344;0.119140625
2577;-10.196339833723917;0.0;0.0;0.0;1113.3124125223567;-0.006983207399025559;0.005411898612510413;9.997116470336914;0.00871347866486758;0.12421875
2578;-4.464029454637458;0.0;0.0;0.0;308.9727557013795;-0.016311469417996705;0.00396345901535824;10.004808902740479;0.008675453229807317;0.12421875
2579;-1.365315942372262;0.0;0.0;0.0;206.97498221096953;-0.007680006418377161;0.0022980718465987595;10.011606693267822;0.00869786988478154;0.1255859375
2580;-1.4421892307906312;0.0;0.0;0.0;311.2253885654794;-0.007178437989205122;0.005503148748539388;10.01716628074646;0.004466930706985295;0.0529296875
2581;-7.710841432655707;0.0;0.0;0.0;248.5976692824137;-0.007370702270418405;0.07933206800371409;10.01846718788147;0.00593608602648601;0.075390625
2582;0.3854405911979547;0.0;0.0;0.0;299.166936563961;-0.019443858554586767;0.004285622213501483;10.013347339630126;0.00912449782481417;0.1177734375
2583;-1.191181349606569;0.0;0.0;0.0;200.76181228133393;-0.012284878455102444;0.0069958563195541505;10.013884496688842;0.006895979552064091;0.0962890625
2584;0.15298358856345695;0.0;0.0;0.0;239.8613233235839;-0.010089214565232396;0.06963291633874177;10.016297864913941;0.0072098396602086725;0.1
2585;-7.2838190927636015;0.0;0.0;0.0;1629.1259305336257;-0.0207019830821082;0.010589908808469772;10.020859432220458;0.008616645354777575;0.11875
2586;-1.3793472949115249;0.0;0.0;0.0;351.1644604751584;-0.011062357714399696;0.009042320703156293;10.027414560317993;0.005197047267574817;0.0640625
2587;-2.223749101035917;0.0;0.0;0.0;349.08846584136097;-0.01160709373652935;0.004706321028061211;10.034046936035157;0.008585669961757959;0.11953125
2588;-0.714011646310168;0.0;0.0;0.0;204.12385937394347;-0.005015732534229755;0.08430840745568276;10.037482404708863;0.011829605151433498;0.155078125
2589;-0.5518678721706475;0.0;0.0;0.0;85.50696525958791;-0.0111733706202358;0.01390813891775906;10.037924146652221;0.005811261734925211;0.0669921875
2590;-1.4416745500610146;0.0;0.0;0.0;214.00773571410375;-0.0064687519799917935;0.007437461661174894;10.041925525665283;0.00708464824128896;0.1
2591;-3.4474945819930194;0.0;0.0;0.0;1009.1859937789764;-0.002855195477604866;0.010146352625451983;10.042530250549316;0.004985319101251662;0.0529296875
2592;-0.7985775466659023;0.0;0.0;0.0;221.1934391446013;-0.00341885588131845;0.08151773018762469;10.039225244522095;0.010010207002051175;0.1236328125
2593;-0.30755614067883547;0.0;0.0;0.0;193.7320758285052;-0.009049483481794596;0.07573940604925156;10.038971567153931;0.009817724581807852;0.1318359375
2594;-1.320936872643148;0.0;0.0;0.0;279.68023542210085;-0.014184474665671586;0.01315574124455452;10.039971828460693;0.007376999722328037;0.104296875
2595;-1.2466566814582405;0.0;0.0;0.0;197.1998853343455;-0.015612676972523332;0.01584425722248852;10.040296125411988;0.011779347364790738;0.160546875
2596;-1.8611316996717235;0.0;0.0;0.0;201.03805718980522;-0.016047833627089857;0.005703781638294459;10.042397785186768;0.007314686465542763;0.091796875
2597;-0.5532489340775915;0.0;0.0;0.0;177.71614186094695;-0.002579843532294035;0.006704088160768151;10.045335054397583;0.007328971987590194;0.0974609375
2598;0.1287983264878865;0.0;0.0;0.0;244.2887235021601;-0.007433481421321631;0.012253820803016425;10.0492534160614;0.009722592413891108;0.1337890625
2599;-0.6640801434099719;0.0;0.0;0.0;218.49633048329642;-0.004463801439851522;0.00791257554665208;10.05128984451294;0.006317992543336004;0.0818359375
2600;-0.7970960927116093;0.0;0.0;0.0;183.8990885736506;-0.010560801858082414;0.005803001765161753;10.053983545303344;0.006770854268688708;0.0943359375
2601;0.3450346747096037;0.0;0.0;0.0;371.4075732330525;-0.00453029777854681;0.01338953161612153;10.05658836364746;0.00829960141563788;0.118359375
2602;-0.650707874716282;0.0;0.0;0.0;166.8368301455954;-0.017734965798445045;0.012406399985775352;10.060322093963624;0.010980425740126521;0.148828125
2603;-0.9685030933083507;0.0;0.0;0.0;183.0786835107495;-0.015622467175126076;0.07718128263950348;10.059987783432007;0.008866658911574631;0.120703125
2604;0.651203868345136;0.0;0.0;0.0;284.667955228459;-0.010864943079650403;0.0881184546276927;10.055518674850465;0.010613667650613934;0.14140625
2605;-2.8441300094853528;0.0;0.0;0.0;744.6933114823308;-0.01523183137178421;0.0818107295781374;10.058992385864258;0.011691691935993731;0.16328125
2606;-0.2153178835656459;0.0;0.0;0.0;268.82971028862437;-0.0025069414637982844;0.05834485311061144;10.05905623435974;0.006212803802918642;0.079296875
2607;-1.022997482325458;0.0;0.0;0.0;156.65973596121665;-0.010362968873232603;0.18530219458043576;10.055352210998535;0.006635122711304575;0.0888671875
2608;0.5438256187136741;0.0;0.0;0.0;226.48680224734284;-0.008137181517668068;0.010843794955872;10.060495853424072;0.005827554524876178;0.0671875
2609;6.929372459727933;1.0;0.7255882159255649;0.6873473540814167;189.4307137682211;-0.0043976543936878444;0.008799159061163664;10.069998025894165;0.007907973998226226;0.112890625
2610;-4.954442241698722;0.0;0.0;0.0;217.4241189528939;-0.0042979910504072905;0.006857992243021726;10.076035976409912;0.008118102478329092;0.114453125
2611;-2.3579349885411935;0.0;0.0;0.0;405.59394974634114;-0.0011278378311544656;0.06507615335285663;10.077022504806518;0.007222704752348363;0.1001953125
2612;-1.1741023233390988;0.0;0.0;0.0;136.58262510440932;-0.0063009561039507386;0.07367904596030712;10.070295667648315;0.010941641579847783;0.14375
2613;-4.046031746941629;0.0;0.0;0.0;921.2282067605264;-0.014237899333238602;0.058943941816687585;10.063236188888549;0.01075883802259341;0.1578125
2614;-1.6095126169448626;0.0;0.0;0.0;209.35244411336507;-0.008413873589597642;0.008543146261945366;10.061477327346802;0.010808018874377013;0.162109375
2615;-1.0823056131340194;0.0;0.0;0.0;216.0154624011554;0.0006766683422029018;0.06523757157847285;10.056528806686401;0.006517169158905744;0.091015625
2616;-4.6041954645594405;0.0;0.0;0.0;260.77978792325257;-0.01727984892204404;0.0156539429910481;10.054026317596435;0.013293015293311328;0.2005859375
2617;-0.3418067450343547;0.0;0.0;0.0;303.26940296458184;-0.005336798168718815;0.005761173274368048;10.053345918655396;0.009097247128374874;0.125390625
2618;-4.116489577027379;0.0;0.0;0.0;281.5109992996695;-1.647798344492912e-05;0.07675899737514555;10.057248258590699;0.007865954132284969;0.109765625
2619;0.5478565288758419;0.0;0.0;0.0;153.41202638231206;-0.009779879404231907;0.012975034024566411;10.061893939971924;0.008037001499906183;0.1142578125
2620;0.6450563600184015;0.0;0.0;0.0;146.17161064624136;-0.0055725486017763615;0.07292114356532693;10.062297821044922;0.00691352947615087;0.096875
2621;-5.2400754190469785;0.0;0.0;0.0;207.77727270383986;-0.010652077803388237;0.0056955522624775766;10.059908580780029;0.008405309868976474;0.107421875
2622;0.811245994672082;0.0;0.0;0.0;186.99551630755437;-0.0168540813960135;0.015090379398316145;10.062294578552246;0.009410048415884376;0.147265625
2623;-1.3910124062164848;0.0;0.0;0.0;168.4892669639641;-0.005673163151368499;0.006984923593699932;10.061357021331787;0.008962568780407309;0.114453125
2624;-3.2109180115116263;0.0;0.0;0.0;286.3542798452807;-0.014729008637368679;0.1352190800011158;10.0621027469635;0.010859234782401472;0.1537109375
2625;-0.3614960744724397;0.0;0.0;0.0;263.3354605947769;-0.009226001682691276;0.005460476363077759;10.062376070022584;0.007713191478978842;0.1015625
2626;-0.23482809846579053;0.0;0.0;0.0;205.68302705670555;-0.007876746729016304;0.007934380089864135;10.060733842849732;0.007478495652321726;0.101171875
2627;0.40190201021501004;0.0;0.0;0.0;200.59516730476943;-0.021699453936889768;0.008311950555071234;10.059415483474732;0.008812318847049028;0.1201171875
2628;-1.7794884201302816;0.0;0.0;0.0;264.23673500024466;-0.01716010896489024;0.06909257364459336;10.057557964324952;0.011336589453276247;0.161328125
2629;-1.2300016606020727;0.0;0.0;0.0;316.1328309872869;-0.02132549826055765;0.0126577393617481;10.052707099914551;0.008860932884272189;0.1189453125
2630;-0.015668250905569697;0.0;0.0;0.0;190.77919151576717;-0.011569495615549385;0.06843077735975385;10.050859308242797;0.010301130230072886;0.1533203125
2631;-3.1227699285011385;0.0;0.0;0.0;259.73393062768304;-0.023807044327259063;0.004535448120441288;10.04315013885498;0.009542326000519097;0.13984375
2632;-0.5851755106492014;0.0;0.0;0.0;191.86532048187019;-0.015064998669549823;0.004826641897670925;10.03962984085083;0.00866663702763617;0.130078125
2633;-0.6603641103108044;0.0;0.0;0.0;175.60097678854973;-0.010897318832576275;0.009101810213178397;10.041127252578736;0.00915253966813907;0.1375
2634;-0.2675187184384101;0.0;0.0;0.0;106.62762597397908;-0.008534160396084189;0.006069308693986386;10.05216817855835;0.007764769089408219;0.106640625
2635;-0.4299842604681114;0.0;0.0;0.0;211.21749895375032;-0.006954498449340462;0.07744950745254756;10.061241292953492;0.007693586393725127;0.1009765625
2636;-0.0017770087952540107;0.0;0.0;0.0;268.4920468730819;-0.009128616377711295;0.004138769884593785;10.065893983840942;0.009251043037511408;0.1330078125
2637;-1.5881297627800328;0.0;0.0;0.0;285.8803487330008;-0.006812272407114506;0.006436876347288489;10.068201875686645;0.00989965241169557;0.14375
2638;0.19217218137653239;0.0;0.0;0.0;141.950756244973;-0.007748025748878717;0.009798491653054953;10.075220632553101;0.008301464992109686;0.121875
2639;0.46682083172181293;0.0;0.0;0.0;235.97071894521866;-0.016266991198062897;0.00922296110074967;10.079237604141236;0.009870543226134032;0.1353515625
2640;0.5644919615952512;0.0;0.0;0.0;266.29502213503685;-0.016598793817684053;0.004960274870973081;10.080233812332153;0.007729364803526551;0.1076171875
2641;-0.3940782909508124;0.0;0.0;0.0;162.85528512249783;0.0003026158083230257;0.008992102928459644;10.081880331039429;0.0050963096553459765;0.066015625
2642;-0.221195664354448;0.0;0.0;0.0;326.67281749167637;-0.0022958315908908843;0.08150054179131985;10.080554644266764;0.010578341021512946;0.14322916666666666
2643;-7.396415773557429;0.0;0.0;0.0;1066.1004050581844;-0.004354957491159439;0.01620417516678572;10.079217147827148;0.0075209893519058825;0.1033203125
2644;-0.6282827622907299;0.0;0.0;0.0;158.7439985838069;-0.012674457114189863;0.008404761762358248;10.078947496414184;0.00815607289550826;0.1265625
2645;-0.42097828781612745;0.0;0.0;0.0;226.41798831788176;-0.004078101553022862;0.007436041324399412;10.073715257644654;0.007202235283330083;0.1009765625
2646;-0.9481737085089535;0.0;0.0;0.0;271.55923451026666;-0.01602794718928635;0.07968044327571988;10.070751428604126;0.010521902062464505;0.14140625
2647;-0.39067191175486043;0.0;0.0;0.0;934.4993395484287;-0.009269438544288277;0.13343236818909646;10.070271062850953;0.0077711357967928055;0.1072265625
2648;-1.1652680821668988;0.0;0.0;0.0;205.73010109383816;-0.005917624989524484;0.011781205190345645;10.076233720779419;0.009068280481733382;0.1234375
2649;-2.619332193734739;0.0;0.0;0.0;969.2845042705892;-0.008976727118715644;0.07471645725890994;10.07841067314148;0.009005674323998392;0.12265625
2650;-1.3780173351528808;0.0;0.0;0.0;269.07108836901085;-0.009047455340623855;0.01185232913121581;10.075218534469604;0.005817006493452936;0.0732421875
2651;7.042655287981361;1.0;0.8287256934666043;0.8085949752821242;102.70916596893505;-0.008453844115138054;0.010021513467654586;10.0773334980011;0.00898646634304896;0.1326171875
2652;-23.572322779484583;0.0;0.0;0.0;1257.4689308065988;-0.01055060550570488;0.013942045299336315;10.073214435577393;0.01112194349989295;0.1578125
2653;-2.4656316189512935;0.0;0.0;0.0;230.4462997671029;-0.01063038851134479;0.009194304351694882;10.071178197860718;0.004658521444071084;0.05234375
2654;-0.8528764380095356;0.0;0.0;0.0;1121.1824213822194;-0.008449200703762472;0.031190328113734723;10.07073917388916;0.006975333066657185;0.1060546875
2655;-14.816200033661632;0.0;0.0;0.0;980.2824452140901;-0.01377401517238468;0.07277849419042468;10.064671087265015;0.006813512346707284;0.091796875
2656;-1.133600475542039;0.0;0.0;0.0;143.01032454845355;-0.012422351678833366;0.007691146107390523;10.056611728668212;0.007099257363006472;0.0875
2657;-12.086921036475049;0.0;0.0;0.0;1346.5696142664813;0.004486571880988777;0.0681497372686863;10.056828260421753;0.005639549030456692;0.0685546875
2658;-1.198809514134369;0.0;0.0;0.0;409.34102168547025;-0.01218957882374525;0.004924946988467127;10.057552337646484;0.012215333548374474;0.122265625
2659;-4.008000093930435;0.0;0.0;0.0;878.7098446406416;-0.0049645500257611275;0.011984053067862988;10.058769702911377;0.0074913484742864965;0.089453125
2660;-0.8987358494895429;0.0;0.0;0.0;379.7990044901691;-0.007311923988163471;0.08345390632748603;10.060629940032959;0.009284266375470907;0.1263671875
2661;-2.29962903512368;0.0;0.0;0.0;226.04068214497977;-0.016084861219860615;0.005327994003891945;10.060314893722534;0.006263140123337507;0.079296875
2662;-1.472335040714316;0.0;0.0;0.0;418.66660433031495;-0.004928921302780509;0.03676258677151054;10.06755576133728;0.00983326609712094;0.1396484375
2663;-2.5302677855840856;0.0;0.0;0.0;268.09123050862087;-0.006025820318609476;0.06252714544534684;10.075360202789307;0.010703102871775626;0.1265625
2664;0.25412977435745077;0.0;0.0;0.0;269.4682205970627;-0.019103477522730828;0.012086195801384748;10.080044841766357;0.009445508883800358;0.1091796875
2665;-8.655348137911735;0.0;0.0;0.0;284.9418623905057;-0.010222790203988552;0.008598099136725068;10.088841199874878;0.007065675815101713;0.0998046875
2666;-0.8320788046808794;0.0;0.0;0.0;436.7300484040528;-0.013477300945669412;0.0033446264336816967;10.091511297225953;0.008319457294419408;0.1046875
2667;-7.953091906152192;0.0;0.0;0.0;1572.3119611745947;-0.011496878881007432;0.00401442104484886;10.095622873306274;0.009090585121884941;0.1267578125
2668;-2.201664757881741;0.0;0.0;0.0;368.848356189462;-0.004912051861174405;0.06002632649615407;10.100838756561279;0.0054177733021788296;0.069921875
2669;6.287203829618678;1.0;0.5270576086126308;0.45176960961598844;226.51463094380532;-0.0030422952957451345;0.05911199515685439;10.10434193611145;0.005711283930577338;0.0736328125
2670;-0.6222681075305445;0.0;0.0;0.0;148.53717290328387;-0.007015463430434465;0.002325231465511024;10.10496745109558;0.007235943002160639;0.100390625
2671;-2.6329726593416622;0.0;0.0;0.0;1200.0855963531683;-0.012030063709244133;0.011742412485182286;10.109473752975465;0.006908409378957004;0.092578125
2672;-1.0653336768586288;0.0;0.0;0.0;128.23137655298925;-0.0050434866454452274;0.011624373588711023;10.109827041625977;0.010972624889109283;0.1392578125
2673;-11.126257339459334;0.0;0.0;0.0;215.5957162103649;0.001535405032336712;0.001689501415239647;10.108441019058228;0.007374375604558736;0.1001953125
2674;-2.5628291446561002;0.0;0.0;0.0;427.76417852139946;-0.007634511962532997;0.05970299025066197;10.107192087173463;0.00952745599206537;0.1318359375
2675;-12.021316530351017;0.0;0.0;0.0;1344.512988191701;-0.004883494460955262;0.0155314767267555;10.111446905136109;0.010487034870311617;0.145703125
2676;-1.2913495986792942;0.0;0.0;0.0;219.98835577480196;-0.0019560752436518667;0.0621438556117937;10.111835050582886;0.009728636383078993;0.11484375
2677;-1.6235072095807461;0.0;0.0;0.0;149.6701855198971;-0.01278239293023944;0.07118970258161425;10.110124635696412;0.00884914955822751;0.109375
2678;-11.51970546320584;0.0;0.0;0.0;1383.645465016284;-0.010434690304100514;0.07697149543091655;10.106849813461304;0.009216259547974915;0.134765625
2679;-0.6446061419595926;0.0;0.0;0.0;531.2698736226265;-0.004238510271534324;0.0650865821633488;10.108759784698487;0.006589635019190609;0.0904296875
2680;0.03102576413429246;0.0;0.0;0.0;138.5713142778945;-0.01180183736141771;0.005068448791280389;10.105383491516113;0.008014245820231736;0.1021484375
2681;-1.601186125582826;0.0;0.0;0.0;332.1840112256418;-0.012691703159362078;0.008843767899088561;10.102906942367554;0.007205941621214152;0.1
2682;0.9375903417576197;0.0;0.0;0.0;281.3877275877919;-0.007803405681625008;0.012827600119635463;10.10414457321167;0.008984500798396767;0.1166015625
2683;-1.6587737310546422;0.0;0.0;0.0;250.89801408731887;-0.005886055482551456;0.0696360528934747;10.105912494659425;0.008968318928964436;0.107421875
2684;-0.026184987155918348;0.0;0.0;0.0;137.4750971369656;-0.0007147759664803743;0.06696732975542545;10.105416870117187;0.010173791390843689;0.137890625
2685;0.40388779591604024;0.0;0.0;0.0;199.93989118898781;-0.013037997810170055;0.005523155559785664;10.103888034820557;0.008101401384919882;0.10078125
2686;-0.5614460017956192;0.0;0.0;0.0;986.6203710336713;-0.01361602225806564;0.015878455294296146;10.106081819534301;0.008529625507071615;0.1173828125
2687;-1.2419018670447266;0.0;0.0;0.0;68.6718204300505;-0.0038868996780365705;0.008427312551066279;10.108154201507569;0.008112718525808305;0.113671875
2688;-1.5012131003796119;0.0;0.0;0.0;180.79983962745942;-0.017351833172142506;0.011179979611188173;10.111097717285157;0.009540326287969947;0.138671875
2689;-1.290351277960687;0.0;0.0;0.0;210.4413103294069;-0.0049913458991795775;0.007328779273666442;10.113571119308471;0.005685252358671278;0.071484375
2690;-2.7434451071272976;0.0;0.0;0.0;258.9542309550485;-0.014600459020584822;0.022294098092243076;10.117871379852295;0.00799372693290934;0.1154296875
2691;3.178468649528531;1.0;0.7067910394472131;0.19841911150232572;167.5232685687014;-0.005417975271120668;0.004585816117469221;10.119155883789062;0.007414375548250973;0.096484375
2692;0.9256263630349156;0.0;0.0;0.0;186.6888796670338;-0.0022810092661529778;0.012712867418304085;10.11886487007141;0.008019035670440645;0.10390625
2693;-0.36738010108441543;0.0;0.0;0.0;102.32150943059207;-0.00919828312471509;0.02231961051002145;10.11437668800354;0.007158688816707582;0.0990234375
2694;-1.1108315428881061;0.0;0.0;0.0;177.96566415225007;-0.002970683155581355;0.08231490794569254;10.108412075042725;0.009154389647301286;0.1296875
2695;-2.8713602213222313;0.0;0.0;0.0;1120.9912361337465;-0.005750400805845856;0.017333776596933602;10.107680797576904;0.007589953031856567;0.1021484375
2696;0.129454685778542;0.0;0.0;0.0;147.96865932750026;-0.0070512085886938235;0.07407708173351628;10.106083120618548;0.012699127330311708;0.16238839285714285
2697;-0.5468707319658822;0.0;0.0;0.0;420.0733766168971;-0.00373903950676322;0.09105272721499205;10.107623481750489;0.007088603277225047;0.096484375
2698;-0.4554463557897799;0.0;0.0;0.0;235.02240366874244;-0.006751460186205804;0.013278523366898299;10.108202028274537;0.007489910803269595;0.1068359375
2699;0.39218428759393364;0.0;0.0;0.0;390.9827783881355;-0.010096182907000184;0.005790413287468254;10.106863260269165;0.008067095780279487;0.1095703125
2700;-0.5967733249726603;0.0;0.0;0.0;131.31158687031493;-0.006088532134890556;0.0047337858937680725;10.103643035888672;0.006091453542467207;0.0830078125
2701;-0.23413617143604903;0.0;0.0;0.0;162.55171673054994;-0.014425056660547853;0.08561433283612133;10.103591537475586;0.008227906981483101;0.10625
2702;0.22104534971136894;0.0;0.0;0.0;165.1442654593716;-0.0041668697260320185;0.13714601397514342;10.1079571723938;0.007137375115416944;0.0943359375
2703;-8.23143761616041;0.0;0.0;0.0;262.4954482798045;-0.006566777732223273;0.008207154623232783;10.10950322151184;0.006705787277314812;0.085546875
2704;6.918500514969622;1.0;0.8621608084279162;0.8213905441889309;110.86753237042625;-0.006070108711719513;0.012185724591836334;10.109410810470582;0.007434798241592944;0.0970703125
2705;-0.6152119277028844;0.0;0.0;0.0;253.01158205443443;-0.009071341273374856;0.013777774851769209;10.110182237625121;0.006642215326428414;0.094921875
2706;-6.042676878904378;0.0;0.0;0.0;226.52921739344416;-0.01161433404777199;0.08235525088384747;10.112866115570068;0.0078065346577204766;0.1123046875
2707;-4.669402537779501;0.0;0.0;0.0;1331.7136886451642;-0.012608251953497528;0.05612838773522526;10.116734266281128;0.010410561121534555;0.145703125
2708;-15.569942076078389;0.0;0.0;0.0;666.8141598221463;-0.010742251481860875;0.023848254792392255;10.117206192016601;0.008713861193973571;0.1259765625
2709;-2.804712818042953;0.0;0.0;0.0;867.372690387357;-0.006803336227312684;0.138721239566803;10.112246561050416;0.0076877808198332785;0.1033203125
2710;-2.7854731449550187;0.0;0.0;0.0;1431.4571148264952;-0.00909478054381907;0.011243461980484426;10.115104675292969;0.01096007984597236;0.1564453125
2711;1.1366699984482713;0.0;0.0;0.0;264.05683683778886;-0.01489722339902073;0.00962573338765651;10.11689190864563;0.009065074671525508;0.1349609375
2712;-3.2592542986111024;0.0;0.0;0.0;164.51638856643004;-0.00573801901191473;0.026176441460847855;10.121897649765014;0.006869902403559535;0.1013671875
2713;0.9271603259541842;0.0;0.0;0.0;221.21602930873848;-0.011807585717178881;0.00959118369501084;10.123082780838013;0.009313366480637342;0.1248046875
2714;-0.5951969161219742;0.0;0.0;0.0;167.00974986364452;-0.008810726227238774;0.011568388203158975;10.122285842895508;0.004002656729426235;0.044921875
2715;-20.76918465027241;0.0;0.0;0.0;920.207799862953;-0.014065975695848465;0.01597026609815657;10.121087646484375;0.01118336085928604;0.1564453125
2716;4.546910291838554;1.0;0.7170243947373858;0.15368249769897988;180.6457689379126;-0.0007380168419331313;0.011067814473062754;10.125704050064087;0.008085458655841649;0.1185546875
2717;-0.5678908137255912;0.0;0.0;0.0;140.48687044200202;-0.006163224810734391;0.07413862273097038;10.12009334564209;0.0059917338541708885;0.0712890625
2718;-12.520512315337273;0.0;0.0;0.0;1096.782737944606;-0.009518874529749154;0.0756333576515317;10.113191366195679;0.01148263601353392;0.151171875
2719;-1.1768861117607499;0.0;0.0;0.0;248.03113122287718;-0.008100108988583089;0.016204454563558103;10.107738018035889;0.007256348943337798;0.1048828125
2720;-1.2368623079621286;0.0;0.0;0.0;223.79834582444042;-0.010782757261767983;0.007092043990269303;10.102447509765625;0.006014744914136827;0.0771484375
2721;-0.7580595961641821;0.0;0.0;0.0;119.23913033341158;-0.01449545263312757;0.08662587609142065;10.103194856643677;0.012313443224411458;0.175390625
2722;-1.726968147754584;0.0;0.0;0.0;161.56828757702144;-0.0005845537409186364;0.06898727575317025;10.104015779495239;0.007319398771505803;0.105078125
2723;-4.444761123940199;0.0;0.0;0.0;600.9859039571743;-0.005468990746885538;0.06587205897085369;10.099256992340088;0.011504980421159416;0.1546875
2724;-4.150569746341501;0.0;0.0;0.0;183.25534506086086;-0.017174021760001778;0.009682352282106876;10.096901750564575;0.009812769840937107;0.141015625
2725;7.071507723351991;1.0;0.7665454098598695;0.6690153537858755;146.1131994491468;-0.007401661667972803;0.012467630207538605;10.096920061111451;0.00669502099044621;0.0875
2726;-2.6625125579320144;0.0;0.0;0.0;190.3752229142364;-0.005724125308915973;0.004554826929233968;10.09600133895874;0.006162312696687877;0.0791015625
2727;-2.8130746987217283;0.0;0.0;0.0;305.0077180818247;-0.014474752778187393;0.006515261274762452;10.09156699180603;0.009531636047177017;0.131640625
2728;-5.305515611699599;0.0;0.0;0.0;319.8974131912668;-0.0027651308570057153;0.009570645121857523;10.089249610900879;0.006733121734578162;0.08984375
2729;-10.746043330811158;0.0;0.0;0.0;1365.7694017827337;-0.004029974713921547;0.009257223806343973;10.0867329120636;0.008242546499241143;0.1162109375
2730;-11.386115025541883;0.0;0.0;0.0;283.00414135367305;-0.0015478779096156359;0.005661469232290983;10.086500453948975;0.005404363619163632;0.066015625
2731;-3.280009758194596;0.0;0.0;0.0;324.399076616003;-0.012567378673702478;0.0053998894523829225;10.087129545211791;0.008225221000611783;0.1224609375
2732;-16.026120032536788;0.0;0.0;0.0;242.71033837862632;-0.0031919908244162796;0.009955009166151284;10.086832952499389;0.011239109747111797;0.16015625
2733;-2.5891868609453366;0.0;0.0;0.0;259.6213818171197;-0.002105903625488281;0.005434160446748137;10.081936120986938;0.011971278116106987;0.18125
2734;-2.7178943406378173;0.0;0.0;0.0;168.72094506335046;-0.008845585258677601;0.006657792348414659;10.08081955909729;0.005949483055155724;0.07734375
2735;-1.4633660236004664;0.0;0.0;0.0;120.0584252539386;-0.01319311591796577;0.0023749679676257074;10.087258052825927;0.008607058110646904;0.101171875
2736;-1.4359908896482012;0.0;0.0;0.0;67.59669719074617;-0.014925629459321499;0.0031086629605852067;10.088845539093018;0.006236040079966187;0.08515625
2737;-3.4890288855986893;0.0;0.0;0.0;354.8407564487636;-0.011096145445480942;0.0034047509427182375;10.084275102615356;0.012666342884767801;0.1662109375
2738;-2.3218359362192356;0.0;0.0;0.0;162.155627543328;-0.008337402576580643;0.010776568530127406;10.084121561050415;0.008796440588776022;0.11171875
2739;-3.316262466422196;0.0;0.0;0.0;257.64690597788723;-0.012128810631111264;0.02005441403016448;10.080270338058472;0.008667813532520085;0.112890625
2740;6.0050723627840235;1.0;0.7390120206983151;0.3349938337568941;222.54234985403505;-0.008873564610257744;0.004833489540033042;10.079050779342651;0.010889245744328946;0.1494140625
2741;-1.6191070435916413;0.0;0.0;0.0;145.17387027371552;-0.007715746155008673;0.01001682213973254;10.075308799743652;0.00693259418476373;0.0953125
2742;7.094828606290213;1.0;0.7648004746764888;0.7361793477136083;128.3041752184927;-0.008119085663929581;0.008746691467240452;10.079461288452148;0.012001048552338033;0.153125
2743;-1.7675879985606109;0.0;0.0;0.0;140.48275022800848;-0.004563153069466352;0.013636059826239944;10.086003303527832;0.009704100922681392;0.1310546875
2744;-2.8295118690393473;0.0;0.0;0.0;417.2275102714514;-0.009722954872995616;0.009822132857516408;10.090285301208496;0.006620348372962326;0.078125
2745;-0.07139137741925387;0.0;0.0;0.0;155.30575892390442;-0.010730161285027861;0.01739590782672167;10.096726846694946;0.011968430445995182;0.158984375
2746;-6.511898230629776;0.0;0.0;0.0;312.5221344127121;-0.00830488996580243;0.0038801581715233622;10.098499965667724;0.007754341443069279;0.1033203125
2747;-2.196353119802247;0.0;0.0;0.0;196.48222160472787;-0.0077331759966909885;0.010136273922398686;10.10302004814148;0.009145061392337084;0.1259765625
2748;0.3778361414814873;0.0;0.0;0.0;227.2876425668648;-0.015492329641710966;0.019524490274488927;10.104133319854736;0.0070729795144870876;0.0935546875
2749;-0.6358753350608921;0.0;0.0;0.0;1232.8641983910172;-0.00731324041262269;0.026902031619101763;10.103586149215698;0.007458537945058197;0.105859375
2750;0.8420719578679057;0.0;0.0;0.0;378.9259601668198;-0.01505105837713927;0.004773329454474151;10.104258918762207;0.008867655054200441;0.115234375
2751;-7.1844733098880145;0.0;0.0;0.0;1561.6982646518761;-0.00821896456182003;0.005468026362359523;10.102127742767333;0.011256175977177919;0.15546875
2752;-0.13901499099166623;0.0;0.0;0.0;260.20838708497604;-0.009726136084645986;0.016326904157176615;10.097611331939698;0.008861107169650495;0.1251953125
2753;6.876422346820797;1.0;0.6090250789127125;0.3604119985884122;225.2320338392541;-0.010413797339424491;0.014639248326420783;10.09618501663208;0.007405764027498663;0.0962890625
2754;-7.028504421353244;0.0;0.0;0.0;385.049247452654;-0.0025097513105720283;0.010242131864652037;10.102112913131714;0.006270924350246787;0.0814453125
2755;-4.074564554524042;0.0;0.0;0.0;1081.1674495112713;-0.014034446980804204;0.007940264279022812;10.104692840576172;0.010855862603057176;0.15625
2756;1.3259385598152904;0.0;0.0;0.0;247.65569147095906;-0.010104522062465548;0.008846524357795715;10.101474714279174;0.005989465280435979;0.0703125
2757;-1.7273334882492652;0.0;0.0;0.0;194.79689113609868;-0.014006521459668875;0.01655100635252893;10.097660541534424;0.00914339985465631;0.1123046875
2758;-2.0985533799924316;0.0;0.0;0.0;226.5965027936279;-0.013583222171291709;0.017889259243384005;10.094733476638794;0.008680217748042196;0.1107421875
2759;-16.397136771959225;0.0;0.0;0.0;178.79319589108178;-0.009177384013310076;0.013983442541211843;10.08907346725464;0.005521094554569572;0.075
2760;1.3199750422164371;0.0;0.0;0.0;398.01763785495814;-0.002587241353467107;0.013756096502766013;10.086113119125367;0.008082826831378042;0.103125
2761;-10.309849159572694;0.0;0.0;0.0;1267.6949778879025;-0.014589962363243104;0.023501684237271548;10.085673999786376;0.009953079733531923;0.149609375
2762;-1.3892189208000436;0.0;0.0;0.0;339.50952586770944;-0.011400871025398374;0.09664412494748831;10.08632950782776;0.010866590356454254;0.147265625
2763;0.17799739058722008;0.0;0.0;0.0;246.25376163087196;-0.014932092418894172;0.026389279961586;10.094136333465576;0.01068703061901033;0.15078125
2764;-3.250197362592979;0.0;0.0;0.0;111.80898504122227;-0.009099739394150675;0.01365715847350657;10.106118869781493;0.006253160862252116;0.0779296875
2765;-1.847930538698828;0.0;0.0;0.0;246.90988850629466;-0.009597630007192492;0.01112749355379492;10.112043762207032;0.01229305265005678;0.162109375
2766;-3.0078630251874268;0.0;0.0;0.0;447.56798733443685;-0.009020282374694943;0.0865940973162651;10.112561225891113;0.004834506451152265;0.059765625
2767;-1.9412170971149265;0.0;0.0;0.0;404.18079659525444;-0.01012250822968781;0.07047898410819471;10.108874559402466;0.01014907486969605;0.1369140625
2768;-0.6646168948428302;0.0;0.0;0.0;218.54589479881386;-0.01373784737661481;0.023601491842418908;10.106707286834716;0.009025248314719648;0.129296875
2769;-1.536835592495041;0.0;0.0;0.0;130.55762588225977;-0.007121859211474657;0.007446314953267574;10.10785231590271;0.006170770758762956;0.07734375
2770;-1.1243219871479049;0.0;0.0;0.0;130.88715582638207;-0.013464613817632198;0.0060111373080872;10.112516260147094;0.00945464555406943;0.135546875
2771;-8.564969987536859;0.0;0.0;0.0;235.89661747576793;-0.015619177324697375;0.0034042941872030495;10.108861589431763;0.009865418320987373;0.1451171875
2772;0.15227341820754217;0.0;0.0;0.0;179.7994253780562;-0.009147109067998826;0.0037758489896077664;10.100582504272461;0.009166870452463626;0.12421875
2773;-1.9401874117937081;0.0;0.0;0.0;245.5490554808629;-0.007889451924711466;0.0048974110977724195;10.096358680725098;0.008803276717662812;0.1333984375
2774;-1.6993580065831997;0.0;0.0;0.0;452.5001431121008;0.0037861612625420095;0.006874838168732822;10.099216175079345;0.010259220737498253;0.153125
2775;-1.4592013828917272;0.0;0.0;0.0;240.65576340604252;-0.014798116916790605;0.013554374175146221;10.101016473770141;0.010662403295282275;0.1576171875
2776;0.23899543987712565;0.0;0.0;0.0;225.6263127296752;-0.0024495995245300806;0.042454004036979034;10.101489507235014;0.011964723037985655;0.15114182692307693
2777;-1.264918827551003;0.0;0.0;0.0;175.36297010824515;-0.005968501884490251;0.003874429839197546;10.101697540283203;0.007909466756973415;0.103515625
2778;-0.30598634919513407;0.0;0.0;0.0;266.63802762737475;-0.001675493735820055;0.00955782919190824;10.100026893615723;0.0070380812743678686;0.0828125
2779;-0.9543891941754015;0.0;0.0;0.0;145.59613671751944;-0.011613882426172496;0.0016741590166930108;10.099188756942748;0.007957615377381443;0.1080078125
2780;-1.1734589682500587;0.0;0.0;0.0;312.6735736664905;-0.0032749113626778124;0.002307807496981695;10.101874399185181;0.007853085722308606;0.1015625
2781;-1.4667646136285122;0.0;0.0;0.0;1347.9431520130063;-0.01281425766646862;0.005325393180828542;10.10231122970581;0.008924521890003234;0.120703125
2782;-0.16417314819420376;0.0;0.0;0.0;155.30784871071535;-0.01805395781993866;0.005381366005167365;10.101824188232422;0.005715072154998779;0.070703125
2783;6.3482346096510085;1.0;0.6937217661247478;0.29072577389179155;142.8305869853607;-0.00807269816286862;0.003156853630207479;10.098175764083862;0.004695929377339781;0.055859375
2784;0.56349986923447;0.0;0.0;0.0;204.3098951662659;-0.02430901937186718;0.0036778654088266195;10.102397918701172;0.010838478931691497;0.1390625
2785;0.7698633899754037;0.0;0.0;0.0;244.11981682992558;-0.007237210590392351;0.002388437750050798;10.11374864578247;0.007738080236595124;0.1001953125
2786;-1.7908644351283793;0.0;0.0;0.0;353.1386632945708;-0.013871925976127386;0.003031324374023825;10.114547824859619;0.008282016462180764;0.114453125
2787;6.963313214803412;1.0;0.5690453666686855;0.34678006604157374;285.7082493062111;-0.014075015601702035;0.0027029762393794956;10.11456561088562;0.007738487608730793;0.098828125
2788;0.9882324750449264;0.0;0.0;0.0;184.5123790429314;-0.008719444880262018;0.004758564312942326;10.121811294555664;0.005966262053698301;0.08046875
2789;0.4812131120993428;0.0;0.0;0.0;256.40543532381463;-0.012888795521575958;0.0019530034449417144;10.122929763793945;0.006520655355416238;0.083984375
2790;0.695924494775999;0.0;0.0;0.0;194.5485577515457;-0.013448266591876746;0.0014488376793451608;10.115694856643676;0.0075976438936777415;0.1009765625
2791;3.8688884341563843;1.0;0.5835790505666221;0.1989433393575024;438.2199481463354;-0.007501937868073583;0.0013572433264926076;10.113283586502074;0.008275643072556705;0.11484375
2792;-7.3567493307016445;0.0;0.0;0.0;660.7689273173952;-0.006336959870532155;0.013024201197549701;10.116688966751099;0.0059703545644879345;0.0744140625
2793;0.5629363549856257;0.0;0.0;0.0;314.5029308039554;-0.006075339717790484;0.010083779622800649;10.120118761062622;0.00498213127721101;0.0537109375
2794;0.582131404213343;0.0;0.0;0.0;182.61273165200916;-0.011996374977752567;0.00583075825124979;10.124175453186036;0.006517280754633248;0.0822265625
2795;-2.4609902935196692;0.0;0.0;0.0;234.09098305721776;-0.015411833440884948;0.00678554296027869;10.12843656539917;0.009924418618902564;0.12265625
2796;0.6679126531301285;0.0;0.0;0.0;228.54076014495445;-0.0154041591566056;0.007356386841274798;10.133287382125854;0.011380942759569735;0.1623046875
2797;0.11396226415380971;0.0;0.0;0.0;278.3089106087875;-0.009692535549402238;0.006565582379698754;10.137177419662475;0.007805697259027511;0.1033203125
2798;6.064474417159828;1.0;0.6790662384266662;0.27065365317888024;191.79445846058908;-0.006957232020795345;0.007050357013940811;10.141787767410278;0.007118926255498081;0.10078125
2799;-0.26510894966963205;0.0;0.0;0.0;202.9925577572527;-0.014254910498857498;0.00797856254503131;10.146511697769165;0.00723860680591315;0.1046875
2800;-1.7440912904032424;0.0;0.0;0.0;314.4020704549673;-0.00915797958150506;0.14367606602609156;10.150936841964722;0.004139174206648022;0.0443359375
2801;-7.7138276831445145;0.0;0.0;0.0;1053.3697903509315;-0.006196491839364171;0.003860267193522304;10.157489347457886;0.009835025272332132;0.125
2802;-0.008295896847366258;0.0;0.0;0.0;482.9850288768404;-0.012394360965117812;0.0028847865061834453;10.160763788223267;0.009238921152427793;0.133984375
2803;5.850429289335947;1.0;0.5142780614568104;0.2014632142284485;477.6124026606284;-0.017154218908399344;0.0016964345122687519;10.161615228652954;0.006224300642497837;0.0861328125
2804;-5.843713449536089;0.0;0.0;0.0;1129.6115815481094;-0.009761722758412361;0.0011884435196407139;10.162063360214233;0.009694870165549218;0.1349609375
2805;-2.466395946844166;0.0;0.0;0.0;178.3044660824038;-0.017915397812612355;0.0017944194725714624;10.158484983444215;0.006994879490230232;0.0953125
2806;0.8933592964343348;0.0;0.0;0.0;410.6505725158044;-0.011720129288733006;0.0022814547759480775;10.156605434417724;0.007201055064797401;0.0857421875
2807;6.2421475448201775;1.0;0.5300085146102483;0.18729039999598754;323.53936748663557;-0.0014789988752454519;0.06596482074819505;10.160310506820679;0.00834844026248902;0.11015625
2808;0.6911522745909416;0.0;0.0;0.0;368.31061545259746;-0.01959712370298803;0.001911325502442196;10.157591438293457;0.0067890255711972715;0.0943359375
2809;-0.5051948034339527;0.0;0.0;0.0;205.87292561476403;-0.012614072230644525;0.06947840135544539;10.156087160110474;0.006882120983209461;0.097265625
2810;-0.6452601302272075;0.0;0.0;0.0;196.5099821375243;-0.016275481204502285;0.0025591995858121664;10.152990484237671;0.007908276107627898;0.10859375
2811;6.942420804037188;1.0;0.6695710276173001;0.4357008116082904;204.65682992583803;-0.015000208874698728;0.0016334153129719197;10.152723693847657;0.00883732174988836;0.1302734375
2812;0.6951844500503509;0.0;0.0;0.0;452.9795893156508;-0.018824928090907633;0.0016177158511709421;10.1581214427948;0.007567354175262153;0.1130859375
2813;-0.30078567985680205;0.0;0.0;0.0;331.3285711585849;-0.015492446999996901;0.07284311586990952;10.165802240371704;0.01159712951630354;0.1677734375
2814;-0.6866461367906106;0.0;0.0;0.0;185.56202623947723;-0.006396158505231142;0.0036842044093646107;10.16898798942566;0.005045996699482203;0.0662109375
2815;-1.1051192139799138;0.0;0.0;0.0;261.655592417741;-0.012662580143660307;0.004946409596595913;10.179292583465577;0.007843311817850918;0.104296875
2816;-7.754360214878393;0.0;0.0;0.0;195.9867868128001;-0.00454108202829957;0.004825794952921569;10.188604354858398;0.010395552346017212;0.1458984375
2817;-4.081945166459662;0.0;0.0;0.0;1041.2414294033422;0.0037746259476989508;0.07095095878466964;10.192050170898437;0.004974751232657582;0.05390625
2818;-1.6856596127255754;0.0;0.0;0.0;276.6946838342624;-0.012332012923434377;0.01190069979056716;10.191802263259888;0.008438803465105593;0.1076171875
2819;-1.9410197217579246;0.0;0.0;0.0;118.98126891083939;-0.011091413162648677;0.0045227806083858015;10.197495985031129;0.009167315694503487;0.121484375
2820;-1.4974863928482423;0.0;0.0;0.0;247.37475804651012;-0.019679607078433036;0.0030265767709352076;10.207310247421265;0.009890251862816512;0.1435546875
2821;-2.1856394889169994;0.0;0.0;0.0;164.69637886828582;-0.015429014153778554;0.0026457462226971984;10.210196924209594;0.010876694368198514;0.163671875
2822;0.10538396404510589;0.0;0.0;0.0;232.25545382937983;-0.00922087267972529;0.0012837091548135505;10.21459903717041;0.005781523312907666;0.0626953125
2823;-1.554836124888429;0.0;0.0;0.0;296.8561039434341;-0.011047447565943003;0.003198324888944626;10.220245361328125;0.004998254356905818;0.0568359375
2824;-0.21298858793428568;0.0;0.0;0.0;140.59486405949502;-0.016345202177762985;0.0016274250752758234;10.225137567520141;0.0076793493120931085;0.108203125
2825;-4.919944634261623;0.0;0.0;0.0;122.08618264611738;-0.014433896075934172;0.003125800902489573;10.232642650604248;0.0074850326171144845;0.096484375
2826;-3.706956632705425;0.0;0.0;0.0;270.3412590488642;-0.012671952811069786;0.0020514094561804087;10.240325450897217;0.006917246675584465;0.094921875
2827;-5.9526616214191135;0.0;0.0;0.0;75.98986222367971;-0.012699723022524267;0.002068780647823587;10.24252781867981;0.00501607998739928;0.0626953125
2828;-3.02893163131368;0.0;0.0;0.0;271.0605674764801;-0.007979319500736892;0.0019139147829264403;10.235650444030762;0.008627685101237148;0.1197265625
2829;-1.764715269196856;0.0;0.0;0.0;172.98981361335578;-0.008579394849948584;0.0013090155727695674;10.238523864746094;0.007333518983796239;0.098828125
2830;0.7549356634893313;0.0;0.0;0.0;273.91816942046376;-0.0076299415435642;0.002148717682575807;10.242479705810547;0.005980993644334376;0.076171875
2831;-2.2046944985770254;0.0;0.0;0.0;341.2838456286459;-0.0034687588922679424;0.004307212040293962;10.246547985076905;0.009690600691828876;0.1291015625
2832;-1.8250763054938888;0.0;0.0;0.0;106.2029930603324;-0.013973190751858055;0.0015569919254630805;10.248184299468994;0.007252639147918671;0.09609375
2833;-3.3404966924644586;0.0;0.0;0.0;137.53213839475902;-0.0042543120216578245;0.0009619638993171975;10.248179626464843;0.00676038300152868;0.09140625
2834;0.5805910042162676;0.0;0.0;0.0;247.81848357447038;-0.009402283700183034;0.00120998393103946;10.245925426483154;0.007876180077437312;0.1076171875
2835;-0.7942248730814245;0.0;0.0;0.0;1327.7368216866994;-0.0019265625160187483;0.0014447626046603546;10.24705948829651;0.008190903812646866;0.114453125
2836;-2.4382247546218734;0.0;0.0;0.0;292.9249702749083;-0.004993522260338068;0.0011866248154547066;10.249803447723389;0.006000121228862554;0.088671875
2837;-2.234594094986373;0.0;0.0;0.0;219.75065856398447;-0.0066516033839434385;0.001241397892590612;10.251317071914674;0.008515308017376811;0.1265625
2838;-2.153637525853826;0.0;0.0;0.0;313.4134714892493;-0.012080239318311214;0.0008641468622954563;10.251526927947998;0.0046923996764235195;0.0548828125
2839;-0.6042757011627032;0.0;0.0;0.0;369.5102144072831;-0.01340717445127666;0.001641628600191325;10.248770380020142;0.005006992549169809;0.0546875
2840;-8.771644413902898;0.0;0.0;0.0;384.22875411119435;-5.890149623155594e-05;0.06617736970074475;10.242525386810303;0.0040976035874336954;0.0501953125
2841;-0.7835485229063203;0.0;0.0;0.0;140.357407588952;-0.010870418860577047;0.06661618994548917;10.231392574310302;0.007942498708143831;0.114453125
2842;-1.3112147803450105;0.0;0.0;0.0;344.78888453861487;-0.019176795845851302;0.008731997688300908;10.22258439064026;0.008061777125112713;0.110546875
2843;-1.3954128057886166;0.0;0.0;0.0;263.0615772922177;-0.013482266012579203;0.006079638144001365;10.220292997360229;0.008260160766076297;0.114453125
2844;5.302328699444407;1.0;0.7707862302473715;0.47291161892779116;174.56153662162538;-0.01637388877570629;0.006525003467686474;10.223768138885498;0.009913373726885766;0.14609375
2845;1.0772272890117058;0.0;0.0;0.0;210.5593424238484;-0.012410063599236309;0.007462513586506248;10.226688241958618;0.008007032715249806;0.1083984375
2846;-5.630097310198676;0.0;0.0;0.0;308.61659446472237;-0.013861882220953702;0.0040322030778042976;10.225161170959472;0.006012205663137138;0.0689453125
2847;0.5668155356854704;0.0;0.0;0.0;182.84612087016467;-0.008716531656682491;0.013782950188033282;10.221028518676757;0.005870266701094806;0.0626953125
2848;-3.553243141993297;0.0;0.0;0.0;171.15811947804215;-0.013535586558282376;0.004230582516174764;10.221900796890258;0.007476343284361064;0.1041015625
2849;0.176700882363594;0.0;0.0;0.0;361.2620025345027;-0.010992741165682673;0.0030940952594392;10.225807857513427;0.005157467967364937;0.059765625
2850;0.18555040247767107;0.0;0.0;0.0;144.97172511491786;-0.00829832600429654;0.003436938242521137;10.234169864654541;0.008100879949051887;0.122265625
2851;-0.18971151962017965;0.0;0.0;0.0;470.8157487671865;-0.010700854286551476;0.0031438751961104573;10.240134477615356;0.0056258866796270015;0.075
2852;1.374841564298705;1.0;0.6737692286752116;0.2700107369725104;235.10395152570533;-0.006225384352728724;0.00219291394460015;10.239758777618409;0.005112066946458072;0.063671875
2853;-0.11117502287850792;0.0;0.0;0.0;280.3741813546749;-0.005407165177166462;0.002400608145399019;10.237878465652466;0.006705477845389396;0.0900390625
2854;5.7369117193049375;1.0;0.6898682570060094;0.24660965395198836;224.41335870650525;-0.020939139625988902;0.0016243768099229784;10.243062496185303;0.008455092459917069;0.1212890625
2855;-0.9457563392033079;0.0;0.0;0.0;268.5977758789219;-0.008808209747076034;0.0029719759942963718;10.248379182815551;0.005293551494833082;0.053515625
2856;-0.22207597442352767;0.0;0.0;0.0;366.614803764385;-0.006724379910156131;0.0039194997167214755;10.252017641067505;0.004243557655718178;0.055078125
2857;1.1433857765345692;0.0;0.0;0.0;263.1723496432419;-0.012175941187888385;0.0028034210787154733;10.25871238708496;0.008514061837922781;0.1158203125
2858;-0.7068554267129801;0.0;0.0;0.0;262.47865945038325;-0.004430690268054605;0.007074095588177442;10.265324068069457;0.00775502024916932;0.1064453125
2859;-0.23711752712920328;0.0;0.0;0.0;262.96750331431366;-0.012910894537344574;0.007071138476021588;10.268359565734864;0.009365180635359138;0.1197265625
2860;-1.3310502976084675;0.0;0.0;0.0;119.73146281325688;-0.012141514010727406;0.0023318651830777524;10.270391988754273;0.007267083076294511;0.09453125
2861;-1.1114552748952118;0.0;0.0;0.0;189.6151989916677;-0.011988088442012667;0.005081192054785788;10.270859670639037;0.006439288577530533;0.0759765625
2862;-0.8847229734757251;0.0;0.0;0.0;262.47827475658374;-0.005888011469505727;0.0042839689878746865;10.27203950881958;0.00655438044341281;0.08359375
2863;0.41213902895536625;0.0;0.0;0.0;245.77413536997895;-0.005781424976885319;0.060162442922592166;10.267065811157227;0.004349899804219603;0.0509765625
2864;-0.8357211730358652;0.0;0.0;0.0;232.41119105159385;-0.015868303482420743;0.0024750919372309;10.255543041229249;0.011811208794824779;0.17578125
2865;-0.9938485766737902;0.0;0.0;0.0;143.8449588384867;-0.01615486447699368;0.005660121422260999;10.252409887313842;0.008192597154993564;0.1169921875
2866;1.3747439808432615;0.0;0.0;0.0;301.5304455856178;0.0031560180708765984;0.009872840973548591;10.255325031280517;0.004757150099612773;0.052734375
2867;-1.4702600729822248;0.0;0.0;0.0;266.36581177730994;-0.007671370706520975;0.00532904703868553;10.25836091041565;0.006352882494684309;0.0814453125
2868;-0.9548699781876616;0.0;0.0;0.0;187.8505701917971;-0.007067838462535292;0.0060329953208565715;10.262067222595215;0.005917218013200909;0.07890625
2869;-3.540472632751932;0.0;0.0;0.0;248.994740476394;-0.01360291512683034;0.008892707619816064;10.263237380981446;0.00967063803691417;0.1279296875
2870;-2.1006774674585302;0.0;0.0;0.0;172.76749083915456;-0.012654006900265812;0.009153970261104405;10.259674882888794;0.0057318223756738;0.077734375
2871;-2.498242169442706;0.0;0.0;0.0;277.3621067365515;-0.013980222423560918;0.006927170511335135;10.263906669616699;0.008192475489340722;0.1048828125
2872;0.6663571649866665;0.0;0.0;0.0;325.099522681874;-0.016601657960563898;0.08971877479925752;10.266544818878174;0.0073999918880872425;0.0982421875
2873;0.7171034566173796;0.0;0.0;0.0;203.3712747222896;-0.008899827860295773;0.006634201272390783;10.264563035964965;0.006452557304874063;0.080078125
2874;-0.06080371170585984;0.0;0.0;0.0;203.0286737992152;-0.007288546860218048;0.005016879760660231;10.260993432998657;0.01071286720689386;0.1501953125
2875;-0.6385317241177144;0.0;0.0;0.0;142.71859316507133;-0.008208764437586068;0.003129803680349141;10.261895322799683;0.005456600291654468;0.067578125
2876;-1.348491436354478;0.0;0.0;0.0;374.38539921375025;-0.010071301134303212;0.002864128758665174;10.266326236724854;0.006776579562574625;0.0751953125
2877;-1.6446684958018158;0.0;0.0;0.0;138.8144279501065;-0.017061830125749113;0.007324497029185295;10.271681022644042;0.010920395946595818;0.118359375
2878;-6.698851561497487;0.0;0.0;0.0;271.1160053605366;-0.006565469643101096;0.004942328052129597;10.279532527923584;0.008375964465085418;0.093359375
2879;-0.17249296124273444;0.0;0.0;0.0;300.41293076209683;-0.013461957545951008;0.0026197937317192555;10.28434977531433;0.005914607341401279;0.0724609375
2880;-2.595886353299428;0.0;0.0;0.0;240.69177439335468;-0.010678834188729525;0.001151426843716763;10.283640909194947;0.00607221795944497;0.066015625
2881;1.4421461821589399;0.0;0.0;0.0;269.3221177089874;-0.015518613997846842;0.006551921623758972;10.287394714355468;0.00675959688378498;0.0822265625
2882;6.661478138458595;1.0;0.7487137866188539;0.2840538947791459;144.51392819531824;-0.014910481753759086;0.0036539938766509293;10.288344240188598;0.008351103041786701;0.1228515625
2883;0.5633530284843842;0.0;0.0;0.0;292.0262047652924;-0.018904403038322925;0.0053085135179571806;10.283563375473022;0.007543648686259985;0.103125
2884;-1.4375543303445921;0.0;0.0;0.0;79.65924726637203;-0.024998357752338052;0.005031856638379395;10.28329496383667;0.00781722399406135;0.098046875
2885;1.1792420875175993;0.0;0.0;0.0;291.7928572716231;-0.0046644918620586395;0.07087750271894037;10.28056845664978;0.006520305026788265;0.0892578125
2886;-3.6563041863934083;0.0;0.0;0.0;250.79702395240832;-0.008508979529142379;0.06491852749604732;10.27960524559021;0.0056760774459689856;0.0701171875
2887;-1.6822265028736496;0.0;0.0;0.0;75.1928640565836;-0.00800372688099742;0.004167703411076218;10.279440546035767;0.008296256000176073;0.1068359375
2888;0.0036405173803670393;0.0;0.0;0.0;317.0118957599618;-0.010553942527621984;0.004623347520828247;10.282544088363647;0.00734171005897224;0.0994140625
2889;1.095927244317423;0.0;0.0;0.0;278.7547546918195;-0.01207478775177151;0.0034857579274103047;10.274501085281372;0.00988328135572374;0.1357421875
2890;-1.2440803907740992;0.0;0.0;0.0;291.2798711408912;-0.01265751221217215;0.0034691756358370186;10.27595238685608;0.005105729796923697;0.0658203125
2891;-0.13490637716962495;0.0;0.0;0.0;250.53621404842997;-0.014118125336244703;0.0059824106749147175;10.277497673034668;0.007386107218917459;0.0974609375
2892;-0.7694661830170194;0.0;0.0;0.0;409.9923822794852;-0.011880924878641962;0.0054212460177950565;10.2748233795166;0.006303782318718731;0.0783203125
2893;0.9791012409818695;0.0;0.0;0.0;263.455396499731;-0.004241549875587225;0.003944430558476597;10.269105815887452;0.0045487314462661745;0.052734375
2894;7.108267623726437;1.0;0.8650962548738593;0.5770510735835203;145.21734751799335;-0.022924936516210435;0.0027467692852951586;10.267334079742431;0.009988481865730137;0.1390625
2895;-15.8550521191221;0.0;0.0;0.0;340.5467439082219;-0.007352089625783265;0.0024859908153302968;10.264762735366821;0.008072800259105862;0.116015625
2896;-2.4935985051014478;0.0;0.0;0.0;130.25830536184463;-0.01692801294848323;0.002192668040515855;10.26676697731018;0.00832362346118316;0.110546875
2897;0.03336382504439108;0.0;0.0;0.0;165.7550047298146;-0.010184381250292062;0.002842898480594158;10.263722991943359;0.005499299732036889;0.0638671875
2898;0.4961000296701044;0.0;0.0;0.0;430.2165800664062;-0.0011676820926368237;0.0035641096415929495;10.26572232246399;0.006018743931781501;0.068359375
2899;-27.530425116383125;0.0;0.0;0.0;365.2832410442923;-0.021296246349811553;0.002392424864228815;10.264676189422607;0.0070801782188937065;0.08984375
2900;0.20009197427140113;0.0;0.0;0.0;171.453772923215;-0.012213766854256392;0.0017343031708151103;10.259271049499512;0.005865582358092069;0.0669921875
2901;-1.6280398617009877;0.0;0.0;0.0;309.5938453680654;-0.015326636238023638;0.0032117496011778712;10.258885431289674;0.007887481036596;0.115234375
2902;-0.6767772131426307;0.0;0.0;0.0;283.91720517441144;-0.01995079463813454;0.0038307948503643273;10.263347005844116;0.00826163034653291;0.1041015625
2903;0.14597233481602856;0.0;0.0;0.0;240.7097045761229;-0.009549880283884704;0.006616018177010119;10.266405868530274;0.006447041302453727;0.0845703125
2904;-14.291474885355166;0.0;0.0;0.0;268.5387086703774;-0.013047458697110414;0.004497671022545546;10.262451648712158;0.007552815112285316;0.09765625
2905;-1.125809002119249;0.0;0.0;0.0;172.44372812787347;-0.014328812947496772;0.0034040887374430897;10.259196567535401;0.011236439924687147;0.1572265625
2906;0.7007598343815913;0.0;0.0;0.0;410.5948279393663;-0.01586887363810092;0.0034933666582219304;10.260304164886474;0.009273885551374405;0.1302734375
2907;-4.466260076325959;0.0;0.0;0.0;287.9660661092138;-0.0009965820703655482;0.06486540823243558;10.26190905570984;0.006043593946378678;0.0759765625
2908;-0.8814987808491017;0.0;0.0;0.0;259.878157385679;-0.017188667971640825;0.0038816666812635956;10.26614556312561;0.005760924727655947;0.0796875
2909;0.08016411180841035;0.0;0.0;0.0;263.0481426325027;-0.02758966716937721;0.006197427550796419;10.26888132095337;0.008915487199556083;0.1158203125
2910;-3.9478940111565386;0.0;0.0;0.0;284.2451725151931;-0.011459027929231525;0.003154427616391331;10.274306774139404;0.008757209312170744;0.1052734375
2911;-9.961564056644047;0.0;0.0;0.0;346.34656165752995;-0.006775649543851614;0.0015454422886250541;10.270561695098877;0.006234394339844585;0.0794921875
2912;-11.350279212601365;0.0;0.0;0.0;341.01153200329753;-0.008641916280612349;0.02627735249698162;10.271651792526246;0.005696825752966106;0.07890625
2913;-2.3380267127091;0.0;0.0;0.0;127.02206380596392;-0.018785728444345295;0.0021668087574653327;10.278022718429565;0.008700022951234131;0.1197265625
2914;-5.582953897516575;0.0;0.0;0.0;407.3174935564782;-0.004368872893974185;0.0018278559669852256;10.282586431503296;0.0061059357016347345;0.0826171875
2915;0.635531239747337;0.0;0.0;0.0;259.80329312854474;0.0018214236944913865;0.003856771730352193;10.282744026184082;0.005497221241239458;0.0634765625
2916;5.141788313918268;1.0;0.762628081814436;0.23645804925482705;107.84659950069295;-0.012311605969443917;0.0033294110500719397;10.286504983901978;0.008541275118477642;0.108203125
2917;-4.812403160737712;0.0;0.0;0.0;457.05974179050924;-0.010235751559957863;0.002314458502223715;10.289864683151245;0.007548989879433065;0.1052734375
2918;-8.799613513843207;0.0;0.0;0.0;337.28553661761083;-0.007519809203222394;0.0011390731757273897;10.287873888015747;0.00935488655231893;0.1130859375
2919;2.1920364141986814;1.0;0.7479084320936877;0.20685455034247932;108.52843725890267;-0.0065755628049373625;0.0004973979637725278;10.284243965148926;0.0070991326472721996;0.1033203125
2920;5.427096093654277;1.0;0.7836891771206409;0.2236649203565659;117.69130063223845;-0.018630919978022575;0.0007175098115112632;10.278097581863403;0.005346638208720833;0.063671875
2921;-1.3368445485725895;0.0;0.0;0.0;171.33935667959372;-0.004588737990707159;0.0008680714177899063;10.275450563430786;0.00584778516786173;0.0623046875
2922;6.731496549151419;1.0;0.9081055723992973;0.8014191400850702;104.80868358091392;-0.005995868099853396;0.004002620559185743;10.271960830688476;0.008554670750163496;0.1140625
2923;-9.471019718156215;0.0;0.0;0.0;415.73017785934405;-0.01868259534239769;0.0028383702388964593;10.275641393661498;0.00837788631906733;0.1001953125
2924;-1.7434539070119117;0.0;0.0;0.0;89.30013146524615;-0.017663760297000407;0.002447029069298878;10.276733350753783;0.009549763053655624;0.1365234375
2925;-1.7781009288478846;1.0;0.7244135974973872;0.22944491858760618;287.81502929884755;-0.01148727023974061;0.0018852216831874101;10.276227712631226;0.004530447954311967;0.049609375
2926;-11.612675537562719;0.0;0.0;0.0;315.10839639296915;-0.012412442220374941;0.0022128166805487127;10.27753963470459;0.007394652371294797;0.09921875
2927;-4.998961970875807;0.0;0.0;0.0;346.3031150569038;-0.01889199437573552;0.0026878312113694847;10.279458904266358;0.00994773544371128;0.1486328125
2928;-1.3384901983504265;0.0;0.0;0.0;475.8650870000615;-3.810606431216001e-05;0.0031236902112141253;10.276152038574219;0.006175685138441622;0.084765625
2929;-0.18105254235153562;0.0;0.0;0.0;253.50563296502793;-0.0059879935171920804;0.0038050908595323564;10.272387886047364;0.008794468617998064;0.115234375
2930;-8.667563767761612;0.0;0.0;0.0;249.87900082587365;-0.010605977103114127;0.005739154201000929;10.269091939926147;0.00652331723831594;0.0873046875
2931;-12.424967861425838;0.0;0.0;0.0;295.9870310471421;-0.008600366581231356;0.0018683750298805536;10.267629766464234;0.007380884746089578;0.095703125
2932;1.1509131597212952;0.0;0.0;0.0;336.51174879771963;-1.4162203297019004e-05;0.002182910079136491;10.267728090286255;0.00563051369972527;0.0703125
2933;6.254091503807342;1.0;0.8582086690968123;0.5732946675198456;154.08335009238314;-0.02555396840907633;0.0014363983296789228;10.271170616149902;0.007746431545820087;0.1009765625
2934;-4.6192020324473315;0.0;0.0;0.0;409.2858961978563;-0.016972842160612345;0.001037942137918435;10.270773935317994;0.006428705237340182;0.0685546875
2935;-0.5719534915417847;0.0;0.0;0.0;236.88061273960946;-0.008548540459014476;0.001066987047670409;10.27423038482666;0.009401823312509805;0.140625
2936;-1.8694423821083124;0.0;0.0;0.0;295.05858079982556;-0.019212943059392272;0.001102484337752685;10.279114627838135;0.010595956502947956;0.1529296875
2937;-3.5446093111972012;0.0;0.0;0.0;177.92453051410564;-0.008801333280280233;0.0023634317971300335;10.27977180480957;0.004519105947110802;0.053125
2938;-5.61031080848273;0.0;0.0;0.0;295.5821555986337;-0.015661549428477882;0.0033200108562596144;10.281191682815551;0.007711529813241214;0.100390625
2939;-1.2548829301861986;0.0;0.0;0.0;256.65297840000363;-0.016792933107353747;0.0014146525994874538;10.283546733856202;0.007554555602837354;0.1029296875
2940;-1.6433360811395488;0.0;0.0;0.0;395.33240464095115;-0.0053339030127972364;0.002288103970931843;10.283807802200318;0.006301789556164295;0.0724609375
2941;-0.7960481321132518;0.0;0.0;0.0;133.7266178352876;-0.010486901202239097;0.0009613590285880491;10.288155555725098;0.007545119477435946;0.1072265625
2942;-1.368595930682812;0.0;0.0;0.0;148.07973645022108;-0.009024002868682147;0.0007630732958205044;10.291116380691529;0.006510948331560939;0.0740234375
2943;-1.4622199907080267;0.0;0.0;0.0;100.6255320314144;-0.009861560119315983;0.0004937057019560598;10.295601511001587;0.011032874835655094;0.1669921875
2944;-1.9933148772620088;0.0;0.0;0.0;249.57757880461833;-0.0016362973488867282;0.0003753609285922721;10.307000494003296;0.005081510427407921;0.0556640625
2945;7.009661170578907;1.0;0.6801175092518297;0.48185163502506667;212.47919788263016;-0.004807621706277132;0.0007272882110555656;10.313330268859863;0.006170132767874747;0.08125
2946;6.984197239497204;1.0;0.8196858896530864;0.5195953397797849;150.79247696408365;-0.009423145418986678;0.001979390345513821;10.316034936904908;0.007797202339861542;0.1
2947;0.5553312785932858;0.0;0.0;0.0;311.2366802420896;-0.010197676531970502;0.004135217366274447;10.314841699600219;0.006088643067050726;0.074609375
2948;-1.0076346566889764;0.0;0.0;0.0;176.22434615289865;-0.012465694872662424;0.007080057403072715;10.319256591796876;0.008107376063708215;0.09921875
2949;-2.79289864566808;0.0;0.0;0.0;318.81758836032157;-0.01214955928735435;0.009691199311055243;10.324866771697998;0.006440754898358136;0.075390625
2950;-1.4916741788095516;0.0;0.0;0.0;391.7562673337244;-0.01676829014904797;0.0026555506279692053;10.335970067977906;0.0073313051601871845;0.1009765625
2951;-0.8151775003998024;0.0;0.0;0.0;233.95786700613837;-0.014943717326968909;0.002051869808929041;10.346278667449951;0.0066712837782688435;0.0857421875
2952;5.996291385472436;1.0;0.7136771925186163;0.24670321980146645;154.63289613132855;-0.010351141123101116;0.0015418782772030682;10.355758666992188;0.004873886413406581;0.0525390625
2953;0.2625471764526607;0.0;0.0;0.0;327.74705590638763;-0.013037075381726026;0.0012651556433411315;10.365489721298218;0.00845934342360124;0.1236328125
2954;-3.692236790288016;0.0;0.0;0.0;270.9601296556087;0.0020431671291589737;0.0009105366800213233;10.370740222930909;0.0048512730398215355;0.0640625
2955;1.1834628208430402;0.0;0.0;0.0;189.23741050947493;-0.014665966271422803;0.0025153209106065335;10.372814464569093;0.008048936945851893;0.1150390625
2956;-0.08961350495681336;0.0;0.0;0.0;254.9155977678662;-0.015845383564010263;0.003750786097953096;10.367257452011108;0.009459268953651189;0.1087890625
2957;0.06278409536621926;0.0;0.0;0.0;225.8853128157639;-0.02322115618735552;0.0021659508463926615;10.366839838027953;0.008070013613905757;0.1134765625
2958;0.9147302195639049;0.0;0.0;0.0;390.99738503820663;-0.011021404108032585;0.0005580604876740836;10.369706726074218;0.007105455885175615;0.1029296875
2959;0.6159383303117411;0.0;0.0;0.0;241.28311693885001;-0.01001329831779003;0.0008482638833811507;10.382344388961792;0.006272922537755221;0.077734375
2960;-0.8037393499867611;0.0;0.0;0.0;219.54053831511982;-0.013989851949736476;0.0017789287376217544;10.388112497329711;0.0062993622152134774;0.0875
2961;6.855315303089025;1.0;0.6823003240045215;0.5130198289303077;228.72277809138143;-0.00662047304213047;0.002732870983891189;10.386602115631103;0.008688645134679974;0.1197265625
2962;-0.15594483482122418;0.0;0.0;0.0;235.27728029698937;-0.009367612074129283;0.0031518843141384425;10.3875648021698;0.005945181590504944;0.0751953125
2963;-3.7610299383679378;0.0;0.0;0.0;356.25008249453106;-0.01352368714287877;0.007310854643583298;10.394551515579224;0.005099100701045245;0.0580078125
2964;-2.9447370640258907;0.0;0.0;0.0;325.5434032310112;-0.010242187837138771;0.003337707032915205;10.401327466964721;0.007024924550205469;0.09453125
2965;-0.40224595007866193;0.0;0.0;0.0;97.05852494766602;-0.0041679368587210774;0.06406339341774583;10.397951745986939;0.011523215984925627;0.164453125
2966;-0.5526517614666118;0.0;0.0;0.0;411.27798602227074;-0.008999756071716547;0.0031676704180426895;10.39996428489685;0.006059922813437879;0.076953125
2967;5.811103144210955;1.0;0.6843580579082246;0.30555813515184366;333.34933801390457;-0.009726215456612407;0.0016440912440884858;10.404853200912475;0.010118944384157658;0.1240234375
2968;-1.3881121647119856;0.0;0.0;0.0;167.92593068895425;-0.009368919394910335;0.0008481630909955129;10.404531860351563;0.0063394415890797974;0.080859375
2969;-0.5828621983196719;0.0;0.0;0.0;198.38280788632352;-0.017478170804679394;0.0010922718123765663;10.400791692733765;0.008021258772350848;0.1154296875
2970;-0.11038848706770027;0.0;0.0;0.0;100.82811164196977;-0.009116482827812434;0.001366433792281896;10.397521543502808;0.005959891446400434;0.0771484375
2971;-1.655019335947997;0.0;0.0;0.0;156.6737914383855;-0.008968041837215423;0.0021135776303708555;10.398268556594848;0.009646132751367987;0.0955078125
2972;-0.8350173734179086;0.0;0.0;0.0;153.92801971394155;-0.005968055711127818;0.0016331131279002874;10.396708917617797;0.01022612489759922;0.1421875
2973;-4.384100410579562;0.0;0.0;0.0;186.90758057765237;-0.012151243165135384;0.0012205183564219623;10.396091985702515;0.008500950294546783;0.108984375
2974;-1.3996529397919912;0.0;0.0;0.0;155.44462453172378;-0.016478058276697995;0.004586012021172791;10.398269891738892;0.009650335635524244;0.11484375
2975;-4.997971916901225;0.0;0.0;0.0;167.77058335886176;-0.010308110364712774;0.0027456312789581718;10.402361917495728;0.008970174216665327;0.1232421875
2976;-1.2719978103513105;0.0;0.0;0.0;261.93439043907944;-0.018898983276449142;0.002618761092890054;10.398045253753661;0.008680090028792619;0.125
2977;6.073561921080339;1.0;0.8234989645560337;0.5774099894902914;232.26588880051483;-0.013030200731009245;0.0019340797094628214;10.393344974517822;0.006255872722249478;0.0828125
2978;-0.45926866962229107;0.0;0.0;0.0;305.03980374236164;-0.004933628672733903;0.0031478355871513487;10.386533069610596;0.006949900509789586;0.1015625
2979;-3.927302019930815;0.0;0.0;0.0;257.45025293899744;-0.011340476432815194;0.0034061047655995933;10.390334033966065;0.005708475201390684;0.0703125
2980;-0.5587283120530168;0.0;0.0;0.0;180.82108058034754;-0.015774629078805447;0.0028323606529738754;10.389645004272461;0.008671729650814086;0.090234375
2981;7.0548205556040084;1.0;0.7425961004320872;0.4773933324242207;269.84005894652967;-0.011728108569514006;0.003144675958901644;10.391991662979127;0.011053937394171954;0.1583984375
2982;-1.216641444638468;0.0;0.0;0.0;225.032370630009;-0.00490083759650588;0.003820656053721905;10.398494434356689;0.007573046779725701;0.112109375
2983;4.087918985193924;1.0;0.7079550931923853;0.17145336625608312;290.96847940004983;-0.011137613654136657;0.0019155558082275092;10.40049080848694;0.007091229944489896;0.0923828125
2984;-1.326865404812529;0.0;0.0;0.0;370.51350591810365;-0.011080755153670907;0.0017116787377744914;10.395745372772216;0.0070172050385735926;0.092578125
2985;-14.037135089282494;1.0;0.5259227324579813;0.164403546152055;218.8773698604808;-0.013744308240711689;0.0015721209696494044;10.394362688064575;0.00833168817916885;0.1271484375
2986;-2.1196066424796594;0.0;0.0;0.0;325.4924728992053;-0.014085180032998324;0.0012586042343173177;10.393058252334594;0.007956484553869814;0.083984375
2987;0.5943937049104587;0.0;0.0;0.0;231.59617858210981;-0.014095945982262492;0.001747261791024357;10.395238637924194;0.0069972794270142915;0.09140625
2988;-0.20079643162506725;0.0;0.0;0.0;297.2846469745176;-0.009423202183097602;0.002950861887075007;10.396289730072022;0.006372417567763478;0.0796875
2989;-0.20027043185549687;1.0;0.7985314740271375;0.5276370708115777;145.84349720707652;-0.002296847477555275;0.0009226542519172653;10.401407766342164;0.00425116514088586;0.051171875
2990;-0.9038451798869962;0.0;0.0;0.0;284.04598941114347;-0.0037921719253063203;0.003821951022837311;10.408496618270874;0.004193577787373215;0.0435546875
2991;7.203302709415949;1.0;0.5532649691981762;0.32922251391606255;285.1947692432112;-0.008691041218116879;0.0008783102035522461;10.414340114593506;0.005938493448775261;0.0705078125
2992;0.17885645796229271;0.0;0.0;0.0;196.25700829458836;-0.01193759827874601;0.000555387357599102;10.415056419372558;0.007983137259725482;0.1203125
2993;-0.6332935265582063;0.0;0.0;0.0;277.6418412523702;-0.011918042367324234;0.0014591641665901989;10.409005546569825;0.00891489612404257;0.13515625
2994;6.5809888878234055;1.0;0.7343578591963439;0.4328729790913441;175.13188134768717;-0.016835327446460723;0.0018688718788325786;10.40436282157898;0.005084250855725258;0.0498046875
2995;-0.35831369052713313;0.0;0.0;0.0;277.9351308680257;-0.01639833953231573;0.003580917080398649;10.398045778274536;0.006235248944722116;0.0794921875
2996;6.624739919068649;1.0;0.5925273505386831;0.271788232179677;371.15484464604947;-0.019927292549982666;0.0016507571330294014;10.397250986099243;0.006057646649423987;0.0798828125
2997;-0.34291300898066923;0.0;0.0;0.0;233.1170407930612;-0.006194231403060258;0.0010219247269560583;10.397048997879029;0.007641368824988603;0.083203125
2998;0.03455259190378968;0.0;0.0;0.0;279.25964931536083;-0.009696239023469388;0.0011395264795282856;10.397292518615723;0.006330559484194964;0.0822265625
2999;-0.7606583319174208;0.0;0.0;0.0;101.97517888621582;-0.020950376894325017;0.0008249274018453434;10.395944118499756;0.006200018478557468;0.0802734375
3000;-1.938798456823627;0.0;0.0;0.0;223.7196575711744;-0.00892842561006546;0.0016585119301453233;10.395733785629272;0.00675799559103325;0.084765625
3001;-0.7561997491247137;0.0;0.0;0.0;237.15400600432235;-0.014060340635478497;0.0019474496773909777;10.390997934341431;0.007735449355095625;0.089453125
3002;0.29949897913589674;0.0;0.0;0.0;279.9061509766601;-0.018799144867807628;0.0023640743514988572;10.383884954452515;0.010592211654875427;0.1564453125
3003;0.4441633117658389;0.0;0.0;0.0;197.8938262893835;-0.013505671080201865;0.003524116659536958;10.379971313476563;0.007286220416426658;0.0970703125
3004;-0.21033335226563232;0.0;0.0;0.0;178.67173314395737;-0.014940788410604;0.0013497782143531366;10.377945375442504;0.007397620694246143;0.101953125
3005;-0.32367498334745315;0.0;0.0;0.0;452.556002571198;-0.00985355875454843;0.0022707885189447554;10.38179807662964;0.006978514709044248;0.0916015625
3006;-0.07317536284541475;0.0;0.0;0.0;347.62356655204263;-0.012135098781436681;0.0024255968513898552;10.38083643913269;0.006237513804808259;0.0716796875
3007;1.0771007625505544;0.0;0.0;0.0;289.05337006110204;-0.014279104815796018;0.0023388207366224377;10.37227725982666;0.00578870924655348;0.0693359375
3008;-0.07383321507982384;0.0;0.0;0.0;192.46292801851178;-0.02140871435403824;0.0015729815524537117;10.369433307647705;0.00742314076051116;0.104296875
3009;-4.4754048060025005;0.0;0.0;0.0;437.45866888479406;-0.0038468185346573593;0.0008810061437543482;10.367536544799805;0.00901775126112625;0.1330078125
3010;5.298455761746543;1.0;0.6230250878677859;0.13200185057932898;216.11684021083775;-0.006290363147854805;0.0006630133662838489;10.366075277328491;0.0086345320683904;0.120703125
3011;0.5106912873059546;0.0;0.0;0.0;368.6815012889574;-0.010407942812889814;0.0011824920336948707;10.368263053894044;0.008219316718168557;0.1052734375
3012;-6.193882564481839;0.0;0.0;0.0;154.53472230220171;-0.020700012054294347;0.0015796442399732768;10.366854190826416;0.006149487069342286;0.0798828125
3013;0.309703955251973;0.0;0.0;0.0;278.38408640415;-0.01142209735698998;0.0017133113433374092;10.366383171081543;0.005058718915097416;0.062109375
3014;-8.066534905667691;0.0;0.0;0.0;387.126295432674;-0.010190321924164891;0.004944113316014409;10.366582584381103;0.0074441204662434755;0.09296875
3015;-9.207270266099867;0.0;0.0;0.0;308.32115478927034;-0.014614073978736996;0.004257637559203431;10.373288822174072;0.003978478105273098;0.0439453125
3016;-2.1544908443014856;0.0;0.0;0.0;314.5335120177213;-0.009305518073961138;0.004490669595543295;10.377425003051759;0.00866781350923702;0.1146484375
3017;5.798705594010836;1.0;0.6445258485935853;0.31555442756792895;203.94518984038143;-0.014565207064151764;0.0022550351277459413;10.379210805892944;0.00900931297801435;0.130078125
3018;-0.642122638458602;0.0;0.0;0.0;299.36584939332374;-0.014595067221671343;0.0016508931817952543;10.37818341255188;0.006872348324395716;0.0828125
3019;-2.7323572856739227;0.0;0.0;0.0;385.89503682731515;-0.011501500639133156;0.0023257830005604775;10.38070387840271;0.003959575400222093;0.036328125
3020;-1.949246153633702;0.0;0.0;0.0;222.05599278035766;-0.012259768648073077;0.06167541570030153;10.380141925811767;0.0039480947307311;0.047265625
3021;-1.8135755423264774;0.0;0.0;0.0;382.1740363802262;-0.015446568094193935;0.003332180227153003;10.379050636291504;0.005649881681893021;0.0701171875
3022;0.30777162883545345;0.0;0.0;0.0;346.80139736093554;-0.014327259361743927;0.005262333620339632;10.382324504852296;0.007895259710494429;0.108984375
3023;5.629884398182212;1.0;0.6380383755565157;0.2730117248183722;217.53744996604027;-0.009404962789267302;0.0023140188597608356;10.385708427429199;0.004997633083257824;0.0546875
3024;-12.03943268606114;0.0;0.0;0.0;587.9916035520242;-0.009895636746659876;0.0008812954765744507;10.384402179718018;0.007334327872376889;0.0984375
3025;-0.8292699562506951;0.0;0.0;0.0;284.0227108242273;-0.009907919750548898;0.0018897948611993343;10.388256406784057;0.007296872150618583;0.0830078125
3026;-2.6379235674725554;0.0;0.0;0.0;214.49309166328786;-0.004826079402118921;0.0011301815684419125;10.389600706100463;0.007019139337353408;0.0912109375
3027;1.1208817472552879;0.0;0.0;0.0;387.6057535320507;-0.007391055952757597;0.000851644721115008;10.388128757476807;0.004896336235105991;0.062890625
3028;-2.033422547459441;0.0;0.0;0.0;310.83423559730596;-0.01214993060566485;0.0019014939782209695;10.378718137741089;0.0072822937509045005;0.0958984375
3029;-0.16865545917165964;0.0;0.0;0.0;172.21156279237738;-0.009332516649737953;0.002325484936591238;10.376102828979493;0.00880184720735997;0.1091796875
3030;1.9521836198734894;0.0;0.0;0.0;319.8073933272728;-0.011382884718477726;0.001199057517806068;10.37626633644104;0.005875636509153992;0.0751953125
3031;0.42065218443745556;0.0;0.0;0.0;287.02952250722177;-0.007712014275602997;0.0014095784863457084;10.377982091903686;0.006617763894610107;0.0849609375
3032;0.26775903798811274;0.0;0.0;0.0;261.6725419227558;0.0003984958864748478;0.05272939057322219;10.377910375595093;0.005040441383607685;0.055078125
3033;-0.9153070084610743;0.0;0.0;0.0;249.7323048604885;-0.009674192778766156;0.004804305243305862;10.374043655395507;0.006661232397891581;0.0875
3034;-4.7456325900437575;0.0;0.0;0.0;340.2078443407317;-0.014197593368589879;0.003925533848814666;10.373770380020142;0.009329579561017454;0.1251953125
3035;-0.13564220870850904;0.0;0.0;0.0;235.24599049962578;-0.012473523057997227;0.0017402304452843963;10.370295810699464;0.006770819856319577;0.0916015625
3036;5.83356293847094;1.0;0.6449918043380574;0.1530511349366102;199.5602762684668;-0.008544273860752582;0.0021947898261714728;10.370644235610962;0.006561860628426075;0.090625
3037;0.6168469338167186;0.0;0.0;0.0;299.7932475488735;-0.011699491692706943;0.0017240723653230816;10.368803119659423;0.005927528627216816;0.076953125
3038;1.576796607604444;0.0;0.0;0.0;304.0169580632831;-0.001524961879476905;0.06413280433043837;10.367204236984254;0.004660461598541587;0.0568359375
3039;-12.222355485785535;0.0;0.0;0.0;997.0599966694231;-0.014354317774996161;0.003261945955455303;10.371116590499877;0.006296280748210847;0.0798828125
3040;1.0563963206412466;0.0;0.0;0.0;154.97343807411974;-0.014819037076085806;0.001505552278831601;10.372960805892944;0.006653955834917724;0.091015625
3041;-1.4915848214169916;0.0;0.0;0.0;208.92392968113305;-0.010724490182474256;0.00374303983990103;10.375403833389282;0.006090622616466135;0.0763671875
3042;-7.5082347199903605;0.0;0.0;0.0;237.4147745490171;-0.002352370135486126;0.05869900323450565;10.380452728271484;0.0025657687918283047;0.0228515625
3043;0.3366254751309717;0.0;0.0;0.0;191.96619268772952;-0.007616279041394591;0.0007678806054173037;10.381275653839111;0.005564310378395021;0.0740234375
3044;5.42978186022455;1.0;0.6610883217078527;0.4366697032899415;430.16929098394274;-0.00664219930768013;0.0007411113925627433;10.382600831985474;0.005268224724568426;0.06328125
3045;-1.4716669047570183;0.0;0.0;0.0;166.40620914580833;-0.014099701819941402;0.0025335097510833294;10.386467027664185;0.0076041637803427875;0.1125
3046;-0.5604486869372521;0.0;0.0;0.0;363.8098296827449;-0.017253096401691436;0.001024239181424491;10.386440515518188;0.00804079882800579;0.113671875
3047;6.124020454160933;1.0;0.5917681991681154;0.29892474222887433;513.0902867710049;-0.014773116214200854;0.0009219338768161834;10.38619623184204;0.006433539127465337;0.0669921875
3048;5.411453313727143;1.0;0.6473535511062435;0.3083960689661689;358.5842802695391;-0.005088717630133033;0.002065852971281856;10.38689603805542;0.001703656348399818;0.012109375
3049;-3.017486066863967;0.0;0.0;0.0;437.4643295265332;-0.01222729696892202;0.0007286944368388504;10.380359745025634;0.006751075282227248;0.0943359375
3050;0.5693480184081501;0.0;0.0;0.0;111.2219931936226;0.00014527388848364353;0.008813774865120649;10.379312324523926;0.004431738401763141;0.0443359375
3051;5.838446136375456;1.0;0.6392612822513497;0.45105680324080094;413.0242874088254;-0.016462230449542405;0.004076635022647679;10.379383659362793;0.006422717671375722;0.0771484375
3052;5.663858504458905;1.0;0.668904284667712;0.2654841943111154;257.94554242238814;-0.012025239132344722;0.0018340747803449631;10.38070969581604;0.004643416381441057;0.0544921875
3053;-1.8067892184414212;0.0;0.0;0.0;345.502748804481;-0.008176116924732923;0.001381385707645677;10.375310134887695;0.006628512614406645;0.0904296875
3054;-0.1999007338755336;0.0;0.0;0.0;188.8737766096126;-0.009184983558952808;0.0013789165881462396;10.367520475387574;0.0072262903675436975;0.08984375
3055;-2.191247337085423;0.0;0.0;0.0;444.9560067044825;-0.012164987158030272;0.0013227574701886625;10.362864780426026;0.006975703558418899;0.09296875
3056;1.1332039857260634;0.0;0.0;0.0;206.128076754497;-0.014200739748775958;0.0008991960843559354;10.361301708221436;0.0069214872317388655;0.1009765625
3057;6.277159057885534;1.0;0.7705184103458976;0.7808674541395879;284.54373841740124;-0.016710900515317918;0.002173890138510615;10.359277200698852;0.006068345822859556;0.0716796875
3058;5.183425511251363;1.0;0.655202284503652;0.2797175404048902;299.45761388568997;-0.005901170615106821;0.0024247126071713864;10.359854602813721;0.005419889290351421;0.065234375
3059;0.8004766230672418;0.0;0.0;0.0;221.82440527302512;-0.008812966709956526;0.004031707264948637;10.360994291305541;0.008214155887253582;0.1033203125
3060;-1.8974131798231935;0.0;0.0;0.0;254.88445090294496;-0.012106689112260937;0.0013707396457903088;10.366636848449707;0.006086649326607585;0.07734375
3061;-3.96869109542554;0.0;0.0;0.0;338.1409681168641;-0.009313574898988009;0.0013099505042191595;10.373699951171876;0.007628500810824335;0.112890625
3062;0.8880448768952979;0.0;0.0;0.0;327.33466701663303;-0.011351513117551804;0.0012866697856225074;10.372561645507812;0.006500327191315591;0.0857421875
3063;0.5413530781548006;0.0;0.0;0.0;310.78878269625574;-0.005087994271889329;0.002496978535782546;10.373097801208496;0.006634672335349023;0.08828125
3064;0.14228347358403168;0.0;0.0;0.0;219.5827480879422;-0.009649384301155806;0.0013497295120032504;10.373689556121827;0.004553076939191669;0.0552734375
3065;-0.38259223906137135;0.0;0.0;0.0;488.7721815045411;-0.012785808253102004;0.0016645777825033293;10.373934507369995;0.004753432841971517;0.0578125
3066;-1.021461718875917;0.0;0.0;0.0;133.28117898577108;-0.011508755618706346;0.0003166021968354471;10.368603181838989;0.005168362788390368;0.0595703125
3067;6.3478635378537;1.0;0.7469662320432574;0.7818561579186681;312.73518168030364;-0.009876560093834997;0.001053033518837765;10.36888566017151;0.009023931028787046;0.1396484375
3068;-15.887778007160856;0.0;0.0;0.0;460.0826733232595;-0.02144094221293926;0.0021692844515200705;10.371426248550415;0.007142242428380996;0.0994140625
3069;6.590005259936823;1.0;0.505444038274973;0.20310842325242;362.840167145572;-0.0154376361053437;0.001697600440820679;10.381804752349854;0.007009348773863167;0.09921875
3070;3.9003717172170105;1.0;0.6392212780044031;0.1898938099315722;182.95497645526024;-0.0009734994033351541;0.06368009608704597;10.385575294494629;0.006161449360661209;0.0833984375
3071;6.536259410148988;1.0;0.7502588460630997;0.8011803060958348;331.13448644328247;-0.01680823964998126;0.0021305630390997974;10.385095119476318;0.008211845147889108;0.1044921875
3072;6.8120550198392475;1.0;0.6516396668767537;0.7011585313680805;252.7478956070607;-0.01215521339327097;0.0016080687753856182;10.387001943588256;0.005460645933635533;0.0630859375
3073;7.259815480576535;1.0;0.6937029057594077;0.6669840758143335;256.8847217578399;-0.015660483157262206;0.0006779159186407924;10.386612272262573;0.01023790028411895;0.1474609375
3074;-1.6943401229854942;0.0;0.0;0.0;429.360927839047;-0.009071822697296738;0.00023761638585710897;10.389845848083496;0.005359572125598788;0.069921875
3075;0.8364078256127667;0.0;0.0;0.0;233.51387516409537;-0.0040646249428391455;0.0015396822651382535;10.394189977645874;0.004544505872763694;0.0490234375
3076;0.7898163460583235;0.0;0.0;0.0;333.4938498255529;-0.020613756449893116;0.002547387615777552;10.389880275726318;0.006876541988458484;0.083203125
3077;-0.5713006330678136;0.0;0.0;0.0;335.127758356471;-0.0076621424872428175;0.0022689785109832883;10.380674839019775;0.00561781603610143;0.069140625
3078;0.3135122765197249;0.0;0.0;0.0;321.7277462982633;-0.008111414709128439;0.0014189626963343471;10.375282669067383;0.008289611153304576;0.11953125
3079;6.471029726504435;1.0;0.7989305680101687;0.7808246707528862;180.37734816997795;-0.010168194095604122;0.00195610704831779;10.371740818023682;0.007688037829939276;0.101953125
3080;-0.9012943164503429;0.0;0.0;0.0;218.36534123634934;-0.011611598217859865;0.0011854371870867908;10.375765657424926;0.008059956505894661;0.108203125
3081;-0.4126972869284412;0.0;0.0;0.0;280.9147332933668;-0.009886510018259288;0.0004276004314306192;10.38172082901001;0.008274299569893628;0.1212890625
3082;6.515115450225331;1.0;0.5672058849249518;0.523037140320621;466.84666651161206;-0.0063675483223050834;0.00047406374505953863;10.390898704528809;0.00965426032198593;0.1296875
3083;6.672871111275646;1.0;0.7416017082951711;0.6948010424958432;271.85094724242646;-0.014376242831349372;0.0003128669268335216;10.394789981842042;0.007144234876614064;0.0927734375
3084;6.97875140004494;1.0;0.7102668190475331;0.7249235665584407;353.4106671370204;-0.009116794215515256;0.0002823803690262139;10.39209542274475;0.008248995488975197;0.11953125
3085;0.7020981575136631;0.0;0.0;0.0;279.0458614854924;-0.012514579622074962;0.0012041887355735525;10.395072650909423;0.006275066535454244;0.0806640625
3086;-0.13017928754468233;0.0;0.0;0.0;288.454889966288;-0.007252199342474341;0.000820441817631945;10.393903636932373;0.005809391324874014;0.0701171875
3087;6.970759636369612;1.0;0.6718470478157608;0.6695990077669701;255.60558027771745;-0.014438850397709757;0.0016689715237589553;10.38814182281494;0.005551340035162866;0.065625
3088;-3.8074953260613924;0.0;0.0;0.0;476.2169179848746;-0.000984842237085104;0.0052156726480461655;10.38504753112793;0.0057431284571066495;0.0572265625
3089;0.060486655831669116;0.0;0.0;0.0;308.7363505806652;-0.01564270737580955;0.0009940274379914627;10.390865325927734;0.00909423838602379;0.1263671875
3090;-0.18769617922019913;0.0;0.0;0.0;320.2861321511849;-0.009773051785305142;0.0023472013941500335;10.395784187316895;0.00761782139306888;0.099609375
3091;-9.013810447913343;0.0;0.0;0.0;538.0046266437467;-0.0169722193852067;0.0012302258401177824;10.393453311920165;0.009093483875039965;0.1203125
3092;0.7546048029722457;0.0;0.0;0.0;534.842448691649;-0.011221992038190364;0.0013292553281644358;10.389474010467529;0.00839572522090748;0.1224609375
3093;-0.5577239004760857;0.0;0.0;0.0;787.3900424115317;-0.010693985503166914;0.002035156823694706;10.387202835083007;0.008814321632962674;0.1265625
3094;-1.486552678795417;0.0;0.0;0.0;701.8640509230208;-0.007783271977677942;0.0026637587987352164;10.389730596542359;0.0066897636512294415;0.078125
3095;7.420558805334109;1.0;0.7629059157952499;0.7647798980645989;185.52524575248884;-0.015688469656743108;0.0027581376023590566;10.398120403289795;0.00677900566952303;0.0796875
3096;-0.03328578191698019;0.0;0.0;0.0;1015.4192123779627;-0.011723934672772884;0.0011287097237072884;10.400180435180664;0.007791498233564198;0.11015625
3097;7.0309604323005095;1.0;0.5824747488857712;0.5333999503240371;201.2646286968243;0.0008297732565551996;0.0017258766325539908;10.399202919006347;0.006530421460047365;0.083984375
3098;-7.628433022231129;0.0;0.0;0.0;560.3161186865748;-0.007842348888516426;0.00026361608397564853;10.404716062545777;0.006292772467713803;0.070703125
3099;0.5707624639876938;0.0;0.0;0.0;603.9788148254405;-0.00475070970132947;0.0027273396612145008;10.410782480239869;0.0065352000994607804;0.096484375
3100;6.336773156575376;1.0;0.7954867490745352;0.8468560524212002;170.47232540873523;-0.007108036754652857;0.002114134861039929;10.41484203338623;0.008337091468274594;0.11953125
3101;-0.18731229041432806;0.0;0.0;0.0;997.8479211893956;-0.010832115821540356;0.002579924091696739;10.417520380020141;0.00733981205848977;0.101171875
3102;6.473900763898037;1.0;0.819491132519901;0.9408376483802475;210.79868863917943;-0.006521841417998076;0.0022483538719825446;10.428454208374024;0.0070127486600540575;0.0888671875
3103;1.1742246768696127;0.0;0.0;0.0;1268.3199742061183;-0.016634662728756668;0.0006172386740217917;10.427770471572876;0.01236221994040534;0.1603515625
3104;6.39715823382665;1.0;0.6705479668361166;0.6541347902612407;203.27591436911203;-0.00935526667162776;0.003313134826021269;10.424562454223633;0.007577572134323418;0.110546875
3105;-0.5715929201958383;0.0;0.0;0.0;655.9938031432154;-0.0026394096203148365;0.0035741595667786894;10.426605367660523;0.00528228294569999;0.0609375
3106;6.1500942610816365;1.0;0.6878226077615711;0.6851053565648406;200.60948190295795;-0.013645790214650334;0.00589226649608463;10.431104183197021;0.008571987447794527;0.1287109375
3107;0.03151820706260748;0.0;0.0;0.0;1111.5702781222021;-0.009766416542697698;0.0035795024828985333;10.433654356002808;0.00611410440178588;0.0669921875
3108;6.019971820604754;1.0;0.8317277083839827;0.8328252300156664;240.8454616220754;-0.005682733235880732;0.0033814023714512586;10.439508247375489;0.0041201270068995655;0.0490234375
3109;-4.420100288344771;0.0;0.0;0.0;822.2690060685602;-0.008607172220945359;0.005036003096029163;10.443066167831422;0.006777311791665852;0.087890625
3110;6.276956166491871;1.0;0.644616531025197;0.6163130434714206;328.59612448222333;-0.013509714882820845;0.012378383008763195;10.44107723236084;0.00809082337655127;0.1138671875
3111;-7.081027401477165;0.0;0.0;0.0;704.9056498955172;-0.014593769609928132;0.006311853090301156;10.43578224182129;0.009685809386428445;0.1220703125
3112;5.402609605791442;1.0;0.8166149042290466;0.9488276725028456;220.72689249287396;-0.00965720284730196;0.005772456957492978;10.431507110595703;0.007402469590306282;0.100390625
3113;3.1440435203834953;1.0;0.850093407194823;0.8945236823767216;161.42591278276748;-0.013772753020748495;0.004389870481099933;10.433018732070924;0.0034343774896115065;0.0330078125
3114;6.4708074182697235;1.0;0.6124230664735063;0.6334710473806029;299.8549013965781;0.009437817614525557;0.06481995047070085;10.436830425262452;0.006383846863172948;0.087890625
3115;2.502352552880618;1.0;0.24950858428307185;0.18239070680990965;570.9410165326699;-0.00623497162014246;0.004130286967847496;10.44010591506958;0.006008837092667818;0.0666015625
3116;-5.186717035274565;0.0;0.0;0.0;1510.6080150212188;-0.009378491761162877;0.00518343853764236;10.44316749572754;0.006996471458114684;0.0912109375
3117;6.266002704449046;1.0;0.6747146509011667;0.6262955544981714;186.09979390742697;-0.014734411938115954;0.006135672819800675;10.44469494819641;0.008059040002990514;0.10078125
3118;6.526270291179701;1.0;0.817784013313996;0.9044513914991116;193.69514727200698;-0.007145569100975991;0.0020671236619818957;10.443782567977905;0.009565961943008006;0.1333984375
3119;0.7059157791459534;0.0;0.0;0.0;925.0920540565121;-0.00709092253819108;0.0009456353291170672;10.443988561630249;0.00650974279269576;0.080078125
3120;0.6234669770015777;0.0;0.0;0.0;1022.8650857436965;-0.015026130666956305;0.001861298712901771;10.444739866256715;0.005040280299726874;0.0599609375
3121;-3.828325847783222;0.0;0.0;0.0;1331.7138713704167;-0.012895138468593359;0.006532655493356287;10.454842662811279;0.008629621588625014;0.0908203125
3122;5.713548788711668;1.0;0.8205530642200424;0.858502761214968;251.5961867140461;-0.008430198673158884;0.0015826999966520815;10.459411096572875;0.005145929974969476;0.059375
3123;5.091705850106079;1.0;0.6036702478589353;0.5621066348210028;352.2921523651119;-0.01222866466268897;0.0019314470875542611;10.457871675491333;0.006740751350298524;0.0822265625
3124;7.111105756634494;1.0;0.688962792554882;0.7531077998858995;340.0785192063682;-0.009499711776152253;0.0020428387564606965;10.44935975074768;0.0066224531852640215;0.08828125
3125;7.367339239212332;1.0;0.682838845730406;0.6331407862469183;171.98252941816415;-0.010232942178845406;0.006806755438446999;10.44542317390442;0.003703628235962242;0.0388671875
3126;6.441549077742655;1.0;0.8336828255477706;0.9763776622255274;229.79016884732886;-0.012575686955824495;0.0035285850754007697;10.444054174423218;0.006365219922736287;0.0794921875
3127;1.0871011796264567;0.0;0.0;0.0;1106.9994495689348;-0.00878092683851719;0.0009875139978248626;10.445148515701295;0.008188472315669059;0.1201171875
3128;-3.7105106298581867;0.0;0.0;0.0;1325.7510840185348;-0.017705189622938634;0.0013869812712073327;10.444857215881347;0.005481156602036208;0.0654296875
3129;1.9364042997970206;1.0;0.4962796868568451;0.43664966345596956;422.7184894874108;-0.013003301247954369;0.0012729320500511677;10.445501232147217;0.009136823017615824;0.1291015625
3130;0.6157782839952809;0.0;0.0;0.0;940.0633857849801;-0.020134370867162944;0.001692976342746988;10.446981477737427;0.007357475580647588;0.1099609375
3131;6.2876950543930885;1.0;0.8648185637856141;0.8605958057324824;107.60214916452871;-0.014596279547549783;0.002782664855476469;10.444156217575074;0.007530770928133279;0.1083984375
3132;6.542923412517133;1.0;0.3846451556348274;0.31042407310535947;441.96772117669116;-0.02444142699241638;0.003423105808906257;10.443421506881714;0.010708918375894428;0.141796875
3133;0.8201951773834487;0.0;0.0;0.0;975.5317920255211;-0.004300194978713989;0.003765275946352631;10.444381999969483;0.005999594612512737;0.0703125
3134;-0.28500161832623944;0.0;0.0;0.0;1737.383342714179;-0.016000172588974237;0.0034742097370326517;10.45102400779724;0.007339545339345932;0.083984375
3135;0.6927624814740937;0.0;0.0;0.0;880.4849488558772;-0.016197093669325112;0.003190941107459366;10.455316925048828;0.008053785376250743;0.1048828125
3136;6.162523765479395;1.0;0.7917767981503187;0.6897395768736534;216.24215363107606;-0.011882109614089132;0.0025855084822978824;10.459534835815429;0.004837104072794318;0.0515625
3137;6.123569229600392;1.0;0.4102606686799356;0.33614462690846625;307.8944038476423;-0.019531645718961953;0.0014241174852941186;10.461718273162841;0.008974373899400234;0.1181640625
3138;7.112167877149473;1.0;0.4869725225953153;0.35849616388525196;209.4799542593229;-0.007295031752437353;0.004410061228554696;10.469594192504882;0.006719056435395032;0.0748046875
3139;5.925861753195466;1.0;0.47714003783843906;0.383600733472724;358.09393157802697;-0.01078750118613243;0.001973334141075611;10.476690912246704;0.008371272310614585;0.104296875
3140;1.6236635227119307;1.0;0.5330882826960867;0.5012334365733793;458.75080587927323;-0.008189626433886588;0.0031193422444630416;10.479933595657348;0.005658002407290042;0.06015625
3141;7.08053480408665;1.0;0.5793185451055642;0.5429781862999229;281.0852737232286;-0.0123329296708107;0.0007585599480080419;10.479132509231567;0.0093351349234581;0.1455078125
3142;0.2748625449173748;0.0;0.0;0.0;1198.4528612363629;-0.005372171197086573;0.0006967783672735095;10.481137037277222;0.005342802510131151;0.0708984375
3143;-0.19677835090112497;0.0;0.0;0.0;793.9078526665355;-0.009942092560231685;0.0004123444377910346;10.482713747024537;0.006608385487925261;0.0841796875
3144;-2.58639525706954;0.0;0.0;0.0;1386.7189202903862;-0.005553528759628534;0.001662765399669297;10.47496943473816;0.006958880310412497;0.0859375
3145;-0.056389576243469894;0.0;0.0;0.0;1010.3840227363711;-0.011625731643289328;0.002455200790427625;10.464458799362182;0.008048564207274466;0.1111328125
3146;6.966350625352843;1.0;0.757997810604293;0.8204223395155595;258.18966936619717;-0.009007720835506916;0.003664922609459609;10.462184190750122;0.0070234127226285635;0.090234375
3147;-16.443954373090484;0.0;0.0;0.0;1381.5327583436301;-0.0030146379955112933;0.0019752766587771476;10.46199917793274;0.00614635901292786;0.0818359375
3148;-0.3919996014091056;0.0;0.0;0.0;1375.2831444691087;-0.011753256572410465;0.003728462860453874;10.465616130828858;0.006208299321588129;0.07890625
3149;4.0495850971768395;1.0;0.5796207100067741;0.24587717552785732;279.8245185495404;-0.011217638733796775;0.0027666580688674005;10.46938648223877;0.007062895875424147;0.097265625
3150;-0.29094685696288014;1.0;0.7097643995147045;0.7804978988286126;309.86219047150007;-0.006861996278166771;0.0011859864403959363;10.471913051605224;0.00654763359343633;0.079296875
3151;-4.1590331170509796;0.0;0.0;0.0;905.3094683870202;-0.017421853821724655;0.0024521554121747615;10.473971509933472;0.00639611289370805;0.0623046875
3152;-1.1130584293609695;0.0;0.0;0.0;1390.3263577886205;-0.010546576464548707;0.0015926192398183047;10.477549695968628;0.006236960063688457;0.0828125
3153;5.378674866329356;1.0;0.6108630318181207;0.5791647495978708;189.63009423382272;-0.011634426889941096;0.0017836117593105882;10.482301950454712;0.004968237213324756;0.0572265625
3154;0.4126903178007227;0.0;0.0;0.0;1106.5997314132976;-0.018950276356190444;0.002132109919330105;10.482876586914063;0.010804399300832301;0.15078125
3155;-0.012330526200700492;0.0;0.0;0.0;1179.4520186166737;-0.0125694097019732;0.0009365128789795563;10.480890989303589;0.006645713292527944;0.0806640625
3156;-0.49474485526698125;0.0;0.0;0.0;1458.841009015156;-0.008200405212119222;0.0004836047432036139;10.476921463012696;0.005812314129434526;0.0669921875
3157;-8.66082191061236;1.0;0.5093394264794602;0.45544878923037374;414.14876651189957;-0.007092526834458113;0.0009242726533557289;10.476370716094971;0.007610051950905472;0.108984375
3158;-0.09269223135532774;0.0;0.0;0.0;1499.6886429781991;-0.009277026960626244;0.0009631351626012474;10.47617335319519;0.007255516201257706;0.0958984375
3159;6.1148786681269165;1.0;0.376454151499104;0.31129731251046455;271.5735649329857;-0.012178599834442139;0.002624095242936164;10.475077152252197;0.003809940826613456;0.0330078125
3160;-4.393712234306768;0.0;0.0;0.0;1212.740963635971;-0.003755134204402566;0.0010872335347812622;10.473940086364745;0.004176843981258571;0.0416015625
3161;7.487133915168085;1.0;0.6486295828970458;0.6101161429280322;202.5614705984591;-0.00745664476417005;0.0013346149324206635;10.471089076995849;0.005909026018343866;0.075
3162;5.97233034471296;1.0;0.4743824790043797;0.4008928490443047;336.5566239546062;-0.014732105564326048;0.04074394749477506;10.470448684692382;0.009386408212594687;0.123828125
3163;-0.5693329587745597;0.0;0.0;0.0;1632.0795666063038;-0.017881694808602334;0.002334674837766215;10.474570941925048;0.004881802655290812;0.059765625
3164;6.213362020234239;1.0;0.5877331919506414;0.5726631650736592;269.21571493164356;-0.012918382696807385;0.0022892577573657034;10.479465579986572;0.007779930473770946;0.1017578125
3165;4.719874043383694;1.0;0.6941004519825005;0.6943517949614807;225.95935389192013;-0.011018504900857807;0.0016091918107122183;10.473339176177978;0.006392846454400569;0.0701171875
3166;6.706515797381872;1.0;0.7670339269145454;0.796331233572013;203.61950600281685;-0.013963290560059249;0.0038787429803051054;10.468247604370116;0.005594955710694194;0.066796875
3167;-0.8515478702180346;0.0;0.0;0.0;989.128744134257;-0.012189861573278903;0.0009072581276996061;10.468319702148438;0.00446782928192988;0.0576171875
3168;-3.67097950057246;1.0;0.44369688853458455;0.38138952177380775;395.1300044979724;-0.01046431353315711;0.0007460097942384892;10.470237970352173;0.0038282855530269444;0.0287109375
3169;-1.5206990384934653;0.0;0.0;0.0;945.0588569484504;-0.011546543333679438;0.0009923409583279864;10.478181552886962;0.004933282325509936;0.0611328125
3170;6.377464907886884;1.0;0.8057175900458994;0.8448591213461182;140.1886510545138;-0.005978184286504984;0.0005526160428416915;10.478441190719604;0.005575472617056221;0.0671875
3171;7.095259038806864;1.0;0.6609727606313097;0.6739377882641592;254.08326089289824;-0.009242178150452673;0.0027705972897820175;10.475451993942261;0.009375285403802992;0.1333984375
3172;6.091128972204154;1.0;0.8826477154199682;0.997950858772474;171.20854448773005;-0.00820460175164044;0.0042497680813539775;10.475080871582032;0.009982208407018333;0.13515625
3173;0.38458609397223986;1.0;0.7018145842215122;0.6895079388715181;211.9231834065205;-0.014305552048608661;0.0029706526023801417;10.4724036693573;0.010992748918943107;0.1455078125
3174;6.6553398129893395;1.0;0.8242420037206332;0.5721101265410665;194.93186344442802;-0.007788630202412605;0.06178147867321968;10.475941848754882;0.010279159271158278;0.14140625
3175;6.400667594626462;1.0;0.7831321538443275;0.793237404516081;175.8656166712294;-0.015913810394704343;0.002648375282296911;10.481084966659546;0.007522882637567818;0.1013671875
3176;6.744050248040963;1.0;0.8217262735365141;0.7639660373567467;213.38975185732554;-0.016043923632241785;0.0011112818930996582;10.48003044128418;0.007424115971662104;0.0984375
3177;5.539595928252763;1.0;0.6007292630115294;0.5681975799028538;160.31371614348083;-0.01824698378331959;0.0018070829508360475;10.475032854080201;0.010842040297575295;0.1494140625
3178;6.451184363516148;1.0;0.6121728617847494;0.5906703149215139;218.05189489681425;-0.0070594068383798;0.0020368922152556477;10.471629858016968;0.0051154808490537105;0.0640625
3179;6.162551908450163;1.0;0.821191550274136;0.8557721152073696;159.06449269681164;-0.010149979218840598;0.0017395369533915073;10.47022123336792;0.008205391746014357;0.1091796875
3180;0.022931782715842453;0.0;0.0;0.0;414.26014230676805;-0.013649197714403271;0.000966843159403652;10.458513641357422;0.007815817999653519;0.0875
3181;5.1954058762957445;1.0;0.3597556289855133;0.299970301744974;306.70413589766684;-0.015737708332017063;0.0017354192968923599;10.455121374130249;0.006271948583889753;0.087109375
3182;7.231944168123832;1.0;0.551767437948932;0.5319547135503192;252.45626612611457;-0.010762643534690142;0.0018850571039365604;10.45534281730652;0.003282658709213138;0.0328125
3183;6.42763549126887;1.0;0.8240513196097926;0.9466498847544165;218.1383628836125;-0.005515864922199398;0.0006381964165484532;10.458890628814697;0.005830898520071059;0.0802734375
3184;7.664100093066979;1.0;0.5320296569407729;0.5027214873474987;250.28405387740594;-0.002071167156100273;0.0005513499010703527;10.46072859764099;0.004452063445933163;0.049609375
3185;5.268581649527064;1.0;0.803317343138222;0.7114681163513425;219.27981000345633;-0.004136883514001965;0.00038522760150954126;10.462541246414185;0.005147776461672038;0.062109375
3186;7.18481814504342;1.0;0.41741422883047474;0.30593200084051664;298.90084828608224;-0.013440535636618733;0.0004950382295646705;10.458741712570191;0.00598116188775748;0.0736328125
3187;6.449241778513783;1.0;0.9357396527521744;0.9626304418382277;89.81455830705409;-0.011234923359006643;0.0011699467373546212;10.460274600982666;0.006459127471316606;0.0822265625
3188;6.689088758371396;1.0;0.689871006469371;0.7421160274165832;318.95882408964997;-0.014546439377591014;0.003246768703684211;10.462495374679566;0.007080135447904467;0.0822265625
3189;5.41576969315979;1.0;0.745248625458029;0.5575824499281052;179.65812952970174;-0.021406990196555852;0.0022786250221543012;10.457144117355346;0.0059379770187661055;0.0783203125
3190;6.607280827262326;1.0;0.7011226043171865;0.7092678048835126;252.01901809611698;-0.005693481676280499;0.0012449468486011028;10.459278059005737;0.007107486599124968;0.0880859375
3191;5.78515945354451;1.0;0.5534497021985831;0.5188537489658148;263.1308605906903;-0.014969747187569738;0.0005887218110729008;10.468320274353028;0.007360817433800548;0.0958984375
3192;5.470588432759234;1.0;0.7180921755963696;0.7512909031910101;305.323698512717;-0.006871887668967247;0.0008055455691646785;10.475306606292724;0.007386274717282504;0.105859375
3193;4.412754916734013;1.0;0.5822375518950277;0.5637845622084405;245.6267958036906;-0.011178091843612492;0.0013148327561793849;10.486813688278199;0.004974478925578296;0.0619140625
3194;5.057103219453499;1.0;0.7164980831112957;0.645550597342885;221.05458330578193;-0.00892145773395896;0.002051917277276516;10.495737457275391;0.0047250741859897975;0.049609375
3195;0.6469833508410268;0.0;0.0;0.0;1067.0541914183516;-0.013759249961003662;0.003891671763267368;10.502915906906129;0.008804341056384146;0.1142578125
3196;3.8904829209157974;1.0;0.2754189292429474;0.20769714891561408;458.24650941575806;-0.006523708160966635;0.0009588680200977251;10.505821180343627;0.007858826185110957;0.10234375
3197;4.611816890539323;1.0;0.4773879552725864;0.38549647994798303;344.0962828743084;-0.00817513228394091;0.0003386896976735443;10.509833478927613;0.005622411996591836;0.0650390625
3198;0.15718961682139035;0.0;0.0;0.0;892.0211096084363;-0.006513344682753086;0.00031824774196138607;10.510026788711547;0.004706989740952849;0.05859375
3199;-3.5142581363165064;1.0;0.3270952379731082;0.24674150507455866;816.4397117808517;-0.009750154288485646;0.0006033012366970069;10.505674505233765;0.007402722199913114;0.09921875
3200;-3.0968119594165886;0.0;0.0;0.0;910.6721978684056;-0.012553938524797558;0.0010971996118314565;10.49941897392273;0.010855210502631963;0.1439453125
3201;-1.551177711281774;0.0;0.0;0.0;900.3222395323531;-0.01883456725627184;0.000997973309131339;10.495386362075806;0.0067363440990448;0.085546875
3202;-0.577427592126702;0.0;0.0;0.0;868.3533112938603;-0.006517093535512686;0.0008457173593342304;10.491469049453736;0.00526648797094822;0.0595703125
3203;-10.889322777174062;0.0;0.0;0.0;1034.5957063869214;-0.017144882236607373;0.0010012121027102693;10.489927291870117;0.008914286457002162;0.126171875
3204;-2.2377074382018542;1.0;0.6309726483508041;0.6120331296712066;229.9473108006614;-0.005785833299160004;0.0017404758429620415;10.489900732040406;0.00762877834495157;0.10859375
3205;-10.851943409631556;0.0;0.0;0.0;1233.195828698612;-0.011140091065317392;0.002371666795806959;10.487177896499634;0.007540766266174614;0.1033203125
3206;5.477199866613969;1.0;0.7324693441497232;0.5456560942105055;173.04803626851637;-0.015293837478384375;0.0013196231884649023;10.482889080047608;0.007907395414076746;0.102734375
3207;7.284454381473015;1.0;0.4974024436143897;0.44001372368556385;206.21078902298515;-0.016640045517124235;0.0019053572439588606;10.481671905517578;0.009553911443799735;0.1369140625
3208;7.4135140892456075;1.0;0.579013434301848;0.5452252346745348;202.91349170820257;-0.012629560357891024;0.0010651565855368972;10.475416231155396;0.006585444463416934;0.0779296875
3209;6.9558254508315915;1.0;0.7286764390831271;0.7557210613806704;265.1772386406561;-0.00992667640093714;0.0007928725011879578;10.470662260055542;0.0033639857545495035;0.038671875
3210;0.3215749638908869;0.0;0.0;0.0;750.5861406227691;-0.01627002852037549;0.00175784474122338;10.46664547920227;0.008267000992782414;0.116796875
3211;7.705971641259754;1.0;0.6192260728853813;0.5906576210499112;196.2688019998247;-0.010711225029081107;0.001670985104283318;10.466695070266724;0.006871352181769907;0.0943359375
3212;-0.2872521850418049;0.0;0.0;0.0;1090.967633116786;-0.008190710539929568;0.002396750933257863;10.468503856658936;0.006760555692017079;0.0865234375
3213;0.8321022377809945;0.0;0.0;0.0;1133.7823143848739;-0.015409541130065919;0.004638433491345495;10.477000188827514;0.00571379114408046;0.06875
3214;6.081746064053225;1.0;0.6097251021652978;0.5541372047709565;181.25563702978155;-0.009287241846323013;0.0006962176092201843;10.483378028869629;0.007657308550551534;0.1046875
3215;-1.4086954178284377;0.0;0.0;0.0;1353.813547078897;0.00157724991440773;0.0007376384863164275;10.485180139541626;0.0041481902706436815;0.0408203125
3216;7.034010210071425;1.0;0.7547909563572872;0.7845123874026781;275.0798630523456;-0.016303337551653384;0.0010311952995834873;10.48149676322937;0.005785513145383447;0.0783203125
3217;7.559334505661631;1.0;0.5684941324900673;0.5158978006659445;200.79646372040233;-0.001631363807246089;0.0007167640040279366;10.483606672286987;0.005864990712143481;0.07578125
3218;5.962254963589408;1.0;0.6910715619591936;0.4882156360082312;340.2668504186224;-0.013795648375526071;0.0017068171611754224;10.48614959716797;0.005189284204971045;0.059375
3219;7.416279509838905;1.0;0.6887480903036226;0.6747296071527917;258.66595964119665;-0.016052285488694907;0.0008147087210090831;10.492161464691161;0.011962423985823988;0.176171875
3220;7.363731620510485;1.0;0.7620806367347301;0.7418721710195559;157.37104799002168;-0.010936764068901539;0.0014325609372463077;10.49915885925293;0.004889163549523801;0.0587890625
3221;-4.735408944977441;0.0;0.0;0.0;1731.5484031849;-0.013879520073533057;0.0054886689176782966;10.503063535690307;0.004934863245580345;0.059375
3222;-0.21618808314163718;0.0;0.0;0.0;1511.4776670333656;-0.00610593929886818;0.0017181842296849937;10.507821846008301;0.005516948259901256;0.059765625
3223;5.208893678566181;1.0;0.4047753904814679;0.34330365474396574;280.3932211092841;-0.0193256382830441;0.0011832041403977201;10.516465520858764;0.009764991793781519;0.1408203125
3224;6.029384463069199;1.0;0.8150411344644996;0.9140508751377164;260.77904832150034;-0.010246405424550176;0.001046724512707442;10.52485466003418;0.005949751462321728;0.0810546875
3225;-2.191623115255185;1.0;0.46206313373745916;0.41519883791131845;571.6264686020859;-0.0031611615791916846;0.00022981064466875978;10.524576759338379;0.005544558947440237;0.075
3226;-8.283545085586866;0.0;0.0;0.0;1262.437250777277;-0.017929079104214908;0.0012247561127878726;10.516600704193115;0.00851512593217194;0.1189453125
3227;-3.3829801059535693;0.0;0.0;0.0;1381.9604032273662;-0.01421007332392037;0.001528446763404645;10.50725507736206;0.0060858593322336675;0.075390625
3228;0.08973771753578735;0.0;0.0;0.0;1014.3108367936745;-0.009426612220704556;0.0012408455659169704;10.505589580535888;0.006811373075470329;0.0880859375
3229;-8.964090291274873;0.0;0.0;0.0;1221.1884533792656;-0.01458995365537703;0.002418300736462697;10.506467914581298;0.005665551160927862;0.0751953125
3230;-25.54650699978648;0.0;0.0;0.0;1119.0874257608605;-0.00040606623515486716;0.002600747998803854;10.511566734313964;0.007217834936454892;0.1037109375
3231;0.19742602648083957;0.0;0.0;0.0;1042.592500059091;-0.018946368247270584;0.001993698626756668;10.517389965057372;0.006523637229111046;0.0810546875
3232;5.269511953208322;1.0;0.7717352638495235;0.7598613076464332;160.59284046549723;-0.01204158617183566;0.0019288606708869338;10.518475770950317;0.005271667614579201;0.065234375
3233;6.070492144474821;1.0;0.7132159566160334;0.68083858258807;180.74466825531448;-0.013859566766768694;0.0008485841011861339;10.520547437667847;0.005031042778864503;0.0619140625
3234;-6.545479481780712;0.0;0.0;0.0;1290.6561868697747;-0.014489108230918646;0.0012808931904146447;10.522788667678833;0.007763460918795317;0.0931640625
3235;6.120609057140056;1.0;0.9520670596332106;1.0133450875611294;94.65807060387024;-0.014174922555685043;0.0016174494347069412;10.527571535110473;0.005851940845604986;0.0736328125
3236;-17.516333951348642;0.0;0.0;0.0;1116.2333818218885;-0.01584278717637062;0.0010080422813189215;10.528485250473022;0.007172988390084356;0.097265625
3237;-2.5143896751976196;0.0;0.0;0.0;891.139940101683;-0.007943384000100195;0.0005814963165903464;10.531452798843384;0.0061746046645566825;0.0869140625
3238;7.758472160189323;1.0;0.6118044558280276;0.612246167260036;189.63556830848904;-0.013167050480842591;0.0004887039176537655;10.534757137298584;0.0057929508970119056;0.0689453125
3239;4.132528338607239;1.0;0.41145718195862263;0.3939117849744396;428.9180892336915;0.005415649199858308;0.0002541414374718443;10.540428256988525;0.004980207746848464;0.0611328125
3240;6.00020166749526;1.0;0.807021123862609;0.6866961389370865;189.52948489453095;-0.009668384213000536;0.00037512850685743614;10.543682098388672;0.004395374120213092;0.045703125
3241;0.9481670968447082;0.0;0.0;0.0;949.6394609495749;-0.007849436532706023;0.0006568869386683219;10.540379571914674;0.004782807652372867;0.0533203125
3242;-22.304756059362763;0.0;0.0;0.0;1034.0348117379822;-0.010865408601239324;0.0007557028176961467;10.533512735366822;0.0063736235606484115;0.0783203125
3243;7.368977452974985;1.0;0.5032526355380859;0.444330055286631;189.31694116599408;-0.009314580261707306;0.0004912146279821173;10.524350118637084;0.007227381027769297;0.0919921875
3244;6.500488853093132;1.0;0.8665657389615219;0.8542262359766076;129.63836407341918;-0.01120980056002736;0.00044435985037125645;10.516381978988647;0.007311714102979749;0.093359375
3245;0.61517339680274;1.0;0.364576482483625;0.2479398501830401;256.0570256923984;-0.010007684677839279;0.001955743139842525;10.516414213180543;0.007816970406565815;0.1021484375
3246;7.591701400759167;1.0;0.6583842724535508;0.6080148687443574;145.40718206903392;-0.003931298584211618;0.001625919167418033;10.522388458251953;0.00566416101064533;0.0625
3247;-5.766968751042748;0.0;0.0;0.0;1250.3308027370656;-0.010119229787960649;0.004289423604495824;10.527546644210815;0.007611007709056139;0.09765625
3248;7.461109355344218;1.0;0.7087066844156065;0.6846077803795364;157.3889036383176;-0.015168354148045182;0.002211061748676002;10.532986116409301;0.009013924235478043;0.1326171875
3249;-0.1799386086185002;0.0;0.0;0.0;488.0891022517578;-0.01406540903262794;0.0017517324711661785;10.535210704803466;0.006006008631084114;0.06875
3250;0.3835466699999279;0.0;0.0;0.0;1157.0069384780086;-0.01572413044050336;0.001891581603558734;10.536998462677001;0.0065171030350029465;0.0955078125
3251;7.601928099608957;1.0;0.5822298788922048;0.5367398587563831;190.3463975879091;-0.005713867070153355;0.05555171670857817;10.537050008773804;0.008611637877766042;0.1177734375
3252;-37.85231880797021;0.0;0.0;0.0;1060.2724902065215;-0.005569221824407578;0.04501980585046113;10.532071113586426;0.0066750091616995634;0.088671875
3253;0.0035072087445880227;0.0;0.0;0.0;867.9403244077514;-0.012290848093107343;0.004042734554968774;10.528204679489136;0.007503025198820979;0.0837890625
3254;-11.014441962924641;0.0;0.0;0.0;1052.5849613655296;-0.013540183845907449;0.0016038231260608882;10.531729745864869;0.00941210831515491;0.1333984375
3255;0.25115227350676;0.0;0.0;0.0;1298.4946589386107;-0.010545921232551336;0.0020711981575004756;10.537836933135987;0.0063944219495169815;0.069921875
3256;7.281451619514515;1.0;0.6833547418352888;0.6910828640640424;227.81923201734253;-0.0023902776185423134;0.0012866518227383494;10.542969703674316;0.007037705206312239;0.0884765625
3257;0.6677231645014599;0.0;0.0;0.0;1023.6490451569625;-0.008816456468775869;0.0017431961605325341;10.546261501312255;0.007956966815982014;0.08828125
3258;4.650943994896473;1.0;0.7769832989796684;0.8237077555677533;226.5305264463956;-0.0005129253026098013;0.0005349032202502712;10.547931909561157;0.005396603979170323;0.069140625
3259;-4.686569657458721;0.0;0.0;0.0;1187.4866581770368;-0.00836554984562099;0.0010730710899224504;10.54814167022705;0.006887764914426953;0.0962890625
3260;6.680417582607654;1.0;0.8385726087606963;0.9177937601654772;139.0690425343144;-0.012444964004680514;0.001537190907401964;10.543097019195557;0.0060784895671531555;0.069140625
3261;5.536133480136154;1.0;0.6545015426007447;0.6558778767405262;223.46426098476522;-0.015413469122722744;0.0012737565935822203;10.537838649749755;0.008682120195589959;0.1203125
3262;-19.29907358532856;0.0;0.0;0.0;1380.6244486674882;-0.011793234152719378;0.0007135714375181123;10.541263389587403;0.008059826062526554;0.11328125
3263;6.0664363579488665;1.0;0.413883186484618;0.3812191105907805;524.086229939672;-0.005102492356672883;0.006203454383648932;10.544622898101807;0.005517891491763294;0.05703125
3264;-0.2966186252731844;0.0;0.0;0.0;869.1778833415555;-0.004801670648157596;0.0007854761686758138;10.547828722000123;0.005197953397873789;0.0654296875
3265;-4.295525742065314;0.0;0.0;0.0;1068.2560530317544;-0.007192122796550393;0.002066357043804601;10.551978349685669;0.007177281903568655;0.09609375
3266;-14.37965886355278;0.0;0.0;0.0;1067.2791799025463;-0.010879901144653559;0.00687035194132477;10.563833522796632;0.007371779216919094;0.1025390625
3267;-13.45095810232179;0.0;0.0;0.0;833.840219159159;0.0029845752054825426;0.009097919263876975;10.570324420928955;0.0033484840183518826;0.037109375
3268;0.6477377679799176;0.0;0.0;0.0;847.6164076146778;-0.00914001171477139;0.01128737989347428;10.57824420928955;0.009594015835318714;0.1376953125
3269;-0.03633274618537856;0.0;0.0;0.0;849.887545377614;-0.01467887491453439;0.006809321604669094;10.583387613296509;0.012898488214705139;0.1896484375
3270;0.040078515042198476;0.0;0.0;0.0;806.9330853123389;-0.0070875047240406275;0.007413486856967211;10.576830577850341;0.004475704010110349;0.052734375
3271;-0.23852988885330706;0.0;0.0;0.0;986.3744518498063;-0.011143030948005617;0.0074751609936356544;10.571394681930542;0.012191787920892238;0.163671875
3272;0.21214247145357787;0.0;0.0;0.0;807.6492867927782;-0.021181456069462;0.014211484557017684;10.570637702941895;0.010955587169155479;0.14921875
3273;-0.13032121290785073;0.0;0.0;0.0;1194.2867866117176;-0.008656022511422634;0.007973863510414958;10.566927814483643;0.008574787073303013;0.12109375
3274;-18.154209375510586;0.0;0.0;0.0;1098.8466895746885;0.0016220942139625548;0.01204064702615142;10.565220737457276;0.008414955134503544;0.1126953125
3275;-8.067073553152026;0.0;0.0;0.0;987.8476228406857;-0.0070033695083111525;0.008774625579826533;10.565956544876098;0.011816727882251143;0.1732421875
3276;-3.2620942273921933;0.0;0.0;0.0;894.2010850235094;-0.009767034114338458;0.0051550131174735725;10.56785626411438;0.007515380182303489;0.1091796875
3277;0.3029177365221519;0.0;0.0;0.0;1249.1247413174817;-0.009487699065357447;0.006638531410135329;10.569502878189088;0.006200591719243675;0.08671875
3278;-13.957729301323452;0.0;0.0;0.0;1156.1382805817084;-0.011671953939367086;0.003919899836182595;10.562276077270507;0.005703379947226495;0.0720703125
3279;0.2896878908743391;0.0;0.0;0.0;1174.7599616298514;-0.01978566702455282;0.005087744910269976;10.560374546051026;0.007405545457731933;0.1033203125
3280;1.2250151663990334;0.0;0.0;0.0;997.2310961960172;-0.007265318557620049;0.002043205962399952;10.56580491065979;0.009153619909193366;0.135546875
3281;0.13173712974850044;0.0;0.0;0.0;1060.7365558812628;-0.01457863412797451;0.0010301073110895232;10.566289043426513;0.00908573935739696;0.1341796875
3282;-20.703544385506103;0.0;0.0;0.0;1626.9920480808717;-0.014548371639102697;0.0020692729216534645;10.566941499710083;0.009813597868196666;0.1232421875
3283;-13.398987405917174;0.0;0.0;0.0;1533.024624356313;-0.010068322904407978;0.0015303975087590516;10.56368293762207;0.008946795423980802;0.1123046875
3284;-0.07105757588200384;0.0;0.0;0.0;897.8662447274007;-0.01495564510114491;0.05372742975596338;10.563707971572876;0.006672352715395391;0.084765625
3285;0.24975632690938146;0.0;0.0;0.0;1026.4036243028106;-0.009013271820731462;0.0039738925755955275;10.564402770996093;0.007871007302310318;0.098828125
3286;-4.928518058517587;0.0;0.0;0.0;1022.3677736787143;-0.02307413569651544;0.0031689672265201806;10.569953060150146;0.010724165057763458;0.141796875
3287;-8.519108360350197;0.0;0.0;0.0;1224.0522470341427;-0.011294128838926554;0.002037321374518797;10.569171714782716;0.007865787739865482;0.101171875
3288;-9.654653165720376;0.0;0.0;0.0;875.5659708429745;-0.013347114622592925;0.002580918098101392;10.565829515457153;0.0059421808458864685;0.076953125
3289;-6.354609065181485;0.0;0.0;0.0;1589.1920753248778;-0.01336886715143919;0.002156658103922382;10.564465808868409;0.007566110556945204;0.0962890625
3290;-1.673482957151071;0.0;0.0;0.0;1060.9262426252121;-0.009315808210521937;0.0022183193417731673;10.562251996994018;0.007037843286525458;0.0826171875
3291;0.4151668384296445;0.0;0.0;0.0;1135.7985903739484;-0.020807876624166964;0.006445140915457159;10.564133405685425;0.006820695521309972;0.0857421875
3292;-0.0013494321485927616;0.0;0.0;0.0;1437.994214591855;-0.015827377699315547;0.0016873583430424333;10.567625999450684;0.007606164854951203;0.1080078125
3293;1.1412806965789142;0.0;0.0;0.0;1153.204344016365;-0.013227819325402379;0.0014997953257989138;10.5663818359375;0.005185146385338157;0.0599609375
3294;-3.845340753159176;0.0;0.0;0.0;1297.221142034052;-0.013590274192392827;0.04967656855005771;10.564597034454346;0.009110785264056176;0.12578125
3295;0.7457334853700911;0.0;0.0;0.0;1296.4131021257435;-0.012586497701704502;0.0034354957984760403;10.568873596191406;0.010676889750175177;0.1603515625
3296;-7.623351940724068;0.0;0.0;0.0;1200.1271827510238;-0.011696661403402687;0.0032919805380515754;10.578893947601319;0.009848286758642643;0.1244140625
3297;-9.808549291838698;0.0;0.0;0.0;982.3425273878638;-0.019857878028415144;0.0020285642123781143;10.582224893569947;0.008105156105011701;0.112109375
3298;0.4250448977268981;0.0;0.0;0.0;1100.805537928719;-0.018997806403785945;0.04758458635769784;10.58113498687744;0.00315685955574736;0.0310546875
3299;-3.7869797781536616;0.0;0.0;0.0;1630.5346146785434;-0.010774258151650428;0.018454118678346277;10.58314290046692;0.006399068189784885;0.0697265625
3300;-12.479538501632332;0.0;0.0;0.0;1504.880096675706;-0.01773580415174365;0.006475323752965778;10.586790800094604;0.00650399891892448;0.078515625
3301;0.9384035185932295;0.0;0.0;0.0;1142.0294335528167;-0.012922900542616845;0.003049767023185268;10.585434770584106;0.00699407362844795;0.0912109375
3302;0.6100431729346585;0.0;0.0;0.0;1210.6952619193523;-0.007931216340512037;0.0031807222461793573;10.586940002441406;0.0063504597987048324;0.0919921875
3303;0.2741626230826158;0.0;0.0;0.0;288.2893071414334;-0.01628093272447586;0.001860355568351224;10.590056848526;0.011873231921344995;0.178125
3304;-0.057089668586830115;0.0;0.0;0.0;1244.124310242719;-0.013545824866741895;0.004290582158137113;10.585999536514283;0.007372232677880675;0.091015625
3305;-4.912371000344363;0.0;0.0;0.0;1305.3419766792938;-0.010218747053295374;0.004679599474184215;10.584011316299438;0.007371814653743059;0.0912109375
3306;-0.32821998764087884;0.0;0.0;0.0;1487.0781243034783;-0.01629153317771852;0.001945913495728746;10.585679531097412;0.006781734770629555;0.085546875
3307;-16.056202524653404;0.0;0.0;0.0;1286.561035692535;-0.01231505828909576;0.0041413874481804665;10.588610458374024;0.00478869213256985;0.05
3308;0.942895486269866;0.0;0.0;0.0;837.9536987989368;-0.014701536507345736;0.006662390998098999;10.596367883682252;0.003712727688252926;0.0365234375
3309;-6.002371330053182;0.0;0.0;0.0;1080.009462363844;-0.00508279176428914;0.007893534074537457;10.60050892829895;0.004894750833045691;0.0533203125
3310;-0.6715312734839415;0.0;0.0;0.0;1611.4670480917484;-0.01176742184907198;0.0021841026085894556;10.603006601333618;0.005986147350631655;0.0712890625
3311;0.1024972023419154;0.0;0.0;0.0;932.6325560561434;-0.014266496757045388;0.0036209352198056876;10.605939245223999;0.007962583180051297;0.108203125
3312;-1.4702075898542242;0.0;0.0;0.0;1197.595897203325;-0.015995535673573612;0.0023285668110474946;10.606950283050537;0.007339490670710802;0.1
3313;-3.437351380080233;0.0;0.0;0.0;1000.1477823866173;-0.008959899377077817;0.0009747653530212119;10.603193712234496;0.007263135933317244;0.101953125
3314;0.2355496105432334;0.0;0.0;0.0;1061.746044271336;-0.012234806339256466;0.0016322642652085051;10.600029468536377;0.004857826756779105;0.0546875
3315;0.3314638635427085;0.0;0.0;0.0;1043.8076789159572;-0.017080740677192806;0.007311136368662119;10.594450092315673;0.00635259470436722;0.0779296875
3316;-8.16138324873059;0.0;0.0;0.0;1638.3428014239378;-0.014239558693952858;0.0012123262917157263;10.594305515289307;0.008207989460788667;0.115625
3317;-0.13809527227255838;0.0;0.0;0.0;1451.78798270102;-0.007947511249221861;0.001381432666676119;10.59526948928833;0.008766456483863294;0.1044921875
3318;-5.200673338754873;0.0;0.0;0.0;1519.034501516051;-0.012914591282606126;0.0012647189461858944;10.598520946502685;0.007769512094091624;0.0953125
3319;-0.12859475983219468;0.0;0.0;0.0;1054.0458985017804;-0.01735255632083863;0.001727207680232823;10.595552206039429;0.008382496435660868;0.1205078125
3320;1.0929545939350422;0.0;0.0;0.0;928.3752273961057;-0.01794334389269352;0.0032050213951151816;10.596129894256592;0.005653568007983267;0.0638671875
3321;0.6041463282062958;0.0;0.0;0.0;1040.0418977402132;-0.01247144229710102;0.0016969439224340022;10.601185941696167;0.011181824246887118;0.140234375
3322;-1.0371629215901355;0.0;0.0;0.0;1535.9129695346248;-0.01255732886493206;0.0008555672306101769;10.599942922592163;0.009025664441287518;0.135546875
3323;-0.0069566244233489755;0.0;0.0;0.0;1265.5619298761478;-0.012330819526687265;0.0020455205522011966;10.594973230361939;0.0076945538632571696;0.09140625
3324;-0.1899946885149936;0.0;0.0;0.0;1098.7690456544458;-0.019526988035067916;0.0008867291558999568;10.600084114074708;0.008388483722228557;0.1197265625
3325;-0.13645057058619156;0.0;0.0;0.0;1158.3398228348278;-0.009568324685096741;0.0024620508425869047;10.60389986038208;0.0054548913496546446;0.07578125
3326;-5.8584802849558795;0.0;0.0;0.0;1788.9653993156792;-0.011396674299612641;0.0015071894944412635;10.598440313339234;0.006422399252187461;0.07265625
3327;1.1152250894662443;0.0;0.0;0.0;931.1420728548892;-0.00909699210897088;0.0016793386253993957;10.596391725540162;0.007769840757828206;0.1009765625
3328;-0.0870890629749703;0.0;0.0;0.0;1065.6155643106317;-0.01691411160863936;0.0015734416258055717;10.596511936187744;0.00748378507560119;0.087109375
3329;-1.1222091345272514;0.0;0.0;0.0;1811.1867986307022;-0.014551342371851206;0.0018793650611769407;10.600984001159668;0.00581773187732324;0.0759765625
3330;0.5492504544072886;0.0;0.0;0.0;1138.5740849990325;-0.011311181518249214;0.0011424063675804063;10.600383520126343;0.004340167564805597;0.055859375
3331;-0.13854547717965415;0.0;0.0;0.0;1239.4847825164725;-0.012171389348804951;0.0016636356653179974;10.605025386810302;0.005525109323207289;0.0728515625
3332;-2.342409929393353;0.0;0.0;0.0;1652.000062505481;-0.0011966317426413298;0.001211005263030529;10.605645751953125;0.00893245149636641;0.139453125
3333;-5.376140900800752;0.0;0.0;0.0;945.6048506739899;-0.007217992469668389;0.0017442814132664353;10.601032638549805;0.007892429223284125;0.113671875
3334;-3.269129043653941;0.0;0.0;0.0;798.5071438705662;-0.011138227279298007;0.0015868886024691165;10.595632314682007;0.006802470260299742;0.0873046875
3335;0.24849972209985033;0.0;0.0;0.0;1057.2850328903817;-0.0007111046463251114;0.06810865290462971;10.594397115707398;0.011203389696311206;0.1517578125
3336;2.422525291204919;1.0;0.3614177984484156;0.3077042459321812;287.8718614842223;-0.008268357766792179;0.050106689473614095;10.594058799743653;0.005467878119088709;0.0626953125
3337;-0.16707910083259345;0.0;0.0;0.0;1286.1664764790114;-0.014281267020851373;0.0018286252452526242;10.597919273376466;0.003837965615093708;0.0376953125
3338;1.0204303501390173;0.0;0.0;0.0;1121.6080644184665;-0.00530273481272161;0.00554337069625035;10.60101056098938;0.010604812705423683;0.1587890625
3339;-9.43974748419492;0.0;0.0;0.0;763.372539898696;-0.009539003204554319;0.005976050556637347;10.606013011932372;0.010600029747001827;0.1572265625
3340;5.256317258958822;1.0;0.7630777478934907;0.706333404299603;240.121489994948;-0.006697368994355202;0.006788986804895103;10.610531616210938;0.006258294789586216;0.089453125
3341;0.019977587053033923;0.0;0.0;0.0;1087.2121257183915;-0.013408324029296637;0.0033789298147894444;10.6109947681427;0.008696079743094743;0.12109375
3342;4.263438618274558;1.0;0.47981936640179024;0.34955488405613916;413.5771473074444;-0.01619104773271829;0.004136109887622297;10.611928510665894;0.009276678087189794;0.137890625
3343;-4.287682159729402;0.0;0.0;0.0;1087.9994400636358;-0.015507039846852422;0.002278681186726317;10.613365030288696;0.0054524113307707015;0.069140625
3344;0.41626236162739894;0.0;0.0;0.0;1221.6239423222537;-0.01852769129909575;0.0014320427260827273;10.6204345703125;0.010026073537301273;0.119921875
3345;-22.899237361673958;0.0;0.0;0.0;875.8883768520124;-0.013646446587517857;0.05671214065514505;10.623168468475342;0.0042941476800479;0.0458984375
3346;-3.42814223874427;0.0;0.0;0.0;1169.4308797833721;-0.003714387468062341;0.003931531647685916;10.617408752441406;0.003282668080646545;0.031640625
3347;-4.257092210003955;0.0;0.0;0.0;951.8274807711595;-0.009769508987665177;0.0026236969919409604;10.617861795425416;0.008175572450272738;0.1109375
3348;-6.665477948760273;0.0;0.0;0.0;1422.243845518827;-0.008440786879509688;0.0015609478519763797;10.620346164703369;0.008447299315594136;0.1115234375
3349;-7.493755610906181;0.0;0.0;0.0;755.171935467945;-0.015093999030068517;0.0023285933886654673;10.625535917282104;0.00833020913414657;0.1015625
3350;-0.32541556454418424;0.0;0.0;0.0;1136.493183942424;-0.010986588464584201;0.002565225015860051;10.62572340965271;0.006901572644710541;0.0890625
3351;-0.6564837441353755;0.0;0.0;0.0;1480.3262322987905;-0.007643103785812855;0.002376422262750566;10.62664532661438;0.006300137797370553;0.0744140625
3352;1.3791944873527786;0.0;0.0;0.0;918.2789973283761;-0.01638760094065219;0.0021032048156484962;10.629664373397826;0.00974847482284531;0.10625
3353;-0.6296083330912873;0.0;0.0;0.0;1474.427949129523;-0.010119580198079348;0.0014113142446149141;10.637144660949707;0.009204354719258845;0.129296875
3354;-4.8889313095961295;0.0;0.0;0.0;973.9246400999175;-0.008395092329010367;0.0020573802874423565;10.642912817001342;0.006108503858558834;0.07734375
3355;-8.060534284233228;0.0;0.0;0.0;946.1953249211394;-0.011726972740143537;0.05741779124364257;10.642193794250488;0.0034555593389086424;0.0365234375
3356;0.9489643794978927;0.0;0.0;0.0;919.0781360599873;-0.015182806563097983;0.008432327932678164;10.635540390014649;0.009418819868005811;0.117578125
3357;-3.1172274491113336;0.0;0.0;0.0;1002.6018797563648;-0.016101144510321318;0.035458121355623005;10.632155656814575;0.010562370077241211;0.14296875
3358;-6.384076293271421;0.0;0.0;0.0;1077.977284722568;-0.007999478094279765;0.009192281891591847;10.636357736587524;0.007371443964075297;0.109375
3359;-11.06247788274385;0.0;0.0;0.0;1389.1546191608868;-0.004667336400598287;0.00796816572546959;10.64137043952942;0.013763120432849973;0.2015625
3360;0.22429634130950923;0.0;0.0;0.0;1566.8882835955958;-0.015593745792284609;0.009969095280393959;10.643484401702882;0.015562330384273081;0.218359375
3361;0.446898769499838;0.0;0.0;0.0;1258.7401062966965;-0.015725824562832714;0.0072729880921542645;10.646741485595703;0.011302878684364259;0.1671875
3362;-4.403633651653384;0.0;0.0;0.0;1486.6987736915848;-0.008122354885563255;0.05336212986148894;10.648725557327271;0.00886266699526459;0.12734375
3363;0.17513395428607187;0.0;0.0;0.0;1358.8224380003253;-0.005601543886587024;0.014664089772850275;10.65002794265747;0.006793820636812597;0.08828125
3364;1.4354830172524498;1.0;0.3424551605958126;0.22538867199434365;324.6651729192855;-0.01881217723712325;0.00902619541157037;10.65792498588562;0.008504894142970443;0.098828125
3365;0.9278553786909698;0.0;0.0;0.0;876.0973108480339;-0.014627489447593688;0.008706402638927102;10.662782382965087;0.00721887374529615;0.1001953125
3366;0.30919259427141604;0.0;0.0;0.0;1069.211524756073;-0.014022262091748417;0.05082369786687195;10.661755084991455;0.007123317674268037;0.0921875
3367;0.15625961962251728;0.0;0.0;0.0;553.6315426624283;-0.013200568128377199;0.0034467359306290745;10.660633659362793;0.006968580302782357;0.090625
3368;-11.85644698024326;0.0;0.0;0.0;495.42862218844425;-0.009552860260009765;0.0017419614479877055;10.668641805648804;0.007104149472434073;0.0916015625
3369;-0.04718270543775099;0.0;0.0;0.0;1277.816276752776;-0.013587507093325258;0.001756339386338368;10.676742792129517;0.0073653103318065405;0.09296875
3370;5.658440688365111;1.0;0.348764148790867;0.17864579423691374;302.96671756434876;-0.008393123932182788;0.002842714649159461;10.674591493606567;0.0070447657024487855;0.0916015625
3371;-6.348841566927022;1.0;0.20567191991427217;0.1514290792221973;1082.2907831601306;-0.02629245657008141;0.002302977634826675;10.677966260910035;0.007069583819247782;0.08671875
3372;-0.02542429635848723;0.0;0.0;0.0;710.2125779294395;-0.010522818518802523;0.0031536574708297847;10.685888719558715;0.0051047594752162695;0.0650390625
3373;-0.6289483096991689;0.0;0.0;0.0;1390.145324042495;-0.010436322959139942;0.012296378402970732;10.696112489700317;0.009179524227511138;0.1220703125
3374;-4.102066642295261;1.0;0.3508562962478467;0.23333899415563875;557.5765000600461;-0.013304130802862347;0.016551059018820525;10.705267667770386;0.007583701016847045;0.0978515625
3375;4.845169763690646;1.0;0.7335619856780271;0.6699568618088765;276.0541926422292;-0.007799547864124179;0.00610383537132293;10.715959978103637;0.005480576574336737;0.0630859375
3376;7.077176627016998;1.0;0.5684913962674086;0.5010756938507105;303.66323190560695;-0.01569187268614769;0.0024518045654986055;10.720555591583253;0.00761651034699753;0.1013671875
3377;-0.28453459933533376;0.0;0.0;0.0;916.5361794158915;-0.0194979527965188;0.004665751848369837;10.722947692871093;0.005816300376318395;0.0748046875
3378;5.0926694953272325;1.0;0.7834612188728558;0.6996059544597554;252.3251243860841;-0.014515634987037628;0.0023621911357622595;10.728139305114746;0.005194821651093662;0.0572265625
3379;6.079875134711078;1.0;0.8631754861621681;0.5856275049195685;100.90198903306727;-0.0006368841975927352;0.0021179352654144166;10.72433295249939;0.0077051132218912246;0.112109375
3380;0.720394356723308;0.0;0.0;0.0;1152.7640690142618;-0.01698685040464625;0.0028162076137959956;10.718683195114135;0.007562447572126985;0.10703125
3381;-0.5249616395678713;0.0;0.0;0.0;1257.9619804385957;-0.007726318016648292;0.0036031425115652382;10.71830973625183;0.007551267452072352;0.1099609375
3382;5.488647712678105;1.0;0.6742948659371957;0.6123854066322741;346.64226594816125;-0.008702016761526465;0.00572909367037937;10.712956380844116;0.007145802152808756;0.10546875
3383;-0.5142061318040301;0.0;0.0;0.0;1399.8123986107776;-0.011745392205193638;0.003600507485680282;10.71216082572937;0.007000563910696656;0.0845703125
3384;6.094849615684559;1.0;0.39531462453926614;0.24119567279810775;285.99292706127716;-0.011418908275663853;0.003074025677051395;10.708805036544799;0.009224670426920056;0.1306640625
3385;7.330728394177596;1.0;0.672057286654352;0.5612516106428588;305.6710368379076;-0.01084341473178938;0.003463333775289357;10.703441524505616;0.008706052997149527;0.1125
3386;0.4202586012029044;0.0;0.0;0.0;725.0778084037182;-0.0069703152403235435;0.0026225275767501445;10.698695182800293;0.008229478320572525;0.115234375
3387;0.7176719795736937;0.0;0.0;0.0;636.1769640256938;-0.011292171222157777;0.004134930367581546;10.70003800392151;0.008283047145232559;0.1029296875
3388;6.053418550385471;1.0;0.893568012954628;0.686440475548658;129.86270915463103;-0.010162491910159588;0.004726376640610397;10.702890110015868;0.007531121140345931;0.100390625
3389;-3.1862564204022767;0.0;0.0;0.0;477.4564596880179;-0.007573867589235306;0.007299334462732077;10.711426591873169;0.005800058762542903;0.076171875
3390;-13.093582694548202;0.0;0.0;0.0;391.78726890643975;-0.007099190447479487;0.00805830464232713;10.715392255783081;0.007791067566722631;0.10859375
3391;-0.49321744236781934;0.0;0.0;0.0;94.49339106700302;-0.010306555777788162;0.011729858443140983;10.713909387588501;0.005819359759334475;0.070703125
3392;-2.386701126469214;0.0;0.0;0.0;773.0620020773034;-0.009886851068586111;0.010033195232972502;10.713428449630737;0.007177391275763512;0.09453125
3393;7.280652227080125;1.0;0.6851005502175097;0.6254655431239671;263.796427199763;-0.006962488684803247;0.0057984771439805625;10.715769338607789;0.006210351653862745;0.08515625
3394;3.862480229297749;1.0;0.7056745346366974;0.5383624645928293;148.60842672553315;-0.004595315875485539;0.008968524751253426;10.71707797050476;0.00695378496311605;0.09453125
3395;-6.331163960007991;0.0;0.0;0.0;602.7308943265544;-0.003059844300150871;0.08552568666636944;10.713336563110351;0.007404838094953447;0.095703125
3396;-6.740480565693734;0.0;0.0;0.0;828.1697025616991;-0.007581199496053159;0.008638123725540936;10.708126544952393;0.007603382284287363;0.1033203125
3397;-0.9570620972351984;0.0;0.0;0.0;1363.8106194772845;-0.01992032742127776;0.007385773491114378;10.701863670349121;0.006375347811263055;0.0857421875
3398;0.6518884713801876;0.0;0.0;0.0;511.4048250773932;-0.010528512322343886;0.006045623123645783;10.700768518447877;0.008032523561269045;0.1103515625
3399;5.899517452849552;1.0;0.8709888051720018;0.35587799908084716;79.71320359025444;-0.005988373700529337;0.06414726534858346;10.698856973648072;0.006532484688796103;0.088671875
3400;-0.40393549873393914;0.0;0.0;0.0;549.0565780119642;-0.0035238089505583046;0.0028052763314917683;10.696626138687133;0.0070140144671313465;0.08671875
3401;-0.7346398422474647;1.0;0.582082114045581;0.39528493128828374;374.54637733052294;-0.011044970341026783;0.0014202729769749566;10.694133853912353;0.008808944944757969;0.1328125
3402;-0.3184252080857179;0.0;0.0;0.0;374.2176827725837;-0.017722770292311906;0.002231027709785849;10.693352890014648;0.005550989997573197;0.07421875
3403;0.8468618938094667;0.0;0.0;0.0;333.1691686008266;-0.017041508993133902;0.014723644265905023;10.700758981704713;0.005343731225002557;0.05703125
3404;-0.18998675106525506;0.0;0.0;0.0;941.6380705666338;-0.005242776381783188;0.003290210192790255;10.704181337356568;0.008689619437791406;0.1236328125
3405;-3.397031345455803;0.0;0.0;0.0;442.88952272049096;-0.005653163883835077;0.002481207635719329;10.711339378356934;0.00712076376657933;0.1015625
3406;-1.9357115169149182;0.0;0.0;0.0;330.25808818607265;-0.007685250835493207;0.007039010687731206;10.715916347503661;0.007628206082154065;0.10859375
3407;2.603558459118794;1.0;0.8171747665305401;0.8172530249460709;214.02447799404555;-0.007813947647809983;0.009873215504921973;10.714441347122193;0.00792551770573482;0.1046875
3408;-7.6979107531027315;0.0;0.0;0.0;517.7013182341714;-0.007545826071873307;0.008060304285027086;10.71997504234314;0.007128732465207577;0.1064453125
3409;6.097338387635714;1.0;0.681518312412998;0.5608604908340084;224.17561942627887;-0.0078042563516646625;0.00479145732242614;10.725674724578857;0.0072037479374557735;0.1017578125
3410;0.27195403502891463;0.0;0.0;0.0;226.05430036206496;-0.01094954633153975;0.007330269110389054;10.72387137413025;0.009603727678768336;0.1306640625
3411;-6.828913236314021;0.0;0.0;0.0;398.1221139699033;-0.007012390135787428;0.00642607503104955;10.720610904693604;0.007933023141231389;0.1216796875
3412;-2.29927246647123;0.0;0.0;0.0;457.2602918603393;-0.015056576579809189;0.0024040443764533847;10.718131256103515;0.009217876300681382;0.1265625
3413;7.187759737872;1.0;0.5200156150275969;0.4659232959832231;289.12783257532215;-0.017361435876227915;0.06111629288643598;10.716404819488526;0.003962461173068732;0.04140625
3414;-0.48239890022786924;0.0;0.0;0.0;376.51839168494257;-0.017363995872437955;0.002908243390265852;10.709848499298095;0.006259803660213947;0.0701171875
3415;6.480190380601416;1.0;0.8314090073488462;0.7666920753236762;162.08225983932294;-0.014651516219601035;0.0028944188146851958;10.708048057556152;0.005568185413721949;0.0685546875
3416;5.1988820436653995;1.0;0.5598933073169495;0.13866490883084998;235.73816216904737;-0.013437830610200763;0.005395123804919422;10.710717821121216;0.0048664010828360915;0.052734375
3417;6.556713512584457;1.0;0.9843253798681381;0.9512242674134074;64.04452335133102;-0.020380240702070295;0.0026873088791035116;10.719397592544556;0.008020151045639069;0.09453125
3418;5.9262401074524895;1.0;0.5699856399224785;0.1675319445203652;196.37986640368632;-0.015052490751259029;0.02124771918170154;10.722674655914307;0.007087574794422835;0.0951171875
3419;0.005725369850619175;0.0;0.0;0.0;203.2319476447268;-0.01582090980373323;0.007084327866323292;10.720060014724732;0.006136179494205862;0.0810546875
3420;6.351276530523682;1.0;0.8360548887760496;0.7794127754345793;201.3272096595255;-0.004194674035534263;0.020704733766615392;10.719389533996582;0.007157151761930436;0.0828125
3421;0.8550173857646182;0.0;0.0;0.0;345.4359240151825;-0.007770219258964062;0.022003529034554957;10.722096967697144;0.007399955880828202;0.1078125
3422;-5.70589284399393;0.0;0.0;0.0;103.49688621130281;-0.008649603603407741;0.007545371819287538;10.725349521636963;0.007324762141797692;0.1005859375
3423;7.314572923707875;1.0;0.6835389436626363;0.5795803357218794;281.7965089361165;-0.0075332908891141415;0.004647469474002719;10.726705551147461;0.007494466449134052;0.0958984375
3424;-0.4674718787710748;0.0;0.0;0.0;615.6759810194937;-0.015333084180019796;0.005636378086637706;10.724458026885987;0.007821505563333631;0.10625
3425;-0.16551428501107915;0.0;0.0;0.0;259.61649696649795;-0.008796979277394711;0.0033790531801059843;10.71851487159729;0.007699772121850401;0.1134765625
3426;-3.6048714350111246;0.0;0.0;0.0;134.07267444887484;-0.014985668752342463;0.0018717473896685988;10.71517539024353;0.0062451664474792775;0.0763671875
3427;-1.0293979844102232;0.0;0.0;0.0;527.1458557829636;-0.011244992958381772;0.0037956236745230855;10.713107824325562;0.007410400209482759;0.0802734375
3428;-1.1879265944839215;0.0;0.0;0.0;96.7743101339864;-0.003890592884272337;0.0006253862171433866;10.715728855133056;0.0071819687727838755;0.0888671875
3429;7.445755911307804;1.0;0.6288523852367823;0.5094089911147611;197.3101200309147;-0.018136146804317833;0.0006681998871499673;10.71680245399475;0.007510857447050512;0.1001953125
3430;6.296253655571882;1.0;0.6301710541643141;0.4652306059787722;262.131698174588;-0.014997788099572062;0.0033091483288444578;10.717698001861573;0.008749237551819533;0.128125
3431;6.931411983095129;1.0;0.8008583650847597;0.7309709047381029;175.4885386035364;-0.015687803621403873;0.02697710122447461;10.723368215560914;0.004756658326368779;0.053515625
3432;-4.288247151469269;1.0;0.5434378543001201;0.3490913168287638;493.60120562460617;-0.021034724405035378;0.0042970813112333415;10.727204132080079;0.007121904799714684;0.096484375
3433;-0.6039046357014696;0.0;0.0;0.0;641.383663638065;-0.00943342801183462;0.002355397486826405;10.729153203964234;0.0053594864089973274;0.0705078125
3434;-0.827963492666185;0.0;0.0;0.0;922.9715773581851;-0.010292098252102732;0.002988892630673945;10.732005834579468;0.006835364445578307;0.091015625
3435;-4.805318888156238;0.0;0.0;0.0;1162.5509989986547;-0.015029995562508702;0.006913551036268473;10.734884977340698;0.006105211295653135;0.07109375
3436;-11.978838799611019;0.0;0.0;0.0;518.9800351561739;-0.01178250703960657;0.004720424104016274;10.74811487197876;0.006592928653117269;0.088671875
3437;-2.6618467249611735;0.0;0.0;0.0;142.08444135325243;-0.01542415926232934;0.0030036891577765344;10.755364465713502;0.0072545529692433774;0.083203125
3438;6.521295983799671;1.0;0.6712010175259325;0.5863255352319098;324.3768997949019;-0.00954244784079492;0.005835448973812163;10.757209968566894;0.006102850835304707;0.084765625
3439;0.4401248217846263;0.0;0.0;0.0;982.2396080325875;-0.017612177459523082;0.0031331045902334154;10.756328105926514;0.008134103391785174;0.1064453125
3440;-0.6821571367244403;0.0;0.0;0.0;1379.5784153387738;-0.012533699464984237;0.006791339395567775;10.75620150566101;0.0065604464733041825;0.078125
3441;0.5343246453475867;0.0;0.0;0.0;514.4783565137282;-0.018134464020840825;0.0056804022518917915;10.757927703857423;0.006443330517504365;0.0787109375
3442;6.3175888727057306;1.0;0.5281232139217794;0.41537026301151364;431.53595466085505;-0.009678229177370667;0.0037664096686057746;10.760473155975342;0.007536806748248637;0.0935546875
3443;-0.3885701412894296;0.0;0.0;0.0;699.4269564768709;-0.016052506770938633;0.004620085342321545;10.765878009796143;0.005351988575421273;0.0697265625
3444;6.743145058671352;1.0;0.7711054636065088;0.6844190431143823;302.1143540707401;-0.006577573716640472;0.0035711441189050673;10.770176458358765;0.0060930277104489505;0.079296875
3445;-0.07309965353577105;0.0;0.0;0.0;217.49244877695816;-0.017117416579276325;0.004826779314316809;10.773979330062867;0.007782650901935995;0.111328125
3446;0.6394605922086459;0.0;0.0;0.0;908.8176451295749;-0.007995016407221556;0.007186175789684057;10.775539541244507;0.007551870029419661;0.100390625
3447;4.079689786296105;1.0;0.7888265591223707;0.7790594642204992;238.4593102764203;-0.011316347680985928;0.0035349877085536718;10.774146032333373;0.006087254814337939;0.0779296875
3448;7.187963758662917;1.0;0.5708787462962424;0.49134402058971166;264.25271232952497;-0.010636822925880552;0.003809408424422145;10.778206634521485;0.007827851339243352;0.103125
3449;-0.7337188245657691;0.0;0.0;0.0;1082.7180133397449;-0.011179284425452352;0.0027315826271660628;10.780309152603149;0.00732876566471532;0.09765625
3450;6.978753105953015;1.0;0.8222272543296043;0.7090369135236995;121.87749054738707;-0.009611963899806142;0.003149759769439697;10.779697275161743;0.007027582766022533;0.0958984375
3451;-0.6568931288734453;0.0;0.0;0.0;851.6968786556721;-0.01633248906582594;0.0038102342979982494;10.772986268997192;0.0060769481002353135;0.07890625
3452;6.277431288481711;1.0;0.8540122170457055;0.7324287935566088;119.51242269413426;-0.0035962816327810287;0.0026810393785126506;10.762353038787841;0.006894976529292762;0.1013671875
3453;7.074868624430564;1.0;0.6487012937973259;0.5100082024638641;155.36076253905551;-0.005859985738061369;0.0026063097000587733;10.75160117149353;0.004822542599868029;0.057421875
3454;-3.4011262261601147;0.0;0.0;0.0;622.8690678105473;-0.014140132442116737;0.007647700724191964;10.742975807189941;0.006849310570396483;0.0921875
3455;-1.6177001949511636;0.0;0.0;0.0;81.78310658749879;-0.008902355004101992;0.0031872710096649826;10.741835737228394;0.005846712714992463;0.0630859375
3456;0.705520174834998;0.0;0.0;0.0;972.8194021869908;-0.010259163845330477;0.0014243548677768559;10.746186208724975;0.006831692822743207;0.0986328125
3457;-1.7473940952016496;0.0;0.0;0.0;1181.9826240856403;-0.020292177470400928;0.0015026662731543183;10.750248241424561;0.009098113549407571;0.130078125
3458;-0.6058699845822471;0.0;0.0;0.0;1332.5870340995095;-0.008438035799190401;0.01646264810115099;10.754322004318237;0.00849257204681635;0.1037109375
3459;3.6165872635806697;1.0;0.28325116951611096;0.17254267730821937;514.0159067861832;-0.012549193203449249;0.004212043574079871;10.76324429512024;0.005828808108344674;0.07421875
3460;6.8189223779930455;1.0;0.8062318264490973;0.852078611184987;139.1551409702677;-0.01398704038001597;0.002905480994377285;10.764517688751221;0.005459592468105257;0.0755859375
3461;6.66452239617415;1.0;0.9134938340867444;0.7221241755173152;139.2660441548673;-0.009591443510726095;0.003061713237548247;10.760669279098511;0.0043657557456754145;0.0474609375
3462;5.963104542349834;1.0;0.683901311191224;0.5011860160168957;338.53689276574823;-0.023289344320073724;0.007275710173416883;10.758448600769043;0.006715264124795795;0.0912109375
3463;-0.3207713284675882;0.0;0.0;0.0;1141.425293175689;-0.005031557660549879;0.004921010800171643;10.764176893234254;0.00522704659961164;0.0689453125
3464;-0.0829994754056035;0.0;0.0;0.0;1338.436830042371;-0.007449173647910356;0.005912421434186399;10.769784450531006;0.007443406339734793;0.0833984375
3465;0.05434872765420841;0.0;0.0;0.0;419.0067585617616;-0.014243818633258343;0.0050394302932545544;10.771463680267335;0.008083270234055816;0.11953125
3466;6.076498226943068;1.0;0.6353516205334605;0.4432594387472409;268.1659885102722;-0.012016060785390437;0.007921241573058069;10.772959518432618;0.01020158373285085;0.13046875
3467;0.1715112153568127;0.0;0.0;0.0;843.5804297457852;-0.012794638331979514;0.005111433076672256;10.776482009887696;0.009125014208257199;0.1263671875
3468;0.5370651944533278;0.0;0.0;0.0;1053.261988334597;-0.00835854122415185;0.006552192603703588;10.776729440689087;0.00441302175167948;0.053125
3469;2.519227150314528;1.0;0.5022490931031436;0.1667940748905339;359.3651775299394;-0.01179535104893148;0.005053627188317478;10.77221612930298;0.005820769001729786;0.078515625
3470;-10.140960255418747;0.0;0.0;0.0;261.08348000206837;-0.012253342755138874;0.0034714076085947455;10.76867971420288;0.00437036253279075;0.0513671875
3471;-0.7350351708460181;0.0;0.0;0.0;241.9517917468877;-0.010299959662370383;0.00403067481238395;10.763966798782349;0.006518847995903343;0.079296875
3472;5.795133716969459;1.0;0.37249820966347696;0.1558967709668259;367.8214721106795;-0.00944560281932354;0.005681006947997958;10.763806819915771;0.008267749613150955;0.1064453125
3473;6.7466411280426595;1.0;0.7841430777664778;0.4363238983104063;235.2615820540601;-0.004562440235167742;0.002656844025477767;10.763482713699341;0.005629673588555306;0.0748046875
3474;6.248555224922018;1.0;0.6164620093328678;0.17656926611681764;228.47971059192747;-0.01692440751940012;0.004337897093500942;10.764005088806153;0.00839137554867193;0.0921875
3475;0.26517382517953614;1.0;0.47856425252642043;0.295799471568287;509.4858750971175;-0.01571442191489041;0.0034687834908254445;10.762852382659911;0.009666453441604972;0.128125
3476;-15.965271393982905;0.0;0.0;0.0;613.9180985701173;-0.020637750532478093;0.0054535640636458995;10.763346672058105;0.006115192279685289;0.076953125
3477;0.7834246249624778;0.0;0.0;0.0;400.00384345276103;-0.005008895462378859;0.0025509617407806218;10.758828592300414;0.00495203600730747;0.057421875
3478;-2.986612193186698;0.0;0.0;0.0;300.7430463944299;-0.014602921181358397;0.003349589154822752;10.753251838684083;0.008315429673530161;0.112890625
3479;0.4887695968185799;0.0;0.0;0.0;144.957756320787;-0.012449597753584386;0.0016907171462662517;10.7527099609375;0.006263708369806409;0.0912109375
3480;6.201568910557893;1.0;0.7381781854222791;0.26845599622836913;181.53758737800607;-0.011600237991660833;0.0019191286293789745;10.749171590805053;0.009548947575967758;0.1302734375
3481;5.918272165467394;1.0;0.5614818371924721;0.15622372284370056;296.70688280106145;-0.0025084206368774175;0.0026293129369150845;10.748750495910645;0.006714614236261696;0.0869140625
3482;-1.407548596355422;0.0;0.0;0.0;167.538046672949;-0.0179365327116102;0.0015445002412889154;10.757034206390381;0.008360998099669814;0.123046875
3483;6.400722991985723;1.0;0.9037703312026192;0.8476658695469338;166.36903677223097;-0.008638708153739572;0.012161117722280323;10.763891410827636;0.006630114617291838;0.0822265625
3484;7.38567226364245;1.0;0.6820352366561157;0.5633392460972692;185.908247886317;-0.008089125342667102;0.014902702020481228;10.769073343276977;0.008740342187229544;0.112109375
3485;7.3387665220112;1.0;0.704152674035844;0.45842360414362504;134.59537778868446;-0.00509775411337614;0.0033249327912926673;10.771469211578369;0.009445714321918786;0.1248046875
3486;5.887792328133374;1.0;0.8345418731704137;0.8167413808903126;230.03455597604798;-0.005455676512792706;0.0016523451427929103;10.779665088653564;0.007787946134340018;0.1087890625
3487;6.563582093626803;1.0;0.8587686515013969;0.8654450574490492;179.64315374075636;-0.014051582803949714;0.003634853014955297;10.78652057647705;0.006260097585618496;0.0859375
3488;0.9818547336180878;0.0;0.0;0.0;447.4651996720941;-0.008355530351400376;0.009549816278740764;10.789402103424072;0.006438342982437462;0.090625
3489;-3.4748821716806453;0.0;0.0;0.0;316.08742859790175;-0.013728795386850835;0.0046806801343336705;10.784126281738281;0.004457284277305007;0.051953125
3490;7.509265221162884;1.0;0.7345813887060846;0.6992150855079142;206.2538809060101;-0.0124089689925313;0.0031694300938397645;10.780801963806152;0.005920298106502742;0.074609375
3491;-12.837943217209267;0.0;0.0;0.0;253.81968216316483;-0.011798618081957101;0.0032022153143770994;10.7787193775177;0.008228202047757805;0.10546875
3492;6.741747566395036;1.0;0.6763989942558272;0.5843578362291985;196.16259770584506;-0.010219352669082582;0.003794828848913312;10.775163459777833;0.010449770314153284;0.128515625
3493;7.417862751908238;1.0;0.6932122354095636;0.5796276787522567;302.92521963582044;-0.012981371954083443;0.007936346950009466;10.769146871566772;0.009689532034099103;0.1265625
3494;-8.535718133998468;0.0;0.0;0.0;403.6148928685473;-0.010036353324539959;0.0018110550940036775;10.7638605594635;0.00595736667746678;0.0779296875
3495;-0.9962137321512684;0.0;0.0;0.0;499.25558274596324;-0.007236479083076119;0.0018446965084876865;10.765413331985474;0.00730794935952872;0.0953125
3496;6.078847202612681;1.0;0.786925546965697;0.733173245478088;205.3869750832208;-0.012517706956714392;0.0017220037407241762;10.768285179138184;0.006464206939563155;0.0857421875
3497;6.72640542795334;1.0;0.712717122384467;0.5274275126714135;178.55789655774078;-0.010636735241860151;0.0046089694136753675;10.771914434432983;0.008146965689957143;0.112109375
3498;7.377223529925893;1.0;0.7469120060489471;0.6757835410409814;221.89495958177793;-0.01787844467908144;0.006816430459730327;10.78132119178772;0.007513350469525904;0.084375
3499;0.27564801644316583;1.0;0.3532298396483224;0.24799843990636564;282.7698899855535;-0.009752907464280725;0.0033683567424304785;10.793051433563232;0.007367468217853457;0.1021484375
3500;-0.9377150103449878;0.0;0.0;0.0;208.7049550471336;-0.012508601229637862;0.005385042703710497;10.798116493225098;0.009274765639565885;0.133984375
3501;7.1316949579153395;1.0;0.7588231288187178;0.7121196107521587;213.39333240704596;-0.010391011997126044;0.004720013157930225;10.802685165405274;0.005890713713597506;0.0744140625
3502;-5.300286724909758;0.0;0.0;0.0;278.3593557656177;-0.007750654499977827;0.0036603559274226427;10.805909013748169;0.005908655840903521;0.076171875
3503;5.4650538207662835;1.0;0.5275499464601794;0.22004346992009557;403.9888247729478;-0.0073252560570836065;0.0074214837048202755;10.802980613708495;0.007225817407015711;0.0884765625
3504;-0.41828603655016267;0.0;0.0;0.0;319.3326751083126;-0.019948272686451673;0.02178770722821355;10.80009479522705;0.014137679431587457;0.1630859375
3505;0.28432589159082433;0.0;0.0;0.0;1294.4996998771694;-0.004344032565131784;0.021361910458654165;10.804607248306274;0.006467824243009091;0.091796875
3506;0.7033377573440963;0.0;0.0;0.0;950.0140308302757;-0.010450314497575164;0.013500614371150733;10.808107280731202;0.0072037663427181545;0.0994140625
3507;6.224239083701325;1.0;0.9039307817461334;0.9392671927261246;126.97275386047275;-0.015608770935796202;0.09805565159767866;10.804286623001099;0.006961408746428787;0.088671875
3508;-8.422500322790526;0.0;0.0;0.0;280.46609757420003;-0.016992677003145218;0.010447972896508872;10.802799844741822;0.007574553799349815;0.076171875
3509;3.7554541437335285;1.0;0.6451344020474379;0.1751430675882506;228.04847146510758;-0.006630121218040586;0.005914161819964648;10.801045083999634;0.008302570588421076;0.1248046875
3510;-8.128956788047283;0.0;0.0;0.0;749.4293874240436;-0.011464537680149078;0.010000006761401892;10.802391481399535;0.006356295628938824;0.08828125
3511;7.5034729450247095;1.0;0.5535013591816246;0.48456254711996255;208.45917394652952;-0.010265944432467223;0.022002276265993714;10.798064470291138;0.007148239843081683;0.09296875
3512;-6.052592228058817;0.0;0.0;0.0;301.67011992123906;-0.011858550761826337;0.01052488547284156;10.796390771865845;0.00785414343699813;0.1078125
3513;-7.205691191687693;0.0;0.0;0.0;324.3618633281091;-0.019150006887502968;0.005375917418859899;10.795349740982056;0.009142185794189572;0.125390625
3514;0.7455192341070035;0.0;0.0;0.0;237.098124099965;-0.012026730366051197;0.0046950933407060805;10.788643407821656;0.006841677275951951;0.0861328125
3515;7.016024897151009;1.0;0.7991175992554902;0.6319838080883593;118.44704458182103;-0.0012176251504570246;0.01284409426152706;10.785057306289673;0.006771726242732257;0.0828125
3516;6.484569672470445;1.0;0.7207323259709976;0.593895652722367;237.4177448373307;-0.021668914798647167;0.0044148205779492855;10.783925533294678;0.006864452979061753;0.0919921875
3517;3.692579699086403;1.0;0.8055194608412012;0.7780493016609172;157.82475771831173;-0.0027572819497436287;0.07741309553384781;10.778953313827515;0.0032007989822886882;0.0275390625
3518;5.109224133847704;1.0;0.7512208217523909;0.6226277015566264;152.154320056989;-0.016232158429920672;0.003084740578196943;10.774368381500244;0.00652052512159571;0.08515625
3519;0.369127527546814;0.0;0.0;0.0;758.0935679143944;-0.011389031470753253;0.00427162644919008;10.772798585891724;0.0069255982176400725;0.091015625
3520;0.28984337262429366;0.0;0.0;0.0;772.6126633796137;-0.013660178054124117;0.00221920118201524;10.774968385696411;0.008386197034269571;0.1185546875
3521;0.705448578030023;0.0;0.0;0.0;326.26994416462213;-0.012445311155170202;0.002474976074881852;10.780701684951783;0.005483484477736056;0.063671875
3522;0.8616561965345547;0.0;0.0;0.0;315.5716514157819;-0.013526743394322693;0.0023423858569003642;10.786670446395874;0.008309246180579067;0.1171875
3523;-4.1309107343086815;0.0;0.0;0.0;363.26239898313946;-0.016627107933163642;0.006557882810011506;10.793505716323853;0.007209370052441955;0.0927734375
3524;7.241515292300516;1.0;0.6585494048067226;0.5632828718452587;209.16754543155443;-0.017589754052460195;0.004112675238866359;10.801090717315674;0.008694800664670765;0.1185546875
3525;6.956745100175874;1.0;0.8069931666596942;0.6125051696479817;222.68588799847973;-0.00630053230561316;0.0033365338458679616;10.804062938690185;0.005429994745645672;0.07109375
3526;6.4392371779184625;1.0;0.9604183375689226;0.8753893003222215;103.271373076904;-0.018536034878343342;0.004887016303837299;10.805095911026001;0.007644421863369643;0.1060546875
3527;-1.4772103518529702;0.0;0.0;0.0;374.40417677359073;-0.01656282104086131;0.0059240057249553505;10.8032630443573;0.00939252603566274;0.125
3528;0.7594188136603779;0.0;0.0;0.0;696.9855925500647;-0.00840777470730245;0.014294200018048287;10.806250762939452;0.007483034499455243;0.09375
3529;7.0367355407294525;1.0;0.7095736217272198;0.6289635610638752;221.65349387963877;-0.01382474172860384;0.003361698682419956;10.813606691360473;0.006460704398341477;0.082421875
3530;-7.277197686653116;0.0;0.0;0.0;688.6751089610226;-0.011057629785500466;0.002098352648317814;10.81585340499878;0.004772330867126584;0.0544921875
3531;4.7096131703023865;1.0;0.8901614562879501;0.7216290816579806;89.1506897312712;-0.0158755904994905;0.008092283690348267;10.820271253585815;0.007595960260368883;0.1015625
3532;6.737294548467085;1.0;0.6001629053740608;0.5133669406077697;254.58555094566074;-0.009786967653781176;0.010417490382678807;10.827983093261718;0.006274141173344105;0.0828125
3533;0.21288581503738463;0.0;0.0;0.0;1036.7183032212813;-0.015450397762469948;0.011493304651230574;10.830690050125122;0.0072368313791230324;0.079296875
3534;-0.31630293851207175;0.0;0.0;0.0;1004.2343766156526;-0.008366954000666737;0.005004630389157683;10.836014032363892;0.007866577559616417;0.108984375
3535;-0.26709935256439715;0.0;0.0;0.0;341.1559639605098;-0.009755342616699636;0.0033101761364378035;10.842123556137086;0.006944541423581541;0.093359375
3536;-4.38689185070993;1.0;0.528373338557066;0.24959306893264951;319.1484322786609;-0.011935228807851672;0.0023477016657125205;10.846350002288819;0.006969886110164225;0.0994140625
3537;0.2776778592279506;0.0;0.0;0.0;239.49518498285263;-0.014254347747191786;0.001735845161601901;10.845198011398315;0.006263909535482526;0.066796875
3538;-4.474623746870999;0.0;0.0;0.0;1652.0109938428795;-0.006653782818466425;0.011584113910794258;10.847323322296143;0.007077916827984154;0.084765625
3539;-0.12754306501705365;0.0;0.0;0.0;1014.215026887215;-0.007942498708143831;0.016226091096177696;10.85349497795105;0.0073183292406611145;0.0966796875
3540;6.12832966896446;1.0;0.8649626852490758;0.9315220877770295;172.28955645293468;-0.0103258125949651;0.0035372183192521334;10.857757663726806;0.007491218030918389;0.1078125
3541;6.3158774026405915;1.0;0.9590763251841876;0.9880432348664063;75.45748125658139;-0.0081403405405581;0.002720619644969702;10.85313663482666;0.010173572308849544;0.1421875
3542;-5.223277927740048;0.0;0.0;0.0;1415.8449953187478;-0.008078216016292572;0.004087836924009025;10.850362968444824;0.005929626815486699;0.08046875
3543;-1.7173181322676248;0.0;0.0;0.0;74.16509128424671;-0.013624482601881028;0.0013802583736833185;10.853092670440674;0.007134093530476093;0.1013671875
3544;1.1663885666531593;0.0;0.0;0.0;878.3183956728835;-0.006032178760506213;0.0009820737643167377;10.85170865058899;0.004482917464338243;0.0490234375
3545;7.517166022057038;1.0;0.623255457291446;0.5520999840960066;179.71739036365582;-0.015431930357590318;0.0020349283353425563;10.85867280960083;0.007160590798594058;0.090625
3546;-0.5650000858634633;0.0;0.0;0.0;917.7055727714811;-0.013372877845540643;0.001180181436939165;10.865410757064819;0.0069556788424961265;0.082421875
3547;-0.7368306190717631;0.0;0.0;0.0;1190.6851823687427;-0.004687128262594343;0.007663121377117932;10.871188354492187;0.007458774768747389;0.1091796875
3548;6.522944588657953;1.0;0.9092775509774841;0.8796346607589939;127.32305880964391;0.0008102655410766602;0.0073445109650492665;10.876313209533691;0.006657591485418379;0.09140625
3549;-3.776974776603029;0.0;0.0;0.0;456.9033692340966;-0.008030988229438662;0.010819781408645212;10.877781438827515;0.00735439081909135;0.102734375
3550;3.347784177402242;1.0;0.7183109836500177;0.5137635987165001;142.56704373985104;-0.0054353368002921345;0.009905858337879181;10.876565408706664;0.005709439818747342;0.075390625
3551;-0.9884922381873159;0.0;0.0;0.0;797.3380242997132;-0.013288071285933256;0.013363805832341313;10.876835870742799;0.008341712260153145;0.112890625
3552;7.206937553215142;1.0;0.6824691786621382;0.596216955233865;206.22930176278038;-0.007472355291247368;0.07258826131001114;10.880348110198975;0.007326602400280535;0.0958984375
3553;6.897374507309679;1.0;0.740481888456578;0.6818925867489775;130.25029452226795;-0.010626879939809441;0.004759823170024902;10.87746958732605;0.006638701120391488;0.08671875
3554;7.167809600542339;1.0;0.7314870264374509;0.6253619511777525;173.05014488874704;-0.018641816801391542;0.003513655939605087;10.874482774734497;0.006064783607143909;0.0744140625
3555;0.6686260438371477;0.0;0.0;0.0;162.07902441302141;-0.01845877137966454;0.007480229600332677;10.874826860427856;0.008199787500780075;0.1064453125
3556;7.219253984193818;1.0;0.7562168664266185;0.6863389346099165;182.75323675533647;-0.005580377485603094;0.0028683302341960372;10.876483964920045;0.005790116614662111;0.0744140625
3557;-13.211672070494846;0.0;0.0;0.0;407.8868937352979;-0.0118241376709193;0.003363613097462803;10.874898099899292;0.005710613192059099;0.0673828125
3558;-1.9010396762684607;0.0;0.0;0.0;278.0454637552689;-0.013653108151629567;0.0018588905571959914;10.875770044326782;0.00830704321851954;0.1056640625
3559;6.494745068451643;1.0;0.9661736006204803;0.7027900187034554;77.54375847152558;-0.0004331646952778101;0.004383186087943613;10.873134851455688;0.006910835218150169;0.083203125
3560;7.5305311164380395;1.0;0.6252825238209566;0.6315292566960573;326.881856397904;-0.014335794374346733;0.020296604931354524;10.87477879524231;0.009605260158423334;0.1201171875
3561;6.977787723217581;1.0;0.8017185451695333;0.796476114857459;207.82875158079995;-0.010753640998154878;0.007626039278693497;10.87342004776001;0.005519030953291803;0.0681640625
3562;7.013522857628542;1.0;0.8532610430516695;0.8130250745406302;209.53608488646313;-0.01773035041987896;0.003020904294680804;10.869818830490113;0.004836124344728887;0.063671875
3563;5.387352308565347;1.0;0.9015796550688873;0.3459965694525851;146.7237864668317;-0.015320997685194016;0.004362881812267005;10.868295860290527;0.008338836231268942;0.1111328125
3564;6.437294252500596;1.0;0.9385754237167738;0.8975112550054787;71.37597628685413;-0.009412939846515655;0.00959573353175074;10.87344479560852;0.009159143711440266;0.097265625
3565;-0.5269298032635288;0.0;0.0;0.0;879.8484436228032;-0.021715412940829994;0.007052647578530013;10.884728717803956;0.0072109955595806245;0.0875
3566;-0.011016694874201191;0.0;0.0;0.0;156.23606258633905;-0.01011758423410356;0.004382841847836971;10.892145824432372;0.006567260227166116;0.084765625
3567;-0.03691722280170002;0.0;0.0;0.0;741.3761389026304;-0.014334664214402437;0.0048843962722457945;10.893809795379639;0.005776877014432103;0.0751953125
3568;6.877570250120577;1.0;0.8727474652845612;0.8445390184453512;156.72561215934587;-0.016333628538995983;0.0039205945911817254;10.895356941223145;0.010610248160082847;0.1517578125
3569;5.993872839546631;1.0;0.42706181491555445;0.19420630098547811;436.5192494025706;-0.012754632349242456;0.005365319293923676;10.896272277832031;0.009356294071767478;0.1357421875
3570;6.140513389154987;1.0;0.9050607110944464;0.8821058743505534;133.45289024335432;-0.0031492377165704966;0.022194643039256334;10.901140022277833;0.004481388116255402;0.0564453125
3571;-0.8311136239353389;0.0;0.0;0.0;726.9577117292667;-0.006007645605131983;0.004831992369145155;10.902580404281617;0.006191549520008266;0.075390625
3572;-1.1535174418103307;0.0;0.0;0.0;213.33084714596453;-0.009871245874091984;0.0031305948505178094;10.90384020805359;0.005640609993133694;0.067578125
3573;6.468154517787561;1.0;0.8751461611802516;0.898466318992618;182.84787473069326;-0.008121348870918154;0.006393830804154277;10.904739427566529;0.006975061912089586;0.0921875
3574;0.09897375861951027;0.0;0.0;0.0;928.8054280763819;-0.01275210282765329;0.002568650501780212;10.9054780960083;0.008744681184180082;0.1193359375
3575;0.03907080887695114;0.0;0.0;0.0;1012.8639044214766;-0.01892112661153078;0.0024773752433247865;10.904983425140381;0.00898974739247933;0.1271484375
3576;6.783375920096921;1.0;0.7664106846592909;0.6501568444277486;147.3223202118212;-0.011860896577127278;0.0015735581691842526;10.89781312942505;0.00808572955429554;0.110546875
3577;6.5640653904761415;1.0;0.7945346756780729;0.7151410094018161;164.87668766797347;-0.008664318127557635;0.010056734550744295;10.894263982772827;0.0064464278751984235;0.0658203125
3578;1.23446215819615;0.0;0.0;0.0;993.8609430723784;-0.020018945122137664;0.0056696377461776136;10.893966627120971;0.007301088608801365;0.1037109375
3579;6.5468124987761716;1.0;0.8224856467350081;0.8168148374398517;123.62155824557357;-0.015536531794350595;0.003290078090503812;10.8938579082489;0.012570388207677752;0.18515625
3580;-7.285221914938302;0.0;0.0;0.0;943.0321550044802;-0.01734094424173236;0.0029299586254637688;10.89415225982666;0.00926552094751969;0.13125
3581;6.209149271379728;1.0;0.9310299340510327;0.8424481088423749;74.05981634231668;-0.011073863902129232;0.004403073841240257;10.889475584030151;0.006484302727039903;0.0814453125
3582;-1.1745357779552557;0.0;0.0;0.0;1103.6865138543699;-0.018890980631113052;0.0025872755446471273;10.883141136169433;0.00829334402224049;0.1041015625
3583;-2.5689587249650825;0.0;0.0;0.0;813.1071883869577;-0.013755652029067278;0.004470596194732934;10.879563760757446;0.0067931900965049865;0.088671875
3584;-2.7811542120736816;0.0;0.0;0.0;1118.3039275720257;-0.016959440568462013;0.0031754914321936666;10.879871129989624;0.004733031592331826;0.0591796875
3585;5.665673156228316;1.0;0.4824600658439038;0.37235555530560893;283.07964889979945;-0.011482605349738152;0.004259153525345028;10.884592199325562;0.009172258374746889;0.110546875
3586;6.500424245618284;1.0;0.9222054201985285;0.8901765217326519;130.03347895025234;-0.013137127552181483;0.005409399745985866;10.891873121261597;0.007803012349177152;0.1080078125
3587;-1.2751519322205023;0.0;0.0;0.0;245.82258749553247;-0.013694619573652745;0.003946889459621161;10.898848295211792;0.007801455492153764;0.1103515625
3588;-3.360483153690776;0.0;0.0;0.0;325.50407257034084;-0.014545029599685223;0.003372190345544368;10.905365657806396;0.00588942306349054;0.083984375
3589;7.438505171945746;1.0;0.6327199454807669;0.5760850590948344;215.99372353385093;-0.0109266584739089;0.000995079046697356;10.909334468841553;0.005513796431478113;0.0630859375
3590;7.034314626626519;1.0;0.8167134474481668;0.8017888505126689;198.59940169262106;0.00014786715619266033;0.0005994742969051003;10.90947527885437;0.007407780003268272;0.0998046875
3591;7.387650445913892;1.0;0.7661835628127913;0.668652245997462;140.81235905997644;-0.0067684350069612265;0.0003887059923727065;10.907130479812622;0.0076955952332355086;0.1064453125
3592;6.798343267379609;1.0;0.7983323981898357;0.7135908811132923;188.47620117197917;-0.011510098166763783;0.0012904346833238379;10.905919504165649;0.006763502117246389;0.07890625
3593;7.076134934518755;1.0;0.6136815395372953;0.4671957482038857;167.3385618498033;-0.015887112636119128;0.0013890700502088293;10.901571035385132;0.006654841243289411;0.0880859375
3594;-0.009204007169615253;0.0;0.0;0.0;1200.773825370163;-0.01224964801222086;0.0015406561578856781;10.900169372558594;0.010869615606497973;0.16875
3595;1.3892199459072132;1.0;0.810670848609211;0.586886904981279;164.34451821859236;-0.008582774735987186;0.0008417182834818959;10.904189491271973;0.007878109312150628;0.11015625
3596;6.590979420202478;1.0;0.8518526169655317;0.8890343216566471;178.41294174579104;-0.00879833591170609;0.0008026028401218355;10.903252029418946;0.006504987576045096;0.084765625
3597;-0.17029914535347634;1.0;0.6043767788973917;0.5315730798042948;262.21426605701686;-0.015240549575537443;0.0012019626039545984;10.900451517105102;0.008110029308591038;0.1263671875
3598;-16.703781115999256;0.0;0.0;0.0;1223.5779435075467;-0.014301539212465287;0.0019549238379113374;10.90369005203247;0.008186708809807897;0.0982421875
3599;-7.285635810361439;0.0;0.0;0.0;16.921161365967798;-0.01254079476930201;0.0027348947653081266;10.909583950042725;0.006848842417821288;0.0728515625
3600;7.081836551413694;1.0;0.758390964753042;0.788884824652744;262.01232270460343;-0.017049053963273764;0.001521986851003021;10.913870286941528;0.0051900734659284355;0.0599609375
3601;7.124893990436586;1.0;0.645757221250588;0.5190437239709804;174.89225676287128;-0.02171380256768316;0.00397109315963462;10.913041019439698;0.0063462038291618224;0.0705078125
3602;6.443630814435247;1.0;0.858692089118431;0.8024761929209243;154.302201107662;-0.010995262395590543;0.006988285249099136;10.913104629516601;0.004408778704237193;0.048828125
3603;7.408136123355616;1.0;0.6646123868277679;0.5289616654375164;208.31435900915588;-0.014866231568157673;0.005228380556218326;10.912606143951416;0.008763359568547457;0.1201171875
3604;-3.9697275310966686;0.0;0.0;0.0;913.2256527436949;-0.009151204582303762;0.003603857581038028;10.90662989616394;0.006440615432802587;0.089453125
3605;7.107151179318604;1.0;0.8049859039809041;0.7004009574496821;100.06138435021302;-0.012956289853900672;0.009396981168538331;10.899052095413207;0.008665552281308919;0.117578125
3606;6.330401009193569;1.0;0.7482469665374902;0.5862759063009374;208.59022944919997;-0.01184917027130723;0.010370469582267106;10.894078588485717;0.005147802655119449;0.065234375
3607;6.653687247100677;1.0;0.8897507401024;0.9763658124396212;180.29737163922377;-0.0034933703020215033;0.007557500898838043;10.888541841506958;0.006456156214699149;0.0732421875
3608;0.4557009824519852;0.0;0.0;0.0;958.0823989867416;-0.010875018779188395;0.008215346140787005;10.887063932418823;0.006922172917984426;0.0896484375
3609;7.283725544541284;1.0;0.8048697710326168;0.7596216553129654;195.6488505793897;-0.019230084866285323;0.003040312265511602;10.881505441665649;0.007062041631434113;0.0970703125
3610;-1.8149981129015986;0.0;0.0;0.0;1080.8740873462848;-0.0030330474721267818;0.003077846462838352;10.875626468658448;0.00581774270394817;0.0763671875
3611;-4.1309003076140325;0.0;0.0;0.0;166.0497048785663;0.002121375291608274;0.003441717039095238;10.87788519859314;0.006486603408120573;0.0830078125
3612;7.537072922737927;1.0;0.6791781788187993;0.704510413531329;293.80320638502064;-0.013112555211409926;0.001975911407498643;10.877717542648316;0.006396033486817032;0.0876953125
3613;7.394520169803345;1.0;0.5946839412747832;0.5690683044875888;297.25081634776535;-0.010352725395932794;0.002195153839420527;10.880156230926513;0.0061227998463436965;0.080078125
3614;6.440169405327365;1.0;0.44777818809089337;0.3352515445214442;338.99735114398885;-0.013168046018108726;0.0029418503807391973;10.877836465835571;0.005594587977975607;0.0650390625
3615;0.5143711848189927;0.0;0.0;0.0;916.4655932840109;-0.009841907769441605;0.0020246062078513203;10.876502418518067;0.004268432757817209;0.0484375
3616;-6.960134448674541;0.0;0.0;0.0;1521.2925136190333;-0.008872101549059153;0.07851916290819645;10.87357325553894;0.0043983559124171736;0.051171875
3617;7.057359733206833;1.0;0.9078083581088919;0.8222460442264086;96.89257163813278;-0.012320983619429172;0.005954539473168552;10.868764686584473;0.0060742349363863465;0.0740234375
3618;7.274483026324491;1.0;0.7647744817764507;0.6563579178245837;116.20395827435004;-0.006060780747793615;0.00897490419447422;10.8685809135437;0.005190173187293113;0.0578125
3619;3.0985479125512936;1.0;0.719164011856021;0.6877698055171079;237.59250580857355;-0.01604060116223991;0.009156921063549817;10.867417478561402;0.00638765178155154;0.0853515625
3620;6.163492074412236;1.0;0.563104517520474;0.48407351695790884;335.4557901729728;-0.01350112520158291;0.0037411915138363836;10.869113540649414;0.0038332476280629633;0.0369140625
3621;7.662643856619823;1.0;0.6455502970330477;0.579595529391517;152.45626231217173;0.0017144560813903808;0.006057060975581408;10.871591949462891;0.007134083285927772;0.0984375
3622;6.720376733610104;1.0;0.7722237855046067;0.7851728653129432;230.81690654657703;-0.006098194839432835;0.005524054518900812;10.87463812828064;0.009032273583579808;0.126171875
3623;6.755312909953183;1.0;0.3178895425597852;0.2543854232188146;401.14824968620843;-0.007375120418146253;0.004444244340993464;10.878385639190673;0.005771837010979652;0.0732421875
3624;-0.7570616925927647;0.0;0.0;0.0;629.3007991384201;-0.018236783146858216;0.003353202302241698;10.877698040008545;0.005904119287151843;0.0755859375
3625;0.09198464162046974;0.0;0.0;0.0;321.2567653217653;-0.013050500163808465;0.001170023434679024;10.878240489959717;0.009556615760084241;0.123828125
3626;-4.435909724655302;0.0;0.0;0.0;257.2914930010969;-0.021373403089819477;0.0015977425035089254;10.884035968780518;0.0055193448904901745;0.05
3627;6.62465324184684;1.0;0.8816744036731927;0.8281433179869825;117.10843959159901;-0.016179822245612742;0.0005816043296363205;10.883092641830444;0.00519117962103337;0.0546875
3628;0.1899528331164869;0.0;0.0;0.0;281.9876760902963;-0.013648488000035286;0.0019009556010132656;10.889444303512573;0.005511195096187293;0.0634765625
3629;6.916886075550173;1.0;0.5884289584154226;0.22665974716080195;191.64020273492633;-0.0016283705364912749;0.0011480203858809546;10.887680578231812;0.00631361979758367;0.08359375
3630;6.083264304510193;1.0;0.4552899599218779;0.32619664151136313;215.15175033945687;-0.013440296752378345;0.0013830126088578254;10.889107370376587;0.006282143655698747;0.084375
3631;0.26090542474369444;0.0;0.0;0.0;1168.762799821964;-0.012141744419932366;0.0013999076618347317;10.898199224472046;0.008886614651419222;0.1201171875
3632;7.31308210441312;1.0;0.7095825943525271;0.5338207772400906;266.16459089627233;-0.010023375041782856;0.0011721736285835505;10.904987668991089;0.008314465137664229;0.1056640625
3633;-0.2244238498578118;0.0;0.0;0.0;258.15051140109284;-0.006243794318288564;0.0005488721988513134;10.90552225112915;0.007350732409395278;0.099609375
3634;5.7914775700646075;1.0;0.8150497797680891;0.8961221676327084;207.72357285359953;-0.009532526973634959;0.0007669776998227463;10.905333518981934;0.0070073021459393205;0.0923828125
3635;-8.494791162985805;0.0;0.0;0.0;320.33305518766883;-0.008332018740475178;0.0011599281948292627;10.90957236289978;0.0063316601561382415;0.0771484375
3636;0.9485036654117703;0.0;0.0;0.0;1014.3750736660191;-0.009023168147541583;0.0008205273305065929;10.914329433441162;0.005266815877985209;0.0759765625
3637;-1.540605472154021;0.0;0.0;0.0;158.71333941992324;-0.004057845752686262;0.0004628363545634784;10.916191816329956;0.008402222499717027;0.1203125
3638;-0.2704738285785841;0.0;0.0;0.0;129.86443339817464;-0.00486611588858068;0.000836316734785214;10.911255693435669;0.007369164505507797;0.0984375
3639;0.31799663273850204;0.0;0.0;0.0;1047.5295898359398;-0.02083400501869619;0.003212348523084074;10.90720729827881;0.005849761271383614;0.0775390625
3640;0.1895745193534553;0.0;0.0;0.0;1360.2435230713074;-0.01125667835585773;0.004115036979783326;10.916051340103149;0.008375516650266946;0.1181640625
3641;7.025903774599927;1.0;0.8020935801177813;0.6291898079877902;135.0574834987072;-0.00868927298579365;0.004076800541952252;10.923682069778442;0.00734493366908282;0.1044921875
3642;1.0310530320076523;0.0;0.0;0.0;1035.4395185733654;-0.017330899043008684;0.002057332469848916;10.92460856437683;0.005278048303443939;0.0546875
3643;-2.8796606073421014;0.0;0.0;0.0;99.41225199423846;-0.01187290675006807;0.0013412159984000026;10.91948390007019;0.007246537762694061;0.1052734375
3644;-4.614847762298135;0.0;0.0;0.0;229.8823928343819;-0.0020435395184904338;0.0025936529331374914;10.917223405838012;0.005062721460126341;0.0515625
3645;-1.0020004276075969;0.0;0.0;0.0;1479.4254817455974;-0.010993382590822876;0.0011408920341636985;10.917793798446656;0.010066245030611754;0.1484375
3646;-6.882423231742509;0.0;0.0;0.0;1137.8016061882931;-0.014508569147437811;0.0012770847766660153;10.913023471832275;0.006232809519860894;0.0845703125
3647;-0.30937931526316725;0.0;0.0;0.0;1257.4100504148548;-0.01814534664154053;0.001868900639237836;10.911172246932983;0.006818877905607224;0.0919921875
3648;-0.7560472912282546;0.0;0.0;0.0;1217.4243840073557;-0.009454002883285285;0.0018603317439556122;10.914607048034668;0.007292486843653023;0.0775390625
3649;5.303710950689796;1.0;0.6580184374860495;0.5200056047796698;219.9725395855633;-0.008570475084707142;0.0017127713363151997;10.918565654754639;0.008682056481484323;0.106640625
3650;4.615869226705418;1.0;0.8800556304272402;0.9309257745659719;111.71604521351834;-0.005638927291147411;0.001316883013350889;10.92087950706482;0.005299614486284554;0.065234375
3651;0.379290569747287;0.0;0.0;0.0;142.52335039335912;-0.010471832752227784;0.0009269698988646269;10.921649694442749;0.006348259607329964;0.08046875
3652;1.1240921514486946;0.0;0.0;0.0;264.6715437628331;-0.006631322717294097;0.0023074516968335955;10.919943618774415;0.00622356979874894;0.0876953125
3653;6.315442664390854;1.0;0.8127099137580547;0.7797671837696886;166.69143291517292;-0.016183230141177774;0.0032109816209413113;10.917602920532227;0.00642777094617486;0.0865234375
3654;0.6267279411831729;0.0;0.0;0.0;1241.135858618322;-0.01619246546179056;0.0023745500890072434;10.91733250617981;0.007841232104692609;0.1138671875
3655;-3.046321102938619;0.0;0.0;0.0;1589.5985474868737;-0.008998876670375466;0.0027461940131615846;10.920691680908202;0.005401459708809853;0.0619140625
3656;-0.5915624041137355;0.0;0.0;0.0;1290.7136163527935;-0.015014488250017166;0.002981191163416952;10.926577472686768;0.005704282317310572;0.0720703125
3657;2.5580976644749907;1.0;0.8367720982135494;0.221891216766623;168.05949703718764;-0.003598050167784095;0.007102454849518836;10.934623050689698;0.0047977821319364015;0.05390625
3658;7.327557746071795;1.0;0.5302951469732595;0.43748396483512303;214.48449566939547;-0.014686931064352393;0.0028115955647081137;10.94730830192566;0.005204747547395527;0.0615234375
3659;1.5663783212477003;1.0;0.775268084913276;0.7059192374417903;174.47367320291326;-0.02111712461337447;0.004701683053281158;10.94911594390869;0.006865068164188415;0.08125
3660;-0.37117392834344515;0.0;0.0;0.0;998.5676989561077;-0.01767089297063649;0.008439482166431844;10.944857740402222;0.006695289828348905;0.0865234375
3661;0.22711016718095478;0.0;0.0;0.0;810.5410978951941;-0.016588294040411712;0.022768659982830286;10.942423677444458;0.006037447066046297;0.0689453125
3662;7.170037330645485;1.0;0.658870096425568;0.5777557165810966;179.36095079683378;-0.007785227755084634;0.0063127050641924145;10.946309757232665;0.006625363894272596;0.0916015625
3663;0.9842809530024441;0.0;0.0;0.0;972.6083243741225;-0.009626985643990338;0.019168837321922184;10.949754571914672;0.0074873116216622295;0.0990234375
3664;-9.525151788318526;0.0;0.0;0.0;912.5691320424319;-0.01388922993792221;0.004448502254672348;10.94984769821167;0.00861263982951641;0.1103515625
3665;-2.6668000032589005;0.0;0.0;0.0;772.1793810297677;-0.014362563192844392;0.019569777604192495;10.949347686767577;0.006882681814022362;0.0908203125
3666;0.33963316255394965;0.0;0.0;0.0;799.1047464479087;-0.014570112526416778;0.018256552610546352;10.953137540817261;0.007526162639260292;0.1015625
3667;-0.11575633892313725;0.0;0.0;0.0;1160.4416073860207;-0.013449969189241528;0.030245295073837043;10.955560398101806;0.009768720099236817;0.1341796875
3668;-0.6340291238177377;0.0;0.0;0.0;1023.1125945766693;-0.014484117459505796;0.011214743182063103;10.960671949386597;0.007011554460041225;0.0927734375
3669;-10.874347564828227;0.0;0.0;0.0;1041.2264680164128;-0.01780224605463445;0.01903935647569597;10.960227918624877;0.007542764814570546;0.0966796875
3670;0.43389353745592035;0.0;0.0;0.0;244.89267437212578;-0.010058308951556683;0.017717963503673672;10.95868968963623;0.00704191920813173;0.0826171875
3671;-0.09269672196776604;0.0;0.0;0.0;742.7996575958069;-0.012380443839356303;0.01735079549252987;10.955088329315185;0.006857783161103725;0.0912109375
3672;-2.402111910437906;0.0;0.0;0.0;180.3796570602814;-0.01494096890091896;0.1162641417235136;10.95382375717163;0.007741098012775183;0.0990234375
3673;-0.17340594873374202;0.0;0.0;0.0;209.82075062574924;-0.008271841797977686;0.018934842897579074;10.949558782577515;0.005775263998657465;0.07578125
3674;-2.0470543593066397;0.0;0.0;0.0;1258.3111176799503;-0.009485980495810509;0.012533224374055862;10.94728331565857;0.007876274932641536;0.103515625
3675;0.7079924268277669;0.0;0.0;0.0;774.8515504036445;-0.012772572040557862;0.006078820372931659;10.94596734046936;0.006408929498866201;0.0875
3676;-8.302586127846688;0.0;0.0;0.0;372.9911114580567;-0.014000616827979684;0.0036182730575092135;10.94341197013855;0.005195097136311233;0.06640625
3677;2.6917852646607483;1.0;0.48101486640643953;0.4033981298436285;428.9035471104488;-0.015568983741104603;0.007858751341700554;10.940519189834594;0.006184227287303656;0.080078125
3678;-0.16637816118353854;0.0;0.0;0.0;1189.5097714067385;-0.019613857148215175;0.004204090277198702;10.944948101043702;0.010115445614792407;0.1177734375
3679;0.5367678883477516;0.0;0.0;0.0;236.07101289503072;-0.012716298596933484;0.004107279086019844;10.948003721237182;0.005908091343007982;0.081640625
3680;-2.8165530974345887;0.0;0.0;0.0;212.9115970545199;-0.00832328968681395;0.0027169204549863935;10.945296907424927;0.004953647078946233;0.0591796875
3681;6.984975515230972;1.0;0.5280947437379461;0.4944603638892548;400.7693713412928;-0.009607270266860724;0.003300442104227841;10.940248680114745;0.004516652470920235;0.0580078125
3682;-1.8114705795698074;0.0;0.0;0.0;1393.7683681689866;-0.012196349538862705;0.007758282660506666;10.940884780883788;0.005247697792947292;0.0654296875
3683;-1.4420787880072035;0.0;0.0;0.0;120.64126140497251;-0.015470319613814353;0.005780399404466152;10.944893312454223;0.008103311236482114;0.1
3684;6.693218226194958;1.0;0.861296688433049;0.8272257475925753;121.35847487923627;-0.02399567570537329;0.0027917017752770333;10.94850172996521;0.0044168128748424355;0.0578125
3685;6.626573307006158;1.0;0.7243994123016988;0.28609920042427106;113.00083011854507;-0.01421676087193191;0.0023460690572392195;10.953139448165894;0.005521252425387502;0.0701171875
3686;6.306570742828639;1.0;0.9285969487866975;0.8264549973850698;77.16786103327051;-0.013582223700359464;0.004940920823719353;10.958433723449707;0.008529588696546853;0.1208984375
3687;6.021929759907972;1.0;0.7607436472324797;0.6503601628241369;196.603633481488;-0.02043519550934434;0.005050798424053937;10.965430784225465;0.0046040126006118955;0.0513671875
3688;7.32026746087649;1.0;0.5212838130059462;0.42929006501008077;251.91810322152378;-0.012462620763108135;0.01878625964745879;10.97341947555542;0.00638560630613938;0.09140625
3689;-25.801716589543773;0.0;0.0;0.0;540.5344341830486;-0.01441794983111322;0.01181236570701003;10.98147873878479;0.00757185296388343;0.096875
3690;-2.765769465725694;0.0;0.0;0.0;710.5298600313814;-0.022063009440898895;0.004841593327000737;10.979376173019409;0.009652519936207683;0.126953125
3691;-2.8726829421711653;0.0;0.0;0.0;272.80039238559715;-0.015390099259093404;0.006064626947045326;10.977168369293214;0.0070482922019436955;0.0947265625
3692;0.024288222211536786;0.0;0.0;0.0;259.85780832444385;-0.011584971658885479;0.008212286490015685;10.975562906265258;0.007142102136276663;0.0888671875
3693;-4.777677223479141;0.0;0.0;0.0;177.38479881363037;-0.022831999440677465;0.003424666856881231;10.975628662109376;0.00814362611854449;0.1044921875
3694;-4.493562888240469;0.0;0.0;0.0;1526.16677698195;-0.02052703225053847;0.0034175908658653498;10.9751446723938;0.005323915998451412;0.0681640625
3695;-0.07580236708552295;0.0;0.0;0.0;690.9224597885792;-0.013181988522410393;0.009643753012642264;10.978424024581908;0.005439944611862302;0.06875
3696;6.741829947373552;1.0;0.5535035915174638;0.4470963185289579;269.44561514895366;-0.01944300066679716;0.006205255235545337;10.983917427062988;0.006953563028946519;0.096484375
3697;6.656392912688515;1.0;0.710876075477837;0.5291794084682183;184.2312289969114;-0.00971148293465376;0.005063566239550709;10.992032289505005;0.007268797419965267;0.0986328125
3698;0.27295781476108355;0.0;0.0;0.0;1315.4134762563497;-0.026827960181981324;0.004663936409633607;10.996139860153198;0.009601077099796384;0.130078125
3699;-7.493640154015628;0.0;0.0;0.0;437.52044382954443;-0.013340318016707898;0.0076302393106743695;10.997853088378907;0.0066648429841734465;0.08359375
3700;0.39467109585144045;0.0;0.0;0.0;1091.6089963481074;-0.005746236350387335;0.09087211461737751;11.002895402908326;0.006934528099372983;0.0826171875
3701;-1.8296322507503553;0.0;0.0;0.0;126.12971965151526;-0.013391348533332348;0.0035529463668353854;11.004104232788086;0.007170601666439324;0.0958984375
3702;0.5855154508290267;0.0;0.0;0.0;744.3160029867174;-0.009882487426511943;0.003250408824533224;11.002426242828369;0.0073773004347458485;0.0900390625
3703;-2.8264236588762666;0.0;0.0;0.0;182.9924179823733;-0.011204357538372279;0.012648243946023286;10.999616718292236;0.006478605256415903;0.090234375
3704;7.0949902559251115;1.0;0.8153922866313977;0.6534033739868103;122.24849901711718;-0.007748190313577652;0.0045798942330293356;10.996487188339234;0.008115840540267528;0.10859375
3705;0.2754112071733916;0.0;0.0;0.0;202.96218455583124;-0.0076436114497482775;0.004620557278394699;10.996153116226196;0.0063536344328895215;0.088671875
3706;0.7406797180115098;0.0;0.0;0.0;114.70332980719527;-0.014939449122175574;0.004919564467854798;10.99418568611145;0.0066780093940906225;0.0896484375
3707;4.611828697235531;1.0;0.7900012752586024;0.5331527821596791;178.91346525790283;0.0007916072383522988;0.004221590294037014;10.997915315628052;0.004587113088928163;0.05390625
3708;6.7191855135602445;1.0;0.7823756685210717;0.6442166844190178;133.5498332387263;-0.014151205634698271;0.003227959806099534;11.001400518417359;0.006722285004798323;0.09375
3709;1.1622041060923416;1.0;0.8583951365232408;0.7289989992711661;110.76005680780497;-0.0021767685655504467;0.00437114437809214;11.004374408721924;0.006770186428911984;0.098046875
3710;-5.791919445615315;0.0;0.0;0.0;1089.6810121267094;-0.02028201031498611;0.006641700770705939;11.0003990650177;0.005740756751038134;0.07109375
3711;-5.332874424999262;0.0;0.0;0.0;399.84317782719637;-0.013184664701111615;0.00913981832563877;10.999316024780274;0.007203685224521905;0.093359375
3712;-0.5128540347516912;0.0;0.0;0.0;1145.2561944885736;-0.024520198721438645;0.003954437689390034;10.997142219543457;0.0077875712886452675;0.106640625
3713;-0.38854399567270714;0.0;0.0;0.0;1218.9659796329036;-0.015276207868009806;0.00381897249026224;10.992095851898194;0.0048610948957502845;0.058203125
3714;0.8227147118996698;0.0;0.0;0.0;786.1175287992959;-0.01351024832110852;0.0016949958051554858;10.98779492378235;0.007872135378420353;0.1146484375
3715;6.332555564451773;1.0;0.7172058157624969;0.3392934358040953;140.39884853730362;-0.014031287259422242;0.0029940562089905143;10.985136222839355;0.005963322392199188;0.071484375
3716;6.320930631867321;1.0;0.5096994682264685;0.4095818797662344;344.34813478720986;-0.013600671337917447;0.0011126484110718592;10.988070201873779;0.006809551373589784;0.0951171875
3717;4.42900511197862;1.0;0.7705866939839112;0.21348270604127312;181.36817227848883;-0.015664572059176863;0.0024019415024667977;10.993852996826172;0.007291995908599347;0.1044921875
3718;0.04679126033705379;0.0;0.0;0.0;926.1166219537569;-0.019409966934472323;0.002643571421504021;10.98882794380188;0.005272430262994021;0.06640625
3719;-0.6072613805085232;0.0;0.0;0.0;1336.6503139245992;-0.023219907050952317;0.0030021930346265436;10.981501007080078;0.006207917281426489;0.0712890625
3720;-6.802602682847185;0.0;0.0;0.0;438.81760922149897;-0.015981043549254538;0.002043590525863692;10.980346870422363;0.004448797006625682;0.05390625
3721;-0.19554591126863824;0.0;0.0;0.0;1057.7901373277605;-0.01346475281752646;0.0030871057417243717;10.981030941009521;0.00943440622650087;0.1181640625
3722;-21.107477962616596;0.0;0.0;0.0;521.1013528464578;-0.006300351396203041;0.0020183040061965583;10.981694650650024;0.005891490506473929;0.0671875
3723;-0.6254312501446236;0.0;0.0;0.0;1071.4625144875004;-0.02238737540319562;0.003741628082934767;10.984221744537354;0.0048463437822647394;0.05546875
3724;6.282790670317725;1.0;0.9239484747438987;0.9672077073931756;112.59666057350474;-0.014110729470849038;0.002558664116077125;10.98337106704712;0.006300264014862477;0.080078125
3725;0.5332873665325988;0.0;0.0;0.0;176.96285165353092;-0.022440194431692363;0.002764216379728168;10.98266668319702;0.008052255737129598;0.1119140625
3726;6.603199036133523;1.0;0.8503540816862849;0.7299286048439171;109.12243722669832;-0.012164412485435604;0.0011960653850110249;10.975221395492554;0.0072343052132055165;0.1021484375
3727;6.932349076555047;1.0;0.8036909488531528;0.7155149356561966;116.07020274556446;-0.005850174557417631;0.005391054810024798;10.966906404495239;0.009130273084156214;0.130859375
3728;6.89424983479155;1.0;0.6481286480400533;0.5987857772067232;301.2847517651706;-0.009334293729625642;0.0042439383454620835;10.967265748977661;0.006909780472051352;0.0896484375
3729;6.2112107098652665;1.0;0.7211597591976462;0.6605581681464188;138.7586627956648;-0.0033980561420321465;0.03233033813885413;10.971561431884766;0.008117360819596797;0.1123046875
3730;-4.493648481272928;0.0;0.0;0.0;1077.1317262943937;-0.01798319974914193;0.004111052700318396;10.974542331695556;0.009257372515276075;0.107421875
3731;-0.7472841507468321;0.0;0.0;0.0;200.2101043679229;-0.019404546823352575;0.0034217237611301244;10.978887557983398;0.009880598413292318;0.1369140625
3732;1.342953376406283;0.0;0.0;0.0;206.22811708558095;-0.00735445199534297;0.00582517929142341;10.978230810165405;0.006681055156514048;0.0796875
3733;-0.9892984582135778;0.0;0.0;0.0;1335.7392874280326;-0.009396269777789712;0.010461994213983417;10.97832522392273;0.003773921215906739;0.0419921875
3734;6.562087923964976;1.0;0.9820476146347736;0.9346935490027006;66.39266393523903;-0.01244334178045392;0.008677214360795915;10.979906034469604;0.007602657785173506;0.1068359375
3735;6.278751637501945;1.0;0.7655643852499989;0.6394118282833224;166.9671257717125;-0.014438139274716377;0.003910161997191608;10.98261251449585;0.007132574147544801;0.0947265625
3736;6.403328668084239;1.0;0.4858600019631018;0.3349242430045719;452.6389662539176;-0.011688371654599905;0.003265146946068853;10.988125228881836;0.0091551000950858;0.1341796875
3737;1.2539407404353229;0.0;0.0;0.0;793.613694596942;-0.010266387881711126;0.0062380398390814665;10.99356198310852;0.007045078952796757;0.0994140625
3738;0.23365196247812164;0.0;0.0;0.0;1049.8954532240136;-0.007804728206247091;0.007051664893515408;10.994498348236084;0.007093712280038744;0.09609375
3739;-1.1128611066979652;0.0;0.0;0.0;1005.2789473835444;-0.012181783420965075;0.005107133160345256;10.994046211242676;0.00828658475074917;0.1185546875
3740;-1.477889387108358;0.0;0.0;0.0;1140.5594574495449;-0.012832095753401518;0.0028655106201767922;10.991903734207153;0.0047236848738975825;0.055859375
3741;-5.274460649419887;0.0;0.0;0.0;40.78732769238454;-0.008124997140839696;0.0061906363349407915;10.98276891708374;0.009981513780076057;0.13984375
3742;-2.1450905030402585;0.0;0.0;0.0;281.64835533959155;-0.010298289218917489;0.007618214190006256;10.979079723358154;0.005993101792410016;0.0755859375
3743;-1.2333869386436358;0.0;0.0;0.0;360.15558308058485;-0.019606312294490634;0.004922726540826261;10.982005405426026;0.0074064809014089406;0.0943359375
3744;-0.5111778495960763;0.0;0.0;0.0;1077.8431991192217;-0.008643239457160234;0.0050768933375366036;10.979609203338622;0.007138830376788974;0.0916015625
3745;-0.2846522878510642;0.0;0.0;0.0;830.5285150231178;-0.016682269936427473;0.007197084045037628;10.973379468917846;0.007264759810641408;0.0986328125
3746;-1.5570872383777097;0.0;0.0;0.0;1135.2115979316895;-0.016754858568310736;0.012758067669346928;10.96762924194336;0.005837695463560522;0.0779296875
3747;-7.398020020188105;0.0;0.0;0.0;1457.0161036364168;-0.008635398163460196;0.007831151178106666;10.965112352371216;0.0054279043455608186;0.0568359375
3748;0.8226347463638213;0.0;0.0;0.0;1104.532976006916;-0.01969276862218976;0.08044192250818014;10.961958694458009;0.011162429570686073;0.12421875
3749;6.169185008515752;1.0;0.844987386298195;0.798807793608696;192.1888282926177;-0.008989404886960983;0.007578544202260673;10.964558553695678;0.00885004352312535;0.1248046875
3750;6.386005867211935;1.0;0.622652440480483;0.529397656504924;209.05504112972545;-0.01512446774286218;0.014420915208756924;10.975479364395142;0.0069387056748382745;0.0892578125
3751;1.1890611667067847;0.0;0.0;0.0;1028.7051763629488;-0.016349027561955155;0.008029294013977051;10.978488969802857;0.006557467638049275;0.0876953125
3752;0.2143659087435941;0.0;0.0;0.0;855.7854525932622;-0.01128237524535507;0.010483718197792768;10.975813579559325;0.008897315256763249;0.1064453125
3753;-1.4806578239072847;0.0;0.0;0.0;1150.2520624314166;-0.01217649900354445;0.017130143521353603;10.975778198242187;0.00643869360210374;0.084375
3754;0.29298041564954613;0.0;0.0;0.0;1159.646561609055;-0.01745136654935777;0.013514640927314758;10.979566621780396;0.0073894680012017485;0.09609375
3755;6.491752645371092;1.0;0.8228618911425682;0.7648145462903578;161.52047457505458;-0.009086727304384113;0.004010487894993276;10.981548881530761;0.00293965294258669;0.0318359375
3756;-8.911777216096116;0.0;0.0;0.0;1421.1264586094826;-0.020283186016604303;0.005961265717633069;10.983086490631104;0.006740545120555908;0.0796875
3757;-1.500084415834117;0.0;0.0;0.0;182.68147350601566;-0.013976355409249663;0.009470112691633403;10.98787236213684;0.009410290187224746;0.1201171875
3758;6.344358947292792;1.0;0.9642648337351766;0.8749890371190389;62.900265254390554;-0.022888034069910645;0.014939658530056476;10.98739914894104;0.00970491322223097;0.1091796875
3759;6.814318555492866;1.0;0.4161289554141363;0.2918983888102421;262.9084315101437;-0.01016159770078957;0.005578130460344255;10.980760097503662;0.007542090932838618;0.094140625
3760;6.968605424009992;1.0;0.7786424179930962;0.6268081559703489;178.92952673866733;-0.007062453730031848;0.0024182609049603343;10.976397895812989;0.004584368853829801;0.0580078125
3761;0.6193920850984423;0.0;0.0;0.0;241.23936983202168;-0.011165046459063887;0.008966794167645276;10.966435194015503;0.0075987450079992415;0.101953125
3762;7.050086221389844;1.0;0.6836202601815151;0.5501183111033383;131.6657733334585;-0.009421954676508904;0.011564686754718423;10.96322865486145;0.005772047955542803;0.0736328125
3763;7.34173617611696;1.0;0.689857040034369;0.6627416914289392;241.29712884569275;-0.004514865321107208;0.06492805657908321;10.964564943313599;0.007488503691274673;0.1025390625
3764;-3.5162992394533603;0.0;0.0;0.0;1245.5138082002359;-0.013125814823433756;0.0065831872401759025;10.962203788757325;0.007385947846341878;0.096875
3765;0.18377574366229216;0.0;0.0;0.0;921.4819971563804;-0.011077367048710585;0.0055254579288885;10.951007747650147;0.009462836605962366;0.1427734375
3766;5.428050202525239;1.0;0.7091599156811241;0.14476437087211572;135.83572849753807;-0.009300207812339067;0.004414547537453473;10.94764165878296;0.00956743162823841;0.133203125
3767;-0.19218777036270226;0.0;0.0;0.0;1229.204764305452;-0.013510494027286768;0.017505304235965014;10.945897626876832;0.005274717824067921;0.0603515625
3768;1.108477370494479;0.0;0.0;0.0;259.54834232378136;-0.01355634517967701;0.00752967088483274;10.941598176956177;0.008537109114695341;0.1109375
3769;7.108449685870275;1.0;0.7533190476044869;0.6975373371248275;227.16319470693765;-0.01189953531138599;0.0030498157371766864;10.938714027404785;0.006275079713668674;0.0830078125
3770;0.5016049701249192;0.0;0.0;0.0;177.0223654240138;-0.010314315184950828;0.003380306402686983;10.935688066482545;0.007008366123773158;0.0865234375
3771;6.120524776705466;1.0;0.5050410784531105;0.31990713479161076;239.99982602728662;-0.011206304468214513;0.004600871994625777;10.930527210235596;0.009420459333341569;0.123828125
3772;4.418217986779541;1.0;0.5791822441094736;0.22180746448063735;335.7126523779158;-0.008505503181368113;0.0050209636567160485;10.920077466964722;0.006990920414682478;0.083203125
3773;4.034867301526051;1.0;0.856241012994894;0.17041697192663324;114.92991739155295;-0.01494250912219286;0.014794153114780783;10.915995216369629;0.006302875140681863;0.0798828125
3774;5.874591111743455;1.0;0.7694008771984391;0.8103419086615966;275.5195914924503;-0.012965795677155256;0.10125258043408394;10.917995929718018;0.006312839942984283;0.0796875
3775;6.4340872913433875;1.0;0.746082085147611;0.5800040438944941;185.15708732705477;-0.01615216783247888;0.017904247064143418;10.919454526901244;0.005907655146438628;0.0720703125
3776;6.456325199952744;1.0;0.8396894779567865;0.7974404025946494;166.64502384652562;-0.01829327121376991;0.012478933716192842;10.921651840209961;0.007822449412196874;0.108203125
3777;7.5091131359564915;1.0;0.6322999129057782;0.5526171407938867;274.399074894107;-0.013169878488406539;0.005327693815343082;10.922314977645874;0.010229519719723612;0.15
3778;5.4399628127746755;1.0;0.8387380286329649;0.23677941371528108;132.8267950992826;-0.017239770153537393;0.004254597355611622;10.920723724365235;0.007941602892242373;0.1123046875
3779;4.805214847247719;1.0;0.7341058649991727;0.15941254799132062;147.45280474568037;-0.009112727828323841;0.0065479747019708155;10.918871784210205;0.006640915281604975;0.0890625
3780;-0.01916665752371869;0.0;0.0;0.0;985.695022353892;-0.017026576027274132;0.004216147121042013;10.915118265151978;0.012034259305801242;0.15546875
3781;-0.9620930629813742;1.0;0.7958533599263323;0.694126255027717;207.77039531542505;-0.015581992082297802;0.004652186436578632;10.911652135849;0.007331242901273072;0.103515625
3782;6.996130348604495;1.0;0.7198015397246729;0.5850347247891136;203.78477830754932;-0.004041416477411986;0.003550367068964988;10.908245182037353;0.006363266927655787;0.0828125
3783;7.49597168791885;1.0;0.7304138265649903;0.5897693253474077;195.33799152642374;-0.013678071973845362;0.006786202546209097;10.908333206176758;0.006525984895415604;0.086328125
3784;0.8386081669185419;1.0;0.672202709064577;0.5009669567035512;184.45786521482304;-0.009067514818161726;0.004987669910769909;10.908296728134156;0.006068508944008499;0.0892578125
3785;-1.8074758632721049;0.0;0.0;0.0;217.54467168176467;-0.010412961128167808;0.004406412818934768;10.908837080001831;0.0077424446935765445;0.1095703125
3786;-0.3275897612660523;0.0;0.0;0.0;976.106469650781;-0.012864354765042663;0.004375033406540751;10.906914520263673;0.006226392986718565;0.0865234375
3787;-1.9049118026988918;0.0;0.0;0.0;363.18582282761577;-0.012709234515205026;0.007095905498135835;10.90583758354187;0.007340659026522189;0.0966796875
3788;6.8503212177956465;1.0;0.8751772481343744;0.8141518891198478;142.3696546112279;-0.013931084424257278;0.002772310667205602;10.907935571670532;0.006198841042350978;0.0779296875
3789;6.560450909008619;1.0;0.9117173182765715;0.6870819936547191;79.77956470715179;-0.005640216427855194;0.0029331476660445334;10.913475179672242;0.008472456666640937;0.117578125
3790;6.953528811939876;1.0;0.8258655153849567;0.7627463076398731;134.55243035258403;-0.01097748107276857;0.0022268999309744686;10.91948676109314;0.009199560643173755;0.130859375
3791;6.526816990428214;1.0;0.93566638414493;0.8396397538297022;121.07858053625763;-0.01314428448677063;0.002439769741613418;10.920106124877929;0.009169867646414786;0.1322265625
3792;3.9209311517580234;1.0;0.7178529586609008;0.6232674042682128;186.1397702162669;-0.021943232230842113;0.0012051297642756253;10.912914609909057;0.006669014308135957;0.094140625
3793;4.7218556684451904;1.0;0.7747027875278503;0.691209009140086;161.2087835925236;-0.008070100843906403;0.06971579939126968;10.90666127204895;0.008265494520310312;0.11796875
3794;-1.2224999159007226;0.0;0.0;0.0;788.2345608571131;-0.020894771069288255;0.004928252752870321;10.906137800216674;0.0076746093924157325;0.101953125
3795;0.21740359830554565;0.0;0.0;0.0;168.87143498885177;-0.005349906999617815;0.07373275272548199;10.907755661010743;0.007164029811974615;0.08125
3796;0.3433074117058064;0.0;0.0;0.0;267.0070107235227;-0.020855337916873395;0.003935272619128227;10.904031801223756;0.007731797383166849;0.105078125
3797;-0.44010178261352007;1.0;0.503229533652182;0.3875654457920674;313.9217482910557;-0.012267725076526403;0.002083539275918156;10.894543552398682;0.006827642593998462;0.094921875
3798;-8.836982165230632;0.0;0.0;0.0;551.1771365882516;-0.012473170831799506;0.004267731902655214;10.885819721221925;0.007019372784998268;0.0912109375
3799;6.410323153802789;1.0;0.9504890524825977;0.7864069133917573;76.25442830494495;-0.012591798696666956;0.008424052433110774;10.88355770111084;0.006128067034296691;0.078515625
3800;3.913320603903486;1.0;0.8169558566474272;0.7627204923715369;157.8343443836263;-0.01381842684932053;0.004629535460844636;10.885747623443603;0.006453092116862536;0.08203125
3801;6.172072888013034;1.0;0.933087616006526;0.9399363745908083;119.1973081155445;-0.016069438657723367;0.004197847202885896;10.890268468856812;0.007408569916151464;0.096875
3802;6.702562479519559;1.0;0.7353768337942023;0.713623299943618;300.5281181585587;-0.015598059771582485;0.010440687614027411;10.893762683868408;0.006873712537344545;0.08828125
3803;-0.2827704700173741;0.0;0.0;0.0;183.71494629082653;-0.011706452164798976;0.0070209309691563245;10.89256238937378;0.009720640233717858;0.1322265625
3804;-1.0960444265004463;0.0;0.0;0.0;1395.0904244607943;-0.016150789125822483;0.007543181674554944;10.891427946090698;0.007200275035575032;0.085546875
3805;-3.170978984422687;0.0;0.0;0.0;697.4086408145147;-0.014087460027076304;0.006759520852938294;10.897678899765015;0.0070032416842877865;0.0900390625
3806;7.182052465036117;1.0;0.6962251444514742;0.6092808956058146;215.2427561491905;-0.004866156401112676;0.00359505929518491;10.89875512123108;0.0068779927561990915;0.0935546875
3807;-3.045420045304633;0.0;0.0;0.0;822.2411482917928;-0.015545099042356014;0.003282958548516035;10.899722385406495;0.007695695571601391;0.111328125
3808;5.758511738127324;1.0;0.8677404960248799;0.6694694574520333;166.83910963696297;-0.013623751932755113;0.005325310514308512;10.903438711166382;0.006640988716389984;0.0876953125
3809;2.1714134578868416;1.0;0.6210789434013622;0.2047111522255348;444.09598321669864;-0.009236009232699871;0.006160887889564037;10.90217866897583;0.007780737732537091;0.101171875
3810;6.414538820964218;1.0;0.9445552521954782;0.9260082143593805;133.97853591323639;-0.010831397352740168;0.0065661183092743155;10.89953327178955;0.00688649775693193;0.0849609375
3811;-5.3217157122269905;0.0;0.0;0.0;329.1276096452205;-0.013255594298243523;0.0053541625151410695;10.903407907485962;0.007112607406452298;0.0955078125
3812;6.979759856019644;1.0;0.7274166895581716;0.662852669446849;251.65711136048967;-0.019780335016548634;0.004211967170704156;10.904849863052368;0.007959275459870695;0.1125
3813;-4.997425088935531;0.0;0.0;0.0;231.70505677996965;-0.013989427778869867;0.011807172861881553;10.902702569961548;0.008244404045399278;0.103515625
3814;7.5740302750871;1.0;0.6220471714099357;0.5199356983277774;220.02697369697597;-0.010381066426634788;0.008210531179793179;10.904251384735108;0.009134686226025224;0.116015625
3815;1.1452458945696513;1.0;0.8603125125061691;0.5567666386370215;81.26359235413409;-0.007720265677198768;0.06980315558612346;10.905690670013428;0.00685967153403908;0.08671875
3816;6.37726260688345;1.0;0.7578707671609003;0.7004502170684272;288.9487923285737;-0.0010752075584605336;0.004074460512492805;10.908918619155884;0.007661454705521464;0.111328125
3817;6.575291576269828;1.0;0.8542976694476342;0.8142026618086204;185.10230144321253;-0.007881967630237342;0.013273339625447989;10.910977220535278;0.005592956836335361;0.069140625
3818;2.659787085048393;1.0;0.8088587592180636;0.7060930969549858;145.35219885133813;-0.0088136478792876;0.009250425663776696;10.910881805419923;0.005704955686815083;0.0771484375
3819;-3.181502208408805;0.0;0.0;0.0;435.4790367720552;-0.018760172836482524;0.007173670711927116;10.908980417251588;0.007495352951809764;0.0923828125
3820;6.926658474164103;1.0;0.9356577013271657;0.7776449442516015;71.88599051974396;-0.013848461164161562;0.004244949342682958;10.90764889717102;0.007862028724048287;0.1134765625
3821;3.950366071294067;1.0;0.8296628482765797;0.7308682001414081;135.66819535415948;-0.01020784662105143;0.004818251449614763;10.903423595428468;0.006895045831333846;0.0912109375
3822;-0.8516471116021808;0.0;0.0;0.0;763.2887564242765;-0.01760124070569873;0.021110154734924436;10.899915218353271;0.005825950659345836;0.0720703125
3823;6.1627292823366675;1.0;0.48535249508199907;0.37198718485222254;456.70791528230484;-0.010707622626796365;0.0047473912010900675;10.894351387023926;0.005080216645728797;0.0587890625
3824;-2.1923062190512406;0.0;0.0;0.0;1075.354855872646;-0.015226970345247537;0.0031804815051145853;10.891599559783936;0.007977029157336802;0.10625
3825;-4.512638224462512;0.0;0.0;0.0;521.2891545146244;-0.011173881869763137;0.0017043013474904;10.88954930305481;0.006869978760369122;0.094921875
3826;-7.696928425612964;0.0;0.0;0.0;220.848036160911;-0.012241528858430684;0.0015212320955470203;10.893331956863403;0.007331553881522268;0.0951171875
3827;-0.29720010454514423;1.0;0.39125791646091423;0.27604540099204056;471.64283902623976;-0.013975973054766656;0.0007293999951798469;10.893489170074464;0.0071350546204485;0.1005859375
3828;-0.9225799587444646;0.0;0.0;0.0;315.0023337482834;-0.006494889501482248;0.0014497231692075729;10.895664167404174;0.00770574709167704;0.1123046875
3829;-12.334612944959977;0.0;0.0;0.0;426.096135404001;-0.011345678428187966;0.002681856689741835;10.8977801322937;0.005529960198327899;0.0744140625
3830;4.123211345488019;1.0;0.8646374767703785;0.7363867594089406;121.86924469458245;-0.007635682122781873;0.009829667140729725;10.896313905715942;0.005767827515956015;0.0802734375
3831;-1.5634684332991613;0.0;0.0;0.0;1154.9424252198971;-0.021182064525783063;0.007369591714814305;10.8937255859375;0.007430393283721059;0.0935546875
3832;-3.787086917183854;0.0;0.0;0.0;907.1000832038508;-0.020765356346964838;0.004029054322745651;10.899252033233642;0.0083162197843194;0.1115234375
3833;-3.297166037168161;1.0;0.8580373471175473;0.7270343787039232;165.21165115823152;-0.010058384109288453;0.002557636785786599;10.899502801895142;0.00841316938167438;0.11875
3834;1.0292593388665527;0.0;0.0;0.0;788.6259282516671;-0.01744095073081553;0.0047925588092766706;10.897888088226319;0.009734594693873078;0.1380859375
3835;-1.6266523582086838;0.0;0.0;0.0;281.3417096713446;-0.009163132682442666;0.007202956976834684;10.898627519607544;0.008332334028091281;0.111328125
3836;7.16798803713759;1.0;0.5216105856034939;0.40496356114129944;207.34310594075504;-0.0028444373980164527;0.004801392694935203;10.89806399345398;0.008012763131409884;0.1044921875
3837;-1.1151665252394192;0.0;0.0;0.0;229.99142872081967;-0.0051057794596999885;0.0045691838924540205;10.899510812759399;0.005431255744770169;0.0732421875
3838;-21.596448930935367;0.0;0.0;0.0;410.89261802250314;-0.010492539964616299;0.0024809971917420627;10.902690935134888;0.0068609018926508725;0.087890625
3839;3.054335022609731;1.0;0.7904010241809156;0.6673456884954138;174.03124435393488;-0.0067992295604199175;0.0037475229357369242;10.903330183029174;0.009150254901032894;0.135546875
3840;-2.4013418749881073;0.0;0.0;0.0;210.53938586859783;-0.017881110915914177;0.0032469971338286996;10.906284666061401;0.010845541569869966;0.165625
3841;-0.5139803271326406;0.0;0.0;0.0;199.512002307032;-0.019758703652769327;0.002723289595451206;10.908795166015626;0.012231623008847236;0.1845703125
3842;4.574017459240966;1.0;0.800757114153906;0.6233731783408017;136.8825876810655;-0.008187762182205915;0.0031927074305713177;10.91122670173645;0.005531359405722469;0.070703125
3843;-3.303990911170404;0.0;0.0;0.0;197.82451520298488;-0.01082637149374932;0.0024388946883846076;10.909271860122681;0.006292230263352394;0.083203125
3844;5.956273466646742;1.0;0.821434703396068;0.7932538816752096;196.46128995271204;-0.018759648269042372;0.0030713331303559243;10.914905214309693;0.006750535813625902;0.098828125
3845;1.6727624070635514;1.0;0.8815046909586286;0.323000978450032;91.90657195621813;-0.0187346198130399;0.002097728115040809;10.920284175872803;0.010880572139285505;0.155859375
3846;0.23053440795696867;0.0;0.0;0.0;251.24742990801946;-0.013264605030417442;0.003213703562505543;10.91759672164917;0.006635687092784792;0.079296875
3847;-0.3037999212955346;0.0;0.0;0.0;877.2233308698826;-0.01443113093264401;0.0016802898200694472;10.918054389953614;0.006478718516882509;0.0822265625
3848;-6.569547761136447;0.0;0.0;0.0;1107.8904300466133;-0.02006058692932129;0.0027187522500753403;10.917500162124634;0.007649892719928175;0.0923828125
3849;-0.6631676347767875;0.0;0.0;0.0;238.59406417259734;-0.011061389138922096;0.0064689665334299205;10.91284818649292;0.006836114486213773;0.0974609375
3850;7.31151716398065;1.0;0.780794459377737;0.705591327089307;188.05633326830966;-0.021519264997914435;0.00474265783559531;10.905663585662841;0.0053968704771250485;0.071875
3851;-0.24843555571236542;0.0;0.0;0.0;211.3835092454566;-0.019709934107959272;0.006130163255147636;10.902426815032959;0.007507170515600592;0.0921875
3852;-0.4504638698436877;0.0;0.0;0.0;876.7012936183063;-0.017502306122332813;0.004469572508241981;10.897875785827637;0.009335061453748494;0.1296875
3853;0.9523596062624197;0.0;0.0;0.0;832.3324676980683;-0.007948561944067479;0.0021887020848225802;10.894288492202758;0.006297653855290264;0.0857421875
3854;6.82770232635882;1.0;0.8285230816768464;0.5860747150703215;156.06432695883586;-0.0027025546645745636;0.0027765675215050576;10.894971752166748;0.005898999725468456;0.0759765625
3855;4.681533511757051;1.0;0.6109584126360502;0.5093624881105473;292.6897431219853;-0.004169187042862177;0.0014855979767162352;10.897172832489014;0.007203863421455026;0.101953125
3856;-8.403603287358091;0.0;0.0;0.0;236.8403088959382;-0.012448712158948183;0.06646162224933505;10.897001600265503;0.012264044128824026;0.1880859375
3857;4.34284630979557;1.0;0.8634354231539951;0.8698197126576448;177.37145697517414;-0.013835865305736661;0.00352927609346807;10.898113298416138;0.00641162401298061;0.078125
3858;-0.6574951974007979;0.0;0.0;0.0;416.28774078999965;-0.014141280902549624;0.008266375120729207;10.901434659957886;0.010942518536467105;0.1548828125
3859;-0.40454023261857497;0.0;0.0;0.0;390.5484242042234;-0.011578142084181309;0.004692269559018314;10.904007148742675;0.01243772127199918;0.157421875
3860;-0.12717988730917085;0.0;0.0;0.0;263.415712210392;-0.012245893850922585;0.004011938197072596;10.905611324310303;0.00862425349187106;0.1271484375
3861;-5.493747655879127;0.0;0.0;0.0;383.18949675833824;-0.0018105662427842617;0.0042556565371342;10.906361770629882;0.008065411867573858;0.1107421875
3862;-3.189343031570308;1.0;0.7751606185668976;0.20181405933141802;297.517392339309;-0.017395891970954834;0.0057657449622638525;10.911058568954468;0.007351179921533913;0.092578125
3863;-2.17630083040921;0.0;0.0;0.0;295.761198728512;-0.010033655143342913;0.06871572211384773;10.911683225631714;0.011696537106763572;0.1712890625
3864;0.0206588574827435;0.0;0.0;0.0;200.39597262287052;-0.019854747224599123;0.0018347117234952747;10.911440563201904;0.00942877820925787;0.1345703125
3865;-3.3673670657702064;0.0;0.0;0.0;413.39693693533775;-0.011593204853124917;0.0025161375117022542;10.911195707321166;0.006579029292333871;0.0904296875
3866;7.305836056481643;1.0;0.6477648068373105;0.42818899242936065;269.83862243524004;-0.010354248899966478;0.002090326219331473;10.904828071594238;0.007025536906439811;0.0921875
3867;-6.395398120342642;0.0;0.0;0.0;377.1419500638279;-0.01142983348108828;0.06008892385289073;10.902356338500976;0.010008537443354726;0.1333984375
3868;-12.867210259560514;0.0;0.0;0.0;409.0037041274714;-0.0035342727787792683;0.003912357613444328;10.901819515228272;0.00898169563151896;0.10078125
3869;6.758473673188819;1.0;0.8537016435775465;0.8004151586724904;153.40052236147076;-0.012336854729801417;0.00268152667558752;10.900520372390748;0.007334664836525917;0.1013671875
3870;6.733486470830366;1.0;0.7148179697593509;0.628885719012003;231.84346689215693;-0.014946268778294325;0.00783162412699312;10.899043083190918;0.008169085369445384;0.11640625
3871;-4.905954415275226;0.0;0.0;0.0;856.711528431153;-0.011101391864940524;0.003343846241477877;10.897831201553345;0.0066530812764540315;0.091796875
3872;-0.07875425793307705;0.0;0.0;0.0;290.3892543397145;-0.011891139717772604;0.003830368083436042;10.898967695236205;0.0073836104478687044;0.0939453125
3873;6.503132834050177;1.0;0.5580091583513168;0.4486890393507765;426.60106496023633;-0.013736727717332541;0.0075832248199731115;10.894755029678345;0.00787622006610036;0.1115234375
3874;-0.18788251547349175;0.0;0.0;0.0;673.8486547367579;-0.0027629433665424586;0.005931602395139635;10.890646028518677;0.007608270470518619;0.11328125
3875;-6.081235478002866;0.0;0.0;0.0;332.04346652253776;-0.010774277104064822;0.002134293905692175;10.885341691970826;0.006307548983022571;0.083203125
3876;7.2938469647889885;1.0;0.5220395312085132;0.41924074088456564;203.03904735553309;-0.009498091135174035;0.06294659618288279;10.883202409744262;0.005503717774990946;0.0765625
3877;-0.42075284376800337;0.0;0.0;0.0;721.4044969318999;-0.0060279797296971084;0.00276919252355583;10.874757766723633;0.004648312297649682;0.05625
3878;0.6088300441898403;0.0;0.0;0.0;1027.6505531343782;-0.006722671445459127;0.0049856703844852746;10.86812596321106;0.006279354228172451;0.084375
3879;5.759026580565498;1.0;0.7291125019293849;0.6192220252441618;184.36786037133137;-0.012782430928200483;0.008062475640326739;10.869521617889404;0.004932820296380669;0.06171875
3880;-0.3335520844782361;0.0;0.0;0.0;298.6781375959087;-0.005239041149616241;0.0062859470024704935;10.875110912322999;0.007196206983644515;0.100390625
3881;6.553785285721375;1.0;0.44415239728250366;0.31320046064799195;223.51481568274482;-0.008386214985512197;0.004331222525797785;10.880077505111695;0.007216576242353767;0.0921875
3882;5.843912938365804;1.0;0.8190661917478138;0.8606399512667628;248.6073187081957;-0.006937369517982006;0.04806570615619421;10.879815912246704;0.007053227222058922;0.0955078125
3883;-0.3860959009681668;0.0;0.0;0.0;331.5409609287666;-0.01636075498536229;0.004445701453369111;10.878742551803589;0.004825325519777835;0.055859375
3884;-2.223380653288352;0.0;0.0;0.0;293.52538474043655;-0.005323719326406717;0.009613117179833352;10.880868339538575;0.00806989356642589;0.1193359375
3885;4.662191640177854;1.0;0.8424889685433978;0.7691082583948831;128.21955362835087;-0.012442938331514598;0.0044738489901646975;10.88699746131897;0.010942561342380941;0.169921875
3886;-14.769456196097801;0.0;0.0;0.0;303.99659670903804;-0.01384144350886345;0.0019641515391413122;10.88893690109253;0.007830580358859151;0.1021484375
3887;1.0115921011715314;0.0;0.0;0.0;309.3091252506867;-0.008783759223297239;0.0028688812046311794;10.88514814376831;0.00882172433193773;0.1259765625
3888;0.507082414210867;0.0;0.0;0.0;257.1425304514207;-0.019362161681056023;0.001571940630674362;10.883079862594604;0.007180580392014235;0.09609375
3889;5.989720075324234;1.0;0.37996533495146606;0.27743230614429254;595.9393352791021;-0.005554212257266045;0.06321046976372599;10.88096022605896;0.011966782645322383;0.1654296875
3890;-3.394716028821342;0.0;0.0;0.0;322.5284834446382;-0.007250208430923522;0.004321403941139579;10.880806922912598;0.007403645536396652;0.09921875
3891;-0.13465456690704705;0.0;0.0;0.0;1127.6227674750235;-0.01784251192584634;0.0026544302236288786;10.876842641830445;0.006399579613935202;0.090234375
3892;5.309584026450812;1.0;0.4074519683290213;0.28294633713280914;400.30345725525217;-0.017419882491230963;0.002920586848631501;10.875826692581176;0.006679574539884925;0.0900390625
3893;-1.317705938408292;0.0;0.0;0.0;538.7934483500326;-0.01446250402368605;0.006627140613272786;10.875433492660523;0.008707050571683795;0.108984375
3894;0.9430358039486373;0.0;0.0;0.0;913.9755997467967;-0.005430632177740336;0.06799350641667842;10.878398609161376;0.011574089247733354;0.158203125
3895;6.4374491836831025;1.0;0.7403561256059956;0.7427998550007145;263.8381566893383;-0.004877448035404086;0.009942979319021106;10.875337696075439;0.008223789802286774;0.1208984375
3896;-0.6657167216217587;0.0;0.0;0.0;991.8231600165558;-0.010153131955303252;0.006755129317753017;10.87392954826355;0.007857219385914504;0.11484375
3897;-1.6769765979725655;0.0;0.0;0.0;606.6017856438997;-0.012122519096980493;0.007317555633683999;10.874861335754394;0.0093008811896046;0.12447916666666667
3898;-5.444355481076855;0.0;0.0;0.0;1253.0685363528726;-0.014278367930091917;0.003930222627241164;10.872402334213257;0.008404446218628436;0.12265625
3899;0.07860551037804824;0.0;0.0;0.0;986.9951850428415;-0.00955114238895476;0.00209581219824031;10.869734191894532;0.007698109070770442;0.1083984375
3900;-7.885790393555042;0.0;0.0;0.0;184.2617481789135;-0.005922489240765572;0.0019670641981065274;10.866522216796875;0.005367436376400292;0.059375
3901;0.8875197021488856;0.0;0.0;0.0;1035.7013558330107;-0.010588791500777007;0.0016316670691594482;10.861457252502442;0.005861271475441754;0.0681640625
3902;0.37825209816775873;0.0;0.0;0.0;491.3060419226874;-0.013892446784302593;0.001960541174048558;10.85512318611145;0.005159488006029278;0.0490234375
3903;-14.712931683392581;0.0;0.0;0.0;331.61461119150067;-0.014326927531510592;0.0021077113226056097;10.853510761260987;0.00790128087392077;0.108984375
3904;0.7377543012312335;0.0;0.0;0.0;277.03713532056787;-0.009427563869394362;0.0024673390784300865;10.852236032485962;0.007469641615170985;0.100390625
3905;-1.7085780149444245;0.0;0.0;0.0;247.69008759932987;-0.012216616421937943;0.003855094034224749;10.8490779876709;0.00703808335820213;0.0908203125
3906;-6.642975310605902;0.0;0.0;0.0;232.93401139941844;-0.009891672944650053;0.0012756085285218432;10.848520803451539;0.006188742606900633;0.0828125
3907;-3.8759622957851043;0.0;0.0;0.0;365.91606394810515;-0.012268939521163702;0.0009705663716886193;10.847908639907837;0.005460037523880601;0.0732421875
3908;-0.6153994404160289;0.0;0.0;0.0;183.82046630752583;-0.015413851477205753;0.0007936219568364322;10.848838472366333;0.00937369252787903;0.1353515625
3909;-11.100285410032916;0.0;0.0;0.0;321.1132007565503;-0.0158245506696403;0.0011720147304004058;10.843788814544677;0.0068075442570261656;0.0798828125
3910;-27.908488818868644;0.0;0.0;0.0;352.8304120473648;-0.015083551220595837;0.004522927722427994;10.835725164413452;0.006724945839960128;0.0853515625
3911;-2.272237633766506;0.0;0.0;0.0;800.2525188554841;-0.018456654250621797;0.0028538067475892604;10.836533975601196;0.006415201642084867;0.0861328125
3912;-0.29001129105438483;0.0;0.0;0.0;254.29011303422214;-0.017958510853350162;0.0040708367363549765;10.831362628936768;0.00903302973601967;0.1330078125
3913;-1.4619006511117343;0.0;0.0;0.0;306.4534488715233;-0.009237813204526902;0.002585245174122974;10.82394094467163;0.00529548698104918;0.065625
3914;0.20487567883212912;0.0;0.0;0.0;201.70726742108536;-0.015387333044782282;0.0038860667613334955;10.823815870285035;0.011388612014707178;0.171875
3915;-1.6785260188904427;0.0;0.0;0.0;818.3211806216808;-0.01611242601647973;0.0031049832934513686;10.824366235733033;0.007524498365819454;0.1029296875
3916;1.120259063922455;0.0;0.0;0.0;764.7402104690505;-0.014096536301076412;0.002882491436321288;10.813586568832397;0.007343022921122611;0.1009765625
3917;7.052480035323622;1.0;0.5871787226780062;0.43852552631285546;232.8258791661931;-0.01213604302611202;0.005238453578203917;10.80496244430542;0.005539152887649834;0.0734375
3918;-0.7921472582382822;0.0;0.0;0.0;210.34093562242904;-0.023632582370191814;0.0018269354884978383;10.80285291671753;0.008309607254341244;0.1173828125
3919;-3.5968827934516963;0.0;0.0;0.0;341.5419918218761;-0.013828198285773396;0.005233202269300819;10.803456211090088;0.0066230961703695355;0.0732421875
3920;-8.7025087000136;0.0;0.0;0.0;1204.5121279036155;-0.0100033029448241;0.004377461387775838;10.80593400001526;0.0060143772512674335;0.0775390625
3921;0.6370425628980839;0.0;0.0;0.0;913.4608314319456;-0.016123830853030086;0.0014548867155099287;10.810593032836914;0.009276428387966006;0.127734375
3922;-6.344121301392289;0.0;0.0;0.0;1005.4339449567442;-0.02006892419885844;0.0022677850385662167;10.807550811767578;0.007503535109572112;0.084765625
3923;-4.469926360506313;0.0;0.0;0.0;363.84771089679845;-0.01630475961137563;0.0029440990183502436;10.804196786880492;0.008442893030587584;0.123046875
3924;-2.89200844262228;0.0;0.0;0.0;400.32833787547884;-0.009348953561857342;0.0016927389951888472;10.799796295166015;0.006835259112995118;0.09140625
3925;-2.1519762034620378;1.0;0.35155297156496873;0.23188127867202435;408.059120866845;-0.014040728355757892;0.0027295218547806143;10.795888423919678;0.008025474171154201;0.1158203125
3926;-5.8092344422336355;0.0;0.0;0.0;433.71713670210323;-0.006092203361913562;0.0025523124379105864;10.794780111312866;0.008199579082429409;0.1169921875
3927;0.30942890341563717;0.0;0.0;0.0;1153.6050001660283;-0.006406489945948124;0.0023607556358911097;10.800158405303955;0.0121239856001921;0.1728515625
3928;0.02281643818680358;0.0;0.0;0.0;855.143017758125;0.0015857835300266744;0.0033799599797930567;10.803176832199096;0.007514385657850653;0.1044921875
3929;0.07565104817451145;0.0;0.0;0.0;245.1343430439634;-0.01531905410811305;0.0042926827911287544;10.804184913635254;0.008698492764960975;0.1185546875
3930;-1.1371330200797718;0.0;0.0;0.0;181.30589934479607;-0.016135928872972726;0.004156808962579817;10.807029914855956;0.008481332345400005;0.12109375
3931;0.8709599494496327;0.0;0.0;0.0;893.2263690894728;-0.010570199275389314;0.0071951719932258126;10.812113904953003;0.00574305490590632;0.0685546875
3932;-0.18741653215916504;0.0;0.0;0.0;203.5236046320623;-0.008022207114845515;0.005482175876386464;10.815003204345704;0.0067356686340644956;0.0876953125
3933;0.10208293628148139;0.0;0.0;0.0;243.62075976671244;-0.008591816201806069;0.0041716163395904005;10.806212139129638;0.0074476405745372174;0.0908203125
3934;1.1019391304752721;0.0;0.0;0.0;637.1431140317491;-0.015566311962902545;0.005205828533507884;10.801827430725098;0.007108748343307525;0.0888671875
3935;-1.5670709356068604;0.0;0.0;0.0;250.8033752741394;-0.002536840835819021;0.004562556440941989;10.797255039215088;0.004499505995772779;0.0515625
3936;-0.6241075057606154;0.0;0.0;0.0;1015.3536718715288;-0.02240653382614255;0.003357730829156935;10.791582250595093;0.008037291688378901;0.1119140625
3937;-0.12421105369716931;0.0;0.0;0.0;194.03461325851646;-0.006823371769860387;0.008093223255127669;10.779703855514526;0.006791933998465538;0.090234375
3938;5.9105245496342125;1.0;0.865233806648453;0.7362330000531423;104.8907424444246;-0.013203866267576813;0.004554148344323039;10.77516074180603;0.0076558819622732695;0.1078125
3939;0.39879401661664654;0.0;0.0;0.0;1130.242095964912;-0.016040858766064047;0.0047584307380020615;10.777340173721313;0.006115699245128781;0.0794921875
3940;4.7412949458639275;1.0;0.7525847879036127;0.6020006842425493;172.00427515620444;-0.0112255300860852;0.007963818102143704;10.77511124610901;0.007909040665253997;0.1083984375
3941;0.38214325277293815;0.0;0.0;0.0;1032.6552296016366;-0.019494873424991965;0.005327600007876754;10.770470523834229;0.004603823437355459;0.05390625
3942;1.07037933111812;0.0;0.0;0.0;265.9567905581063;-0.01505420533940196;0.06740271663293243;10.765180158615113;0.008623984316363931;0.1033203125
3943;-5.547993463379117;0.0;0.0;0.0;798.4914495418394;-0.015066270949319005;0.0019957171753048897;10.763150358200074;0.007875115191563965;0.1080078125
3944;0.507873452943392;0.0;0.0;0.0;650.0252306395146;-0.010468661785125732;0.0010441427322803066;10.762468242645264;0.00589561975793913;0.0779296875
3945;0.9794033621596827;0.0;0.0;0.0;957.3726797521839;-0.008563241828233004;0.00843780287541449;10.758615970611572;0.008799661742523312;0.1251953125
3946;6.339098282620099;1.0;0.9317657369449276;0.990032031590242;75.24188190172958;-0.01370106628164649;0.0047055716859176755;10.75964651107788;0.005893987324088812;0.078125
3947;0.8132442921760762;0.0;0.0;0.0;721.6293606940304;-0.01525184465572238;0.0071970354299992325;10.761946487426759;0.01005242740502581;0.1423828125
3948;-23.436782187979617;0.0;0.0;0.0;387.18043839434205;-0.016161128412932158;0.003853976016398519;10.763828420639038;0.008282098267227412;0.095703125
3949;-2.5018320619233525;0.0;0.0;0.0;303.1459313560784;-0.009809282911010086;0.0022347452701069414;10.76022810935974;0.00786839653737843;0.105859375
3950;6.736741446779452;1.0;0.7946842317897503;0.5818647402392291;121.66836623370757;-0.01054367977194488;0.0025551890372298657;10.756418609619141;0.007241554127540439;0.0931640625
3951;0.1640266940404525;0.0;0.0;0.0;1197.7557583053251;-0.014501860900782048;0.0022546393040101973;10.759087896347046;0.008609139849431813;0.1185546875
3952;1.3851838613540295;1.0;0.811333617763396;0.6096313864628503;173.35513705785485;-0.01025821469957009;0.0705773492809385;10.764681386947633;0.009996135905385017;0.1314453125
3953;6.8336829852225005;1.0;0.7905190736321231;0.7754444280680906;235.73008258215302;-0.015563297504559159;0.003797993308398873;10.763319206237792;0.006453955580946058;0.06953125
3954;-0.005330667344713659;0.0;0.0;0.0;245.43195784158848;-0.0005868939682841301;0.06215229569934309;10.761890077590943;0.00592085518874228;0.07734375
3955;0.667119245216902;0.0;0.0;0.0;236.95137802112913;-0.011518283747136593;0.002606427646242082;10.765233087539674;0.006349262304138392;0.0876953125
3956;6.3214495339938175;1.0;0.912227009887855;0.8413115025993336;121.65066368039797;-0.010221753176301718;0.003242017375305295;10.769234466552735;0.009414337237831204;0.1384765625
3957;0.6199660654017272;0.0;0.0;0.0;828.6409964537312;-0.011847184691578149;0.0016485155618283897;10.77364649772644;0.004933113802690059;0.059765625
3958;-8.522779739916592;0.0;0.0;0.0;558.4504529324444;-0.004168966365978122;0.0014978064165916294;10.775377035140991;0.006866092141717672;0.096484375
3959;-2.852321163284497;0.0;0.0;0.0;211.88664486123582;-0.005163254030048847;0.0016046357923187315;10.772840595245361;0.007518763432744891;0.103125
3960;1.2470391322943986;0.0;0.0;0.0;869.3616386135767;-0.0064359056297689675;0.0016528508975170552;10.766782474517822;0.005769026430789382;0.07109375
3961;-7.234286867183564;0.0;0.0;0.0;1139.5309361814575;-0.009236320247873664;0.002788544783834368;10.765468645095826;0.004186247999314219;0.048046875
3962;2.3563113531311273;1.0;0.7326383634249772;0.5316232504446;191.78021646992113;-0.01573094797786325;0.003747144341468811;10.760069513320923;0.006110902724321932;0.0828125
3963;6.606010849859166;1.0;0.9184120616965924;0.7916253774930976;78.4760004557351;-0.015089799836277961;0.0022430155717302115;10.762338733673095;0.009152917750179767;0.112109375
3964;4.942496158571113;1.0;0.8639892816228097;0.7781437997603965;167.01877591431435;0.0009706365410238505;0.002100813976721838;10.76151614189148;0.007566857582423836;0.1140625
3965;6.745950412547866;1.0;0.6311982057952822;0.4675406445030014;182.97187019632779;-0.012259275140240788;0.00247547629987821;10.760058832168578;0.005080619733780623;0.06015625
3966;-5.882244276673215;0.0;0.0;0.0;268.5661651781192;-0.014518956188112497;0.0045572624308988455;10.766233348846436;0.007311639923136682;0.083203125
3967;-0.8499171596365755;0.0;0.0;0.0;262.61927987167303;-0.009013203997164964;0.002027088252361864;10.772497320175171;0.005896667332854122;0.07734375
3968;6.946838686935528;1.0;0.8331811458550528;0.718670991167198;156.7640728078637;-0.010178014379926026;0.0019498687412124126;10.771223211288453;0.005179714923724532;0.0642578125
3969;0.3992648630089525;0.0;0.0;0.0;679.9153530410681;-0.010394420684315264;0.014568103756755591;10.769610452651978;0.008177092508412897;0.1142578125
3970;-4.375669149810818;0.0;0.0;0.0;378.56097480279277;-0.014246998284943403;0.006342024565674365;10.775222682952881;0.006960633117705584;0.090234375
3971;6.758916377162345;1.0;0.8257002340873316;0.646139754549209;90.50016965182127;-0.01605341099202633;0.0022031893953680993;10.77841238975525;0.009057659958489239;0.1298828125
3972;1.2434554746156181;0.0;0.0;0.0;739.702428566338;-0.01012262855656445;0.0025033975602127613;10.778489255905152;0.008224235358648002;0.101953125
3973;0.35540955590597406;0.0;0.0;0.0;205.1942997529613;-0.012264902796596288;0.0019731470791157337;10.777251291275025;0.005179159285034984;0.0744140625
3974;-5.17158967602348;0.0;0.0;0.0;179.88796000135767;-0.0141466427128762;0.0055770852137357;10.77572259902954;0.008026894880458713;0.1037109375
3975;7.415251682023894;1.0;0.7151916122303935;0.6820971687431377;214.04042507077122;-0.01427021692506969;0.0013851452269591392;10.780274915695191;0.007143522112164647;0.097265625
3976;-0.10279166951317477;0.0;0.0;0.0;606.0781711414251;-0.01007804460823536;0.001061956593184732;10.779918956756593;0.0075468829949386414;0.104296875
3977;-0.7672207967859297;0.0;0.0;0.0;1085.7961704219401;-0.0044290317222476;0.000844231023802422;10.777656316757202;0.007435902662109584;0.1033203125
3978;6.787055128302304;1.0;0.7965171455865322;0.5622896035273895;126.28757395656201;-0.007184288394637406;0.0010539360926486551;10.776127910614013;0.004858379368670285;0.059375
3979;-4.136335390000779;0.0;0.0;0.0;491.1565153260163;-0.012777287373319268;0.0022560792684089394;10.766689205169678;0.005136394058354199;0.0654296875
3980;-0.14024848142526863;0.0;0.0;0.0;783.4016071785977;-0.01035724887624383;0.0008575019048294053;10.763602924346923;0.00693617770448327;0.089453125
3981;7.078365333588465;1.0;0.6085521224498472;0.4838560196796556;200.73502484858457;-0.015244249370880425;0.0011056564573664219;10.76209979057312;0.004522173793520779;0.0552734375
3982;-13.80010805776784;0.0;0.0;0.0;199.5131756150998;-0.015572413522750139;0.00615507026668638;10.762639665603638;0.005716903693974018;0.076171875
3983;0.08041053951569721;0.0;0.0;0.0;706.0527283034999;-0.019022859632968903;0.00393933781888336;10.76165566444397;0.008166681218426675;0.113671875
3984;6.028952082130992;1.0;0.8277863933188004;0.7894074145930741;115.02800349519441;-0.009099008794873954;0.0005672282277373597;10.762243938446044;0.0069779290002770725;0.1009765625
3985;6.042510095405874;1.0;0.6166782515836867;0.48851129978082886;340.6643837012995;-0.015303688077256083;0.001255241601029411;10.761241579055786;0.00835401436779648;0.116796875
3986;-0.8903350682820219;0.0;0.0;0.0;1248.0392971866795;-0.01207752525806427;0.0020398888213094325;10.756575107574463;0.008350921014789492;0.1181640625
3987;6.198968213377677;1.0;0.5873171258513034;0.47174405767775784;265.4529869148429;-0.01390426317229867;0.006236923835240304;10.748637771606445;0.0053302261512726545;0.05703125
3988;2.362657085710825;1.0;0.8548904697866356;0.7043107029919253;173.03118130182534;-0.01524337341543287;0.0009173235273919999;10.741609048843383;0.006399274955037981;0.0822265625
3989;7.233059053419984;1.0;0.8200605940868647;0.6712220119415497;120.55646010028957;-0.006709112552925944;0.002853165497072041;10.736382675170898;0.00559120523976162;0.0697265625
3990;5.649127204605983;1.0;0.5436498153517659;0.4316795694007934;273.9405112073319;-0.01168160866945982;0.0019613496377132835;10.739264345169067;0.007024303777143359;0.098046875
3991;6.643968260073769;1.0;0.9431816104233358;1.0376410410969812;94.32177836125166;-0.01012203455902636;0.005634678737260401;10.73886947631836;0.006845818471629172;0.093359375
3992;-0.05796994774713557;0.0;0.0;0.0;983.127845988344;-0.01158834514208138;0.003638512105681002;10.740367889404297;0.006378400954417884;0.0923828125
3993;6.484361620441668;1.0;0.5591423013934466;0.42822807656009787;280.9970240927223;-0.01601037056534551;0.0035586255369707944;10.744975805282593;0.007622341637033969;0.1037109375
3994;5.765114357556693;1.0;0.5626239783295047;0.45951325556309774;383.53067028722097;-0.016521556256338953;0.0021688276145141573;10.748061513900756;0.006848834443371743;0.0890625
3995;-4.260545787338511;0.0;0.0;0.0;825.9666795685973;-0.00800380385480821;0.001894076308235526;10.752808094024658;0.007442872365936637;0.1095703125
3996;-5.0697454871269745;0.0;0.0;0.0;411.8044778816103;-0.02514346339739859;0.013049012038391084;10.750378942489624;0.007931605295743794;0.105859375
3997;5.477587890236428;1.0;0.49940648861161147;0.36644124381635945;343.52798325170625;-0.00885428348556161;0.06118039665743709;10.749918460845947;0.00894976049894467;0.1072265625
3998;-6.914826235926285;0.0;0.0;0.0;1291.0653889351784;-0.012558014318346977;0.004455827025230974;10.751889371871949;0.0071109305950813;0.0880859375
3999;4.048632000328322;1.0;0.49430715923147234;0.3908620707785138;238.24428954998598;-0.012455920316278934;0.0038328900816850366;10.752841758728028;0.006232934445142746;0.0828125
4000;-0.2953789534736834;0.0;0.0;0.0;990.456134180723;-0.013520240830257536;0.005708419939037412;10.75559730529785;0.006671823479700833;0.091796875
4001;6.696406585782611;1.0;0.9330504065239066;1.0264723873941808;83.86438455147484;-0.008806641516275703;0.0033158956095576285;10.761295557022095;0.008703791722655296;0.12578125
4002;4.179427312836623;1.0;0.6383588713835112;0.42247513975220846;301.1733655096815;-0.014229815360158682;0.0023795043060090395;10.764528846740722;0.004427295958157629;0.046484375
4003;6.7009941210985;1.0;0.8768861525869942;0.7847267991633086;135.42939711204605;-0.006520413560792804;0.002895740093663335;10.766966962814331;0.006302226695697755;0.079296875
4004;7.047453419887145;1.0;0.4457368575786896;0.3404801969350474;277.1161243376049;-0.014107785956002771;0.0017390818509738892;10.769542694091797;0.006628274754621089;0.0857421875
4005;5.377819011440071;1.0;0.6255947340030824;0.4965219711112492;179.12888727843566;-0.01299595357850194;0.016044002724811435;10.770649194717407;0.006359878228977323;0.0845703125
4006;7.335165815294479;1.0;0.7171052477139878;0.5482138810186141;154.14270493728205;-0.02083211219869554;0.007150544971227646;10.773607778549195;0.008596490661147982;0.116015625
4007;-2.461474709100881;0.0;0.0;0.0;879.2731103593771;-0.00827347645536065;0.025658846646547318;10.775490283966064;0.010511939018033444;0.14609375
4008;1.5365652727113384;0.0;0.0;0.0;766.5740785244466;-0.013898354361299426;0.01642878004349768;10.778227710723877;0.012003032502252608;0.1677734375
4009;0.8368125117962684;0.0;0.0;0.0;872.1440152760629;-0.0062218423467129465;0.01809068755246699;10.775743293762208;0.005453302932437509;0.057421875
4010;2.007108688898028;1.0;0.7138353357364212;0.6247132526090232;198.4592839788508;-0.01885117464698851;0.013097509043291211;10.77304129600525;0.008636708604171872;0.125390625
4011;6.709228269149639;1.0;0.7656089312662647;0.7337346755803197;161.3321185279826;-0.004196437308564782;0.00811841138638556;10.777453327178955;0.009762908797711134;0.1384765625
4012;2.8200630194097194;1.0;0.7491189762012348;0.29885050273954716;160.3204650509072;-0.023752592923119663;0.007967762136831879;10.78297758102417;0.00998057103715837;0.1419921875
4013;-8.532791937032938;0.0;0.0;0.0;948.262094309651;-0.010060573881492018;0.006616475665941835;10.78703007698059;0.0058605339261703195;0.0767578125
4014;6.804418551202904;1.0;0.7949304928089399;0.7668394101797692;245.6818344183867;-0.005696000065654516;0.06607813639566303;10.791501188278199;0.005671346478629857;0.0640625
4015;-16.674229418616893;0.0;0.0;0.0;859.4578796105593;-0.013944040238857269;0.008260865678312256;10.79080924987793;0.005710040673147887;0.0748046875
4016;6.294106271161208;1.0;0.8202246479716818;0.7048177749606882;154.94420802240177;-0.010759843036066741;0.004537588951643556;10.793834018707276;0.0036437194095924495;0.0412109375
4017;4.756858806888987;1.0;0.8466151196837026;0.7744631169414236;175.61650343942537;-0.0017519187182188033;0.001832821371499449;10.798201513290405;0.008541899989359081;0.12421875
4018;5.676955096360013;1.0;0.4514615411194323;0.3097210966387824;471.79707869982235;-0.006215389724820853;0.0018859839590732008;10.795156621932984;0.0066643990343436595;0.0794921875
4019;6.598806050588616;1.0;0.641295852810279;0.36734527991419974;167.34835403247857;-0.016076653241179885;0.003017343219835311;10.788635873794556;0.006906384148169309;0.07578125
4020;5.505098766182584;1.0;0.4680633568980518;0.25239846573906666;260.47840296617284;-0.01378463376313448;0.005850226245820522;10.786223077774048;0.006786527822259814;0.091015625
4021;6.77060818814196;1.0;0.513053069957514;0.3876173841091691;341.92411627698664;-0.01348872845992446;0.010615879483520985;10.786534118652344;0.008921352680772543;0.1056640625
4022;-0.9541478309586784;0.0;0.0;0.0;769.3782439737714;-0.018248815275728702;0.012343544559553266;10.787237119674682;0.008367847639601678;0.1125
4023;-17.736871215748064;0.0;0.0;0.0;275.116302461291;-0.005514333862811327;0.0060389320831745865;10.785714769363404;0.005738920986186713;0.070703125
4024;-0.5638001068003686;0.0;0.0;0.0;579.7485072431963;-0.013519571628421545;0.0030964657315053047;10.78525242805481;0.010550702700857072;0.1470703125
4025;0.6943225274878319;0.0;0.0;0.0;727.1720229431075;-0.013506419537588955;0.003865150560159236;10.783742952346802;0.007752484397497028;0.0916015625
4026;0.8575922656044729;0.0;0.0;0.0;668.4807650627052;-0.010092423553578556;0.005333835957571864;10.784790802001954;0.007720781059470027;0.100390625
4027;1.1411761238482534;0.0;0.0;0.0;720.0703363530331;-0.00585612072609365;0.00668455173727125;10.791572570800781;0.007436168333515525;0.1134765625
4028;0.13230457934400816;0.0;0.0;0.0;1105.587595737244;-0.003831145749427378;0.008696689805947243;10.795706033706665;0.008720130764413626;0.1169921875
4029;5.194165243029598;1.0;0.8485029581162472;0.7221858016155344;106.66854199530228;-0.0048461280763149265;0.010339702968485654;10.801766729354858;0.004577089473605156;0.0548828125
4030;3.4173465525457893;1.0;0.5561821582961973;0.41267161474555614;429.7348755670125;-0.019463616516441108;0.009299200144596398;10.803573560714721;0.0077221297658979894;0.0904296875
4031;-7.295713183181017;0.0;0.0;0.0;654.876534238125;-0.014616386266425252;0.02041951739229262;10.801735782623291;0.004392922297120095;0.048046875
4032;0.652880395540626;0.0;0.0;0.0;1159.6324270417772;-0.011933375895023347;0.006700400682166219;10.805532455444336;0.005587746319361031;0.0728515625
4033;0.6132777669215609;0.0;0.0;0.0;640.2517941844773;-0.003347704466432333;0.0053346747998148205;10.806284952163697;0.005510953045450151;0.0720703125
4034;-4.510003032517589;0.0;0.0;0.0;1205.688727160177;-0.00895271897315979;0.0033961851033382116;10.807130765914916;0.009994534542784095;0.147265625
4035;0.3375410090899909;0.0;0.0;0.0;1040.66486842924;-0.003137482842430472;0.007307402044534683;10.80958170890808;0.006994736706838011;0.089453125
4036;0.5135187670312469;0.0;0.0;0.0;1011.0961178063861;-0.012064698524773121;0.002489206998143345;10.81622929573059;0.008693634299561381;0.129296875
4037;0.2702503488982609;0.0;0.0;0.0;486.7424045541863;-0.016661482397466898;0.00373600444290787;10.819584512710572;0.009101623645983636;0.1267578125
4038;0.7161064232029746;0.0;0.0;0.0;843.5178200106114;-0.01591452704742551;0.01845700144767761;10.821311092376709;0.004640699131414294;0.0447265625
4039;-0.2304302265074859;0.0;0.0;0.0;725.8705772970794;-0.004401823179796338;0.003914651612285524;10.82183871269226;0.007216386019717902;0.0974609375
4040;-0.16091135863787304;0.0;0.0;0.0;1102.4800948378322;-0.004947227984666824;0.004382922744844109;10.819287824630738;0.00623409814434126;0.08125
4041;5.316256832465397;1.0;0.326050415416127;0.21186161824932043;512.2370327457693;-0.00531546319834888;0.0031651179888285697;10.817547273635864;0.009873089275788515;0.15078125
4042;-0.2754564910261524;0.0;0.0;0.0;912.126819747383;-0.016600328916683792;0.010156736802309751;10.81713147163391;0.0100177678395994;0.149609375
4043;-2.1541407260321295;0.0;0.0;0.0;653.7505864268544;-0.010412875050678849;0.08218142949044704;10.820065975189209;0.006207922042813152;0.080859375
4044;0.23680432176454158;0.0;0.0;0.0;1071.913637155598;-0.021963103394955396;0.008110155141912401;10.819002723693847;0.0084572255727835;0.1
4045;-3.3280323279444257;0.0;0.0;0.0;540.603881619413;-0.019389658840373157;0.011683533992618322;10.82564401626587;0.006962913426104933;0.0984375
4046;-12.67821996187408;0.0;0.0;0.0;506.576624963528;-0.01422219998203218;0.00725447703152895;10.826422452926636;0.006595983332954347;0.0833984375
4047;-0.8280788859956554;0.0;0.0;0.0;638.5078347861654;-0.012922212900593876;0.013735296996310353;10.830297327041626;0.007977191649843007;0.0876953125
4048;;;;;;-0.008867175551131368;0.005260735016781837;10.832177925109864;0.008468987909145654;0.1162109375
4049;;;;;;-0.0013915784967442355;0.05490807412813107;10.829190381368;0.011623702803626656;0.13723958333333333
4050;;;;;;-0.018209571857005356;0.003726652357727289;10.826325941085816;0.009349432948511094;0.1291015625
4051;;;;;;-0.009329104237258435;0.0025910221447702497;10.828100681304932;0.006568803114350885;0.085546875
4052;;;;;;-0.012597127165645362;0.07281256783753634;10.831866121292114;0.009211713436525316;0.12890625
4053;;;;;;-0.011908132582902908;0.006619964726269245;10.834673881530762;0.008234305842779576;0.1111328125
4054;;;;;;-0.014450108772143722;0.00476816933369264;10.835687112808227;0.006720099737867713;0.0830078125
4055;;;;;;-0.012929919990710914;0.003432428324595094;10.83588891029358;0.0077882166486233475;0.1140625
4056;;;;;;-0.009250007825903595;0.07223364915698767;10.831547021865845;0.007842351833824068;0.104296875
4057;;;;;;-0.015086119552142918;0.004093337350059301;10.823418951034546;0.007056358910631388;0.090234375
4058;;;;;;-0.003752095066010952;0.0694058041786775;10.816384935379029;0.009956185438204557;0.1275390625
4059;;;;;;-0.011643060483038425;0.003996324085164815;10.81230993270874;0.006146001443266868;0.0802734375
4060;;;;;;-0.012363214511424303;0.0025658083846792578;10.811491584777832;0.008444766886532307;0.1138671875
4061;;;;;;-0.01657890761271119;0.002592709136661142;10.810040855407715;0.007743099448271095;0.098828125
4062;;;;;;-0.010782272228971124;0.002633533300831914;10.804304265975953;0.0072338359314017;0.0947265625
4063;;;;;;-0.005055483989417553;0.0036653166869655253;10.80557279586792;0.007439103210344911;0.0966796875
4064;;;;;;-0.01049834960140288;0.003214745526202023;10.808824062347412;0.0091730703599751;0.122265625
4065;;;;;;-0.020708150952123104;0.006198751390911639;10.811828088760375;0.005499433830846101;0.070703125
4066;;;;;;-0.007939727464690804;0.07149097491055727;10.812833547592163;0.009500685625243931;0.1091796875
4067;;;;;;-0.015511737018823624;0.002923250000458211;10.807783889770509;0.008729248738382012;0.122265625
4068;;;;;;-0.022960475785657762;0.0024523765488993375;10.80631399154663;0.008752289495896548;0.1212890625
4069;;;;;;-0.015494144707918166;0.0029084560927003624;10.809021711349487;0.00938493205467239;0.13046875
4070;;;;;;-0.025662034563720227;0.001432065846165642;10.816238451004029;0.008346722752321512;0.1171875
4071;;;;;;-0.011827899236232042;0.003367434482788667;10.82076096534729;0.005263207235839218;0.0615234375
4072;;;;;;-0.010778035875409842;0.0015584060223773123;10.832453966140747;0.0065718088881112635;0.08984375
4073;;;;;;-0.00809701308608055;0.004026104661170394;10.838632249832154;0.00574545853305608;0.06796875
4074;;;;;;-0.020958324335515498;0.002925087057519704;10.842544174194336;0.009156199579592794;0.1216796875
4075;;;;;;-0.006454017898067832;0.001512683293549344;10.847933292388916;0.0059157352312468;0.074609375
4076;;;;;;-0.007936105830594897;0.001542877941392362;10.85005874633789;0.007839646190404892;0.10625
4077;;;;;;-0.01322853546589613;0.001260189909953624;10.848858785629272;0.0076658713398501275;0.1078125
4078;;;;;;-0.007692634593695402;0.000750903831794858;10.84999613761902;0.005880072840955109;0.07890625
4079;;;;;;-0.005449435021728277;0.001137013774132356;10.848924207687379;0.006076979846693575;0.078125
4080;;;;;;-0.017643405112903566;0.001360491948435083;10.851180934906006;0.007249520567711443;0.0970703125
4081;;;;;;-0.020978306094184516;0.0040198152302764354;10.848448276519775;0.010465590958483517;0.1423828125
4082;;;;;;-0.013959662837442011;0.001889491907786578;10.848362302780151;0.00817038503009826;0.10546875
4083;;;;;;-0.013541440572589636;0.0017877940030302853;10.853299140930176;0.00374243549304083;0.048046875
4084;;;;;;-0.014839563751593232;0.0012344168848358096;10.858392238616943;0.009713849588297307;0.13203125
4085;;;;;;-0.011584225203841924;0.11749921701848506;10.855001735687257;0.005942364560905844;0.075
4086;;;;;;-0.014929169788956642;0.004247251490596682;10.853454160690308;0.009672236850019545;0.1357421875
4087;;;;;;-0.014769470226019621;0.004280366632156074;10.853937530517578;0.007654753373935818;0.1138671875
4088;;;;;;-0.017347367480397224;0.0107024519238621;10.849978256225587;0.006785917724482715;0.0859375
4089;;;;;;-0.018370361207053064;0.0028580640559084714;10.846826171875;0.006462524260859937;0.07578125
4090;;;;;;-0.012292327685281634;0.0030951659893617032;10.842747354507447;0.006003692781087011;0.06640625
4091;;;;;;-0.013361796084791423;0.005105101596564054;10.842574548721313;0.006427344784606248;0.077734375
4092;;;;;;-0.013837130181491375;0.0014679763524327427;10.842765951156617;0.0059595136088319125;0.070703125
4093;;;;;;-0.011938784271478653;0.06517016608268023;10.841827249526977;0.014174349815584719;0.1978515625
4094;;;;;;-0.009916256158612668;0.0012331572826951743;10.838895654678344;0.006814428558573127;0.087890625
4095;;;;;;-0.013777401577681304;0.0017535078281071038;10.83486075401306;0.005250185471959412;0.066015625
4096;;;;;;-0.013037986215204;0.0012214354559546337;10.824200439453126;0.006794451386667788;0.0927734375
4097;;;;;;-0.0034443953074514864;0.001255716578452848;10.816890859603882;0.006844222056679427;0.0935546875
4098;;;;;;-0.008730013621971011;0.0026760385546367614;10.815825176239013;0.006142922746948898;0.0787109375
4099;;;;;;-0.010491954814642667;0.001748363784281537;10.817206478118896;0.006474440777674317;0.0833984375
4100;;;;;;-0.008001765236258507;0.0011098861898062751;10.813891983032226;0.004491702327504754;0.0564453125
4101;;;;;;-0.012488435884006322;0.0010795582027640193;10.80904803276062;0.005185632163193077;0.06640625
4102;;;;;;-0.009969838382676243;0.0016750264330767095;10.803030490875244;0.005242646799888462;0.0556640625
4103;;;;;;-0.018161179777234793;0.0015332132577896118;10.80203914642334;0.007875464973039925;0.11328125
4104;;;;;;-0.017133896402083338;0.0016984899819362908;10.806699895858765;0.009432094707153737;0.13671875
4105;;;;;;0.00029778340831398964;0.0595585415023379;10.80704731941223;0.006265511142555624;0.083984375
4106;;;;;;-0.005284676374867558;0.003938690922223031;10.807639741897583;0.004944618174340576;0.0603515625
4107;;;;;;-0.01507801712723449;0.004267644602805376;10.81051001548767;0.007791596231982112;0.102734375
4108;;;;;;-0.01839926189277321;0.004445019853301346;10.811302280426025;0.011017247627023607;0.1353515625
4109;;;;;;-0.010705558210611343;0.005010409816168249;10.810503435134887;0.006360877526458353;0.0861328125
4110;;;;;;-0.01543812663294375;0.001989770424552262;10.807474374771118;0.009190933918580413;0.126171875
4111;;;;;;-0.007079606130719185;0.0013990568637382238;10.804725503921508;0.009200646786484867;0.12421875
4112;;;;;;0.0005235842894762754;0.0007456962775904685;10.81123948097229;0.007394138118252158;0.0916015625
4113;;;;;;-0.010722504928708076;0.0009135096159297972;10.819599485397339;0.007987626397516578;0.10546875
4114;;;;;;-0.010378135368227959;0.0045113017782568935;10.823229265213012;0.0066895538126118485;0.087890625
4115;;;;;;-0.001484972797334194;0.029126805192208848;10.828035163879395;0.0033682295586913826;0.0330078125
4116;;;;;;-0.012738886289298534;0.000996819164720364;10.832279872894286;0.006504522624891251;0.0904296875
4117;;;;;;-0.008758359495550394;0.0021954454481601716;10.833887338638306;0.004822080198209733;0.059375
4118;;;;;;-0.010894982796162366;0.002732415549689904;10.835878229141235;0.006873308133799582;0.0908203125
4119;;;;;;-0.011183625832200051;0.001858246501069516;10.838789653778075;0.008875000185798853;0.1203125
4120;;;;;;-0.012310482072643935;0.002894540294073522;10.838618278503418;0.010747666261158884;0.1466796875
4121;;;;;;-0.013399606058374047;0.002882149978540838;10.839689111709594;0.006253167055547237;0.08359375
4122;;;;;;-0.010819753352552652;0.005160521238576621;10.839564037322997;0.009108994668349624;0.12265625
4123;;;;;;-0.008313602209091187;0.0025774674490094186;10.837658357620239;0.006991332839243114;0.1001953125
4124;;;;;;-0.01774811283685267;0.0014554435794707388;10.831955575942994;0.007787182496394962;0.1138671875
4125;;;;;;-0.01688067652285099;0.001391329607577063;10.830552864074708;0.006728680350352079;0.0865234375
4126;;;;;;-0.01776527753099799;0.0023577320273034273;10.826301336288452;0.011051189713180065;0.1580078125
4127;;;;;;-0.02164382254704833;0.0028980726667214183;10.82085657119751;0.00973023303085938;0.1431640625
4128;;;;;;-0.0006513147614896298;0.062390735768713054;10.819322109222412;0.004757448541931808;0.064453125
4129;;;;;;-0.023969500930979847;0.0018481279024854303;10.82295536994934;0.0087404744932428;0.1234375
4130;;;;;;-0.006023003859445453;0.0033013061969541014;10.82350583076477;0.009629357967060059;0.1400390625
4131;;;;;;-0.010513354030748209;0.005149670007328192;10.82673791249593;0.01515043869925042;0.19817708333333334
4132;;;;;;-0.016000500950030982;0.008232442988082766;10.83165168762207;0.006800277600996196;0.089453125
4133;;;;;;-0.009204240143299102;0.006220095069147646;10.832971668243408;0.005854668654501438;0.07109375
4134;;;;;;-0.013771651452407241;0.00959755084477365;10.836620140075684;0.009370736801065505;0.1150390625
4135;;;;;;-0.010184469725936651;0.004222366609610617;10.837008285522462;0.009867968130856752;0.1369140625
4136;;;;;;-0.012634185887873173;0.007756605814211071;10.834415006637574;0.008475163776893169;0.1203125
4137;;;;;;-0.005217856541275978;0.02270903722383082;10.834367418289185;0.004386138822883368;0.0521484375
4138;;;;;;-0.00733194719068706;0.1269849630072713;10.836069107055664;0.007835014339070768;0.112109375
4139;;;;;;-0.020064684306271376;0.00538000981323421;10.83583960533142;0.009940607077442109;0.1470703125
4140;;;;;;-0.01838358142413199;0.010187812545336784;10.836440372467042;0.00850465795956552;0.11484375
4141;;;;;;-0.014389795530587435;0.005375923309475184;10.835393285751342;0.011274566617794335;0.1314453125
4142;;;;;;-0.011871415982022881;0.06901140529662371;10.839763307571411;0.006799099524505437;0.079296875
4143;;;;;;-0.008503779396414756;0.0035369772813282907;10.837399768829346;0.00898580315988511;0.11953125
4144;;;;;;-0.006137541239149868;0.06190444300882518;10.833205604553223;0.008538625086657703;0.0935546875
4145;;;;;;-0.011743593495339155;0.003116019768640399;10.830554056167603;0.005984340026043355;0.06640625
4146;;;;;;-0.01820337548851967;0.003370368282776326;10.82718563079834;0.007213174656499177;0.0927734375
4147;;;;;;-0.004310323158279061;0.05495576690882444;10.826488733291626;0.006619776075240225;0.0876953125
4148;;;;;;-0.010863762628287078;0.0019406135659664869;10.824926662445069;0.0073078445042483505;0.1001953125
4149;;;;;;-0.009961853688582777;0.001740242721280083;10.820497131347656;0.005121048598084599;0.0587890625
4150;;;;;;-0.0054194380063563585;0.0006886999151902273;10.811651372909546;0.0065498423995450136;0.0822265625
4151;;;;;;-0.006181324413046241;0.0018248630542075262;10.807307767868043;0.005425623129121959;0.0693359375
4152;;;;;;-0.015647342264213982;0.052113920532386095;10.807691013111787;0.013015484341475017;0.1636029411764706
4153;;;;;;-0.02088998197577894;0.0044040241278707985;10.809608554840088;0.0071411409182474015;0.0890625
4154;;;;;;-0.01823695688508451;0.0011200513545190915;10.80512866973877;0.009844335122033953;0.135546875
4155;;;;;;-0.01016908623278141;0.0008295590290799737;10.797946500778199;0.0074296164559200404;0.1009765625
4156;;;;;;-0.008091300156795316;0.003161341346438146;10.794771247439915;0.010100114172221057;0.1271701388888889
4157;;;;;;-0.01599967204965651;0.002613351488253102;10.787261772155762;0.0072286950657144185;0.0978515625
4158;;;;;;-0.004568700143136084;0.0017807334515964612;10.77578845024109;0.0043218895443715155;0.0484375
4159;;;;;;-0.009931900911033154;0.003270867944229394;10.775659370422364;0.008528751344420016;0.116015625
4160;;;;;;-0.013852555956691503;0.004909663647413254;10.781174898147583;0.011895238689612597;0.1380859375
4161;;;;;;-0.013821104960516094;0.0020324230717960745;10.789779472351075;0.009568757424131036;0.1326171875
4162;;;;;;-0.007872452307492495;0.001728618674678728;10.794714450836182;0.007948560814838856;0.1056640625
4163;;;;;;-0.019315883796662093;0.0014147829031571745;10.797560262680054;0.009270001179538667;0.138671875
4164;;;;;;-0.012701243883930147;0.004433343152049929;10.794866609573365;0.007412413146812469;0.09296875
4165;;;;;;-0.015321540320292116;0.0022140549786854534;10.784636640548706;0.005651763977948576;0.0671875
4166;;;;;;-0.00857220720499754;0.009138664999045431;10.777389097213746;0.006561889941804111;0.075
4167;;;;;;-0.011265780869871378;0.002502815885236487;10.776689529418945;0.007477637659758329;0.0990234375
4168;;;;;;-0.021326591866090892;0.008180013601668179;10.773630475997924;0.006752718694042414;0.082421875
4169;;;;;;-0.007937457645311952;0.00864534939173609;10.777680778503418;0.008828338410239667;0.12734375
4170;;;;;;-0.009659824753180146;0.002663491509156302;10.777544975280762;0.0074406573316082355;0.104296875
4171;;;;;;-0.01156349633820355;0.07361703254282474;10.774296283721924;0.014883885241579265;0.19921875
4172;;;;;;-0.0019328778609633446;0.002528084069490433;10.763373470306396;0.006721495708916336;0.071875
4173;;;;;;-0.0013082640245556832;0.0019683332880958914;10.75443410873413;0.006378913496155292;0.0794921875
4174;;;;;;-0.017190523771569134;0.0026300016907043755;10.754803466796876;0.007663452753331512;0.1083984375
4175;;;;;;-0.017886770749464632;0.0016673072415869683;10.758731794357299;0.007756161596626043;0.0919921875
4176;;;;;;-0.010215235478244721;0.002956733643077314;10.766516542434692;0.006256503774784506;0.0890625
4177;;;;;;-0.013159155449829995;0.002019218273926526;10.767472982406616;0.011394802539143711;0.1603515625
4178;;;;;;-0.014170810580253601;0.0037799475132487713;10.768009233474732;0.010682864452246577;0.1560546875
4179;;;;;;-0.016534903505817055;0.0024352050968445837;10.762929010391236;0.010555192502215505;0.1478515625
4180;;;;;;-0.005644833715632558;0.0031130306888371706;10.758119678497314;0.010969473863951862;0.14765625
4181;;;;;;-0.013444173149764538;0.004248806810937822;10.75957956314087;0.008539774734526873;0.1193359375
4182;;;;;;-0.01748195954132825;0.008413709327578544;10.764286088943482;0.007061721850186586;0.0892578125
4183;;;;;;-0.009037463972344995;0.06147203017026186;10.765698194503784;0.006689230166375637;0.0875
4184;;;;;;-0.014783887332305313;0.004650260810740292;10.765966129302978;0.00870422221487388;0.1201171875
4185;;;;;;-0.010903517389670015;0.0033034654799848793;10.763938999176025;0.005765063513536006;0.0712890625
4186;;;;;;0.00045720967464149;0.003952337568625808;10.764934062957764;0.0070206292672082785;0.0974609375
4187;;;;;;-0.010806431714445352;0.0034593191230669618;10.770099306106568;0.009117714979220181;0.12734375
4188;;;;;;-0.009386991616338491;0.06469315756112337;10.76419973373413;0.007487189979292453;0.0876953125
4189;;;;;;-0.01484548868611455;0.0031550133833661677;10.761970949172973;0.008454408601392061;0.1158203125
4190;;;;;;-0.015365153457969427;0.0013998868351336568;10.764111137390136;0.006635589397046715;0.08671875
4191;;;;;;-0.010163139784708619;0.0021197205292992293;10.767066860198975;0.008811017591506242;0.119921875
4192;;;;;;-0.01118880994617939;0.002703911991557106;10.771334218978883;0.005624382733367383;0.0658203125
4193;;;;;;-0.011826771032065152;0.002970779244787991;10.772509145736695;0.006210952985566109;0.083203125
4194;;;;;;-0.019036349980160593;0.00137256279704161;10.774617576599121;0.010565469728317112;0.149609375
4195;;;;;;-0.010137451253831387;0.0018976429535541683;10.777466058731079;0.00703470732551068;0.0927734375
4196;;;;;;-0.013639816176146268;0.006709717260673642;10.769585514068604;0.011775177856907248;0.1267578125
4197;;;;;;-0.00906743926461786;0.0036060330574400725;10.766515588760376;0.007891258085146546;0.1119140625
4198;;;;;;-0.005299126310274005;0.014628140022978187;10.77164192199707;0.004804090433754027;0.054296875
4199;;;;;;-0.012504878779873252;0.008257328020408749;10.774311923980713;0.0070810016011819245;0.092578125
4200;;;;;;-0.01454524784348905;0.007108204183168709;10.779995727539063;0.0074924745131284;0.105078125
4201;;;;;;-0.002676040306687355;0.005362726119346917;10.783956623077392;0.0068733622552827;0.090234375
4202;;;;;;-0.014211303228512407;0.003286329819820821;10.783304452896118;0.011520433030091226;0.1529296875
4203;;;;;;-0.007091527804732323;0.012202988332137465;10.784559154510498;0.006700692989397794;0.0849609375
4204;;;;;;-0.011635510437190532;0.00614001601934433;10.785351943969726;0.0075728815980255606;0.079296875
4205;;;;;;-0.011959069967269897;0.010684924526140093;10.789514350891114;0.006450965662952513;0.0724609375
4206;;;;;;-0.0040036739315837625;0.03816047620493919;10.79011902809143;0.00766099690226838;0.1046875
4207;;;;;;-0.016380791319534183;0.007386957400012761;10.78309998512268;0.006993952090851963;0.08828125
4208;;;;;;-0.01165665928274393;0.010989412991330027;10.780356168746948;0.005790043424349278;0.0712890625
4209;;;;;;-0.0189585043117404;0.005864259996451437;10.78007755279541;0.00634518942097202;0.084375
4210;;;;;;-0.015869010332971813;0.0037873120862059297;10.777642393112183;0.00771186709171161;0.106640625
4211;;;;;;-0.011142442049458624;0.004921709687914699;10.774725675582886;0.007150155026465654;0.090625
4212;;;;;;-0.008475628634914755;0.0019206816097721458;10.77893590927124;0.00700738305458799;0.103515625
4213;;;;;;-0.0076651886571198705;0.0014949324948247522;10.780837726593017;0.0059591422439552845;0.076171875
4214;;;;;;-0.011669231997802853;0.0026167657633777708;10.786165237426758;0.010667377524077893;0.159375
4215;;;;;;-0.024657924473285676;0.0013095201633404941;10.79295859336853;0.008969271450769156;0.119140625
4216;;;;;;-0.0036119640804827212;0.06384498062543571;10.795958089828492;0.013376237079501151;0.1880859375
4217;;;;;;-0.021470521949231623;0.006492351123597473;10.80221471786499;0.008730926516000182;0.115234375
4218;;;;;;-0.009324075747281313;0.003333177568856627;10.80876784324646;0.008078995393589139;0.104296875
4219;;;;;;-0.001770803052932024;0.12138193398714066;10.811228036880493;0.00906990624498576;0.1279296875
4220;;;;;;-0.011600662348791957;0.001488129104836844;10.809807872772216;0.007468982075806707;0.1005859375
4221;;;;;;-0.016412989026866852;0.0024747244082391263;10.804019451141357;0.010043131443671882;0.1333984375
4222;;;;;;-0.009891191893257201;0.06022315504960716;10.799919748306275;0.008069243712816388;0.1107421875
4223;;;;;;-0.011905145179480315;0.006183480867184699;10.794465923309327;0.005985536333173514;0.0796875
4224;;;;;;-0.006316391658037901;0.0047753009363077584;10.795118045806884;0.004705722944345325;0.0630859375
4225;;;;;;-0.01476479039993137;0.0612531591206789;10.792112827301025;0.00847051861928776;0.117578125
4226;;;;;;-0.010985389351844788;0.0029106816567946226;10.783225393295288;0.008210294647142291;0.0974609375
4227;;;;;;-0.005424599023535847;0.0018467038811650128;10.775573635101319;0.007253044517710805;0.1080078125
4228;;;;;;-0.01490772790275514;0.00246812921250239;10.769472885131837;0.005756897595711052;0.073828125
4229;;;;;;-0.01652592159807682;0.0051324919797480105;10.765907382965088;0.011104157462250441;0.1552734375
4230;;;;;;-0.0035116877174004913;0.008746382454410196;10.770614004135131;0.006593938870355487;0.0888671875
4231;;;;;;-0.014007083675824105;0.0047985940123908225;10.778742504119872;0.008051086589694023;0.11328125
4232;;;;;;-0.01475499994121492;0.005459678743500262;10.7821355342865;0.008645474910736084;0.1259765625
4233;;;;;;-0.005104041285812854;0.0022350891784299167;10.782690954208373;0.009030223672743887;0.13125
4234;;;;;;-0.011218381859362126;0.059751739166677;10.782142734527588;0.007225932274013758;0.094140625
4235;;;;;;-0.0041421521455049515;0.0048070162069052454;10.779859495162963;0.008565332775469869;0.1240234375
4236;;;;;;-0.0072663188446313145;0.01862754098838195;10.780605888366699;0.008376116526778787;0.120703125
4237;;;;;;-0.017857724567875266;0.003038039244711399;10.77964382171631;0.011123373080044985;0.146875
4238;;;;;;-0.009798603365197778;0.0036372316302731634;10.775069952011108;0.010273031634278595;0.1255859375
4239;;;;;;-0.01960787856951356;0.0069385146955028175;10.770161962509155;0.008443676820024847;0.120703125
4240;;;;;;-0.009498878475278616;0.010965236881747841;10.767766332626342;0.008180181926582009;0.1197265625
4241;;;;;;-0.015157508151605725;0.0027372603595722466;10.762271928787232;0.006560770247597247;0.0755859375
4242;;;;;;-0.016794384690001607;0.0018446720554493369;10.765269327163697;0.006288435531314462;0.0708984375
4243;;;;;;-0.015819177124649288;0.0007987253804458306;10.774200773239135;0.005090634140651673;0.0681640625
4244;;;;;;-0.013714707246981562;0.0008297800231957808;10.779024505615235;0.005903672287240624;0.0626953125
4245;;;;;;-0.018937543220818042;0.0007847178814699874;10.773296403884888;0.008232021471485496;0.116015625
4246;;;;;;-0.004829886835068464;0.05820725664962083;10.76580457687378;0.00413040715502575;0.0478515625
4247;;;;;;-0.006244853651151061;0.12463805079460144;10.76216368675232;0.005579273391049355;0.073046875
4248;;;;;;-0.0025187821593135595;0.048546501575037836;10.762803649902343;0.0045276634744368495;0.052734375
4249;;;;;;-0.013192118238657713;0.046513451635837554;10.761217832565308;0.012139278906397521;0.16875
4250;;;;;;-0.007059976551681757;0.0027782796416431664;10.75855278968811;0.006500961270648986;0.0826171875
4251;;;;;;-0.010073345201089979;0.053056983090937135;10.760109376907348;0.009061807626858353;0.1171875
4252;;;;;;-0.018144417414441706;0.0033099454012699425;10.763605499267578;0.0089319551945664;0.116015625
4253;;;;;;-0.014367780229076744;0.01622239933349192;10.768245887756347;0.010430329688824713;0.1404296875
4254;;;;;;-0.0021217781119048595;0.05198885602876544;10.773937082290649;0.008144648000597953;0.103125
4255;;;;;;-0.010737143317237496;0.015609980188310146;10.773561811447143;0.0062091676867567;0.0794921875
4256;;;;;;-0.013774630054831505;0.008754533436149358;10.769196367263794;0.007506162521895021;0.109375
4257;;;;;;-0.009511153353378177;0.004738722427282483;10.765631914138794;0.008296239282935857;0.1150390625
4258;;;;;;-0.005634365091100335;0.054474540008232;10.766302394866944;0.0075451341224834325;0.1017578125
4259;;;;;;-0.007763693667948246;0.05028095957823098;10.766385507583617;0.00727694135857746;0.0947265625
4260;;;;;;-0.004622078291140497;0.06528820982202888;10.764858675003051;0.007499290513806045;0.097265625
4261;;;;;;-0.01162174493074417;0.003085362515412271;10.76443600654602;0.006638193957041949;0.0900390625
4262;;;;;;-0.0031912783160805702;0.0033701961510814726;10.768503093719483;0.007099616841878742;0.0947265625
4263;;;;;;-0.015864271251484752;0.013596652541309595;10.766155338287353;0.008807782863732428;0.121875
4264;;;;;;-0.006392052350565791;0.05581115316599607;10.76142988204956;0.006631388666573912;0.0869140625
4265;;;;;;-0.015970631502568722;0.005811269790865481;10.755787658691407;0.006878987280651927;0.098046875
4266;;;;;;-0.016782746057618748;0.02245752631940625;10.755800507285379;0.010991180103949526;0.11115056818181818
4267;;;;;;-0.015690345084294677;0.00915274010039866;10.754185771942138;0.011300559260416777;0.165625
4268;;;;;;-0.00610179197974503;0.004081058723386377;10.747940063476562;0.007692003913689405;0.1041015625
4269;;;;;;-0.008529805950820446;0.009753955807536841;10.744547891616822;0.005014118924736977;0.0625
4270;;;;;;-0.009658378921449185;0.00997034553438425;10.741485548019408;0.006954080227296799;0.0966796875
4271;;;;;;-0.00970253166742623;0.01680391812697053;10.735901117324829;0.008555249823257328;0.1119140625
4272;;;;;;-0.014933234453201294;0.005837835278362036;10.729877471923828;0.009062016499228776;0.114453125
4273;;;;;;-0.012701468914747239;0.07147228047251701;10.725265073776246;0.010127387917600572;0.133203125
4274;;;;;;-0.008067810535430908;0.010581365972757339;10.72283444404602;0.007897544966544956;0.104296875
4275;;;;;;-0.012863537156954407;0.008667409303598106;10.721756172180175;0.008688966510817409;0.116015625
4276;;;;;;-0.004297935124486685;0.06686928262934089;10.720245790481567;0.00793241870123893;0.1068359375
4277;;;;;;-0.005526483990252018;0.006975986598990858;10.721248769760132;0.006000619882252067;0.080078125
4278;;;;;;-0.022135006013559177;0.06366467897314579;10.725185203552247;0.009776287199929356;0.129296875
4279;;;;;;-0.010017085215076804;0.06284642210230232;10.71620478630066;0.007345872349105775;0.1021484375
4280;;;;;;-0.014518005587160588;0.054213059577159585;10.704044008255005;0.012043486535549163;0.161328125
4281;;;;;;-0.011167465336620807;0.017113540321588516;10.69899778366089;0.00982804544037208;0.137890625
4282;;;;;;-0.00815006815828383;0.064865408744663;10.696460676193237;0.008871811465360225;0.1076171875
4283;;;;;;-0.01141314241103828;0.01418894766829908;10.694785165786744;0.00818778385873884;0.1173828125
4284;;;;;;-0.004744582157582044;0.04985465868376195;10.693775129318237;0.005812322883866727;0.071875
4285;;;;;;-0.0033797038719058036;0.06954958285205066;10.69389533996582;0.009368266421370208;0.1255859375
4286;;;;;;-0.008770178013946861;0.014597423654049636;10.700030851364136;0.007691650069318712;0.101953125
4287;;;;;;-0.015183150582015515;0.013528768718242646;10.704974889755249;0.01053722839569673;0.141015625
4288;;;;;;-0.00600428469479084;0.13191314712166785;10.706554794311524;0.008543632726650685;0.1216796875
4289;;;;;;-0.0120909851975739;0.11264504641294479;10.701073598861694;0.005885763664264232;0.0712890625
4290;;;;;;-0.008782420214265585;0.0160628754645586;10.696267938613891;0.006281759636476636;0.085546875
4291;;;;;;-0.018776358710601924;0.06881435289978981;10.690984582901;0.006957939767744392;0.095703125
4292;;;;;;-0.011400121077895165;0.054623715579509735;10.686529493331909;0.011125212488695978;0.1482421875
4293;;;;;;-0.011510287830606102;0.011943261185660959;10.681650543212891;0.009585727867670358;0.13203125
4294;;;;;;-0.01569941844791174;0.11276088114827872;10.682629108428955;0.008641799876932055;0.1220703125
4295;;;;;;-0.01352569879963994;0.007460786146111786;10.682610702514648;0.008292843110393733;0.1181640625
4296;;;;;;-0.015654848702251912;0.0656195554882288;10.681001377105712;0.015886200114618988;0.1814453125
4297;;;;;;-0.009791923966258765;0.06962022604420781;10.678379201889038;0.010547068959567696;0.1345703125
4298;;;;;;-0.01215990751516074;0.013129713898524641;10.672272443771362;0.009656559966970235;0.1291015625
4299;;;;;;-0.015300695272162556;0.014726999774575233;10.676865100860596;0.011780564615037292;0.1544921875
4300;;;;;;-0.006686645280569792;0.05953944195061922;10.68237476348877;0.01135787550592795;0.1455078125
4301;;;;;;-0.0064258084166795015;0.011689476133324207;10.681616163253784;0.008034173143096268;0.1044921875
4302;;;;;;-0.00786680500023067;0.10969481710344553;10.687459707260132;0.008577928820159286;0.11640625
4303;;;;;;-0.014482397586107254;0.050333417905494574;10.689558029174805;0.007804471626877784;0.104296875
4304;;;;;;-0.011229850910604;0.009940419299528002;10.685794019699097;0.008240101975388825;0.10546875
4305;;;;;;-0.01043397089233622;0.01283891275525093;10.684482192993164;0.010386950185056776;0.155078125
4306;;;;;;-0.0029081181855872273;0.011668346216902136;10.682781267166138;0.007633189659100026;0.107421875
4307;;;;;;-0.007189881382510066;0.07472262671217322;10.681376218795776;0.011499001819174737;0.1720703125
4308;;;;;;-0.0062685909681022165;0.013183849165216088;10.672572708129882;0.007818456622771919;0.1021484375
4309;;;;;;-0.01176885855384171;0.06569420825690031;10.670810222625732;0.009544831642415375;0.1294921875
4310;;;;;;-0.008042243379168212;0.07774519445374609;10.674984169006347;0.012816905870568007;0.160546875
4311;;;;;;-0.013357366528362035;0.162154933065176;10.676597070693969;0.009746158169582486;0.132421875
4312;;;;;;-0.013112729112617672;0.010807804693467916;10.679166841506959;0.010440579836722464;0.1501953125
4313;;;;;;-0.015012264531105757;0.015221581747755408;10.686877059936524;0.010842412419151515;0.1412109375
4314;;;;;;-0.019495665561407804;0.007780257309786975;10.692665624618531;0.008185379765927791;0.115625
4315;;;;;;-0.015152021637186408;0.02122345706447959;10.699211978912354;0.008224094333127142;0.105078125
4316;;;;;;-0.014356010453775525;0.011650039860978723;10.702710390090942;0.007632181560620665;0.112109375
4317;;;;;;-0.006086862925440073;0.010451999818906188;10.707965755462647;0.006299845827743411;0.0748046875
4318;;;;;;-0.013077725563198328;0.005925910209771246;10.707572603225708;0.007877855224069207;0.1134765625
4319;;;;;;-0.02246968192048371;0.012222456280142069;10.70145092010498;0.010612682672217488;0.1607421875
4320;;;;;;-0.007677077036350966;0.07803708678111435;10.692509317398072;0.008102071413304657;0.1115234375
4321;;;;;;-0.014813635731115937;0.010336198471486568;10.687202978134156;0.006831733731087297;0.083984375
4322;;;;;;-0.01878571684937924;0.010933939204551279;10.6864914894104;0.006871547526679933;0.0951171875
4323;;;;;;-0.01068989336490631;0.009893664042465389;10.688781976699829;0.008364709268789738;0.1095703125
4324;;;;;;-0.01807979205623269;0.07632753904908895;10.695554113388061;0.006294688361231237;0.089453125
4325;;;;;;-0.004245576821267605;0.07559398617595434;10.69384446144104;0.008168441301677376;0.1109375
4326;;;;;;-0.009911923576146365;0.008353172009810806;10.690929841995239;0.005888323183171451;0.0734375
4327;;;;;;-0.007103295624256134;0.0059475541114807125;10.691613721847535;0.00798338457243517;0.104296875
4328;;;;;;-0.005683496920391917;0.09048646129667759;10.695614910125732;0.006054909701924771;0.0796875
4329;;;;;;-0.004012111504562199;0.011654875497333706;10.693361949920654;0.010020389826968313;0.1294921875
4330;;;;;;-0.004913953179493546;0.016992251900956035;10.689762401580811;0.007362801278941333;0.0984375
4331;;;;;;-0.014641452673822641;0.0825411147903651;10.69226951599121;0.0071796383592300115;0.091796875
4332;;;;;;-0.0024315103888511657;0.07951358333230019;10.688359689712524;0.008390160265844316;0.1060546875
4333;;;;;;-0.011208381177857519;0.016157402517274023;10.684223175048828;0.008898172446060925;0.123828125
4334;;;;;;-0.005983227584511042;0.22595828846096994;10.686191654205322;0.005785332480445504;0.074609375
4335;;;;;;-0.016422489704564214;0.0845459820702672;10.687923145294189;0.0072443671408109365;0.091796875
4336;;;;;;-0.011960379406809806;0.11737368740141392;10.689693069458007;0.011212882166728378;0.142578125
4337;;;;;;-0.011377522256225348;0.12187412902712821;10.68768014907837;0.006862793175969273;0.093359375
4338;;;;;;-0.007447000965476036;0.09161292426288128;10.682520341873168;0.008610097761265933;0.1177734375
4339;;;;;;-0.008730005379766226;0.06863697143271566;10.677722930908203;0.006053523789159953;0.0822265625
4340;;;;;;-0.010827747313305736;0.07538002114742995;10.670823526382446;0.006549189670477062;0.0818359375
4341;;;;;;-0.004725402500480413;0.11955661550164223;10.672690057754517;0.0059481038013473155;0.0720703125
4342;;;;;;-0.011421046126633883;0.07377159530296921;10.670006608963012;0.006414492055773735;0.0853515625
4343;;;;;;-0.005913468124344945;0.06980955004692077;10.661249732971191;0.00877199306851253;0.1169921875
4344;;;;;;-0.012087237974628805;0.0930809561163187;10.652913570404053;0.007819727575406433;0.10625
4345;;;;;;-0.011458020913414657;0.019873876869678498;10.646498489379884;0.010452109319157899;0.1376953125
4346;;;;;;-0.005825544404797256;0.06932004559785128;10.647611618041992;0.007205803983379155;0.100390625
4347;;;;;;-0.008103007241152227;0.053187701664865014;10.647221660614013;0.005897701543290168;0.0810546875
4348;;;;;;-0.010002185450866818;0.08976716231554746;10.648053550720215;0.006305691751185805;0.078125
4349;;;;;;-0.016504751378670336;0.02316558239981532;10.648645210266114;0.007593553978949785;0.105859375
4350;;;;;;-0.009760949620977044;0.04425584240816534;10.648543500900269;0.010021783178672194;0.1453125
4351;;;;;;-0.01258131922222674;0.028320375829935074;10.652874946594238;0.008152327709831297;0.125390625
4352;;;;;;-0.0063014327548444275;0.10578195489943028;10.656179809570313;0.009109071537386626;0.1318359375
4353;;;;;;-0.013346640672534705;0.02862798562273383;10.650775575637818;0.006092129705939442;0.082421875
4354;;;;;;-0.0036951956804841756;0.018875604635104536;10.649181175231934;0.0057572197867557405;0.0740234375
4355;;;;;;-0.008657527854666114;0.012615906493738293;10.651098203659057;0.008640166197437793;0.127734375
4356;;;;;;-0.010802655247971416;0.05471608713269234;10.651144981384277;0.012734447699040174;0.176953125
4357;;;;;;-0.0048175340751186015;0.02135532358661294;10.645805501937867;0.008028236695099621;0.1208984375
4358;;;;;;-0.0038723454810678957;0.01038938753772527;10.640027952194213;0.0058636854053474964;0.0748046875
4359;;;;;;-0.005155433434993029;0.009930468071252108;10.634396600723267;0.007665136619471014;0.102734375
4360;;;;;;-0.012580888904631138;0.007296509644947946;10.635486221313476;0.0075767928152345124;0.1068359375
4361;;;;;;-0.011875787097960711;0.06918731024488807;10.63520107269287;0.012672923086211086;0.1779296875
4362;;;;;;-0.003192401584237814;0.00685598652344197;10.634247970581054;0.007096093392465264;0.0943359375
4363;;;;;;-7.515725446864963e-05;0.056521474826149644;10.636494302749634;0.008093809767160565;0.112109375
4364;;;;;;-0.008727280050516128;0.13655567802488805;10.63550353050232;0.0079949522158131;0.09765625
4365;;;;;;-0.00432682097889483;0.049908626917749645;10.62757716178894;0.005428671836853027;0.0701171875
4366;;;;;;-0.015472037438303231;0.014432791294530034;10.622645616531372;0.01201826228061691;0.1697265625
4367;;;;;;-0.013753675110638141;0.011360365524888038;10.619600820541383;0.008303184690885246;0.1240234375
4368;;;;;;-0.00968730601016432;0.056645909510552886;10.614967584609985;0.00980266957776621;0.1369140625
4369;;;;;;0.0023942643776535986;0.14272313956171273;10.607860040664672;0.005112124769948423;0.059375
4370;;;;;;-0.007464126124978066;0.10107965283095836;10.60509376525879;0.008666149876080453;0.1171875
4371;;;;;;-0.004976590815931559;0.009659793437458574;10.601876735687256;0.009057616640347987;0.1263671875
4372;;;;;;-0.01012704665772617;0.04093074165284634;10.60173840522766;0.008090562163852155;0.1126953125
4373;;;;;;-0.012670103181153535;0.036082442943006755;10.59844069480896;0.007125672767870128;0.097265625
4374;;;;;;-0.015101228537969292;0.015327990101650358;10.598638582229615;0.010588722163811326;0.1521484375
4375;;;;;;-0.007823763228952885;0.04927327041514218;10.593714284896851;0.009543296159245073;0.1349609375
4376;;;;;;-0.01286035447847098;0.07754585146903992;10.583900594711304;0.00956025457708165;0.139453125
4377;;;;;;-0.011233084322884678;0.04067287053912878;10.580981492996216;0.008920624514576047;0.1119140625
4378;;;;;;-0.010072278277948498;0.024944982118904592;10.57880711555481;0.007537470932584256;0.10703125
4379;;;;;;-0.007802986307069659;0.04349031392484903;10.581914806365967;0.006064088363200426;0.0783203125
4380;;;;;;-0.007631429098546505;0.09707996789366007;10.582201814651489;0.01010783192468807;0.1431640625
4381;;;;;;-0.0032658968586474655;0.019678128836676478;10.581445503234864;0.005329292640089989;0.0671875
4382;;;;;;-0.013408649247139692;0.030638237483799458;10.578631448745728;0.005309623631183058;0.0689453125
4383;;;;;;-0.006621658662334084;0.011132002389058471;10.573429679870605;0.0073748272261582315;0.1029296875
4384;;;;;;-0.011912482744082808;0.021866935957223176;10.56685643196106;0.007824637228623033;0.1005859375
4385;;;;;;-0.0031882561277598144;0.028392208088189364;10.563094282150269;0.007535960921086371;0.10234375
4386;;;;;;-0.01576758404262364;0.0180083679035306;10.562711048126221;0.008550936717074364;0.118359375
4387;;;;;;-0.011686974391341209;0.22583856098353863;10.564929676055907;0.0062013453571125865;0.080078125
4388;;;;;;-0.017212990997359158;0.015069511160254479;10.563983964920045;0.012937148148193956;0.16484375
4389;;;;;;-0.010211290512233972;0.013793946476653218;10.561259078979493;0.007052070193458349;0.0974609375
4390;;;;;;-0.00875727105885744;0.1581886038184166;10.567663526535034;0.006584051891695708;0.0833984375
4391;;;;;;-0.00726159499026835;0.07919544838368893;10.570534181594848;0.008157504990231245;0.1126953125
4392;;;;;;-0.007504188735038042;0.026018656510859727;10.570205402374267;0.006363251444417984;0.08046875
4393;;;;;;-0.008634106256067753;0.06786732114851475;10.56805911064148;0.008842625666875392;0.1181640625
4394;;;;;;-0.00480270148254931;0.09171096011996269;10.562594270706176;0.0063309394754469395;0.0791015625
4395;;;;;;-0.0075597562827169895;0.03576186764985323;10.563518285751343;0.010565851465798914;0.1466796875
4396;;;;;;-0.005022844998165965;0.08583451174199581;10.569725513458252;0.007350480335298925;0.0982421875
4397;;;;;;-0.006688393652439117;0.08245810698717833;10.56555118560791;0.01089070241432637;0.137890625
4398;;;;;;-0.01672431929036975;0.020379317924380302;10.562493515014648;0.008693604078143836;0.121875
4399;;;;;;-0.006190877268090844;0.11115944441407918;10.562730932235718;0.008597171609289944;0.125390625
4400;;;;;;-0.003659965144470334;0.030314397253096103;10.559389543533324;0.006691782630514354;0.0896484375
4401;;;;;;-0.011326990136876703;0.01833109073340893;10.557640504837035;0.009724353742785751;0.138671875
4402;;;;;;-0.010978500614874065;0.02754429429769516;10.558083391189575;0.007697482360526919;0.103125
4403;;;;;;-0.008483667485415935;0.019300235761329533;10.558104181289673;0.011398772639222444;0.1671875
4404;;;;;;-0.005243814876303076;0.10336638987064362;10.559976720809937;0.009792518755421042;0.1375
4405;;;;;;-0.015557369543239474;0.013973845960572362;10.56227731704712;0.009655900194775312;0.134765625
4406;;;;;;-0.02433307175524533;0.012506967410445213;10.561892700195312;0.009552462259307504;0.1328125
4407;;;;;;-0.0027610200457274916;0.09226392861455679;10.564414310455323;0.007492631173226983;0.10703125
4408;;;;;;-0.006199761060997844;0.10662207268178463;10.562695980072021;0.006596459168940782;0.0876953125
4409;;;;;;-0.013106986088678241;0.020660699158906937;10.553999185562134;0.011726096284110098;0.15078125
4410;;;;;;-0.010278991935774685;0.1127111367881298;10.542927598953247;0.007619844935834408;0.1015625
4411;;;;;;-0.0069625766947865484;0.025424948986619712;10.537100887298584;0.008158104855101555;0.1126953125
4412;;;;;;-0.014430796075612307;0.09232486747205257;10.543506813049316;0.011267296457663178;0.155078125
4413;;;;;;-0.013190459390170873;0.016405036393553018;10.543689155578614;0.009942788246553392;0.1267578125
4414;;;;;;-0.006302921194583177;0.014850597688928246;10.540831375122071;0.007452376640867442;0.1044921875
4415;;;;;;-0.010957324132323264;0.010197583446279168;10.542616176605225;0.008644127333536745;0.1185546875
4416;;;;;;-0.010148422233760357;0.0374280353076756;10.550124979019165;0.008757406449876725;0.1201171875
4417;;;;;;-0.016686836711596698;0.015785074699670075;10.556029891967773;0.009656066307798028;0.1404296875
4418;;;;;;-0.012647261098027229;0.02266930709592998;10.555180072784424;0.00787606785306707;0.114453125
4419;;;;;;-0.0112710639834404;0.016470547392964364;10.553388023376465;0.008975477633066475;0.12109375
4420;;;;;;-0.014917047042399646;0.017231260146945714;10.55708327293396;0.009024595189839602;0.1158203125
4421;;;;;;-0.011134533351287246;0.005591443856246769;10.558398818969726;0.008461263321805745;0.1166015625
4422;;;;;;-0.013507418311201036;0.014134474564343691;10.556052446365356;0.010352478420827538;0.1458984375
4423;;;;;;-0.011506168742198498;0.03681471748277545;10.556030178070069;0.00838335471926257;0.1048828125
4424;;;;;;-0.01223429290112108;0.013755212537944317;10.554748344421387;0.009612723672762512;0.1359375
4425;;;;;;-0.01058458248153329;0.0090731639880687;10.550636863708496;0.012758447474334389;0.16640625
4426;;;;;;-0.01554543450474739;0.015243306243792176;10.545820665359496;0.010489941656123847;0.1462890625
4427;;;;;;-0.01533856806345284;0.0408157242462039;10.543201017379761;0.007999064633622766;0.11484375
4428;;;;;;-0.010876844264566898;0.021087499801069498;10.534800004959106;0.008709376293700189;0.1216796875
4429;;;;;;-0.007176431966945529;0.010119626601226627;10.5254150390625;0.007522476406302303;0.0998046875
4430;;;;;;-0.01009445209056139;0.009064229228533805;10.522375869750977;0.006808652367908508;0.096484375
4431;;;;;;-0.0072909841313958165;0.01623078021220863;10.521962642669678;0.008003232069313526;0.1146484375
4432;;;;;;-0.00914543610997498;0.020144781237468122;10.526083612442017;0.010368372092489152;0.13828125
4433;;;;;;-0.01453438149765134;0.007022267743013799;10.530007123947144;0.006682606355752796;0.086328125
4434;;;;;;-0.012436935957521201;0.004558578401338309;10.531777477264404;0.00842495379038155;0.122265625
4435;;;;;;-0.0195473734755069;0.01148103850428015;10.535881757736206;0.01183517852332443;0.169921875
4436;;;;;;-0.006567219458520413;0.015904471138492228;10.538992834091186;0.011066510900855064;0.1427734375
4437;;;;;;-0.011080958624370396;0.009877405990846456;10.541154766082764;0.0075885736849159;0.0970703125
4438;;;;;;-0.021193925209809096;0.01027462724596262;10.53832836151123;0.006076786015182733;0.0748046875
4439;;;;;;-0.01456706370227039;0.0175465221516788;10.538023900985717;0.008631925366353243;0.1173828125
4440;;;;;;-0.00751642903778702;0.0208990094717592;10.53542184829712;0.008007856062613427;0.1142578125
4441;;;;;;-0.017438022512942554;0.013027225015684962;10.535703802108765;0.009934536961372942;0.135546875
4442;;;;;;-0.013986940635368228;0.011568511975929141;10.536494874954224;0.007248862436972559;0.0970703125
4443;;;;;;4.516146145761013e-05;0.013568676495924591;10.529139709472656;0.005820270942058415;0.0705078125
4444;;;;;;-0.009801569394767284;0.008889379282481968;10.530736541748047;0.011121001793071628;0.147265625
4445;;;;;;-0.01626853854395449;0.01702904156409204;10.534409523010254;0.009617689752485604;0.1404296875
4446;;;;;;-0.01452122712507844;0.00400805922690779;10.537348318099976;0.006624656554777175;0.0919921875
4447;;;;;;-0.013702097116038203;0.004100414086133241;10.5441659450531;0.011163454805500805;0.1537109375
4448;;;;;;-0.010674015805125236;0.011626342264935374;10.555957078933716;0.007892427174374462;0.10703125
4449;;;;;;-0.007493702252395451;0.007731701317243278;10.56397533416748;0.009139620140194893;0.13359375
4450;;;;;;-0.014367400156334042;0.004882162739522755;10.56221079826355;0.007940983644220977;0.1029296875
4451;;;;;;-0.013283082842826843;0.006219371408224106;10.558774614334107;0.01294172793859616;0.17265625
4452;;;;;;-0.01277347868308425;0.023963328404352068;10.561880540847778;0.009231653669849038;0.1337890625
4453;;;;;;-0.007790099596604705;0.007571585243567824;10.569275331497192;0.0070813853177241984;0.1048828125
4454;;;;;;-0.011964684259146452;0.005414004810154438;10.564273500442505;0.008816547540482134;0.121875
4455;;;;;;-0.01585365473292768;0.008132463367655874;10.558126831054688;0.006943332415539771;0.094140625
4456;;;;;;-0.013491206825710833;0.022307246830314396;10.553006076812744;0.007343991496600211;0.1
4457;;;;;;-0.005321146245114506;0.010207977169193328;10.554845380783082;0.00929851649561897;0.1330078125
4458;;;;;;-0.019952515326440334;0.007034671073779464;10.555844259262084;0.008621477067936211;0.1240234375
4459;;;;;;-0.018986734701320528;0.00732551533728838;10.557053327560425;0.010834701650310308;0.151953125
4460;;;;;;-0.012424927041865885;0.012659391947090625;10.563866710662841;0.009645232011098414;0.1291015625
4461;;;;;;-0.008366448897868395;0.016310304310172795;10.575027513504029;0.0075702052447013555;0.1041015625
4462;;;;;;-0.011405727779492735;0.007514954591169953;10.578439092636108;0.007543735182844102;0.0984375
4463;;;;;;-0.008599724597297609;0.010890465881675481;10.578741025924682;0.00865767220966518;0.118359375
4464;;;;;;-0.012378852628171445;0.006409048335626721;10.577308893203735;0.00814322301885113;0.1123046875
4465;;;;;;-0.014477499201893807;0.007222176459617913;10.575831651687622;0.008911010331939907;0.11015625
4466;;;;;;-0.003066211752593517;0.007114348374307156;10.571064138412476;0.005400268535595387;0.0669921875
4467;;;;;;-0.008280082792043685;0.00805204149801284;10.565734767913819;0.007742380723357201;0.1095703125
4468;;;;;;-0.0057074096985161304;0.004673929838463664;10.562871408462524;0.008604380022734403;0.11640625
4469;;;;;;-0.002128120604902506;0.010679998295381665;10.561615180969238;0.0077993409358896315;0.10625
4470;;;;;;-0.011851985659450292;0.010020653391256929;10.562719535827636;0.01055115859489888;0.12890625
4471;;;;;;-0.016574936732649804;0.008926019957289099;10.559732055664062;0.009029270487371833;0.1345703125
4472;;;;;;-0.006569851841777563;0.0038105978397652506;10.55595097541809;0.007231803354807198;0.0970703125
4473;;;;;;-0.012518686754629017;0.01003803345374763;10.55609188079834;0.00818166856188327;0.105078125
4474;;;;;;-0.013250796124339104;0.01115300110541284;10.55564079284668;0.009884619002696127;0.1296875
4475;;;;;;-0.010099266190081835;0.00383768001338467;10.549403619766235;0.007463176851160824;0.1064453125
4476;;;;;;-0.016232919599860906;0.0037374367704614995;10.543127727508544;0.008575428661424666;0.1193359375
4477;;;;;;-0.01555865528061986;0.014692389359697699;10.541262817382812;0.007459404191467911;0.1052734375
4478;;;;;;-0.006485387170687318;0.012551102554425597;10.537995338439941;0.011397003952879459;0.1544921875
4479;;;;;;-0.005423109792172909;0.006278848485089838;10.539965200424195;0.007616618683096021;0.0994140625
4480;;;;;;-0.0112775445333682;0.004870990663766861;10.535779190063476;0.006896871398203075;0.0806640625
4481;;;;;;-0.008723412547260523;0.009795321035198867;10.53508472442627;0.00949556230334565;0.1330078125
4482;;;;;;-0.010809695161879063;0.010698430240154266;10.538469409942627;0.010753840079996736;0.1427734375
4483;;;;;;-0.009433280699886382;0.009486927906982601;10.545899438858033;0.007753852300811559;0.10546875
4484;;;;;;-0.013308387226425111;0.005627622676547617;10.545981645584106;0.00906157618155703;0.1265625
4485;;;;;;-0.016195836546830832;0.009861997468397022;10.54498782157898;0.010806474846322089;0.148046875
4486;;;;;;-0.004400524171069264;0.00632330325897783;10.545547342300415;0.008409194927662612;0.1158203125
4487;;;;;;-0.0173940559849143;0.003920634184032679;10.551239442825317;0.008292757370509208;0.119921875
4488;;;;;;-0.014780957624316216;0.002945752942468971;10.560894680023193;0.010368578054476529;0.1455078125
4489;;;;;;-0.010391763830557465;0.00415360638871789;10.566345643997192;0.006172497849911451;0.0802734375
4490;;;;;;-0.011961875017732382;0.004401238413993269;10.56401686668396;0.008784049458336085;0.125
4491;;;;;;-0.014700841205194593;0.002272954146610573;10.561998653411866;0.010118157591205091;0.1373046875
4492;;;;;;-0.020796427922323345;0.0028471438912674786;10.56141996383667;0.012294779915828257;0.179296875
4493;;;;;;-0.0067584490403532985;0.0021625291090458633;10.556712341308593;0.007298955600708723;0.095703125
4494;;;;;;-0.01120701627805829;0.004292974423151463;10.547277450561523;0.01070086850086227;0.147265625
4495;;;;;;-0.01644394062459469;0.005068747734185308;10.542074012756348;0.008658687374554575;0.10625
4496;;;;;;-0.006229590903967619;0.0034601335180923344;10.540707159042359;0.006329329963773489;0.0873046875
4497;;;;;;-0.01127747013233602;0.004823200334794819;10.537956428527831;0.009361798083409667;0.1193359375
4498;;;;;;-0.021059295011218636;0.0057791929692029955;10.530823135375977;0.007633148948661983;0.110546875
4499;;;;;;-0.010576585307717323;0.003945551381912082;10.530245494842529;0.009384020580910146;0.1224609375
4500;;;;;;-0.018725432548671962;0.0035299011738970875;10.530182647705079;0.010736290400382131;0.151171875
4501;;;;;;-0.015247055294457823;0.005646399466786534;10.527405929565429;0.008038434514310211;0.105859375
4502;;;;;;-0.0100856089964509;0.0036920423386618494;10.529172992706298;0.010480970097705721;0.1404296875
4503;;;;;;-0.026004929561167955;0.005760714085772634;10.525801467895509;0.010322801303118467;0.1458984375
4504;;;;;;-0.022930269688367845;0.0063188117230311034;10.520919466018677;0.008120714477263391;0.11328125
4505;;;;;;-0.008443355467170477;0.010659307218156755;10.512218999862672;0.009970467770472169;0.143359375
4506;;;;;;-0.012081120535731316;0.005101922946050763;10.507337379455567;0.0100473677739501;0.14375
4507;;;;;;-0.011348317947704346;0.004163376882206649;10.50906138420105;0.00805752823362127;0.098828125
4508;;;;;;-0.009752233931794762;0.015050538419745862;10.509158372879028;0.007700172776822001;0.109375
4509;;;;;;-0.016356365755200386;0.003758903092239052;10.513967084884644;0.010217802820261569;0.1171875
4510;;;;;;-0.008247362030670048;0.008875923859886826;10.517727851867676;0.0079251226503402;0.10546875
4511;;;;;;-0.0021762636490166186;0.00849049633834511;10.514683723449707;0.0067443133564665915;0.0927734375
4512;;;;;;-0.011092840926721692;0.020047310274094343;10.511642694473267;0.009013572859112173;0.11796875
4513;;;;;;-0.020261767599731684;0.008276832033880055;10.51086368560791;0.007489641290158033;0.101171875
4514;;;;;;-0.011591388098895549;0.014601374790072442;10.508431816101075;0.012018411525059492;0.166796875
4515;;;;;;-0.015454966202378273;0.01637947466224432;10.505779123306274;0.012198054732289165;0.1685546875
4516;;;;;;-0.008927402459084988;0.012555708969011902;10.50236234664917;0.013152658834587782;0.1845703125
4517;;;;;;-0.011084372829645871;0.07424111571162939;10.501526737213135;0.01097385430475697;0.1556640625
4518;;;;;;-0.01716088242828846;0.013352519157342613;10.50162878036499;0.008213970449287445;0.1169921875
4519;;;;;;-0.017457505268976093;0.02859408427029848;10.503731155395508;0.007773798797279597;0.1091796875
4520;;;;;;-0.016346480185166;0.011818437464535236;10.511787796020508;0.013845085178036242;0.1970703125
4521;;;;;;-0.015794802084565164;0.005767521681264043;10.513837146759034;0.011357157328166067;0.1513671875
4522;;;;;;-0.022669516247697176;0.10211096666753292;10.515867519378663;0.009397087059915066;0.1146484375
4523;;;;;;-0.011876036506146192;0.01686609429307282;10.520400333404542;0.009107545658480376;0.1216796875
4524;;;;;;-0.013068841537460685;0.004210091067943722;10.52153925895691;0.011098645767197013;0.15625
4525;;;;;;-0.01080680089071393;0.0031599201378412546;10.516436862945557;0.005792383628431708;0.0748046875
4526;;;;;;-0.012888702843338252;0.014551315270364285;10.513991928100586;0.009006599220447243;0.1287109375
4527;;;;;;-0.0119189343880862;0.018220849940553306;10.509208393096923;0.012773102999199181;0.16171875
4528;;;;;;-0.0048566619399935005;0.07176733671221883;10.506632328033447;0.009634918544907122;0.1267578125
4529;;;;;;-0.014722846867516636;0.004711976821999997;10.500372982025146;0.009521369077265262;0.1158203125
4530;;;;;;-0.010004430590197445;0.027742637414485218;10.495173835754395;0.01168477926403284;0.165625
4531;;;;;;-0.014949757233262062;0.011228820635005831;10.496496677398682;0.007542851066682487;0.103125
4532;;;;;;-0.01541375785600394;0.006235103169456124;10.500596714019775;0.009278126794379204;0.1314453125
4533;;;;;;-0.01577961868606508;0.01709656659513712;10.510613489151002;0.00751356928376481;0.0998046875
4534;;;;;;-0.009280850482173263;0.017980069294571875;10.520994997024536;0.009137216478120536;0.1279296875
4535;;;;;;-0.012413665978237986;0.01507629849947989;10.526636552810668;0.011851524491794408;0.1552734375
4536;;;;;;-0.00950594018213451;0.006300524366088212;10.527480602264404;0.009643951465841382;0.1353515625
4537;;;;;;-0.008443161100149154;0.025519768986850978;10.526105499267578;0.011209978279657662;0.1537109375
4538;;;;;;-0.005247030023019761;0.006420081458054483;10.523033905029298;0.006535201112274081;0.08828125
4539;;;;;;-0.002359836455434561;0.007485893671400845;10.523078012466431;0.006463370891287923;0.0802734375
4540;;;;;;-0.01346933760214597;0.013527146680280567;10.520966815948487;0.008417660975828767;0.12734375
4541;;;;;;-0.013743857620283961;0.01515311838593334;10.519289302825928;0.008870758966077119;0.1171875
4542;;;;;;-0.004705861187539994;0.005569210683461279;10.520097875595093;0.007836606609635055;0.1078125
4543;;;;;;-0.003929777070879936;0.012996566342189908;10.521346473693848;0.009143287071492524;0.1267578125
4544;;;;;;-0.0028325716654459634;0.007356142004330953;10.52455997467041;0.012035813586165508;0.14791666666666667
4545;;;;;;-0.006112437311094255;0.010618391050957143;10.52704291343689;0.013113803486339748;0.1822265625
4546;;;;;;-0.0119951487518847;0.005471308541018516;10.52949333190918;0.011829572659917176;0.1607421875
4547;;;;;;-0.008029601629823446;0.012276804982684552;10.535557270050049;0.01048648830037564;0.1439453125
4548;;;;;;-0.013743186881765724;0.002044627396389842;10.542100811004639;0.012224739021621644;0.16328125
4549;;;;;;-0.019857193902134897;0.006768026878125966;10.542399215698243;0.010683852003421635;0.13671875
4550;;;;;;-0.0248972300440073;0.01581080830655992;10.538827466964722;0.012900674866978079;0.1853515625
4551;;;;;;-0.01833025589585304;0.005536417081020773;10.541972112655639;0.010117658751551063;0.141796875
4552;;;;;;-0.005907017132267356;0.007128852745518088;10.542197036743165;0.006439504388254136;0.0830078125
4553;;;;;;-0.01372213033027947;0.005666385684162378;10.53968825340271;0.006981608422938735;0.0935546875
4554;;;;;;-0.014952453365549446;0.0035215926240198315;10.536206817626953;0.007255213533062488;0.098046875
4555;;;;;;-0.01402211356908083;0.005627802270464599;10.531781864166259;0.007017142011318356;0.0966796875
4556;;;;;;-0.007190030300989747;0.08854451738297939;10.528790283203126;0.007053991744760424;0.100390625
4557;;;;;;-0.007033771037822589;0.01343915071338415;10.522942495346069;0.007346272270660847;0.1025390625
4558;;;;;;-0.01677038756897673;0.007842011423781515;10.522142505645752;0.0062122013419866565;0.08046875
4559;;;;;;-0.022764524398371577;0.006763112498447299;10.521969413757324;0.010835054866038262;0.157421875
4560;;;;;;-0.014671882195398212;0.03052077740430832;10.513354635238647;0.006513623124919832;0.080078125
4561;;;;;;-0.014093926083296538;0.016100211022421717;10.506786918640136;0.010614113823976368;0.1470703125
4562;;;;;;-0.019579389318823814;0.004027228686027229;10.507257127761841;0.010479729215148836;0.148046875
4563;;;;;;-0.020746839768253266;0.0042264028335921465;10.507296943664551;0.014312384312506764;0.18828125
4564;;;;;;-0.020134202484041453;0.024650454940274357;10.510051012039185;0.010717931808903814;0.1498046875
4565;;;;;;-0.015910896472632885;0.01785067031159997;10.51243085861206;0.010071448411326855;0.142578125
4566;;;;;;-0.005493369419127703;0.07822951329872012;10.514627742767335;0.009970876015722751;0.1435546875
4567;;;;;;-0.013559493981301785;0.004839456477202475;10.51116213798523;0.009379551699385046;0.12578125
4568;;;;;;-0.0040443978738039735;0.06282458531204611;10.513404989242554;0.007981271971948445;0.1041015625
4569;;;;;;-0.007330040121451021;0.07240554438903928;10.51439290046692;0.008610033476725221;0.1111328125
4570;;;;;;-0.015829151356592776;0.14553546160459518;10.516421031951904;0.006861313653644174;0.0787109375
4571;;;;;;-0.017747027380391956;0.010089536476880313;10.50806827545166;0.011814861500170082;0.15859375
4572;;;;;;-0.004647600138559938;0.0556737161707133;10.50015172958374;0.00758088257862255;0.1037109375
4573;;;;;;-0.0120359952095896;0.06790973865427077;10.495792198181153;0.01085717414971441;0.1490234375
4574;;;;;;-0.018283611023798586;0.010907518607564271;10.496299886703492;0.009132610994856804;0.1205078125
4575;;;;;;-0.019930244795978068;0.007820602296851576;10.497806119918824;0.009594788996037096;0.1302734375
4576;;;;;;-0.007508483156561852;0.06928588319569826;10.49833836555481;0.009712565829977393;0.1287109375
4577;;;;;;-0.013796396600082517;0.007376855914480984;10.493814134597779;0.009388179157394917;0.1283203125
4578;;;;;;-0.01542798914015293;0.003047354391310364;10.492310571670533;0.009914458880666643;0.147265625
4579;;;;;;-0.013586487341672181;0.009029536042362452;10.490917778015136;0.008461844851262867;0.11484375
4580;;;;;;-0.0067732121329754594;0.07316536102443934;10.479369735717773;0.009441020886879415;0.1234375
4581;;;;;;-0.004431972349993885;0.06940252101048827;10.46740174293518;0.00832635851111263;0.1111328125
4582;;;;;;-0.0061786451376974584;0.01050824224948883;10.463699674606323;0.006733759527560323;0.093359375
4583;;;;;;-0.010218763956800103;0.008785184263251722;10.465447282791137;0.005997368926182389;0.0833984375
4584;;;;;;-0.008512544073164463;0.06509300633333623;10.463833951950074;0.00743229805957526;0.0984375
4585;;;;;;-0.012927103135734797;0.009936256799846888;10.467937231063843;0.009168114047497511;0.12421875
4586;;;;;;-0.009437390416860581;0.00722144756000489;10.470566987991333;0.0051986932405270634;0.0669921875
4587;;;;;;-0.01976448982022703;0.008600192074663938;10.468844556808472;0.006926349294371903;0.09453125
4588;;;;;;-0.013293254468590022;0.008207011222839355;10.460038661956787;0.011285086930729448;0.166015625
4589;;;;;;-0.002052448038011789;0.032259809179231526;10.459378337860107;0.012262051564175636;0.1720703125
4590;;;;;;0.0014108797535300256;0.0648173555964604;10.454921340942382;0.00862864834489301;0.1095703125
4591;;;;;;-0.011899998877197504;0.0035189935471862553;10.449033880233765;0.00725892863702029;0.09296875
4592;;;;;;-0.010039758030325174;0.006591988215222955;10.454142379760743;0.008091211982537061;0.108984375
4593;;;;;;-0.02520066937431693;0.0080205834005028;10.464021110534668;0.007786951493471861;0.10234375
4594;;;;;;-0.006249999487772584;0.06750641101971269;10.466474485397338;0.006967591750435531;0.0880859375
4595;;;;;;-0.015568241057917476;0.00817797954659909;10.461331176757813;0.008391163556370883;0.108203125
4596;;;;;;-0.01029991516843438;0.012061565369367599;10.46372938156128;0.006213723612017929;0.073046875
4597;;;;;;-0.01359430206939578;0.010077999159693717;10.470579290390015;0.00927722662454471;0.13359375
4598;;;;;;-0.006076378747820854;0.00984695409424603;10.473699140548707;0.006560987629927695;0.0826171875
4599;;;;;;-0.014800972770899534;0.0076879750238731505;10.471774435043335;0.00885144358035177;0.1255859375
4600;;;;;;-0.012876564403995872;0.005170351802371442;10.4683527469635;0.00706200631102547;0.098828125
4601;;;;;;-0.009814708004705608;0.0684592836536467;10.462885284423828;0.011928909819107502;0.173046875
4602;;;;;;-0.02151162107475102;0.006333971209824085;10.452971601486206;0.010413156729191542;0.1455078125
4603;;;;;;-0.013828966207802296;0.003284881613217294;10.447869491577148;0.00925707092974335;0.1283203125
4604;;;;;;-0.011737906001508236;0.014598670369014143;10.447732543945312;0.005741079046856612;0.08203125
4605;;;;;;-0.004007576324511319;0.07086183205246925;10.447841501235962;0.006645111425314099;0.0865234375
4606;;;;;;-0.01574221011251211;0.004672906023915857;10.441295289993286;0.01197306951507926;0.1541015625
4607;;;;;;-0.010851923073641957;0.032697809766978024;10.434708738327027;0.00775372888892889;0.1015625
4608;;;;;;-0.013512426102533937;0.0031568006554152815;10.43075876235962;0.010251243715174496;0.1369140625
4609;;;;;;-0.014383370708674192;0.0024510472605470566;10.433516693115234;0.008589021733496339;0.11875
4610;;;;;;-0.014915019809268414;0.0046491510584019125;10.433619928359985;0.008569085912313312;0.1138671875
4611;;;;;;-0.0103094139136374;0.0031021064380183814;10.433738851547242;0.008290228014811874;0.1076171875
4612;;;;;;-0.01187525112181902;0.11201546508818865;10.43508186340332;0.00799588457448408;0.1140625
4613;;;;;;-0.015517643839120864;0.06933201886713505;10.430958318710328;0.010938672337215394;0.1447265625
4614;;;;;;-0.009799526166170835;0.08925899527966977;10.429764318466187;0.007968276622705162;0.09765625
4615;;;;;;-0.012895754476388296;0.006351413810625673;10.427159818013509;0.012577391322702169;0.128125
4616;;;;;;-0.01670053545385599;0.05941124893724918;10.424753713607789;0.006734325783327222;0.0921875
4617;;;;;;-0.007420309260487557;0.0026340696203988045;10.421281385421754;0.006709097558632493;0.089453125
4618;;;;;;-0.00636037508957088;0.0018634429725352675;10.421842622756959;0.006039638340007513;0.07578125
4619;;;;;;-0.007582261925563216;0.003909116238355636;10.422859525680542;0.006846106692682952;0.08828125
4620;;;;;;-0.015822466707322746;0.001693044329294935;10.428447961807251;0.009327181719709188;0.116015625
4621;;;;;;-0.007553222682327032;0.06267525563016534;10.432601690292358;0.009351507108658553;0.1298828125
4622;;;;;;-0.015252361819148064;0.011008968204259872;10.43228464126587;0.005892308708280325;0.0732421875
4623;;;;;;-0.025808938825502992;0.0058582820231094955;10.434227800369262;0.011133635556325317;0.1490234375
4624;;;;;;-0.011390716896858066;0.011620545433834195;10.435687017440795;0.009206313628237695;0.114453125
4625;;;;;;-0.011382907815277576;0.012429613759741187;10.435035991668702;0.006354997062589973;0.075
4626;;;;;;-0.009843887761235237;0.006467643962241709;10.433945226669312;0.005463116965256631;0.071484375
4627;;;;;;-0.0030177841894328595;0.007175802625715733;10.431602621078492;0.008268761984072625;0.1068359375
4628;;;;;;-0.012420193292200565;0.005059775221161545;10.430999708175658;0.011600870068650692;0.1533203125
4629;;;;;;-0.011360196862369776;0.0036224140552803875;10.436097478866577;0.005942457006312907;0.079296875
4630;;;;;;-0.011107005935627967;0.05525255161046516;10.433681726455688;0.012562380274175666;0.150390625
4631;;;;;;-0.017033773986622692;0.05000657378695905;10.429011106491089;0.008346240082755686;0.1109375
4632;;;;;;-0.01056878489907831;0.008523399266414345;10.419684171676636;0.007064917706884444;0.101171875
4633;;;;;;-0.006295463070273399;0.1209447224624455;10.415506172180176;0.008466840884648264;0.12109375
4634;;;;;;-0.0173001600895077;0.010272333957254886;10.418588495254516;0.008169465337414295;0.1068359375
4635;;;;;;-0.013693182449787854;0.003578937263227999;10.418596029281616;0.009847384376917035;0.138671875
4636;;;;;;-0.011331061413511635;0.005594379710964858;10.416243982315063;0.006823862227611244;0.0888671875
4637;;;;;;-0.017806589882820845;0.0029749501612968744;10.41178388595581;0.009205430501606316;0.131640625
4638;;;;;;-0.013423185353167355;0.004490549943875521;10.410664081573486;0.006654261960648;0.0994140625
4639;;;;;;-0.016250968258827925;0.002391640457790345;10.416266393661498;0.009018898149952293;0.134375
4640;;;;;;-0.0061879951506853105;0.0428442106815055;10.414052486419678;0.010132462286856025;0.1357421875
4641;;;;;;-0.012134910840541125;0.004580973577685654;10.407823276519775;0.010131652699783444;0.1330078125
4642;;;;;;-0.02094742632471025;0.007747047394514084;10.406378078460694;0.013122444448526949;0.1732421875
4643;;;;;;-0.006125285848975181;0.06579905459657312;10.405185747146607;0.007417802617419511;0.1041015625
4644;;;;;;-0.009046726580709218;0.005311408452689648;10.405827283859253;0.008284425095189363;0.114453125
4645;;;;;;-0.008051174506545068;0.06668567573651671;10.403256702423096;0.005805051932111382;0.0763671875
4646;;;;;;-0.012665973603725433;0.006139004346914589;10.400069904327392;0.00994737995788455;0.1341796875
4647;;;;;;-0.020517499186098576;0.009304933552630245;10.398524618148803;0.00881313900463283;0.1203125
4648;;;;;;-0.012594254245050252;0.0042608660995028915;10.39774580001831;0.008927108393982053;0.1271484375
4649;;;;;;-0.008592536370269955;0.005929034412838518;10.403479051589965;0.007481958682183177;0.1015625
4650;;;;;;-0.015099689131602645;0.12668309547007084;10.405432891845702;0.009337814699392766;0.1224609375
4651;;;;;;-0.01528917597606778;0.007119142194278538;10.404913997650146;0.006681719678454101;0.094140625
4652;;;;;;-0.011339992098510266;0.0037600008654408157;10.40324501991272;0.010385214036796242;0.137109375
4653;;;;;;-0.012069090502336621;0.027444178599398582;10.396338653564452;0.009802247490733862;0.129296875
4654;;;;;;-0.01146071320399642;0.06275713061913848;10.392239332199097;0.006946677877567709;0.0931640625
4655;;;;;;-0.014147747913375497;0.013383339904248715;10.38620719909668;0.007661634346004575;0.1099609375
4656;;;;;;-0.0027110024355351927;0.07107217842712998;10.377429580688476;0.004692790855187923;0.0564453125
4657;;;;;;-0.012241737637668847;0.00546836566645652;10.375620937347412;0.008115862275008111;0.11171875
4658;;;;;;-0.008772145840339363;0.0023844883777201175;10.376283931732178;0.007106386357918382;0.1013671875
4659;;;;;;-0.0048082435969263315;0.005425256281159818;10.37598443031311;0.006721555662807077;0.0857421875
4660;;;;;;-0.011004383023828269;0.009455385943874716;10.373578929901123;0.009095753391738981;0.1359375
4661;;;;;;-0.01149131276179105;0.06636928752996027;10.368010854721069;0.009041612793225795;0.12265625
4662;;;;;;-0.012099280930124223;0.00599420191720128;10.360949563980103;0.00823279666947201;0.1091796875
4663;;;;;;-0.0008283399511128664;0.13173161968588828;10.357253885269165;0.0052146508707664905;0.0646484375
4664;;;;;;-0.020192064717411994;0.009814335312694312;10.352159929275512;0.009127437102142722;0.1232421875
4665;;;;;;-0.010059860534965992;0.010354267805814743;10.346806621551513;0.007962110638618469;0.111328125
4666;;;;;;-0.008777205902151763;0.006855636835098267;10.347185087203979;0.010846998379565775;0.1435546875
4667;;;;;;-0.010196889366488904;0.07333362009376287;10.351467943191528;0.01197595006087795;0.162890625
4668;;;;;;-0.0032201430760324;0.00382535521639511;10.349999475479127;0.009824912331532687;0.1392578125
4669;;;;;;-0.018800167134031653;0.00871839257888496;10.341373825073243;0.008612628281116485;0.125390625
4670;;;;;;-0.008683880744501948;0.06519294725731015;10.335307359695435;0.009015555982477963;0.1064453125
4671;;;;;;0.00046319281682372093;0.06789449118077755;10.332332563400268;0.007391981920227409;0.1017578125
4672;;;;;;-0.013188676442950964;0.008662632410414517;10.33039813041687;0.010928364552091807;0.15
4673;;;;;;-0.01612922581844032;0.011540195532143116;10.334576416015626;0.010319974552839995;0.1298828125
4674;;;;;;-0.01188444667495787;0.0048063806258142;10.339638614654541;0.008615520957391709;0.123828125
4675;;;;;;-0.014680191804654897;0.002293973317136988;10.340517377853393;0.00805804191622883;0.1099609375
4676;;;;;;-0.005349510675296187;0.065810623485595;10.343458557128907;0.00982792255235836;0.1330078125
4677;;;;;;-0.01160535734379664;0.003283951722551137;10.34666109085083;0.009100974455941468;0.132421875
4678;;;;;;-0.00833088024519384;0.004940844280645252;10.348958444595336;0.00987792112864554;0.1150390625
4679;;;;;;-0.004814670048654079;0.12081966102123261;10.34709587097168;0.006688526889774948;0.0828125
4680;;;;;;-0.013758580293506384;0.05974624138325453;10.338927984237671;0.008302493917290122;0.109765625
4681;;;;;;-0.010430950298905372;0.003577410138677806;10.329532098770141;0.009300027298741043;0.1111328125
4682;;;;;;-0.012333780853077769;0.006362279143650085;10.326152181625366;0.0059861182002350685;0.076171875
4683;;;;;;-0.006325391167774796;0.013006520597264171;10.327513504028321;0.007066086120903492;0.0958984375
4684;;;;;;-0.014197604265064001;0.006386889982968569;10.333105850219727;0.009774194285273551;0.105859375
4685;;;;;;-0.012423552945256234;0.005479693482629955;10.33528790473938;0.009780642949044705;0.137109375
4686;;;;;;-0.01053349208086729;0.006797375110909343;10.33792691230774;0.006385545560624451;0.0849609375
4687;;;;;;-0.004575458657927811;0.10883614923804999;10.339676094055175;0.0046524286619387565;0.051953125
4688;;;;;;-0.011393745336681605;0.002237896266160533;10.338017988204957;0.008656828163657338;0.1248046875
4689;;;;;;-0.011548199784010648;0.12693083714693784;10.330603408813477;0.0070358752156607805;0.097265625
4690;;;;;;0.00037677453365176917;0.06124039464630186;10.31977653503418;0.00712291217641905;0.0849609375
4691;;;;;;-0.010002063354477286;0.05430462034419179;10.316695928573608;0.012967471242882311;0.1478515625
4692;;;;;;-0.018506229179911314;0.06033265488222241;10.319268417358398;0.009131022775545717;0.1146484375
4693;;;;;;-0.0066563275759108365;0.007653100416064262;10.325481176376343;0.006658058858010918;0.0845703125
4694;;;;;;-0.00935995583422482;0.05904606832191348;10.328271675109864;0.012705249595455825;0.171875
4695;;;;;;-0.006533257104456425;0.11234095711261034;10.326082801818847;0.005711323663126678;0.078125
4696;;;;;;-0.012893402483314276;0.020839598961174488;10.320536899566651;0.0070558476145379245;0.094921875
4697;;;;;;-0.0018786337226629258;0.013138883141800761;10.319826364517212;0.007901144225616007;0.1115234375
4698;;;;;;-0.008605350041761994;0.10116012021899223;10.321352577209472;0.008616256830282509;0.1142578125
4699;;;;;;-0.007528155855834484;0.10806766171008349;10.320225620269776;0.008064941863995045;0.104296875
4700;;;;;;-0.006813147896900773;0.008117853128351272;10.316964864730835;0.008784332370851189;0.1173828125
4701;;;;;;-0.009621563926339149;0.017351248301565647;10.316398811340331;0.006806013721507043;0.09765625
4702;;;;;;-0.014357683854177595;0.0033411252195946874;10.312804889678954;0.010384798073209823;0.14375
4703;;;;;;-0.001773097610566765;0.062020400632172824;10.303866052627564;0.003874493867624551;0.044921875
4704;;;;;;-0.008098985627293586;0.02491626227274537;10.305566501617431;0.008100249175913631;0.1048828125
4705;;;;;;-0.013237050920724868;0.009031922253780068;10.304832077026367;0.008528787118848413;0.11640625
4706;;;;;;-0.00791420815512538;0.006013670144602657;10.299925470352173;0.009891861071810126;0.1412109375
4707;;;;;;-0.015109452325850726;0.006082057533785701;10.302448034286499;0.008302927727345377;0.1181640625
4708;;;;;;-0.01870435834862292;0.00523357824422419;10.309612894058228;0.009790106979198753;0.148828125
4709;;;;;;-0.007228327076882124;0.08456369666382671;10.310845470428466;0.008462905278429389;0.1171875
4710;;;;;;-0.007491599954664707;0.0036953821661882104;10.312215089797974;0.008814313972834498;0.1146484375
4711;;;;;;-0.0056347263045608996;0.001774363307049498;10.306398487091064;0.007105968962423504;0.08828125
4712;;;;;;-0.0012673428282141685;0.054253810364753005;10.29404182434082;0.00812475149286911;0.11328125
4713;;;;;;-0.005911532510071993;0.07135804258286953;10.291568851470947;0.00733786509372294;0.0970703125
4714;;;;;;-0.015835497807711364;0.004290135274641216;10.28765640258789;0.0070000133942812685;0.089453125
4715;;;;;;-0.009389324206858873;0.008178702439181507;10.284663248062134;0.009168444480746985;0.112890625
4716;;;;;;-0.003491122997365892;0.05614310293458402;10.283800792694091;0.006326341757085174;0.0787109375
4717;;;;;;-0.007176751573570073;0.013444862700998783;10.286958980560303;0.010387319640722125;0.1314453125
4718;;;;;;-0.001821118127554655;0.07011721963062882;10.293191719055176;0.0075624573044478895;0.101171875
4719;;;;;;-0.008340475289151073;0.06957063060253858;10.296217679977417;0.006394125823862851;0.0830078125
4720;;;;;;0.003014620905742049;0.0658532957546413;10.3017098903656;0.009216411295346916;0.1265625
4721;;;;;;-0.010506008053198457;0.012533103767782449;10.30245862007141;0.008729166677221655;0.119140625
4722;;;;;;-0.009388897754251956;0.005268603004515171;10.302372646331786;0.009680553432554006;0.11953125
4723;;;;;;-0.01251350695383735;0.004530468990560621;10.304717540740967;0.009728132979944348;0.140234375
4724;;;;;;-0.005274612363427878;0.0032192745711654425;10.306894016265868;0.00581388829741627;0.076171875
4725;;;;;;-0.016467328555881976;0.009975724969990551;10.307309484481811;0.009311184065882116;0.1357421875
4726;;;;;;-0.01545779756270349;0.006330346828326583;10.307821702957153;0.007198826340027153;0.08828125
4727;;;;;;-0.015606401429977268;0.00384708137717098;10.307302474975586;0.012928427627775818;0.1740234375
4728;;;;;;0.0008528642356395721;0.05916908960789442;10.305471754074096;0.01401275583775714;0.1740234375
4729;;;;;;-0.009959982056170703;0.061986440885812046;10.304806995391846;0.008369294286239892;0.115234375
4730;;;;;;-0.0010854253545403481;0.06295327059924602;10.304304838180542;0.008806684263981878;0.1169921875
4731;;;;;;-0.016972982278093695;0.004990926524624228;10.308217334747315;0.00890206879703328;0.11953125
4732;;;;;;-0.01291295262053609;0.06786266434937716;10.31023588180542;0.013513336749747395;0.1658203125
4733;;;;;;-0.017698877723887563;0.004285219078883529;10.312073564529419;0.01031091808108613;0.1453125
4734;;;;;;-0.010078393970616162;0.0062524773180484775;10.314180469512939;0.00993036909494549;0.134375
4735;;;;;;-0.007909300550818444;0.05855325707234442;10.314607954025268;0.008965287765022367;0.1193359375
4736;;;;;;-0.023799221217632293;0.006937762559391558;10.314025354385375;0.010417820897419005;0.1453125
4737;;;;;;-0.004246807022718712;0.05696703437715769;10.30541729927063;0.008406897960230707;0.1126953125
4738;;;;;;-0.005089707346633077;0.008724169153720141;10.299383974075317;0.010367631469853223;0.1353515625
4739;;;;;;-0.018125124089419842;0.007762492424808443;10.296025943756103;0.009166596608702093;0.125
4740;;;;;;-0.014721274748444558;0.08909912649542093;10.288819456100464;0.010890617116820068;0.133984375
4741;;;;;;-0.011269271653145552;0.005759076587855816;10.282404899597168;0.006407517998013645;0.08515625
4742;;;;;;-0.009359160787425935;0.0036566183087415995;10.274044036865234;0.006549082277342677;0.0861328125
4743;;;;;;-0.02080533797852695;0.009078990505076944;10.266168069839477;0.009182502212934197;0.12265625
4744;;;;;;-0.010018747393041849;0.005255251913331449;10.258508586883545;0.008997424237895757;0.1263671875
4745;;;;;;-0.0141233597882092;0.006182624201755971;10.249932765960693;0.010496875923126935;0.145703125
4746;;;;;;-0.004726357315666974;0.005668953503482043;10.25039792060852;0.009890833962708711;0.1462890625
4747;;;;;;-0.00777915446087718;0.0027349682932253927;10.251512145996093;0.0069732139585539695;0.0958984375
4748;;;;;;-0.015893832361325622;0.06360824378207326;10.251054096221925;0.009243744425475597;0.1111328125
4749;;;;;;-0.014955027075484396;0.003842761623673141;10.250088977813721;0.009953675454016774;0.1349609375
4750;;;;;;-0.003036860004067421;0.05849403697066009;10.249753618240357;0.005222614679951221;0.0634765625
4751;;;;;;-0.007610385632142424;0.07043819259852171;10.246223545074463;0.006321232230402529;0.0798828125
4752;;;;;;-0.020815245993435382;0.013051923271268607;10.24119462966919;0.006729961838573217;0.0908203125
4753;;;;;;-0.014236693503335118;0.011102362489327788;10.237204599380494;0.0074535990948788825;0.09921875
4754;;;;;;-0.013485219655558467;0.11475717090070248;10.236353254318237;0.005498992232605815;0.0685546875
4755;;;;;;-0.009248586790636181;0.05860249791294336;10.230739545822143;0.006847014150116593;0.093359375
4756;;;;;;-0.009052850026637315;0.010242779576219618;10.229878664016724;0.007429313368629664;0.10390625
4757;;;;;;-0.00589469107799232;0.10658141616731882;10.232764434814452;0.00589731220388785;0.08125
4758;;;;;;-0.0070075518917292355;0.047610825207084415;10.2322096824646;0.007208078913390636;0.0921875
4759;;;;;;-0.008453848399221897;0.016267191991209982;10.230234336853027;0.006967567536048591;0.0943359375
4760;;;;;;-0.01603231057524681;0.010343228513374925;10.226736259460449;0.006880741938948632;0.09609375
4761;;;;;;-0.007192097697407007;0.005608694744296372;10.216449165344239;0.007241349609103054;0.0990234375
4762;;;;;;-0.003105796338059008;0.14663552083075046;10.206518507003784;0.006433646508958191;0.0892578125
4763;;;;;;0.002591286413371563;0.05354643370956182;10.20032262802124;0.010952642513439059;0.1556640625
4764;;;;;;-0.010892711859196425;0.068274659011513;10.195096731185913;0.013406407949514688;0.1541015625
4765;;;;;;-0.010582238645292818;0.009064812865108251;10.187663125991822;0.006941494788043201;0.0923828125
4766;;;;;;-0.011462433612905443;0.052922216895967725;10.188160037994384;0.008276351005770266;0.10859375
4767;;;;;;-0.013208667375147342;0.005644984194077551;10.184312963485718;0.009039935271721334;0.1173828125
4768;;;;;;-0.016763715422712266;0.010632024286314845;10.181915998458862;0.00791066080564633;0.10703125
4769;;;;;;-0.0241531306412071;0.07227586517110467;10.184814548492431;0.008061282383278013;0.1048828125
4770;;;;;;-0.0060624036006629465;0.05653222743421793;10.189246702194215;0.010966168646700681;0.14296875
4771;;;;;;-0.010008127614855766;0.0111196955665946;10.191835880279541;0.00846497705206275;0.11171875
4772;;;;;;-0.016334226820617914;0.019348297780379654;10.201565170288086;0.00892609265865758;0.1296875
4773;;;;;;-0.01694135833531618;0.007675471366383135;10.206760215759278;0.006829687254503369;0.0900390625
4774;;;;;;-0.016747230174951257;0.00456969162914902;10.204669189453124;0.009915066498797387;0.1330078125
4775;;;;;;-0.002438254002481699;0.06826974912546575;10.201292753219604;0.006804865028243512;0.086328125
4776;;;;;;-0.017724208161234857;0.020394546398892998;10.19745855331421;0.007793770718853921;0.103125
4777;;;;;;-0.009175448305904865;0.0168827204965055;10.19756097793579;0.008315373328514397;0.1048828125
4778;;;;;;-0.005146962031722069;0.06731764636933804;10.198744773864746;0.007402845309115946;0.098828125
4779;;;;;;-0.0023281452711671593;0.02548659867607057;10.194025373458862;0.007153037947136909;0.0939453125
4780;;;;;;-0.01955580646172166;0.01147231818176806;10.190382528305054;0.01018183862324804;0.153515625
4781;;;;;;-0.010784712806344032;0.08140572061141332;10.188970883687338;0.009071348980069161;0.10208333333333333
4782;;;;;;-0.007825037790462374;0.006302357115782797;10.186900234222412;0.010042309877462685;0.133203125
4783;;;;;;0.002609464107081294;0.04637441677041352;10.188095331192017;0.005869595136027783;0.0755859375
4784;;;;;;-0.01928492756560445;0.011295917700044811;10.192776203155518;0.007178958621807396;0.0865234375
4785;;;;;;-0.0037082249764353037;0.10496966391801835;10.199208402633667;0.008185204688925297;0.103125
4786;;;;;;-0.015454346593469382;0.005488083022646606;10.199090337753296;0.008956429059617221;0.1177734375
4787;;;;;;-0.01606316789984703;0.06889322409406304;10.198853540420533;0.009821971342898906;0.1365234375
4788;;;;;;-0.016043034056201576;0.13057753145694734;10.195891761779786;0.012002604501321911;0.140625
4789;;;;;;-0.008483499032445252;0.0791003780439496;10.19168553352356;0.008326950762420893;0.1173828125
4790;;;;;;-0.011453911755234003;0.01070927493274212;10.18246111869812;0.0076187450555153195;0.1115234375
4791;;;;;;-0.015658156527206302;0.09423788487911225;10.179209661483764;0.009377061994746328;0.1330078125
4792;;;;;;-0.0074446775484830145;0.018446808308362962;10.174937438964843;0.0073755519464612;0.088671875
4793;;;;;;-0.012216067826375365;0.11379370260983705;10.170518684387208;0.014213381486479193;0.18828125
4794;;;;;;-0.011504006199538707;0.009788989974185824;10.169703960418701;0.011060960334725678;0.1361328125
4795;;;;;;-0.001359271490946412;0.05369141837581992;10.170314931869507;0.008642730989959092;0.1064453125
4796;;;;;;-0.011925429617986084;0.10599224641919136;10.165468978881837;0.007782607211265713;0.091796875
4797;;;;;;-0.007179467985406518;0.009082742384634912;10.160305309295655;0.006920439971145243;0.0974609375
4798;;;;;;-0.009692537272349;0.05060456655919552;10.153116226196289;0.005120513611473143;0.059375
4799;;;;;;-0.020592161314561964;0.1424513768404722;10.144112920761108;0.007979882380459458;0.1064453125
4800;;;;;;-0.017021347722038626;0.007654736144468188;10.137454509735107;0.008182559569831938;0.1150390625
4801;;;;;;-0.010871515958569944;0.008377958927303553;10.131094884872436;0.00883026747033;0.1236328125
4802;;;;;;-0.0126252681016922;0.054574838699772955;10.13363962173462;0.007643089210614562;0.1
4803;;;;;;-0.02206714781932533;0.008099172916263341;10.141317415237427;0.011235772864893079;0.153515625
4804;;;;;;-0.014100285982222934;0.05860649392400917;10.147269700702868;0.013053774269983956;0.16344572368421054
4805;;;;;;-0.007695318898186088;0.013578475546091795;10.149115419387817;0.008386182738468051;0.107421875
4806;;;;;;-0.006144976522773504;0.09919568374752999;10.150347471237183;0.00975703145377338;0.1244140625
4807;;;;;;-0.017906620539724825;0.005780606926418841;10.144897937774658;0.013186984998174011;0.17109375
4808;;;;;;-0.009486315492540597;0.1344322096556425;10.142528390884399;0.004682419006712735;0.05078125
4809;;;;;;-0.018256276403553783;0.049044248089194296;10.138533306121825;0.006715846830047667;0.0884765625
4810;;;;;;-0.010146057698875666;0.013724081730470062;10.134396982192992;0.008053617610130459;0.09765625
4811;;;;;;-0.01553008398041129;0.04872685931622982;10.133036565780639;0.010229318507481367;0.1369140625
4812;;;;;;-0.00928482033777982;0.018862392148002984;10.131168270111084;0.008641133387573063;0.1193359375
4813;;;;;;-0.01502832635305822;0.11378029733896255;10.13849778175354;0.008144317055121064;0.108984375
4814;;;;;;-0.013297785143367945;0.011652807565405965;10.145853662490845;0.008240094291977584;0.100390625
4815;;;;;;-0.010670303087681531;0.004677377094049006;10.155534744262695;0.008891940501052886;0.1166015625
4816;;;;;;-0.018925718497484922;0.006534744636155665;10.160854005813599;0.00893307439982891;0.119921875
4817;;;;;;-0.01659593340009451;0.008774879621341825;10.159877681732178;0.009524022159166635;0.1103515625
4818;;;;;;-0.008967458177357912;0.06285014832392335;10.1624174118042;0.0055509090074338015;0.0732421875
4819;;;;;;-0.017864437028765678;0.005369517486542463;10.160266590118407;0.009722985432017595;0.1333984375
4820;;;;;;-0.007609764765948057;0.053479105699807405;10.156176471710205;0.007208298170007765;0.094140625
4821;;;;;;-0.009529982786625623;0.05058608748950064;10.149076128005982;0.00832881109090522;0.1046875
4822;;;;;;-0.007516182865947485;0.02949160400312394;10.141516828536988;0.009440762782469391;0.1287109375
4823;;;;;;-0.01963791288435459;0.01068162105511874;10.135710191726684;0.009582494897767902;0.130859375
4824;;;;;;-0.0024527483619749546;0.04696620549075305;10.135105276107788;0.0063487151870504025;0.0791015625
4825;;;;;;-0.023552471573930235;0.004910107282921672;10.13423056602478;0.009961469168774783;0.12109375
4826;;;;;;-0.005426357034593821;0.012611627066507935;10.128255081176757;0.007956420781556516;0.098828125
4827;;;;;;-0.013586908485740424;0.01159405407961458;10.128100824356078;0.009556255978532135;0.1236328125
4828;;;;;;-0.013400505320169032;0.00431621908210218;10.1310049533844;0.010530606366228313;0.1404296875
4829;;;;;;-0.017626592330634593;0.0038323893095366657;10.1384907245636;0.01185352549655363;0.158203125
4830;;;;;;-0.009607184398919343;0.0032931654364801942;10.136761283874511;0.007006995938718319;0.0958984375
4831;;;;;;-0.01461062771268189;0.008241574652493;10.13227825164795;0.0077037473325617615;0.108203125
4832;;;;;;-0.004931955318897963;0.005857232608832419;10.130542230606078;0.010614353034179657;0.137109375
4833;;;;;;-0.012249625474214553;0.006886045844294131;10.132958793640137;0.009866932651493698;0.1427734375
4834;;;;;;-0.01137018813751638;0.04488749592565;10.136936569213868;0.010893538931850345;0.140625
4835;;;;;;-0.014490328961983323;0.005780839046929031;10.139645767211913;0.006614867597818375;0.0845703125
4836;;;;;;-0.014984742784872652;0.011069119861349463;10.144032621383667;0.009733284742105752;0.13046875
4837;;;;;;-0.017875683726742864;0.0047088969266042115;10.153811120986939;0.010534989286679775;0.1435546875
4838;;;;;;-0.013339125469792634;0.007364975684322417;10.159751272201538;0.007059038348961622;0.0927734375
4839;;;;;;-0.01909120996715501;0.005660002992954105;10.16309027671814;0.00994533351622522;0.13515625
4840;;;;;;-0.013791721942834557;0.014566945424303413;10.161107683181763;0.009211161104030908;0.125390625
4841;;;;;;-0.008019984886050224;0.004817125154659152;10.162326431274414;0.009064824623055755;0.132421875
4842;;;;;;-0.016547787736635657;0.007875568815506995;10.161910772323608;0.01189308132743463;0.1525390625
4843;;;;;;-0.012242710078135132;0.004520317807327956;10.163685131072999;0.008168547274544835;0.1138671875
4844;;;;;;-0.010227523685898632;0.009700370021164417;10.167433023452759;0.009561293525621295;0.130859375
4845;;;;;;-0.017668950371444225;0.04723968943580985;10.169057416915894;0.010664582590106875;0.1400390625
4846;;;;;;-0.006647839164361358;0.0638242695480585;10.166052722930909;0.00884677581489086;0.109765625
4847;;;;;;-0.015821971511468292;0.006137207266874611;10.165886306762696;0.007734818814788014;0.108203125
4848;;;;;;-0.008852887665852904;0.007193168113008142;10.165431547164918;0.00804720630403608;0.1060546875
4849;;;;;;-0.01298234025016427;0.012176862149499357;10.167878580093383;0.007089530338998884;0.10234375
4850;;;;;;-0.0021921331994235516;0.033604875183664264;10.178634977340698;0.009695572208147495;0.130859375
4851;;;;;;-0.011806785927287169;0.018729598061846837;10.182706969124931;0.010935885548990752;0.14397321428571427
4852;;;;;;-0.016564591880887748;0.006151419808156788;10.181705665588378;0.009600725083146244;0.1392578125
4853;;;;;;-0.015971303498372436;0.008405571896582842;10.174293851852417;0.01072951965034008;0.1548828125
4854;;;;;;-0.015086281392723323;0.06484641218557954;10.170816898345947;0.012005376734305174;0.1619140625
4855;;;;;;-0.010634237108752132;0.08552001491189003;10.173824501037597;0.014829807565547526;0.191015625
4856;;;;;;-0.01824413314461708;0.06730168368667364;10.172705125808715;0.008661069464869798;0.1126953125
4857;;;;;;-0.007305617432575673;0.010694934986531734;10.165319538116455;0.008406380319502204;0.111328125
4858;;;;;;-0.004830477060750127;0.07405951488763093;10.158642053604126;0.014105689886491746;0.194921875
4859;;;;;;-0.01775153346825391;0.00853026583790779;10.15618839263916;0.010262723709456623;0.13359375
4860;;;;;;-0.014625547919422388;0.010705301212146879;10.161293268203735;0.008803888852708042;0.1138671875
4861;;;;;;-0.008821920212358236;0.00704087179619819;10.164240884780884;0.00598649064777419;0.075390625
4862;;;;;;-0.013508999394252897;0.023329552635550498;10.164819860458374;0.00923720068531111;0.1244140625
4863;;;;;;-0.011691294331103563;0.014323739847168327;10.168621921539307;0.007438886375166476;0.0974609375
4864;;;;;;-0.014366348972544074;0.004191399621777237;10.170253944396972;0.00950090792030096;0.124609375
4865;;;;;;-0.007688723318278789;0.005973429582081735;10.170909690856934;0.007468023209366947;0.0978515625
4866;;;;;;-0.015550151746720076;0.0027953456388786434;10.173710918426513;0.010609582345932723;0.1337890625
4867;;;;;;-0.005889476463198662;0.004257234465330839;10.174183034896851;0.0075789763941429555;0.1087890625
4868;;;;;;-0.011640473874285817;0.003230151499155909;10.172854042053222;0.00829635348636657;0.105859375
4869;;;;;;-0.015270783239975572;0.003496272419579327;10.168281030654907;0.011624658852815628;0.1583984375
4870;;;;;;-0.019584192242473365;0.004909846629016101;10.168500185012817;0.008830452943220735;0.1203125
4871;;;;;;-0.018004704592749478;0.003382172167766839;10.167443704605102;0.006993489433079958;0.095703125
4872;;;;;;-0.01719339604023844;0.012919130316004158;10.16532826423645;0.00979995953384787;0.135546875
4873;;;;;;-0.0159099536947906;0.009247781452722847;10.167960453033448;0.011369844025466591;0.15546875
4874;;;;;;-0.010975496598985047;0.004614933859556913;10.166178989410401;0.010007017478346824;0.1267578125
4875;;;;;;-0.0054710259893909095;0.01795226549729705;10.165178203582764;0.007262611691839993;0.0951171875
4876;;;;;;-0.011256581265479326;0.026469501294195653;10.171367168426514;0.01082675727084279;0.1255859375
4877;;;;;;-0.01396443098783493;0.00982060139067471;10.176938724517822;0.006359095242805779;0.0900390625
4878;;;;;;-0.016938227415084838;0.007462974358350039;10.175829315185547;0.005702109588310122;0.0673828125
4879;;;;;;-0.02618809132836759;0.015531872631981969;10.169166040420532;0.011299495864659548;0.1560546875
4880;;;;;;-0.01058847182430327;0.07225503590889275;10.169011688232422;0.009142983006313443;0.1197265625
4881;;;;;;-0.018597983475774526;0.006167109380476177;10.164670848846436;0.005958036228548735;0.0771484375
4882;;;;;;-0.0030686017125844955;0.07026890236884356;10.15931658744812;0.008201397210359573;0.09921875
4883;;;;;;-0.013323994330130517;0.010418082540854811;10.153953552246094;0.008636568207293749;0.1140625
4884;;;;;;-0.015063487831503153;0.008382077910937369;10.153536415100097;0.008045942557509988;0.1162109375
4885;;;;;;-0.012682794430293142;0.07833652971312403;10.147621774673462;0.005858841247390956;0.075390625
4886;;;;;;-0.020022529922425748;0.07594782961532473;10.143258476257325;0.009499418130144478;0.13671875
4887;;;;;;-0.00955825364217162;0.062067727604880926;10.142590951919555;0.010366105637513102;0.1533203125
4888;;;;;;-0.006626658560708165;0.06298841824755072;10.136115503311157;0.011811385164037347;0.1576171875
4889;;;;;;-0.012671600887551903;0.011999341892078519;10.135252904891967;0.00836769436718896;0.10859375
4890;;;;;;-0.010224416339769959;0.006707522529177367;10.132530736923218;0.009991681086830795;0.1328125
4891;;;;;;-0.004748640861362219;0.006040806625969708;10.13305206298828;0.008212110423482955;0.1197265625
4892;;;;;;-0.006175908539444208;0.0596453208476305;10.134649324417115;0.00810259310528636;0.1056640625
4893;;;;;;-0.02566053094342351;0.0058784093474969264;10.128432083129884;0.01098346458747983;0.143359375
4894;;;;;;-0.014114792738109828;0.006203476572409272;10.125179386138916;0.009016766748391091;0.1125
4895;;;;;;-0.019493950204923748;0.0076954530784860255;10.119293022155762;0.00648215931141749;0.085546875
4896;;;;;;-0.019234339613467454;0.004807282995898277;10.112002325057983;0.00794384825276211;0.1015625
4897;;;;;;-0.00468564797192812;0.0549887646920979;10.108441925048828;0.007332438288722187;0.097265625
4898;;;;;;-0.008432268258184194;0.051597424992360176;10.102558279037476;0.00414207074791193;0.044921875
4899;;;;;;-0.008669009129516781;0.007446636212989688;10.096730279922486;0.010211877606343478;0.1326171875
4900;;;;;;-0.009957168763503433;0.007497302535921335;10.095612621307373;0.009743781597353517;0.1220703125
4901;;;;;;-0.008811295358464121;0.004714212601538747;10.093266201019286;0.009472213929984718;0.127734375
4902;;;;;;-0.010555555997416376;0.005145387363154441;10.087789678573609;0.009770501812454313;0.129296875
4903;;;;;;-0.008046740433201194;0.002814850304275751;10.085730981826782;0.00815344750881195;0.1087890625
4904;;;;;;-0.01104861949570477;0.003458131873048842;10.085365200042725;0.008902867219876497;0.1193359375
4905;;;;;;-0.003465787461027503;0.003014259645715356;10.08113627433777;0.006349816615693271;0.0794921875
4906;;;;;;-0.008611067105084658;0.0032510617631487547;10.084979391098022;0.007193527475465089;0.095703125
4907;;;;;;-0.013817733922041952;0.002354688389459625;10.090208816528321;0.007210161618422717;0.1001953125
4908;;;;;;-0.01946687719319016;0.006729714409448207;10.087295198440552;0.009529459453187884;0.136328125
4909;;;;;;-0.01753255238290876;0.007995527144521475;10.080514669418335;0.01060667735291645;0.1400390625
4910;;;;;;-0.011132479451286295;0.0705192496534437;10.075945536295572;0.008456305775325745;0.095703125
4911;;;;;;-0.01590126478113234;0.006209925701841712;10.075336074829101;0.011157627566717565;0.15
4912;;;;;;-0.005066000251099467;0.06878995848819613;10.080161333084106;0.009188615204766392;0.1314453125
4913;;;;;;-0.011779127968475222;0.082310052216053;10.083938550949096;0.011807137238793074;0.158203125
4914;;;;;;-0.0067698468919843435;0.028382122796028853;10.090046691894532;0.008413888257928192;0.1166015625
4915;;;;;;-0.016290429374203087;0.07490243148058653;10.092936325073243;0.010818662436213345;0.1501953125
4916;;;;;;-0.017722042417153715;0.006342202657833695;10.092916679382324;0.00878577542025596;0.1232421875
4917;;;;;;-0.002000448852777481;0.004835090250708163;10.084712505340576;0.007295850373338908;0.0974609375
4918;;;;;;-0.019769117422401904;0.0059501575771719216;10.075898790359497;0.012356184783857315;0.1708984375
4919;;;;;;-0.020625273045152426;0.007527095545083284;10.076335525512695;0.009280339779797942;0.1234375
4920;;;;;;-0.011946505587548017;0.010553356539458037;10.0798180103302;0.013902232376858592;0.1875
4921;;;;;;-0.017170960269868373;0.07233446892350912;10.08872456550598;0.009447945235297083;0.1314453125
4922;;;;;;-0.01274839653633535;0.004973728000186384;10.09205937385559;0.00827631438151002;0.1181640625
4923;;;;;;-0.0005677927285432816;0.059995170868933204;10.08820662498474;0.010437949595507234;0.140625
4924;;;;;;-0.019799002865329384;0.00624721422791481;10.088041734695434;0.010729130706749856;0.14296875
4925;;;;;;-0.00772316730581224;0.0035734652308747174;10.092373609542847;0.011274638201575727;0.1552734375
4926;;;;;;-0.012219054112210869;0.012241307925432921;10.096342372894288;0.01053978466661647;0.1306640625
4927;;;;;;-0.0073522643535397945;0.07410502918064595;10.096290683746338;0.006772296538110822;0.0869140625
4928;;;;;;-0.016440278058871625;0.009728576987981796;10.096185111999512;0.00889712164644152;0.1265625
4929;;;;;;-0.010937811946496368;0.006198297231458127;10.096352672576904;0.008917427784763277;0.112109375
4930;;;;;;-0.023771721846424045;0.008258307795040309;10.095195865631103;0.00860037892125547;0.129296875
4931;;;;;;-0.008177991723641753;0.06789618777111173;10.09553084373474;0.008766736485995352;0.111328125
4932;;;;;;-0.02387166116386652;0.009279926563613117;10.093600940704345;0.009631673898547887;0.1328125
4933;;;;;;-0.005397049267776311;0.11750170812010766;10.09040937423706;0.009285193891264499;0.1294921875
4934;;;;;;-0.021305725164711475;0.009844337101094424;10.0897225856781;0.007627605902962386;0.1033203125
4935;;;;;;-0.015582253178581595;0.05948755033314228;10.084815311431885;0.00704794138437137;0.0916015625
4936;;;;;;-0.005780443781986833;0.05736134317703545;10.079708099365234;0.0071817173506133255;0.090234375
4937;;;;;;-0.023612891044467687;0.007964057778008283;10.078034067153931;0.009187458944506944;0.12734375
4938;;;;;;-0.01092968713492155;0.0075478355400264265;10.073513841629028;0.010681776632554828;0.15234375
4939;;;;;;-0.010913797840476035;0.06923887059092522;10.06751446723938;0.009161085879895836;0.1244140625
4940;;;;;;-0.012527408450841904;0.0046546047553420065;10.070551776885987;0.009667349327355624;0.1337890625
4941;;;;;;-0.015304693055804819;0.05559282079339027;10.071019697189332;0.009525719843804837;0.1142578125
4942;;;;;;-0.013437560014426708;0.05747910931240767;10.067156076431274;0.011044705181848257;0.151953125
4943;;;;;;-0.015056510688737035;0.009272457985207438;10.062875843048095;0.007021338737104088;0.0873046875
4944;;;;;;-0.01581008213106543;0.005545921227894724;10.060139083862305;0.010236442333552986;0.137890625
4945;;;;;;-0.013431893941015006;0.008515995531342923;10.054670047760009;0.010975940548814834;0.1408203125
4946;;;;;;-0.016650445107370616;0.0022982101130764932;10.05567283630371;0.0052484880900010465;0.0677734375
4947;;;;;;-0.018801532732322813;0.007329352246597409;10.061338138580322;0.008463400276377797;0.115625
4948;;;;;;-0.0069039053283631805;0.005158936558291316;10.066057252883912;0.009382389090023934;0.126953125
4949;;;;;;-0.015406287205405534;0.009798973565921187;10.066394472122193;0.006498796632513404;0.0861328125
4950;;;;;;-0.014396761357784272;0.009589140024036168;10.062474250793457;0.005653370183426887;0.0708984375
4951;;;;;;-0.014933509472757577;0.006291891378350556;10.061749601364136;0.009939023957122118;0.128515625
4952;;;;;;-0.01186212704051286;0.009646014077588916;10.06236457824707;0.007430894288700074;0.0916015625
4953;;;;;;-0.00496042026206851;0.004820032382849604;10.055857801437378;0.009885390102863312;0.1357421875
4954;;;;;;-0.01597399776801467;0.007833938673138618;10.054013204574584;0.010956651868764312;0.1548828125
4955;;;;;;-0.010896837804466486;0.006941478839144111;10.048226308822631;0.0106837518629618;0.14765625
4956;;;;;;-0.025022829696536065;0.005311111803166568;10.045490407943726;0.011550494201947004;0.1572265625
4957;;;;;;-0.008217657217755914;0.00933467026334256;10.043034744262695;0.008585177164059132;0.1185546875
4958;;;;;;-0.018135782587341963;0.00829453724436462;10.037801790237427;0.012252447032369673;0.1662109375
4959;;;;;;-0.0075915796682238575;0.00578979488927871;10.042945909500123;0.009766017575748265;0.1337890625
4960;;;;;;-0.020600662310607733;0.005685672303661704;10.043000078201294;0.0089710493106395;0.128515625
4961;;;;;;-0.002417344506829977;0.006187178031541407;10.040993213653564;0.009353803598787635;0.123828125
4962;;;;;;-0.015319911763072014;0.003021417371928692;10.039146518707275;0.006955689087044447;0.0955078125
4963;;;;;;-0.012141167046502232;0.0029223963618278505;10.030840349197387;0.007673834601882845;0.1099609375
4964;;;;;;-0.006781375920400024;0.06618594350293279;10.020378017425537;0.012070553400553763;0.15625
4965;;;;;;-0.00797843816690147;0.061757901962846515;10.012855577468873;0.008787150122225284;0.1146484375
4966;;;;;;-0.021459598699584602;0.0026588318170979617;10.008098554611205;0.008974933961872012;0.129296875
4967;;;;;;-0.016050473740324377;0.0055898867780342695;10.006501197814941;0.005761332740075886;0.0716796875
4968;;;;;;-0.01667222292162478;0.07281952695921064;10.002803421020507;0.009314285987056792;0.1208984375
4969;;;;;;-0.006803577113896608;0.06035363122355193;9.997826433181762;0.007969063241034746;0.1087890625
4970;;;;;;-0.015004649152979254;0.06649917452596128;9.98867335319519;0.010326693754177541;0.133203125
4971;;;;;;-0.0075619897805154325;0.058519376628100875;9.982100868225098;0.007149321306496858;0.0982421875
4972;;;;;;-0.014341252110898494;0.0056391998659819365;9.977843141555786;0.009121272410266102;0.1306640625
4973;;;;;;-0.012481688521802425;0.006871324824169278;9.972886943817139;0.011015748092904686;0.158203125
4974;;;;;;-0.016544805793091654;0.10692733619362116;9.965191745758057;0.013035287486854941;0.1724609375
4975;;;;;;-0.01595124287996441;0.004658813751302659;9.962571334838866;0.008165258262306452;0.1134765625
4976;;;;;;-0.015858178352937104;0.0039457399398088455;9.965116691589355;0.01154820475494489;0.1556640625
4977;;;;;;-0.011635363870300352;0.007183620450086891;9.968348455429076;0.007931978639680893;0.1044921875
4978;;;;;;-0.003841483173891902;0.05957310539670289;9.967990159988403;0.011178189073689282;0.1556640625
4979;;;;;;-0.0185823580250144;0.0036539211636409164;9.964430046081542;0.011908502993173897;0.163671875
4980;;;;;;-0.02370498962700367;0.005223577236756682;9.959845209121704;0.009352997806854547;0.1287109375
4981;;;;;;-0.010216034157201648;0.002262822270859033;9.960514259338378;0.009203072637319565;0.1275390625
4982;;;;;;-0.013543772790580989;0.06357733365148306;9.959519004821777;0.00934945085318759;0.122265625
4983;;;;;;-0.017918132431805133;0.12035099864006042;9.949905347824096;0.00705811056541279;0.09609375
4984;;;;;;-0.013817322999238968;0.0036562165478244424;9.941783475875855;0.007322676538024098;0.0958984375
4985;;;;;;-0.00624974207021296;0.056628206046298146;9.936253261566161;0.00789301263866946;0.101171875
4986;;;;;;-0.011406374257057905;0.13879664447158574;9.932373046875;0.007237355690449476;0.089453125
4987;;;;;;-0.00884661404415965;0.11825028527528048;9.931334018707275;0.010280963941477239;0.14296875
4988;;;;;;-0.012588261952623725;0.057489914866164324;9.928578853607178;0.010847022465895861;0.1388671875
4989;;;;;;-0.01787433256395161;0.01883074608631432;9.922720289230346;0.01356473013292998;0.1771484375
4990;;;;;;-0.012221260275691748;0.018383085913956165;9.927038764953613;0.008675190852954984;0.1224609375
4991;;;;;;-0.021690036868676543;0.06133111463859677;9.931355285644532;0.007634515350218862;0.1021484375
4992;;;;;;-0.010150059405714274;0.13742960020899772;9.931880855560303;0.006185231078416109;0.0794921875
4993;;;;;;-0.0209890472702682;0.011286150198429823;9.930508947372436;0.008231520606204867;0.1060546875
4994;;;;;;-0.01668973984196782;0.07326459437608719;9.92818078994751;0.008674337132833897;0.1083984375
4995;;;;;;-0.01411417406052351;0.10212386082857847;9.918033361434937;0.008526985649950802;0.106640625
4996;;;;;;-0.014139312552288175;0.1053929952904582;9.91067533493042;0.006054305005818605;0.0759765625
4997;;;;;;-0.023414851818233728;0.00888509750366211;9.902775287628174;0.009577908052597195;0.12890625
4998;;;;;;-0.015987331327050925;0.052663770876824854;9.901344966888427;0.008906495524570346;0.1236328125
4999;;;;;;-0.008770168107002974;0.019741819845512508;9.896944141387939;0.00794687126763165;0.115234375
5000;;;;;;-0.015138891572132707;0.006986087956465781;9.90016279220581;0.007466178957838565;0.097265625
5001;;;;;;-0.012190013378858566;0.006890241801738739;9.900010681152343;0.005644260556437075;0.0767578125
5002;;;;;;-0.019039171189069747;0.05621094154193997;9.899840450286865;0.007822426466736943;0.1080078125
5003;;;;;;-0.016798723489046097;0.06264396272599697;9.896360826492309;0.009758130041882395;0.1380859375
5004;;;;;;-0.01783098173327744;0.006004728330299258;9.896374130249024;0.00826360376086086;0.1068359375
5005;;;;;;-0.005780774727463722;0.05746398088522255;9.896429538726807;0.009319532511290163;0.12578125
5006;;;;;;-0.011520817736163735;0.060226813051849605;9.891727018356324;0.005714166874531657;0.0755859375
5007;;;;;;-0.007823985302820802;0.04195802076719701;9.888958263397218;0.009046655136626214;0.125390625
5008;;;;;;-0.015521999401971697;0.005306042218580842;9.894205331802368;0.008065651939250528;0.1056640625
5009;;;;;;-0.019161640712991358;0.0032878056052140893;9.902180767059326;0.010054089967161417;0.1248046875
5010;;;;;;-0.017730991821736097;0.005202589288819582;9.907770442962647;0.010714180138893425;0.15078125
5011;;;;;;-0.0007103301119059324;0.08496898780576885;9.913397598266602;0.00684317743871361;0.0947265625
5012;;;;;;-0.01725702160038054;0.0064070916967466475;9.91580777168274;0.009558944613672793;0.129296875
5013;;;;;;-0.010935937892645598;0.1253118767403066;9.912759399414062;0.009216486860532313;0.1263671875
5014;;;;;;-0.016213427856564523;0.016579246800392865;9.908339643478394;0.011931094550527632;0.1634765625
5015;;;;;;-0.014914783369749784;0.04936123276129365;9.903978157043458;0.012960112863220274;0.1798828125
5016;;;;;;-0.01939310282468796;0.12401484996080399;9.901892375946044;0.009541172254830598;0.113671875
5017;;;;;;-0.014615102135576308;0.1297094788402319;9.893713998794556;0.009708909620530903;0.123046875
5018;;;;;;-0.004685726715251803;0.05536732105538249;9.882405281066895;0.007769132615067065;0.1015625
5019;;;;;;-0.012145676836371421;0.10383822657167911;9.877380180358887;0.006219972274266183;0.08515625
5020;;;;;;-0.02007310150656849;0.01958776256069541;9.876793479919433;0.009229152277112008;0.112890625
5021;;;;;;-0.013213941128924489;0.029868719074875115;9.877564334869385;0.008057321817614139;0.1083984375
5022;;;;;;-0.013136713998392224;0.012991341529414058;9.877180099487305;0.008765722974203527;0.121484375
5023;;;;;;-0.015677733742631973;0.012125764647498727;9.876386547088623;0.0082052095211111;0.1193359375
5024;;;;;;-0.02663180325180292;0.005303530185483396;9.873557710647583;0.012520394404418766;0.1658203125
5025;;;;;;-0.018222271464765072;0.026310107577592133;9.876238346099854;0.01267987028695643;0.167578125
5026;;;;;;-0.012008222960866987;0.07144800517708064;9.880487060546875;0.010502004344016314;0.134375
5027;;;;;;-0.01610130644403398;0.004122293530963361;9.874007940292358;0.009818014234770089;0.144140625
5028;;;;;;-0.0213658616412431;0.006264567142352462;9.869186639785767;0.0094298800569959;0.1123046875
5029;;;;;;-0.007717603701166809;0.06913523627445102;9.871602058410645;0.00600680666975677;0.0751953125
5030;;;;;;-0.006504838960245252;0.007608536584302783;9.871376848220825;0.008771777222864329;0.11484375
5031;;;;;;-0.019448598241433503;0.02498205271549523;9.870783710479737;0.00719206064241007;0.076953125
5032;;;;;;-0.01185962725430727;0.07728508245199919;9.875337743759156;0.009794573194812983;0.1275390625
5033;;;;;;-0.015093717467971146;0.011640626704320312;9.875798606872559;0.010801579046528786;0.118359375
5034;;;;;;-0.009901264077052474;0.02103463001549244;9.87936315536499;0.006900779798161239;0.090625
5035;;;;;;-0.014036786695942282;0.011425481457263232;9.879770088195801;0.008107098971959204;0.10625
5036;;;;;;-0.012010923959314823;0.05919926490169018;9.878456497192383;0.0056630580220371485;0.0677734375
5037;;;;;;-0.012720546196214854;0.005581650650128722;9.877429056167603;0.006556623184587806;0.0857421875
5038;;;;;;-0.00878964903531596;0.011703085247427225;9.878207349777222;0.007300905382726342;0.085546875
5039;;;;;;-0.013734234008006751;0.074620964191854;9.880447387695312;0.00783812259323895;0.0943359375
5040;;;;;;-0.011779786134138704;0.010189998801797629;9.87746262550354;0.007027427351567894;0.09296875
5041;;;;;;-0.018228046596050262;0.0071674319449812176;9.880584335327148;0.010768489248584956;0.1431640625
5042;;;;;;-0.012594230752438308;0.06095084734261036;9.88027081489563;0.009157259576022625;0.129296875
5043;;;;;;-0.013033693563193083;0.05704545397311449;9.879029798507691;0.010611497354693711;0.1298828125
5044;;;;;;-0.017334623681381344;0.007160966354422271;9.882333660125733;0.00782979920040816;0.102734375
5045;;;;;;-0.022015442000702025;0.0050060379668138925;9.887924194335938;0.0070118583273142574;0.0802734375
5046;;;;;;-0.013975934218615293;0.005173057317733765;9.88715295791626;0.007289843237958849;0.103515625
5047;;;;;;-0.009194070007652044;0.05198237244039774;9.882526969909668;0.007453416660428047;0.09609375
5048;;;;;;-0.016341574490070343;0.046549268951639536;9.877341270446777;0.009974229265935719;0.1251953125
5049;;;;;;-0.014421283267438412;0.004034752829466015;9.87508225440979;0.009014089277479797;0.1146484375
5050;;;;;;-0.012639177031815052;0.003064633533358574;9.873946142196655;0.01043629680061713;0.1404296875
5051;;;;;;-0.011729344492778182;0.00461653908714652;9.876122617721558;0.006862860219553113;0.0951171875
5052;;;;;;-0.014086880697868764;0.0035333079053089024;9.880598497390746;0.006687044363934547;0.0828125
5053;;;;;;-0.000710888160392642;0.0029915110673755406;9.886081647872924;0.0077311762142926455;0.1068359375
5054;;;;;;-0.01321041202172637;0.06442825300619007;9.88797731399536;0.007413722027558833;0.0876953125
5055;;;;;;-0.01689746999181807;0.008981809043325484;9.889638233184815;0.008933298662304879;0.123828125
5056;;;;;;-0.013487341301515698;0.005250572063960135;9.88963966369629;0.007616448972839862;0.0962890625
5057;;;;;;-0.013967845030128956;0.003498975676484406;9.888771057128906;0.007386106997728348;0.104296875
5058;;;;;;-0.010202926117926836;0.0582923118956387;9.889478778839111;0.006965239136479795;0.0890625
5059;;;;;;-0.013221278693526984;0.05200781524181366;9.881870603561401;0.011085716786328702;0.1275390625
5060;;;;;;-0.023867615684866905;0.00540600111708045;9.873981142044068;0.009785784163977952;0.1419921875
5061;;;;;;-0.013875147514045238;0.055561176128685476;9.867676210403442;0.007198107684962452;0.0931640625
5062;;;;;;-0.01841715439222753;0.015045152278617024;9.861874675750732;0.007135492493398487;0.098828125
5063;;;;;;-0.005406846478581429;0.008145482651889325;9.865307235717774;0.008420279750134796;0.10234375
5064;;;;;;-0.01318524656817317;0.011689401790499687;9.868080949783325;0.009061575506348164;0.11640625
5065;;;;;;-0.0163550756406039;0.005831252667121589;9.870095586776733;0.00758562182309106;0.10859375
5066;;;;;;-0.007238691346719861;0.004384747461881488;9.871483564376831;0.007729770138394087;0.093359375
5067;;;;;;-0.015334184188395739;0.00479486626572907;9.872012329101562;0.007666204683482647;0.1060546875
5068;;;;;;-0.01541025172919035;0.013249344937503339;9.86852011680603;0.008136586251202971;0.1109375
5069;;;;;;-0.009960114094428717;0.009016808983869851;9.868393278121948;0.007052844029385596;0.0955078125
5070;;;;;;-0.006238249875605106;0.05616784286685288;9.864419651031493;0.008294676465447992;0.1126953125
5071;;;;;;-0.022983607603237033;0.009502730169333517;9.857884407043457;0.008500675729010254;0.116796875
5072;;;;;;-0.007106194319203496;0.008055242476984859;9.852182483673095;0.009902036492712795;0.134375
5073;;;;;;-0.01099344128742814;0.07113772919401526;9.84399733543396;0.009472915914375334;0.1212890625
5074;;;;;;-0.012335707107558847;0.006945120543241501;9.836548280715942;0.009223572374321521;0.1134765625
5075;;;;;;-0.019623616244643927;0.00930805318057537;9.837555503845214;0.01146292289486155;0.1421875
5076;;;;;;-0.018857188941910862;0.06869759820401669;9.838370847702027;0.008022339537274093;0.100390625
5077;;;;;;-0.018000577110797167;0.008924009255133569;9.839459753036499;0.010098575719166548;0.142578125
5078;;;;;;-0.010912312660366297;0.004531316924840212;9.838872051239013;0.012540478864684701;0.162890625
5079;;;;;;-0.007512342743575573;0.0598957097157836;9.841775178909302;0.008904331794474274;0.1236328125
5080;;;;;;-0.0040468537714332346;0.06049526063725352;9.842088460922241;0.010039411834441125;0.125390625
5081;;;;;;-0.017758299969136714;0.005224112817086279;9.841444158554078;0.01209702470805496;0.1630859375
5082;;;;;;-0.017066446878015996;0.0061666475841775535;9.841881942749023;0.007640557654667646;0.109375
5083;;;;;;-0.007740842481143773;0.05897199520841241;9.847553634643555;0.008071386138908565;0.0998046875
5084;;;;;;-0.016942993411794303;0.005264386849012226;9.849135637283325;0.007978151529096067;0.103125
5085;;;;;;-0.023053593561053277;0.0070702833589166405;9.847825479507446;0.010376340057700873;0.1490234375
5086;;;;;;-0.010448020463809372;0.042667716881260274;9.84684681892395;0.009156953706406058;0.1240234375
5087;;;;;;-0.007575197727419436;0.02134337229654193;9.849583292007447;0.009632805082947015;0.130859375
5088;;;;;;-0.014398427214473486;0.010688232723623514;9.852726936340332;0.010884102992713451;0.12890625
5089;;;;;;-0.012715536309406162;0.011790256388485432;9.851870155334472;0.013274099887348711;0.18046875
5090;;;;;;-0.006324717216193676;0.0974684382788837;9.846282911300658;0.008494228566996753;0.112109375
5091;;;;;;-0.017197593301534652;0.05478440616279841;9.842683696746827;0.01210973133565858;0.16328125
5092;;;;;;-0.02119682338088751;0.0035979293170385063;9.8446053981781;0.00978054852457717;0.1357421875
5093;;;;;;-0.01766602140851319;0.007994431140832602;9.842707061767578;0.010612042958382518;0.141796875
5094;;;;;;-0.010528372414410115;0.0052562237717211245;9.832738447189332;0.007200046651996672;0.0931640625
5095;;;;;;-0.01197325240354985;0.006269468343816698;9.829668045043945;0.009696793090552092;0.139453125
5096;;;;;;-0.01257571941241622;0.061529053188860414;9.829751968383789;0.011595666327048093;0.1578125
5097;;;;;;-0.007929156953468918;0.009486303944140673;9.829275751113892;0.009257039951626212;0.140625
5098;;;;;;-0.01261013955809176;0.008477719803340732;9.82534031867981;0.007205212418921292;0.1068359375
5099;;;;;;-0.011240622028708458;0.007466095429845154;9.828046417236328;0.008203065465204417;0.1107421875
5100;;;;;;-0.013126599323004483;0.01605611960403621;9.829099225997926;0.00856047976994887;0.111328125
5101;;;;;;-0.01494254011195153;0.00875520585104823;9.830289316177367;0.007667998480610549;0.10546875
5102;;;;;;-0.010597870941273868;0.0657216620631516;9.833683395385743;0.009470608469564467;0.1259765625
5103;;;;;;-0.014278163947165013;0.01320396070368588;9.83031930923462;0.007717651512939483;0.1072265625
5104;;;;;;-0.015018693101592363;0.005607041576877236;9.831256628036499;0.008251690352335573;0.1091796875
5105;;;;;;-0.014864096394740045;0.0048148647183552384;9.829826927185058;0.00955608964432031;0.1353515625
5106;;;;;;-0.02219812204129994;0.007741947681643069;9.829835891723633;0.008539433835539966;0.1224609375
5107;;;;;;-0.015089924028143287;0.07594021800905466;9.829909658432006;0.008314291236456484;0.106640625
5108;;;;;;-0.016862076660618185;0.004828735790215433;9.828142738342285;0.010980439966078847;0.1369140625
5109;;;;;;-0.017120672343298792;0.021666093543171883;9.825407934188842;0.008528467640280724;0.1123046875
5110;;;;;;-0.008932435302995145;0.008910670806653798;9.822999238967896;0.0073504154570400715;0.1064453125
5111;;;;;;-0.016328026656992733;0.011397150438278913;9.824783897399902;0.008348198130261154;0.111328125
5112;;;;;;-0.013648027274757623;0.023957235179841517;9.828832483291626;0.007585716003086418;0.10546875
5113;;;;;;-0.013228521961718798;0.026871171686798333;9.834961462020875;0.007109193899668753;0.09921875
5114;;;;;;-0.0030269429553300142;0.008912724698893726;9.83957839012146;0.008379126049112529;0.119921875
5115;;;;;;-0.015125218033790588;0.004401020484510809;9.839958429336548;0.008935297920834273;0.120703125
5116;;;;;;-0.017657150607556106;0.004024868714623153;9.840177822113038;0.009226924157701433;0.1150390625
5117;;;;;;-0.012338300840929151;0.0030765583971515296;9.841347789764404;0.007063575426582247;0.0908203125
5118;;;;;;-0.011842324957251548;0.0022304802376311274;9.844069766998292;0.009101816976908594;0.1255859375
5119;;;;;;-0.007152172457426787;0.0020652844454161824;9.849788713455201;0.0072514750761911275;0.1015625
5120;;;;;;-0.011402050033211708;0.003186258708592504;9.855170249938965;0.006833785527851433;0.08046875
5121;;;;;;-0.009890573285520076;0.00727440332993865;9.85777235031128;0.014195377891883253;0.196484375
5122;;;;;;-0.014109828043729067;0.0035740750608965755;9.85788698196411;0.011929234291892498;0.178515625
5123;;;;;;-0.019126899354159833;0.01525158346630633;9.856842803955079;0.00828117858618498;0.0994140625
5124;;;;;;-0.01776917402166873;0.0102775227278471;9.857002687454223;0.0075443115667439995;0.0986328125
5125;;;;;;-0.007050014194101095;0.007880690786987544;9.858881425857543;0.009913017752114683;0.1265625
5126;;;;;;-0.012649572896771133;0.005713128158822656;9.85056562423706;0.011107453203294426;0.148046875
5127;;;;;;-0.022585769277065994;0.013382199266925455;9.84707088470459;0.00953799297567457;0.1421875
5128;;;;;;-0.01904331650584936;0.010546313365921378;9.849195051193238;0.008927596337161958;0.11953125
5129;;;;;;-0.014678452722728252;0.010035871691070498;9.84738507270813;0.008460648625623434;0.1138671875
5130;;;;;;-0.01199855525046587;0.01249786433763802;9.846721506118774;0.005646192515268922;0.073046875
5131;;;;;;-0.0011738897301256657;0.010052598174661398;9.84878716468811;0.009057606291025876;0.119921875
5132;;;;;;-0.009773579239845277;0.009310601791366935;9.85186185836792;0.009899442759342491;0.1216796875
5133;;;;;;-0.015109799057245254;0.0020881311153061687;9.851268911361695;0.009136356180533767;0.1244140625
5134;;;;;;-0.009314337372779846;0.0031001374125480654;9.852814245224;0.008026060392148792;0.1083984375
5135;;;;;;-0.011903181020170451;0.0029980307212099434;9.855986595153809;0.009290424943901598;0.1359375
5136;;;;;;-0.009641459258273245;0.0026774480473250152;9.853393745422363;0.0066885609063319865;0.0939453125
5137;;;;;;-0.004693384468555451;0.002652975870296359;9.848991203308106;0.006862550554797053;0.0896484375
5138;;;;;;-0.010623573511838912;0.004575113474857062;9.843762683868409;0.008673835906665772;0.1169921875
5139;;;;;;-0.008891112543642521;0.06583199072629213;9.841023206710815;0.005197481345385313;0.0650390625
5140;;;;;;-0.017697890219278634;0.0031795102055184542;9.846499586105347;0.005578663072083145;0.076171875
5141;;;;;;-0.011312106484547257;0.003324798168614507;9.84771432876587;0.006682902935426682;0.0841796875
5142;;;;;;-0.01303457929752767;0.008801653189584613;9.848123216629029;0.00714193427702412;0.0896484375
5143;;;;;;-0.01825851700268686;0.005820659617893398;9.846758222579956;0.009539641707669943;0.12578125
5144;;;;;;-0.01122467960231006;0.015353133110329509;9.847917556762695;0.008442517777439207;0.1080078125
5145;;;;;;-0.013963673450052737;0.015748801128938793;9.855821371078491;0.011865233641583473;0.1658203125
5146;;;;;;-0.012963224528357386;0.00458241825690493;9.868527126312255;0.007191655458882451;0.098046875
5147;;;;;;-0.011639065481722355;0.004933308623731136;9.871963596343994;0.00800963940564543;0.1080078125
5148;;;;;;-0.006213981239125132;0.07032378688454628;9.873183679580688;0.007908503897488118;0.10390625
5149;;;;;;-0.009257284249179066;0.005612411792390049;9.87434000968933;0.007975467422511429;0.1068359375
5150;;;;;;-0.01526501625776291;0.0033475023577921093;9.87161808013916;0.008798337110783904;0.120703125
5151;;;;;;-0.02010551318526268;0.00877240439876914;9.868542861938476;0.007899062719661742;0.1138671875
5152;;;;;;-0.0135181266348809;0.003933996823616326;9.865049743652344;0.009345732256770134;0.1359375
5153;;;;;;-0.014539181417785586;0.003098907449748367;9.861819791793824;0.010669087199494243;0.1498046875
5154;;;;;;-0.014740459946915507;0.006722312700003385;9.862260246276856;0.008096333453431725;0.1013671875
5155;;;;;;-0.019600763195194305;0.003142529935576022;9.864793014526366;0.006600060837808996;0.08359375
5156;;;;;;-0.010869503882713617;0.0033992476412095128;9.867907953262328;0.00797503876965493;0.106640625
5157;;;;;;-0.013602332305163145;0.0045795107260346414;9.86956295967102;0.007381754578091204;0.1091796875
5158;;;;;;-0.017970746848732233;0.004189604753628373;9.870838069915772;0.008611794549506158;0.1158203125
5159;;;;;;-0.018772391183301807;0.0063752855872735385;9.867271327972412;0.010822034534066915;0.1466796875
5160;;;;;;-0.011991296964697539;0.008939108182676136;9.872906637191772;0.010623148886952549;0.1484375
5161;;;;;;-0.020678037870675327;0.0166505912784487;9.875627183914185;0.01010275052394718;0.140234375
5162;;;;;;-0.004365430461863677;0.004213351275150975;9.877270380655924;0.009320075158029795;0.11171875
5163;;;;;;-0.012277340330183507;0.003665387339424342;9.874189519882203;0.008018979441840202;0.09609375
5164;;;;;;-0.013861948787234724;0.0025250683189369737;9.868412160873413;0.007914733537472785;0.1126953125
5165;;;;;;-0.021814629528671504;0.003343691665213555;9.865067863464356;0.008719776605721563;0.1134765625
5166;;;;;;-0.007325658621266484;0.0038018645369447767;9.86143193244934;0.010009458870626986;0.1341796875
5167;;;;;;-0.01922321239253506;0.009444274823181331;9.861344861984254;0.007364608033094555;0.0890625
5168;;;;;;-0.015554484352469445;0.013873270945623517;9.864613056182861;0.007129366591107101;0.094140625
5169;;;;;;-0.00918517962563783;0.06858908887952567;9.861823558807373;0.005649526522029191;0.0724609375
5170;;;;;;-0.008350924053229392;0.08312219828367233;9.854527235031128;0.009976242505945265;0.118359375
5171;;;;;;-0.016983904922381044;0.009892436885274946;9.853750848770142;0.007283050811383873;0.0947265625
5172;;;;;;-0.010935804178006946;0.006603096588514745;9.853428840637207;0.010001498891506344;0.1423828125
5173;;;;;;-0.017375392466783525;0.005739456345327199;9.858555221557618;0.009182767942547798;0.1248046875
5174;;;;;;-0.007691448088735342;0.06746620628982783;9.858736276626587;0.006517447531223297;0.0923828125
5175;;;;;;-0.01454019215889275;0.009844625368714333;9.85471715927124;0.009625838941428811;0.1236328125
5176;;;;;;-0.013966211769729852;0.010009705019183458;9.85118899345398;0.007274134608451277;0.0990234375
5177;;;;;;-0.018660233006812632;0.005563565134070814;9.850474071502685;0.008751255157403649;0.110546875
5178;;;;;;-0.008666589169297367;0.006723368843086064;9.853418445587158;0.0068606525077484545;0.075
5179;;;;;;-0.010777938924729825;0.009485287545248865;9.856962776184082;0.012645252340007573;0.176953125
5180;;;;;;-0.019450863357633352;0.06623548688367009;9.859181451797486;0.010919670900329947;0.11796875
5181;;;;;;-0.014274785807356239;0.017921627825126053;9.862870264053345;0.00827587335370481;0.108203125
5182;;;;;;-0.016300420463085174;0.015658175060525536;9.865408897399902;0.011083629471249879;0.1474609375
5183;;;;;;-0.015274267736822366;0.003546109760645777;9.865788316726684;0.006519628362730146;0.0859375
5184;;;;;;-0.007028050208464265;0.10887580700218677;9.865079832077026;0.008305537526030093;0.109375
5185;;;;;;-0.021980182640254496;0.0061733274487778544;9.858523511886597;0.01083631832152605;0.127734375
5186;;;;;;-0.008202578360214829;0.05416299081407487;9.853263664245606;0.00828482888173312;0.104296875
5187;;;;;;-0.01644096556119621;0.009632769436575473;9.844735097885131;0.007161283248569817;0.1001953125
5188;;;;;;-0.012566572101786733;0.006556981115136295;9.841540670394897;0.005313791893422603;0.066796875
5189;;;;;;-0.012263671332038938;0.007636848744004965;9.841753101348877;0.009374668484088033;0.1197265625
5190;;;;;;-0.010450080828741192;0.008164342283271253;9.843944215774536;0.005773513077292592;0.07890625
5191;;;;;;-0.02298811529763043;0.008453702996484935;9.850996589660644;0.010592800425365567;0.139453125
5192;;;;;;-0.014444931596517562;0.05445075300522149;9.852445363998413;0.01300642646383494;0.1486328125
5193;;;;;;-0.007976306090131401;0.008157069911248982;9.849126100540161;0.006668515654746443;0.0826171875
5194;;;;;;-0.012997118989005685;0.1012321226298809;9.842950868606568;0.01032923294696957;0.12421875
5195;;;;;;-0.012957025784999132;0.053021959587931634;9.838931465148926;0.00768569391220808;0.092578125
5196;;;;;;0.0012445721542462707;0.005584962479770183;9.834231853485107;0.006521595874801278;0.0810546875
5197;;;;;;-0.013733138446696103;0.00804902429226786;9.832832384109498;0.0063374237739481035;0.0873046875
5198;;;;;;-0.010920738615095616;0.05154909770935774;9.836200046539307;0.007868994167074561;0.10234375
5199;;;;;;-0.013281496427953243;0.02617154624313116;9.838148069381713;0.007944028405472637;0.114453125
5200;;;;;;-0.012608052138239146;0.007985659944824874;9.839915657043457;0.008478127815760673;0.1193359375
5201;;;;;;-0.008600633870810271;0.05130592534939448;9.837904103597005;0.00856017389645179;0.10546875
5202;;;;;;-0.00946481702849269;0.014018670516088605;9.83289475440979;0.00723677194910124;0.084765625
5203;;;;;;-0.017457996495068073;0.014350551506504416;9.832349252700805;0.006483147793915123;0.08515625
5204;;;;;;-0.01567480727098882;0.007915706303901971;9.83442463874817;0.009289305075071752;0.12578125
5205;;;;;;-0.006227664649486542;0.005857010814361274;9.835970640182495;0.00857280008494854;0.123828125
5206;;;;;;-0.014972288627177477;0.006087984493933618;9.838607215881348;0.009808404848445206;0.1337890625
5207;;;;;;-0.009075305750593543;0.05901215467602015;9.837900066375733;0.008871099003590644;0.1146484375
5208;;;;;;-0.01098089488223195;0.01515281293541193;9.840394544601441;0.009022939333226532;0.1125
5209;;;;;;-0.016904043965041637;0.007929740799590945;9.847451305389404;0.010418062307871878;0.1482421875
5210;;;;;;-0.0069381649605929855;0.049497325997799636;9.849945163726806;0.01281821944285184;0.158203125
5211;;;;;;-0.01372921271249652;0.006298791687004268;9.851979970932007;0.007756174902897328;0.103515625
5212;;;;;;-0.011038760747760534;0.06275816224515438;9.849865388870239;0.010630673449486493;0.1388671875
5213;;;;;;-0.00803305096924305;0.012030744785442948;9.847967863082886;0.011183440394233912;0.1580078125
5214;;;;;;-0.004235848085954785;0.044806059636175635;9.847884464263917;0.005985397263430059;0.075
5215;;;;;;-0.012544696731492878;0.07402826808393001;9.84760365486145;0.011613426019903273;0.15625
5216;;;;;;-0.004469381831586361;0.14454198367893695;9.844520854949952;0.006707474868744612;0.0876953125
5217;;;;;;-0.009491680003702641;0.006129965162836015;9.847975397109986;0.008677916647866369;0.1275390625
5218;;;;;;-0.013350232783704997;0.06134011559188366;9.850890636444092;0.010880184324923903;0.13359375
5219;;;;;;-0.013527052011340857;0.07003796212375164;9.848122358322144;0.008296395186334848;0.108203125
5220;;;;;;-0.018105173110961915;0.012930896389298141;9.843435478210449;0.007785461761523038;0.1013671875
5221;;;;;;-0.008928743423894048;0.01626373501494527;9.83992691040039;0.011721226619556546;0.1685546875
5222;;;;;;-0.015638672979548573;0.1284797839820385;9.834303712844848;0.013769024203065782;0.1869140625
5223;;;;;;-0.01688809508923441;0.030379048455506562;9.829685592651368;0.008978798345196992;0.12734375
5224;;;;;;-0.009824244910851121;0.01770198568701744;9.833734178543091;0.0069420162821188566;0.1
5225;;;;;;-0.013863925938494503;0.025683815032243727;9.833608627319336;0.008888881409075112;0.1158203125
5226;;;;;;-0.011608465320684692;0.07244162667881358;9.831249497153543;0.01281564026563005;0.15944602272727273
5227;;;;;;0.0008578786393627525;0.07423389870673418;9.830578565597534;0.010136305284686387;0.122265625
5228;;;;;;-0.004275777610018849;0.07263252427801489;9.828214645385742;0.009084607812110335;0.113671875
5229;;;;;;-0.00846107080578804;0.06530921068042517;9.828683996200562;0.008132512727752329;0.1048828125
5230;;;;;;-0.014815853908658028;0.06131243547424674;9.83127498626709;0.007787106104660779;0.097265625
5231;;;;;;-0.02011997695080936;0.12240796945989132;9.830536699295044;0.013080082752276212;0.17265625
5232;;;;;;-0.0165235135005787;0.06181200928986073;9.829868364334107;0.008128819882404058;0.1076171875
5233;;;;;;-0.011263447161763907;0.02124651148915291;9.830854368209838;0.009863816248252989;0.13671875
5234;;;;;;-0.022331185871735215;0.10201242193579674;9.833983993530273;0.010255236027296633;0.1373046875
5235;;;;;;-0.01292467569001019;0.03431115467101335;9.827647829055786;0.008072137681301684;0.1052734375
5236;;;;;;-0.023203749768435956;0.019018508959561586;9.824408340454102;0.008986323804128915;0.126953125
5237;;;;;;-0.01329961377196014;0.12675384394824504;9.813589191436767;0.012530328216962516;0.1548828125
5238;;;;;;-0.018518943246454;0.01591468546539545;9.805026531219482;0.014343831571750343;0.179296875
5239;;;;;;-0.014926580619066954;0.06192214493639767;9.802275276184082;0.009893381828442216;0.1365234375
5240;;;;;;-0.009385686065070332;0.017069575469940902;9.800696563720702;0.008636495971586555;0.1169921875
5241;;;;;;-0.010387810040265321;0.007901272992603481;9.800629329681396;0.00904119478072971;0.130859375
5242;;;;;;-0.01076651953626424;0.010962908668443561;9.797381973266601;0.00877637992380187;0.1126953125
5243;;;;;;-0.010492756380699575;0.006980820884928107;9.798517179489135;0.007757954578846693;0.08984375
5244;;;;;;-0.01090743555687368;0.14508647471666336;9.796602153778077;0.009211597964167595;0.12578125
5245;;;;;;-0.015283135324716568;0.009778169845230878;9.793952751159669;0.008693339966703207;0.1267578125
5246;;;;;;-0.017065244307741523;0.010958094033412635;9.79327974319458;0.010509109101258218;0.1427734375
5247;;;;;;-0.015699522336944938;0.009949995949864388;9.789573431015015;0.011321207194123417;0.171875
5248;;;;;;-0.022802510298788548;0.005849355971440673;9.790770483016967;0.01302983177592978;0.1783203125
5249;;;;;;-0.02019526856020093;0.008307014545425772;9.78257613182068;0.009245554823428393;0.126953125
5250;;;;;;-0.017864883225411177;0.00726684108376503;9.77444772720337;0.008370051777455955;0.113671875
5251;;;;;;-0.013749374751932919;0.007259113574400544;9.772252941131592;0.009197190392296762;0.1291015625
5252;;;;;;-0.018416701490059494;0.058060058671981093;9.772261714935302;0.010337610554415733;0.1310546875
5253;;;;;;-0.015204393537715077;0.027998569514602424;9.76700177192688;0.014450595958624034;0.188671875
5254;;;;;;-0.013281974103301763;0.012258810736238957;9.759036111831666;0.00802326826378703;0.1072265625
5255;;;;;;-0.01539676645770669;0.004984808713197708;9.76066975593567;0.010509577521588653;0.141015625
5256;;;;;;-0.00861503288615495;0.06924205077812076;9.763535594940185;0.012534580170176923;0.183203125
5257;;;;;;-0.020973682310432194;0.01127002234570682;9.759287309646606;0.012237197731155901;0.1615234375
5258;;;;;;-0.015050597582012415;0.005650510638952255;9.759236717224121;0.012082481384277343;0.1435546875
5259;;;;;;-0.004677704721689224;0.007182441698387265;9.750991153717042;0.00955248500686139;0.126171875
5260;;;;;;-0.0199934518430382;0.011011836491525174;9.739359045028687;0.00864573233993724;0.117578125
5261;;;;;;-0.018647934310138226;0.005110615654848516;9.735680961608887;0.00942988054594025;0.1244140625
5262;;;;;;-0.011803458724170924;0.00789609830826521;9.732192420959473;0.007224060548469424;0.1021484375
5263;;;;;;-0.01645151972770691;0.004964528791606426;9.722482109069825;0.009568961279001087;0.130078125
5264;;;;;;-0.024394558649510144;0.009540532412938774;9.71654658317566;0.011305220797657967;0.158203125
5265;;;;;;-0.011689342348836363;0.016165652172639967;9.709591436386109;0.01022556817624718;0.144921875
5266;;;;;;-0.02111276772338897;0.013814937323331833;9.707034540176391;0.010759748355485498;0.140234375
5267;;;;;;-0.013633024040609598;0.01861072862520814;9.70734281539917;0.010111191018950194;0.14453125
5268;;;;;;-0.020396789256483316;0.012574240285903215;9.705252313613892;0.008366124075837433;0.10703125
5269;;;;;;-0.02106668404303491;0.017022147495299577;9.694795989990235;0.009341491269879043;0.1287109375
5270;;;;;;-0.008918966259807348;0.008275991026312112;9.697281217575073;0.00896685871994123;0.1166015625
5271;;;;;;-0.0039971119724214075;0.008572086342610419;9.701976442337036;0.010652533872053027;0.144140625
5272;;;;;;-0.016263382416218518;0.006716610048897564;9.700281715393066;0.008650226786267012;0.12265625
5273;;;;;;-0.01041196407750249;0.010165357869118452;9.695639371871948;0.008128585282247514;0.0970703125
5274;;;;;;-0.011183108692057431;0.00562316772993654;9.687634944915771;0.005854042805731296;0.077734375
5275;;;;;;-0.013649636041373014;0.06774354632943869;9.677904891967774;0.009328560892026872;0.1265625
5276;;;;;;-0.0052413811907172205;0.00830824498552829;9.676239776611329;0.006530984176788479;0.0806640625
5277;;;;;;-0.02033426151610911;0.007955728354863823;9.680990266799927;0.00973584468010813;0.13125
5278;;;;;;-0.011707599554210902;0.00782185501884669;9.685145807266235;0.010034128942061215;0.145703125
5279;;;;;;-0.011433045845478773;0.011286029452458024;9.688317775726318;0.011070971528533846;0.1466796875
5280;;;;;;-0.013092943979427219;0.008891837345436216;9.694238328933716;0.008853577077388763;0.1255859375
5281;;;;;;-0.017585185589268804;0.01047770557925105;9.698460006713868;0.007800263073295355;0.1111328125
