index;reward;success;path_efficiency;effective_speed;lateral_motion;policy_loss;value_loss;entropy;approximate_kl;clip_fraction
1;-1.672223797732062;0.0;0.0;0.0;120.11569073788905;-0.00986186061054468;0.0023697321768850086;5.819199013710022;0.004994842398446053;0.0650390625
2;-2.0418892059469713;0.0;0.0;0.0;185.22350464390047;-0.01297286432236433;0.0008135092910379171;5.828726649284363;0.003951933979988098;0.05234375
3;-2.0394439516028693;0.0;0.0;0.0;154.28377815166604;-0.006808364810422063;0.0004116318217711523;5.83746600151062;0.005059158767107874;0.067578125
4;-1.552167910089762;0.0;0.0;0.0;119.47805596446794;-0.009213795233517886;0.0006838503177277744;5.844094824790955;0.003910205245483666;0.047265625
5;-1.7604756026817296;0.0;0.0;0.0;148.01351998369427;-0.010888088634237647;0.0010306245501851663;5.851500797271728;0.0027325288392603397;0.02890625
6;-1.8585163307847932;0.0;0.0;0.0;159.60759029431287;-0.013407643092796207;0.0020067174162250014;5.859007859230042;0.0041711026686243715;0.0517578125
7;-3.1704577482873533;0.0;0.0;0.0;193.87765093066886;-0.006420658016577363;0.002083275647601113;5.863053631782532;0.004469693347346038;0.0560546875
8;-7.583281238663839;0.0;0.0;0.0;211.00551167880477;-0.009981331788003445;0.0018809620873071254;5.870421957969666;0.003894044307526201;0.045703125
9;-7.5603939544563525;0.0;0.0;0.0;193.78846513729266;-0.006655133655294776;0.0020395252795424312;5.876342248916626;0.005652465124148876;0.075
10;-21.196527118883242;0.0;0.0;0.0;187.15348967998875;-0.008277259767055511;0.005199368146713823;5.879786705970764;0.006226500158663839;0.0828125
11;-27.14769380691969;0.0;0.0;0.0;192.97650303102793;-0.007681320304982364;0.04115641480311751;5.87991464138031;0.004218826163560152;0.050390625
12;-9.760433595904749;0.0;0.0;0.0;243.3068892686955;-0.006126749981194735;0.04775362387299538;5.880968832969666;0.003169903648085892;0.0365234375
13;-9.775603412784987;0.0;0.0;0.0;142.8267693736904;-0.005466503091156483;0.051265152543783186;5.885744047164917;0.0034174184896983207;0.04140625
14;-13.742861283664201;0.0;0.0;0.0;208.43751686053812;-0.006456272769719362;0.05470734257251024;5.892014122009277;0.003962560021318495;0.0466796875
15;-8.641793354033915;0.0;0.0;0.0;316.410759255085;-0.011076226807199418;0.05063832327723503;5.892284631729126;0.0059012710698880255;0.080859375
16;-22.210777935443357;0.0;0.0;0.0;215.5165321413854;-0.005725517449900508;0.03609112119302153;5.896027612686157;0.0038405681028962136;0.0443359375
17;-45.548638054070224;0.0;0.0;0.0;250.12679643813084;-0.008479439886286855;0.011124618956819177;5.899959826469422;0.005249029898550361;0.06875
18;-41.259100667800176;0.0;0.0;0.0;365.8554761768027;-0.008714493003208191;0.009443276817910374;5.89914219379425;0.006142325093969702;0.077734375
19;-31.602117939604366;0.0;0.0;0.0;215.75192354921526;-0.013472794508561491;0.011822133976966142;5.896238493919372;0.005870923609472811;0.076953125
20;-49.91658401464805;0.0;0.0;0.0;238.09398562290906;-0.01764998696744442;0.008853596565313638;5.900559425354004;0.0053251719917170705;0.0693359375
21;-62.437504726821466;0.0;0.0;0.0;178.60849112463495;-0.013726317300461232;0.009586574276909232;5.905186939239502;0.006564254779368639;0.0828125
22;-30.121301653069715;0.0;0.0;0.0;491.51764014821316;-0.006314854137599468;0.012375104939565063;5.90768530368805;0.0032122428878210486;0.0353515625
23;-3.0688274910422564;0.0;0.0;0.0;146.76192057070296;-0.0060339772142469885;0.015935758734121917;5.910200357437134;0.004691413789987564;0.062109375
24;2.2711344663309267;1.0;0.3883568655218693;0.20639619139248824;115.70061966946317;-0.007423103880137205;0.011371637927368283;5.911429071426392;0.005182559019885957;0.0669921875
25;-24.24886073049295;0.0;0.0;0.0;360.86385134010754;-0.00747787463478744;0.012004292337223887;5.915274333953858;0.004325381643138826;0.0521484375
26;-29.773863864662662;0.0;0.0;0.0;308.44168453215536;-0.013423539442010224;0.012067908560857177;5.917992949485779;0.005132429185323417;0.0697265625
27;-2.1831496821533474;0.0;0.0;0.0;140.40532088157664;-0.019087715935893357;0.014134199405089021;5.921301674842835;0.005122896772809327;0.0708984375
28;-2.5391663067406993;0.0;0.0;0.0;179.71570970141903;-0.006610417924821377;0.011698948731645942;5.921527886390686;0.005241675011347979;0.0673828125
29;-13.842377372707237;0.0;0.0;0.0;305.4121868324513;-0.009163495525717736;0.0162678187713027;5.924028277397156;0.006053683848585933;0.0859375
30;-0.8598129738884187;0.0;0.0;0.0;458.30211828806256;-0.004901982424780726;0.007734322943724692;5.923797988891602;0.006276090710889548;0.080859375
31;-1.4938408353339307;0.0;0.0;0.0;199.316551870886;-0.016294062603265047;0.019843608420342208;5.9229237079620365;0.00524327481398359;0.069921875
32;-1.8413751391014794;0.0;0.0;0.0;321.96463471977097;-0.003985654003918171;0.005958413006737828;5.923956131935119;0.004797458625398576;0.0560546875
33;-2.3566845511347405;0.0;0.0;0.0;193.95305358002656;0.002538461540825665;0.0051625042222440245;5.923768806457519;0.007822824746835978;0.109375
34;-3.2898719660594886;1.0;0.372799537367416;0.21050322698615703;380.4685500458863;-0.00871238054241985;0.00826165210455656;5.921788597106934;0.005773137090727687;0.0783203125
35;-17.91125010348291;1.0;0.4674457165184436;0.2571792513951616;319.98730967626;-0.005982698779553175;0.005077461269684136;5.921022415161133;0.004129241639748216;0.050390625
36;-14.033609978103847;0.0;0.0;0.0;338.1305705513896;-0.014709301269613206;0.0030099390540272;5.920255255699158;0.006694580789189786;0.094921875
37;-2.50861642945296;0.0;0.0;0.0;240.84627209014158;-0.008927881577983498;0.0023831911152228714;5.925588583946228;0.009165146702434868;0.1197265625
38;-2.0486526514141303;0.0;0.0;0.0;190.8253141265666;-0.010079744830727577;0.0028155427193269134;5.927403855323791;0.005719495133962482;0.0798828125
39;-9.415606125620775;0.0;0.0;0.0;244.88822740904703;-0.009797300107311457;0.0037509080255404116;5.92998685836792;0.0079221315914765;0.1197265625
40;-2.4126393155178696;0.0;0.0;0.0;196.62124588725564;-0.010358415637165308;0.0037421483430080116;5.928634762763977;0.0061318779014982285;0.08671875
41;-6.3135744304513555;0.0;0.0;0.0;162.56291479846593;-0.010847486881539225;0.075073544960469;5.926478338241577;0.004680788877885788;0.0546875
42;-8.015468210147239;1.0;0.3399123741237913;0.16653196253123054;204.38352248633691;-0.015549596771597863;0.005246925121173263;5.923178219795227;0.005534041137434542;0.078515625
43;-2.132907341688762;0.0;0.0;0.0;194.03876809153368;-0.01561544754076749;0.004435149079654366;5.92158625125885;0.007714487856719643;0.1154296875
44;-17.250698673198286;0.0;0.0;0.0;214.7265382772281;-0.00973713411949575;0.007519839587621391;5.920625114440918;0.006699529883917421;0.095703125
45;-1.4388160535488883;0.0;0.0;0.0;421.0973985429436;-0.00877549322322011;0.009321050811558962;5.921794843673706;0.004058974119834602;0.051171875
46;-1.9242393086847358;0.0;0.0;0.0;189.20076874209875;-0.006363610690459609;0.006070047826506197;5.9210974931716915;0.004960694757755846;0.063671875
47;-32.64138908020472;0.0;0.0;0.0;433.86680479397535;-0.0011469481512904167;0.007721948903053999;5.921473813056946;0.009754060476552695;0.1357421875
48;-1.1220142887199895;0.0;0.0;0.0;213.31499891527272;-0.012455373490229248;0.008729578671045601;5.924264860153198;0.005485086364205927;0.0736328125
49;-25.228926969247578;0.0;0.0;0.0;440.0142859056206;-0.007233500853180886;0.006439423584379256;5.927552318572998;0.0048101198393851515;0.0634765625
50;-7.098633740726797;0.0;0.0;0.0;604.551282625038;-0.0027341441251337527;0.007658939645625651;5.924962663650513;0.006913332408294082;0.0951171875
51;-1.2458766777063188;0.0;0.0;0.0;210.6648765094331;-0.004718361399136483;0.009852128964848817;5.92988805770874;0.005553432612214237;0.06953125
52;-1.967196724687178;0.0;0.0;0.0;176.05878588621493;-0.011300596222281457;0.008889168803580105;5.930205702781677;0.007274192234035581;0.096484375
53;-11.360605605612927;0.0;0.0;0.0;460.9739506145161;-0.01235118752811104;0.03584788888692856;5.928041768074036;0.0076474510016851125;0.1025390625
54;-9.95010782731568;0.0;0.0;0.0;278.46417779210185;-0.004886198975145817;0.061727816332131626;5.928742241859436;0.00516039568465203;0.068359375
55;-0.7469629900129977;0.0;0.0;0.0;186.82763565110818;-0.011792822927236556;0.005558194848708809;5.927633619308471;0.008986067085061222;0.1236328125
56;-0.8349722353076077;0.0;0.0;0.0;230.13308467653565;-0.006100200302898884;0.005834191967733204;5.931018829345703;0.006317546719219536;0.0869140625
57;-28.011031125147014;0.0;0.0;0.0;407.79461391164386;-0.015124937193468213;0.005034478765446692;5.9385456323623655;0.0064965830184519294;0.0943359375
58;-1.5087980806246655;0.0;0.0;0.0;188.99419580403222;-0.0058420491870492695;0.00856616566888988;5.941619729995727;0.007944474346004426;0.109765625
59;-23.32935665175575;0.0;0.0;0.0;568.2123022472072;-0.010309715988114476;0.013789977552369237;5.942881655693054;0.0065737996250391;0.0876953125
60;-18.65754214481659;0.0;0.0;0.0;604.0543517527286;-0.009141923673450948;0.010301769897341728;5.94510498046875;0.00691189004573971;0.0982421875
61;-1.767824886366699;0.0;0.0;0.0;148.48786630620486;-0.00436791405081749;0.010968435928225518;5.946536111831665;0.006061349587980658;0.07734375
62;-3.175360627520759;0.0;0.0;0.0;404.2151342635868;-0.004272923385724425;0.0077747984556481246;5.949382591247558;0.006814031442627311;0.0974609375
63;-4.209623804581671;0.0;0.0;0.0;382.48522239928366;-0.004470611130818725;0.08719316050410271;5.953062033653259;0.005416210158728063;0.0705078125
64;-1.2221522625399588;0.0;0.0;0.0;227.38243995683175;-0.014322324702516199;0.021170454751700162;5.952178192138672;0.006469658412970603;0.0955078125
65;5.485663261598752;1.0;0.366573506959309;0.22434160257679495;136.9965450858019;-0.011328804190270603;0.018823969177901745;5.956043434143067;0.006034147192258388;0.0796875
66;4.847479829477028;1.0;0.38117936909117156;0.2408062108811802;186.99264203691726;-0.007010623626410961;0.016703417897224425;5.96752359867096;0.008059898030478508;0.1154296875
67;5.197098000989822;1.0;0.39263055516407547;0.25420773462171464;188.53152376905902;-0.0117929567117244;0.013626117072999478;5.976572442054748;0.008162649197038263;0.110546875
68;5.358612227611875;1.0;0.39162754132450545;0.25458394362055814;140.2250998067647;-0.008357021398842335;0.010943890176713466;5.985566735267639;0.008186838286928833;0.115234375
69;5.808753451972542;1.0;0.4027420083527986;0.2636851950745811;122.36917395289638;-0.011367659829556943;0.008661854569800198;5.993319678306579;0.006158710166346282;0.0767578125
70;-21.65290207225041;1.0;0.3061903350300167;0.17121961186163606;584.2252360255559;-0.007290754630230367;0.011855996726080776;6.001838278770447;0.007978484977502375;0.1177734375
71;5.282388396102808;1.0;0.3822553758356328;0.25287660303304776;178.72388380202852;-0.0013372486922889949;0.017735899705439807;6.012057161331176;0.005274641839787364;0.0658203125
72;5.370542490046539;1.0;0.3595207890359137;0.22203650673133574;118.97620462413948;-0.010608985368162394;0.011552655696868896;6.0183251857757565;0.008184885140508413;0.1044921875
73;1.065036344705172;1.0;0.42790839692850163;0.2750158190991122;165.92742327626314;-0.006022408930584788;0.013054102286696434;6.015438032150269;0.00811310880817473;0.1193359375
74;5.140876827814523;1.0;0.3936643985995935;0.2563452336821682;120.28260209826213;-0.008352256054058671;0.011321611609309912;6.0113626480102536;0.008982877677772194;0.1224609375
75;5.16299522406696;1.0;0.4169473649360873;0.27361642651874124;104.16963464797102;-0.007971015386283397;0.0073671117424964905;6.008857679367066;0.008317205146886409;0.1205078125
76;5.782566346375196;1.0;0.42500446394002545;0.2874465660867655;123.67290700452006;-0.0012520275544375182;0.00979763395152986;6.002747559547425;0.0028704548254609107;0.0310546875
77;-1.618388475959351;1.0;0.3523138306270425;0.1926926119856133;133.07419115921243;-0.016808819212019443;0.008582599507644773;5.996937704086304;0.00687258125981316;0.0927734375
78;5.6279092410741995;1.0;0.3955832668739514;0.24573543966467756;124.73235345520348;-0.006116843805648387;0.006872106692753732;5.995744347572327;0.006187460536602884;0.0833984375
79;5.409548256019969;1.0;0.3979738600226276;0.24496220521319018;112.04957605919569;-0.005634743883274495;0.006197502766735852;5.987743449211121;0.0066436324617825445;0.0853515625
80;-1.4352243230283974;0.0;0.0;0.0;135.13566481741333;-0.010675794165581464;0.007156269974075258;5.9835697889328;0.009554014378227293;0.1365234375
81;3.7017025305661373;1.0;0.38581210859209236;0.2223221148789065;105.51777040400998;-0.0023603603709489106;0.006515952898189426;5.985553860664368;0.008211160963401198;0.105859375
82;1.3440417105211977;1.0;0.46709049819347365;0.3003877471549384;120.44291926164573;-0.009624749631620943;0.003376591845881194;5.988672924041748;0.007864640757907182;0.110546875
83;-1.7229014297257508;0.0;0.0;0.0;159.77800601471415;-0.008781496901065111;0.0023389263078570366;5.987245702743531;0.009554982418194413;0.1427734375
84;1.7975611061342436;1.0;0.42538356276068484;0.2523406405043038;107.3289991197499;-0.006629593390971422;0.003358614392345771;5.984974193572998;0.00754839553264901;0.1103515625
85;-0.616623128062733;1.0;0.4317170091111649;0.28287384137371807;221.62574992355292;-0.007431401708163321;0.0033294123713858426;5.985652732849121;0.007349746057298034;0.099609375
86;-1.8614131386209383;0.0;0.0;0.0;161.95912591603556;-0.009929853212088346;0.0026696578483097256;5.985220813751221;0.004897842276841402;0.0615234375
87;-0.4114148343811461;1.0;0.38316223870819643;0.21774859391423856;209.14271041699664;-0.012293146294541656;0.001949423283804208;5.9857625484466555;0.008983040158636869;0.1330078125
88;-0.8753795724509978;1.0;0.4525203757146413;0.2740916986404543;107.11032873360321;-0.005730091780424118;0.002361070574261248;5.9858252048492435;0.006115929782390594;0.084765625
89;-2.8945598782869304;1.0;0.43857881929759907;0.25298039559741864;147.7454043520841;-0.01034100647084415;0.0019197605142835528;5.983439660072326;0.007144514855463057;0.0974609375
90;5.733437314027475;1.0;0.3162213358349938;0.13895069512112238;188.80115440590595;-0.006757950689643621;0.004136872349772602;5.983598399162292;0.004447821946814656;0.0515625
91;4.990255810009624;1.0;0.391610102247025;0.25998323053860867;198.46906725555752;-0.015752127021551134;0.0070106845116242765;5.9865587711334225;0.007376113662030548;0.0966796875
92;1.2398833795808644;1.0;0.43348905795599096;0.2527790538202542;102.87195410105876;-0.008259082352742553;0.0032299960614182053;5.995055437088013;0.005364074441604316;0.0626953125
93;0.7372447534189086;1.0;0.4546269268724706;0.2672409502718156;105.15590342249838;-0.007544411020353437;0.05363475712947548;5.998865675926209;0.0047625462291762235;0.057421875
94;5.477199130394128;1.0;0.359798180617783;0.2127954236079643;102.2600807874892;-0.00684066629037261;0.0037761557381600142;5.9975919961929325;0.006908823607955128;0.09609375
95;5.4298131052093055;1.0;0.41558543414764093;0.26136140899997523;107.09736568495022;-0.006510526896454394;0.060336651746183634;5.993686246871948;0.006289250135887414;0.0880859375
96;5.105202473513832;1.0;0.3887668159855298;0.24313060509251685;198.97883716496688;-0.006348221842199564;0.046191617287695406;5.987921738624573;0.005688289541285485;0.07265625
97;0.7789805278394591;0.0;0.0;0.0;296.1460368763788;-0.006709574582055211;0.08567404616624116;5.9858238935470585;0.004028107866179198;0.0435546875
98;5.008900871178338;1.0;0.401889837565581;0.26448824249124714;206.6490542064115;-0.010843821289017796;0.11394043453037739;5.986758732795716;0.006619850464630872;0.090625
99;-6.81162525533302;1.0;0.4152426457668515;0.2526312723186291;338.8364965544832;-0.0206178629770875;0.08782276082783938;5.989005374908447;0.007596658845432103;0.112109375
100;2.7274143397206556;1.0;0.37399381098610024;0.21676192697884994;156.54272283724288;0.0047990673454478385;0.008645839500240981;5.99011263847351;0.007739795302040875;0.1009765625
101;-16.584762639869822;0.0;0.0;0.0;498.6303468188771;-0.011881983373314142;0.033788993721827865;5.991710591316223;0.007912697026040406;0.1033203125
102;-7.014866807219875;0.0;0.0;0.0;402.7522142025465;-0.006364468717947602;0.003577212290838361;5.994139552116394;0.007983100588899106;0.110546875
103;-7.691818303963349;0.0;0.0;0.0;457.00071730397207;-0.006246447423473;0.056260487111285326;5.994343614578247;0.005864411999937147;0.0798828125
104;-1.6012791249128429;0.0;0.0;0.0;121.47536994152325;-0.015111094154417515;0.05111897112801671;5.995146441459656;0.008506117586512119;0.117578125
105;-3.4463794004673787;0.0;0.0;0.0;293.98013726772376;-0.006223621801473201;0.05544322244822979;5.997409510612488;0.006903490365948528;0.0880859375
106;-2.4596770362749636;0.0;0.0;0.0;172.81366657016298;-0.013325867801904678;0.05828071418218315;6.000840187072754;0.005893040914088488;0.0791015625
107;-3.549824306722447;0.0;0.0;0.0;276.27710756113635;-0.0018698296509683133;0.045095116598531604;6.002378821372986;0.01057965592481196;0.13125
108;-5.441446456844026;0.0;0.0;0.0;322.4890087769876;-0.013109397608786821;0.009228141023777425;6.003737425804138;0.008596367982681841;0.1171875
109;-1.362595221722175;0.0;0.0;0.0;270.34805708350353;-0.013521907199174166;0.009029372967779637;6.005406379699707;0.008240485610440374;0.1162109375
110;5.838225626570148;1.0;0.5206195679802619;0.5007791048822033;101.93644773058776;-0.003929640073329211;0.06257157251238823;6.0096817970275875;0.0036125633167102935;0.0416015625
111;6.239263476623332;1.0;0.47336505038510135;0.4003138292564939;87.30054203163607;-0.007215186906978488;0.12824350781738758;6.007083535194397;0.007065750227775424;0.1017578125
112;6.118796788941635;1.0;0.49291996420708495;0.44998342514523737;132.70008005928116;-0.00029637790285050867;0.04684180615004152;6.000948810577393;0.007589421677403152;0.108984375
113;5.650538301571727;1.0;0.42238891559664155;0.314440361191877;139.1131737624163;-0.011898296582512558;0.004306639917194844;6.000553297996521;0.006197346758563071;0.087890625
114;-8.558153492824108;0.0;0.0;0.0;511.1204549023225;-0.01601752284914255;0.05516647547483444;6.000708603858948;0.007921262294985354;0.1041015625
115;-2.9731695573286574;0.0;0.0;0.0;510.98966710346247;-0.01167467380873859;0.004173782165162265;6.0116249322891235;0.00917446737876162;0.123828125
116;4.867551496498122;1.0;0.5601530941907107;0.5244424971314164;83.49988876314269;0.002960339933633804;0.04386614989489317;6.011490845680237;0.006156672490760684;0.0828125
117;5.249391041722412;1.0;0.4745075617770017;0.3368647374068965;196.15889556899708;-0.0036782313603907824;0.09466634709388018;6.0058839321136475;0.008598239626735449;0.12578125
118;-1.4992774221294562;0.0;0.0;0.0;156.93252653742422;-0.007636663061566651;0.023425009602215142;6.002217221260071;0.010730576643254608;0.144921875
119;-2.9253037282218473;0.0;0.0;0.0;202.39964633722494;-0.012060372764244676;0.0019826085248496384;6.0007648229598995;0.008475779788568616;0.1255859375
120;-0.6295735401108278;1.0;0.45763788672554984;0.3969895057459299;360.59611344816085;-0.009534507663920522;0.05073355413042009;5.999841523170471;0.010277714778203518;0.1447265625
121;-3.976274299044874;0.0;0.0;0.0;241.45778412146953;-0.008508815104141832;0.044138628104701635;6.0029115915298465;0.010389906994532794;0.146484375
122;-4.690392456340943;0.0;0.0;0.0;135.76750713082973;-0.005536334170028567;0.005863026692532003;6.002639603614807;0.006898905523121357;0.094140625
123;-5.5895015067265605;0.0;0.0;0.0;553.3119376370091;-0.005099749518558383;0.052880058577284214;6.0003416538238525;0.009848484047688543;0.130859375
124;5.104559382355826;1.0;0.4744299995578578;0.38656863770910876;87.08699873239533;-0.02121297314297408;0.05238404693081975;6.0021405696868895;0.010305761906784028;0.1400390625
125;-4.039154487519574;0.0;0.0;0.0;267.0452215776997;-0.007163085928186774;0.0025272204773500563;6.0028012752532955;0.006540899071842432;0.0876953125
126;-3.4351730434895322;0.0;0.0;0.0;186.80124218198307;-0.008652347372844815;0.042889245226979254;5.999073839187622;0.007431407296098769;0.1013671875
127;5.136047987580094;1.0;0.4013079472780574;0.24241674477484634;323.65557549368606;-0.012144810939207672;0.0027659946470521392;5.9981608390808105;0.008366877608932555;0.11875
128;5.970676777166769;1.0;0.5084284710980144;0.44571229025620807;110.220538574849;-0.006726931314915419;0.002734035928733647;6.0003159761428835;0.0075450966134667395;0.10859375
129;-10.81921502253228;0.0;0.0;0.0;121.19274077450395;-0.009568456280976533;0.007535911607556045;6.0005285263061525;0.00954846948152408;0.1361328125
130;6.499736864263765;1.0;0.5358888684448033;0.5630595916490675;93.73354643796249;-0.01767842136323452;0.002856876008445397;6.009614086151123;0.009684549237135798;0.1357421875
131;-1.6000670854786934;0.0;0.0;0.0;108.32836927421766;-0.01682051131501794;0.0016120878979563713;6.018289518356323;0.010535828920546919;0.1650390625
132;5.573417696281139;1.0;0.566103078031337;0.6223172869737262;69.49082516029694;-0.009630246367305518;0.0016073893930297345;6.022251987457276;0.010389465373009443;0.14765625
133;6.104677744849734;1.0;0.46765644675043927;0.40516831366569034;90.44354870989928;-0.0069291714113205675;0.0011438198911491782;6.020856237411499;0.005083124781958759;0.062109375
134;2.783906537756841;1.0;0.44587032518041514;0.17928622280313386;197.8335004860754;-0.004287476092576981;0.0014016115106642245;6.0190469980239865;0.007948696124367416;0.107421875
135;3.9086308125180182;1.0;0.4286102858180744;0.26154372039910906;265.8706150612039;-0.009884692262858152;0.0009595401264959946;6.020859503746033;0.006607587705366314;0.0888671875
136;-1.5842829683990596;0.0;0.0;0.0;115.14218900102615;-0.014584578713402152;0.0017965364328119903;6.018036127090454;0.009318114060442894;0.133203125
137;-2.797980324297496;0.0;0.0;0.0;175.86378491528558;-0.010082664550282061;0.0017967223131563515;6.018038177490235;0.00841050713788718;0.1177734375
138;-2.3636671193776544;0.0;0.0;0.0;196.04891624010574;-0.006694335862994194;0.0020933850260917096;6.0205488204956055;0.0090442186454311;0.140625
139;5.6325441421064975;1.0;0.5521006101976208;0.6038632910754971;139.3080106295277;-0.007203229842707515;0.004148388199973851;6.0186035394668576;0.006620362086687237;0.0974609375
140;6.522265141722741;1.0;0.5841523155139308;0.6694579008196765;112.2374453951209;-0.009872652823105454;0.003364282811526209;6.018585848808288;0.007895154110156;0.1107421875
141;-2.851487935891592;0.0;0.0;0.0;341.20136649767426;-0.00311587187461555;0.002235766436206177;6.02248477935791;0.008439263212494552;0.118359375
142;5.274218532368704;1.0;0.5155645334728751;0.2744667954522265;57.0903757448232;-0.01436861795373261;0.11284772958606482;6.0253942012786865;0.008928284898865968;0.137890625
143;-3.7391598063117746;0.0;0.0;0.0;234.9044849534767;-0.00826515732333064;0.005575524386949837;6.02981026172638;0.008025704324245453;0.1134765625
144;-6.5250953472619555;0.0;0.0;0.0;220.93011138289685;-0.003071428230032325;0.05682082688435912;6.031316924095154;0.006234291463624686;0.08046875
145;-2.572610104486879;0.0;0.0;0.0;236.909056382355;-0.013453164044767619;0.004909078555647284;6.034307765960693;0.00843273641075939;0.1109375
146;-2.3956997424308843;0.0;0.0;0.0;336.3217531525875;-0.008162942808121442;0.002742600452620536;6.038677096366882;0.010407536895945669;0.14921875
147;-8.435267041174486;0.0;0.0;0.0;347.4178796452176;-0.010277874674648047;0.0019141326542012394;6.035866665840149;0.00727185708237812;0.1021484375
148;-1.4160372741486635;0.0;0.0;0.0;98.80603986159514;-0.007767065986990928;0.0020032343978527932;6.036140561103821;0.00883570242440328;0.1279296875
149;6.636619077269247;1.0;0.59946140422725;0.6615141543284481;70.80487246053634;-0.008326839841902255;0.0012682286411290987;6.038757419586181;0.006707537034526467;0.0939453125
150;-3.828692968806441;0.0;0.0;0.0;254.2233607801519;-0.004701644275337457;0.04675488020293415;6.0360065460205075;0.00985661962768063;0.1390625
151;-0.9079599905312492;0.0;0.0;0.0;75.36209545453102;-0.008775905147194863;0.052702199085615575;6.029470276832581;0.011900137667544186;0.1697265625
152;-15.518105600375208;0.0;0.0;0.0;295.9389218008879;-0.003784901648759842;0.0408780877944082;6.02322895526886;0.005558155651669949;0.06640625
153;6.614121073464281;1.0;0.5890480703774782;0.6244361905439871;66.36516347386502;-0.015470867045223713;0.004062693752348423;6.021891093254089;0.009783424739725887;0.14375
154;-3.7063632367643664;0.0;0.0;0.0;178.10802294323116;-0.00456893309019506;0.0023206470534205435;6.025842928886414;0.008014793996699155;0.113671875
155;-7.140039436510966;0.0;0.0;0.0;468.30914364980265;-0.004793447535485029;0.03782594637013972;6.027293539047241;0.007748625485692173;0.100390625
156;-1.5018350507213363;0.0;0.0;0.0;166.89830718370453;-0.014748178701847792;0.004588991834316403;6.029315638542175;0.006866542738862336;0.0974609375
157;-8.87405790555481;0.0;0.0;0.0;18.600666424639176;-0.010957423597574234;0.005035810417030007;6.032087182998657;0.009290842909831554;0.1349609375
158;-4.1703016461285385;0.0;0.0;0.0;139.5795148416905;-0.007684223167598247;0.002973560569807887;6.034239315986634;0.008822749077808112;0.125
159;6.657792560938235;1.0;0.5981768203927436;0.6415460629693729;61.90618086242855;-0.005872173933312297;0.03162999232299626;6.033573627471924;0.010810599382966756;0.151171875
160;-1.151103470062955;0.0;0.0;0.0;396.8465456499545;-0.016937641333788632;0.003346169425640255;6.03524808883667;0.008052563562523573;0.0984375
161;4.012766121159697;1.0;0.5301906428494982;0.41658598668076724;93.18811412629537;-0.009206701815128327;0.05005030536558479;6.0447956085205075;0.012584262515883893;0.172265625
162;6.097832220065292;1.0;0.5164618684994438;0.4687395974134802;91.79888837319476;-0.011102673830464482;0.04692669324576855;6.050568032264709;0.01284385398030281;0.1888671875
163;-2.1595380518627776;0.0;0.0;0.0;167.92612601284625;-0.015208204835653305;0.0037230490357615053;6.0531374454498295;0.008679230499546975;0.12578125
164;-3.0016823074031524;0.0;0.0;0.0;82.27108404958528;-0.008500146446749568;0.006518539693206549;6.05670382976532;0.007527247758116573;0.1123046875
165;-1.9758924168334269;0.0;0.0;0.0;227.9367303874645;-0.008892691968118442;0.08210911032031565;6.057531973894904;0.01203173171619282;0.15418198529411764
166;6.444402578449033;1.0;0.6206100561092333;0.7593905178909087;105.10052919591847;-0.007388689741492272;0.05187614820897579;6.056883144378662;0.008372788957785815;0.1181640625
167;-1.6175699580243075;0.0;0.0;0.0;135.3629186916567;-0.014288560068234802;0.03302504190942272;6.061063957214356;0.006347756052855402;0.083203125
168;-4.1439961575436355;0.0;0.0;0.0;242.64727841343608;-0.007809728104621172;0.0022586942184716465;6.063826417922973;0.008080887445248663;0.1267578125
169;-10.359462733811146;0.0;0.0;0.0;177.52504356118888;-0.020342220505699515;0.0016580811294261365;6.060396146774292;0.006541572429705411;0.0890625
170;-1.7326270311342362;0.0;0.0;0.0;118.22172662815278;-0.016585477348417043;0.002878129534656182;6.053224205970764;0.01139370077289641;0.167578125
171;-1.8455246385047426;0.0;0.0;0.0;145.72230738288496;-0.005066485051065684;0.005022321455180645;6.051320052146911;0.008515429042745382;0.115625
172;5.995622265627989;1.0;0.5943974840293418;0.6598651588515723;85.78006912804368;-0.013212302480550372;0.05665007671889137;6.0520391744725845;0.012523596818723223;0.16337316176470587
173;5.231143717113264;1.0;0.4638312579140725;0.4005810517207446;107.21545742735411;-0.008806741959415377;0.003759029181674123;6.0517662525177;0.010348008957225829;0.143359375
174;-1.9745995134296408;0.0;0.0;0.0;129.93768350444032;-0.005773013457655907;0.04281973047181964;6.049615740776062;0.0069955118466168646;0.0978515625
175;-8.544986868860764;0.0;0.0;0.0;391.76709399895367;-0.010257314867340028;0.005261153355240822;6.052403903007507;0.008187758631538599;0.107421875
176;5.058048529207142;1.0;0.5913608114080194;0.639876654578031;103.120708069114;-0.012365291360765696;0.06979670957662165;6.0578346967697145;0.013009280175901949;0.1849609375
177;-2.7606607600561284;0.0;0.0;0.0;375.79398353360244;-0.013122260803356767;0.0024114514060784133;6.0632099390029905;0.008530199609231204;0.118359375
178;-6.665771457755642;0.0;0.0;0.0;264.38631116971715;-0.0036242448724806307;0.0021706267027184365;6.064391112327575;0.005471547658089548;0.068359375
179;-1.8065233138810615;0.0;0.0;0.0;122.09941705089236;-0.003976117447018623;0.0016333230887539685;6.062596178054809;0.007005358790047466;0.1009765625
180;-2.058765243406134;0.0;0.0;0.0;137.44464068384002;-0.010261166794225573;0.002280577935744077;6.059842658042908;0.007500127202365548;0.101953125
181;-3.229739828345538;0.0;0.0;0.0;163.9297485059954;-0.013614041823893785;0.005642133706714958;6.060978984832763;0.00838931801263243;0.11953125
182;-6.731440109625161;0.0;0.0;0.0;255.2425312064945;-0.01879827110096812;0.0016970164433587343;6.062122559547424;0.007277956570032984;0.096484375
183;-2.4691234487577933;0.0;0.0;0.0;447.303123361364;-0.006634948961436749;0.00360057654324919;6.061580157279968;0.005599908623844385;0.075
184;-5.71248412154206;1.0;0.5732554303147764;0.6126981470746468;397.1926770476626;-0.009804559918120504;0.006022339896298945;6.059931445121765;0.008620771835558117;0.11875
185;-2.6761634598087625;0.0;0.0;0.0;148.71456733173875;-0.01109451341908425;0.0025693088478874414;6.063737750053406;0.008509706461336464;0.124609375
186;4.639893552040735;1.0;0.4523082078505476;0.28609510963114776;131.43170629516842;-0.006503964588046074;0.003160240105353296;6.068533730506897;0.00611221524886787;0.0865234375
187;-6.398828801780679;0.0;0.0;0.0;309.9035106160585;-0.014057592954486609;0.002654533978784457;6.069818329811096;0.009964984108228237;0.1509765625
188;-1.0754927929364357;1.0;0.45777199143048247;0.4223674806504813;267.5270163868923;-0.00976866572163999;0.042254479508847;6.068357920646667;0.00799961924785748;0.101953125
189;-1.6896607961203707;0.0;0.0;0.0;120.17144616783362;-0.0015428255312144757;0.00201093916548416;6.067725920677185;0.008489430928602815;0.122265625
190;-4.083171909266718;0.0;0.0;0.0;284.04369620236827;-0.002481361664831638;0.0018109024153091014;6.072058963775635;0.008804565225727857;0.11171875
191;-2.539836906887929;0.0;0.0;0.0;183.12501687268707;-0.005846705101430416;0.0015755190514028072;6.080175042152405;0.01168506988324225;0.1576171875
192;-3.825265327976197;0.0;0.0;0.0;203.1092673387573;-0.002021151967346668;0.003566207952098921;6.08164610862732;0.010303058300632984;0.1513671875
193;-7.947495747938717;0.0;0.0;0.0;524.8217490364525;-0.012207404617220164;0.0015017495898064226;6.0797162532806395;0.012308310274966061;0.1787109375
194;-2.1357692607651653;0.0;0.0;0.0;166.60700120663313;-0.009670239267870783;0.04086876320652664;6.081022095680237;0.01023656512843445;0.1455078125
195;-4.186695694011446;0.0;0.0;0.0;304.9770319231611;-0.016146180406212806;0.0020104167400859297;6.079686427116394;0.00951206114841625;0.1212890625
196;-2.941489490172385;0.0;0.0;0.0;219.09306411086243;-0.013307310827076434;0.0021142949408385903;6.081457424163818;0.009375876758713275;0.1341796875
197;-29.459448661276024;0.0;0.0;0.0;555.4240753061234;-0.01084398003295064;0.0020902855379972608;6.079110217094422;0.009545679157599806;0.139453125
198;-1.6018546403631468;0.0;0.0;0.0;152.028593760506;-0.01253892802633345;0.03410817324183881;6.077288556098938;0.01252570846118033;0.1650390625
199;5.558578637134494;1.0;0.4377986199474452;0.3631271625927195;120.62083403837997;-0.016610295977443457;0.011416701367124915;6.079501795768738;0.006964278663508594;0.087109375
200;-3.1206851458340394;0.0;0.0;0.0;258.8945750894136;-0.005907494714483619;0.028479927894659342;6.087168955802918;0.006702170765493065;0.0919921875
201;-1.1528422470919393;0.0;0.0;0.0;126.11494753054974;-0.010342806205153465;0.005238665838260203;6.09176869392395;0.005393546947743744;0.0650390625
202;-5.294155833770482;0.0;0.0;0.0;536.683671058696;-0.0012798114214092493;0.005816526408307254;6.09677939414978;0.006716920633334666;0.0888671875
203;-1.9078656958994793;0.0;0.0;0.0;438.694924469985;0.0033047025091946123;0.0142155030509457;6.101311779022216;0.006871815293561667;0.0955078125
204;-2.85368283522898;0.0;0.0;0.0;342.0504720322126;-0.011506008636206388;0.004729880404192954;6.104261970520019;0.0076572762336581945;0.10625
205;-13.933915725329951;0.0;0.0;0.0;424.6382984367273;-0.00995068228803575;0.003818546689581126;6.1084143161773685;0.012105514493305236;0.17421875
206;-1.735883863564549;0.0;0.0;0.0;43.60293469551052;-0.010906069912016392;0.004463090468198061;6.112762141227722;0.008325831731781363;0.1150390625
207;-1.4085319373523024;1.0;0.4382976509005937;0.324553985125762;265.6281327327349;-0.004967792332172394;0.005567717039957643;6.115935969352722;0.007033252029214054;0.0982421875
208;-2.212519945975771;0.0;0.0;0.0;179.96796494976368;0.001316569186747074;0.037036588741466404;6.121300673484802;0.007113849883899093;0.098828125
209;-2.265405818924648;0.0;0.0;0.0;155.28571457148357;-0.01025707577355206;0.004556563054211438;6.126042056083679;0.008740679663605987;0.1296875
210;-7.038348896446205;1.0;0.30695055680146643;0.20426291936500462;373.58760523173703;-0.009420584607869386;0.005639769905246794;6.125547957420349;0.0061093273805454375;0.0830078125
211;6.00110362545294;1.0;0.42794635416125437;0.42016594941752733;266.90497922751825;-0.004651111084967852;0.006763222417794168;6.124535250663757;0.0075782205443829295;0.1103515625
212;-16.061265196147506;0.0;0.0;0.0;316.1794743068933;-0.010798608814366163;0.006409882102161646;6.127781081199646;0.005047017137985677;0.066796875
213;-10.718915720587557;0.0;0.0;0.0;248.70346143817872;-0.0077592093963176016;0.04077296785544604;6.135548520088196;0.008620109630282969;0.1138671875
214;-0.5341102460101025;0.0;0.0;0.0;83.92174392563375;-0.007986288843676448;0.06115706106647849;6.137853741645813;0.006173227226827294;0.08359375
215;-2.474229846776449;0.0;0.0;0.0;141.56541293839783;-0.01713046068325639;0.0035554528003558517;6.140672588348389;0.00983329099835828;0.144921875
216;-2.7202684216897115;0.0;0.0;0.0;177.38362489096357;-0.010853774333372711;0.00727548967115581;6.139905190467834;0.006951450125779956;0.09765625
217;-1.3817670035974212;0.0;0.0;0.0;346.4290089656305;-0.005186008242890239;0.0031944144982844593;6.136621522903442;0.007183088886085898;0.105078125
218;-1.8925589318929823;0.0;0.0;0.0;226.22760462386043;-0.014333835057914256;0.001975826401030645;6.133051133155822;0.010938248038291931;0.1677734375
219;-0.6423294960538571;0.0;0.0;0.0;365.87676461138346;0.0029651128686964514;0.040115324198268354;6.129559946060181;0.009158721589483321;0.133203125
220;-4.918040587216592;0.0;0.0;0.0;451.0795809550169;-0.005096650402992964;0.002337210311088711;6.125880026817322;0.0089658449171111;0.1267578125
221;3.1966915452893327;1.0;0.4681532266202902;0.39421636016880385;204.41577830945758;-0.011199944140389561;0.006181538640521467;6.123226857185363;0.007216799748130142;0.09921875
222;-2.5164822116601173;0.0;0.0;0.0;298.4352487799059;-0.013861421402543784;0.008806013106368481;6.120334815979004;0.011509915976785124;0.14296875
223;-2.8067992450836767;0.0;0.0;0.0;46.70061597195347;-0.013763070129789412;0.006958889844827354;6.129341864585877;0.009162992530036718;0.1205078125
224;-1.5778885651439567;0.0;0.0;0.0;200.43468591345825;-0.00749479498481378;0.004504281363915652;6.137513661384583;0.00809524004580453;0.1083984375
225;-8.66204112979893;0.0;0.0;0.0;278.5681780642158;-0.014669051952660083;0.006674999999813735;6.139181113243103;0.009185882355086505;0.1384765625
226;-10.039547995581346;0.0;0.0;0.0;372.00824184876427;-0.011940511805005372;0.009363752882927656;6.135231137275696;0.0074217271874658765;0.0974609375
227;-1.3923108020751285;0.0;0.0;0.0;332.4681112547246;-0.01360529236909416;0.04143181096555458;6.133273866441515;0.011624989461981587;0.14171006944444445
228;-4.082276042882941;0.0;0.0;0.0;312.9885704368078;-0.015795630123466253;0.005924369348213077;6.13242118358612;0.004982288449537009;0.06328125
229;1.90296227226312;1.0;0.4205934362863358;0.35589459467354945;344.8377850242749;-0.007036954909563064;0.07224535010755062;6.135060787200928;0.01104369341628626;0.1607421875
230;-0.5726264175957306;0.0;0.0;0.0;294.50431635646083;-0.014788974076509476;0.011824040906503797;6.1396198034286495;0.008603626326657832;0.1203125
231;-0.7261015352800942;0.0;0.0;0.0;184.6944009347999;-0.007245509792119265;0.05622006207704544;6.138551473617554;0.005911768390797078;0.0806640625
232;5.964325834251481;1.0;0.49790114793637974;0.4088803481255168;197.26907972512623;-0.01286480794660747;0.005439313035458327;6.132630014419556;0.008183134836144745;0.1158203125
233;-6.643061394679912;0.0;0.0;0.0;243.9608578191806;-0.014369356771931052;0.004195453983265906;6.135404920578003;0.008909001317806541;0.1298828125
234;1.505031279248473;1.0;0.46974485103646874;0.2913255179073395;207.25195897809755;-0.011227704538032412;0.0015080512443091721;6.137445306777954;0.009310897497925907;0.136328125
235;-17.234677625494218;0.0;0.0;0.0;369.07562754550617;-0.007476570131257176;0.002278222603490576;6.1406707763671875;0.006697290274314582;0.0884765625
236;-3.6030852579795005;0.0;0.0;0.0;75.20251221918154;-0.005807882500812411;0.004153984342701733;6.144380450248718;0.008711030252743512;0.12265625
237;5.664232102217788;1.0;0.512667911977116;0.44050983611909433;176.72381473893003;-0.01118190591223538;0.003699927544221282;6.142413139343262;0.006972230994142592;0.0861328125
238;-0.4451831273627347;1.0;0.4519651946838777;0.19408989562186574;256.0535183010192;-0.007792417798191309;0.003421124757733196;6.144990015029907;0.007375895953737199;0.105859375
239;-2.054160405369838;0.0;0.0;0.0;189.14922898540155;-0.003659294405952096;0.0048815943766385315;6.15136296749115;0.007553527830168605;0.1083984375
240;-5.849916635749906;0.0;0.0;0.0;69.57059383946405;-0.013489492842927575;0.00426794852828607;6.156427788734436;0.011152680334635078;0.1578125
241;-1.825102609523687;0.0;0.0;0.0;226.14431719264914;-0.0056663564639166;0.0030804696725681424;6.159388303756714;0.010284677601885051;0.153125
242;-4.043656322171718;0.0;0.0;0.0;29.580603639532345;-0.007820598455145955;0.003563182894140482;6.162325024604797;0.010246420302428305;0.1419921875
243;-0.8989529531922036;0.0;0.0;0.0;107.03793508857888;-0.01652618278749287;0.017325288243591787;6.165847492218018;0.006022525648586452;0.0755859375
244;-4.789561355806546;0.0;0.0;0.0;162.73970504986053;-0.009925821260549129;0.004121096944436431;6.1691019296646115;0.01050085857277736;0.1357421875
245;-1.0939935247664394;0.0;0.0;0.0;129.87189185386902;-0.011969142081215977;0.01059621931053698;6.174356412887573;0.011606266675516962;0.164453125
246;-1.057082828517002;0.0;0.0;0.0;311.0505379088534;-0.003655911702662706;0.021341809816658498;6.180547523498535;0.00681896765017882;0.0849609375
247;5.898114678720132;1.0;0.4248774904184388;0.3119490228723929;133.4666275257166;-0.01192868291400373;0.0028246528934687378;6.178240871429443;0.010006569069810211;0.14453125
248;-3.1441532272505195;0.0;0.0;0.0;18.024020464906062;-0.013784430408850312;0.0036159933195449414;6.178664135932922;0.010162794147618115;0.1447265625
249;-1.446917851935896;0.0;0.0;0.0;124.0336073508838;-0.013230401766486466;0.0037207310320809483;6.1799894094467165;0.014190982037689537;0.196875
250;-9.505312784064667;0.0;0.0;0.0;238.73213230822455;-0.019345249654725193;0.022153851727489383;6.180099940299987;0.009300133946817368;0.13828125
251;-2.075776437700938;0.0;0.0;0.0;261.2471991354222;-0.002061082934960723;0.005314217717386782;6.184837579727173;0.006784658913966268;0.09140625
252;-7.99166663291488;0.0;0.0;0.0;54.058669652353394;-0.006524211773648858;0.004886280675418675;6.1889883518219;0.01042271126061678;0.162890625
253;-2.7671707675152875;0.0;0.0;0.0;187.22465010072418;-0.003825799748301506;0.007549269858282059;6.192596459388733;0.007517910690512508;0.1072265625
254;-0.9391492400571364;1.0;0.43355256114157825;0.37678415342990135;302.7305419709597;-0.01424945737235248;0.003624787728767842;6.197457551956177;0.007316455361433327;0.0939453125
255;-2.136770992694592;0.0;0.0;0.0;36.145251519198005;-0.010917443921789527;0.003060193208511919;6.2001038789749146;0.007670118461828679;0.100390625
256;-4.204342102591524;0.0;0.0;0.0;59.80024734708107;-0.006935150688514113;0.0027252764208242296;6.199231910705566;0.010369504150003196;0.151171875
257;-4.622003533765392;0.0;0.0;0.0;256.6179276083185;-0.0027693697717040776;0.006834545498713851;6.202044606208801;0.007293873140588403;0.0990234375
258;-2.761278968816362;0.0;0.0;0.0;159.92666251373706;-0.015089096478186547;0.005572508438490331;6.201729798316956;0.008024399098940194;0.094921875
259;-7.930553333461356;0.0;0.0;0.0;236.20089044645766;-0.011803842429071666;0.011531930253840982;6.196285843849182;0.009033793199341745;0.12265625
260;5.499974248298613;1.0;0.4904040401420245;0.4072566737656667;186.3999604260012;-0.011028708284720778;0.06796649089083076;6.20366153717041;0.008046673983335495;0.1091796875
261;2.6291354276363856;1.0;0.3388355024088205;0.13075546872219837;130.10177514701135;-0.019601176586002113;0.005755595490336418;6.20643801689148;0.010881582298316062;0.1625
262;6.084084335270225;1.0;0.47939344245149196;0.47217749452336816;181.39530151641543;-0.018453111592680215;0.006316122924908995;6.206343793869019;0.008589852717705071;0.1314453125
263;-4.178779886408969;0.0;0.0;0.0;29.94228458087388;-0.010570326633751393;0.070544210402295;6.211801195144654;0.007107401208486408;0.09453125
264;-9.573124215851445;0.0;0.0;0.0;378.16273706604005;-0.006109317229129374;0.006265899166464806;6.215554690361023;0.008963362604845315;0.1294921875
265;-1.1340156817581042;0.0;0.0;0.0;187.03116234747228;-0.0047878044657409195;0.0032823181245476007;6.217821621894837;0.008746009157039224;0.112890625
266;-3.047939968467759;0.0;0.0;0.0;134.9748443822077;-0.008155442122370005;0.04281172218034044;6.219390249252319;0.009025003528222442;0.12890625
267;-3.4604679756537537;0.0;0.0;0.0;372.9959666122845;-0.01380359074100852;0.004224836779758334;6.221379804611206;0.007372220791876316;0.1005859375
268;-2.8318436064077996;0.0;0.0;0.0;173.86753037890327;-0.003979478520341218;0.0069562684744596485;6.226804971694946;0.0059305901289917525;0.07421875
269;4.583345670454106;1.0;0.5351797121776384;0.4536968238889654;219.0014429471054;-0.01874658791348338;0.004568746546283364;6.230857563018799;0.011029094911646099;0.1552734375
270;-3.6954527584602657;0.0;0.0;0.0;24.790481675967207;-0.010380114056169986;0.0030368879553861914;6.232132387161255;0.009154545806813985;0.1271484375
271;-5.024562419691529;0.0;0.0;0.0;31.245663369070403;-0.005940345348790288;0.0017381165002007038;6.235757851600647;0.006503203907050193;0.086328125
272;-3.747652560602425;0.0;0.0;0.0;25.245761364488104;-0.012617852259427308;0.0016219186829403043;6.237182092666626;0.006949128350242972;0.08671875
273;-4.8625400608653155;0.0;0.0;0.0;25.40894442251038;-0.009097108850255609;0.00202816121163778;6.231747126579284;0.007028982322663069;0.098828125
274;-5.436214813764206;0.0;0.0;0.0;171.52230910118908;-0.01974456338211894;0.003428848332259804;6.229132676124573;0.012801348825450986;0.18359375
275;-2.042306267965001;0.0;0.0;0.0;204.4965089993819;-0.010331478202715516;0.0066420804942026734;6.2336551427841185;0.009848588122986257;0.1361328125
276;-4.789216326445768;0.0;0.0;0.0;230.90390374927622;-0.011780449654906988;0.001844542514299974;6.23512876033783;0.007743156235665083;0.1056640625
277;-4.1633178574557155;0.0;0.0;0.0;16.935628487319256;-0.013666995475068689;0.008164845907595008;6.233681297302246;0.006821778579615056;0.083984375
278;-2.9404671744094726;0.0;0.0;0.0;27.225522403850267;-0.011584892682731152;0.006028889026492834;6.241989636421204;0.009254844894167035;0.144140625
279;-1.1952905920225285;0.0;0.0;0.0;253.42279982797288;-0.006598457973450422;0.05296015776693821;6.246977615356445;0.012331711256410926;0.168359375
280;-3.633443938006677;0.0;0.0;0.0;89.83539152931975;-0.01254218639805913;0.008867040951736271;6.244237565994263;0.009993751544971018;0.1484375
281;-2.928702089565734;0.0;0.0;0.0;72.56701283745797;-0.013444947311654687;0.0036830789991654455;6.247798609733581;0.011827737838029862;0.1609375
282;2.620349145618788;1.0;0.5441148881322746;0.5304287449380088;179.24501844515243;-0.012055643508210779;0.00145534539478831;6.24709734916687;0.008000324363820255;0.1193359375
283;-3.269217545184937;0.0;0.0;0.0;204.36694200396482;-0.00977650606073439;0.00386158381588757;6.243109226226807;0.008545796177349985;0.12265625
284;-3.7451779618221526;0.0;0.0;0.0;457.6121611992462;-0.01577877514064312;0.0034813802340067923;6.253022050857544;0.007556749333161861;0.10390625
285;-3.1043324185002694;0.0;0.0;0.0;37.28961205170337;-0.005493517033755779;0.003492613194976002;6.267552971839905;0.010490740567911416;0.1544921875
286;-2.8504667901675407;0.0;0.0;0.0;54.08507253960234;-0.00855492651462555;0.049635237106122075;6.274304270744324;0.0064965562778525054;0.0859375
287;-3.5069631008353794;0.0;0.0;0.0;259.924715926339;-0.017866256553679703;0.006985365552827716;6.278462648391724;0.008803396706935019;0.1216796875
288;-6.527142114889824;0.0;0.0;0.0;309.4473296146879;-0.005796374473720789;0.011326947808265686;6.280159592628479;0.005222599010448903;0.069140625
289;-2.3369099497952956;0.0;0.0;0.0;258.60884291575024;-0.0009915024507790803;0.00599885059054941;6.279282069206237;0.006643111060839146;0.0873046875
290;-1.228079060400353;0.0;0.0;0.0;201.1764697610958;-0.0024127041921019553;0.004012059874366969;6.275135922431946;0.007217108446639031;0.0994140625
291;6.060005020084792;1.0;0.39225712037891025;0.3215696407677717;187.2874976128676;-0.020796961896121503;0.0038411781890317796;6.275659203529358;0.010037378303240984;0.137109375
292;-1.9916300411839853;0.0;0.0;0.0;309.07913805072354;0.004529336001724005;0.004884351277723908;6.280397176742554;0.004120778432115913;0.0484375
293;-9.308947981825098;0.0;0.0;0.0;26.417784987922722;-0.008524967543780803;0.05557647794485092;6.281786060333252;0.007502581109292805;0.10546875
294;-5.016287018206326;0.0;0.0;0.0;23.336665013276313;-0.006668180762790144;0.005297429556958377;6.28244116306305;0.008110125141683966;0.1205078125
295;-3.2545464087944804;0.0;0.0;0.0;72.45856947113245;-0.01216355017386377;0.004085256950929761;6.281948184967041;0.008494490245357155;0.1205078125
296;-2.0092359848483903;0.0;0.0;0.0;188.9401092053471;-0.008553086966276168;0.07305030380375684;6.279548501968383;0.011195374233648182;0.16953125
297;-0.9704370320970629;0.0;0.0;0.0;230.16669540146162;-0.005722588207572698;0.0022785029257647695;6.282964992523193;0.0069069437682628635;0.1015625
298;5.805345529994646;1.0;0.48064721324263093;0.5356172496616074;333.82865195273234;-0.012562649603933097;0.0632641009055078;6.289352083206177;0.0077071030507795514;0.1123046875
299;-4.063244970421545;0.0;0.0;0.0;61.11277683728045;-0.007273019291460514;0.004157247592229396;6.2868497133255;0.0063340543303638695;0.0888671875
300;5.275508490405138;1.0;0.33842234804421123;0.19875157027705773;168.63034194524784;-0.011536443990189582;0.002032058616168797;6.287941908836364;0.007780710351653397;0.1025390625
301;-4.185438079224515;0.0;0.0;0.0;456.0676714404806;-0.004777839360758662;0.01103489645756781;6.286648201942444;0.00680620587663725;0.0896484375
302;-2.1627962205679054;0.0;0.0;0.0;194.20084183904063;-0.003703093435615301;0.003614006214775145;6.287230896949768;0.007337492401711642;0.101953125
303;-2.3764992671821856;0.0;0.0;0.0;254.58989105981016;-0.009669725620187818;0.00489449166925624;6.286438250541687;0.009340443217661231;0.1322265625
304;-2.748065284366333;0.0;0.0;0.0;51.63574736362249;-0.0062162633519619705;0.010315204737707973;6.284900331497193;0.00896386920940131;0.1076171875
305;-5.368196994946164;0.0;0.0;0.0;331.0444145350587;-0.007021196186542511;0.0020732478878926486;6.286308455467224;0.005379026825539768;0.0642578125
306;-2.188271876514322;0.0;0.0;0.0;51.30383881077876;-0.010699068754911422;0.0023383524850942193;6.286886191368103;0.009892504720482975;0.13984375
307;-0.2825348499373318;0.0;0.0;0.0;476.3060001529213;-0.015807395102456212;0.002084007713710889;6.2894577264785765;0.007103670691139996;0.0982421875
308;-1.421930552788282;1.0;0.2921229295886594;0.16824629020349935;358.56197978806614;-0.012800652533769608;0.0017584734130650758;6.291450190544128;0.009432932012714446;0.1328125
309;2.6417285550402427;1.0;0.4442896227421725;0.29422322810605006;355.58813617236046;-0.001020383881404996;0.0011903397913556545;6.292255687713623;0.006505388650111854;0.0896484375
310;-0.7881276772516947;0.0;0.0;0.0;234.76143787264508;-0.008816016372293234;0.0029384376364760103;6.292796778678894;0.00883609551237896;0.11328125
311;-2.747236225887832;0.0;0.0;0.0;35.916539150612685;-0.003165520168840885;0.04069134143646806;6.292981481552124;0.011494056484661997;0.166015625
312;1.5599053178410434;1.0;0.35994674727883325;0.3276839571110663;243.6726825217746;-0.01212949079927057;0.0012049459444824606;6.291880106925964;0.008097536803688854;0.112890625
313;-2.8323179876491507;0.0;0.0;0.0;115.38532980761461;-0.017079515662044287;0.0021363361272960903;6.293683123588562;0.00791014697169885;0.103515625
314;-2.6099039874461143;0.0;0.0;0.0;217.3957548107522;-0.004983974744876226;0.0033397423569113014;6.298333581288656;0.008754501647005478;0.11666666666666667
315;-1.4314284474181267;0.0;0.0;0.0;238.2406287703375;-0.006262323958799243;0.0018028034246526659;6.3025257110595705;0.008080126822460443;0.116796875
316;-15.327543198580326;0.0;0.0;0.0;223.26179502507875;-0.011372120631858707;0.0062582128215581175;6.305415463447571;0.010504891700111329;0.1412109375
317;-1.8033988227533753;0.0;0.0;0.0;237.79606156912294;-0.012250555283389985;0.0035737985977903008;6.306339049339295;0.014571529999375343;0.1958984375
318;-2.1030639223692167;0.0;0.0;0.0;59.42777293396746;-0.006336782686412334;0.0031575823202729227;6.310392951965332;0.008201547572389245;0.1142578125
319;-2.0542881097605146;0.0;0.0;0.0;221.41817600070365;-0.014096539141610265;0.005889154016040265;6.319202327728272;0.010006418265402318;0.1388671875
320;-3.3623768724375362;0.0;0.0;0.0;49.115680576454295;-0.0056388996541500095;0.007856078445911407;6.322839903831482;0.008246794866863638;0.09921875
321;3.874657606210428;1.0;0.49978682540871044;0.5000153765209007;183.7908659797901;-0.010129923978820444;0.0021159635565709324;6.3289799928665165;0.011643612734042108;0.1669921875
322;1.5852157143007934;1.0;0.3789856641903089;0.24059468108509266;369.2531448763687;-0.014087361516430974;0.0034156781155616047;6.331449174880982;0.00816057245247066;0.1166015625
323;-1.8246512721895072;0.0;0.0;0.0;269.3117191994382;-0.009806160256266594;0.0616286457865499;6.3358502864837645;0.010434196027927101;0.151171875
324;-11.50783079272752;0.0;0.0;0.0;439.9914215246562;-0.015304497722536326;0.0015061115787830203;6.337044692039489;0.00821927689248696;0.117578125
325;-0.10407237238520262;1.0;0.453885788581932;0.3808243921711064;219.542590692098;-0.0005348833743482828;0.0018539515149313956;6.333517146110535;0.00716149436775595;0.1021484375
326;-3.247323717458547;0.0;0.0;0.0;157.13326387406389;-0.006728506879881024;0.05198556110262871;6.32889838218689;0.011492317402735352;0.15390625
327;2.3050644799464024;1.0;0.2891181385262056;0.16941110265758808;306.6670550714144;-0.012445184122771024;0.0023742042772937565;6.327830171585083;0.009380000480450689;0.133984375
328;3.36858084502564;1.0;0.27631495643468706;0.17465959806655101;252.23629792256648;-0.009433852834627032;0.0868832228705287;6.329184031486511;0.013881236396264285;0.2087890625
329;-17.303520960341707;0.0;0.0;0.0;170.65094684571417;0.0008351220050826669;0.004183823044877499;6.333801221847534;0.009114930569194258;0.126953125
330;2.6369902568284638;1.0;0.5041157579684241;0.5809200231910251;338.64290867600425;0.001057668006978929;0.004237221914809197;6.336985683441162;0.007669402263127267;0.1078125
331;-12.199334666482299;0.0;0.0;0.0;417.52420845964264;-0.011240440956316888;0.001956803223583847;6.337807250022888;0.008271347160916775;0.1119140625
332;-2.0147362380602334;0.0;0.0;0.0;247.96067168620982;-0.0014029335230588912;0.002718367951456457;6.337762331962585;0.007403855177108199;0.099609375
333;-2.8002105953086884;1.0;0.24002023135871406;0.1682805552991271;661.8612359085623;-0.003425971791148186;0.0030993872205726802;6.340487432479859;0.006541251961607486;0.0845703125
334;-7.911830942129442;0.0;0.0;0.0;61.29697361453617;-0.016874775104224683;0.001800952578196302;6.341962814331055;0.0053341986960731445;0.06640625
335;-0.4470030439894647;0.0;0.0;0.0;224.57499980568358;-0.001375478459522128;0.0012847834674175828;6.346146512031555;0.009101431304588913;0.1279296875
336;-3.541247828598195;0.0;0.0;0.0;30.309720778759136;-0.003151461388915777;0.0008487799685099162;6.356284880638123;0.0070187290199100975;0.0998046875
337;-11.179934416880206;0.0;0.0;0.0;243.63820728475804;-0.010016920417547226;0.0010140648926608264;6.360389876365661;0.008385630568955093;0.1138671875
338;-3.3319663393370083;0.0;0.0;0.0;238.55022860883784;-0.0212713535875082;0.06279587284661829;6.358373641967773;0.010526465275324881;0.158203125
339;-14.913711463485305;0.0;0.0;0.0;355.1909522826188;0.0007655850145965815;0.0014266811573179438;6.359341311454773;0.006945601268671453;0.0908203125
340;-2.6531243261960773;0.0;0.0;0.0;243.40115448871217;-0.0012919375440105796;0.0008799731236649677;6.359126591682434;0.008666381135117262;0.1271484375
341;-4.881159041459356;0.0;0.0;0.0;290.18926217101864;-0.010756493732333183;0.0008162288751918823;6.359082579612732;0.00824656499316916;0.11015625
342;4.1619030456524;1.0;0.38162242713456684;0.37177922038867156;216.77699718325042;-0.0141823535785079;0.0008348474628292024;6.3630206823349;0.010978522629011422;0.151953125
343;-2.7607159430480066;0.0;0.0;0.0;283.5759387985542;-0.0045412733452394605;0.0009048696010722779;6.369415640830994;0.006637369689997286;0.0931640625
344;2.47095918660773;1.0;0.39051894832733297;0.40981091946204606;490.11431323841936;-0.015459869150072336;0.0032710404717363416;6.3801487445831295;0.014135997055564075;0.204296875
345;-3.1970855866420944;0.0;0.0;0.0;55.35654755540934;-0.01123278271406889;0.005390046816319227;6.389234900474548;0.007889389363117515;0.1091796875
346;1.1334506936747415;1.0;0.38818593448940175;0.18489570633418914;198.2602889717555;-0.014553190302103758;0.004822654649615288;6.385552453994751;0.00829984899610281;0.1169921875
347;-5.372980784318924;0.0;0.0;0.0;312.5392212517847;-0.01845111302100122;0.001236516347853467;6.385037851333618;0.010396977583877743;0.14453125
348;-4.458784387676613;0.0;0.0;0.0;430.15837768591183;-0.00615370967425406;0.002900149021297693;6.384392356872558;0.0070041280006989835;0.0916015625
349;-1.9896732237845582;0.0;0.0;0.0;316.4885055942037;-0.011503179278224706;0.0008457561634713784;6.387632298469543;0.007016462052706629;0.091015625
350;-0.6034982075528479;1.0;0.3167622845817172;0.1634410147310111;216.23651197131102;-0.019572174362838268;0.0018751160008832813;6.389649677276611;0.008466904168017209;0.125
351;-1.665962878288001;0.0;0.0;0.0;364.3228266918165;-0.009488855116069317;0.0018904385215137154;6.392674279212952;0.0070032454561442135;0.0931640625
352;-2.151397169313165;0.0;0.0;0.0;261.1631610299351;-0.006097622448578477;0.001978274402790703;6.394161581993103;0.008314494392834604;0.1201171875
353;-1.4751642199590975;0.0;0.0;0.0;238.07233609356965;0.0038558189291507004;0.0011913735477719456;6.394225120544434;0.005629019031766802;0.0689453125
354;-6.27546489559487;0.0;0.0;0.0;28.550046782104207;-0.010805441509000957;0.0012160130921984092;6.39508626461029;0.006449275079648942;0.089453125
355;-5.488690112185461;0.0;0.0;0.0;235.84327766483332;0.0005784176290035247;0.06365293944254517;6.391836929321289;0.008400135918054729;0.12421875
356;-4.469762330007709;0.0;0.0;0.0;365.7204899651247;-0.009781042020767928;0.0007882538688136264;6.391783308982849;0.007052885240409523;0.0955078125
357;-6.217581048794237;0.0;0.0;0.0;87.66959595684327;-0.0105198954930529;0.0010269992228131742;6.389864468574524;0.0056529897381551565;0.07265625
358;-1.5323124214623793;0.0;0.0;0.0;211.8402177047662;-0.0026624366175383328;0.001008647246635519;6.388689613342285;0.0077393472078256306;0.11484375
359;-1.2066888414527235;0.0;0.0;0.0;405.33357187417096;-0.002793904347345233;0.000566877618257422;6.393506050109863;0.0069194446201436225;0.096484375
360;-1.5733881914551733;0.0;0.0;0.0;288.22092594595756;-0.007302183215506375;0.0013896192540414631;6.3922730684280396;0.006296144111547619;0.084765625
361;-2.895574115125063;0.0;0.0;0.0;425.83938525148756;-0.011774725886061788;0.0009141547547187656;6.39182333946228;0.008475526166148484;0.1228515625
362;2.662218906370166;1.0;0.318398498133146;0.22023657472591138;349.8143787189274;-0.018337802891619504;0.002599220001138747;6.3975296974182125;0.01079105936223641;0.162890625
363;-1.6501257521227015;0.0;0.0;0.0;244.99983568761093;-0.0037893065251410007;0.0020542435522656888;6.404220151901245;0.0102439368609339;0.147265625
364;6.314239427839583;1.0;0.46818398475924644;0.5331539730811305;175.40657600133795;-0.010173766873776913;0.0016413550823926927;6.404592561721802;0.010287384490948171;0.153125
365;-2.874430265573286;0.0;0.0;0.0;39.066518321941786;-0.012151277827797458;0.002149747050134465;6.402525305747986;0.010059102671220899;0.14296875
366;2.8085234245617445;1.0;0.32285493678109456;0.21547831090492733;344.01343895539355;-0.015010937536135315;0.0018911250692326576;6.399696135520935;0.010315146413631737;0.148828125
367;-1.189087204572521;0.0;0.0;0.0;249.67272858475113;-0.013730925135314464;0.002331440575653687;6.397835683822632;0.007717134931590408;0.094140625
368;-2.4669147139324163;0.0;0.0;0.0;284.8366167196104;-0.017299858666956425;0.06356246178038419;6.400410223007202;0.009736817644443363;0.1431640625
369;-2.6282871452244208;0.0;0.0;0.0;360.1105910919637;-0.006201206054538488;0.0013066724059171975;6.405642652511597;0.005677677528001368;0.06796875
370;2.83913539063753;1.0;0.30843597078826895;0.21815212410445775;363.85184201792976;-0.012737962789833546;0.001912280754186213;6.409548115730286;0.013242783467285335;0.1818359375
371;-1.296302025765319;0.0;0.0;0.0;200.20258820377097;-0.007849514717236161;0.0012379957624943927;6.409357380867005;0.009308467840310187;0.136328125
372;-1.1880121761329514;0.0;0.0;0.0;191.55571802623655;-0.0167031004675664;0.0019958439632318916;6.409390377998352;0.011565178772434593;0.16328125
373;-1.2623973838702471;0.0;0.0;0.0;248.594215312034;-0.01756257035303861;0.0009557672048686073;6.406031060218811;0.010239099420141428;0.1509765625
374;3.6689612461038723;1.0;0.2861754102794178;0.18578367651161623;381.00206338776263;-0.012045691255480051;0.0013546078116632998;6.406103539466858;0.010876922740135343;0.1607421875
375;-1.006908905220594;0.0;0.0;0.0;225.88681807884828;-0.008626403054222465;0.00265360752819106;6.406354546546936;0.01025502939010039;0.1458984375
376;-9.258437489503466;0.0;0.0;0.0;412.7478622863437;-0.00037285513244569304;0.054278297908604146;6.405782747268677;0.00888093390967697;0.1255859375
377;-1.2662588303353692;0.0;0.0;0.0;185.57774324400592;-0.015913755050860345;0.0019388324406463652;6.403318548202515;0.009421198291238397;0.126953125
378;0.6955443680519946;1.0;0.2899668225469741;0.17643264491444513;474.5393885646199;-0.009618994989432394;0.0034985712845809758;6.403346371650696;0.008844012930057942;0.121875
379;-3.9719326341213974;0.0;0.0;0.0;17.67117397269107;-0.014488232065923512;0.0015769117686431854;6.406429648399353;0.010533198283519596;0.1556640625
380;-1.133222528870453;0.0;0.0;0.0;202.78175401252665;-0.007140881614759564;0.001337302863248624;6.409892678260803;0.007319309096783399;0.10390625
381;-0.6114454948992157;0.0;0.0;0.0;232.57430220290476;-0.016630494419266197;0.061472411212675715;6.41157024046954;0.009195588008664986;0.12522977941176472
382;-4.58957471104993;0.0;0.0;0.0;19.221176511237164;-0.006087870779447257;0.0016199946287088097;6.4090770244598385;0.010095762659329922;0.1525390625
383;4.366388315212015;1.0;0.3031225860638943;0.23686667230868838;406.5973599238751;-0.012085818918421865;0.0025221403571777045;6.405020308494568;0.007834857178386301;0.1095703125
384;-2.1256306983834565;0.0;0.0;0.0;530.8048901218218;-0.023063822160474957;0.0029888075892813503;6.406272673606873;0.012990227050613612;0.1951171875
385;5.697535726363493;1.0;0.3219534753079672;0.26606332219634277;236.1022474541738;-0.01004322967492044;0.005717151938006282;6.402441883087159;0.008089160232339054;0.105078125
386;-1.305481387276049;0.0;0.0;0.0;188.72984827075967;-0.012433238420635461;0.006253819866105914;6.402856111526489;0.008767788717523217;0.1115234375
387;0.9445661167494448;1.0;0.2769721277077736;0.15593807899955442;336.65824644009376;-0.009680833760648965;0.0031870369333773852;6.403939127922058;0.00764587395824492;0.0994140625
388;4.097968266577275;1.0;0.26217666325737693;0.16956376223437886;215.50048619201266;-0.01635768576525152;0.0021172932873014362;6.407868361473083;0.008207850146573038;0.1234375
389;-1.5147006710839603;1.0;0.25143222293848144;0.15323259501065273;350.7853946893357;-0.005032755946740508;0.005902779963798821;6.404901814460755;0.007761153636965901;0.1037109375
390;3.321359952162765;1.0;0.32117798630019606;0.20102947354173958;255.3960415327652;-0.0016115991864353418;0.1172489077784121;6.403932023048401;0.01231911387294531;0.16796875
391;-3.9582972288939597;0.0;0.0;0.0;15.087926466653522;-0.014433878241106868;0.002608760248403996;6.40480055809021;0.008979908074252307;0.131640625
392;-2.541693426308891;0.0;0.0;0.0;32.53966498835521;-0.01017792448401451;0.0018955513834953309;6.407720279693604;0.008329296298325062;0.1244140625
393;1.0553797260635083;1.0;0.23044706925719474;0.13378483558184467;364.4330672665152;-0.005748742260038853;0.0028066104918252678;6.412627506256103;0.009549146832432598;0.1435546875
394;-3.933636955281402;0.0;0.0;0.0;23.570148622439838;-0.0001340840710327029;0.003773501643445343;6.414406418800354;0.009206914948299528;0.137890625
395;0.20687657811265003;1.0;0.31357559606568125;0.15925453885313565;389.7201879110591;-0.014359944686293601;0.0055581178748980165;6.417608261108398;0.009543656941968948;0.11640625
396;-0.7184524817131838;0.0;0.0;0.0;214.96627828095654;0.006627120962366462;0.003150071541313082;6.4192208528518675;0.0063113707234151665;0.08671875
397;6.0261390393248835;1.0;0.47724281354842096;0.5445254901426912;376.5419144615465;-0.0003947226796299219;0.002203584514791146;6.420504879951477;0.007391168316826224;0.101171875
398;-0.6546353172142872;0.0;0.0;0.0;263.91174885059365;-0.010294856503605843;0.05941105391830206;6.417765974998474;0.010968928318470716;0.1640625
399;-0.7597156728500831;0.0;0.0;0.0;220.36893922748254;-0.008113460009917616;0.00615675407461822;6.41230890750885;0.007576583081390709;0.1078125
400;2.1262802138580743;1.0;0.28666759405857756;0.2143030428616905;559.2667022711469;-0.00973363583907485;0.004616282822098583;6.407835912704468;0.006216561119072139;0.0828125
401;-1.6673713927877958;0.0;0.0;0.0;360.6945127156725;-0.017542849667370318;0.005107117537409067;6.405141472816467;0.006239391549024731;0.0849609375
402;2.7217678270051326;1.0;0.4381337645875229;0.44560763182526864;383.73679366634695;-0.008615651447325946;0.006111455243080854;6.399940705299377;0.012383272126317024;0.1763671875
403;-5.762900585549216;0.0;0.0;0.0;21.694313794383095;-0.016602136800065635;0.00827617454342544;6.40242371559143;0.009704422659706325;0.134375
404;1.3330899604756827;1.0;0.3682242332452776;0.27497496039762853;216.2242512744859;-0.011304133071098477;0.13293703086674213;6.407918095588684;0.0075292089255526665;0.1029296875
405;-0.6106312446611812;0.0;0.0;0.0;186.706008897148;-0.009662284189835191;0.005726345768198371;6.41167118549347;0.009051298361737282;0.1345703125
406;-3.158617261725358;0.0;0.0;0.0;280.59574180523134;-0.000867138197645545;0.009474837081506848;6.416685652732849;0.0077658646623604;0.1107421875
407;-1.0283856856580367;0.0;0.0;0.0;320.04218763683366;-0.0021289562340825797;0.007443844340741634;6.4231311798095705;0.00627685907529667;0.0845703125
408;-2.0445202338166095;1.0;0.30250761501396367;0.1894030961899208;272.35363557121553;-0.014110371773131191;0.008148697088472545;6.424552178382873;0.009045759809669107;0.1337890625
409;-4.440068502796872;0.0;0.0;0.0;274.1556834378226;-0.0024401812348514794;0.0051347936503589155;6.426775884628296;0.007969762082211673;0.1177734375
410;3.6050967779447536;1.0;0.5511402119782844;0.5438796286366648;110.6806734558646;-0.006487674219533801;0.08649103716015816;6.42469892501831;0.006007151934318245;0.08125
411;-1.776666771079593;0.0;0.0;0.0;239.38065321972869;-0.0031025275122374294;0.0042368489084765315;6.420758771896362;0.00816501466324553;0.115234375
412;-0.20932568726066628;0.0;0.0;0.0;247.79262879022045;-0.008299895445816219;0.0712972018867731;6.417272067070007;0.011724959826096892;0.1673828125
413;-3.899091543251276;0.0;0.0;0.0;36.621718701063436;-0.006047153798863292;0.008042679401114583;6.419389152526856;0.007578922132961452;0.1126953125
414;-3.565235073341588;0.0;0.0;0.0;259.85022258589584;-0.010855827946215868;0.06282730116508901;6.423160719871521;0.011877754516899586;0.1701171875
415;-9.372008618830092;0.0;0.0;0.0;21.9080336494166;-0.010094575583934784;0.0029602086171507834;6.428029751777649;0.009530141844879835;0.1388671875
416;-2.7359641064269553;0.0;0.0;0.0;239.1023216834194;-0.013352874480187894;0.003437267476692796;6.429948830604554;0.008589780726470053;0.1220703125
417;4.132372419642551;1.0;0.5002367772794286;0.4792379747821972;157.01957457644556;-0.010202312469482422;0.0018440986692439764;6.436759996414184;0.011459144938271493;0.1703125
418;-0.2440635898096657;1.0;0.317195462971614;0.3513145307539301;359.7072280593216;-0.003623921424150467;0.07294056052342057;6.442387270927429;0.005100897396914661;0.06015625
419;-7.137901590908594;0.0;0.0;0.0;288.5030253494497;-0.0057677364675328135;0.0031923794420436026;6.446780180931091;0.006031324085779488;0.0759765625
420;-4.282985115879226;0.0;0.0;0.0;49.20104818694638;-0.0074493071995675566;0.006511022057384253;6.454861569404602;0.012646411044988782;0.1904296875
421;5.5716059074417625;1.0;0.49317897563177454;0.509761616078638;124.66360612896284;-0.011258522048592567;0.002436977362958714;6.464878368377685;0.008162196166813374;0.11171875
422;-2.4392265011804373;0.0;0.0;0.0;25.848634863045483;-0.01221904824487865;0.0033255277085117996;6.467557811737061;0.00707030527992174;0.1015625
423;-2.633501919045447;0.0;0.0;0.0;609.020851581815;-0.009894859814085066;0.0017198046145495028;6.468500185012817;0.00906393980840221;0.129296875
424;3.559634347648522;1.0;0.3599076672579708;0.1515415939754548;169.5750964021591;-0.005756263458169997;0.004816461412701756;6.473810291290283;0.006696409569121898;0.0869140625
425;2.2724552193067047;1.0;0.32241337534014003;0.23772947219059587;417.00349888750054;-0.010493486421182752;0.007065590471029282;6.479412245750427;0.009576938615646213;0.1431640625
426;-9.987383322872601;1.0;0.3728670979486456;0.1577811358343697;256.76028826478773;-0.013194613019004464;0.006559872254729271;6.473469614982605;0.009105499752331525;0.1287109375
427;4.514955912080894;1.0;0.41451421835586044;0.3525531331569923;238.4117045417352;-0.007631698530167342;0.004748280765488744;6.475177359580994;0.007991131988819688;0.1068359375
428;-6.24175903311014;0.0;0.0;0.0;549.8886593466115;-0.010766026750206947;0.005941673624329269;6.478769731521607;0.0073327711317688225;0.1
429;0.8894460033609657;1.0;0.2532687935012155;0.14603206309211042;256.4929652801174;-0.012447076337411999;0.004952354670967907;6.48117470741272;0.006806149613112211;0.089453125
430;-1.5469850331014388;0.0;0.0;0.0;167.4427175729408;-0.015420695836655795;0.004349496494978666;6.485442304611206;0.010794100083876402;0.143359375
431;-2.1283667430513327;0.0;0.0;0.0;202.68885562907485;-0.00919633088633418;0.06185979382134974;6.499420690536499;0.007849552994593978;0.103125
432;-4.358811227303175;0.0;0.0;0.0;17.55624208705514;-0.014673020597547293;0.005062863836064935;6.504017782211304;0.011193302529864013;0.152734375
433;-4.026170920787579;0.0;0.0;0.0;47.00585557976013;-0.006828498467803002;0.01110455443849787;6.501356291770935;0.008759501134045422;0.125
434;-6.121187931209247;0.0;0.0;0.0;31.271034662834268;0.0017095752526074647;0.07049196809530259;6.504923176765442;0.0062643931014463305;0.0830078125
435;-1.8486975997537616;0.0;0.0;0.0;281.33378455373133;-0.017475679935887455;0.00254843034199439;6.512629151344299;0.0077836402342654765;0.104296875
436;-4.471706435267049;0.0;0.0;0.0;13.853006979599575;-0.002351675205864012;0.0024597579904366285;6.516783404350281;0.007259044074453413;0.0982421875
437;1.126807443647586;0.0;0.0;0.0;207.74786473305548;-0.008181348792277277;0.0018843984929844738;6.521735119819641;0.0058818160556256775;0.0845703125
438;-2.925392837510905;0.0;0.0;0.0;338.7040111138975;-0.007877867063507437;0.0030444223317317664;6.521877264976501;0.01071773503208533;0.1580078125
439;-1.4878850922503908;0.0;0.0;0.0;190.39301975026365;-0.010380865028128027;0.002775638399180025;6.521975183486939;0.009218004636932165;0.1318359375
440;-3.2356443376197705;0.0;0.0;0.0;377.04726784451844;-0.011053417809307575;0.07134145642630756;6.524822640419006;0.006732788751833141;0.1001953125
441;3.2283247806971778;1.0;0.3454986208937956;0.16174642362988897;146.142280963217;-0.008296532346867025;0.0019289053918328137;6.531449818611145;0.009172388049773873;0.1310546875
442;-2.9696754550569318;0.0;0.0;0.0;54.485292487791554;-0.005471950164064765;0.0017013031581882387;6.539042353630066;0.008135898795444518;0.116015625
443;-4.838955123096786;0.0;0.0;0.0;144.67449815024833;-0.00804068713914603;0.0017302704276517034;6.550145196914673;0.008848919009324163;0.1302734375
444;-0.2352675657432883;0.0;0.0;0.0;243.36743055275926;-0.008217850863002241;0.0019002674613147973;6.560227799415588;0.00762246826197952;0.109765625
445;-2.3064311074966795;0.0;0.0;0.0;244.83467451722333;-0.011869534943252802;0.0035186146968044342;6.564961981773377;0.00929557653144002;0.13515625
446;-6.687167761782203;0.0;0.0;0.0;386.0365699337807;-0.006082029594108462;0.002325737656792626;6.568097305297852;0.007210805919021368;0.097265625
447;-3.3676410861532995;0.0;0.0;0.0;45.713194316031405;-0.01473137829452753;0.004469538107514381;6.568568778038025;0.012133641541004181;0.173828125
448;-1.0020132948932652;0.0;0.0;0.0;231.71637759001788;-0.011974488501437008;0.0020337542984634636;6.568080091476441;0.010807409102562815;0.1515625
449;-3.294660254450938;0.0;0.0;0.0;59.69587187784125;-0.022407627338543533;0.0018936527078039945;6.570837283134461;0.006591134041082114;0.0865234375
450;4.896608395864077;1.0;0.41476306002945607;0.3357977045977288;171.29851908139858;-0.006343972682952881;0.0033063853159546854;6.577121353149414;0.008682352479081602;0.121484375
451;2.345408857181456;1.0;0.15314921387061425;0.1459869194498629;620.6409914230227;-0.015630289702676235;0.0016636142507195472;6.5805137157440186;0.011286407324951142;0.151953125
452;-2.349283607386966;0.0;0.0;0.0;228.77609578547415;-0.01572745875455439;0.0025269346195273103;6.585774040222168;0.008981640415731818;0.1236328125
453;-11.75175702644392;0.0;0.0;0.0;639.1607282009741;-0.008763403166085482;0.0030437138746492566;6.587135910987854;0.009293929999694228;0.130078125
454;3.61735077671395;1.0;0.3549492776278789;0.2167089857540003;127.45836702831332;-0.014026023540645837;0.003996211488265544;6.588944149017334;0.007201591762714088;0.099609375
455;-2.939355473965547;0.0;0.0;0.0;25.017572559486783;-0.015726370085030795;0.002813785069156438;6.589562964439392;0.008351408608723432;0.1
456;-2.950200818438952;0.0;0.0;0.0;22.14810980693032;-0.012555190781131386;0.002437349013052881;6.593774724006653;0.006679077725857496;0.091796875
457;-4.094817044611702;1.0;0.5228484740688323;0.5001639686180669;212.96002470418034;-0.009400094021111726;0.064311229204759;6.59822461605072;0.008399190602358431;0.11796875
458;-11.240555713673858;1.0;0.3634044361055256;0.26103263559574746;443.0667102768691;-0.007814167172182352;0.004192763741593808;6.599183845520019;0.009781655808910727;0.14765625
459;3.753940049334301;1.0;0.15871764034394845;0.14563904502434297;576.6588899174272;-0.0130171769997105;0.0025051185162737965;6.601317381858825;0.010017361911013722;0.148828125
460;-3.438737532743583;0.0;0.0;0.0;477.1308406863014;-0.01599317234940827;0.05378633947111666;6.605827021598816;0.004897235368844122;0.0587890625
461;-9.907453142114136;1.0;0.5750663850552338;0.5215403116103541;253.29008802598537;-0.007993001258000731;0.0030207148985937236;6.608705067634583;0.0063284793519414965;0.0826171875
462;-2.7951820097472706;0.0;0.0;0.0;60.26447865177158;-0.010417231032624841;0.06547038317658008;6.609330248832703;0.011550740408711135;0.1529296875
463;-2.4683382364947835;0.0;0.0;0.0;19.350540484294797;-0.02581263419527274;0.003649255242915108;6.611319358532246;0.012450280581386043;0.17127403846153846
464;2.6317709272773584;1.0;0.27209584021764;0.15288419899574124;209.23652146222886;-0.012826214637607336;0.06165095278993249;6.606889152526856;0.01318775701802224;0.1740234375
465;-0.7210068907962542;0.0;0.0;0.0;364.9679889364254;-0.012886582408100367;0.006898538977839053;6.602441716194153;0.006566526857204736;0.0828125
466;-4.547855642591018;1.0;0.42189627762915805;0.2607916976684047;259.51454854472354;-0.010775411780923606;0.002247462829109281;6.6061440229415895;0.007823978445958345;0.108203125
467;-3.3187585028009905;0.0;0.0;0.0;95.71321151630538;-0.012693212646991015;0.0038030676660127938;6.6181858539581295;0.008882231556344777;0.1263671875
468;1.0361758836413584;1.0;0.5578045169435468;0.5943744060688063;216.5550846796682;-0.011116377916187048;0.001506561361020431;6.625248527526855;0.005115316435694695;0.0599609375
469;-13.276192129287793;1.0;0.3492145459491763;0.35256746277816936;402.67005535741947;-0.007765447208657861;0.0032992634223774076;6.631769680976868;0.006914336793124675;0.08359375
470;-1.407052185896806;0.0;0.0;0.0;364.4695769744126;-0.0042343237437307835;0.061149436561390755;6.633855700492859;0.008388800371903926;0.120703125
471;-14.486983093151409;0.0;0.0;0.0;35.45997654681704;-0.011135257594287396;0.007585438853129745;6.633263874053955;0.006547344848513603;0.09375
472;-23.57672770680296;0.0;0.0;0.0;329.3407565976815;-0.005962152220308781;0.006556850206106901;6.636672329902649;0.00839491414371878;0.121484375
473;4.823590743015559;1.0;0.6012409982447248;0.7499220326750332;109.27405463536596;-0.01847926094196737;0.0019530176767148077;6.6413843631744385;0.007062111049890518;0.0994140625
474;-2.81612573005513;0.0;0.0;0.0;358.7264014047511;-0.004560304991900921;0.0018581336247734726;6.645726346969605;0.0062023713951930405;0.0833984375
475;-1.4852025095825747;0.0;0.0;0.0;150.51216689976914;0.002611758513376117;0.0017376683827023953;6.64692268371582;0.005053052713628858;0.0591796875
476;-8.544080703684585;0.0;0.0;0.0;440.2545239650288;-0.005897169047966599;0.053578234673477707;6.647277975082398;0.010170846269465983;0.1494140625
477;0.8691597834480302;1.0;0.6067471552304495;0.6963193590569033;226.68351429855977;-0.013373423158191145;0.007553900359198451;6.645962405204773;0.011478412093129008;0.1587890625
478;-4.756136625605067;0.0;0.0;0.0;308.3851079151591;-0.015287584299221635;0.0024533568124752493;6.6480000734329225;0.008285965130198747;0.11484375
479;-3.2130264348417055;0.0;0.0;0.0;22.756927042651764;-0.002413162449374795;0.04639266754966229;6.6511805057525635;0.013777725561521948;0.195703125
480;-3.1527118112771975;0.0;0.0;0.0;49.29024522018775;-0.014973891177214682;0.0019162083684932441;6.655673408508301;0.009586734871845692;0.1330078125
481;-19.508312625358432;0.0;0.0;0.0;209.8899365528283;-0.008976853918284178;0.004076790728140623;6.656020855903625;0.0076672413037158545;0.105078125
482;-5.460859687440276;0.0;0.0;0.0;404.2783679612657;-0.013570307241752743;0.1212731048464775;6.653268265724182;0.008492637216113508;0.1255859375
483;4.388344780275262;1.0;0.46677040312881785;0.31525378335761584;196.74925135515215;-0.0076068401336669925;0.001913237461121753;6.653872442245484;0.008926923247054219;0.1240234375
484;-3.7068973002804655;0.0;0.0;0.0;36.97500029698893;-0.004510964080691337;0.056358326505869624;6.654548454284668;0.011822397692594678;0.170703125
485;2.38961681280609;1.0;0.5298051192978176;0.431594238863675;100.87337062174116;-0.012397191813215613;0.004365293972659856;6.653338360786438;0.009993933304212988;0.1453125
486;-1.431350816261459;0.0;0.0;0.0;211.00651047473275;-0.013084713695570826;0.007775702374055981;6.6550291776657104;0.007337390223983675;0.1041015625
487;-3.6612335376322314;0.0;0.0;0.0;64.02129962319363;-0.010916208755224944;0.06381062427535653;6.6579481840133665;0.00936072648037225;0.141796875
488;4.442986458579491;1.0;0.39190714837291296;0.2626327475613553;266.47172288102286;0.0037993730511516333;0.0556067300029099;6.661771893501282;0.012249178579077124;0.17890625
489;-3.3967097206320935;0.0;0.0;0.0;359.4549263254655;-0.007546826219186187;0.004636354953981936;6.666897225379944;0.008668772166129202;0.126953125
490;-29.818067105244374;0.0;0.0;0.0;460.0917455695372;-0.007165563083253801;0.0025122659688349815;6.673807978630066;0.007558635203167796;0.1080078125
491;-3.052560515106595;0.0;0.0;0.0;30.769282554919485;-0.011545471916906535;0.0022203759115654977;6.67924165725708;0.0078739567194134;0.1048828125
492;-3.419263285200458;0.0;0.0;0.0;349.8528882049888;-0.005528890248388052;0.06052206726744771;6.680513906478882;0.008523269020952285;0.1181640625
493;-2.946681976973565;0.0;0.0;0.0;19.790838030444522;0.001748709473758936;0.0563097273465246;6.678838944435119;0.007083092723041773;0.098046875
494;-6.262452686451475;0.0;0.0;0.0;316.9062749120233;-0.01017381357960403;0.0036970946239307523;6.6824520349502565;0.010376742586959153;0.1494140625
495;-8.966009636204435;0.0;0.0;0.0;427.42879770402106;-0.011276102252304554;0.04598686145618558;6.687454509735107;0.012051560310646891;0.1365234375
496;-4.462170139429968;0.0;0.0;0.0;167.20076333236156;-0.013494235835969448;0.006219236855395138;6.692535829544068;0.012111388135235757;0.15703125
497;4.945866225175953;1.0;0.37864942083354086;0.22222009551972569;143.1668867047251;-0.009042728133499623;0.060984428087249395;6.697830390930176;0.015064152993727476;0.2013671875
498;-17.616796269773204;0.0;0.0;0.0;831.3549956674622;-0.018050398235209285;0.006003154930658639;6.696869897842407;0.009636191395111382;0.1224609375
499;-2.914044226086362;0.0;0.0;0.0;285.64428475020196;-0.011675200890749693;0.003921034745872021;6.695976829528808;0.007313115661963821;0.0953125
500;-7.994963755745857;0.0;0.0;0.0;218.0804388888244;-0.018808886408805847;0.0115317075047642;6.690526747703553;0.01436639107996598;0.1958984375
501;-21.5455528161506;0.0;0.0;0.0;293.7741577350284;-0.009177921479567886;0.06456999536603689;6.686530232429504;0.010111665551085025;0.1517578125
502;-3.896592488757173;0.0;0.0;0.0;654.9614446034136;-0.007352759130299091;0.05572922294959426;6.68240180015564;0.005267594696488231;0.064453125
503;-5.584874190907212;0.0;0.0;0.0;503.41248664594656;-0.008087002811953426;0.0030483174487017095;6.685518050193787;0.009345365955960005;0.134375
504;-3.8487656484629222;0.0;0.0;0.0;276.67025013707666;-0.0018706684000790118;0.004514772386755794;6.695726418495179;0.011847839993424713;0.1671875
505;-3.762623682017911;0.0;0.0;0.0;360.9834745105258;-0.013364839658606797;0.0026316585834138097;6.699053549766541;0.009593179530929774;0.1330078125
506;-1.4414892701954833;0.0;0.0;0.0;235.43974003453246;-0.011433884827420115;0.0011793348472565412;6.69931173324585;0.008033186243847013;0.1107421875
507;-2.067982076556821;0.0;0.0;0.0;215.56686218316483;0.00026314398273825647;0.05982114267535508;6.698320031166077;0.006875246309209615;0.0990234375
508;-1.9123363880733226;0.0;0.0;0.0;574.2903871620786;-0.00657015610486269;0.003234912292100489;6.698514938354492;0.009677628125064074;0.14140625
509;-6.521690651454533;0.0;0.0;0.0;252.24596234330272;-0.009446555748581886;0.003945103194564581;6.700217533111572;0.006732280110009014;0.083984375
510;4.489897598830702;1.0;0.3843932597826986;0.3043761836516824;262.99366248643076;0.0003815759439021349;0.04124121263157576;6.698164343833923;0.007085784280207008;0.1009765625
511;4.810437300877756;1.0;0.4364162098351261;0.2478533625135993;164.17812551847535;-0.016175175085663795;0.003882593649905175;6.701606106758118;0.010332977212965489;0.1517578125
512;-2.786703403164435;0.0;0.0;0.0;236.79195681119037;-0.009451939584687352;0.011074533313512802;6.701460242271423;0.009402215550653636;0.119140625
513;4.418785088676492;1.0;0.23861296944052948;0.22708504291789802;600.5214849089349;-0.015983451204374433;0.00354060250101611;6.705860805511475;0.008197586494497954;0.1140625
514;-3.1643633392938146;0.0;0.0;0.0;244.1659866006876;-0.0012628640979528427;0.010189759219065309;6.710742044448852;0.006464372400660068;0.0798828125
515;-2.432153544211585;0.0;0.0;0.0;614.2855055769727;-0.009433574648573995;0.005724019254557788;6.7113137483596805;0.006583875929936767;0.0955078125
516;-1.2163899383479981;0.0;0.0;0.0;179.04620933719065;-0.019679456087760627;0.004162665328476578;6.715561127662658;0.008554195996839552;0.1263671875
517;-3.195447896261932;0.0;0.0;0.0;16.379372414901354;-0.012441282719373703;0.004115801840089262;6.720924973487854;0.008176870306488126;0.1177734375
518;-0.9812075595810182;0.0;0.0;0.0;258.963554109664;-0.011010449740570038;0.011867704009637237;6.726816844940186;0.009259757748804987;0.1328125
519;-2.6215255831449786;0.0;0.0;0.0;476.2058616115429;-0.009287437796592713;0.09857710935175419;6.734207081794739;0.006572966068051756;0.0814453125
520;-1.519573943483568;0.0;0.0;0.0;380.47007089228424;-0.00416150022065267;0.04567621517926455;6.7375528573989865;0.008182752679567784;0.1103515625
521;-2.5593646561089933;0.0;0.0;0.0;444.34985525492897;-0.01479887799359858;0.004494031693320721;6.73719289302826;0.008707935141865164;0.123046875
522;4.706022383478572;1.0;0.4684066359496874;0.3480780032594883;212.87286258084194;-0.008965430199168622;0.005161828186828643;6.740834212303161;0.00663756747962907;0.0845703125
523;-0.7437412825852553;0.0;0.0;0.0;165.04568665801276;-0.011131252651102841;0.005494338355492801;6.7436652183532715;0.008167216437868774;0.098046875
524;-2.5656082310124932;0.0;0.0;0.0;227.63309278445024;-0.013818735117092728;0.002240240422543138;6.742992162704468;0.008197136013768614;0.10703125
525;-3.9076279702222325;0.0;0.0;0.0;313.7354009464629;-0.007500407152942249;0.06869863266391414;6.7430248601096014;0.01112404600384512;0.15680803571428573
526;-15.967450436623025;0.0;0.0;0.0;373.613916667441;-0.015519800735637546;0.001517503015929833;6.7481207847595215;0.0131477328017354;0.1875
527;5.321398705542098;1.0;0.5768517343009859;0.5867323274090862;211.52135503553728;-0.007207796024158597;0.11714050248265266;6.756006336212158;0.007375797547865659;0.108203125
528;6.955492588540244;1.0;0.5935220620029928;0.6841062310653714;78.51571041769746;-0.004350564256310463;0.036955062806373465;6.761022830009461;0.0041752146906219425;0.0470703125
529;-1.2122592841275315;0.0;0.0;0.0;428.2178907946752;-0.007337733404710889;0.0013930378918303177;6.763458347320556;0.0072337869787588716;0.0919921875
530;6.579921917339158;1.0;0.4680220227760474;0.42474441784208516;152.10256727122018;-0.012921575969085098;0.0015682675293646753;6.759366345405579;0.009564545517787338;0.1302734375
531;-0.9497598751750789;0.0;0.0;0.0;181.67635977344227;-0.003162280609831214;0.0021667123713996262;6.755673289299011;0.006364690908230841;0.086328125
532;-6.642708114852375;0.0;0.0;0.0;813.3525842431535;-0.010842587845399976;0.06097129075787962;6.758165097236633;0.010356400371529162;0.1546875
533;5.731176723615557;1.0;0.5038026878562583;0.42716768702714636;98.64762228742934;-0.008075381349772214;0.0021881834778469055;6.761511325836182;0.006249191949609667;0.084765625
534;3.37504403718893;1.0;0.5920610367410472;0.5894552557192231;203.77115433962675;-0.012187371146865189;0.0030582228093408046;6.762203335762024;0.006788756104651838;0.0908203125
535;6.0556067802678655;1.0;0.48583606606046803;0.35922282225299296;97.56474717987659;-0.00789363537915051;0.0018520957848522813;6.767980289459229;0.007342778530437499;0.096484375
536;-4.3504307587161914;0.0;0.0;0.0;329.12686218202833;-0.007169121410697699;0.0012855322565883398;6.76935338973999;0.007746850105468184;0.09921875
537;4.95166877221486;1.0;0.43183220540748923;0.36477097705171635;192.83626447993822;-0.007969441078603267;0.004314341803546995;6.772495460510254;0.007045902393292636;0.098046875
538;4.18634666547882;1.0;0.4830266357470388;0.31772901595721603;252.18050653893368;-0.016834851540625095;0.004517088201828301;6.773704719543457;0.007896536064799875;0.10078125
539;-1.024256320577921;1.0;0.5419394688732603;0.4093198792297436;256.15722699422673;-0.010299023613333702;0.001340122873079963;6.7793984651565555;0.008811351167969406;0.130078125
540;5.7571566586208345;1.0;0.5490222040603576;0.5055959029652605;162.2532218489224;-0.0041743509471416475;0.0025721147714648394;6.78133864402771;0.008560068102087825;0.1224609375
541;5.712616237705593;1.0;0.43314861582434144;0.33291800666023774;114.71471733626299;-0.00790704032406211;0.0016590717452345416;6.779907941818237;0.006887918990105391;0.0974609375
542;-0.07547272161907818;0.0;0.0;0.0;587.3617881566229;-0.01274697259068489;0.0027135770011227577;6.776757121086121;0.008035820769146084;0.1203125
543;4.489161840001739;1.0;0.544193152308483;0.49209838013348567;94.2732385708449;-0.005737853888422251;0.0014326075615826994;6.779491066932678;0.00677255850750953;0.0931640625
544;3.863681314319441;1.0;0.5427811799705858;0.48911579632838403;200.0604319235757;-0.009558984078466892;0.0016723105276469142;6.7808842420578;0.004169016634114087;0.0453125
545;6.415843920736869;1.0;0.5270515135222157;0.4811004594753175;168.65272672683773;-0.00764559730887413;0.0010500986187253146;6.785878205299378;0.007201047020498663;0.09453125
546;5.526878258601579;1.0;0.4581258069837704;0.3825065675890475;133.49733561748593;-0.006778805144131183;0.002093303861329332;6.78663203716278;0.006353812722954899;0.0814453125
547;-0.7554941832163975;0.0;0.0;0.0;422.4975041767019;0.0012790594249963761;0.002645513997413218;6.783134579658508;0.0046132976305671035;0.0513671875
548;4.961767226880486;1.0;0.5410301770459089;0.4222638135324911;154.73337790250432;-0.01252385585103184;0.0012915360101033002;6.782412123680115;0.007494513469282538;0.1060546875
549;-4.567350590708229;0.0;0.0;0.0;264.39471081294107;-0.012763786781579255;0.0012023385585052892;6.783752369880676;0.009074686444364488;0.1357421875
550;5.918068287284087;1.0;0.48765507602081565;0.42159604970546805;94.06224812055142;-0.013138696923851967;0.002599790069507435;6.790543341636658;0.012619109230581672;0.1900390625
551;4.649299502973992;1.0;0.5469664992959138;0.45032157891810015;142.56048528093893;-0.006591644592117518;0.06538369916379452;6.792740774154663;0.008314965665340424;0.1181640625
552;3.805386597198053;1.0;0.4230769186249258;0.2612479946672878;131.72897426413974;-0.01511221167165786;0.0021768431819509716;6.791421484947205;0.007349085761234164;0.1009765625
553;3.9463684115108437;1.0;0.1324183813571501;0.13878013219314908;617.0973324200214;-0.010250746179372073;0.009306639502756297;6.7939763307571415;0.006275714351795613;0.072265625
554;6.290906536325004;1.0;0.3892475236252436;0.3339588089134109;220.3057171775093;-0.00997327130753547;0.011903488496318459;6.801124835014344;0.007030340190976858;0.101171875
555;6.420914275981622;1.0;0.5278999208541441;0.5874843049324486;155.9851834585466;-0.011698297783732414;0.0034929733956232667;6.806548833847046;0.006400709587614984;0.0830078125
556;6.471782211760828;1.0;0.47412556596687055;0.43543212210198257;128.6994077422444;-0.014437608141452073;0.0069556041620671746;6.812584018707275;0.006103596102911979;0.0755859375
557;5.736379965644559;1.0;0.3901838792747506;0.24784407872138026;246.50019104206137;-0.014284036657772958;0.0033220943761989473;6.814570260047913;0.009445123770274223;0.13671875
558;-2.2886261208597936;0.0;0.0;0.0;228.867652435583;-0.017143985349684955;0.009662802610546351;6.812599515914917;0.009088844375219196;0.11953125
559;5.939672536312323;1.0;0.3026005510162697;0.23220901946106678;242.95227011600383;-0.00845830556936562;0.017350742174312473;6.818730998039245;0.006152660399675369;0.0857421875
560;2.933740443788542;1.0;0.439033089177604;0.376838540970824;208.34034613786787;-0.0030992490239441393;0.06272622533142566;6.826516127586364;0.009026776382233948;0.126171875
561;3.982166581911846;1.0;0.4807153034645823;0.37667731990996695;164.72899716954012;-0.0011782800313085318;0.004422727786004543;6.834869170188904;0.007966966787353157;0.112890625
562;-3.986288268670345;0.0;0.0;0.0;278.4618150125423;0.0008603301830589771;0.06142930230125785;6.841100645065308;0.00426130035193637;0.048828125
563;4.304908235634785;1.0;0.5182129303386304;0.3726098719747431;112.44355541843402;-0.012154179066419602;0.005488980759400875;6.841763663291931;0.00958349312422797;0.1416015625
564;2.084497013384887;1.0;0.5993686247040716;0.5823927538236311;153.0585038724749;-0.008187349559739232;0.015830525057390334;6.84215669631958;0.006411837635096162;0.07421875
565;3.159601787493176;1.0;0.5349075178827667;0.4889034042878969;244.93204368076414;-0.028381904726848005;0.004181501048151404;6.8475703477859495;0.010680632281582803;0.148828125
566;6.568491041215994;1.0;0.4641018905405264;0.39121299288284034;128.01710921466122;-0.0077308448497205974;0.06420758692547679;6.8479214906692505;0.01425862474134192;0.2046875
567;-4.396915034629735;1.0;0.3109836751990461;0.14920415760461697;281.4373843240405;-0.01671460997313261;0.06397991888225078;6.844882392883301;0.006683134171180427;0.0875
568;6.296057989541928;1.0;0.4567571629902963;0.35895068682662234;156.58269886994083;-0.0029979590559378265;0.04738928754813969;6.8466979503631595;0.009038512082770466;0.1130859375
569;-4.475156596978828;0.0;0.0;0.0;248.32335192122514;-0.005458724335767329;0.0745303250849247;6.847240734100342;0.010912688646931202;0.146484375
570;5.864927632172625;1.0;0.5262762605547275;0.5165115249172624;159.1856378760055;-0.007833331730216742;0.012520101293921471;6.848454642295837;0.01083991366904229;0.1439453125
571;5.51207927900281;1.0;0.5049753918126385;0.4021339806520943;119.55603934073045;-0.011059342580847443;0.017229019152000546;6.8543660879135135;0.00907323524588719;0.1306640625
572;4.038420214154731;1.0;0.503423605096634;0.42801922101060563;191.35186666015332;-0.01600903694052249;0.010183147923089563;6.858618140220642;0.0100031724316068;0.1544921875
573;-5.590917984079806;0.0;0.0;0.0;273.3926879046886;-0.012882015947252513;0.06599823255091905;6.859054350852967;0.006924414518289268;0.0896484375
574;3.9172587569997916;1.0;0.353483170087833;0.19859776751777428;105.01161632801862;-0.006918216543272138;0.004151710122823715;6.85210690498352;0.008135846070945262;0.124609375
575;5.1899895853480515;1.0;0.52691337214535;0.4553838068700045;212.66934992184687;-0.007674410007894039;0.005374316242523491;6.851475572586059;0.00846301142591983;0.1189453125
576;4.4267350564621255;1.0;0.44952974754721614;0.41204202026942227;231.4109972728962;-0.017751881247386338;0.005757522431667894;6.858785176277161;0.01132916531059891;0.1703125
577;1.1302475707465476;1.0;0.595519564528725;0.551984903789679;174.41744353044484;-0.013308714237064123;0.05807200381532311;6.868979907035827;0.011765133554581553;0.1638671875
578;5.851282519461817;1.0;0.6043792564171873;0.6278845657120944;104.99686683642827;-0.011000734521076083;0.009312243643216788;6.8795737504959105;0.009723115514498204;0.1416015625
579;5.349693453792714;1.0;0.4101312681084241;0.3168336392613935;197.548514913541;-0.008639441849663854;0.015251915389671921;6.891216850280761;0.006010937853716314;0.0748046875
580;-2.4613582317716443;0.0;0.0;0.0;556.1608224638621;-0.011433806363493204;0.008267944236285985;6.898002243041992;0.0057915020501241084;0.069140625
581;5.7162048778670425;1.0;0.4740104642275677;0.3787978248105381;154.89920339042615;-0.005169284832663834;0.058303453912958506;6.900157189369201;0.008322882221546025;0.1140625
582;6.278242896250126;1.0;0.4641546153516094;0.4093534765800122;180.5530955073806;-0.016504576266743242;0.018430813588202;6.898069882392884;0.009808302961755545;0.144921875
583;4.581609892317207;1.0;0.5576231530854189;0.5329595563514797;166.59453312712736;-0.006147789396345615;0.012954387790523469;6.894738411903381;0.00793037018738687;0.1134765625
584;5.836121957356769;1.0;0.5462712909784913;0.5553360746177713;181.500200375592;-0.008379568019881845;0.06685108812525868;6.901794672012329;0.007681391853839159;0.0935546875
585;3.790859826810115;1.0;0.5195855812657045;0.5008018759267372;185.55466269944222;-0.00785325923934579;0.006793579692021013;6.9050439357757565;0.009071617620065808;0.1251953125
586;-4.0665664896222005;0.0;0.0;0.0;203.058317573051;-0.011715626437216997;0.00893588070757687;6.905063343048096;0.009210267581511288;0.130859375
587;4.090476033242278;1.0;0.5009376392400855;0.37317398914389033;150.58365972499197;-0.0029866344761103393;0.036770303663797674;6.90911705493927;0.008101971889846026;0.112890625
588;6.172918827714401;1.0;0.4698697969442404;0.3913269974519579;149.65786092874157;-0.020497287483885886;0.00663037255872041;6.913518071174622;0.0095596159924753;0.1359375
589;0.6986530934650514;0.0;0.0;0.0;193.67942972323976;-0.013944461755454541;0.009177915076725185;6.921298551559448;0.010496649285778403;0.1482421875
590;5.141946328183813;1.0;0.39555034077535683;0.2028961131987119;149.4678120135825;-0.021335665113292636;0.007438968773931265;6.930335307121277;0.010081923170946538;0.1458984375
591;3.610394541445006;1.0;0.5567570984411032;0.5840473551632691;177.80109287218318;-0.007439960213378072;0.0061087107984349135;6.935501170158386;0.007843756536021828;0.1046875
592;5.792642673911679;1.0;0.4724507792439232;0.41363010590693844;152.77485107126645;-0.005782726116012782;0.06224344139918685;6.93748905658722;0.007356464629992843;0.1080078125
593;5.854891457383298;1.0;0.49569158195995877;0.42312810872580275;129.6568867273646;-0.011851139971986413;0.005551085341721773;6.9342435836792;0.006034082593396306;0.0869140625
594;5.682130383972737;1.0;0.31431389632176043;0.1597026001109743;183.86422913039198;-0.009614388504996896;0.01065367078408599;6.929943370819092;0.0076445737853646275;0.1037109375
595;4.468978010036919;1.0;0.6405674635082801;0.658983592553827;103.38416220383336;-0.012899709260091185;0.006123324495274573;6.9338600635528564;0.006881781853735447;0.09453125
596;4.6276131341388504;1.0;0.32975240021927793;0.28281612676007184;317.5241105676067;-0.009028528700582683;0.009597032307647168;6.945224356651306;0.007751359534449875;0.10859375
597;4.4695133761256605;1.0;0.4945538250662107;0.39186950159875383;169.60927940381592;-0.004589501861482858;0.006833757064305246;6.956543350219727;0.010714822437148542;0.1521484375
598;-0.14313084209958582;1.0;0.15800388428347104;0.1283312838639557;566.4408397626121;-0.007562515397484486;0.0777052235431396;6.962455419393686;0.010562589015954962;0.14693509615384615
599;5.621524444615565;1.0;0.44896507105932915;0.36174093764126153;135.06181792170668;-0.01594561696983874;0.008234073175117373;6.966923832893372;0.013826509867794812;0.202734375
600;6.074249450233585;1.0;0.44529985563631896;0.40838084384993467;222.0059607199469;-0.011269218986853957;0.009933111723512411;6.971963500976562;0.01016108919866383;0.1498046875
601;5.483493815675697;1.0;0.38096886522412826;0.25686575851891263;142.50098699163453;-0.0066169652622193095;0.06361922724172472;6.978088736534119;0.009066401689779013;0.1396484375
602;5.5781501434173855;1.0;0.541547351846199;0.5305264101668661;116.93273618448987;-0.009072618279606103;0.01582013820298016;6.9779562711715695;0.00580696074757725;0.073828125
603;5.883864478513013;1.0;0.4370482045820525;0.4810006280247409;248.5274040229779;-0.007501433417201042;0.006390151777304709;6.982166266441345;0.005850649590138346;0.071875
604;-0.3025734978579271;1.0;0.5534644460518944;0.49402057769584246;180.52765467963954;-0.005690886359661818;0.004491365619469434;6.986611318588257;0.0064935849164612595;0.0947265625
605;6.8118729020137625;1.0;0.46821428178880337;0.3466578563481942;101.80874299426952;-0.007327378261834383;0.07021278776228428;6.991781187057495;0.009172429516911506;0.139453125
606;6.444131836698188;1.0;0.47277475070345165;0.36426862009742533;103.21044453176;-0.01943812323734164;0.0028007724089547993;6.9956648588180546;0.007113913760986179;0.096484375
607;6.2849543055779105;1.0;0.49715056667188795;0.45588909688386453;130.40618723044528;-0.006635745661333204;0.005232774931937456;6.995827841758728;0.009101812285371125;0.1189453125
608;5.901398692101041;1.0;0.4982933397401125;0.4412064060157491;131.33427108157744;-0.006916816253215075;0.0033420916413888337;6.99368269443512;0.009165659011341632;0.115234375
609;6.322943806712603;1.0;0.48510840007513634;0.4212479784764391;133.35722731118386;-0.011299844598397613;0.003985550161451102;6.99565315246582;0.008513599482830614;0.1130859375
610;6.564076624193024;1.0;0.5807999298200903;0.5595254570094829;81.32413495829566;-0.012329233926720917;0.00715673973900266;7.002444416284561;0.01269702751596924;0.1484375
611;5.588429392192499;1.0;0.6195389007163482;0.7181120576963317;66.77592861222779;-0.011238535749725997;0.016866156784817576;7.009756636619568;0.007351538515649736;0.0953125
612;-4.363855576912647;0.0;0.0;0.0;407.91218640018275;-0.018904045457020402;0.011975862691178918;7.017783188819886;0.00856803806964308;0.117578125
613;5.6043917976492175;1.0;0.47776053613997443;0.41329084196650373;213.95488393620266;-0.0176424034871161;0.008879308751784266;7.024787425994873;0.015734882140532137;0.214453125
614;1.1450803885052596;1.0;0.5087771002510397;0.37856730784241055;234.4892786464631;-0.005508290603756905;0.01527394913136959;7.024732160568237;0.007305291038937867;0.105078125
615;5.732709946984807;1.0;0.5420209950232762;0.4505513492834738;107.78257406367533;-0.007763264141976834;0.022423832677304745;7.025141954421997;0.005751624098047614;0.0732421875
616;6.441821702977393;1.0;0.5629705157824267;0.6274928316123111;173.6364898141082;-0.009641436347737908;0.07023090608417988;7.02641236782074;0.006136342161335051;0.0884765625
617;4.841534328565683;1.0;0.5207949472733137;0.45253398765078706;171.86609289671165;-0.007873019110411406;0.006242431583814323;7.027817249298096;0.009373451804276556;0.1384765625
618;6.897193387570118;1.0;0.4879935146840286;0.4840949208374796;134.388669672931;-0.01190321114845574;0.004163326625712216;7.032324719429016;0.009623704850673676;0.130859375
619;1.7606818385066534;1.0;0.5971343045939289;0.5998025798565132;187.88775197135124;-0.013231098232790828;0.00526146647753194;7.037912964820862;0.009010700124781579;0.13125
620;-1.4854768680019297;1.0;0.36872436228475075;0.3261026599914255;212.45954563597135;-0.005054907500743866;0.005076167872175574;7.050089645385742;0.009963396948296576;0.1373046875
621;6.796732460859077;1.0;0.5656043946935317;0.6442862977150289;108.3623078543788;-0.01868408443406224;0.002978042553877458;7.06727545261383;0.011635529343038797;0.1689453125
622;6.27184807852279;1.0;0.6102793521759327;0.7124631188848184;138.2218393006353;-0.006476457230746746;0.0031007390934973955;7.077849173545838;0.006394095020368695;0.0802734375
623;4.461387512559333;1.0;0.4704532456937357;0.38777893190033325;214.8325998692983;-0.0047310780268162485;0.0028964316938072444;7.083396172523498;0.00921355445170775;0.13515625
624;5.2269414003254795;1.0;0.5364496783358484;0.5279807232571865;137.68494466721074;-0.007623967900872231;0.0029242979828268288;7.0868164777755736;0.007905038038734347;0.1078125
625;6.670217452075647;1.0;0.4960170500875198;0.41171078513942383;92.94928910388315;-0.011435592453926802;0.0039043028373271227;7.090474629402161;0.007978767203167082;0.111328125
626;6.092599947574626;1.0;0.5685060415516768;0.6183759709083154;132.51363867376355;-0.010484330914914608;0.002685984910931438;7.095050835609436;0.007604560093022883;0.11484375
627;4.599796385736095;1.0;0.5261076468142387;0.4441935893682823;200.88022597619675;-0.008632311178371311;0.003585870238021016;7.098328685760498;0.011415107699576765;0.1662109375
628;5.375767937187675;1.0;0.5082688338642749;0.43788748089994567;246.95399556443277;-0.007997298333793878;0.005576749495230615;7.096019721031189;0.00924308376852423;0.1298828125
629;5.139465204745994;1.0;0.48191356779650735;0.421250504756453;155.80911104590368;-0.0019447943195700645;0.005165014020167291;7.095490121841431;0.009280023060273378;0.13828125
630;5.723945297049541;1.0;0.4944580195696232;0.4501577528398135;226.2664899180235;-0.010035565495491028;0.0019187975733075291;7.098192930221558;0.010505848389584571;0.1611328125
631;5.423691759250479;1.0;0.5032857703670819;0.43272363131289343;130.30597293015182;-0.0133413165807724;0.002474840480135754;7.102967715263366;0.01348848813213408;0.1701171875
632;3.5533807402026656;1.0;0.5388578166231756;0.4467593037437812;153.50190726153807;-0.012620560266077519;0.002848673623520881;7.1105712175369264;0.0073780535371042785;0.0990234375
633;6.462670835366833;1.0;0.5386909907363393;0.5375768433047036;171.65224052549496;-0.010621012840420007;0.004158083780203015;7.11730477809906;0.008956939319614322;0.1310546875
634;3.3190154998463286;1.0;0.3904559325999551;0.25383537399586303;231.35875091678312;-0.004222393780946731;0.002414984494680539;7.121408438682556;0.0065376537502743306;0.0859375
635;6.611138653594736;1.0;0.5640712561531827;0.5673338307978221;104.04560400333362;-0.009913227381184697;0.06699778400361538;7.122955083847046;0.0070155657944269475;0.0859375
636;4.825575736677635;1.0;0.6142626086304178;0.6111580494223736;164.02837917976748;-0.016838761838153006;0.0016472224611788987;7.128766775131226;0.008551346545573324;0.117578125
637;3.796835813727588;1.0;0.42407820331050566;0.2638490383695191;112.81983500088917;-0.011995609011501073;0.06888742144219577;7.132990527153015;0.011620118061546236;0.1609375
638;5.179346856586957;1.0;0.562916670741092;0.5218040180769986;149.2757922388347;-0.00788220886606723;0.0032253847573883833;7.128901195526123;0.007861783471889794;0.106640625
639;6.264481725570004;1.0;0.5389218251085327;0.5079351882544924;101.63024708964817;-0.014687048830091953;0.009304648055694998;7.125249767303467;0.006769181683193892;0.0904296875
640;4.934974328551837;1.0;0.45371428614166803;0.5133865216078227;202.28969793812942;-0.002760005369782448;0.055915364227257666;7.130842995643616;0.005120385333430022;0.06328125
641;4.577205418892232;1.0;0.38687964102320044;0.3751201667041622;234.67196678571372;-0.009922216692939401;0.003820349450688809;7.1367124795913695;0.008624549361411483;0.12109375
642;-3.6105656945493414;0.0;0.0;0.0;166.01723984917854;-0.009922664798796176;0.017851953767240046;7.1404773712158205;0.007583288673777134;0.1095703125
643;4.496647937220796;1.0;0.6102847362780317;0.637251008830534;166.94836182322933;-0.009667507000267505;0.012217468721792102;7.142448949813843;0.009953744115773589;0.1388671875
644;6.476046138206878;1.0;0.597181981935086;0.6181433041668443;154.66967739207246;-0.013625286659225822;0.008396189706400038;7.147635793685913;0.009257534600328654;0.134375
645;6.620040461263099;1.0;0.33616042954443665;0.352002524558656;247.76207235156184;-0.0076886993832886216;0.006284141214564443;7.153375148773193;0.0052143444190733135;0.0693359375
646;6.276673442255377;1.0;0.5074012939869664;0.45194943835703155;131.4560471786442;-0.004358416050672531;0.008539324929006397;7.160041069984436;0.005790651228744536;0.0662109375
647;-5.215611127087386;0.0;0.0;0.0;299.02884640741144;-0.013759239623323084;0.005282077309675515;7.175758671760559;0.009336276235990227;0.1251953125
648;6.333451362333653;1.0;0.4775047289713866;0.4000782443185754;159.66974431613053;-0.01302826632745564;0.004297127726022154;7.181058764457703;0.011103992792777717;0.16640625
649;5.958124264297265;1.0;0.4405087018260619;0.40952961088190465;232.94979836658462;-0.017244083201512696;0.0043472581426613035;7.1855815887451175;0.013547586125787348;0.1841796875
650;-10.62612998713402;0.0;0.0;0.0;337.1249221159756;-0.012584370886906981;0.08002923764288425;7.193415117263794;0.006255480099935084;0.080859375
651;4.721578965636313;1.0;0.44875768914099723;0.36177675710990376;140.0627280511851;-0.02064026761800051;0.003145670564845204;7.203847122192383;0.007416305551305413;0.1015625
652;1.6843899526441715;1.0;0.25391245843135674;0.28230312563565857;333.3584140717357;-0.009114498272538185;0.0037420788081362843;7.207242369651794;0.010850963764823973;0.1486328125
653;6.133128964630593;1.0;0.5160379027296643;0.48163564151939253;89.81362265400736;-0.016759237693622708;0.0063669700408354405;7.207573509216308;0.013983812544029205;0.1953125
654;5.22555863339273;1.0;0.5077374838128176;0.43613853448721707;170.21651235328815;-0.013165744300931693;0.007626834092661738;7.210328984260559;0.01105448545422405;0.1564453125
655;6.188553107706508;1.0;0.49872694874724677;0.44509228654131233;132.63125053900308;-0.010752630024217068;0.17096144743263722;7.216118502616882;0.007979652227368206;0.107421875
656;4.32027641836864;1.0;0.5677965250275835;0.5752778006469759;210.43667745714893;-0.00721743362955749;0.009569280222058297;7.220489287376404;0.007582689961418509;0.109375
657;6.710992267149042;1.0;0.42525433017794834;0.29926292923088343;132.44026540322912;-0.002539211139082909;0.010102888685651124;7.222818779945373;0.011357847414910794;0.146875
658;2.7043928637139145;1.0;0.25287814741580805;0.13856876669714108;288.40633094830423;-0.013382482901215553;0.10070560947060585;7.218605351448059;0.011253264616243541;0.158984375
659;3.803531390344175;1.0;0.4697234105810741;0.42619461025837685;141.0205312618483;-0.0069923332892358305;0.0647947491146624;7.2138707637786865;0.010627905104774982;0.13203125
660;6.538495563378056;1.0;0.4483540783455988;0.3377751513982504;161.39573167554457;-0.003982348460704088;0.05161572014912963;7.216799330711365;0.008427705790381879;0.1154296875
661;5.782139470855115;1.0;0.5060324681171876;0.4763846457043691;180.012957753719;-0.004632891528308392;0.055763552663847804;7.220758295059204;0.009216211445163935;0.1349609375
662;6.062053865623969;1.0;0.4802868273073377;0.4146553936821927;112.31390142221736;-0.0051951567642390725;0.05424609067849815;7.221660685539246;0.005552423524204641;0.0767578125
663;6.143793028812007;1.0;0.505074911091732;0.45380194087539205;182.70246991936924;-0.008798154932446779;0.0922470137476921;7.228898191452027;0.009227191761601717;0.12109375
664;6.297229807757928;1.0;0.5421916112488558;0.5227102522289815;221.10543414769324;-0.016900003515183927;0.006889324379153549;7.243609189987183;0.011441934015601873;0.1763671875
665;6.4512712196017965;1.0;0.4480238406926259;0.3884969691947705;117.06502865848687;0.002283704839646816;0.10772635992616415;7.253168678283691;0.007710402819793671;0.1099609375
666;5.634530438508893;1.0;0.5351854886119664;0.4978632327368035;207.05147723192027;-0.010228157881647349;0.09518982339650392;7.258564925193786;0.006365694361738861;0.0888671875
667;6.502876403578383;1.0;0.43744784298330114;0.33199988320059054;107.3796102398922;-0.015325074503198265;0.014682497177273036;7.2655192613601685;0.0068864824599586425;0.094921875
668;6.333104872300902;1.0;0.49815504918636894;0.47840343582180367;81.2909466125265;-0.014291606564074754;0.0063553604297339914;7.272113347053528;0.006909187347628176;0.0927734375
669;6.177665435897662;1.0;0.54712926983458;0.5350793561101946;175.69980879815355;-0.005928152520209551;0.10181005671620369;7.274759435653687;0.00678951449226588;0.0916015625
670;2.25418727924543;1.0;0.546816939394818;0.5018630650871294;194.5047244614332;-0.008505454100668431;0.09387018643319607;7.278445863723755;0.006818728998769075;0.0904296875
671;6.1083730009687995;1.0;0.5272799219011;0.531474006894085;175.14318534016354;-0.010732091381214559;0.004489679168909788;7.279678916931152;0.009496882895473392;0.1431640625
672;6.646100884207348;1.0;0.4556580243782259;0.43285323523857383;129.38471858391554;-0.007153471698984504;0.040622740180697295;7.286376571655273;0.007192534988280386;0.1021484375
673;6.725376413050128;1.0;0.5200569782676703;0.5173657718656992;84.11271922318807;-0.002956031542271376;0.08003448899835348;7.293071746826172;0.01023489034269005;0.1443359375
674;3.429494606737086;1.0;0.5724749621710665;0.5981775409550413;182.24059169430916;-0.011454403185052798;0.042377778142690656;7.300122094154358;0.011477610073052346;0.14765625
675;6.126442802818947;1.0;0.5631861015329935;0.5651498497525321;165.41821833117277;-0.009157614782452583;0.047704295814037324;7.306925678253174;0.011021449801046402;0.1623046875
676;5.791282383837833;1.0;0.4770949902507493;0.4273521126977144;220.86913070369894;-0.01149374539963901;0.00932286127936095;7.310869789123535;0.00837959562195465;0.1216796875
677;6.4296932591584515;1.0;0.48931282992123104;0.41259607624560507;88.08225409727207;-0.010079066222533583;0.1876670800149441;7.313076162338257;0.01094785425812006;0.1609375
678;6.116776609265724;1.0;0.5298320515646081;0.5096437107674742;148.36764651786496;-0.005775236175395548;0.09217222221195698;7.312000513076782;0.006106163689401001;0.0826171875
679;6.0802798850034465;1.0;0.5162324943195165;0.47750946431285973;107.82222657040396;-0.010707810008898377;0.04387871485669166;7.308578133583069;0.013382729922886938;0.18515625
680;5.962100036365769;1.0;0.5666538673013025;0.5334515228578238;181.02380263313506;-0.006283086293842643;0.04439128516241908;7.312333703041077;0.009056381764821708;0.1330078125
681;5.3133766983649595;1.0;0.4637208121135722;0.41937077180236926;227.42094272320233;-0.012166228389833122;0.003077581850811839;7.314631676673889;0.006579253764357418;0.089453125
682;-0.6322035144436784;1.0;0.6558307698959434;0.6310507570533977;110.1826502031927;-0.01594271194189787;0.0519089519046247;7.313587069511414;0.011389626539312303;0.155859375
683;5.18472413704256;1.0;0.5568491511569915;0.5038479087411207;115.99656232499257;-0.0054833504371345045;0.1337989505380392;7.317293310165406;0.009856069751549512;0.138671875
684;6.038638093729844;1.0;0.5391682751071395;0.5133976616851554;113.88132075913838;0.0006275087129324674;0.08282243739813566;7.3139256000518795;0.00783324260264635;0.113671875
685;6.201727384820704;1.0;0.5227701240678196;0.4758707591155742;96.99989199290523;-0.002182437665760517;0.08328627198934554;7.309720587730408;0.005778214219026268;0.0763671875
686;6.3878634011858315;1.0;0.55185651135461;0.5247919173099701;148.03772920362354;-0.009439007379114628;0.03746501165442169;7.30876476764679;0.011636445275507867;0.1708984375
687;4.250108129815125;1.0;0.5354413439420328;0.5216784126709973;206.89085296983754;-0.016918018553406;0.008966487692669034;7.3113233089447025;0.011275149602442979;0.1572265625
688;5.013955294565813;1.0;0.5050291690453129;0.49221846656620755;175.99658269770887;-0.014982749801129102;0.04167728070169687;7.312382912635803;0.01199182701529935;0.166796875
689;6.289276916828714;1.0;0.5625516838820908;0.5813470376060009;138.00377547205778;-0.009485623799264431;0.04986000838689506;7.311382293701172;0.01208482573274523;0.1751953125
690;5.0676570194869015;1.0;0.5658350661909166;0.4800370365643593;91.49542703708148;-0.009240643307566642;0.0916032721598943;7.31030044555664;0.01197379248527189;0.15078125
691;6.442805281681019;1.0;0.5279124186814124;0.46999461962857;159.0031120932619;0.0023641826584935187;0.06939252344891429;7.312748527526855;0.009446805925108492;0.121875
692;6.848336193531135;1.0;0.44331623872292475;0.3295689484659223;124.55653108474661;-0.008238289970904589;0.04964432986453175;7.316274118423462;0.008015332906506956;0.0998046875
693;6.272400151243347;1.0;0.5347566177559492;0.49622170556395434;144.88583004939838;-0.014719195035286247;0.035695690428838134;7.322922253608704;0.00769175220048055;0.1060546875
694;1.4884718242467674;1.0;0.632544781176753;0.5835344254406666;104.04868018161442;-0.006072485982440412;0.03948556650429964;7.327332711219787;0.008312616241164505;0.11328125
695;6.319187528164395;1.0;0.5144573620537984;0.47693963376378756;129.08268463920015;-0.01229085591621697;0.11998463757336139;7.326063442230224;0.010983526334166526;0.1552734375
696;6.44620422583327;1.0;0.5111684944992613;0.4641849951755237;124.96508543112142;-0.007145616970956325;0.16970552541315556;7.325341653823853;0.010465393541380763;0.135546875
697;5.568354127822953;1.0;0.5718695781164606;0.6391491155726371;70.36357552091788;0.00023365472443401814;0.020390183199197054;7.329066157341003;0.006651326478458941;0.08984375
698;6.419594012398369;1.0;0.5433760715528172;0.5078242859723512;211.8182076800175;-0.004237868916243314;0.041831246414221826;7.337808966636658;0.011049697198905051;0.1337890625
699;6.702650323804837;1.0;0.5132371644806033;0.44511801128184825;136.93892224144085;-0.017303524538874626;0.11372926905751228;7.338973903656006;0.012221436575055122;0.1755859375
700;4.105518385689008;1.0;0.5337357517669102;0.4483110157614561;162.3348826749876;-0.00568563062697649;0.11602056678384542;7.3363337278366085;0.011231375474017114;0.1580078125
701;6.572445608382305;1.0;0.6028207260984333;0.6364905930445064;66.64089019647037;-0.007596272276714444;0.0870374845340848;7.332031345367431;0.01295172170503065;0.1798828125
702;2.373309291313972;1.0;0.6070430658601642;0.5224742796950571;131.16742886605468;-0.010223843762651086;0.03564172787591815;7.337195014953613;0.009092641971074044;0.1265625
703;5.940817770636702;1.0;0.5368600962945325;0.48105689567454596;211.6470339075327;-0.0075652474537491795;0.06540563683956861;7.3467604637146;0.009184776060283183;0.1291015625
704;6.495386223538173;1.0;0.5530238214046292;0.5169074022470922;193.22254159593655;-0.0007244155858643353;0.05684485090896487;7.351127481460571;0.007530276686884463;0.094921875
705;5.188559750119561;1.0;0.583992119723659;0.6406821121565506;167.21461778606277;-0.015195869840681553;0.10086129643023015;7.349984574317932;0.010345963155850768;0.1552734375
706;6.090074074229116;1.0;0.5393339978563975;0.5116531599891612;195.52672755118095;-0.014131529349833727;0.07432884899899364;7.344182062149048;0.01127955869305879;0.1537109375
707;6.0521320606165805;1.0;0.4312098200481798;0.34207159904316176;123.37538326340044;-0.007215668959543109;0.036712485179305074;7.341222167015076;0.008143195149023086;0.116015625
708;6.628011419656717;1.0;0.484487016907656;0.545555260638778;279.5725623235814;-0.008409234136343003;0.06498249117285013;7.342827153205872;0.008330942236352713;0.1263671875
709;-1.9478964320646055;1.0;0.5763661983227708;0.5084199307845341;197.89356489835666;-0.014620459638535976;0.10964753814041614;7.3483741044998165;0.012090352899394929;0.1640625
710;6.507759101998163;1.0;0.529698861348121;0.48180600154685155;179.00462282139958;-0.002634366136044264;0.04299072413705289;7.355743098258972;0.009190599212888628;0.12890625
711;5.741841835132412;1.0;0.532058687265481;0.5243725927232075;169.05743323029844;-0.0057102947030216455;0.005452740332111716;7.363827443122863;0.007302013668231666;0.099609375
712;1.7104276489538228;1.0;0.5427024049712432;0.5461481478851431;233.85930219961872;-0.0052532586734741924;0.06114109181798995;7.365607905387878;0.005761765583883971;0.0740234375
713;6.648183900407519;1.0;0.5793510813991978;0.5805109754855738;83.39278561531452;-0.013856694288551807;0.04122112561017275;7.367926478385925;0.010514894931111485;0.1490234375
714;6.342803755845956;1.0;0.5404376463013333;0.49598001065675207;89.15048597758255;-0.006029486912302673;0.16039050184190273;7.368572449684143;0.015160176111385227;0.1990234375
715;-1.6189279970492656;1.0;0.5648421176829005;0.4831166131447784;142.98142303298437;-0.005616695201024413;0.12621371261775494;7.365863180160522;0.008576975949108601;0.120703125
716;4.943286398308017;1.0;0.4964061938629191;0.4563786274163953;160.8574718661818;-0.016213655448518695;0.0055216561420820655;7.366952419281006;0.007988463144283742;0.1138671875
717;5.914787472038637;1.0;0.46712906006993904;0.4063837784620647;153.11589854870712;-0.005312912818044424;0.06449924558401107;7.367261195182801;0.009333968872670084;0.1318359375
718;6.710162211132939;1.0;0.43037530485864056;0.39871210369717297;169.6045664214391;-0.013931753020733595;0.005552163138054312;7.3584511280059814;0.010422702645882964;0.15078125
719;5.732989138323517;1.0;0.5085518350807534;0.4214134377116047;187.4777514733628;-0.01210658138152212;0.05014167022891343;7.357637190818787;0.009224926854949444;0.1166015625
720;6.249646342854101;1.0;0.5321943540272419;0.5681138033055723;91.20930138975724;-0.016425755573436618;0.09606551919132471;7.358320498466492;0.007120945490896702;0.0962890625
721;6.3820046121539615;1.0;0.5366827972174398;0.48702477544598993;88.73283702727362;-0.005612068483605981;0.07609227858483791;7.360061573982239;0.007797934673726558;0.1091796875
722;3.3275721974102868;1.0;0.5508286187183624;0.4441507164644626;108.9547777735861;-0.009973005019128322;0.08287948612123727;7.355830717086792;0.0069263272336684166;0.096484375
723;4.63209803617078;1.0;0.5049791984782132;0.4398933294740133;163.0187465824089;-0.008783834986388683;0.0054189716698601845;7.354415082931519;0.009771297173574566;0.1453125
724;6.362094553346476;1.0;0.4218820241681291;0.35287324528928316;204.7172834231687;-0.015607134159654378;0.06345737082883715;7.35509090423584;0.007814417919144034;0.1078125
725;2.417812743598978;1.0;0.5290521085047379;0.449961318126955;186.27597764585914;-0.01906888047233224;0.09195902142673731;7.352537965774536;0.011335577012505382;0.150390625
726;0.1740179882658861;1.0;0.5891268102378046;0.5308972105943438;201.12865480590287;-0.009341387287713587;0.05790649419650436;7.3568579196929935;0.009577916911803186;0.1416015625
727;5.933679822532733;1.0;0.5169516585227522;0.47396453582957293;176.3959771273844;-0.008129672287032009;0.05475287120789289;7.357815527915955;0.010197950073052197;0.1328125
728;6.260722531809767;1.0;0.4666861436151047;0.3816907988795723;92.35540489193849;-0.007455941289663315;0.038278878480195996;7.357065057754516;0.00787019869312644;0.1025390625
729;6.434700279600216;1.0;0.4285607148773574;0.4476744686160196;281.5047869406627;-0.011282152542844415;0.058766810782253744;7.358430433273315;0.009198796073906123;0.130078125
730;-4.250708744679524;1.0;0.4865285465685314;0.4182684638769558;292.24296611318505;-0.007176195830106735;0.040954831056296825;7.353454446792602;0.009678253822494298;0.136328125
731;4.820487760814167;1.0;0.49951772991886767;0.4169796962217199;219.43724383642603;-0.01280217346502468;0.0342147015966475;7.351083374023437;0.011068872932810336;0.151953125
732;6.255441302447056;1.0;0.3894918189635331;0.29973452781453336;147.5167842143471;-0.004865806386806071;0.06863973718136548;7.351600909233094;0.006705916102509946;0.093359375
733;6.667187516479139;1.0;0.48717713159899184;0.44333925549548614;91.0722850203565;-0.008890099404379726;0.042087075673043726;7.358295512199402;0.008277363528031855;0.1154296875
734;6.6584612212497385;1.0;0.4948081497134942;0.40439461723278797;153.19550699745625;-0.009695813758298755;0.05205201711505651;7.367169642448426;0.00882065276382491;0.1171875
735;5.4076728593364045;1.0;0.4421531407580091;0.3381596880398763;157.60824516273073;-0.010553851327858865;0.027434713719412685;7.370280408859253;0.010189770464785397;0.141796875
736;6.376972508324052;1.0;0.47353938663963036;0.3840730447380609;184.98095646967195;-0.01651836629025638;0.07278315834701062;7.375706338882447;0.009412146324757486;0.141015625
737;6.278131613792343;1.0;0.4875449331038203;0.4595928224889451;100.90856417172581;-0.020636612572707234;0.10441362038254738;7.377721810340882;0.011985557130537927;0.1748046875
738;5.735926308407987;1.0;0.5306815966688023;0.5179588096757326;207.89153051596955;-0.004755704570561648;0.03316931379958987;7.379420971870422;0.011763194808736444;0.1666015625
739;1.7688935867686233;1.0;0.6010248670729779;0.5540175904051116;125.94685095693494;-0.00497461601626128;0.024265611171722413;7.3819756507873535;0.013473622919991612;0.1779296875
740;5.745293719836045;1.0;0.47923793555582833;0.5555469712535885;135.60190260901916;-0.01500969473272562;0.058999267593026164;7.383417081832886;0.010946014162618667;0.1484375
741;0.8492908182968013;1.0;0.5400042438208096;0.5491721847002674;267.4834840650773;-0.01051097959280014;0.04665299504995346;7.38817036151886;0.01306490246206522;0.1845703125
742;0.12269854517272494;1.0;0.4922321637820154;0.47111268625548564;241.2930495605787;-0.0015133781358599662;0.07634589225053787;7.394071412086487;0.006510264473035932;0.09140625
743;5.652373061102063;1.0;0.4581459889716588;0.3398150374956273;119.48368331137597;-0.012951509840786458;0.045405580662190914;7.394411253929138;0.011779788206331432;0.1537109375
744;6.317138092424768;1.0;0.4866590099178128;0.49370856408458696;156.01604335652544;-0.0030560790095478297;0.03879816834814846;7.394223594665528;0.009609996830113232;0.1404296875
745;6.053556852068461;1.0;0.5004381434502065;0.40897581468962785;73.91754943872405;0.0061588096898049114;0.06354365348815919;7.399223589897156;0.007673956651706249;0.1125
746;1.243125738880086;1.0;0.6107106554633893;0.5665645502254903;118.15662739983802;-0.003532899729907513;0.06967376656830311;7.406745147705078;0.009648839803412556;0.1416015625
747;-12.49143936691678;0.0;0.0;0.0;293.2412613487367;-0.0024315762799233197;0.01848240024410188;7.41147563457489;0.008312976965680719;0.121484375
748;6.053018510560917;1.0;0.5027088805102484;0.45257945397215826;137.02478279346894;-0.0016900256276130676;0.07583658648654819;7.410199546813965;0.007817216264083982;0.1072265625
749;5.815669201402785;1.0;0.4237470214243687;0.3114110275728021;121.04037781140482;-0.00908985841087997;0.12551661394536495;7.409833455085755;0.008230687654577195;0.112109375
750;6.113296456788955;1.0;0.44600096053163485;0.35730979049739064;209.13632686268738;-0.00768410419113934;0.07722195144742727;7.407071375846863;0.007626198092475533;0.0962890625
751;5.654176930427514;1.0;0.5219233675059511;0.5146832932716242;117.42649802490314;-0.009652008861303329;0.015259287087246776;7.410118222236633;0.006616403767839074;0.090625
752;0.19313261092635958;1.0;0.5013950115264452;0.3696443109665122;138.99949765070988;-0.015373417362570762;0.057657170295715335;7.411689209938049;0.01367685297736898;0.187890625
753;4.8628316693729445;1.0;0.4637059837996422;0.3898929979232498;124.44575367222971;-0.0057239886256866155;0.10270312577486038;7.412907719612122;0.009384151571430266;0.1326171875
754;4.285495971653238;1.0;0.5694953778768216;0.5395522559290766;93.28039495687669;-0.006266634119674564;0.027593669760972262;7.413313484191894;0.008454853727016598;0.1162109375
755;5.127601276806696;1.0;0.5574456877708706;0.5383948112368806;113.9001828145373;-0.01172405700199306;0.028228985052555798;7.4132211923599245;0.011004727566614747;0.1603515625
756;6.471251996166901;1.0;0.45963842101351765;0.36914848481319423;148.12725194096478;-0.005627997033298015;0.0739673212170601;7.406761717796326;0.007829116214998067;0.104296875
757;4.860440496193393;1.0;0.41538756249786923;0.39395314952273736;199.4372631262617;-0.0032555385027080775;0.06769580971449614;7.403132605552673;0.011038171965628863;0.15078125
758;0.5333345581731797;1.0;0.5648843518265628;0.5257161436015902;260.49269878531203;-0.010576590290293097;0.04065182134509086;7.4079179763793945;0.012104367441497742;0.1744140625
759;6.430329628180005;1.0;0.26970520412497845;0.26944497873938295;333.0213593917886;-0.0064578097313642505;0.09783041086047888;7.414480495452881;0.005905600159894675;0.07578125
760;0.9731037994803757;1.0;0.5069626001461427;0.45302172208609237;225.86030764521283;-0.0031613736413419248;0.04522688500583172;7.419554495811463;0.009762352239340544;0.1421875
761;6.128265337618763;1.0;0.4458264608317678;0.4083322602803442;147.65881273353807;-0.003406390082091093;0.0514627618715167;7.419502472877502;0.0062485260656103495;0.0833984375
762;5.967785775744094;1.0;0.467485418067203;0.454962096181238;157.15000405303317;-0.012014920031651855;0.126549219712615;7.41648302078247;0.009966108563821763;0.136328125
763;4.273184139464131;1.0;0.556327863600926;0.6136134452341727;156.89495261905253;-0.01071066753938794;0.06545070186257362;7.413868021965027;0.008267898065969347;0.116796875
764;2.809330417977094;1.0;0.45876624624657975;0.41135127165491936;193.60350228788434;-0.006054875301197171;0.07013687174767255;7.4158838272094725;0.008229623176157474;0.122265625
765;5.843282415077134;1.0;0.4624942780011136;0.4148250623662535;204.50458194421412;0.0012386015383526682;0.043676201906055215;7.413384914398193;0.004642384429462254;0.0578125
766;5.473175103580369;1.0;0.45977089815766253;0.40211572820021063;295.51253763873035;-0.0042445377446711065;0.037258041091263294;7.405927991867065;0.012025001225993037;0.1482421875
767;-0.9814154670358097;1.0;0.5046154003464703;0.5095652203631033;296.2141329833553;-0.010661034658551217;0.06296540647745133;7.398716425895691;0.01203257399611175;0.175
768;-1.7865264469232993;0.0;0.0;0.0;209.56550140142826;-0.006125158723443746;0.09887610860168934;7.394350242614746;0.00990962905343622;0.140234375
769;5.21434977727537;1.0;0.4149272371539826;0.33751176571888486;304.8925118510645;-0.01002868772484362;0.07659165449440479;7.3822547674179075;0.008462355157826095;0.1193359375
770;4.708863056381897;1.0;0.4113893470690823;0.3138105537463353;299.0231743492095;-0.009791168943047523;0.032787833083420995;7.375298976898193;0.011149040225427597;0.143359375
771;-4.722146573273934;0.0;0.0;0.0;252.15332296617578;-0.008541183033958077;0.031786680407822135;7.373984050750733;0.009959360293578357;0.1384765625
772;-1.3151118712281078;0.0;0.0;0.0;202.64154879788907;-0.018435441679321228;0.035191028565168384;7.374940347671509;0.01103504755301401;0.1529296875
773;4.0673503906473645;1.0;0.40156980453627783;0.2517896324979227;242.8054301169517;-0.01376349851489067;0.016923372400924563;7.377253580093384;0.01096713711740449;0.167578125
774;1.914534960465935;1.0;0.490871786902138;0.40815099374862274;175.62832026980138;-0.008958173589780927;0.0903572391718626;7.3835235118865965;0.006989452952984721;0.0865234375
775;5.3195743749091555;1.0;0.522876332831683;0.6052141253732267;157.10028665999351;-0.01418895642273128;0.007004704908467829;7.391368556022644;0.009140229877084493;0.1283203125
776;3.432203199294389;1.0;0.4181574308008499;0.37516354723813283;230.95426318098052;-0.01084094406105578;0.017108687525615097;7.402676057815552;0.009189464861992746;0.1306640625
777;0.3688994253761768;1.0;0.1960473676138687;0.20218417100853556;483.57472547398066;-0.01368584083393216;0.011376318661496044;7.406162309646606;0.009427570004481823;0.1318359375
778;5.343648008122185;1.0;0.42786189193667806;0.3847379669402192;211.8222227969558;-0.016542338975705208;0.0321873617824167;7.413012599945068;0.00666659246198833;0.0919921875
779;-2.707740941368772;0.0;0.0;0.0;249.94029701839725;-0.00602056672796607;0.047760815266519784;7.4163062334060665;0.008451334876008331;0.117578125
780;-3.277364011909997;0.0;0.0;0.0;241.58002320113695;-0.0062479157466441395;0.04828120358288288;7.416123557090759;0.012532466847915202;0.1796875
781;5.6973918996558615;1.0;0.4798074682780857;0.41336865659036026;150.97736605546646;-0.003268594341352582;0.010127466171979904;7.412531495094299;0.005250863870605827;0.06484375
782;-5.626244401597211;0.0;0.0;0.0;318.2851389515984;-0.0072827574098482725;0.018500288715586066;7.411974692344666;0.006205598684027791;0.0814453125
783;-8.704937739938284;0.0;0.0;0.0;230.53702931106238;-0.00614448981359601;0.07971412148326636;7.422240996360779;0.0057824015035294;0.0732421875
784;6.418581129139379;1.0;0.49224789051175594;0.44171841730031075;99.35011788615506;-0.0138339857570827;0.007483676448464394;7.4315728664398195;0.011165033141151071;0.153125
785;2.220927945670694;1.0;0.5007901667065621;0.4286694386282394;256.68240734595787;-0.01503940757829696;0.05042520016431808;7.433582019805908;0.005197800695896149;0.0626953125
786;-8.982182968862727;0.0;0.0;0.0;348.44052803638203;-0.009406336350366473;0.04983019195497036;7.4321787595748905;0.006494661280885339;0.08203125
787;5.244387847979642;1.0;0.4665971481011643;0.47923854897793833;175.22101701784007;-0.006728319358080626;0.0806718660518527;7.441942644119263;0.007486460614018142;0.0978515625
788;5.2517031327632475;1.0;0.4918628783640711;0.41483864898511896;221.0211873393154;-0.008974151546135544;0.035739758098497984;7.452420902252197;0.007254462770652026;0.1083984375
789;5.865429622201082;1.0;0.40917146663341575;0.3076885843566052;169.96246885087268;-0.017859923420473933;0.004289463185705245;7.454913473129272;0.010116274957545102;0.1474609375
790;6.056567408360573;1.0;0.5367134705270346;0.5435745757287993;160.8168220875763;-0.003004191815853119;0.007995221321471036;7.454800748825074;0.006884118576999753;0.09765625
791;5.776882081428275;1.0;0.5431082873736627;0.5247389421349873;183.95076873188026;-0.006664955103769898;0.037581128999590874;7.456257367134095;0.00868406139779836;0.11640625
792;5.0320578034939425;1.0;0.4751610694791407;0.3921528143427187;261.9021171862309;-0.005651999264955521;0.046220728382468226;7.453518581390381;0.012518226657994092;0.1671875
793;-11.232457315224217;0.0;0.0;0.0;687.7470129015561;0.0009059111587703228;0.07695193234831095;7.454201173782349;0.005171398399397731;0.0630859375
794;7.043322920778483;1.0;0.523917854885313;0.5057915307528363;99.12839189804839;-0.015660157427191734;0.05057685580104589;7.459958553314209;0.008988862950354814;0.13046875
795;6.173061584049298;1.0;0.3923274359639762;0.251479742498783;166.68605751746838;-0.010574745223857462;0.14096971787512302;7.468506264686584;0.009325912408530711;0.1349609375
796;6.3081313841391475;1.0;0.48510848194872896;0.49283940452628544;148.06412786056808;-0.007241839449852705;0.03626965051516891;7.478535151481628;0.010100294544827193;0.14921875
797;4.417687290630568;1.0;0.44148841354219653;0.3475563206564899;180.76765019233812;-0.01038694973103702;0.049227567529305814;7.483871555328369;0.01185481557622552;0.16171875
798;6.772132750802205;1.0;0.4677269129016668;0.45638390745839136;113.5085248551237;-0.002365351375192404;0.012947126012295484;7.4841872453689575;0.01064126631245017;0.151953125
799;3.6183956548017466;1.0;0.41956417052862716;0.285030246230153;138.11315922420698;-0.003135568532161415;0.0515876205638051;7.481377148628235;0.0077650478691793975;0.099609375
800;6.043918548264124;1.0;0.5173894159641407;0.5107673443969409;165.58715634072945;-0.008274591877125204;0.06444654641672969;7.482001614570618;0.010366008779965342;0.138671875
801;6.364909064447355;1.0;0.49779439519423935;0.4617193499378135;175.24319073225487;-0.012201112741604448;0.06429875865578652;7.4836472272872925;0.010771673952694983;0.1423828125
802;6.200825837413121;1.0;0.5837675384535643;0.6175476458130609;127.61006942731535;-0.009642885020002722;0.047046862496063116;7.489692902565002;0.010553089994937181;0.1533203125
803;6.797166685656182;1.0;0.48716744517495286;0.5270908472688659;166.0907743573414;-0.012561001395806671;0.04812620356678963;7.490705275535584;0.008432836330030113;0.1205078125
804;6.452837514345556;1.0;0.507885399449938;0.4848832137647718;148.89869531537366;-0.0131480036303401;0.05187935372814536;7.489563155174255;0.008529704215470701;0.1275390625
805;6.477620756684832;1.0;0.48833514274120093;0.45853359531288623;178.92495597891659;-0.01925704483874142;0.04932430339977145;7.487365865707398;0.013371259334962814;0.183203125
806;0.4414919217208375;1.0;0.6025907079476527;0.720295638898833;219.21199490085547;-0.011850641015917063;0.04311809604987502;7.4857769250869755;0.008799318480305374;0.118359375
807;6.678846755085089;1.0;0.5236184275667869;0.5587844399439632;103.94948779775764;-0.008860398037359118;0.037094893585890534;7.485839176177978;0.007848996855318546;0.1029296875
808;6.165069042297105;1.0;0.5112188490478317;0.4906732559572514;201.5128946289736;-0.01273152893409133;0.04795556683093309;7.489868593215943;0.010863773128949105;0.1515625
809;5.893741692738601;1.0;0.4437193256908832;0.39072976370759527;157.37391528561594;-0.013745581498369575;0.029208955634385348;7.492572379112244;0.009156141243875027;0.1279296875
810;6.6567097429727475;1.0;0.48849544449244225;0.49348618151640417;144.48316449641115;-0.009359499858692288;0.0753755085170269;7.4952681303024296;0.009469967894256115;0.1373046875
811;6.036869970394644;1.0;0.45681137429457275;0.3979928128942802;109.12298975501416;-0.017246661335229875;0.0477676859125495;7.493203616142273;0.008910261525306851;0.1197265625
812;6.4281859916408095;1.0;0.5538270659452839;0.5877147273493444;91.62844126314417;-0.015658870013430713;0.025292027462273835;7.488725471496582;0.01025973556097597;0.1416015625
813;-7.705043486870211;0.0;0.0;0.0;443.9496289410006;-0.009085033601149917;0.023736107535660265;7.484071826934814;0.007912811520509423;0.112109375
814;5.831091663954659;1.0;0.4590680270719831;0.3842180662663695;151.90910171424088;-0.00634110295213759;0.04385907640680671;7.484133505821228;0.007352810713928193;0.0951171875
815;-3.4911326490434744;1.0;0.20534111349281955;0.2348782239714109;842.0567245322754;-0.010238077398389578;0.10062321648001671;7.482795548439026;0.01118821739219129;0.159765625
816;6.489990132653931;1.0;0.5815920288923396;0.6403999391707201;136.06986571305745;-0.007394098676741123;0.04206576533615589;7.484883046150207;0.008069928409531713;0.1185546875
817;6.866749253655719;1.0;0.5620553337361026;0.635965404352135;137.23303335683283;-0.0036793560720980167;0.03634021682664752;7.487198328971862;0.006885091285221278;0.0994140625
818;3.400783811363764;1.0;0.5783434993848935;0.5932322525052243;158.78798565837283;-0.006094191176816821;0.06320015620440245;7.486528420448304;0.010014033550396562;0.151953125
819;6.501717576783703;1.0;0.4585282451145132;0.5400595736506992;174.3796556081342;-0.013805281347595155;0.03176070875488222;7.483585596084595;0.010510749055538327;0.131640625
820;6.349064780011709;1.0;0.4117334356132161;0.35165960640704896;124.71672482546475;-0.006062456220388412;0.0674389809370041;7.477713418006897;0.006900155753828585;0.0869140625
821;7.192180301880214;1.0;0.4166604698097268;0.3509142735629747;117.99113941297921;-0.00951327863149345;0.039810107089579105;7.47407329082489;0.009797071490902453;0.141015625
822;6.6958707859810325;1.0;0.600795522939945;0.7013508800787607;93.25049454146865;-0.0046191902598366145;0.02184794219210744;7.471954989433288;0.007135962671600282;0.095703125
823;-0.33729014573812544;1.0;0.14803545314021496;0.15868819140501317;655.3927022591225;-0.010096795577555894;0.04807085040956736;7.471366620063781;0.009481011016760021;0.1291015625
824;5.84846294216864;1.0;0.6061372617517562;0.638995497227945;99.09896449445836;-0.014843857998494059;0.056042555347085;7.471692299842834;0.010781329381279648;0.1451171875
825;6.977607012979767;1.0;0.5748005285161338;0.6480101455512327;146.17562400965636;-0.009813708416186274;0.02663358151912689;7.471872568130493;0.009737542166840285;0.1296875
826;6.870933006778703;1.0;0.4386209403103094;0.3167115370084594;173.24092281555622;-0.009907068917527795;0.026282702526077627;7.472548341751098;0.011345944518689066;0.1583984375
827;6.622569244827217;1.0;0.38140462396728675;0.41589104729419984;178.09889699960806;-0.006800740770995617;0.03542009657248855;7.469705700874329;0.01009070590371266;0.1443359375
828;6.499182563239733;1.0;0.6148878460338608;0.7590189834635946;124.08741594881607;-0.014098497712984681;0.010500529711134732;7.470787739753723;0.0105824641068466;0.1509765625
829;-4.565209472170519;1.0;0.2300371881538456;0.1957863236364013;487.72701070786917;-0.004276359360665083;0.042717771232128145;7.47780454158783;0.006632936373353005;0.0876953125
830;4.699947719603747;1.0;0.555472370820203;0.5391706767150423;154.8940719822483;-0.011133438535034656;0.07306524161249399;7.482221603393555;0.008892323984764517;0.1181640625
831;6.618041721590954;1.0;0.5920366767019527;0.748073695260848;172.6072532456122;-0.012946648197248578;0.06257614959031343;7.480481457710266;0.00965162735665217;0.1322265625
832;0.11048573112710303;1.0;0.5393708776353392;0.5554684788112912;141.436330617495;-0.005360935581848025;0.02536654882133007;7.474556422233581;0.010992863145656884;0.15859375
833;4.811194831902352;1.0;0.13624539269700325;0.15683438096017663;610.7115754012749;-0.010326162353157997;0.004855509288609028;7.474803733825683;0.008885490708053112;0.1287109375
834;3.3356209092218507;1.0;0.5599740452792477;0.6255021160378167;146.197681732507;-0.007803872809745371;0.022749127028509973;7.475137996673584;0.010857716901227832;0.1369140625
835;-7.132065913313903;0.0;0.0;0.0;612.6771724464128;-0.008335576485842466;0.10881235115230084;7.473527359962463;0.007808642147574573;0.1052734375
836;-1.730908427806448;1.0;0.2541298597389197;0.1853370432412236;434.93473269670017;-0.01572762355208397;0.020974278356879948;7.471177887916565;0.006783629709389061;0.0982421875
837;-9.876700590393034;0.0;0.0;0.0;511.7099778640269;-0.012490963074378669;0.008787518553435802;7.471802568435669;0.007757201232016087;0.112890625
838;6.834191951459235;1.0;0.41995826086567156;0.3723261577523333;156.71861958224588;-0.012024970026686788;0.007058966602198779;7.470178031921387;0.009106584743130952;0.1361328125
839;7.164589911080803;1.0;0.5356532105446338;0.5878317418958172;120.96982937036465;-0.007470879098400473;0.0486467526294291;7.469366264343262;0.007783358311280608;0.1078125
840;6.508315734335087;1.0;0.4806705617471783;0.5050629110263501;144.35250446642016;-0.0015838493825867772;0.07096415478736162;7.466035676002503;0.010009700385853647;0.134765625
841;7.54155692857808;1.0;0.45959602062110866;0.4651520029541098;156.28065778800294;-0.010140461917035281;0.024995376542210578;7.462600779533386;0.00804491777671501;0.1
842;7.026926836661109;1.0;0.5560090759856398;0.6650779045281624;150.00599521490275;-0.0086112841963768;0.010948208719491958;7.456434440612793;0.006981676537543535;0.092578125
843;6.408193707039129;1.0;0.6120602572877901;0.8374516760171292;120.02348077121363;-0.010592277254909277;0.05404923763126135;7.450436425209046;0.008174094744026661;0.112109375
844;5.5001459323198905;1.0;0.6084972433804647;0.7589489934315801;162.54878990742208;-0.01729906816035509;0.06868081390857697;7.443286347389221;0.009743268089368939;0.11875
845;6.765440064574401;1.0;0.48302489277898486;0.44935128532612156;163.70624521679375;-0.011452480591833592;0.01908840243704617;7.4377248048782345;0.007757476659025997;0.0943359375
846;-8.596359278799047;0.0;0.0;0.0;616.2111727689935;-0.010962641378864647;0.007670106622390449;7.434331393241882;0.008492138993460685;0.1185546875
847;7.3734238443920646;1.0;0.45203968144961715;0.47297393073953314;126.52934986787331;-0.006216905964538455;0.004234974517021328;7.437398028373718;0.007110129494685679;0.0943359375
848;5.680757225475102;1.0;0.22119929569637442;0.25148813189725017;396.50253110293374;-0.007568851369433105;0.011744316853582858;7.445647382736206;0.006545392097905278;0.0923828125
849;6.990896905558975;1.0;0.43140866941639167;0.4705815225178923;227.57996460759293;-0.007466166326776147;0.06779688838869333;7.454796695709229;0.0074302509892731905;0.096484375
850;-6.519910284742578;1.0;0.28256645170494926;0.21346304247597148;297.8780099522469;-0.015167438006028534;0.050017105508595706;7.458925080299378;0.010191235062666237;0.1388671875
851;4.802221815080174;1.0;0.18960864345655984;0.23362049367927756;823.2205385589763;-0.009993366757407784;0.030631854478269816;7.460233402252197;0.0074915998382493855;0.102734375
852;7.2188375366485875;1.0;0.35716277873319285;0.2993061549635519;162.798492376241;-0.012090628175064922;0.012562380312010646;7.461342906951904;0.010002211865503341;0.131640625
853;7.02457071284616;1.0;0.5993884248971955;0.7231091821052462;160.80211173297508;-0.006636009435169399;0.012674447242170572;7.4614088296890255;0.008583703520707786;0.123046875
854;6.45997121271571;1.0;0.46706586910157744;0.4808947718523381;274.16237791613486;-0.008781722281128168;0.0423507297411561;7.466712856292725;0.0102324198349379;0.15
855;4.911630877892506;1.0;0.5208519782635387;0.5612372932473855;168.61610160846558;-0.009401796106249093;0.03316136114299297;7.471087718009949;0.007132530258968472;0.0921875
856;-5.245264806428664;0.0;0.0;0.0;799.7528115278509;-0.004846323002129793;0.008059833198785782;7.47224383354187;0.006740598543547094;0.087890625
857;6.72123596369369;1.0;0.4554892910556024;0.5093180209256571;265.79612250165803;-0.010649293661117554;0.06176009420305491;7.471401977539062;0.00849133189767599;0.1162109375
858;6.602997569992396;1.0;0.45474131139814533;0.4924655151507702;254.34919894127037;-0.002395377028733492;0.01565709114074707;7.476488542556763;0.008640357351396233;0.1154296875
859;7.509935142325508;1.0;0.529201359085986;0.6109990313510916;158.1747096359613;-0.006052313803229481;0.03302235035225749;7.482325696945191;0.008928049972746521;0.1279296875
860;6.985201718978308;1.0;0.5568177267493306;0.6342553614807542;154.63416361113184;-0.005583497392944991;0.02805482568219304;7.485356402397156;0.008697971573565156;0.1244140625
861;6.226281964526454;1.0;0.46896558606528177;0.4637670054410644;164.43178993809494;-0.001813249010592699;0.01505864025093615;7.478838539123535;0.0068347694468684494;0.10078125
862;6.661375481135796;1.0;0.6056002186954433;0.7199284415029653;139.0583473036939;-0.013367838691920042;0.01537659508176148;7.480603456497192;0.008613828173838555;0.1330078125
863;4.878627071076491;1.0;0.42193532817343293;0.36582097163886745;140.5953248541584;-0.005373532115481794;0.013314020726829768;7.481839942932129;0.00835515889339149;0.115625
864;-7.2091730449750475;0.0;0.0;0.0;651.2696461574594;-0.0052721559535712;0.012827801005914807;7.487834191322326;0.007465277519077063;0.0955078125
865;7.161122913530651;1.0;0.6164422175099646;0.7504748686234666;110.19728486848692;-0.003927374770864844;0.04145997068844735;7.495610928535461;0.004738523950800299;0.057421875
866;7.3102233146750155;1.0;0.4709537367890648;0.4506530252925388;197.13225535692817;-0.006001376453787089;0.0448512027040124;7.494669628143311;0.00782648742897436;0.1068359375
867;6.482848424863049;1.0;0.4819599772676345;0.48457996460047087;140.26003418399642;-0.015456661209464073;0.008596366853453219;7.492707538604736;0.009123155346605927;0.13125
868;5.694026868887682;1.0;0.38726351170652573;0.331828268316495;182.13947010174513;-0.013864472974091768;0.007278031017631292;7.489399838447571;0.008580719260498882;0.1259765625
869;7.125049872532133;1.0;0.3787545486183001;0.3181437798365843;159.03695125630205;-0.002756043942645192;0.010794390155933798;7.48391363620758;0.008039308583829553;0.1083984375
870;-5.865495108104619;0.0;0.0;0.0;571.5021087395927;-0.004454744607210159;0.04190307520329952;7.481464529037476;0.006817747280001641;0.0923828125
871;7.291727035918409;1.0;0.5485148291331651;0.5629541883071089;73.4973760326741;-0.01814285512082279;0.07263822313398123;7.474293422698975;0.007298409391660243;0.0953125
872;-8.232985698556957;0.0;0.0;0.0;714.9799796009642;-0.008913653390482067;0.017688560858368875;7.467312145233154;0.00610583460656926;0.083984375
873;5.201221540046441;1.0;0.5281491675591178;0.6110420420675216;191.5398854019065;-0.013892550300806761;0.06721806665882468;7.46959662437439;0.009626823628786951;0.1220703125
874;2.118512542327183;1.0;0.15779142418739947;0.15584600220337685;468.36581560383183;-0.0066405319375917315;0.10217267218977213;7.477509546279907;0.008422976941801608;0.1046875
875;-1.0323276009935927;1.0;0.46590429635637454;0.47412709053862073;312.44947443563984;-0.011157255480065941;0.058060046192258595;7.480338430404663;0.009282285172957927;0.124609375
876;3.4147363738116985;1.0;0.3409326878930442;0.3638406806286624;290.9383493718404;-0.019500105129554867;0.10494989063590765;7.481920075416565;0.006382982456125319;0.0900390625
877;-3.040341569086256;0.0;0.0;0.0;344.41664583027347;-0.011697596427984536;0.03843353427946568;7.480555367469788;0.010637350426986814;0.1357421875
878;-3.949475307163077;0.0;0.0;0.0;425.9483992284384;-0.0154585954034701;0.011126702325418592;7.4817746639251705;0.0070595347322523596;0.0923828125
879;-2.4374291883124597;1.0;0.17302390596162412;0.1617729121931683;479.5754311447373;-0.0036831855308264495;0.03248216933570802;7.491809463500976;0.011324511945713312;0.153515625
880;-9.737903778237857;0.0;0.0;0.0;706.3872458316087;-0.0024660934344865383;0.040857224422506985;7.497415947914123;0.010490484570618719;0.1466796875
881;-12.67174343694943;0.0;0.0;0.0;579.3082753885423;-0.00293399749789387;0.10197216011583805;7.493595004081726;0.009086938423570246;0.1220703125
882;6.935637621599366;1.0;0.49568265654688287;0.6448822658823303;178.2014359557838;-0.005519192200154066;0.041206702776253226;7.4933758020401005;0.007148315606173128;0.102734375
883;-1.9106925146977534;1.0;0.34800189154559263;0.3236491700548461;426.1036607167132;-0.01317188940010965;0.10863965731114149;7.494011187553406;0.00694188738707453;0.0990234375
884;3.67656717494208;1.0;0.2989977801151565;0.37903368880733507;395.7045064237857;-0.0085865693166852;0.044050688948482276;7.494054532051086;0.00900592632824555;0.1326171875
885;-5.95133345480802;0.0;0.0;0.0;536.8864717369904;-0.005783316562883556;0.012372316233813763;7.492010164260864;0.0106359853874892;0.1546875
886;-1.5883761984280629;0.0;0.0;0.0;430.72535567788094;-0.012884803721681238;0.1373611267656088;7.490585112571717;0.010118823335506021;0.1400390625
887;-4.481671002066494;0.0;0.0;0.0;667.5201055469943;-0.018991285376250742;0.08515689074993134;7.489911437034607;0.012294451531488448;0.173828125
888;2.7702752886796267;1.0;0.1875891675188274;0.19036243175171183;751.1422911187627;-0.011085438029840588;0.0952817939221859;7.490459036827088;0.009432359831407666;0.1263671875
889;6.2091459716919815;1.0;0.30741214776107373;0.3607215654876127;306.3696401996519;-0.011248972034081817;0.04429052630439401;7.4996681928634645;0.011346870847046376;0.169140625
890;-3.9683824017583773;0.0;0.0;0.0;578.2205741279905;-0.015825122967362402;0.052730999607592824;7.506419682502747;0.006860165402758867;0.0955078125
891;2.9374133646542346;1.0;0.3301394295694662;0.2830444259422877;432.63283827515914;-0.008756656385958194;0.03807014701887965;7.5065079689025875;0.00925073834368959;0.1388671875
892;-0.9059842808718994;0.0;0.0;0.0;372.4584754406939;-0.012299694120883942;0.0759016027674079;7.50562686920166;0.0095561592024751;0.1263671875
893;-2.5511370403371973;1.0;0.2895376529782321;0.2121068713540159;452.13925811694855;-0.009339989558793605;0.07962963916361332;7.507852244377136;0.010960542992688716;0.15546875
894;-1.5753519529218196;0.0;0.0;0.0;352.75931437939465;-0.008729620091617107;0.04435255527496338;7.5100647687911986;0.009422710142098367;0.14140625
895;5.1652305561125935;1.0;0.26516913283708626;0.2844128154926849;472.23661838711917;-0.006399008701555431;0.055948691163212064;7.510563683509827;0.007606846035923809;0.100390625
896;3.5720266118364448;1.0;0.205545038755181;0.2035595841964701;632.2476600182903;-0.005252573918551206;0.04100069948472083;7.51314640045166;0.010973499878309667;0.1490234375
897;-1.9035247421358317;0.0;0.0;0.0;508.44797043894164;-0.008507992466911673;0.028327954560518266;7.519844818115234;0.008978105324786156;0.1205078125
898;5.446686247148022;1.0;0.36205567754325674;0.3179967010290221;164.7109576220074;-0.010632821265608073;0.11217562146484852;7.522837114334107;0.00691314124269411;0.0912109375
899;1.756376842558176;1.0;0.21106382756901873;0.17169749564199727;398.8374082672702;-0.006813575886189938;0.006556198908947408;7.519856023788452;0.010328932118136435;0.1431640625
900;-9.992380372188025;1.0;0.1525720153197505;0.13515475731213047;690.0845231001625;-0.01958488766103983;0.1174871414899826;7.522028493881225;0.007526738126762212;0.091015625
901;-4.001734286458345;0.0;0.0;0.0;521.1917392571225;-0.009344646893441676;0.010083144111558796;7.525167751312256;0.006558063020929694;0.089453125
902;2.9271327074651436;1.0;0.2581715317371552;0.23571944304369072;553.2879804057384;-0.002846169052645564;0.07021057019010186;7.528133606910705;0.006650091824121773;0.090234375
903;6.403044445083124;1.0;0.6350194386496741;0.8246041277327245;128.84554567378382;-0.012887888844124973;0.009881746117025613;7.5386535882949826;0.0058141233981587;0.0716796875
904;6.798334723631509;1.0;0.513403310233327;0.605423401558215;153.36080696655523;-0.01167908082716167;0.04167757951654494;7.5458637237548825;0.012154884345363826;0.1765625
905;7.558819492799887;1.0;0.45362073896562827;0.38610946777810207;132.21644096663496;-0.007415434485301376;0.021848378982394934;7.545715022087097;0.008021417737472803;0.112109375
906;-4.510332525220463;1.0;0.17874976820446997;0.14987744223188273;663.8894835237834;-0.004884673235937953;0.011623286874964833;7.54477162361145;0.006329973426181823;0.083203125
907;7.242939066236438;1.0;0.4661451912084364;0.39775266301609236;128.6982526644837;-0.015488347923383116;0.008016354008577763;7.547135686874389;0.008779998705722391;0.13125
908;0.013547215308955215;0.0;0.0;0.0;262.87549203348595;-0.012981946347281337;0.011455714609473944;7.548525857925415;0.007790261204354465;0.1029296875
909;7.213714849849368;1.0;0.5126233220048454;0.4977000654619441;157.77277297143084;-0.0015045197680592537;0.010120660252869128;7.548869371414185;0.005177131609525531;0.0625
910;6.786804797385759;1.0;0.4370896487141517;0.38222539912776693;190.20575500354602;-0.003942728647962213;0.06419705511070788;7.549999713897705;0.009972352546174078;0.1466796875
911;7.2991369321914235;1.0;0.5150288644537223;0.5463715781046985;187.16487427861495;-0.004007263574749231;0.05800866116769612;7.557569456100464;0.012213352124672384;0.1609375
912;6.67801107871208;1.0;0.6121127738863363;0.7598871789197172;140.10080580047233;-0.00986315319314599;0.05120512037537992;7.562182307243347;0.008455079363193363;0.108203125
913;7.1164767397677995;1.0;0.2944668944534346;0.3497560963552915;279.64532550518186;-0.016852055385243148;0.02594642110634595;7.566766905784607;0.009040380234364421;0.1224609375
914;6.905510189436054;1.0;0.4428626202112714;0.5648643698153161;250.1978971297702;-0.01220882460474968;0.037906814552843573;7.572433304786682;0.009749656217172742;0.13515625
915;5.499952670893153;1.0;0.5142169996922774;0.656330932629908;209.62517004917362;-0.009242479596287012;0.005855501350015402;7.578924393653869;0.012096681038383395;0.1591796875
916;1.9807029594129855;1.0;0.32284968094869815;0.22937672888887112;446.5568567547112;-0.009879430010914802;0.03813435300253332;7.582154893875122;0.007444730587303638;0.0994140625
917;7.208721426346234;1.0;0.5175396539190271;0.5283116630539247;111.42917083885328;-0.004401623969897628;0.057428069366142157;7.585702252388001;0.006598425772972405;0.08984375
918;7.571323438321014;1.0;0.5318122905258506;0.5350701668546687;141.9401559301942;0.000761050684377551;0.005052612000145018;7.58909330368042;0.00786643335595727;0.105078125
919;-19.701265118879615;0.0;0.0;0.0;690.6397396979834;-0.011751189827919006;0.19436743706464768;7.591590929031372;0.009288940916303546;0.1212890625
920;3.5955175229270226;1.0;0.3893642728470706;0.2973986405853785;283.40606586543225;-0.010296397563070058;0.08215913046151399;7.5949173212051395;0.007957019261084497;0.10859375
921;3.381580368938859;1.0;0.17283025205461433;0.14518947155130724;444.3782952482534;-0.013751000724732875;0.08383968733251095;7.5897301197052;0.008190016727894545;0.107421875
922;6.092414632030678;1.0;0.49629360367526776;0.48864622662386553;171.9696347651889;-0.012385938689112664;0.17887019142508506;7.587488770484924;0.0070590229122899474;0.0931640625
923;7.20786326805853;1.0;0.3965097234747074;0.32972462397464775;148.24128544216435;-0.004101002519018948;0.0733196446672082;7.582047319412231;0.0058887555846013125;0.08203125
924;5.042055223131174;1.0;0.5602386891299058;0.7164869973777603;146.43368323250147;-0.014590420294553041;0.00824019182473421;7.571577548980713;0.009486304130405188;0.1287109375
925;2.257854509237979;1.0;0.2540315771057556;0.14258553862475246;248.19219410753269;-0.01025822008959949;0.09457105472683906;7.571780943870545;0.00721383725758642;0.0998046875
926;7.310119184184886;1.0;0.498368438773986;0.5465958066084882;209.08014567234318;-0.012650047428905964;0.0318918808363378;7.57529091835022;0.010434188437648118;0.1603515625
927;7.443494571620467;1.0;0.500858410516022;0.5606121794806589;173.10151272466695;0.00024199187755584716;0.07472167061641813;7.575598931312561;0.008311129035428166;0.11796875
928;5.883819421182562;1.0;0.39659872163265303;0.3175739053975438;226.34712175459933;-0.013317175908014178;0.0674718089401722;7.565046930313111;0.011963350069709121;0.173046875
929;4.476716557676571;1.0;0.35101141401737707;0.272441530482995;185.17296849984655;-0.012904951721429825;0.10599542874842882;7.557790923118591;0.008544233813881873;0.125390625
930;-0.6495606874731168;1.0;0.28037192488863466;0.20593871751043843;244.2558939338668;-0.012676729634404183;0.0848260536789894;7.553477573394775;0.006895059533417225;0.0880859375
931;7.626947966042061;1.0;0.4783332223233856;0.41156987785702587;135.11774641457106;-0.0025748196057975292;0.05357706118375063;7.547750616073609;0.00800442670006305;0.1107421875
932;-2.65374763564185;1.0;0.2965353560909174;0.34737044028909553;406.3755283497488;-0.01068143299780786;0.03876588884741068;7.548324346542358;0.006730152352247387;0.0935546875
933;5.840866820838947;1.0;0.5374191489309486;0.66501417502909;159.059335007419;-0.008792663738131524;0.007891674665734172;7.555548524856567;0.008805474452674388;0.121875
934;7.6229059548572735;1.0;0.46928907377184925;0.4949432102148423;120.15326406396959;-0.017435838328674437;0.11960463635623456;7.558716773986816;0.005346726847346872;0.0701171875
935;3.857326467769827;1.0;0.19423262659583296;0.19485956330919538;411.15889634750494;-0.01181034508626908;0.06560485735535622;7.558765864372253;0.009993233857676387;0.1404296875
936;6.220699824291769;1.0;0.4120968597543094;0.5584915799801133;260.2418050589863;-0.004538879310712218;0.03547898349352181;7.559764170646668;0.007906996132805943;0.1109375
937;3.9365544355978757;1.0;0.14778992834051782;0.13571927031222247;573.7415141352633;-0.005084882397204638;0.07559605222195387;7.560100984573364;0.00907743243733421;0.12890625
938;-2.3700569712463895;0.0;0.0;0.0;206.23933281819552;0.0010734141338616609;0.10087666790932417;7.565499901771545;0.010513406270183623;0.1373046875
939;2.484858217161575;1.0;0.17226857108069385;0.14843121355933012;513.2257366742251;-0.00756330881267786;0.05924282530322671;7.570573544502258;0.005994559836108237;0.07890625
940;5.250173727280242;1.0;0.27845512760218205;0.21942552557576533;253.40351484792185;-0.010517396964132786;0.050872957007959484;7.575669169425964;0.00900804135017097;0.1251953125
941;3.3187746965699043;1.0;0.20122296566805795;0.13223259574862972;304.46684019967626;-0.010580127965658903;0.08815053440630435;7.578695225715637;0.0069583713775500655;0.0984375
942;7.245915834763458;1.0;0.4387421969629127;0.5006902266651351;152.49048497865178;-0.006120894895866513;0.08661379814147949;7.578367400169372;0.007978448353242129;0.110546875
943;6.772036733241466;1.0;0.6067542003208587;0.7409215061328706;78.78740800767578;-0.012571897218003869;0.08977841176092624;7.572719120979309;0.005990512052085251;0.0822265625
944;7.46974614351395;1.0;0.546026859059716;0.637930852128631;244.93652506552283;-0.01841511994134635;0.0343965869396925;7.563571357727051;0.006225089426152408;0.0830078125
945;-2.5790263066572185;0.0;0.0;0.0;281.0592365587902;-0.01617119205184281;0.0936863325536251;7.55697660446167;0.007445549685508012;0.1015625
946;-17.971055295870784;0.0;0.0;0.0;395.55950356369027;-0.004960558912716806;0.007956758071668447;7.5573947668075565;0.007236988306976855;0.1005859375
947;-5.499452113872221;0.0;0.0;0.0;353.0625708844733;-0.017543620336800812;0.027399539854377507;7.558071923255921;0.009972436667885632;0.1333984375
948;5.273238081012305;1.0;0.40761367693196326;0.3130490624009016;241.7786470920078;-0.009078762074932457;0.04620020817965269;7.560902070999146;0.007023405178915709;0.094140625
949;-4.147628236626451;0.0;0.0;0.0;314.4880453431636;-0.0024131488986313342;0.05312843164429069;7.560781240463257;0.008573652326595039;0.1158203125
950;4.515904609023933;1.0;0.3686968220907513;0.2409458708846969;220.86411998389735;-0.007149849599227309;0.08618723303079605;7.553835606575012;0.006575182266533375;0.0794921875
951;5.4030596564168345;1.0;0.48831290940744193;0.5053787748257509;178.19867847695483;-0.0023819581605494023;0.006270806561224163;7.551093912124633;0.005969804362393916;0.07890625
952;4.310857562997701;1.0;0.3558224395085196;0.2868981254335185;242.89630476661398;-0.014626895170658826;0.015893585002049803;7.5527039766311646;0.010650525416713208;0.1490234375
953;-7.331497334781528;0.0;0.0;0.0;393.6398157256151;-0.005153760686516762;0.04184581688605249;7.548565030097961;0.007084472593851388;0.09375
954;-5.156408975961193;0.0;0.0;0.0;483.2360958174847;-0.010259836143814028;0.049532293574884534;7.54891448020935;0.008223387482576072;0.120703125
955;6.7201800834580325;1.0;0.6108057615354751;0.8064373132847751;145.1729194309366;-0.011371861957013608;0.02188674742355943;7.54867844581604;0.009227631473913788;0.1328125
956;-10.063816308818517;0.0;0.0;0.0;383.6471447729687;-0.020957454666495325;0.02411040081642568;7.549639630317688;0.009112207638099789;0.126171875
957;-1.038811999355528;1.0;0.235521425115184;0.17534061216403765;345.25929801974064;-0.003638529684394598;0.06903116405010223;7.550079035758972;0.0073964828858152035;0.101953125
958;2.6279084920082623;1.0;0.3445213984159295;0.2579974906860284;270.4242137781762;-0.008211702853441239;0.046633857674896716;7.5527211904525755;0.009669012855738401;0.1412109375
959;-10.295996667326786;0.0;0.0;0.0;764.5702464516024;-0.01409834623336792;0.03369797738268972;7.555061507225036;0.009004400589037686;0.1240234375
960;5.6999136539722635;1.0;0.3191776481781632;0.2916259859860069;249.18293940516602;-0.00733215045183897;0.03381835143081844;7.5526927471160885;0.007449794141575694;0.1001953125
961;4.677458076561337;1.0;0.19173618931475137;0.19757948788161178;459.04006728792956;-0.015163063339423388;0.015824671741575;7.545859265327453;0.009861525136511774;0.1431640625
962;5.211124411072673;1.0;0.2845629525282546;0.24332279452437422;278.19498754365054;-0.015847106464207172;0.06022677297393481;7.5451432228088375;0.011332474338511625;0.14765625
963;3.4933948605389564;1.0;0.18035541607991232;0.16269839015566795;743.1450455763269;-0.01138656991533935;0.08891869094222785;7.550082731246948;0.007845548901241273;0.1083984375
964;6.894444212178954;1.0;0.3350905312666272;0.3351223230041815;241.17815600001657;-0.01150724645704031;0.009016661369241775;7.55937442779541;0.00966077814809978;0.135546875
965;6.728051203062607;1.0;0.4949951759361283;0.514439860378549;212.70052811441113;-0.0155687659047544;0.051939621660858394;7.564303088188171;0.008870684960857033;0.1275390625
966;7.244698445206522;1.0;0.537235812930853;0.5834230590074699;153.0767913881978;-0.006096642697229981;0.020070611475966872;7.564738845825195;0.007951272057835013;0.110546875
967;5.219520815450822;1.0;0.2529692613156487;0.2840356268747807;518.1671211866375;-0.007536340784281492;0.07624257430434227;7.563735771179199;0.008344602736178786;0.112890625
968;4.469736108355607;1.0;0.329154580235802;0.21309462828500572;202.7800685936765;-0.011486556986346841;0.010262875049374998;7.559898376464844;0.0077508507994934915;0.1123046875
969;6.743625975584145;1.0;0.5430922423504121;0.7573001649915695;162.97092637713803;-0.012245124904438853;0.020389278582297266;7.558055710792542;0.009264253266155719;0.1353515625
970;7.392597808067347;1.0;0.5343838310736194;0.5931200019495068;131.02133661065847;-0.014963144809007645;0.008405779441818594;7.5584776401519775;0.009747851954307407;0.1419921875
971;7.477912272513608;1.0;0.5441515865579174;0.5736465826327857;196.01265834865313;-0.014146184222772718;0.08841811735183;7.559893703460693;0.007775702432263642;0.100390625
972;5.921542119016822;1.0;0.4382494222120283;0.40745138982563966;135.2196831604961;-0.003412238182500005;0.052799200639128685;7.559723567962647;0.0075998206273652615;0.1072265625
973;6.972577883895195;1.0;0.6165998000564851;0.8189728720500843;127.01795559668187;-0.012121402285993099;0.02568169464357197;7.561971950531006;0.00858587264083326;0.125390625
974;6.120605848970984;1.0;0.5268792068408108;0.54478169931633;145.93998880571436;-0.011762752779759467;0.0790896911174059;7.562110805511475;0.010997068195138127;0.1498046875
975;6.752283477097274;1.0;0.4377718684137877;0.5931462962000137;240.57691913296296;-0.012141608260571956;0.06377675719559192;7.558849096298218;0.00881038443185389;0.1150390625
976;7.491623337804981;1.0;0.5055209062383156;0.5698859148979148;150.41745114092564;-0.01132772653363645;0.04165451596491039;7.566077756881714;0.008599784516263753;0.1130859375
977;3.6537748861610617;1.0;0.36096650320207174;0.3118119223675761;198.24248411786604;-0.009934438858181238;0.004651919414754957;7.571111512184143;0.009244707832112908;0.13828125
978;7.146156469128817;1.0;0.5326266685371573;0.6208600125590006;115.823421475316;-0.006537215039134026;0.005779687175527215;7.567041182518006;0.007346933404915035;0.1001953125
979;4.769921919977722;1.0;0.12191148566794295;0.1292335040487;655.2846393249375;-0.011266984604299068;0.011160822398960591;7.561700606346131;0.009663706878200173;0.1365234375
980;6.196566400477199;1.0;0.3094619886437221;0.3254772338033365;304.82440636520886;-0.0061275478918105366;0.04770670309662819;7.560061812400818;0.007700655341614038;0.103515625
981;6.495216606658396;1.0;0.3756957572586155;0.30418431051504696;182.62745202980994;-0.01666539222933352;0.1005291111767292;7.556249594688415;0.007812642329372465;0.1025390625
982;1.5710817740209069;1.0;0.5136494907919562;0.5949108774659637;236.08822556432506;-0.012107833242043852;0.014562423597089947;7.5528504848480225;0.00827228429261595;0.1212890625
983;5.728860955797795;1.0;0.3495348402116869;0.3488458301717704;292.402295680411;-0.0055604054767172785;0.057833761908113956;7.560159301757812;0.005824012891389429;0.0748046875
984;7.084002705271955;1.0;0.5366812202093263;0.5392831373499545;122.31555318711938;-0.006325023528188467;0.05707977069541812;7.563803100585938;0.006411851127631962;0.08828125
985;6.704072807595552;1.0;0.6257514632271962;0.8195020503806233;67.0288562177889;-0.004242006351705641;0.02546533034183085;7.567808818817139;0.00854932990623638;0.1150390625
986;-0.12321933232868476;1.0;0.28614900289753115;0.14620567111102833;193.29785387230106;-0.007594462903216481;0.009808063809759914;7.573152685165406;0.00737921386025846;0.103515625
987;7.013643960332569;1.0;0.5055194449214355;0.6831283237107579;214.7554097461493;-0.007592567289248109;0.07685906011611224;7.577858734130859;0.010363910580053926;0.1474609375
988;7.2734386711953505;1.0;0.4438660192848745;0.3807004690865385;182.6155457117057;-0.013038759771734475;0.006792628508992493;7.578564167022705;0.006793735956307501;0.0828125
989;7.196291730990957;1.0;0.49177223258349334;0.5844854665566966;211.6821711712256;-0.013381209690123796;0.051768327783793214;7.572844910621643;0.010095781716518103;0.1396484375
990;6.59545703310859;1.0;0.48528468644849865;0.5034137005664553;159.42702842329814;-0.009752148110419512;0.06941570807248354;7.573273468017578;0.0073042493197135626;0.100390625
991;4.3098365346480705;1.0;0.5932429691981725;0.7737337704075694;146.64612114753413;-0.013751143775880336;0.06570525616407394;7.573302245140075;0.008981672045774759;0.1169921875
992;6.367003861312561;1.0;0.449816894514816;0.45812389981863694;252.27432308822839;-0.01347182726021856;0.06995643740519882;7.572025179862976;0.010389582556672394;0.1345703125
993;6.403188926921468;1.0;0.5824089566974298;0.7139761244071542;174.9410885873344;-0.01051023630425334;0.05231860503554344;7.57085645198822;0.008615060057491065;0.11796875
994;6.242576596728595;1.0;0.40349250136421333;0.3452483707621612;139.2917928329831;-0.01150744711048901;0.04124301197007298;7.57134964466095;0.008182266971562057;0.105859375
995;6.247819383482602;1.0;0.3898483965097786;0.2920187288988783;156.13978032023542;-0.013050796079915017;0.006361904880031943;7.566588807106018;0.008283480326645077;0.1212890625
996;3.91379130084827;1.0;0.17939619659881506;0.19197604684327263;697.4804682380002;-0.0024403291288763286;0.06494445521384477;7.561971259117127;0.006836260040290654;0.090625
997;6.44202564917772;1.0;0.37952280155079554;0.3007122684590554;156.22736034345812;-0.018695444613695145;0.06269698906689883;7.5605783700943;0.009102556761354208;0.13515625
998;6.1945257713894595;1.0;0.459925045475317;0.4197536458718179;139.79897681873837;-0.005034198798239231;0.046011835290119055;7.564984726905823;0.00935589267173782;0.13359375
999;6.056520387897718;1.0;0.3290733393937398;0.24910521344116682;194.1638436844252;-0.012728064437396824;0.023304181499406697;7.574978590011597;0.006856133684050292;0.0951171875
1000;6.810470589872691;1.0;0.6664861624345968;0.8202371191865805;37.41734461969514;-0.007980384305119515;0.02038243873976171;7.572374629974365;0.011216083727777004;0.164453125
1001;6.295327841817484;1.0;0.32437837956533216;0.23989746762747075;213.59312174874782;-0.022745868470519782;0.020481539098545908;7.568441319465637;0.011125501175411046;0.159375
1002;5.9770354672816595;1.0;0.4962199387056607;0.4732661300466906;99.7967309010641;-0.009411603771150112;0.02726498111151159;7.569387650489807;0.0088618517620489;0.1326171875
1003;7.08135247747782;1.0;0.547451772942975;0.6194260114132097;156.10510271205885;-0.019950129091739655;0.08371778018772602;7.568941974639893;0.009473889612127095;0.1421875
1004;7.089586012606849;1.0;0.5219494761149862;0.5058189410218873;196.55464587277356;-0.014798544207587838;0.02134564411826432;7.5708394050598145;0.005859426979441196;0.080078125
1005;5.374892461041616;1.0;0.34815086218329666;0.2323283794033534;201.08098469513166;-0.019486671825870872;0.029903655545786022;7.566666889190674;0.010055016679689287;0.1376953125
1006;6.720475457989847;1.0;0.3757179384658654;0.28650339097205085;170.0810778091437;-0.009144790936261415;0.028030422609299423;7.563117837905883;0.009722559654619545;0.1396484375
1007;6.5698192998255305;1.0;0.37963357951224075;0.2835415873324044;162.55195384167635;-0.019480400253087282;0.041094599105417726;7.555275273323059;0.011110901553183793;0.15078125
1008;7.244785242260827;1.0;0.5672597921523893;0.582319529276861;97.88313439323667;-0.009017964918166399;0.05664586015045643;7.548441958427429;0.008897144650109112;0.1216796875
1009;7.255559201731479;1.0;0.4944772877079626;0.4693496048636725;145.95443464211763;-0.011309949960559607;0.0859283552505076;7.550183701515198;0.007727198046632111;0.114453125
1010;4.224258061832357;1.0;0.3403765213085737;0.24803023600623125;224.97197165261775;-0.011735948268324137;0.005240292218513787;7.550940895080567;0.010261990979779511;0.1501953125
1011;6.991362179616424;1.0;0.5818291114191874;0.7236077328925247;127.26952055644644;-0.007406742684543133;0.004428741568699479;7.553864979743958;0.006439180998131633;0.081640625
1012;6.986705392272816;1.0;0.48630673087107845;0.45520339732237286;108.91872366166353;-0.006096917763352394;0.016236818651668726;7.559518432617187;0.009815878339577467;0.1419921875
1013;7.271257228515546;1.0;0.4753438965487942;0.5076834738375685;170.60115789393643;-0.011752393748611211;0.04219182226806879;7.563656973838806;0.00899984072893858;0.13203125
1014;6.587280755184575;1.0;0.5172085143952161;0.5919799264626391;107.74210370520446;-0.003671122761443257;0.05310288108885288;7.563286352157593;0.007430710759945214;0.102734375
1015;7.0201981237091555;1.0;0.6154243317388923;0.68638384174154;83.58308670483471;-0.007825834397226571;0.05902212858200073;7.560120558738708;0.006556999415624887;0.0865234375
1016;7.463168825400278;1.0;0.5118896741790805;0.5841791200306737;164.49342662812748;-0.013682981324382126;0.029227704741060734;7.562452030181885;0.007172826444730163;0.085546875
1017;5.921802683998198;1.0;0.522279560858874;0.46398152101199625;152.1192292797772;-0.010918044671416282;0.012326150806620717;7.562394332885742;0.009431098983623088;0.1283203125
1018;6.654174367423079;1.0;0.6402339755083691;0.8155800382668753;106.78295290585413;0.0009961810894310475;0.036072124168276785;7.560500359535217;0.007922706112731248;0.1064453125
1019;5.377976648850588;1.0;0.45365909938068494;0.29135212797403975;110.38925558830542;-0.0008324971655383706;0.028210427425801755;7.561872720718384;0.007767117477487773;0.109765625
1020;5.900415225120653;1.0;0.5717083318671132;0.6405534230021572;116.49591718116962;-0.00912528084591031;0.00851567736826837;7.571682596206665;0.005990554357413203;0.07734375
1021;7.474249938060712;1.0;0.4875578512394018;0.5451399043268566;124.44156205390716;-0.0037211588583886623;0.10222885757684708;7.574661159515381;0.008542649482842534;0.1220703125
1022;7.6171237776418135;1.0;0.44746313636878415;0.46206751079512326;122.64292222335817;-0.010316375689581037;0.016800112230703233;7.570380330085754;0.005959338089451194;0.08046875
1023;6.912311138731345;1.0;0.5522091335185012;0.7458036026276964;196.31426060257067;-0.010803690319880844;0.006979638105258345;7.566082906723023;0.006752060377039015;0.0962890625
1024;7.503707683342817;1.0;0.526623154687743;0.429518320416642;117.24793377759688;-0.008809117507189513;0.048407997377216815;7.566878533363342;0.008810305781662465;0.1306640625
1025;7.449246689996707;1.0;0.3950596654571495;0.4696529616306125;177.96589354724833;-0.0033119149040430782;0.024078709725290536;7.566196775436401;0.008054732775781304;0.121484375
1026;7.383381461438918;1.0;0.5108528531829447;0.4314613320052068;101.43485459941724;-0.012896747933700681;0.008160238107666373;7.558909821510315;0.006684141419827938;0.096875
1027;7.563949898307161;1.0;0.5087121637716594;0.4986852892122927;151.08468476124045;-0.005129163525998593;0.040719865914434196;7.553704953193664;0.011017056333366781;0.1453125
1028;6.629839189528117;1.0;0.3501152051591782;0.22755591152456597;173.9303538966318;-0.009330747555941344;0.07227403223514557;7.55152268409729;0.009258374595083297;0.137109375
1029;4.64694526154032;1.0;0.31146762465078437;0.315090774667469;327.97701451658327;-0.013403605669736862;0.027197714243084193;7.551132535934448;0.0060633798711933196;0.075
1030;6.970505878414111;1.0;0.4103168725857216;0.36476642877454785;149.1279061701961;-0.014260380854830145;0.007750308001413941;7.552731776237488;0.007839489018078894;0.10859375
1031;7.218394662096529;1.0;0.5347407370119605;0.5969735810557554;175.12073344863086;-0.014389635017141699;0.021177175967022777;7.555732417106628;0.010798587091267109;0.149609375
1032;-4.605424605329676;0.0;0.0;0.0;610.7197494969115;-0.01278657370712608;0.1046343982219696;7.558755421638489;0.013160792633425445;0.187109375
1033;7.103104738671708;1.0;0.555396727015123;0.602319965147259;179.4770394269101;-0.015238838957156987;0.0560962469317019;7.564623069763184;0.00858788815094158;0.12578125
1034;7.20649605611904;1.0;0.4163248661904837;0.4181708527552449;188.10772271370732;-0.00694573693908751;0.04596017855219543;7.567835545539856;0.0060198696097359065;0.0826171875
1035;6.575440795737904;1.0;0.6247242683830844;0.7664407806703316;87.1627276161537;-0.006847578193992376;0.03379170121625066;7.570329689979554;0.010815076052676887;0.1369140625
1036;6.224698351598965;1.0;0.492033704859644;0.5137782717248978;139.7748964601491;-0.0030309493537060916;0.029364752769470214;7.573793554306031;0.009124957118183374;0.12421875
1037;6.566150535931426;1.0;0.43893937660009696;0.348601378115231;156.21955174598662;-0.011812314996495843;0.029628529911860824;7.5783127546310425;0.008350113348569721;0.1232421875
1038;7.137925228609266;1.0;0.37632786400509155;0.31180286185593287;165.96465262748723;-0.0114206466358155;0.0055325616151094435;7.582038307189942;0.007714002788998186;0.1123046875
1039;7.417104938419874;1.0;0.3990277925980746;0.35377915505012236;146.7710220286974;-0.014391503063961864;0.05459506828337908;7.5833087921142575;0.009162644261959941;0.1341796875
1040;7.255294117359053;1.0;0.38630033528496094;0.28558803065482147;128.4452451824052;-0.008419485203921795;0.049815271608531476;7.5808395624160765;0.008419884729664772;0.11640625
1041;7.211659676226975;1.0;0.4582021480422088;0.3755643496320544;180.18035971929643;-0.005374346859753132;0.05075695933774114;7.581633830070496;0.00749959236709401;0.101171875
1042;6.845698604025294;1.0;0.5176559276851509;0.5410550138989214;136.05679070402175;-0.015165109420195222;0.02874187594279647;7.583293604850769;0.009809488675091415;0.128515625
1043;6.705780155352997;1.0;0.5548128732685436;0.6747130811869655;122.91458729014234;-0.013403365528210998;0.03596437983214855;7.587840938568116;0.007906868983991445;0.1142578125
1044;7.084697033599307;1.0;0.45920171512277713;0.5158664880648164;181.4358368908504;-0.008733180304989218;0.025285824667662382;7.594681024551392;0.00933815079042688;0.129296875
1045;6.88659458758749;1.0;0.524239099296484;0.599519283759819;155.09879890972817;-0.017891393718309702;0.028246174100786448;7.599863648414612;0.010619452013634146;0.16171875
1046;-8.28482393066204;0.0;0.0;0.0;470.9717166875507;-0.009051800901560407;0.04430865290525712;7.601873573503997;0.01318853236979952;0.18297697368421054
1047;0.08925794718107083;1.0;0.1516031718961608;0.17058555180710397;791.7638116965542;-0.016684083640575408;0.06232972014695406;7.602459716796875;0.010339804121758788;0.147265625
1048;5.199564330554875;1.0;0.5529107215577764;0.6044718352654312;178.01164816464376;-0.009897661115974187;0.006328221340663731;7.607132291793823;0.010012240789365023;0.145703125
1049;6.685661376700255;1.0;0.4624908549726289;0.46286826773172907;116.60497517439956;-0.01844654381275177;0.015623090695589781;7.609961462020874;0.011178312660194933;0.151171875
1050;6.63821918977442;1.0;0.5360387426408881;0.6478300394028701;169.03816025587525;-0.012766811670735479;0.07930697351694108;7.607898378372193;0.009787506028078496;0.1412109375
1051;6.7739125694201014;1.0;0.2340371442693667;0.21137459979264875;219.9573972420908;-0.011130424588918686;0.04919320279732346;7.604919672012329;0.010765415581408888;0.1529296875
1052;7.394865563841313;1.0;0.40231190300765546;0.3437108074902672;143.89802953051148;-0.01331492499448359;0.00813707746565342;7.613106155395508;0.010035615519154818;0.1333984375
1053;7.36389630633613;1.0;0.4417812993341081;0.4752908079212571;140.75236418065964;0.0028023571707308293;0.02071483472827822;7.618089723587036;0.007031109079252929;0.091796875
1054;5.835201159168049;1.0;0.420443326769053;0.3647304195742765;171.21915385103102;-0.0036875718273222447;0.05586113836616278;7.619190764427185;0.00917383049381897;0.1294921875
1055;5.901176604076538;1.0;0.47048963200915483;0.46880750861050113;133.51952857343127;-0.006959165725857019;0.023644496453925967;7.618937969207764;0.009641317382920534;0.1341796875
1056;6.966075222471825;1.0;0.4535318559985305;0.4354791181396282;164.72549310699063;-0.005534457648172975;0.03291337839327753;7.6217992305755615;0.010891151137184352;0.146875
1057;6.973659590474235;1.0;0.47441649934759894;0.5134098809698955;236.12823577843218;-0.005854348838329315;0.028833697969093918;7.627636861801148;0.012623374082613737;0.1736328125
1058;-7.313559707538624;0.0;0.0;0.0;544.1416258340894;-0.01084198448807001;0.01122883940115571;7.634020400047302;0.011196462099906056;0.1650390625
1059;6.650082549590854;1.0;0.499838877346804;0.5305172349165991;95.44233360598227;-0.004466464044526219;0.03161153993569314;7.637469029426574;0.011199567560106516;0.1603515625
1060;4.203426379134566;1.0;0.3911556165365494;0.24846172060595964;157.2358915515549;-0.009543065540492534;0.03985019167885184;7.637054705619812;0.010158129537012428;0.142578125
1061;7.021019482843668;1.0;0.4867182760568326;0.5227338080385352;194.04395339832564;-0.008028148813173175;0.04280290119349957;7.63385591506958;0.010330533469095826;0.1494140625
1062;3.8483666949953745;1.0;0.46929925429310826;0.4340561372771802;196.52428359469312;-0.017153100296854972;0.02376222740858793;7.632455635070801;0.007430091884452849;0.10546875
1063;6.126193279007689;1.0;0.393289670211674;0.346472888831054;128.73162985984195;-0.008324075816199183;0.031035952642560004;7.629784345626831;0.006827109667938203;0.0912109375
1064;5.628199565748876;1.0;0.44268797981926483;0.4305560542055664;141.06620081960278;-0.013195870723575354;0.017641227319836618;7.6282119989395145;0.008695167384576052;0.125390625
1065;6.411111365806786;1.0;0.6290310889296178;0.7738140584693788;114.43833824227873;-0.007018475327640772;0.1142303254455328;7.632396268844604;0.007718272262718528;0.105078125
1066;6.847841884263119;1.0;0.48772185557410563;0.45741202044403756;129.0156384470985;-0.011618427094072103;0.10206870697438716;7.634359669685364;0.007949974422808736;0.1134765625
1067;6.354430824892904;1.0;0.3517588005961863;0.23531200010366987;189.2223694278795;-0.009846692439168692;0.02608854304999113;7.635330486297607;0.01067813930567354;0.1548828125
1068;-3.4782633978250903;0.0;0.0;0.0;205.31516261905935;-0.008447100222110749;0.04590448588132858;7.641994047164917;0.007737096352502704;0.1064453125
1069;7.154364801355089;1.0;0.4470617045662776;0.3686591196613787;125.8357771499032;-4.9062632024288176e-05;0.009479027008637786;7.645462417602539;0.006512060470413417;0.087109375
1070;6.770097736640418;1.0;0.46416568123410157;0.4612897214255571;139.89404009756544;-0.011668286193162203;0.058027864806354044;7.651484084129334;0.008556398586370051;0.119140625
1071;6.321847847841081;1.0;0.5037628422844918;0.5047675089349049;217.1320095540735;-0.02162181860767305;0.026684130541980267;7.656573343276977;0.011197743169032038;0.1349609375
1072;5.857805590989951;1.0;0.48720669654773613;0.5057452634372657;261.16954531984067;-0.012608987023122608;0.06839400455355645;7.665674781799316;0.007248665310908109;0.1013671875
1073;7.288514497507048;1.0;0.3850442199924831;0.3237727298745456;172.90777348152028;-0.0030474365688860417;0.04116628961637616;7.667930817604065;0.0065414079115726055;0.0890625
1074;5.462335294477162;1.0;0.4523725352435443;0.35694603121847734;179.37915626163237;-0.010448242211714387;0.03388547170907259;7.671039175987244;0.007466168364044279;0.10390625
1075;7.283034191216432;1.0;0.3716577504508364;0.3566842845019934;169.04925289248897;-0.008154827263206243;0.023021087562665344;7.670438265800476;0.007762815780006349;0.1091796875
1076;3.9363047957024078;1.0;0.4837442249517113;0.5989585031660184;167.9542694372726;-0.014304540771991014;0.025808297842741013;7.66675283908844;0.00966808465309441;0.1369140625
1077;6.371712921702157;1.0;0.4608244764803479;0.45677583385506954;116.644875618882;-0.01414540344849229;0.027301887422800063;7.667218708992005;0.01133942884625867;0.140234375
1078;5.96829624333025;1.0;0.49804923206510265;0.49077927063009674;103.9446018382126;-0.02019769372418523;0.0907321598380804;7.675261783599853;0.011857993772719056;0.1640625
1079;5.893470615808601;1.0;0.49944515337618656;0.5086296972272889;139.54756432088948;-0.0017257907893508673;0.027907159458845854;7.685156774520874;0.008169902476947755;0.113671875
1080;5.4383059203946535;1.0;0.46487026148499244;0.4392216867119013;176.04574137471565;-0.007674847124144435;0.09912115130573511;7.684003901481629;0.006833313847891986;0.083203125
1081;6.5399223655524;1.0;0.36279338526672955;0.30442203478820884;266.18792824666;-0.01958365668542683;0.029746205545961857;7.680538582801819;0.010583904385566712;0.1458984375
1082;-4.065728049510003;0.0;0.0;0.0;424.73487479277287;-0.014311107154935599;0.038223064970225096;7.678288674354553;0.007944650098215789;0.1146484375
1083;-3.7304098284618847;0.0;0.0;0.0;398.9221669704259;-0.011658426374197006;0.010071451682597399;7.684656953811645;0.009575090545695275;0.1365234375
1084;4.363611419271095;1.0;0.439446185029892;0.48498542382718796;204.41260888961267;-0.0036848992574959995;0.028637279849499465;7.6856929063797;0.007756481878459454;0.112890625
1085;6.476500915531329;1.0;0.3790383937748763;0.3914196034679554;228.24238249349085;-0.011321684624999762;0.05911646652966738;7.687803483009338;0.008930016960948705;0.1240234375
1086;4.336018100984803;1.0;0.45200135249402407;0.4313780555066006;290.5562626110017;-0.009175919671542942;0.06439714767038822;7.6973316192626955;0.009678389423061162;0.1267578125
1087;6.142513958273796;1.0;0.43858413660324264;0.4301597769899371;202.54582878586604;-0.029317025607451797;0.0763861134648323;7.705796909332276;0.008858760655857622;0.120703125
1088;5.8030430030194164;1.0;0.34833733326948035;0.2855725499696928;229.23128260324762;-0.004667274607345462;0.02035180265083909;7.7004683256149296;0.008898639644030482;0.1283203125
1089;6.849382511081117;1.0;0.3874551287946377;0.3608685735870061;197.60040563356614;-0.013395942281931639;0.052482841769233346;7.692352700233459;0.010051239049062133;0.1380859375
1090;6.245750934694143;1.0;0.3873512467474625;0.33026684688209895;240.00265520650814;-0.011349498480558395;0.0459344694390893;7.695143938064575;0.01121422032592818;0.1578125
1091;6.426369087829999;1.0;0.5298053966716659;0.5733155648200005;77.17230720704539;-0.0057678571436554195;0.08826229441910982;7.705369019508362;0.007839986542239785;0.1052734375
1092;6.146186850459145;1.0;0.38133339062707117;0.29896308156288315;248.81127589960025;-0.006547416653484106;0.051385496743023396;7.713339328765869;0.007247000373899937;0.093359375
1093;2.811274138539657;1.0;0.40327281136281723;0.27505107823621516;137.73035907400828;-0.015123324561864137;0.08500513713806868;7.720552945137024;0.008524627389851958;0.12109375
1094;5.512683283108803;1.0;0.4053041189281905;0.3969237733661155;306.3869815817615;-0.011124804685823619;0.0064584692940115925;7.724833583831787;0.010987404570914804;0.15859375
1095;6.894921747299792;1.0;0.3507770627667515;0.30128186748824426;197.03444998529565;-0.011205527698621154;0.03988910922780633;7.720128750801086;0.009859600814525037;0.128515625
1096;5.525124006952776;1.0;0.3546602501845003;0.27405768928014884;233.29217109850018;-0.011292290408164263;0.009733323333784938;7.716275453567505;0.00844759636092931;0.1169921875
1097;5.880344524466573;1.0;0.40119001745841165;0.3512504040520394;176.89194123946996;-0.004914690740406513;0.08071386190131306;7.714004778862;0.008669665397610516;0.1181640625
1098;5.4919940598966175;1.0;0.472484639768136;0.5293804211845622;233.17301016326593;-0.0026084234938025474;0.03431274606846273;7.710821318626404;0.006718572915997356;0.0953125
1099;4.671025927180971;1.0;0.4839317690509955;0.5158795583079874;273.03199766612823;-0.013374938815832137;0.06080042943358421;7.711181211471557;0.00835966143058613;0.1125
1100;6.356670562778438;1.0;0.3878065596666679;0.32856259170704477;193.9204503417211;-0.012071430031210185;0.03348515648394823;7.715207362174988;0.009269664739258587;0.1296875
1101;6.408538132753842;1.0;0.4635252234224407;0.4628111886618283;173.1656532332939;-0.005669764848425985;0.02560300985351205;7.71895399093628;0.00731798387132585;0.0955078125
1102;4.292080878399166;1.0;0.4356560059844151;0.3827264722197344;204.08833352756804;-0.0058500045910477635;0.03646833319216967;7.718939161300659;0.008984407410025597;0.1267578125
1103;5.023204689836846;1.0;0.43541142657572185;0.4065396914031681;175.16649334697664;-0.022450250433757903;0.009510241239331663;7.7212670803070065;0.01088404816109687;0.1544921875
1104;5.533574959795101;1.0;0.48489626176016926;0.4861392175159798;210.8666496544025;-0.015970851480960845;0.07924232203513384;7.721910977363587;0.010709506983403116;0.1384765625
1105;6.224234531801789;1.0;0.40209810621061626;0.3696809375396276;296.7792174861469;-0.009252860676497221;0.03562305439263582;7.719908738136292;0.007028718257788569;0.099609375
1106;3.0333113187886345;1.0;0.4610344072324603;0.4686125796627348;313.62831808863797;-0.0051927237771451475;0.008625606982968747;7.715399265289307;0.01073203501291573;0.1435546875
1107;5.177735422591619;1.0;0.38785508089882637;0.3177190999786222;207.87722413942228;-0.011594745703041554;0.07248572688549756;7.709080195426941;0.008829668839462101;0.1263671875
1108;6.266474585039376;1.0;0.4261664109771986;0.45024892617196344;203.01131861519022;-0.005909340875223279;0.02983823139220476;7.706025314331055;0.009296664223074912;0.1318359375
1109;3.659575887978555;1.0;0.17010540644591798;0.14526594916661115;442.3575909046029;-0.012110468233004212;0.030010946746915578;7.706916236877442;0.009428700467105955;0.1326171875
1110;4.431751893485101;1.0;0.4293460305485893;0.3640934248323429;187.06226964530953;-0.0068832443095743654;0.07397368494421244;7.71302170753479;0.006997183873318135;0.0908203125
1111;5.997741048065258;1.0;0.43535435408004264;0.3913808882868748;187.2027655186104;-0.013944183848798275;0.02359651857987046;7.711741781234741;0.009558550489600748;0.128515625
1112;5.831293637233651;1.0;0.4589670348060552;0.48075935981261125;209.04619483881675;-0.0025177447125315664;0.02850080686621368;7.716838645935058;0.010438200610224158;0.1525390625
1113;5.843167667029655;1.0;0.491971848644723;0.5295597004094944;153.0129811072193;-0.012776298634707927;0.005741928005591035;7.717824482917786;0.011053726635873317;0.148046875
1114;5.1848146185301;1.0;0.48457279451315943;0.5317342963779997;213.306256474993;-0.009802173357456923;0.09003485497087241;7.7163084745407104;0.009249642898794264;0.132421875
1115;6.423810697925657;1.0;0.3969511370647752;0.36444433875142307;157.45839042596657;-0.01690621771849692;0.010990322986617684;7.715320658683777;0.013839779153931886;0.1978515625
1116;6.087861068832375;1.0;0.5250098208586491;0.581112944380901;163.77091988786663;-0.005549780745059252;0.037023287266492844;7.714362573623657;0.012331760115921497;0.155078125
1117;6.1337737394640275;1.0;0.41775340678645645;0.4269137668620461;196.33215987405387;-0.012757912278175354;0.035049169510602954;7.712986946105957;0.006805914035066962;0.0951171875
1118;6.723563201342179;1.0;0.4049132654526498;0.3747212276389195;230.48232830899786;-0.012235706392675638;0.1627170067280531;7.71031346321106;0.01057446567574516;0.1548828125
1119;5.798276342435065;1.0;0.4200999951469157;0.4224368275218165;248.75221824473846;-0.00698512839153409;0.06807009135372936;7.7095365762710575;0.01123028959846124;0.1583984375
1120;5.818598108050348;1.0;0.4204313433903726;0.3731293781958309;134.89736670242715;-0.012562284944579005;0.040759583562612535;7.710664892196656;0.008667965396307408;0.121484375
1121;6.112461125762319;1.0;0.39561721327114824;0.3925532173672704;216.12711578367083;-0.009207600634545088;0.01034019528888166;7.7093585729599;0.0065596172586083416;0.09296875
1122;6.619380922257643;1.0;0.39053016493027176;0.3411471352958396;173.33509645627691;-0.010192612512037158;0.08746433416381479;7.714134001731873;0.014242472732439638;0.1947265625
1123;3.9850452699584973;1.0;0.49929183486420126;0.49498473699943013;129.53714692679398;-0.01575861338060349;0.014307488687336445;7.715255618095398;0.011198782548308372;0.1576171875
1124;5.8180041504684255;1.0;0.46648864371998366;0.48007676236567715;203.5580913062828;-0.009697300277184694;0.0705298325046897;7.715343642234802;0.007543046132195741;0.1083984375
1125;5.96437469894372;1.0;0.387440863029226;0.3708635673874267;256.1251453092146;-0.004921133117750287;0.07092247372493148;7.715598011016846;0.010852139827329665;0.1361328125
1126;5.813218203993195;1.0;0.4904600493109591;0.5281424696799123;209.85973673775987;-0.009052402200177312;0.07144194394350052;7.709795689582824;0.007305473589804023;0.09921875
1127;6.321840578203007;1.0;0.46935336852727005;0.49420053057088714;93.9234084982596;-0.00961888963356614;0.03915496035479009;7.710362124443054;0.006392657139804215;0.0884765625
1128;4.449000709568704;1.0;0.42005694942830796;0.3897887635060501;264.9639562098245;-0.009783203224651515;0.042613231018185614;7.707606840133667;0.007897792069707065;0.1080078125
1129;6.34358419748912;1.0;0.3139165185260432;0.28600923320912525;214.39242908744978;-0.011309486255049706;0.04734320268034935;7.710194325447082;0.010180711711291224;0.1349609375
1130;6.633212102975937;1.0;0.3878861234657657;0.3182911813170178;168.04034695604352;-0.012052370049059392;0.09539177753031254;7.7215711116790775;0.00806396323023364;0.1169921875
1131;5.971364311522363;1.0;0.31488352599305464;0.2633353038311582;220.8269944713141;-0.010620404500514269;0.011742009036242961;7.726047396659851;0.008106189675163477;0.112109375
1132;5.9909797572712336;1.0;0.4228496773882513;0.4148913343934823;184.99380773377382;-0.010978447110392153;0.05093006426468492;7.729172015190125;0.008106429025065153;0.11328125
1133;6.70962736487588;1.0;0.36215488605343577;0.3075750355135062;214.37670142963088;-0.0045061945915222164;0.07130601722747087;7.732877802848816;0.008270644233562052;0.1138671875
1134;6.013700190656339;1.0;0.4675690888511583;0.4741558749024422;175.0952590644237;-0.005761810252442956;0.06574781509116293;7.730809164047241;0.01187795412261039;0.1404296875
1135;6.138504730833706;1.0;0.39380052597996484;0.3787625757451307;183.02104912743133;-0.007954819034785033;0.060602682270109655;7.727960705757141;0.008487778471317143;0.121484375
1136;6.012846204006513;1.0;0.40608349024753126;0.4081994265481915;165.4672065921934;-0.008182975510135294;0.1007128095254302;7.727598667144775;0.012594322941731661;0.168359375
1137;7.040669534494938;1.0;0.31901349254493844;0.30275721533204064;208.19066735725548;-0.018676155153661965;0.012111287983134388;7.730107069015503;0.011607718910090626;0.165234375
1138;5.757134055597017;1.0;0.2576058242901207;0.20165437410766476;277.4507746418484;-0.016456115525215864;0.08647151589393616;7.73104841709137;0.010268917516805231;0.1458984375
1139;6.380675373819267;1.0;0.5351664578938308;0.6909545773194566;137.14837386335296;-0.00821050964295864;0.030343327159062027;7.736578845977784;0.008683084929361939;0.13203125
1140;5.928593482193724;1.0;0.4763929135265739;0.506803263627214;194.7208079388751;-0.014397347532212734;0.06019000457599759;7.744100761413574;0.009966311848256738;0.133984375
1141;6.621183371352991;1.0;0.3772049303603235;0.36388601820234767;210.05175475882325;-0.025662143435329198;0.05351737178862095;7.745431876182556;0.01469514510827139;0.1865234375
1142;6.134894360914652;1.0;0.3774752893794013;0.35983441419595874;168.9821706442818;-0.01772331928368658;0.008712317841127516;7.745907163619995;0.009877297608181835;0.1400390625
1143;6.415065352530474;1.0;0.3757542637566926;0.3109949227351667;222.46687648993972;-0.01533540738746524;0.05497575243934989;7.742747640609741;0.011279331892728806;0.1564453125
1144;4.171482558052696;1.0;0.4516682925045572;0.48185898194540716;313.9774948931326;0.004279470443725586;0.027577552199363708;7.750147962570191;0.00937711369479075;0.122265625
1145;6.2660835025273;1.0;0.3313636534803147;0.305139408619984;223.77013524030886;-0.006906722160056234;0.058948293514549735;7.755308270454407;0.009883846866432577;0.13203125
1146;0.7965985790901673;1.0;0.23237495233126296;0.19108861946773337;401.3194168544401;0.0015647177118808032;0.11944056246429682;7.749742937088013;0.007408717123325914;0.0951171875
1147;5.85373445746527;1.0;0.39063717606397697;0.4019623184281337;364.865072746877;-0.012486132071353495;0.02533354382030666;7.744131922721863;0.006322054786141962;0.08203125
1148;5.600398505210907;1.0;0.41253223939875056;0.41263468710381934;388.6557592600308;-0.01376473936252296;0.07971295230090618;7.739548516273499;0.013628845568746328;0.1822265625
1149;6.403374890861513;1.0;0.37144356244050436;0.3525094019489989;333.83391588953157;-0.014681615121662616;0.007899368670769036;7.739297246932983;0.012559820362366737;0.170703125
1150;5.795689306223613;1.0;0.3857309213141652;0.38116708090347184;283.9691823003246;-0.007221120037138462;0.09357501659542322;7.736848378181458;0.011814534431323409;0.1603515625
1151;5.03575940772154;1.0;0.5143826513258221;0.6121642083401674;241.69060691570942;-0.010186467040330171;0.03187129371799528;7.735177159309387;0.011078012292273343;0.1314453125
1152;5.988782245130169;1.0;0.31961114344964286;0.2616980343829711;248.9682799306133;-0.0081639907322824;0.07713519893586636;7.739012885093689;0.006955738016404212;0.08671875
1153;5.5385493928606495;1.0;0.43470410278140037;0.4524504409303935;268.97599436528884;-0.01324145677499473;0.01345876851119101;7.746216750144958;0.008122795075178147;0.1103515625
1154;6.177702556623068;1.0;0.394543842391036;0.39727181418853963;268.38416853674767;-0.009429599856957793;0.025716625293716787;7.752901148796082;0.0075469361385330554;0.098046875
1155;5.5022584807717205;1.0;0.41705152918666344;0.4490124507384069;387.2887823176381;-0.012524340488016605;0.08406619001179934;7.7612693309783936;0.008750124811194837;0.123046875
1156;5.715347961676617;1.0;0.4693148630134981;0.5179597832035459;239.72405026580827;-0.011440046015195549;0.05391939589753747;7.764574551582337;0.009012423316016793;0.1283203125
1157;5.60947207092196;1.0;0.43016782475436577;0.46951452899521234;275.1375212232844;-0.020994324050843716;0.04704188657924533;7.760045599937439;0.00983559142332524;0.146875
1158;5.588437269435701;1.0;0.4651545673145712;0.508465051244718;227.86437311301322;-0.006764566153287887;0.03777610617689788;7.756365251541138;0.011494230770040303;0.1599609375
1159;6.254967352268981;1.0;0.3417112541513533;0.3117835127309331;173.1340571838128;-0.015470533492043614;0.03676637755706906;7.75297601222992;0.01334904987597838;0.1810546875
1160;4.603860970055185;1.0;0.3700955205020264;0.37510208319646443;433.9439169458718;-0.011665447568520903;0.0526282487437129;7.750133943557739;0.009757067251484841;0.1359375
1161;5.8778022975641395;1.0;0.3986527706234419;0.39487821636820863;129.2952614441935;-0.011875690938904882;0.08917933627963066;7.742518711090088;0.009110623854212463;0.1267578125
1162;5.839351919696851;1.0;0.3976945198199684;0.4251175534053169;250.44678619364691;-0.007401224365457893;0.0710269307717681;7.736760544776916;0.011966154293622822;0.156640625
1163;6.156273460903212;1.0;0.3710684077702541;0.36936307549233993;250.7939683315107;-0.008031361270695925;0.06085701249539852;7.739716482162476;0.009516769589390605;0.13125
1164;4.601929067972038;1.0;0.41428290623884895;0.4225506214243173;249.74715643787985;-0.004378499090671539;0.006036270099381606;7.744744555155436;0.00992868651325504;0.12734375
1165;5.623641369960998;1.0;0.37878467395161797;0.38476358557358237;287.1022737520656;-0.009543451014906168;0.04423133740201592;7.748441052436829;0.013175220077391714;0.172265625
1166;5.628246971184233;1.0;0.4561326519707409;0.5279849428626323;261.4003367705501;-0.021949398890137674;0.03378728749230504;7.746964311599731;0.01080134102376178;0.14921875
1167;5.837857233029572;1.0;0.41115059855363145;0.4346495670741288;331.0949672789866;-0.011485173599794507;0.096220269985497;7.742148208618164;0.010663130122702568;0.1552734375
1168;6.645489765513137;1.0;0.34320543325556574;0.35637115933967944;264.30478701940893;-0.0170422506518662;0.06677120998501777;7.740860033035278;0.009518884506542235;0.14609375
1169;6.888166985901812;1.0;0.41456256925287727;0.5033013897724403;258.37034850093346;-0.0060993354767560955;0.021645124070346355;7.742526841163635;0.007569782645441591;0.1091796875
1170;5.980380630449483;1.0;0.41545675486942174;0.4183842783016533;143.9863824407931;-0.013020945014432073;0.036876798048615454;7.743852972984314;0.013725038839038462;0.19296875
1171;6.626252641741746;1.0;0.3448501764191185;0.31802311991058607;252.98449374573306;-0.008395183575339615;0.029598977696150542;7.741963577270508;0.009385840571485459;0.130078125
1172;5.858970815224276;1.0;0.41403541509317426;0.44972451265466046;351.1811613605362;-0.012444852385669947;0.06904812771826982;7.741903591156006;0.007227075495757162;0.099609375
1173;5.044547854883338;1.0;0.49327215512777123;0.5925320388217207;260.2786027536828;-0.012276010401546956;0.07014061650261283;7.7405253648757935;0.007594076346140355;0.096484375
1174;6.222916069347427;1.0;0.39853898496761087;0.4280519057921187;271.7221898802844;-0.00791942176874727;0.022518777893856166;7.742961978912353;0.009702957689296455;0.1384765625
1175;-6.000438939287461;0.0;0.0;0.0;470.9753573190221;0.002070728165563196;0.03407851429656148;7.7431843996047975;0.007883334695361555;0.113671875
1176;5.425253586792198;1.0;0.417277935013393;0.4648979577552223;318.2469463679543;-0.014659733138978481;0.04429573658853769;7.742858672142029;0.01196553921326995;0.163671875
1177;6.266465712367687;1.0;0.29347434231302083;0.2900083862224667;282.96396358782295;-0.012906274618580937;0.04396030837669969;7.742773270606994;0.010625082568731159;0.1462890625
1178;5.1417882814325715;1.0;0.4034271557443529;0.44077227803863456;337.8515698853023;-0.008298151101917029;0.04851219989359379;7.745071244239807;0.010177572234533727;0.1416015625
1179;-13.784141908019283;0.0;0.0;0.0;629.622596263606;-0.013436076370999217;0.024701557820662856;7.74835844039917;0.009911566576920449;0.1341796875
1180;5.871797866627007;1.0;0.36657955729677016;0.3957443764634024;314.64487548843846;-0.0026742265094071628;0.05385624170303345;7.750617361068725;0.008273711474612356;0.118359375
1181;6.171615715404955;1.0;0.4380327033601867;0.4989804456076432;291.5652254950576;-0.002293039159849286;0.044871217012405394;7.749386191368103;0.0071133468416519465;0.10546875
1182;5.69955084126432;1.0;0.40629927945384486;0.4228034480157468;229.26537904845475;-0.01053472370840609;0.03530537001788616;7.749195265769958;0.012592244683764875;0.1578125
1183;6.333706435546768;1.0;0.36320800439807277;0.3953533849904697;328.17506992456117;-0.009311312064528465;0.03100294079631567;7.74934458732605;0.012431281828321516;0.168359375
1184;6.895562505350982;1.0;0.3010548558342432;0.351260204291857;232.68931557502256;-0.01974468667887979;0.03404261182165808;7.749710506863064;0.012203945299713977;0.14778645833333334
1185;6.289017766117425;1.0;0.3793606782630708;0.3916124355276125;370.36793070612885;-0.013747594656888396;0.024436115752905607;7.752804827690125;0.009539804270025343;0.133203125
1186;4.544168705054752;1.0;0.3257869803536215;0.31117900569241386;260.0395846194786;-0.0015037097968161107;0.044209746457636354;7.755016946792603;0.0062380386516451836;0.0837890625
1187;1.3440112476358363;1.0;0.46722624001521484;0.48154236161121905;254.5330438544635;-0.006396071799099445;0.01565632615238428;7.756530785560608;0.009142645401880145;0.1205078125
1188;6.081445738885014;1.0;0.33759976004066283;0.3334799140720168;221.8500109793663;-0.014623561594635247;0.009203497297130525;7.764257550239563;0.008559695328585804;0.123046875
1189;4.394263577438555;1.0;0.38552265483762826;0.39338374020550176;304.2534620366768;-0.01257646104786545;0.04716524248942733;7.768240642547608;0.010329957131762057;0.1423828125
1190;5.912073491601008;1.0;0.37532431771791197;0.39973906164075607;321.8745987202952;-0.013218512502498924;0.040223481319844726;7.772512006759643;0.009178420749958605;0.12578125
1191;2.842303174802021;1.0;0.4992427890706167;0.5329746944622262;164.75330099629124;-0.013362686149775982;0.050369400344789025;7.7774118185043335;0.010408446390647441;0.1529296875
1192;5.613667543449313;1.0;0.36817710041102575;0.38446990636964123;297.44276454037686;-0.017210201756097377;0.04426104789599776;7.77789466381073;0.009458650893066078;0.131640625
1193;6.950527008180833;1.0;0.27882915492410365;0.2693318328858792;259.1275264220233;-0.017568082455545662;0.03685978380963206;7.777394723892212;0.012700694834347815;0.1748046875
1194;7.136366482600041;1.0;0.3139299710558533;0.2730443767754487;230.40507630257176;-0.009205293748527766;0.033130598999559877;7.776327633857727;0.00788789869984612;0.1103515625
1195;6.096208544936244;1.0;0.3641603461080579;0.37160278877624037;355.58169641778125;-0.011318247276358306;0.031177505012601615;7.7762755155563354;0.009066067729145288;0.129296875
1196;6.3264831374614;1.0;0.3495452811737432;0.3674600106215654;181.39419244327215;-0.00542879244312644;0.025781048368662594;7.777497005462647;0.005516485497355461;0.0669921875
1197;6.390543649832095;1.0;0.36444552983468126;0.3831237012835903;239.8527875928238;-0.0037489156704396008;0.0191574651747942;7.773539900779724;0.005503783212043345;0.0708984375
1198;5.773099653362877;1.0;0.3383786800940524;0.31912686907106;156.47652761319696;-0.006399229634553194;0.029352679010480644;7.777267718315125;0.009878205240238459;0.133984375
1199;6.261897758157951;1.0;0.27681943959418776;0.2245448878970004;246.46512129058948;-0.016490250919014217;0.05119960531592369;7.779061508178711;0.012028802337590605;0.162109375
1200;4.736638979346865;1.0;0.38721428898012883;0.4440952343670572;414.0071278399974;-0.015109194908291101;0.03409428177401423;7.775137495994568;0.01062858400400728;0.1509765625
1201;6.42588842629355;1.0;0.40925194543327986;0.4682900821922454;297.5353228720045;-0.008150546299293637;0.0463003515265882;7.771915483474731;0.008010071574244649;0.11875
1202;6.8646007228857835;1.0;0.3323362767184799;0.356334365526543;344.00180329635145;-0.0033415801357477904;0.03843069989234209;7.770533537864685;0.007517318334430456;0.107421875
1203;6.492077608354867;1.0;0.36651393716695907;0.3615550736202878;194.43978158470665;-0.008298389986157418;0.011577265080995857;7.768976998329163;0.00858520088950172;0.120703125
1204;6.149710881717273;1.0;0.4188683110785109;0.45471222410538614;182.27242674536774;-0.008681323006749153;0.06385924816131591;7.767836689949036;0.005786816775798798;0.07890625
1205;6.666759104510766;1.0;0.3638455671772702;0.4160641457732021;182.83303683952826;-0.013558914232999087;0.06465932447463274;7.768464756011963;0.009339006280060857;0.133984375
1206;6.435200459906072;1.0;0.43616960735760835;0.494270682131948;237.21386212138088;-0.007872716104611755;0.011197510175406933;7.771064352989197;0.007646904303692281;0.1072265625
1207;-3.8813093177291247;0.0;0.0;0.0;335.9109054026867;-0.0041510779177770015;0.051566040888428685;7.7724590539932255;0.007346907688770443;0.0978515625
1208;5.913483619181136;1.0;0.40705664355491267;0.4753672113503933;314.1179383969873;-0.0035109777469187974;0.020759565010666847;7.775839066505432;0.008575012104120105;0.1248046875
1209;7.241235958615309;1.0;0.33485060393885474;0.29915132327418453;190.1715953304603;-0.010522813349962235;0.044644796196371316;7.772597289085388;0.010956531995907426;0.1564453125
1210;5.973058828638841;1.0;0.4161574682020115;0.4513192277005325;178.92028207697683;-0.01505115944892168;0.03135352162644267;7.7645690679550174;0.009498057700693608;0.1419921875
1211;6.705328105287782;1.0;0.3881081239827315;0.4238902554757858;326.9848099899718;-0.01153514226898551;0.056614498421549794;7.768275856971741;0.012468854861799628;0.1751953125
1212;6.320999077075799;1.0;0.37623264561291964;0.381649720237124;245.4434353868639;-0.01477834526449442;0.05835207905620336;7.771098780632019;0.012241329811513425;0.163671875
1213;6.114802685111492;1.0;0.4098119688797825;0.4747326367154319;347.36049536485723;-0.004104846389964223;0.04040165534242988;7.768441939353943;0.008986188832204789;0.1314453125
1214;6.730015523803407;1.0;0.33159598844044547;0.36782740429440136;202.3625944375922;-0.016355138132348658;0.028633112926036118;7.759898543357849;0.008116164139937609;0.109765625
1215;6.450074321098782;1.0;0.33743249220099925;0.31435641013343635;315.51032139590234;-0.014770594472065569;0.038377534970641135;7.76244044303894;0.007038067071698606;0.087109375
1216;6.150065448562268;1.0;0.39322608359903655;0.45321088725628955;414.1441433787302;-0.02078924891538918;0.052684029936790465;7.763793277740478;0.009599513909779488;0.1421875
1217;6.715861072248581;1.0;0.3744204343686336;0.3691392344078423;194.11204817785423;-0.0013423178344964982;0.04356233086436987;7.766673064231872;0.009823353658430279;0.128515625
1218;6.343662206976328;1.0;0.4157249087644822;0.4397245926292405;135.1594314863575;-0.018696692446246742;0.0314491328317672;7.763271164894104;0.008150992647279054;0.1189453125
1219;6.776710451234066;1.0;0.31057471860987507;0.28526849480609484;268.1064787403401;-0.006834895303472877;0.07339843213558198;7.760271263122559;0.010135720495600253;0.1380859375
1220;6.789417517596596;1.0;0.38018740952042435;0.3792854352856906;218.95408530099604;-0.0037802292965352534;0.07151948530226945;7.758530759811402;0.011302467714995146;0.1615234375
1221;6.234792361308971;1.0;0.47384152097620336;0.6441140109060918;195.471345615193;-0.005674984492361546;0.011681778402999044;7.757613229751587;0.008985311444848775;0.1279296875
1222;6.866793531045346;1.0;0.40390517075206545;0.43377731325424657;185.9088007757402;-0.005921005981508643;0.058534983359277246;7.7532072305679325;0.007876569521613419;0.108984375
1223;6.812089465677994;1.0;0.37510141878781106;0.3862783741622912;370.2909478191615;-0.014100269693881274;0.010481070331297814;7.754140877723694;0.008034326252527535;0.11328125
1224;6.5274021211660225;1.0;0.3779795714132428;0.3397583528694022;167.14181262412876;-0.016024777479469777;0.04413438672199845;7.7619024276733395;0.008667814871296286;0.125
1225;6.178327902325253;1.0;0.39903913940832797;0.42548833904259664;246.29627088556734;-0.012468274682760239;0.05993019295856357;7.767458486557007;0.010736600344534964;0.1373046875
1226;4.934965651750175;1.0;0.35706648371219124;0.3113022213846619;233.95632533632772;-0.019836679846048356;0.05672837551683187;7.768040990829467;0.012081532238516957;0.1625
1227;-6.370293695159053;0.0;0.0;0.0;484.08311336361146;-0.00621002574916929;0.03483477560803294;7.7645008087158205;0.012245623464696109;0.1736328125
1228;6.609727733406604;1.0;0.22911002277933745;0.21308353093005156;283.2424939375922;-0.010986055247485638;0.0456481640227139;7.761715745925903;0.008995169948320836;0.1283203125
1229;-3.0215349789339787;0.0;0.0;0.0;832.8162313662962;-0.011405699048191309;0.0583037493750453;7.763517880439759;0.008750707958824933;0.1189453125
1230;-3.0317573762047605;0.0;0.0;0.0;336.24068105275416;-0.016665659192949534;0.05334876663982868;7.76128044128418;0.010783501190599055;0.15
1231;5.476483713046823;1.0;0.4366422915746926;0.4956766157334229;259.87666461252775;-0.012306724209338427;0.055259738303720954;7.758935403823853;0.009486498346086591;0.1275390625
1232;5.425341778495039;1.0;0.41063992045299574;0.44602466374117056;367.56454522857166;-0.01338698877952993;0.027037383476272225;7.757489919662476;0.011598739540204406;0.1498046875
1233;3.510911858128272;1.0;0.4121576150600951;0.399791069817484;291.9594337056398;-0.0053907357389107345;0.027232679864391686;7.754619383811951;0.006603305821772665;0.089453125
1234;6.641235877394797;1.0;0.4437625767300157;0.46382204137902244;190.7909476673065;-0.003758491575717926;0.04042108077555895;7.746617770195007;0.008717145712580532;0.12421875
1235;7.004017382342684;1.0;0.34954479282725903;0.29055511288454994;196.82993936799787;-0.022476804023608566;0.0356705168262124;7.74548909664154;0.009672609239351005;0.1330078125
1236;3.872816979161657;1.0;0.4289730112712067;0.38961556128421915;176.41470479986464;-0.010495209228247404;0.11019576825201512;7.751076054573059;0.009516665618866682;0.1361328125
1237;6.008679708774501;1.0;0.4298782426684899;0.4397164024256881;107.9447053426753;-0.01467913705855608;0.03950336705893278;7.753617739677429;0.009438867110293358;0.1306640625
1238;6.48717946676209;1.0;0.3363549728619458;0.29216359411789056;248.06578868583685;-0.014339621271938085;0.09809994623064995;7.752420854568482;0.008284301543608309;0.1107421875
1239;6.4408335770067495;1.0;0.37465022589871233;0.35504415321734173;199.39861408601612;-0.004391368478536606;0.028638505609706044;7.758157730102539;0.008153110614512116;0.107421875
1240;5.648481330903598;1.0;0.370501632337088;0.38059262085044837;270.9425959201257;-0.003717579133808613;0.07059838697314262;7.762135314941406;0.010018746613059192;0.1376953125
1241;5.992467834655511;1.0;0.47513035483644517;0.5293547298339515;228.21601163827378;-0.00791425658389926;0.038982311449944976;7.768955230712891;0.008182894752826542;0.1109375
1242;6.230839939943909;1.0;0.5333529612173117;0.6461198963784429;171.2239376933507;-0.003946568281389773;0.03243182469159365;7.773479795455932;0.009439475159160793;0.1412109375
1243;4.912803503649468;1.0;0.48385889366405627;0.5633620910271299;213.7619702230206;-0.006931640300899744;0.0755832651630044;7.771585202217102;0.008207092841621489;0.101953125
1244;6.2324779837819015;1.0;0.4180256573015042;0.4084815534525399;155.2358162711988;-0.01502401705365628;0.050422212947160004;7.764681005477906;0.009139344922732561;0.12734375
1245;-3.8771922604323525;0.0;0.0;0.0;505.6459520651913;-0.01217835173010826;0.009979669703170657;7.759405398368836;0.010157879092730582;0.14140625
1246;6.655540059460981;1.0;0.3661123929148186;0.32315109917521695;198.92490952787477;-0.0031954985111951827;0.03177856667898595;7.759604525566101;0.01195082503836602;0.1689453125
1247;6.5776748369544045;1.0;0.415693697462032;0.3804747246473902;156.75435970526513;-0.00391784543171525;0.08894786294549703;7.760166501998901;0.006939427985344082;0.0947265625
1248;6.21506532317542;1.0;0.36717393415250615;0.3300563659013367;169.32157935342687;-0.010914534679614007;0.06232905853539705;7.761366963386536;0.010014280828181654;0.141796875
1249;7.150925904630413;1.0;0.42173848110220036;0.4133004816909688;141.43159114149609;-0.010933284508064389;0.01723770136013627;7.76708071231842;0.009474062139634042;0.1306640625
1250;4.938706825262335;1.0;0.4265406777030252;0.3880091648786887;218.23017739814128;-0.014327952871099114;0.01126553991343826;7.774742841720581;0.01025242090690881;0.1431640625
1251;5.078846538770168;1.0;0.47910477329482815;0.5260995023942944;136.28841999743491;-0.005743735400028527;0.06081221103668213;7.779748964309692;0.008084796043112874;0.111328125
1252;-8.58791887627931;0.0;0.0;0.0;447.56365370410526;-0.015767811564728618;0.10971238128840924;7.7808960437774655;0.009914911945816129;0.1349609375
1253;6.77342361712466;1.0;0.3695729743021848;0.3009966597477459;192.1387741561597;-0.020662322465796024;0.011077143310103565;7.782814264297485;0.012903760769404471;0.171630859375
1254;6.462272865242651;1.0;0.4473642984131036;0.4672084386742451;253.7912938618668;-0.010782362148165702;0.07348465193063021;7.784692239761353;0.011544317833613604;0.1525390625
1255;7.29772309658977;1.0;0.3797138321342296;0.38342387288646085;197.5943784246768;-0.006186380470171571;0.04392721336334944;7.7886073112487795;0.007083559001330286;0.0873046875
1256;6.226525210786949;1.0;0.46427377238314727;0.540413049895321;266.8627561987555;-0.0056184476241469385;0.0385041662491858;7.785750055313111;0.0076086118817329405;0.1076171875
1257;6.19022734795254;1.0;0.42940975124681374;0.48836026859112147;223.70243681416545;-0.00946540515869856;0.06284685302525758;7.782027006149292;0.010157835786230862;0.1345703125
1258;-2.221064047812394;0.0;0.0;0.0;279.76660233718775;-0.014333103038370609;0.039159215753898025;7.780214643478393;0.007530473871156573;0.1005859375
1259;6.577411609692707;1.0;0.3380744464801682;0.3191946896488046;217.82991537131429;-0.015371799794957041;0.05595721248537302;7.778001236915588;0.0061164649436250326;0.0791015625
1260;7.009365639324772;1.0;0.3564496943639343;0.38052291811613154;241.84579434638806;-0.007454339554533363;0.023735853796824812;7.782304358482361;0.008947646932210774;0.1271484375
1261;7.1952012155536025;1.0;0.4404118368202549;0.4184651188108174;189.16995092118586;-0.012744763912633062;0.06350206844508648;7.7865067481994625;0.009270688169635832;0.1326171875
1262;6.959162943895929;1.0;0.3613667050462815;0.3217774163275348;204.83149356462414;-0.009558825311250985;0.022094451868906618;7.786328721046448;0.008225977409165353;0.117578125
1263;6.129496023562059;1.0;0.44319774278588614;0.4952640683554168;173.23603965012794;-0.008741267491132021;0.043363393563777206;7.785168766975403;0.008417155779898166;0.1158203125
1264;6.768563488217631;1.0;0.380852089487996;0.37256905466334783;345.82569339055243;-0.012185251154005528;0.05073801819235087;7.783118391036988;0.015073445707093925;0.189453125
1265;5.9628306634845405;1.0;0.45652402922102003;0.48958017052406194;131.19534127174526;-0.013135000877082349;0.04288015030324459;7.783210754394531;0.011273567215539515;0.162109375
1266;6.420973673382086;1.0;0.443156252437021;0.47296101360178405;291.14211692257464;-0.016491329483687877;0.04413560768589377;7.784425282478333;0.01051887784851715;0.1474609375
1267;6.514762392965242;1.0;0.5648779502532915;0.7247261574698867;98.10433289158173;-0.016182781616225838;0.01970324832946062;7.776049852371216;0.012763649644330143;0.1705078125
1268;-8.155261886752292;0.0;0.0;0.0;539.5888135417713;-0.009754194435663522;0.069416887126863;7.771970534324646;0.01167342405533418;0.152734375
1269;6.765065748367682;1.0;0.34816867514718924;0.31736616567767645;260.57925952516536;-0.010119205527007579;0.05740462839603424;7.772287321090698;0.010238551488146185;0.124609375
1270;6.7062354830654565;1.0;0.34068835283148424;0.3151604094036759;283.32225129864696;-0.0065225664060562846;0.015835187677294017;7.778004384040832;0.009286663541570307;0.1314453125
1271;6.869332864404992;1.0;0.37556028645292144;0.325969574500924;193.15941893667951;-0.0074489803053438665;0.029606313724070788;7.786533403396606;0.01002030175877735;0.142578125
1272;5.110392410062394;1.0;0.4651752033030698;0.5250862498332167;292.8222203584138;-0.009182541025802493;0.042679899372160435;7.7892733335495;0.009724446979817003;0.124609375
1273;7.035820123361569;1.0;0.4309847048888334;0.4112032102305378;136.91564069518057;0.00539383040741086;0.031039848830550908;7.793049716949463;0.008365867019165307;0.116015625
1274;5.939530500442892;1.0;0.32999038569634304;0.30244054684202903;230.60742360772065;-0.00953890117816627;0.012758586881682276;7.793998551368714;0.008870068471878767;0.1265625
1275;6.994333750788519;1.0;0.3975984719368012;0.37361280557125737;276.6233128397767;-0.011075151525437832;0.0498395599424839;7.792784523963928;0.007972725573927164;0.1123046875
1276;6.890015849039948;1.0;0.42276590605284026;0.4229162583478392;205.96640510804775;-0.004137491900473833;0.053670702036470175;7.79242627620697;0.011377646762412041;0.161328125
1277;5.3901965200644355;1.0;0.4670421486159299;0.5256720501225273;228.66814876234858;-0.013190154684707522;0.030256946804001927;7.795002436637878;0.011254723952151834;0.1634765625
1278;6.303965869189753;1.0;0.43875304941708587;0.4893675316436448;161.44090909383053;-0.002042903518304229;0.03910255972295999;7.795368194580078;0.008842946903314441;0.117578125
1279;6.83480371488667;1.0;0.32545081246645785;0.24259614579691716;203.32325558974836;-0.004301397199742496;0.04644147157669067;7.792187309265136;0.009414122067391872;0.1265625
1280;5.68591895752969;1.0;0.44811654647256915;0.4861981319393844;310.6752458665972;-0.009231837699189782;0.06725999610498548;7.788695931434631;0.011626804084517061;0.1572265625
1281;6.8088632704016065;1.0;0.3944096662328339;0.4419675160142775;296.00208679160755;-0.004525680840015411;0.026257299864664674;7.788018727302552;0.010652502253651618;0.154296875
1282;5.650847240950227;1.0;0.41868704270125146;0.45592366173069604;416.40018367988074;-0.010123975435271859;0.046294222865253684;7.788277935981751;0.012676930020097643;0.1779296875
1283;5.882578906901546;1.0;0.3755846476402949;0.298871675578455;183.40293157520176;-0.008082961058244109;0.020140668470412494;7.785385656356811;0.010966802842449396;0.1560546875
1284;6.486206845958376;1.0;0.37225644747979153;0.3433167498653316;163.31373965835934;-0.01484972690232098;0.01957228556275368;7.783029007911682;0.012032353482209147;0.175390625
1285;6.187534479529919;1.0;0.46179376732748956;0.5265513869994823;175.35004516743192;-0.01629654299467802;0.0578767029568553;7.777842164039612;0.011918671685270965;0.1802734375
1286;5.947610528900945;1.0;0.3671454774714443;0.3515850587730429;375.12784908853683;-0.010375724220648409;0.06673195734620094;7.780491209030151;0.012725837610196323;0.1783203125
1287;5.8721397552572885;1.0;0.3835371294747048;0.4158380893687489;515.7584259580473;-0.012438749894499779;0.05549383480101824;7.780231261253357;0.0108652078313753;0.1513671875
1288;6.127364566690462;1.0;0.4350422590956509;0.42499982116057133;195.7165377327707;-0.019875764846801758;0.021312229335308075;7.783312749862671;0.0082391822244972;0.114453125
1289;6.306650545436598;1.0;0.5162310015453015;0.5912858043567054;215.92647487285856;-0.020628942549228667;0.050918119680136445;7.7855873823165895;0.009164370747748762;0.133203125
1290;5.880282263809514;1.0;0.45872314436583644;0.5456626264174851;359.94184680991225;-0.015265581337735057;0.0813733508810401;7.785742616653442;0.009603343589697033;0.133203125
1291;6.936656381279836;1.0;0.3149426360294041;0.3078522375098099;239.82880694382078;-0.0043709508143365385;0.029858425632119177;7.787743663787841;0.011147152830380947;0.1494140625
1292;6.1795134013669;1.0;0.4330730441597229;0.43803633524445285;279.83834700572095;-0.008808990661054849;0.03933350211009383;7.783200478553772;0.008881116297561675;0.1201171875
1293;5.809788339284395;1.0;0.48247994693262947;0.5251705520543276;279.9361328396607;-0.00825692256912589;0.01099211077671498;7.772301983833313;0.009365499892737716;0.134375
1294;5.85154499563836;1.0;0.5005918337436837;0.5877742549189832;315.2874840249306;-0.00896668927744031;0.024495102977380157;7.768972301483155;0.011252544657327234;0.1552734375
1295;6.2609728540575045;1.0;0.4384252322167172;0.4056012417613899;142.9136302806929;-0.007259920286014676;0.047549092397093776;7.769990682601929;0.01013038249220699;0.137109375
1296;6.343398023302965;1.0;0.46385779921688974;0.4879178673524556;147.4259033753523;-0.007506064651533961;0.06157864015549421;7.771192741394043;0.008522188640199602;0.1216796875
1297;6.173072848797336;1.0;0.4364630433709922;0.442567753389147;117.57257857476586;-0.012501586682628841;0.013406280009076;7.774753260612488;0.010720587591640652;0.146484375
1298;6.79781820679027;1.0;0.39563073855437014;0.3744313668767926;153.2549066567146;-0.012745493557304144;0.05084004336968064;7.773132920265198;0.010952786158304662;0.1576171875
1299;5.21437499386129;1.0;0.4388773636022637;0.5091075958864956;411.96357923612084;-0.013402435183525085;0.023757609259337186;7.769625949859619;0.009714050265029073;0.133984375
1300;6.789813456618994;1.0;0.3987597980104389;0.35948677787146344;235.8041148139845;-0.007601303514093161;0.024484639754518867;7.7679020166397095;0.009296335198450833;0.1306640625
1301;6.238793477017839;1.0;0.43488800860060156;0.4121456246376906;166.12497162108386;-0.00844615655951202;0.057460037246346476;7.767873001098633;0.008134051272645593;0.1169921875
1302;6.835151106286063;1.0;0.3809431565641692;0.2960739580622519;146.09795486169645;-0.0034855613484978676;0.06182569675147533;7.7658624172210695;0.008017498778644949;0.1126953125
1303;6.805819017340426;1.0;0.3809304789753501;0.4244191209025911;556.6887563617906;-0.014209354622289538;0.013044500537216664;7.765084147453308;0.00952364990953356;0.1390625
1304;6.121009988887497;1.0;0.4129739148800535;0.40667938524210784;150.47536597014243;-0.010734543669968843;0.018394812662154435;7.770503854751587;0.012609857472125442;0.180859375
1305;5.463656006521703;1.0;0.40555319617877283;0.46862121800306933;376.82132404779173;-0.013114982610568404;0.031301833037286994;7.776269721984863;0.009913613554090261;0.1341796875
1306;6.349389711661706;1.0;0.2972740276266559;0.21852477535421602;227.53817134810623;-0.007719144597649575;0.04738335246220231;7.781458950042724;0.011204082798212767;0.1578125
1307;6.677820122246066;1.0;0.38491312378499337;0.3247212939580338;225.71257496445662;-0.014076465833932161;0.025945891719311477;7.787572026252747;0.012982948718126863;0.175390625
1308;6.453611324542694;1.0;0.31341977080951783;0.27133279258798415;340.9712976769906;-0.014470398053526878;0.042335851676762105;7.790883564949036;0.009780851285904646;0.1421875
1309;-13.706714755902228;0.0;0.0;0.0;583.4166391093949;-0.01705112257041037;0.008623896003700792;7.794369769096375;0.012467122718226165;0.16484375
1310;5.7953615716986855;1.0;0.44141955933093485;0.5054411162899332;387.1718369583035;-0.01562707554548979;0.02350281453691423;7.797450470924377;0.013285425340291113;0.176171875
1311;6.722326147100528;1.0;0.37912410562791554;0.2830432161575287;186.69238308000604;-0.011373907374218107;0.03444167077541351;7.7981017351150514;0.011087694484740496;0.1490234375
1312;2.3758068121555223;1.0;0.3388477335115691;0.2710787021868047;271.2721939395268;-0.012326466850936413;0.02940264279022813;7.8055623292922975;0.011008595651946961;0.159375
1313;5.123692640937848;1.0;0.4309774859098657;0.4075518861830204;222.32815037500907;-0.014759300276637077;0.01367045878432691;7.813630104064941;0.00952163003385067;0.1359375
1314;6.21991525260283;1.0;0.4737613538409468;0.501724923697521;170.6269475948485;-0.009120379155501724;0.032193575892597436;7.823849821090699;0.009448379755485802;0.135546875
1315;5.801784859490367;1.0;0.3793329922596057;0.34565206107841184;267.77203670574636;-0.009096965775825083;0.046962163504213096;7.828014588356018;0.0073009125189855695;0.0994140625
1316;6.164096782590624;1.0;0.4008825815954447;0.36326639409076505;290.83902800609764;-0.013735594903118908;0.035831314697861674;7.826845288276672;0.010656640236265957;0.1412109375
1317;6.792541427934518;1.0;0.37473696679469704;0.33969987913371064;358.4163381860039;-0.019914817181415856;0.034884365368634464;7.82048225402832;0.0077939406270161275;0.1099609375
1318;4.528223016230502;1.0;0.45461097533150724;0.36847844395806495;119.49283523630126;-0.009845816972665488;0.02777824392542243;7.815433979034424;0.010399197216611356;0.13828125
1319;6.531877735708639;1.0;0.4123459003067173;0.4428577015390322;220.6337714191102;-0.011531784199178219;0.018573176674544813;7.812265372276306;0.007933028042316437;0.1048828125
1320;1.37108944685846;1.0;0.531142360451556;0.5715667615962455;276.4075822330856;-0.0026357484399341046;0.029709977842867375;7.809634327888489;0.009678868018090725;0.1484375
1321;6.193982847130297;1.0;0.41500145551159956;0.38031211509191537;284.2990735168503;-0.009569032303988933;0.02169235683977604;7.808378672599792;0.008469974552281202;0.1017578125
1322;-0.8007041706240825;1.0;0.4914700131725074;0.5052155255690058;413.03009058018796;-0.008418895048089325;0.036715193558484314;7.808667445182801;0.01022142997244373;0.1470703125
1323;6.114285430809341;1.0;0.40412351314630723;0.4143892446041908;442.9433669847369;-0.011593603156507015;0.022841413132846357;7.8056669473648075;0.010327091754879803;0.148046875
1324;-2.024069609612994;0.0;0.0;0.0;454.715566997136;-0.009015645086765289;0.019403551099821927;7.802272820472718;0.007194238062947988;0.093359375
1325;5.203703539105673;1.0;0.37316224175476115;0.2890730699548909;253.27930029812373;-0.013118910789489745;0.021484068455174567;7.8029248237609865;0.012001400033477693;0.1662109375
1326;-0.7644951625429828;1.0;0.3228745820656268;0.17136193648482448;348.7912763794529;-0.013414608826860786;0.04971404178068042;7.806655907630921;0.012108218192588538;0.1736328125
1327;6.73756068445369;1.0;0.4022198417536164;0.38954310635466916;224.7140869465032;-0.013068720791488886;0.014170549693517387;7.801139402389526;0.00962492855032906;0.138671875
1328;6.290901404985425;1.0;0.31790496861165124;0.2535129709656248;301.23477665811004;-0.010776011599227786;0.020518214209005237;7.797600054740906;0.0093770885723643;0.1318359375
1329;6.2362414484073;1.0;0.5395002098228586;0.6313031578581224;136.72992973361258;-0.0059365126304328445;0.035412576515227556;7.799451899528504;0.011257394892163574;0.1541015625
1330;6.147220395615442;1.0;0.3497861830112072;0.3490434844084442;302.93777275660733;-0.004217152856290341;0.03132588407024741;7.800171637535096;0.007905827532522381;0.1078125
1331;5.707221397238486;1.0;0.39824843291408185;0.3595520451938624;234.00928411649417;-0.01188291669157999;0.03375929507559964;7.80070424079895;0.01224696243714009;0.15597098214285715
1332;5.206818545732313;1.0;0.31920883169558273;0.30719645306156507;574.7015750477448;-0.009109151363372803;0.027420897874981164;7.801885724067688;0.0104096774244681;0.142578125
1333;5.161168906158461;1.0;0.36807514954407466;0.34685929759372597;361.26565689185117;-0.01380111211910844;0.05962439645081759;7.806256556510926;0.010054954153019935;0.1361328125
1334;5.223664206627799;1.0;0.2969821806088873;0.2288487697157964;398.38224203003733;-0.01692711291834712;0.03891338286921382;7.804658341407776;0.005843982961960137;0.0767578125
1335;5.941901158494844;1.0;0.3318743994906212;0.3547685888424535;667.1642794627098;-0.011387666501104832;0.006242956966161728;7.803561711311341;0.008360959764104337;0.111328125
1336;6.014158040131496;1.0;0.26913324875011935;0.2047991535030291;306.72328872350573;-0.007586324913427233;0.0154699950478971;7.808304476737976;0.011486557079479098;0.1546875
1337;-0.05894733134832064;1.0;0.539844591895024;0.6152594616433236;147.20941508657418;-0.009153654519468545;0.04164156205952167;7.806139302253723;0.009999880415853113;0.1458984375
1338;3.5088737504072243;1.0;0.4069464301022114;0.36163591093656067;258.7581511741119;-0.008362552127800882;0.012831016909331083;7.811041593551636;0.013243690540548414;0.188671875
1339;4.364955355543331;1.0;0.3312772751744511;0.33253382052610264;605.0016801301972;-0.003950860863551497;0.01845367285422981;7.8154106616973875;0.009357921313494444;0.125390625
1340;1.6869569036574052;1.0;0.317253496788253;0.31082443881555377;630.299667837757;-0.013928729481995106;0.02012097341939807;7.818740582466125;0.009264693327713758;0.127734375
1341;5.235300418598323;1.0;0.39347154532203166;0.2976411664681322;160.850502143367;-0.007712685875594616;0.027475128322839736;7.821354818344116;0.010301905474625528;0.131640625
1342;4.044317289004829;1.0;0.34105323320401837;0.30541129177025816;280.42765678894324;-0.01622256077826023;0.012026322260499;7.819978642463684;0.009379639104008675;0.1267578125
1343;1.5938332631330194;1.0;0.2978946006511298;0.22369637731894146;231.28305314243926;-0.007140036532655358;0.018185267131775616;7.822136640548706;0.007143517525400966;0.0955078125
1344;4.784196875297285;1.0;0.30181971453933243;0.23222142431096593;241.28731226469768;-0.024633570667356254;0.030202669743448495;7.824609923362732;0.009861021267715842;0.1267578125
1345;5.230560030825359;1.0;0.37704354417412406;0.32434534280060734;182.64075375942602;-0.005027047172188759;0.006428107246756553;7.823763918876648;0.00798616799293086;0.1111328125
1346;5.511361787592224;1.0;0.39586250647272725;0.33956152344287827;193.24039368313186;-0.011097998544573783;0.013674826244823635;7.824215340614319;0.012794956099241972;0.155078125
1347;5.31115222399216;1.0;0.40463672473160395;0.4452065658090761;451.3292192654367;-0.007263858709484339;0.020109501481056214;7.828668808937072;0.008863327407743782;0.1173828125
1348;1.6455733281247449;1.0;0.3711061216020646;0.42852561914280024;288.89796894615273;-0.011625793017446994;0.03825519783422351;7.834320330619812;0.008006784308236092;0.1130859375
1349;4.920489612800071;1.0;0.32764252594172005;0.3098403817309291;387.1390632647477;-0.00984659711830318;0.047809961065649983;7.839778208732605;0.012362293875776231;0.166015625
1350;5.3500712992905655;1.0;0.3459116845382524;0.31394734344547687;399.15374381253014;-0.008082487480714917;0.00897451457567513;7.839610862731933;0.008268761949148029;0.1150390625
1351;4.812461487832071;1.0;0.3042972206115531;0.22661747781654054;227.6565302098035;-0.023616186715662478;0.02252688859589398;7.838761305809021;0.011706009809859096;0.1625
1352;2.277728765328531;1.0;0.41844141826950065;0.2943060459847618;173.9739519896138;-0.018811028636991977;0.03111181017011404;7.835711789131165;0.009149901778437197;0.1232421875
1353;2.4359537487379788;1.0;0.3825197149862016;0.4444145261784252;512.8222899257712;-0.013024174561724066;0.03583383336663246;7.838252973556519;0.007363079185597599;0.0970703125
1354;5.31394543394641;1.0;0.27814970547628565;0.20493778892964168;396.9692102343667;-0.01033292526844889;0.016499341209419073;7.83814914226532;0.00942794387228787;0.1453125
1355;0.9087074613984529;1.0;0.39931528925650867;0.31273605601012183;263.901502143183;-0.004436241742223501;0.03607346648350358;7.836960816383362;0.0064902982790954414;0.0859375
1356;2.5379960939956563;1.0;0.42650085973692586;0.39846684683344;367.6591801388915;-0.0037314733980517638;0.03105807353399302;7.834092717421682;0.012506890466044607;0.16180098684210525
1357;6.118933730192368;1.0;0.4028252558593539;0.3876917895939453;189.22219654078307;-0.01031540425028652;0.026819225400686264;7.830705976486206;0.008654407586436718;0.1162109375
1358;3.9028881907003203;1.0;0.37703516475783083;0.36059904081324334;442.9317052129162;-0.018629412911832333;0.03893826566636562;7.829644894599914;0.012960182875394822;0.1841796875
1359;5.704175944339022;1.0;0.3304480286275791;0.2648983754941156;289.51421309014677;-0.010095040360465646;0.016116614732891322;7.828777194023132;0.013990457390900702;0.1841796875
1360;5.884273635170006;1.0;0.43838716202432104;0.46259425863663134;309.3367318418418;-0.009228342282585799;0.023584898840636016;7.82451069355011;0.010923228808678687;0.1361328125
1361;3.961416187508783;1.0;0.3132045395576032;0.2215875572888403;303.59909620498877;-0.006709023169241846;0.0220094102434814;7.821857380867004;0.009609318431466818;0.1296875
1362;6.02271986044501;1.0;0.3223722273173429;0.22740418052971678;242.73716116457845;-0.012756393291056156;0.04083228651434183;7.822528409957886;0.010839645180385559;0.1611328125
1363;4.431588946080344;1.0;0.3666836749498199;0.3898038784699614;541.10491648723;-0.005281909648329019;0.022063589887693524;7.820579767227173;0.0073939395602792505;0.1060546875
1364;1.2872583016008865;1.0;0.351120759394296;0.27815491859177205;180.79633514949572;-0.0070347926579415795;0.02155530764721334;7.814198994636536;0.009186183544807136;0.1369140625
1365;4.501975701980754;1.0;0.4600391293593546;0.3851010910758422;136.3486461808123;-0.010028903046622873;0.013663023011758924;7.807270050048828;0.007168705272488296;0.105859375
1366;5.731641167190658;1.0;0.3567350249964143;0.3038563189935057;292.5923576949202;-0.010994324553757906;0.03462098659947514;7.8072904586792;0.01054821292636916;0.14765625
1367;0.38396902948317013;1.0;0.43290153415188454;0.41734446292349653;261.26387745600374;-0.004554973170161247;0.061801043408922854;7.803983092308044;0.007005017425399274;0.0943359375
1368;-0.4336254017179817;1.0;0.40998858184821535;0.36642269360587604;335.8282377901468;-0.018903172833638057;0.031036084310875997;7.79850271013048;0.012453984029384123;0.1586371527777778
1369;5.875156096890956;1.0;0.4712391903036356;0.5134076187229306;274.297893482702;-0.012843419262208045;0.016144430451095104;7.791381454467773;0.008298386377282441;0.1115234375
1370;3.0697225326562174;1.0;0.39903002631867135;0.4158892706465799;352.11474221581307;-0.0020152649376541376;0.01872630654834211;7.786879968643189;0.013511908438522369;0.17578125
1371;6.020874813752179;1.0;0.3449750969769903;0.3487132861566459;312.32182853053285;-0.012002513417974115;0.037864184100180866;7.7849125623703;0.010506580967921763;0.145703125
1372;5.913922530421198;1.0;0.48473851663273115;0.47769542739217274;187.04999917473558;-0.01346789849922061;0.025291330693289638;7.783252739906311;0.01076322803273797;0.1564453125
1373;-4.17560650285324;1.0;0.4881008760723779;0.4690536475762329;374.52659280936473;-0.00789652216481045;0.02556181503459811;7.778288984298706;0.011926312115974724;0.1609375
1374;5.626485222344328;1.0;0.4252751426867822;0.3950732114027;213.8343219842983;0.0004060820210725069;0.0255929303355515;7.772178101539612;0.009425074642058462;0.140234375
1375;5.935242758220642;1.0;0.40994977899838364;0.4339300279898442;371.1110452374561;-0.00624611908569932;0.016335577797144653;7.767080497741699;0.008307207387406378;0.125
1376;5.062586908506171;1.0;0.3890229320022428;0.3858326465553763;416.189896006106;-0.01235360293649137;0.018479793239384888;7.765408778190613;0.009363751474302262;0.1259765625
1377;5.082139088056351;1.0;0.511941098931611;0.497672333062762;96.63154419869805;-0.014236950129270554;0.022875400073826314;7.7631172180175785;0.010959203925449402;0.1578125
1378;5.316880803315614;1.0;0.2926987422210171;0.3476798339414623;662.3354818421465;-0.0054150468204170465;0.017403549095615745;7.758403658866882;0.008126124436967076;0.1056640625
1379;5.647822663341644;1.0;0.2845413339323489;0.21832293022200308;271.13669175890544;-0.011470791976898908;0.03854753915220499;7.7533119201660154;0.010915967461187392;0.15859375
1380;6.045004708007195;1.0;0.3707938617558591;0.28826393224924246;200.01566518475377;-0.010758808441460132;0.006079047871753574;7.7524011611938475;0.008125341404229403;0.1189453125
1381;5.545919876842364;1.0;0.4274996674384361;0.44656759831951054;410.5716648276817;-0.005511914007365703;0.022182254726067184;7.746687126159668;0.010757198638748378;0.1578125
1382;5.620194589220899;1.0;0.36244907031424023;0.35379894030689396;316.5644594583389;-0.010654506646096707;0.020295858988538383;7.740218567848205;0.009526233840733766;0.1388671875
1383;6.668841124615534;1.0;0.35642846665871825;0.29727476843182105;191.31874545003274;-0.011858486710116268;0.023739537596702574;7.739428973197937;0.010531141073442996;0.151171875
1384;5.554820703980401;1.0;0.35511237940351353;0.38552387821352635;456.2705213119062;-0.00749372981954366;0.0852593039162457;7.735749197006226;0.01426668263738975;0.2064453125
1385;4.151605872836005;1.0;0.590615268635408;0.647122836712748;115.2506617739391;-0.0174700353294611;0.010086788749322294;7.735424160957336;0.013577790220733733;0.178125
1386;6.804132002806535;1.0;0.5297541478850114;0.7543154013416415;179.47943625881035;-0.00993433124385774;0.0258231648709625;7.736161828041077;0.015710523282177747;0.236328125
1387;5.931453589832296;1.0;0.28240884987080206;0.21186147690071927;295.17499034778433;-0.013179720705375075;0.023695043521001935;7.731599235534668;0.009994538640603423;0.137109375
1388;6.072206145283243;1.0;0.47940895668396566;0.4671752278528304;186.0273208261429;-0.02036756565794349;0.01203315022867173;7.725219130516052;0.0122002471704036;0.1572265625
1389;6.4639876348830025;1.0;0.3156405774703944;0.36821982750789933;379.26973558148234;-0.008799236128106713;0.0031322714756242933;7.722758960723877;0.008801441174000502;0.1201171875
1390;6.122287396509776;1.0;0.527843580380743;0.6679712003864384;150.29726846897216;-0.01261149044148624;0.012047053733840584;7.71820285320282;0.008625046990346164;0.1271484375
1391;6.973960543987378;1.0;0.395604479479018;0.36638534531261424;200.41568719265706;-0.007866610819473863;0.022272264352068305;7.714167165756225;0.008538670721463859;0.11953125
1392;5.377301289015669;1.0;0.3476455416836415;0.31218452984921347;350.45296075766;-0.007109590293839574;0.014310550689697266;7.707999515533447;0.00804506269050762;0.111328125
1393;6.046389684779237;1.0;0.44212545307776935;0.4394354829362218;175.49791731262005;-0.008980802027508616;0.01737005840986967;7.707813692092896;0.01238065428333357;0.16484375
1394;6.3015408563969935;1.0;0.3848712588242456;0.2908361829742697;168.5928461407116;-0.016022871201857924;0.03652980262413621;7.70964515209198;0.013554830267094076;0.1759765625
1395;6.57878545314081;1.0;0.38797095874965803;0.33405277026003544;190.3914661860068;-0.012546203006058932;0.012309361365623772;7.713595199584961;0.008294938458129763;0.108984375
1396;6.001359700445029;1.0;0.4553493687870059;0.4787738573185741;306.3802440460566;-0.0071267284452915195;0.03258236618712544;7.717006230354309;0.00929759971331805;0.1328125
1397;2.9063507172560943;1.0;0.5939658889389148;0.6880245426792584;214.4279313935887;-0.0011903563514351844;0.023234300315380096;7.717675518989563;0.00883660811232403;0.1263671875
1398;4.936910923262673;1.0;0.3412851768893945;0.4055066677952686;382.7250989676344;-0.013784741843119263;0.02505034413188696;7.7155458450317385;0.010118615464307368;0.1359375
1399;3.7980543582314086;1.0;0.49881995956193814;0.5897586464910832;291.2076441608987;-0.01707113767042756;0.014866645541042089;7.71274471282959;0.01193552544573322;0.16953125
1400;6.490518310769641;1.0;0.5265257619494843;0.5733900875264955;145.52467109925004;-0.004506488586775959;0.026412005210295318;7.713248014450073;0.010482430667616427;0.15
1401;3.2609812046133078;1.0;0.4646511426667024;0.35627323893512497;151.9824308603296;-0.007269877381622792;0.015171347791329027;7.717389488220215;0.00990988229168579;0.1408203125
1402;5.475508403658319;1.0;0.4953618148967686;0.5749050794198006;362.3339335528595;-0.012674430478364229;0.012015752214938401;7.71797034740448;0.008273612183984369;0.1189453125
1403;5.92749813776272;1.0;0.36835830778570927;0.3358314615203142;205.87845098424367;-0.014089480508118868;0.012480462400708348;7.716162896156311;0.011463195981923491;0.15546875
1404;5.706774780429978;1.0;0.356229842496263;0.33694368378449546;486.3218964818786;-0.007498182891868055;0.021877816086634992;7.7173529148101805;0.00982495176140219;0.1404296875
1405;5.634180760195898;1.0;0.4247417860607129;0.42021519353643033;289.68613804165193;-0.02038338268175721;0.03341924417763949;7.719830656051636;0.011994831473566591;0.159375
1406;6.752494531253893;1.0;0.357731085895642;0.31113936716768203;278.9936139156566;-0.016962053952738643;0.018404150428250433;7.712474775314331;0.011478046863339841;0.1646484375
1407;6.419517358507486;1.0;0.5812304911587572;0.5881451237790392;73.13391308174498;-0.002393894293345511;0.018371318327263;7.702909302711487;0.00888097028946504;0.123828125
1408;3.9986796782518663;1.0;0.5464376054421564;0.6351623091967855;253.90493693753086;-0.008526905300095677;0.023609152296558022;7.7004659414291385;0.011056303954683244;0.1546875
1409;6.396215551293762;1.0;0.5698454778109545;0.6624915734618076;160.75966359400334;-0.008433789107948541;0.02194117088802159;7.699927639961243;0.009137297421693802;0.133203125
1410;5.407934343003476;1.0;0.5278148413261993;0.548975877492219;159.69349319394976;-0.007049859780818224;0.025594937149435282;7.699425673484802;0.01123788709519431;0.15390625
1411;5.282141623706162;1.0;0.4846612022788019;0.6079728797094331;329.6687211510662;-0.01363929589278996;0.03337022913619876;7.702997446060181;0.009411337261553854;0.1291015625
1412;2.2218753567118847;1.0;0.4400639870190687;0.44043726486087714;290.1885465295893;-0.01525319186039269;0.017786935484036804;7.71332151889801;0.010657811874989421;0.148046875
1413;6.47521397245484;1.0;0.4480435641191438;0.40545664115198005;167.09863365660493;-0.014309985330328345;0.01520069178659469;7.714503502845764;0.007581916055642068;0.0861328125
1414;6.195840961928704;1.0;0.3379365799899973;0.3124499942818439;518.0522159263605;-0.01560109204147011;0.0831003051251173;7.715282273292542;0.00994196143001318;0.1271484375
1415;6.676230346802977;1.0;0.3617666793116107;0.3287128556909336;321.73187109387703;-0.016469167452305554;0.027541858330368995;7.718901038169861;0.009735926892608405;0.13359375
1416;3.2673414620698424;1.0;0.49910793754237087;0.45081173536635083;161.60574525525385;-0.008804035792127251;0.022062468342483044;7.720413756370545;0.00800246896687895;0.1103515625
1417;6.847554565889904;1.0;0.4100098218115347;0.3712339470720028;293.28523189262546;-0.011688153073191643;0.015883536916226147;7.722782182693481;0.009075663913972676;0.126953125
1418;6.794583492226809;1.0;0.7082428087214951;0.9985444902105765;43.43640852315077;-0.004649800388142467;0.042564714420586826;7.72520387172699;0.011453007080126554;0.16640625
1419;6.444036637473182;1.0;0.45312686627063686;0.4985637182336919;192.1080929040422;-0.011406862083822489;0.03054307596758008;7.724954080581665;0.010513769928365946;0.1509765625
1420;6.3623286547463;1.0;0.4252497872930295;0.3738885944252515;240.21755037626508;-0.010086378874257207;0.05020254999399185;7.723767590522766;0.009837278735358269;0.142578125
1421;6.529357843742387;1.0;0.6351818679374847;0.7694663203033244;82.39090893392199;-0.01624087169766426;0.005484603985678405;7.722423696517945;0.00970804993994534;0.1408203125
1422;5.8385474636919845;1.0;0.44134767060098923;0.37572438810520975;192.73491437059457;-0.014032362261787057;0.10601451937109233;7.725057363510132;0.011049013468436897;0.146875
1423;5.320017395404244;1.0;0.4647520260817514;0.4353195020963701;151.76380108088767;-0.0121002905536443;0.022959204902872444;7.720552206039429;0.010775551036931574;0.1609375
1424;-0.2823376921227103;1.0;0.47957713107975614;0.5324884382905458;354.9646294542687;-0.015286543918773533;0.01213281969539821;7.720599436759949;0.008914746472146361;0.1244140625
1425;6.551888985407503;1.0;0.31640234056325206;0.42925197189958414;458.89486364774467;-0.00833713449537754;0.015359661565162242;7.7240558624267575;0.009426301612984389;0.1369140625
1426;6.3656768072878815;1.0;0.49558363261030824;0.5663627528878574;329.93091413224295;-0.0069482744671404365;0.06686235852539539;7.727417302131653;0.014213933807332069;0.1912109375
1427;7.0001489724207575;1.0;0.3111177590374504;0.24626361902830873;196.88621249053722;-0.014230335270985961;0.04220408545807004;7.727528429031372;0.011439038056414575;0.14921875
1428;7.15963480167213;1.0;0.3792570162580412;0.29956290286653775;168.06693478403093;-0.013171489676460623;0.03505082679912448;7.728254866600037;0.009313372254837304;0.12265625
1429;5.7086868712915875;1.0;0.48540361855032105;0.4499897805159653;170.90674054015955;-0.006198957888409495;0.01874093385413289;7.726106095314026;0.01137773337541148;0.1669921875
1430;6.519465828550681;1.0;0.5031884112560042;0.5975564434728533;179.936292337929;-0.004263070086017251;0.056064133811742065;7.722051763534546;0.01098608928732574;0.1537109375
1431;7.230921135217524;1.0;0.4147137772370865;0.3947594533967297;255.33235502359705;-0.009176705405116082;0.047019814047962426;7.72059211730957;0.01116886360105127;0.167578125
1432;7.078960981375879;1.0;0.4203505352232436;0.361855588337685;215.61201055877402;-0.009452695259824395;0.03289464837871492;7.719716191291809;0.009088208863977343;0.1306640625
1433;4.029790317846901;1.0;0.4209505180486083;0.3717990674195658;165.94857739313872;-0.007802657783031464;0.014937180606648327;7.719712948799133;0.00965632569277659;0.136328125
1434;6.546985462361858;1.0;0.4980739275314025;0.6113569396790273;272.50738433604;-0.010986842168495058;0.03421663763001561;7.721692752838135;0.01133408786263317;0.1626953125
1435;-1.1422772935138248;1.0;0.646269134353692;0.703186738149723;224.80776076991262;-0.010420548124238848;0.009880149737000465;7.719962215423584;0.01165570814628154;0.167578125
1436;6.123983661414567;1.0;0.43786835835073556;0.41917008635540337;167.02496151955694;-0.007654715050011873;0.03850667690858245;7.717983913421631;0.009223739721346647;0.1263671875
1437;6.88750726587582;1.0;0.3999781159695895;0.36427641344478456;176.832886268172;-0.013114319974556565;0.04808111060410738;7.714383864402771;0.009685672854539007;0.1353515625
1438;6.987789619253651;1.0;0.34878456960077964;0.3389144494934326;213.82432474640493;-0.006709624361246824;0.011155779240652919;7.714872360229492;0.011062927497550844;0.13984375
1439;7.2116405519495865;1.0;0.38999522861130487;0.4487552731839462;271.8909678507397;-0.012678335653617978;0.028449712600558997;7.71208119392395;0.008319490833673625;0.1236328125
1440;7.088652668106828;1.0;0.46734542165513554;0.41364657580339853;154.32811695843336;-0.01622816165909171;0.04839964928105474;7.711296939849854;0.010771586536429822;0.1498046875
1441;3.6297755356099;1.0;0.4334187429634771;0.518170399980284;288.1791340127574;-0.01534808068536222;0.03769264118745923;7.711358189582825;0.011115984129719435;0.158984375
1442;6.502067505694173;1.0;0.44563872917278724;0.40947733978406864;214.75292679697543;-0.007255566399544477;0.05048977304250002;7.718168878555298;0.013134672574233263;0.171875
1443;4.2556437299833;1.0;0.5012454471091208;0.5764354352831197;362.28129064955573;-0.01878756770165637;0.08529981132596731;7.726386857032776;0.012844862777274101;0.178515625
1444;6.471616262231281;1.0;0.5099266776191046;0.5434874236541113;142.4692939657193;-0.021745197614654897;0.013632743200287224;7.732051372528076;0.010314720310270786;0.14453125
1445;6.916732866648285;1.0;0.4190003123859234;0.39674589045828934;158.98481686249312;-0.013965172553434968;0.030865865014493465;7.73704833984375;0.012291955505497753;0.1716796875
1446;6.810553516144742;1.0;0.49581553616636576;0.5384735589354495;169.96661548108335;-0.013585378974676132;0.04280262961983681;7.739014768600464;0.009888873645104468;0.1423828125
1447;6.396790763505124;1.0;0.5024052577235408;0.4935708682784369;148.1638593951486;-0.008948045037686824;0.09322635661810637;7.742587375640869;0.010995717160403729;0.144921875
1448;6.513451673754667;1.0;0.5250556563799308;0.5926260018404867;186.71211878126974;-0.0066969024017453195;0.00851834136992693;7.744895362854004;0.010725775081664325;0.1548828125
1449;6.702380052282013;1.0;0.4635727562865158;0.4480818469330288;137.60617123834362;-0.01155748765449971;0.034865775424987075;7.7467329740524296;0.009922828944399952;0.13984375
1450;5.732949614149624;1.0;0.5642953036311605;0.5611837007475821;134.74630837023906;-0.009496941952966154;0.019776545418426394;7.743411040306091;0.008491285296622663;0.1177734375
1451;6.317109085539563;1.0;0.5452875440221451;0.660812760152074;198.32084608160523;-0.014051234116777778;0.029034603945910932;7.747492432594299;0.01177803291939199;0.1671875
1452;6.067326575389275;1.0;0.5516910808149852;0.5934809921563997;155.23500167657616;-0.012908786605112254;0.07048872653394937;7.749641466140747;0.009530199249275029;0.138671875
1453;6.9780790097664855;1.0;0.42128630929649113;0.3687647550723013;194.84726627993734;-0.015868911426514386;0.037031493801623586;7.754793787002564;0.008543317636940629;0.125
1454;6.669978859378595;1.0;0.4975349747527975;0.5795441970655912;226.7275912936261;-0.01676016303244978;0.022489778930321336;7.752308654785156;0.014050607674289495;0.200390625
1455;3.417628428055167;1.0;0.5518692404037813;0.6638535366799392;308.63234928760573;-0.00883003193885088;0.019799381867051123;7.7505653381347654;0.011810425203293562;0.1427734375
1456;7.207433937491206;1.0;0.401740012759532;0.43611991065778455;280.2371162521678;-0.00808207900263369;0.058165773190557955;7.749994540214539;0.00865315361879766;0.119140625
1457;6.498326745009995;1.0;0.5163712313514317;0.6571794330805595;272.4211769633348;-0.011575124505907298;0.04737326754257083;7.753126931190491;0.009108603082131595;0.1240234375
1458;6.362636559282988;1.0;0.5157867988869527;0.5827576062515942;204.92914678684605;-0.012606019992381335;0.04103669505566358;7.753786587715149;0.007403063424862921;0.1037109375
1459;6.056562644204044;1.0;0.6501579504069664;0.8909108149043047;111.78532412890895;-0.015982389613054693;0.019208346540108324;7.760239863395691;0.01335002655396238;0.18125
1460;6.628627670200015;1.0;0.40860382580412874;0.41268707607634164;221.37041946015552;-0.008190705743618309;0.06382682817056776;7.761407685279846;0.0090117079555057;0.1203125
1461;7.526862767138828;1.0;0.4518189846617795;0.39837740346967876;161.15445394216007;-0.004381167655810714;0.03267512428574264;7.760093092918396;0.006577655440196395;0.08515625
1462;6.243167685575472;1.0;0.6239403745276603;0.7757518984301911;171.50592131302105;-0.005974984867498279;0.048564369510859254;7.756275224685669;0.01022263941122219;0.14453125
1463;6.3098609650410395;1.0;0.5005732253299652;0.5439182060263708;170.3180559721245;-0.012312990939244628;0.025546686351299287;7.757470989227295;0.009361954871565104;0.13203125
1464;7.367128553475416;1.0;0.451303087695004;0.43818422490693054;196.92404953064744;-0.005176996160298586;0.04617839818820357;7.758194041252136;0.00912259640172124;0.1322265625
1465;7.362740627034944;1.0;0.4546453441758454;0.43801455605053036;232.0773668195543;-0.01008399398997426;0.13104137480258943;7.7550949335098265;0.008757688745390624;0.121484375
1466;6.561440755318212;1.0;0.4978379274154872;0.4852951907701493;105.98325055828236;-0.00845851432532072;0.04089414291083813;7.761317181587219;0.010016048839315773;0.140234375
1467;-8.508193791546278;0.0;0.0;0.0;512.4455026039847;-0.007152366358786822;0.0336286804638803;7.7665687799453735;0.011836669559124857;0.1486328125
1468;5.914506321357935;1.0;0.4959483711821786;0.4677733011520215;178.75987652004568;-0.015546119073405862;0.11389615386724472;7.773089718818665;0.011400320322718472;0.1685546875
1469;7.331452539637968;1.0;0.49267634191262977;0.5216952635931379;252.65703248591424;-0.009282720368355512;0.011632529296912253;7.769814562797547;0.008766413712874056;0.1263671875
1470;6.71867263568413;1.0;0.5420855658815956;0.6798073530980557;281.27011141605766;-0.011890606442466378;0.010166100272908807;7.766556692123413;0.010681870032567532;0.14921875
1471;4.955115331607232;1.0;0.5188781250939056;0.6640280612150057;336.7401234844066;-0.015443379245698451;0.07223632577806711;7.770036363601685;0.009221516852267086;0.1251953125
1472;2.414982548381801;1.0;0.5444501471432964;0.5886133137737778;266.6289950839899;-0.004464000044390559;0.030237386701628566;7.770758271217346;0.008601711632218212;0.122265625
1473;7.0871671684839885;1.0;0.4450974504175894;0.40084961953397036;211.22734288964958;-0.01763504301197827;0.03533732872456312;7.774172902107239;0.008275478158611804;0.117578125
1474;6.099270434794363;1.0;0.3629894997289141;0.4739532893128483;245.38064172843403;-0.019288113107904792;0.05347131574526429;7.77940354347229;0.01011129084508866;0.1267578125
1475;1.4113245611756682;1.0;0.23209942112428533;0.18438744031940096;411.59328023027734;-0.0012957695871591568;0.02777737353462726;7.782788872718811;0.008773369761183859;0.1255859375
1476;7.209870285695738;1.0;0.4014587343857;0.38321515268871426;204.98031121055985;-0.019916450791060924;0.03772968910634518;7.776919436454773;0.008259189105592668;0.112109375
1477;-1.7892953519660093;0.0;0.0;0.0;745.5229961068376;-0.008480367995798588;0.04831394236534834;7.773146772384644;0.008696251397486776;0.1158203125
1478;7.132130523040407;1.0;0.3823532070926226;0.29753978735510805;197.3815103713526;-0.006126561295241117;0.032576043717563154;7.779975891113281;0.010629308107309044;0.1390625
1479;7.404703683401602;1.0;0.43374223020399205;0.381703483459154;216.86511994396557;-0.011119017377495766;0.021706632625025053;7.785840327923115;0.012516348139167978;0.15114182692307693
1480;5.695349331315246;1.0;0.372558522893968;0.3184619481084705;178.77451697018273;-0.02070280662737787;0.06284976024180651;7.79136061668396;0.013126235804520547;0.1798828125
1481;7.110055090564636;1.0;0.37258719329843853;0.3781396963651792;262.65758398461077;-0.004778256919234991;0.040764263831079006;7.798243808746338;0.006573702301830053;0.09140625
1482;5.647147231655027;1.0;0.6043997623197895;0.6517247911520979;115.75546364994;-0.01285947598516941;0.016379717644304036;7.799327611923218;0.010852041933685542;0.1486328125
1483;4.21543461227066;1.0;0.5487561538469726;0.6043462068856746;141.18270241180338;-0.012349883455317467;0.018793537514284253;7.798531246185303;0.00791256462689489;0.11484375
1484;-9.669241460485239;0.0;0.0;0.0;729.2723262864998;-0.01542619864922017;0.014906728733330965;7.791739296913147;0.010615650343243032;0.140234375
1485;6.090505527321415;1.0;0.4901958958583931;0.5540091317551049;289.6877472200425;-0.017196744889952244;0.02023725686594844;7.78753559589386;0.009249346400611102;0.1234375
1486;-3.5635942242415886;0.0;0.0;0.0;424.0370364159209;-0.013143266364932061;0.02648320784792304;7.786040329933167;0.008374583418481052;0.1107421875
1487;6.109979580937922;1.0;0.4283269497827302;0.3871111729164819;196.17039187018182;-0.012925455905497074;0.04191637048497796;7.788963866233826;0.00905164743307978;0.130859375
1488;6.933027812722234;1.0;0.4873867312026703;0.5839676119127792;376.2930653442702;-0.019018612708896397;0.029143575672060253;7.791620182991028;0.009190720110200345;0.1333984375
1489;6.82754347024912;1.0;0.4509458968003567;0.4233568990224293;178.637818491511;-0.0073892162181437016;0.008502862928435207;7.795909643173218;0.008061850047670304;0.1080078125
1490;6.439038299915895;1.0;0.48840327346087226;0.5482099146265812;246.1186330219915;-0.01263087992801478;0.022948834505912504;7.802066501818206;0.013437477259063408;0.16550164473684212
1491;-0.03902158836371861;1.0;0.3496781980066769;0.3582526800163042;247.9384725991697;-0.018462274735793472;0.025023480970412494;7.806277656555176;0.01019725106889382;0.147265625
1492;6.412807592028065;1.0;0.4937462209376431;0.48753143481995287;154.85669004096553;-0.011840186966583132;0.030517125222831964;7.811810827255249;0.007945286191534251;0.1119140625
1493;6.794976223365606;1.0;0.7068717501499426;0.9990928127454967;41.2700169952258;-0.013268986716866493;0.04391657612286508;7.816472387313842;0.011228236963506787;0.1599609375
1494;2.7748595248460557;1.0;0.2761893910939281;0.2072960286016842;312.27068752997536;-0.013297661487013102;0.046401506382972;7.813317108154297;0.009747666271869094;0.1412109375
1495;6.077476730333045;1.0;0.4065066176265735;0.3848872686805858;287.9178990140213;-0.011164295254275203;0.04062906540930271;7.812565612792969;0.010152510926127433;0.1431640625
1496;6.457462599443569;1.0;0.2819370355382446;0.2743838337959446;365.0223381475167;-0.0038352735340595246;0.02031803645659238;7.81196084022522;0.008029402885586023;0.1126953125
1497;6.781926996960029;1.0;0.44560148121889237;0.43585093136656394;224.3538404234534;-3.139744512736797e-05;0.027417537639848888;7.8100182056427006;0.005981184705160558;0.0810546875
1498;6.73768501222806;1.0;0.47723986764584686;0.6301737204969987;374.36453180523694;-0.011666722549125551;0.02892162245698273;7.816183757781983;0.008917288901284338;0.1169921875
1499;1.4703411055380857;1.0;0.3450851135276952;0.44395450333892084;607.319301010686;-0.012255760235711932;0.05038829427212477;7.818170356750488;0.010169609053991734;0.1435546875
1500;5.757355485397559;1.0;0.47613520155897204;0.533092080497087;360.3243516537891;-0.01425934531725943;0.012577119935303926;7.818572688102722;0.010035087051801384;0.143359375
1501;7.2026075995346455;1.0;0.39249321806543847;0.3478164589272092;268.6958937644994;-0.01115521821193397;0.05538121145218611;7.819556331634521;0.011091673572082072;0.14453125
1502;6.24337146596167;1.0;0.4918893066027272;0.5496827854305063;302.7557922005892;-0.013055789843201637;0.01207457953132689;7.816075730323791;0.011747081752400846;0.1669921875
1503;1.2369415455655535;1.0;0.5421846835312091;0.6802971806357108;344.42490316795556;-0.007086825277656317;0.06013242118060589;7.81613507270813;0.007477293442934752;0.1013671875
1504;6.87169279223674;1.0;0.5507135077797447;0.7121471089515123;147.8482867814307;-0.012830968759953976;0.029706286638975142;7.820502495765686;0.010304724983870982;0.146484375
1505;6.063993833545981;1.0;0.5009015129745271;0.5776758983269797;293.76801261351915;-0.015098821325227618;0.007390650454908609;7.822320532798767;0.009167007310315967;0.127734375
1506;-12.625381102842788;0.0;0.0;0.0;603.1947295066584;-0.012090237205848097;0.023302579252049326;7.824492955207825;0.010747630149126053;0.14609375
1507;5.353951338676318;1.0;0.6133096133775603;0.6179981908975365;88.86793467049806;-0.010561625659465789;0.05678500635549426;7.828741145133972;0.01190479468787089;0.16796875
1508;6.060826686894652;1.0;0.5955717804796129;0.699915498714087;173.11534895936893;-0.012831413559615612;0.008765487745404244;7.831192302703857;0.013287210837006569;0.1935546875
1509;3.6171855940780926;1.0;0.3606703543564859;0.2946571043119228;264.0116708119502;-0.012820368353277444;0.060459557361900805;7.832481622695923;0.012551690626423806;0.166015625
1510;6.590383612886644;1.0;0.46920242254329925;0.46161035552657026;203.9725335680333;-0.014805475436151027;0.019559405371546747;7.8300617933273315;0.014577336888760329;0.2041015625
1511;6.864007804597152;1.0;0.4050058969115247;0.38567373117852555;278.06126414252856;-0.01584171112626791;0.03253360902890563;7.83273344039917;0.011981320462655275;0.174609375
1512;6.427302161899833;1.0;0.6163073251670939;0.7119253649979093;124.75362389766308;-0.011634853656869382;0.021604956686496736;7.836142468452453;0.009605328808538616;0.125
1513;6.935510794398949;1.0;0.38613726519478675;0.3619069279898035;342.2523234611748;-0.01895830298308283;0.013238666020333767;7.82963809967041;0.008223560312762857;0.12109375
1514;3.031037355228173;1.0;0.4264562703401111;0.38639895955352105;205.31369635767436;-0.010721615515649319;0.04201373560354114;7.827298903465271;0.00956820611609146;0.1349609375
1515;5.6283945738607635;1.0;0.5443603258978602;0.6478981647291813;271.5090414910524;-0.012931406032294035;0.020136301498860122;7.835178542137146;0.01039917963789776;0.134765625
1516;6.569220202434547;1.0;0.476986860859249;0.4789428733697684;161.57251234718336;-0.0006477894727140665;0.012585932807996868;7.837477827072144;0.010607917199376971;0.1408203125
1517;3.447101723434577;1.0;0.6322542336339387;0.8023870736888222;275.6621241786686;-0.007599658844992518;0.026547169545665383;7.83571491241455;0.010443010518793016;0.134765625
1518;6.508918151744037;1.0;0.5104054237807074;0.5172514763176234;112.60251862294123;-0.009296000516042114;0.016472616279497743;7.833020949363709;0.010434896929655223;0.1396484375
1519;5.623998410428515;1.0;0.4493965402108467;0.38596142161044655;164.25127501690898;-0.0126132195815444;0.024072979157790542;7.833357954025269;0.008778993273153901;0.1197265625
1520;6.8347100588781595;1.0;0.4131992050612644;0.34945556220584695;221.24951543103793;-0.012966643646359443;0.01666628373786807;7.8311511993408205;0.008000702888239175;0.116796875
1521;6.978467335133503;1.0;0.43991861251717107;0.39615131413752286;247.74057658856196;-0.00953101902268827;0.010097185987979174;7.831496739387513;0.009524113172665239;0.12734375
1522;-2.2639821234717026;0.0;0.0;0.0;735.81226921192;-0.015991553757339717;0.0124112737365067;7.835716509819031;0.009325238538440316;0.12734375
1523;6.742197836145245;1.0;0.6243027651372474;0.8944494319895927;131.743622284151;-0.018693699780851603;0.016292760614305735;7.840845084190368;0.008705269591882826;0.1232421875
1524;5.303233800687542;1.0;0.4439577136635596;0.4149720817821817;230.79156346500938;-0.006596163799986243;0.034535741340368985;7.846666169166565;0.008536470588296652;0.1279296875
1525;5.900199897767987;1.0;0.5538767033855623;0.5973662086327015;183.33985829507841;-0.008415386057458818;0.019855267880484462;7.850522136688232;0.00980613655410707;0.1408203125
1526;6.522646946412335;1.0;0.5048612609415155;0.5625238024173574;258.0883074817172;-0.013798218034207822;0.03203556640073657;7.847646260261536;0.009753061656374485;0.1353515625
1527;-2.1426786651325607;1.0;0.5781375968349578;0.5587425119687143;219.26825690674457;-0.016482768370769917;0.015374186169356107;7.847533440589904;0.011409295466728508;0.1654296875
1528;6.907627495613189;1.0;0.4440029232310635;0.5237681249384769;498.72225131326115;-0.012330848211422562;0.010968759842216968;7.844746088981628;0.00994675928959623;0.1470703125
1529;7.129537709111631;1.0;0.44726383427841404;0.4842812779763491;348.91770644573967;-0.001067128251580631;0.023309529868557173;7.846129473517923;0.014233692521777223;0.16015625
1530;6.194362065272092;1.0;0.40017377506851204;0.39128544077416977;331.4719907972818;-0.008397250063717365;0.007987273694016039;7.851364588737487;0.008245724521111697;0.1177734375
1531;6.680477683229029;1.0;0.5064367436377782;0.6070643184866662;218.1144672606394;-0.012911915499716996;0.03707668473944068;7.853048300743103;0.01310011961031705;0.194921875
1532;6.402738383151114;1.0;0.45666231354555453;0.5436958151181698;257.77442277663806;-0.012168206926435231;0.06602400173433125;7.854004454612732;0.011980408849194647;0.176953125
1533;2.727559789422986;1.0;0.3896352932483936;0.4388089743981874;260.52844175590405;-0.013198639755137265;0.016931932512670757;7.855095887184143;0.008641367754898965;0.11875
1534;5.170530315607657;1.0;0.18985878610853377;0.18641837480264836;653.4691209410299;-0.015636718878522516;0.004597315716091543;7.859458327293396;0.010149133356753737;0.14296875
1535;1.8500855420738334;1.0;0.5135218240441286;0.7011408622213596;290.4582842118265;-0.010634596669115126;0.02508209100924432;7.859426832199096;0.00930293914861977;0.13828125
1536;6.358413994012005;1.0;0.5147959139240539;0.5797975414831174;238.42436629199844;-0.01438142687547952;0.025953183602541684;7.864109396934509;0.016753951809369026;0.2283203125
1537;6.111692435087423;1.0;0.3817923854316121;0.2933856887685374;254.372527594832;-0.00622329986654222;0.011846811382565648;7.871998286247253;0.00857918873662129;0.122265625
1538;6.072833089548303;1.0;0.45338284485966357;0.40276813060409017;161.0503317602943;-0.010488730343058705;0.008180976985022426;7.87926549911499;0.009847325831651687;0.141015625
1539;6.611018248800132;1.0;0.7417184963118962;1.1062414469355877;86.37514631087262;-0.01657750508747995;0.08859128896147013;7.887663650512695;0.007042735733557492;0.0923828125
1540;6.682912984951102;1.0;0.48438032038259227;0.5646410255871375;217.19996049085105;-0.008923994516953826;0.025573208322748543;7.887399792671204;0.010543928446713835;0.1365234375
1541;6.169063974089028;1.0;0.45282047802650377;0.4109961982672531;157.85003347055354;-0.014343614131212235;0.01231713332235813;7.884410953521728;0.01135806431993842;0.15625
1542;5.292242368064802;1.0;0.5077549098558166;0.4414883985535961;147.81977570537654;-0.006846941239200532;0.009242333844304085;7.883728742599487;0.007186359842307866;0.1015625
1543;6.545712620372013;1.0;0.47012268404467566;0.47409993461934813;199.91125517736165;-0.011182053526863456;0.017096677841618658;7.881501507759094;0.009887953021097929;0.131640625
1544;6.078968346755631;1.0;0.5840201124424543;0.6980283016657487;185.69113879389974;-0.01277472502551973;0.04023062810301781;7.88136088848114;0.010516148805618287;0.15546875
1545;6.603600444353487;1.0;0.3884749468598243;0.3635357276536107;318.9313873171844;-0.009553304011933505;0.016006022924557328;7.879720425605774;0.008659930364228786;0.1146484375
1546;6.524520302367957;1.0;0.5405383923787366;0.556358738398038;131.15425435890134;-0.011114500323310494;0.007719842740334571;7.8816975355148315;0.008575066609773785;0.116796875
1547;6.174877996006092;1.0;0.6861416469774203;0.8107150617557111;105.25265371561257;-0.012945336056873202;0.026025861827656628;7.884690523147583;0.010034940543118865;0.1447265625
1548;6.453897330610538;1.0;0.5069933758992659;0.518722266489732;289.92126507643513;-0.017725782352499664;0.01774984863586724;7.885693788528442;0.009661798668093979;0.13046875
1549;5.973158840068836;1.0;0.5443592667871088;0.5139804950496013;82.62323307540947;-0.01060289922170341;0.012783759692683815;7.885108757019043;0.011942114913836122;0.152734375
1550;5.639554197303111;1.0;0.5330236466116023;0.5169967575876142;189.1660375296846;-0.015941526321694256;0.018848531320691107;7.886127042770386;0.011332536663394422;0.1572265625
1551;6.517830923239728;1.0;0.5000909150731729;0.5953503343099025;296.06381132616684;-0.017152041522786023;0.02554695410653949;7.888499283790589;0.010348466865252703;0.1484375
1552;6.571296009051844;1.0;0.5052144581759699;0.539997359822283;341.98067513042605;-0.011850755894556642;0.028877579234540464;7.89427878856659;0.012266696034930646;0.1568359375
1553;6.160344708207169;1.0;0.604503047911667;0.7343120841866814;198.3958347106555;-0.00657632346265018;0.046245457930490376;7.89789912700653;0.007742664602119476;0.1072265625
1554;5.992504854145068;1.0;0.49937636309371075;0.5189760546988975;245.11492991064085;-0.010180922551080584;0.016746646026149392;7.899774074554443;0.010906951467040927;0.1576171875
1555;6.346921905319847;1.0;0.3451243326310965;0.3006502645637069;299.7168489844407;-0.018764200108125805;0.023885276960209013;7.8986348628997805;0.011014370422344655;0.152734375
1556;5.961279598470025;1.0;0.4276043249704882;0.3807882742648411;267.1316669996812;-0.009574866434559227;0.01402567238546908;7.899259257316589;0.00985676299314946;0.1435546875
1557;6.937564238508403;1.0;0.4978558334618824;0.520532412930007;223.00892316423457;-0.019062771648168563;0.00973780662752688;7.902305388450623;0.008451611211057752;0.125390625
1558;-9.438554992788665;0.0;0.0;0.0;469.61552964521695;-0.011201110482215882;0.030841204058378934;7.903107237815857;0.014259985648095608;0.194921875
1559;5.283766389450536;1.0;0.4991150718442348;0.5151237794663976;284.3267818423983;-0.014836167404428124;0.00772206096444279;7.9037575960159305;0.007638721610419452;0.1076171875
1560;5.714109771186984;1.0;0.511021519553036;0.42992639625002155;130.41825195360437;-0.012943058786913753;0.022926684468984604;7.9077119588851925;0.011160643247421831;0.15859375
1561;6.477301564861467;1.0;0.33877861070496507;0.2460587416953415;218.6930531541659;-0.01858589667826891;0.022342097386717795;7.909117388725281;0.011243627802468837;0.1513671875
1562;5.105243601585448;1.0;0.5637518574544496;0.7121003200715696;272.09675124167325;-0.01641641277819872;0.03994261007755995;7.906814908981323;0.00855789437191561;0.11640625
1563;2.774041956545957;1.0;0.6423423017041776;0.7879006408156595;185.69280755306295;-0.0027584595140069724;0.014876892091706395;7.913779091835022;0.0065409377100877466;0.08359375
1564;7.163169321517898;1.0;0.44159077911619715;0.4061322192292316;236.81432907129445;-0.015461835032328963;0.014589970465749502;7.921092867851257;0.01065364400856197;0.144921875
1565;6.090147734597238;1.0;0.48217436952580994;0.5492477494260306;306.55582268145724;-0.01571897678077221;0.017498739599250256;7.924432682991028;0.00942297779256478;0.128515625
1566;6.9483385091762155;1.0;0.4398754083750256;0.41048369500843945;314.3168334983073;-0.005092255631461739;0.060763698117807505;7.922393798828125;0.01239107419969514;0.1505859375
1567;5.852214916298346;1.0;0.6078393661616344;0.7094124236290761;234.7740678763635;-0.004620011011138558;0.02560598198324442;7.922504520416259;0.007316685141995549;0.1015625
1568;4.965696176030305;1.0;0.5065101506915739;0.5593938473605903;289.3284295715766;-0.009512313408777118;0.023977161291986702;7.923397541046143;0.008358282165136188;0.1177734375
1569;5.677355328830805;1.0;0.5423600812865688;0.5344296882217635;178.24941013640802;-0.013746128929778934;0.005808794405311346;7.9227577447891235;0.008903333486523479;0.1314453125
1570;5.727104599852501;1.0;0.409125161843234;0.41627030467225445;246.57068569785272;-0.011438410077244044;0.011907246802002192;7.929860925674438;0.0068315458134748045;0.08984375
1571;6.854376155420096;1.0;0.315984169665486;0.276667366168449;245.22155026034312;-0.01303383985068649;0.004265847045462579;7.933393025398255;0.007996932999230922;0.11015625
1572;6.1711271637848455;1.0;0.25087288199462465;0.32070345098238756;608.070134318457;-0.006858283560723067;0.003290514985565096;7.929125833511352;0.008680974831804633;0.1197265625
1573;5.703406254800745;1.0;0.48798052423431976;0.5190421296883191;271.55732634218697;-0.015203428687527776;0.004322588257491588;7.926555848121643;0.009309130779001862;0.1349609375
1574;5.616083212757738;1.0;0.5245112219682877;0.5698733990555714;255.22991131894477;-0.007297547347843647;0.04439783110283315;7.928978443145752;0.012565568822901696;0.1779296875
1575;6.798596464231249;1.0;0.4495475786453727;0.5155502036640122;346.70287564479474;-0.015447014616802335;0.003317040775436908;7.92552924156189;0.00844307242659852;0.1271484375
1576;5.800191638864452;1.0;0.4601091355514835;0.3813130015185027;174.74085912903075;-0.015796976070851086;0.0030224456801079213;7.9207395792007445;0.0077136115287430584;0.103515625
1577;2.526297975612832;1.0;0.3874487540191785;0.3017213167162586;300.0941546334426;-0.008216402182976404;0.0051219302229583265;7.92213773727417;0.009528105286881328;0.1125
1578;6.410510154606213;1.0;0.4319316083117107;0.42135204386499275;376.71851483701005;-0.013423121836967766;0.00642120789270848;7.924748063087463;0.008594591799192131;0.1181640625
1579;6.617284545601493;1.0;0.4366472656852774;0.393314320836085;250.71321556767248;-0.017031794018112122;0.006566566717810929;7.92116961479187;0.010218070994596928;0.13046875
1580;-7.324205286090398;0.0;0.0;0.0;370.2913787554419;-0.012652005278505385;0.013204572629183531;7.921895360946655;0.00869544962188229;0.1201171875
1581;6.65949603130742;1.0;0.43542802811086445;0.42732220741494525;174.4520328577926;-0.01031265133060515;0.01144118958618492;7.9178314208984375;0.006345066532958299;0.0845703125
1582;6.596822688801377;1.0;0.5536400079423447;0.6674172847267431;187.40177804978387;-0.00960958912037313;0.007749945716932416;7.9123215675354;0.009529956488404424;0.1359375
1583;-0.9201266598187323;1.0;0.4732187817151331;0.4550590309562651;327.9262998245733;-0.013962587667629122;0.04275809093378484;7.914461517333985;0.007010285335127264;0.0859375
1584;5.736061272160633;1.0;0.5323117786781931;0.5599285614528743;209.16387875849418;-0.012523675453849137;0.022851872118189932;7.912759280204773;0.010347383271437138;0.1494140625
1585;-3.9476452067359378;0.0;0.0;0.0;436.16655999544935;-0.00810359576717019;0.009633664670400322;7.906164383888244;0.009417311649303883;0.1349609375
1586;5.078047541866139;1.0;0.4522507544337157;0.4860137462397618;292.3135736596267;-0.01603135755285621;0.045487459469586614;7.904045033454895;0.010472811898216606;0.138671875
1587;5.398668643975054;1.0;0.4793455094716628;0.39158498179768236;146.05423052360086;-0.006790488958358765;0.04675163496285677;7.90865044593811;0.005431516154203564;0.067578125
1588;6.7164830179062385;1.0;0.42743299707208277;0.35767760673180155;176.12325639708178;-0.014559082826599479;0.00740993395447731;7.913700032234192;0.01146991616114974;0.1640625
1589;6.068578441177982;1.0;0.5916740019368995;0.6776029033817952;190.01197401182864;-0.014725511334836483;0.007767333392985165;7.916088104248047;0.00857480150880292;0.1109375
1590;-2.295451384740231;1.0;0.368477212195094;0.3812490707549657;296.8513668613374;-0.007340302225202322;0.039044924359768626;7.918690848350525;0.00808376440545544;0.1072265625
1591;6.571987896785981;1.0;0.48405595830307;0.5362565173753223;303.7635682230442;-0.011656850017607212;0.008623804058879614;7.922242617607116;0.007614649250172079;0.10234375
1592;6.332305253130905;1.0;0.46356676795078405;0.4991265316477954;293.5483001226398;-0.012577064428478479;0.007517004571855068;7.921008062362671;0.006035529356449842;0.077734375
1593;6.965183236267906;1.0;0.5037960979899411;0.5101281641198485;175.323435690852;-0.014809963572770358;0.008093983377330005;7.922736382484436;0.005797610897570848;0.080078125
1594;6.764843618369014;1.0;0.4463950511154772;0.41599546712292795;249.90170683164902;-0.013347024470567704;0.05596962417475879;7.922604990005493;0.010333990585058928;0.1365234375
1595;6.608277273025404;1.0;0.4697206834316389;0.4576506808036676;145.71813893424502;-0.01548951524309814;0.10072841439396144;7.921958351135254;0.009499042225070298;0.1359375
1596;7.1221821606096665;1.0;0.4523436263916948;0.4393969943924808;226.36794346699043;-0.019210072117857635;0.008514541084878147;7.915307807922363;0.008172938809730112;0.1078125
1597;6.21706548390873;1.0;0.5055119156184762;0.5317722343698962;186.55883559814814;-0.008166349772363902;0.006021973444148898;7.905726099014283;0.010283418965991586;0.15
1598;5.9856278522006;1.0;0.4745889350166335;0.5293948053849987;280.6167702063911;-0.01281436977442354;0.006722268974408507;7.902353811264038;0.009107247844804078;0.125
1599;6.8716433683285265;1.0;0.423345832827958;0.43232431679097394;322.96675977003764;-0.019309019902721047;0.004868174728471786;7.8988548755645756;0.010010227584280074;0.146484375
1600;6.2925036083611285;1.0;0.5790148531205848;0.7356267625054518;169.95592559828611;-0.014694350538775325;0.005575314117595554;7.89490909576416;0.009709707973524929;0.1302734375
1601;6.736315498793179;1.0;0.4322784616804312;0.350313849039003;170.20747971606212;-0.009428983414545655;0.003876584500540048;7.89807653427124;0.009097451728302985;0.124609375
1602;0.6935635725255156;1.0;0.4610088346105749;0.48759393958716557;443.48384090581715;-0.010330049367621542;0.0036725536920130253;7.904898667335511;0.013191041618119926;0.1904296875
1603;6.749205332937701;1.0;0.46195218000146454;0.4431484827990294;193.27789076738105;-0.01725191604346037;0.005103588616475463;7.908311152458191;0.013200540922116488;0.172265625
1604;4.889151965740547;1.0;0.35535639386361295;0.4516139931385525;337.74497549908676;-0.0035011783707886933;0.008050324954092502;7.911991167068481;0.008378177299164236;0.117578125
1605;6.495899772338376;1.0;0.4666773352598355;0.45419764265000423;158.60280615098966;-0.006850014766678214;0.005379425105638802;7.916518640518189;0.008244240749627351;0.1119140625
1606;-5.7341110724553515;0.0;0.0;0.0;405.6286282406868;-0.016070585954003035;0.0053387690568342805;7.927610898017884;0.008627221558708698;0.120703125
1607;4.851383071777543;1.0;0.5877374403590148;0.6990013159233058;244.45452787284606;-0.008790034428238868;0.05010716232936829;7.9391464471817015;0.009461171878501772;0.12734375
1608;4.459890726460842;1.0;0.4030106548493991;0.4385133372191305;254.90668347218588;-0.013608387485146523;0.005350654595531523;7.940604519844055;0.011404327931813896;0.1568359375
1609;5.905273882481831;1.0;0.5329174379215366;0.5995781864074875;215.57769330743304;-0.009666856518015266;0.052050723880529406;7.942548847198486;0.00825371011160314;0.1119140625
1610;6.616249361190777;1.0;0.4818483569643228;0.47604083524356644;164.89896719125605;-0.014957912656245752;0.0054320908966474235;7.943068170547486;0.009048802696634084;0.13671875
1611;6.6794116096280085;1.0;0.57786362109921;0.7244457849901883;194.7171040795376;-0.009878823393955826;0.0024735808663535865;7.938283634185791;0.007588923862203956;0.103515625
1612;7.210697412611841;1.0;0.4117699869748499;0.31928571322445226;163.68593674946388;-0.012801542412489653;0.005993495136499405;7.932121610641479;0.009068489854689688;0.11796875
1613;6.306090252078638;1.0;0.5211681671493146;0.5917423521116139;289.50919580283664;-0.008407133957371115;0.003086119156796485;7.928875041007996;0.007633895764593035;0.105859375
1614;7.047213094884708;1.0;0.4714119394200225;0.4434567677518993;168.8844591042723;-0.018149610422551633;0.006180283753201366;7.929335570335388;0.009942908503580839;0.143359375
1615;6.249941959940454;1.0;0.532704837368469;0.6132835264700346;258.77221816998383;-0.009462081920355558;0.003363412630278617;7.932590985298157;0.008084150613285601;0.1109375
1616;5.910492951392386;1.0;0.43462392630235236;0.5089530548906419;366.8534879221113;-0.012393455859273672;0.004189679934643209;7.938248085975647;0.010947686643339694;0.1568359375
1617;5.029557612739522;1.0;0.611736592220033;0.740008175839773;122.5949909778578;-0.012032980215735734;0.0030733372434042392;7.94361093044281;0.008697497518733143;0.1310546875
1618;6.640469661107095;1.0;0.5912051168204918;0.7983338042083922;160.88442173430045;-0.012808736669830978;0.0033711845753714442;7.944557738304138;0.008710608910769224;0.1076171875
1619;3.3560078173394015;1.0;0.5717685347028557;0.6345386622899363;249.3571715245353;-0.01207408243790269;0.0020215287106111644;7.944522643089295;0.009614232263993472;0.1474609375
1620;6.381176831402783;1.0;0.49603498113156;0.583131476114008;223.65855619735325;-0.008976927772164345;0.005140951136127114;7.945725607872009;0.0068735332461073995;0.0931640625
1621;6.135575636808005;1.0;0.500755863760374;0.5055041735479175;193.165277100086;-0.0094143096357584;0.0017687881249003113;7.943434000015259;0.007174208795186132;0.099609375
1622;6.783911312377974;1.0;0.44276845513958285;0.43915248382999433;340.64344947675454;-0.012425174936652184;0.0021774013934191317;7.941880440711975;0.006879025441594422;0.098828125
1623;5.749351455364666;1.0;0.5812566550012301;0.6460214601423533;199.75096186470537;-0.004637186322361231;0.004557017690967768;7.945260643959045;0.005594550399109721;0.0697265625
1624;5.453006123427145;1.0;0.49623403941752636;0.47091303942190654;250.4494881389148;-0.009508173819631338;0.009119313792325556;7.951916432380676;0.011035900376737118;0.1458984375
1625;6.376792900684186;1.0;0.5348817240338984;0.6297711539290054;304.52356715125507;-0.012048904749099166;0.003008104080799967;7.958972501754761;0.008987247850745917;0.1177734375
1626;4.999550390965184;1.0;0.2943010280102843;0.37603407343219786;443.1665341396157;-0.01204081205651164;0.04074510214850306;7.962714529037475;0.010987109004054219;0.1541015625
1627;5.829130694158478;1.0;0.560715122807783;0.6020878003269149;140.02079457422613;-0.014448044076561927;0.008214330323971808;7.958075928688049;0.007188360136933625;0.09765625
1628;0.8791365282505064;1.0;0.5088661942374072;0.5901095138150687;387.57611777329384;-0.012955073639750481;0.005954201775602996;7.962505602836609;0.012043821800034493;0.1759765625
1629;6.5945180409848145;1.0;0.40336139459799203;0.5089152982427585;221.60273222799344;-0.00799872651696205;0.004406227427534759;7.963710784912109;0.01010622758185491;0.1431640625
1630;6.308061469858126;1.0;0.46507890674195934;0.48200002040295403;268.339047963134;-0.01398663823492825;0.03979914141818881;7.959647369384766;0.006918792543001473;0.0966796875
1631;7.057353618738777;1.0;0.4309234808325101;0.39005971486911256;235.7238009367855;-0.001767460466362536;0.048131965287029746;7.952793836593628;0.007235205080360174;0.08515625
1632;6.0512587479461875;1.0;0.5588591918837782;0.6656185496959487;241.49570565758353;-0.004035392752848565;0.012094932282343507;7.950005388259887;0.008873063721694052;0.127734375
1633;5.943563830350948;1.0;0.4986237277418453;0.5722755338460742;217.36975840769097;-0.021643281634896993;0.004846701142378151;7.943406891822815;0.011556455912068487;0.1658203125
1634;6.825136214083921;1.0;0.39546445359021515;0.3646418255435305;265.16168829250944;-0.014576451294124127;0.003304813674185425;7.94102828502655;0.007872791576664895;0.119140625
1635;4.137666488522468;1.0;0.3889347522059293;0.4377905673779379;344.3753266021429;-0.01435373043641448;0.005332684679888189;7.941363286972046;0.008307533781044185;0.1138671875
1636;4.9005620499700004;1.0;0.5167107841936757;0.5342114460302205;241.34625652247556;-0.019114765571430326;0.006859007594175637;7.944308781623841;0.009136678150389344;0.1205078125
1637;5.849838365802848;1.0;0.4482569621439294;0.35242118245372894;147.27250916309143;-0.014949352201074361;0.005583950295113027;7.94343855381012;0.006347535352688283;0.083203125
1638;5.754803481924131;1.0;0.4378362705348606;0.37593351671418773;203.80984371328162;-0.011598230432718992;0.0031508336833212525;7.945517039299011;0.008415944967418909;0.12421875
1639;7.209523877581491;1.0;0.4844943858156435;0.6012487466537636;425.2430193307277;-0.012156200176104904;0.004839175229426474;7.953047037124634;0.009152811265084892;0.1267578125
1640;6.320038461473686;1.0;0.4984761053277702;0.4614675017097818;97.17767783944772;-0.009038606379181146;0.0036422234727069734;7.9605426549911495;0.010758723493199795;0.1474609375
1641;6.767652176637137;1.0;0.43575144628682433;0.3529434277816593;159.82074861158188;-0.00823331531137228;0.0040785271092318;7.963828301429748;0.008634390262886881;0.12578125
1642;6.989385707822959;1.0;0.3976315908464839;0.3274803004181316;199.4274758060516;-0.013505841139703989;0.004916701943147928;7.965661430358887;0.009442601050250233;0.138671875
1643;5.767082835875907;1.0;0.42938606316093036;0.42163594873910387;273.4947465565439;-0.015228870464488864;0.003796734265051782;7.970074963569641;0.008509339357260615;0.1154296875
1644;6.483385039594088;1.0;0.5001872775655357;0.5745747431692905;264.68553551081936;-0.013886315329000355;0.0037534797564148905;7.969026565551758;0.0086043163202703;0.1154296875
1645;7.268375226494392;1.0;0.38136181579073614;0.28541584097350253;177.18315527901538;-0.002858208934776485;0.003985549951903522;7.971671748161316;0.0066526698763482274;0.09140625
1646;6.664951683772072;1.0;0.4621882377716681;0.43093958772771784;179.81551961364022;-0.003845885628834367;0.003136719670146704;7.980283141136169;0.007845857786014676;0.112109375
1647;6.66786669006774;1.0;0.48449497148557497;0.44865154648476213;164.98713614034705;-0.014774031308479606;0.010673891566693784;7.983189678192138;0.011426837916951626;0.14921875
1648;6.307325780196431;1.0;0.5364504512234324;0.6692920409687262;184.12463362102716;-0.009727930463850499;0.003383695927914232;7.985481882095337;0.007358870981261134;0.10234375
1649;1.7770753829324732;1.0;0.5067689396426893;0.6060914676042441;317.9084562521292;-0.01327494599390775;0.0021994358859956263;7.983326888084411;0.00850218627601862;0.1166015625
1650;7.0555501027332035;1.0;0.4579908028431289;0.43150260567764526;261.83762465923274;-0.015284410188905894;0.004277186177205294;7.980442976951599;0.011637953389436007;0.1529296875
1651;5.700236123815069;1.0;0.4903046587606778;0.48879207326252966;214.66876287231116;-0.017200760217383503;0.004956645134370774;7.98419885635376;0.010913380130659789;0.1494140625
1652;6.918639659618142;1.0;0.435280221327166;0.4023530661947305;176.41097795667923;-0.010998072591610253;0.002264955412829295;7.983748912811279;0.009025225543882697;0.1267578125
1653;6.498488694486488;1.0;0.5407033830834795;0.6092131060001992;167.04010974174014;-0.007767622591927648;0.03678111778572202;7.973662924766541;0.008043881377670915;0.10703125
1654;6.7704842209677345;1.0;0.45209576429016685;0.5755184046332297;300.36901531497665;-0.011124245775863528;0.004943959065712988;7.966582942008972;0.009769654518458992;0.1337890625
1655;-0.8385752267597546;1.0;0.43217018447783717;0.5345357847422046;321.76348714866333;-0.011701307375915349;0.00981340782600455;7.964063262939453;0.010132817085832357;0.1546875
1656;0.7288899012349415;1.0;0.48869573618208995;0.4563870324209999;272.4550372143261;-0.00802939459681511;0.03817596738226712;7.96246976852417;0.008450169651769101;0.118359375
1657;7.252217986870448;1.0;0.49134236692828104;0.5108062135778334;182.4592158134891;0.0025420204270631074;0.03306187419220805;7.961749911308289;0.004628435161430388;0.0529296875
1658;6.214901144912934;1.0;0.3204760875753751;0.23420110891732815;229.92251180799568;-0.014510605158284307;0.006788459559902549;7.963168668746948;0.008185212581884116;0.114453125
1659;6.667888989322074;1.0;0.5271972481159923;0.5773708222228037;197.0333299307332;-0.015691235708072782;0.0030531754018738866;7.96558198928833;0.011677515564952046;0.1673828125
1660;6.242894024637886;1.0;0.4628973437372036;0.5539823550322545;401.84223072517466;-0.006672320934012532;0.00717107483651489;7.972240257263183;0.013586570031475276;0.1806640625
1661;7.134739902627164;1.0;0.48621018581281594;0.5476125368857554;287.8216945268939;-0.010489780397620052;0.0032645630766637624;7.980700516700745;0.00806576949544251;0.1138671875
1662;7.060989486373929;1.0;0.4465346636810671;0.5677163263886721;461.18202865515764;-0.009737333282828331;0.00527042233152315;7.987048316001892;0.010791092412546277;0.1248046875
1663;6.639114179258159;1.0;0.48757907605836803;0.4953488084929309;121.78400749117192;-0.016642368398606777;0.004704271769151091;7.9937923669815065;0.010250028257723897;0.13984375
1664;1.2493452387615736;1.0;0.40871930732087103;0.4880915445063413;400.8446954105107;-0.010928812576457858;0.003262428962625563;7.998833584785461;0.00951096013886854;0.133203125
1665;6.853171975978723;1.0;0.49833977462240214;0.568042991675258;337.537346689409;-0.004919857112690806;0.03652732409536839;8.000793266296387;0.00918471006443724;0.122265625
1666;6.163805006800441;1.0;0.5015002882323866;0.5113378477882181;153.49262402595807;-0.01172277620062232;0.047270723874680697;8.00818452835083;0.006523780059069395;0.0857421875
1667;5.008163620736137;1.0;0.4840447950976528;0.5702979342800248;385.5225228832198;-0.020406186673790218;0.004060088086407632;8.015552139282226;0.008792686404194682;0.11796875
1668;4.1887975304769185;1.0;0.4522853367517299;0.48303173206198813;396.95689371844327;-0.008235629240516573;0.0196629504323937;8.016556215286254;0.00532364466926083;0.0619140625
1669;6.142320711640889;1.0;0.5864069923347528;0.7205000750160538;242.29695126439134;-0.0034435161389410494;0.0014677885745186358;8.013285160064697;0.006736906408332288;0.0921875
1670;7.148515236048954;1.0;0.48891599360099003;0.48872251084590945;197.31125956852966;-0.00982678672298789;0.0018259588687215;8.008682203292846;0.007608894736040384;0.11484375
1671;7.075325977377155;1.0;0.42259432603416425;0.4562505787894166;274.3308704591852;-0.015433777123689651;0.0022132424055598676;8.002760553359986;0.013333055470138789;0.1931640625
1672;6.321927898077704;1.0;0.41889342114301414;0.40776886879402635;212.71941443032512;-0.008591064158827067;0.002526574913645163;8.003078842163086;0.008088307571597397;0.1095703125
1673;5.608747001064689;1.0;0.5648499848424432;0.653393423040799;143.6654801862001;-0.01707851430401206;0.002466049959184602;8.004354572296142;0.011002990836277603;0.1560546875
1674;6.880887803913328;1.0;0.4609146388312291;0.4221581030420011;146.28058570966314;-0.002354814624413848;0.0023011508397758006;8.013391876220703;0.008931898570153862;0.1212890625
1675;5.216022271892214;1.0;0.47074900702064665;0.6214109080279696;301.78476292751066;-0.007050053682178259;0.001732099091168493;8.023264741897583;0.006596318469382823;0.0921875
1676;6.393360910956261;1.0;0.5773433809737253;0.6864827979726345;175.831184534097;-0.010494961123913526;0.002016725018620491;8.023702478408813;0.009433692751917988;0.13046875
1677;3.3071839648205428;1.0;0.34814514261455337;0.2933553365591696;278.75239288795655;-0.008469155104830862;0.004939426970668137;8.029932355880737;0.007491584680974483;0.092578125
1678;6.506275375835074;1.0;0.5311118275349289;0.5992893053140824;184.23304178257033;-0.009694857010617852;0.013464511814527213;8.029129791259766;0.008097131922841071;0.1140625
1679;6.434641588853506;1.0;0.527237215773768;0.6126306105690983;210.23393662295518;-0.015126126445829868;0.0028275300399400296;8.027347469329834;0.010593384201638401;0.13828125
1680;6.51565071594448;1.0;0.5464822426829997;0.66273461096658;139.4368033719865;-0.021578321093693377;0.0029610296594910325;8.029161930084229;0.009076991502661258;0.1189453125
1681;7.36197625168867;1.0;0.4300303679937583;0.3934160542249216;205.28815040271752;-0.007321119541302323;0.0049170684767887;8.030804681777955;0.009723025525454431;0.1310546875
1682;6.495797292917862;1.0;0.5080515222118925;0.6474360567889869;342.2737079761583;-0.004477632790803909;0.007446336792781949;8.03355598449707;0.007197308528702706;0.096875
1683;5.3650681826089315;1.0;0.5389556300525716;0.5639005725442745;149.1417690940107;-0.012419566139578819;0.006054466706700623;8.031268644332886;0.011598389712162316;0.171484375
1684;6.493939082284424;1.0;0.5243053982610741;0.5514316656098188;114.15769509711541;-0.010812011105008424;0.006676736031658947;8.033050489425658;0.009677567286416888;0.136328125
1685;3.0931727587022015;1.0;0.5360535684394946;0.5747117511532193;299.7185052661753;-0.007134900172241032;0.056038822745904326;8.037431764602662;0.008213261747732759;0.110546875
1686;4.811725969916573;1.0;0.5471391544585962;0.6137768563140314;211.3105221441218;-0.004815820953808725;0.0746801808476448;8.038255596160889;0.006227984454017133;0.0759765625
1687;6.350916568860722;1.0;0.5155934348707136;0.6538019722768098;318.91151153611384;-0.009368546865880489;0.037953030806966125;8.039853620529176;0.007146621402353048;0.0984375
1688;7.198702929718411;1.0;0.4826018626875334;0.5216133071871474;310.62595181453867;-0.006933708395808935;0.019444964174181224;8.039884042739867;0.007955043553374707;0.1107421875
1689;6.649997268246727;1.0;0.48830030821619796;0.505527542215557;98.23619016288889;-0.014851681143045425;0.0053713415982201695;8.043433952331544;0.008782905479893088;0.1130859375
1690;6.601677085225273;1.0;0.5170185216643017;0.6011767426353913;186.06848377009777;-0.014148038858547807;0.006173466076143086;8.044236993789672;0.009350116399582475;0.13203125
1691;6.269781611712308;1.0;0.43716962418238453;0.4032862329537951;224.47167439143027;-0.0060176985338330265;0.04354078490287065;8.041832685470581;0.012069768377114088;0.16640625
1692;6.455494482116164;1.0;0.5153750052971481;0.5718478806258958;112.98841101414908;-0.006767145823687315;0.043981618341058494;8.039633226394653;0.011108402116224169;0.1552734375
1693;4.5242558378482975;1.0;0.5365815599605309;0.5960109211972989;194.7772407669576;-0.01709684394299984;0.004332753724884242;8.041080379486084;0.00907068430678919;0.1310546875
1694;2.092503252779766;1.0;0.3991745499390406;0.4432659896007955;346.8216817516845;-0.017022763146087527;0.003582781890872866;8.036550807952882;0.011139040091075003;0.1583984375
1695;6.772226586736176;1.0;0.3635683085909933;0.37909655944554044;223.57883566945745;-0.007798036141321063;0.0022423383663408456;8.037034225463866;0.007627397775650024;0.1056640625
1696;5.749300616386222;1.0;0.5299412162616296;0.5497803658287524;146.56035068074928;-0.017386268079280853;0.005190480314195156;8.030568933486938;0.010092943627387285;0.1408203125
1697;6.227099246280835;1.0;0.5115281109015039;0.6445231750301886;217.05088749350148;-0.008987592486664652;0.0032535768812522294;8.032809019088745;0.008778180938679724;0.1111328125
1698;1.978644492326227;1.0;0.5508995488811892;0.5844048731638949;160.86299714983699;-0.0073221501777879896;0.010771055181976408;8.042028284072876;0.010982531681656837;0.1482421875
1699;6.669291705409817;1.0;0.4226681686930867;0.48032017088315143;454.608271562697;-0.007839225651696324;0.004639548109844327;8.048434162139893;0.007162130810320378;0.09765625
1700;5.742380121032238;1.0;0.3463082910222629;0.4385927383780568;338.49793644519787;-0.019508295063860714;0.005800411943346262;8.053671216964721;0.008936711063142866;0.11953125
1701;-4.912002142338996;0.0;0.0;0.0;365.78851891309347;-0.004799460526555777;0.0035314967622980475;8.058296823501587;0.007375559257343412;0.10234375
1702;6.800925904394433;1.0;0.4447080830713379;0.5730015157600329;290.1939340303734;-0.008013765141367913;0.001880452228942886;8.05830945968628;0.008969489601440728;0.1298828125
1703;-2.7538240433289456;1.0;0.560711003214712;0.605847047958123;195.15350044833443;-0.02328019943088293;0.00557349274167791;8.062654066085816;0.00978442804189399;0.1443359375
1704;7.003073061716069;1.0;0.4781742341649977;0.5737515444007779;264.0260509159493;-0.01613834546878934;0.003450045257341117;8.061803913116455;0.009636472538113594;0.1271484375
1705;6.948632948565692;1.0;0.48121262466737785;0.5516383572349982;276.7458614480984;-0.005125490948557854;0.003235282620880753;8.059092712402343;0.007833392894826829;0.1017578125
1706;6.5691527152414455;1.0;0.5306669595784667;0.6676638860233394;293.0048675496483;-0.005604041484184563;0.07265609428286553;8.059009027481078;0.010172919498290866;0.1416015625
1707;7.153834860920735;1.0;0.5091361352041786;0.571191417663361;170.9645906168781;-0.005122818611562252;0.0017634290619753302;8.059616994857787;0.007332900108303874;0.1068359375
1708;6.151058883281875;1.0;0.547207538530601;0.6691749447915042;287.4415236684319;-0.007781993597745895;0.0015045353677123785;8.060363674163819;0.006958953686989844;0.085546875
1709;6.902568018422775;1.0;0.49606106342168055;0.6402095212863849;258.6378075628906;-0.009850289020687342;0.002576468815095723;8.06192626953125;0.010079804121050983;0.1427734375
1710;-1.4855437059994063;1.0;0.6634945900467122;0.7651491748128025;238.10790065937323;-0.00984226455911994;0.004464200977236032;8.058885622024537;0.008480671572033315;0.121875
1711;5.794046315919246;1.0;0.48561079869783735;0.5919470381722328;277.74249580821663;-0.004539247276261449;0.006302397092804312;8.057925844192505;0.008307652210351079;0.1154296875
1712;6.15179198440664;1.0;0.49105610637234937;0.5082712886999661;202.61763590685337;-0.005293225776404143;0.003968559531494975;8.058959102630615;0.008294611272867769;0.1177734375
1713;7.3869333502083965;1.0;0.36451251717214306;0.4696571276172845;350.20374428741684;-0.017844109702855347;0.09612359516322613;8.057727146148682;0.011059135128743947;0.161328125
1714;6.97436984030618;1.0;0.39156657254226157;0.5176522746960929;357.56943068298557;-0.009850614983588458;0.0029976128251291813;8.053894424438477;0.00768642898183316;0.1015625
1715;6.976676205209493;1.0;0.44019862708530905;0.4112937791484658;205.94481437517103;-0.012750292336568237;0.047785848332569006;8.056139039993287;0.014069698995444923;0.1896484375
1716;5.531579424021357;1.0;0.5047369150600339;0.5772130841984014;292.60262447661466;-0.012525556376203895;0.014568969141691923;8.058765029907226;0.013312633568421006;0.177734375
1717;5.934443398580199;1.0;0.4502820895663333;0.4175362130519604;136.10266620957958;-0.011194233642891049;0.005072161694988609;8.055513858795166;0.007436749979387969;0.094921875
1718;6.9291470922026015;1.0;0.48411507408661003;0.6081212292843861;265.50136416176105;-0.0014860196970403194;0.03809025511145592;8.05271668434143;0.007993552600964904;0.110546875
1719;6.665344063680049;1.0;0.470321269037464;0.4886285120931942;200.16717956697522;-0.002353261527605355;0.04747871977742761;8.048720550537109;0.010024699592031538;0.1396484375
1720;5.74448800923852;1.0;0.5426319869511832;0.6842570740608829;144.71544641163078;-0.0007117411121726036;0.0032288949587382376;8.047630548477173;0.008020973135717212;0.1078125
1721;4.9899089934166145;1.0;0.4213966506656343;0.5509240084546527;314.5060957946223;-0.016185069968923927;0.003277595154941082;8.050461530685425;0.009399339323863387;0.1412109375
1722;6.549171784226569;1.0;0.43367319702011253;0.554202200910998;296.13450903703824;-0.0069972707889974116;0.02729713616427034;8.04844889640808;0.007788343972060829;0.10859375
1723;5.193601646374843;1.0;0.5814968704985092;0.7014443903390191;189.66157392077022;-0.011281337635591627;0.006213064631447196;8.046591901779175;0.008589099545497447;0.1232421875
1724;6.843638691846522;1.0;0.46371160182588;0.478649236901455;99.01004376827203;-0.002304548444226384;0.026778091234154998;8.049642038345336;0.0058464267756789924;0.0759765625
1725;2.885322460438247;1.0;0.4879712245980846;0.552222575928249;336.9997216685385;-0.01266802465543151;0.005466872954275459;8.044838523864746;0.0064656875329092145;0.078515625
1726;6.417863868658609;1.0;0.4648067226648752;0.49243243531653164;266.91976174561535;-0.01218247041106224;0.008174509776290506;8.042322301864624;0.012386368971783667;0.158203125
1727;6.23603714553961;1.0;0.5064729529321406;0.48922335443754605;100.79177584234078;-0.002646247926168144;0.0386883134371601;8.04053773880005;0.010691936151124537;0.1373046875
1728;1.529842691273973;1.0;0.6577256625201164;0.722703451592109;150.41909839498885;-0.011069924058392643;0.004140261979773641;8.040594482421875;0.006953703716862947;0.103515625
1729;6.382249275939614;1.0;0.4035578075711313;0.3983434609851137;131.25789466080977;-0.011245134589262306;0.0066446139011532065;8.04560694694519;0.009647671529091895;0.1349609375
1730;7.161688956695911;1.0;0.46744636619975716;0.49256587162228443;238.15785426798504;-0.004213478742167353;0.005947266891598702;8.055040311813354;0.006505283701699227;0.07890625
1731;6.086487353331343;1.0;0.4572259445346192;0.5213376304356439;318.8823491195565;-0.01114193256944418;0.00957297852728516;8.0605477809906;0.009096965042408556;0.116796875
1732;-5.7367597330717635;0.0;0.0;0.0;310.09129810297577;-0.01524424662347883;0.00704115154221654;8.0689293384552;0.013813775975722819;0.1861328125
1733;7.261889910832632;1.0;0.39423110431549274;0.3662662795460429;223.27009534595666;-0.008437384758144617;0.008173929387703538;8.077826261520386;0.006809595134109258;0.08125
1734;6.832142439347718;1.0;0.5685217982753812;0.7050609961234046;153.34514771091494;-0.012306875735521316;0.0074119400698691605;8.081513214111329;0.008701806492172181;0.1216796875
1735;6.350435944166164;1.0;0.5582126496069177;0.6478693331923745;151.0505792179251;-0.009639213187620043;0.005966856726445258;8.089241218566894;0.00865908629493788;0.1244140625
1736;6.2754230481991975;1.0;0.5432577564116013;0.6432204878313094;177.90969254509386;-0.03282900690101087;0.037539508240297434;8.090508794784546;0.008401450526434928;0.1150390625
1737;6.506187220313981;1.0;0.5411599229840064;0.6716310220646243;199.92452853085462;-0.017114455136470495;0.010210736049339175;8.091600370407104;0.007170800061430782;0.0943359375
1738;6.770769840956059;1.0;0.5600387013334485;0.6129220588192931;114.326733761805;-0.004230976779945194;0.04409070514375344;8.098257446289063;0.010077101329807192;0.1369140625
1739;7.578979970748278;1.0;0.4484196765905572;0.4253939756588134;143.6832096618537;-0.0069634363986551765;0.0069825065089389685;8.100113773345948;0.0062426231568679215;0.0814453125
1740;5.204525136382924;1.0;0.568594912014324;0.6789195204420347;207.769704710362;-0.008313791919499635;0.051715954393148425;8.09753975868225;0.01024229594040662;0.1451171875
1741;5.535371220115926;1.0;0.4907180952820965;0.4581836134608135;169.98976047124754;-0.011474787164479494;0.00979217402637005;8.097297620773315;0.010216337523888796;0.1201171875
1742;7.250750977306435;1.0;0.4448746548996067;0.43415889468231833;152.17604771777576;-0.01025736564770341;0.0018266665516421198;8.103988409042358;0.0060604659374803305;0.08125
1743;2.659644745866656;1.0;0.5326408727412891;0.5431447167990741;220.3571893913885;-0.007530225114896894;0.05631565870717168;8.107700395584107;0.008318711491301655;0.1125
1744;7.509282252365647;1.0;0.5024892127642506;0.5456067167932641;158.85434377683595;-0.01004676972515881;0.00845454738009721;8.106139755249023;0.008114236092660576;0.10390625
1745;5.996004136292176;1.0;0.4455940344798146;0.39475188838038094;158.92171159530912;-0.009398547350428998;0.0713869882747531;8.104766654968262;0.011601374589372427;0.1587890625
1746;5.818946717358109;1.0;0.47376412279242536;0.47808008477870007;201.68528310714902;-0.018156041810289025;0.005585603171493858;8.105157566070556;0.0073158916900865735;0.099609375
1747;6.533392639269481;1.0;0.5577014337545262;0.6302623073911012;86.86815385377406;-0.014083885634317995;0.0035774175892584028;8.106391096115113;0.008383333298843354;0.11484375
1748;6.687688087357943;1.0;0.5192269839688314;0.5707402056702312;136.87127769075332;-0.007213092094752937;0.036024203756824136;8.10766544342041;0.006983288004994393;0.0904296875
1749;6.551349446196505;1.0;0.6082038738433545;0.7532192930601758;92.87820028892052;-0.01566445715725422;0.011356523213908076;8.101794242858887;0.006980563630349934;0.0982421875
1750;6.794417074930044;1.0;0.4689527090841683;0.4538687707691881;98.74133146324832;-0.014470168109983205;0.0066735594067722556;8.097504091262817;0.00815967503003776;0.1119140625
1751;7.148813524322449;1.0;0.41474003569933954;0.3841493176912931;229.76714314895577;-0.013208137499168516;0.005118604435119778;8.10055718421936;0.010142078425269574;0.1341796875
1752;6.140618015365458;1.0;0.5086784069599376;0.6644061085391948;301.58007515529175;-0.020967635978013276;0.006003181240521372;8.100466203689574;0.01066117170266807;0.1419921875
1753;6.661496399830662;1.0;0.6089365791585928;0.7538575014862918;74.59393229514599;-0.01895526205189526;0.005717788822948933;8.098739004135131;0.007569494284689426;0.10078125
1754;7.110063768361714;1.0;0.5002220521714643;0.6173270110411694;235.32564188778326;-0.01644062725827098;0.0025827875826507805;8.092777156829834;0.009654929838143289;0.1283203125
1755;6.020593134540963;1.0;0.6199084896136972;0.8034881186136482;137.43436970306536;-0.01683673495426774;0.004398201778531075;8.096769905090332;0.012704913807101547;0.1708984375
1756;7.065521208197934;1.0;0.5283564198241733;0.7447916126158846;229.84948319007714;-0.020654698205180465;0.002753319509793073;8.102022504806518;0.008384186390321702;0.115234375
1757;7.289039375594037;1.0;0.4424856301861485;0.4259927954404495;201.29912268400068;-0.007977339904755354;0.002223187393974513;8.107185173034669;0.00826329558622092;0.125
1758;7.11445722152869;1.0;0.4593730259822822;0.5671294682540612;346.15247437154585;-0.015427952352911233;0.0018174477911088616;8.107889890670776;0.011142670444678515;0.1486328125
1759;7.121400162296771;1.0;0.37632001923566893;0.3042007059652365;156.4139210141324;-0.004069780558347702;0.0024579525459557773;8.104913759231568;0.0082749905413948;0.11015625
1760;4.917543317363528;1.0;0.46921268767277374;0.524860658172788;372.55427241758065;-0.009415793931111693;0.004093450109940023;8.10414810180664;0.011362285120412707;0.159765625
1761;3.2697246986130044;1.0;0.48192141991186105;0.47813419285697534;283.2677932594338;-0.009771685022860766;0.008568561705760657;8.102784252166748;0.00690978056518361;0.094140625
1762;7.3654253804568794;1.0;0.48940765128526253;0.4837220618219228;144.9257041531723;-0.012446268554776907;0.04312534690834582;8.100530338287353;0.0086206303560175;0.12109375
1763;6.064350260058741;1.0;0.4422455066414323;0.43165431688692135;238.23397120380713;-0.012064470467157662;0.0035351644968613983;8.105221271514893;0.009219923324417323;0.1369140625
1764;7.543192189472726;1.0;0.46556565742013767;0.4159886762104667;128.9563521999205;-0.010895346431061626;0.004337282525375486;8.108309125900268;0.007054035214241594;0.0951171875
1765;1.4191478444268633;1.0;0.6456818861214119;0.6650261946027045;175.36118259704364;-0.012265214929357171;0.06480447347275912;8.1116051197052;0.00866124217864126;0.124609375
1766;5.996104687665408;1.0;0.4852946546923169;0.48172249449702514;227.14041304345096;-0.0017401466378942133;0.03743710725102574;8.111833524703979;0.008216706197708845;0.1208984375
1767;7.68469891411674;1.0;0.47300088809760826;0.45087941178939067;123.67555841910621;-0.012742316210642457;0.011317860381677747;8.107796096801758;0.008997445076238364;0.1236328125
1768;7.367201919570618;1.0;0.43055797088863224;0.45097988887895063;248.3562250087636;-0.00777093656361103;0.020823560561984776;8.110353136062622;0.009634499985259027;0.1439453125
1769;3.4901406514779882;1.0;0.5160540201103802;0.49213982136523593;127.17334781562118;-0.014564216090366244;0.0077909565763548015;8.11188383102417;0.009219505509827286;0.1232421875
1770;7.0292356363314505;1.0;0.5313445400043995;0.5861847876507367;187.94795697089458;-0.010528570413589478;0.007094774232245982;8.109784603118896;0.009811607853043825;0.1408203125
1771;7.2584885360948;1.0;0.4666085531474327;0.4876304978956845;262.4725168088842;-0.016637949738651514;0.00418809789698571;8.119491004943848;0.009315493830945343;0.13515625
1772;7.014249099635386;1.0;0.4803026473546529;0.453966804360462;117.89953896971697;-0.010514984792098402;0.038386817555874586;8.124836492538453;0.01020776762161404;0.1453125
1773;6.593095426365603;1.0;0.5336327641606039;0.6498169523909707;236.52970818194296;-0.009640833921730518;0.00650977015029639;8.123965549468995;0.01169056681683287;0.1490234375
1774;7.062911842945599;1.0;0.47528870543947727;0.4906365194566674;210.06016904646452;-0.008494368707761168;0.0028064290760084986;8.125467157363891;0.008922448428347707;0.1244140625
1775;4.384818641570119;1.0;0.43584023661570215;0.3976454314188188;250.1193664196296;-0.011220078892074525;0.002883845963515341;8.11990270614624;0.007724248745944351;0.11328125
1776;6.697260683028112;1.0;0.597413571741656;0.7193463508565533;98.44382219529277;-0.018904730677604675;0.003338209516368806;8.110400390625;0.009390849131159484;0.1142578125
1777;6.81795338698359;1.0;0.5495993682374567;0.6404675018467787;179.864861514793;-0.0174133010674268;0.003352118853945285;8.110239362716674;0.008769001171458513;0.1099609375
1778;4.380929934073113;1.0;0.48736270593390596;0.4669041288159736;237.75720731247037;-0.01815956085920334;0.012739000096917152;8.114709043502808;0.006499727570917458;0.08125
1779;7.397264577252704;1.0;0.45740758935821624;0.5156133404282381;273.91931679370157;-0.01098712752573192;0.01202318905852735;8.11661319732666;0.010956583509687335;0.15703125
1780;7.463887196940618;1.0;0.4541922101237777;0.4470445963505167;191.67893497417475;-0.01538970023393631;0.004511451232247055;8.11945300102234;0.009751996013801546;0.1330078125
1781;6.787561892469595;1.0;0.5163274998277185;0.5566232829021966;122.34770573597223;-0.01843288093805313;0.003861819987650961;8.122364711761474;0.010404517455026508;0.1564453125
1782;7.503516553555979;1.0;0.4980233785902247;0.5101995789879579;139.52508492200738;-0.02288995971903205;0.004550166730768979;8.128235340118408;0.008440884994342923;0.1119140625
1783;6.062480827365961;1.0;0.5370621013853984;0.6708772757533206;316.67856233768737;-0.020154411951079965;0.016572239762172102;8.133282947540284;0.008440222882200032;0.1123046875
1784;6.338510953559415;1.0;0.594377393292301;0.683663982197447;103.64548618773553;-0.0029798815958201885;0.007186610647477209;8.141048097610474;0.008697459509130567;0.1216796875
1785;7.03961143145513;1.0;0.45846541337353497;0.5272844403790419;386.225054112529;-0.011677455389872193;0.007938209106214345;8.146932554244994;0.010619941435288638;0.1416015625
1786;6.287769453893704;1.0;0.5801733382435106;0.7249134913068035;211.36490250369675;0.00023284005001187325;0.041045997943729165;8.15298900604248;0.005437523778527975;0.066796875
1787;7.384526491402596;1.0;0.44765412314726843;0.41361859807666346;155.03562102768936;-0.016764154098927973;0.020537953823804855;8.150612545013427;0.00881233048858121;0.118359375
1788;4.777351976163816;1.0;0.5636356714923563;0.6066328993965424;132.33971421672163;-0.007546499045565725;0.005880956444889307;8.154120492935181;0.008007260959129781;0.0927734375
1789;6.942476966566884;1.0;0.5165348415750093;0.5901599472577287;154.7267868370439;-0.00812121732160449;0.039280848065391186;8.153167915344238;0.008809898700565099;0.122265625
1790;-0.9859639140217249;1.0;0.4544043731078157;0.6043138489485526;321.1508090419554;-0.010192434396594762;0.007310643070377409;8.14971570968628;0.008299914316739886;0.1197265625
1791;4.10064826342195;1.0;0.565662069408127;0.6497584982057811;219.79302317517914;-0.0075336277019232515;0.006874219863675535;8.149809646606446;0.007683816296048462;0.101171875
1792;6.548139132020191;1.0;0.5249942048530091;0.6009079473367251;204.3227421871599;-0.01104360558092594;0.00543761751614511;8.148695039749146;0.011482496419921518;0.1673828125
1793;7.169359516235842;1.0;0.4435880832339353;0.5034971271669525;352.46183020507664;-0.01942196227610111;0.004726748145185411;8.152461624145507;0.007550029712729156;0.1015625
1794;3.5962170420485178;1.0;0.5378164609660399;0.5405648879759739;215.8353086215937;-0.01853739037178457;0.0036227333941496907;8.157125663757324;0.010249932331498712;0.138671875
1795;5.308517318778956;1.0;0.604921653444605;0.8166998945258658;221.52522175123053;-0.014400129253044725;0.003426530334400013;8.1562264919281;0.008795122627634554;0.1158203125
1796;-4.9683254622093225;0.0;0.0;0.0;442.3511886625792;-0.014422528818249703;0.0015869748778641224;8.165496110916138;0.008185707323718816;0.1140625
1797;7.039119272218592;1.0;0.42623729894771256;0.41889082981419695;267.43038840851955;-0.0006458463612943888;0.07276993845589459;8.176360893249512;0.008204203739296645;0.108984375
1798;6.340903605643673;1.0;0.5918978625359789;0.748509705896676;182.34143232693427;-0.012482404941692948;0.001685901015298441;8.180706882476807;0.010398483963217586;0.155859375
1799;6.650331473635603;1.0;0.5380859562909298;0.6513883976392286;238.03261283010463;-0.008729343744926154;0.04603414421435446;8.176008033752442;0.008333445631433279;0.1134765625
1800;5.842475584387589;1.0;0.451694547803024;0.41145318169114875;129.63146687484385;-0.010030596575234085;0.004007352248299867;8.172169017791749;0.009031827945727855;0.1353515625
1801;5.218244317467848;1.0;0.48258049276695597;0.4679550907215065;220.56214537888548;-0.00963164707645774;0.003326864365953952;8.16344313621521;0.009093647601548582;0.125390625
1802;6.761355943226134;1.0;0.558614691030959;0.7377223409100535;235.98060585608093;-0.016530552040785552;0.00868136326316744;8.152990293502807;0.006458468665368855;0.0833984375
1803;5.617063317017284;1.0;0.5260390594515328;0.5481105084470997;157.30791234251632;-0.018751787510700522;0.009949339064769447;8.140572834014893;0.009053859126288444;0.13203125
1804;5.353578036900598;1.0;0.5788371829059037;0.6807589497168334;215.22467723446005;-0.006900670751929283;0.0020033644454088063;8.129671621322633;0.007338531699497252;0.1037109375
1805;6.634571246221032;1.0;0.4860139145805113;0.45729900976732846;98.88180230550613;-0.010856743808835745;0.04285206692293286;8.123633241653442;0.012731997272931039;0.17734375
1806;5.215145347472424;1.0;0.5552483198810567;0.6614601000029001;226.4810863191615;-0.010762770101428032;0.00687410628888756;8.118630933761597;0.0077500322018750015;0.1072265625
1807;5.2425612267724695;1.0;0.5671760035921705;0.6381086205757392;152.8507553678915;-0.01428157591726631;0.010147835710085928;8.114855194091797;0.01039959565969184;0.1482421875
1808;6.769535082770277;1.0;0.5277572416925224;0.6868880114111134;341.913535593353;-0.01268813582137227;0.00377176747424528;8.12013521194458;0.00918562882579863;0.1287109375
1809;6.815588416510628;1.0;0.48081839978160384;0.48126494975193596;132.1172425201661;-0.0056292629335075615;0.003635391767602414;8.119038581848145;0.00777385471155867;0.1064453125
1810;3.848167557385287;1.0;0.45835389635186463;0.4876882975020515;169.38331866514105;-0.011477499594911933;0.006438712147064507;8.119267892837524;0.010722947702743114;0.1474609375
1811;6.823641911495929;1.0;0.4641340491795102;0.4797562845123886;200.24072960950397;-0.010582824889570474;0.0061336779734119775;8.116111612319946;0.011378321389202029;0.1609375
1812;6.570531610382313;1.0;0.5730871695536894;0.6979060065137199;125.83399803768232;-0.015121033461764456;0.0056354060070589185;8.112656688690185;0.009560916165355593;0.133203125
1813;-5.302059481301132;1.0;0.44895553068314065;0.5590428987518105;333.43881806503924;-0.015397123852744698;0.003697764512617141;8.112888669967651;0.006334226520266384;0.08046875
1814;7.246672729324164;1.0;0.4650654143958634;0.43643716184917963;119.58152840424755;-0.016027582762762903;0.008346918853931129;8.111787366867066;0.006549603003077209;0.0876953125
1815;6.354993447803755;1.0;0.3805193083661978;0.4369672090583893;260.1187770278954;-0.005210130894556642;0.0019872767326887695;8.111298751831054;0.008234542643185705;0.1142578125
1816;7.526273951184113;1.0;0.47158820800073936;0.45590530398546764;120.88965862895556;-0.017442398890852927;0.0017433366912882776;8.115506267547607;0.00940513275563717;0.1345703125
1817;5.2452248148726035;1.0;0.5314538770006334;0.6696133405444692;233.0505251045846;-0.014079570583999158;0.001572216022759676;8.117715978622437;0.010443765891250224;0.1474609375
1818;6.3972037318446695;1.0;0.5848053141983441;0.7321902005755806;170.8940810151474;-0.01030653975903988;0.03819712509866804;8.12211275100708;0.006741769076324999;0.080859375
1819;6.119363397357893;1.0;0.52798758918776;0.5010002308820032;163.07698339267571;-0.014800000423565506;0.0018547656713053585;8.124100160598754;0.010497065191157163;0.159765625
1820;-5.331163031811076;0.0;0.0;0.0;450.4150184199968;-0.013302033429499715;0.004232901195064187;8.119244527816772;0.0058404929004609585;0.0751953125
1821;6.681673112953271;1.0;0.6318841675790504;0.84250139878547;98.67756563204786;-0.016076518269255758;0.004708729078993201;8.11896800994873;0.014363908953964711;0.1861328125
1822;6.550641673655942;1.0;0.528407966854934;0.6942072776255556;307.19288875063575;-0.015712537243962287;0.0038526196498423816;8.121390342712402;0.013590542832389474;0.174609375
1823;4.956796900736981;1.0;0.6019665912611126;0.6907434474848303;149.47656682234756;-0.009494773671030998;0.004015950206667185;8.126018381118774;0.007141799677629024;0.09609375
1824;7.1499291825900055;1.0;0.4829139213355991;0.5414476838241978;134.84240604607726;-0.01471374670509249;0.003703965316526592;8.128567123413086;0.008440318889915943;0.1224609375
1825;7.132451865139453;1.0;0.4889051266061829;0.49751417180599883;115.21395352448661;-0.002160243596881628;0.007258462999016046;8.134459018707275;0.007198621018324048;0.0974609375
1826;5.483768037955049;1.0;0.5766933157180973;0.8604704001595558;163.80000034770498;-0.013384767435491085;0.0034883872023783622;8.13757758140564;0.00824723377590999;0.102734375
1827;7.046676012408957;1.0;0.5402358975049316;0.6093551861838282;167.63887991115442;-0.008646893966943025;0.010468377149663866;8.13781533241272;0.010573587589897215;0.1525390625
1828;7.421399195929958;1.0;0.4865771545911321;0.6019071045968676;202.29656744221782;-0.01567230196669698;0.051754512405022976;8.143587923049926;0.01178039968945086;0.16484375
1829;7.080512636343443;1.0;0.48414358256355944;0.5489520023595625;222.16373817515222;-0.021757137076929212;0.003792760835494846;8.147439813613891;0.008319734153337777;0.11484375
1830;7.078111349309954;1.0;0.4129150551286254;0.46596784196968766;163.59553468353187;-0.008315833448432387;0.004003204358741641;8.150669765472411;0.006850103545002639;0.09375
1831;-9.439516743878785;0.0;0.0;0.0;452.92603213719684;-0.013611572096124291;0.03457321019377559;8.154691076278686;0.009381128556560725;0.1232421875
1832;6.914832022337343;1.0;0.493444138743612;0.5733603871820062;229.11031324976793;-0.009460546588525177;0.006696749804541468;8.152979373931885;0.00579637112095952;0.0654296875
1833;6.756630154600148;1.0;0.5507702605334632;0.7084484088641321;173.39213794097228;-0.008397006522864103;0.009410827653482556;8.152634191513062;0.006681169464718551;0.0865234375
1834;6.933739540020242;1.0;0.5020490430034972;0.6204689354433931;368.4218980061469;-0.010962416883558035;0.003378251916728914;8.156290245056152;0.00742784944595769;0.107421875
1835;6.873507756135762;1.0;0.523525248169273;0.6135751410115267;170.4452500352341;-0.018761376524344085;0.003037020890042186;8.156770467758179;0.007938763161655515;0.101953125
1836;-11.933216502746378;0.0;0.0;0.0;434.0835425452102;-0.00997515213675797;0.0021126270876266062;8.149561834335326;0.0068776952801272275;0.0806640625
1837;5.504440641573667;1.0;0.6122136097846487;0.848314274059408;258.05300635721215;-0.01565216351300478;0.002584535611094907;8.138342905044556;0.006707224063575268;0.084375
1838;-5.5557809380566905;0.0;0.0;0.0;381.3246736103468;-0.016681338753551246;0.0030042343074455856;8.131082677841187;0.007415416394360363;0.0982421875
1839;3.4809281944807458;1.0;0.5363753038561208;0.6729674918273724;353.0264038351062;-0.008196824323385954;0.0068030091235414146;8.125454187393188;0.007840599189512432;0.109375
1840;6.305298929775793;1.0;0.577175185774474;0.7074059294657546;213.86444581028;-0.012280042702332138;0.004130478156730533;8.127513647079468;0.01080971200717613;0.1447265625
1841;7.057586655545826;1.0;0.4846253732583081;0.5967065739205465;372.91535172458254;-0.011345463246107102;0.010378823266364634;8.130877685546874;0.011215461080428212;0.1376953125
1842;7.4156498508215645;1.0;0.42209979707907724;0.43167281523134504;181.54325179201604;-0.010811844049021602;0.009151918976567686;8.137577056884766;0.011657918198034167;0.15703125
1843;7.198158481680924;1.0;0.49615567078215117;0.5417907408294038;185.2702823368723;-0.015033320197835565;0.005883426987566054;8.14433741569519;0.01079206814756617;0.1533203125
1844;6.990013776048954;1.0;0.4935016462689017;0.6033699437809742;363.5422635937624;-0.01760966721922159;0.009569808444939553;8.149462699890137;0.007219540956430137;0.10390625
1845;6.377051699725314;1.0;0.4943388165590018;0.5285088387245218;160.72059310153074;-0.019149103434756398;0.047360236197710036;8.151692104339599;0.0070715669891797004;0.0857421875
1846;7.144221227307538;1.0;0.4840312433472874;0.5830048091911544;310.5886310721149;-0.01524437963962555;0.04262154111638665;8.148339223861694;0.008298299892339855;0.1103515625
1847;7.15637797448162;1.0;0.4891103241888695;0.5622964554626155;210.01825988042515;-0.02071508576627821;0.004188021074514836;8.149429321289062;0.008515312359668315;0.11796875
1848;7.471952342095518;1.0;0.45086314782402237;0.4951471855369863;280.88203122415354;-0.013710522605106235;0.0029538044123910367;8.15185284614563;0.008768768631853163;0.115625
1849;6.6362776354810205;1.0;0.5124456373172457;0.6380902753512572;178.394516384748;-0.014374130498617887;0.0031030238256789743;8.149032068252563;0.00866924215806648;0.1220703125
1850;6.53261837082764;1.0;0.5481469551719469;0.6394001476152642;123.55688951362116;-0.011515379976481199;0.0022267381602432577;8.142842102050782;0.010671393224038183;0.148046875
1851;7.496980896515897;1.0;0.4630418720266416;0.4434332509960917;134.94700210949733;-0.013173940870910884;0.0021976614545565097;8.138707256317138;0.0068380040698684755;0.0904296875
1852;2.471254462551342;1.0;0.6784136700844194;0.8138061174001456;171.7782894474565;-0.015610599424690008;0.0016522278892807662;8.14197916984558;0.008470853639300913;0.1080078125
1853;5.44407254652268;1.0;0.5820377629734571;0.671906518392747;155.53416988875423;-0.002957813814282417;0.0012956693157320843;8.142877197265625;0.008365407818928361;0.1142578125
1854;7.230127257673908;1.0;0.4035462183966445;0.39086837708940403;221.78228829134466;-0.004088305216282606;0.001555784186348319;8.143758630752563;0.008365363243501633;0.1123046875
1855;3.654448384699709;1.0;0.49812189215663305;0.42649929993749536;183.33877507821015;-0.008560300525277852;0.0025401502032764258;8.147060680389405;0.009460442687850446;0.1482421875
1856;0.6849512483530544;1.0;0.6288195660207709;0.7211202253369658;152.19509112882957;0.0008681148290634155;0.002305952605092898;8.15235538482666;0.008397488330956548;0.1224609375
1857;6.33268942594744;1.0;0.5957725931450646;0.693637539712605;145.68855906162835;-0.008689995016902685;0.0040316000580787655;8.157023620605468;0.01154639954911545;0.1392578125
1858;6.824304951846783;1.0;0.48093542130016115;0.6207170435816945;353.7803332588318;-0.013757353601977228;0.0049419323680922386;8.164383554458619;0.006866744393482805;0.0830078125
1859;7.155435586424492;1.0;0.4650617191944914;0.5158423452258264;276.40908860666826;-0.00023818286135792732;0.04794340273365379;8.167524147033692;0.006120601040311158;0.087109375
1860;6.760996553265203;1.0;0.46156203195145556;0.5169527888413181;167.45353687392443;-0.007707688026130199;0.002077738678781316;8.16208724975586;0.007541166117880494;0.1017578125
1861;3.9588835233979474;1.0;0.5187577824019864;0.5346875556723472;256.9491994338936;-0.012114013032987713;0.007051853567827493;8.16337456703186;0.010252445843070746;0.1322265625
1862;6.692681765100833;1.0;0.5277661132107012;0.626640158920833;253.45483445139547;-0.014359655184671282;0.011511592543683946;8.164074277877807;0.009195522055961192;0.121875
1863;5.598239567329651;1.0;0.5000154720988988;0.7102040958644602;304.727710631848;-0.015027298871427775;0.003519224445335567;8.161465787887574;0.00841448422288522;0.1125
1864;6.189537785694933;1.0;0.5145431431748234;0.6463002960259004;394.9377565127499;-0.017320535331964492;0.0025116773904301226;8.161087703704833;0.00816318765282631;0.1177734375
1865;6.2942709582928495;1.0;0.5599009369798132;0.6521800449473096;132.0172236517025;-0.010467950720340014;0.0042708050110377375;8.166816139221192;0.008326365565881132;0.10703125
1866;6.79340674997866;1.0;0.4723563302197183;0.6071102165499889;341.01326529537215;-0.007196165295317769;0.0025310664379503576;8.169643020629882;0.006378324830438942;0.08125
1867;6.825049633002148;1.0;0.5062798876990094;0.6758248698837084;360.63497396248414;-0.01459819097071886;0.0015137781447265297;8.16885290145874;0.007186973979696631;0.105078125
1868;4.880770643977501;1.0;0.5121697028772383;0.6650315186869263;379.20711080857956;-0.009155135345645249;0.00321362916729413;8.170368862152099;0.006710276275407523;0.09375
1869;6.943362989200965;1.0;0.4892754961712511;0.531092248898337;270.1276228460011;-0.00797075368463993;0.0028073087451048195;8.176015424728394;0.008548612357117236;0.1177734375
1870;6.8507111702025485;1.0;0.4855883859413736;0.5352266919054542;218.54333788607272;-0.006580820237286389;0.006568487104959786;8.179719495773316;0.013224501756485551;0.186328125
1871;6.345188973123863;1.0;0.48451858267434633;0.7009896880914602;202.6927750726418;-0.011112983571365476;0.002942595456261188;8.179396963119506;0.010260399011895061;0.148828125
1872;6.752030753290793;1.0;0.4978212270565631;0.6430631156653323;372.2904843151573;-0.009614032879471778;0.003141759033314884;8.180488061904907;0.0071557015064172445;0.0921875
1873;6.65961284011939;1.0;0.545337112108911;0.6669838551137791;209.57551625679423;-0.007318239985033869;0.00238240851322189;8.180153274536133;0.008097576431464405;0.1095703125
1874;7.471715220764535;1.0;0.4265299621866358;0.37132734354740926;180.79826048940035;-0.006058031413704157;0.001389810984255746;8.181397342681885;0.010504438495263457;0.1564453125
1875;5.614217459299717;1.0;0.533229301722097;0.6238784710922369;282.41989324173426;-0.015150964097119867;0.002419065107824281;8.182623195648194;0.006396447529550642;0.0876953125
1876;6.638682362532258;1.0;0.5146438567538398;0.623168420115115;236.46980416756622;-0.011150074610486626;0.0048943873844109476;8.180907821655273;0.010193644766695797;0.1326171875
1877;7.224681886049824;1.0;0.48068763483129007;0.44446749772018296;138.6961623930438;-0.017209394089877605;0.007599323592148721;8.185783576965331;0.009505179559346289;0.1404296875
1878;6.2456987640518005;1.0;0.49239822935702104;0.6371487747922147;323.32125792201293;-0.019353043334558607;0.05399270402267575;8.193513250350952;0.00735194671433419;0.0912109375
1879;6.682264276611549;1.0;0.5703322557249232;0.6890342675038471;175.36490525872216;-0.015557996509596706;0.006242079078219831;8.195540952682496;0.008438043016940355;0.1119140625
1880;6.872554263109533;1.0;0.5015637041494485;0.6059945165263441;285.9796037527393;-0.018270403216592967;0.009721440961584449;8.198626470565795;0.008728218520991505;0.121484375
1881;7.487029641623222;1.0;0.47499202680162494;0.5017455356733812;212.27653008127808;-0.01596908923238516;0.007561855157837272;8.195051050186157;0.010880852758418769;0.1484375
1882;7.473877223342223;1.0;0.47413383619040256;0.4979529015781228;197.9610592249041;-0.017577870143577458;0.0070308445720002055;8.192984580993652;0.011243897664826363;0.151953125
1883;2.4080458409897916;1.0;0.5816852235981302;0.6559611786455705;242.57241176376164;-0.007824000716209412;0.012309052399359643;8.1917320728302;0.008603962697088718;0.104296875
1884;5.652862289257924;1.0;0.6112320291409352;0.7988291441995999;190.12904077089448;-0.023120773630216716;0.004730133840348571;8.193843555450439;0.008662635670043528;0.114453125
1885;5.766639882512388;1.0;0.4621885141465138;0.443025426833374;128.39366580970776;-0.006058038771152496;0.003295938530936837;8.19102349281311;0.009963131090626121;0.14140625
1886;7.188633006925903;1.0;0.3734252591302943;0.30823361560709567;184.54035522190762;-0.008312908746302129;0.04486312526278198;8.189495468139649;0.00537469886476174;0.0591796875
1887;6.872052151328117;1.0;0.5297776359650179;0.6023432717321582;146.27414832139058;-0.007381412480026483;0.012379113677889108;8.18972568511963;0.006461796863004565;0.0845703125
1888;6.948784309421958;1.0;0.4913328933282667;0.4826060377107693;119.91811038930567;-0.015511620929464698;0.016962311789393426;8.187628316879273;0.009484489005990327;0.1390625
1889;6.403494418534864;1.0;0.5342240485512425;0.6254524032805532;147.92763806855967;-0.018709958426188677;0.0060791584430262445;8.18632493019104;0.008952608436811716;0.1173828125
1890;6.710231307514059;1.0;0.4683174061043546;0.5014188790211295;265.75037522789063;-0.01671086819842458;0.0091140849981457;8.184312009811402;0.010144250583834946;0.140625
1891;4.52774567597782;1.0;0.42978617825145765;0.41095635892851945;159.32970578449073;-0.004069414315745234;0.002374796802178025;8.183010339736938;0.0064572497271001335;0.0921875
1892;7.130759916101227;1.0;0.4806192399865345;0.5597744884442477;337.40849063602025;-0.013769925152882934;0.004604771721642464;8.184948348999024;0.009447201038710773;0.131640625
1893;5.201396386568332;1.0;0.5102337096049007;0.5617583583333783;180.66351260593515;-0.0178426890168339;0.004412644915282727;8.185428857803345;0.007456144341267646;0.1146484375
1894;6.818009539424658;1.0;0.4849776782488939;0.4810624819016461;157.9021019766047;-0.010439318045973778;0.0020945815194863826;8.18754801750183;0.009731433843262494;0.1392578125
1895;5.819762440741753;1.0;0.337086548875964;0.3411860271831403;290.0396424416054;-0.018904670234769584;0.006476483913138509;8.195674514770507;0.01088908310048282;0.1392578125
1896;7.4405424271308;1.0;0.43950147152635066;0.4084139124637647;175.01713388819346;-0.017981383437290787;0.003624467004556209;8.204385232925414;0.00805087904445827;0.1111328125
1897;6.627004441683281;1.0;0.5071852511894702;0.6078067426353646;291.51012576340383;-0.01942740906961262;0.0023098973324522376;8.208061218261719;0.01007665612269193;0.1455078125
1898;4.511852623886005;1.0;0.6270287613682619;0.8499128243251229;266.26288165318067;-0.009718270134180784;0.0033400798158254473;8.207173061370849;0.00639362457441166;0.0767578125
1899;5.576370174039515;1.0;0.47455355946683164;0.4432513909649053;221.82088347419136;-0.011543264985084534;0.002018940867856145;8.201657438278199;0.008258547738660128;0.1173828125
1900;6.2410429667803164;1.0;0.507910634449633;0.5877443424301708;241.78391092689415;-0.014956602593883872;0.0028805346111766992;8.204578304290772;0.00705165300751105;0.0966796875
1901;5.551265192383325;1.0;0.4736343114863229;0.5117013056160481;353.8470754463619;-0.005378746194764972;0.06589394677430391;8.21291880607605;0.008187465311493725;0.1177734375
1902;6.530217457549154;1.0;0.5978805151294551;0.8035728543755861;216.2731855474888;-0.011501074046827852;0.033365883585065606;8.214414072036742;0.007972806063480675;0.101953125
1903;7.540383069719178;1.0;0.4719883941055988;0.5154278886098591;232.2576319359936;-0.012893883790820838;0.002876637177541852;8.208589601516724;0.00936226932099089;0.1326171875
1904;6.972997294081681;1.0;0.3895312645970093;0.3198773604242724;167.78762415621648;-0.015820268960669636;0.0044511574087664485;8.209687662124633;0.009867340186610818;0.138671875
1905;6.175859001116065;1.0;0.5425134108420913;0.5602940144207522;150.93034529658456;-0.011676795314997435;0.005437854700721801;8.211721229553223;0.009712867741473018;0.1412109375
1906;4.08480809370308;1.0;0.49633028989230343;0.5014251704686765;266.5160243068458;-0.004565541818737984;0.05173427134286612;8.21042971611023;0.010568994947243482;0.13671875
1907;6.7554499317552565;1.0;0.4855663368511096;0.5336578630619531;152.70640634027194;-0.0124317045789212;0.0027323312184307723;8.204848861694336;0.010594642139039934;0.1498046875
1908;7.5388382771987725;1.0;0.43649173805603825;0.42193289327240574;215.95478322713726;-0.012543964572250843;0.004300322321554025;8.20127633412679;0.013228549621999264;0.17473958333333334
1909;6.399778588940735;1.0;0.5225285098471876;0.6225556502661687;260.3132362478661;-0.01857789373025298;0.0028793144912924616;8.206010627746583;0.008908216177951544;0.126171875
1910;5.474628434799292;1.0;0.47544729584606155;0.544600446978099;376.41091249856237;-0.0018813923932611942;0.009352433122694492;8.213038730621339;0.006894016521982849;0.091796875
1911;6.088117470357853;1.0;0.5262948517731932;0.6575169766796771;299.44082674343946;-0.009295084374025464;0.003537030256120488;8.215812730789185;0.005901452223770321;0.0712890625
1912;3.5242351678772255;1.0;0.5599416093490431;0.6465145907943374;277.05121659381876;-0.018942277459427715;0.0025438552431296555;8.21678524017334;0.011202884744852782;0.1546875
1913;6.411270554910009;1.0;0.5200407362520134;0.6181883727142454;291.8656564144601;-0.010988705419003963;0.0034659892320632935;8.214517211914062;0.007336190377827734;0.0994140625
1914;7.381424945480164;1.0;0.48626697412802;0.6101408055344119;280.17652612687993;-0.019187819142825902;0.0034180117421783508;8.214280986785889;0.010810349381063133;0.1609375
1915;6.506867691462411;1.0;0.541830759357375;0.6386864519368863;172.54122933220188;-0.013743289560079575;0.0048576377797871825;8.214249753952027;0.008584711828734725;0.1220703125
1916;6.415511350116153;1.0;0.5385261627621426;0.6062501009638042;136.96836619642374;-0.0048816237598657605;0.00319112358847633;8.211428689956666;0.007870481815189123;0.1009765625
1917;6.948827753598806;1.0;0.45776115119617045;0.525174361311446;184.47756585649722;-0.01259977868758142;0.00310605454724282;8.206560182571412;0.005711484025232494;0.0775390625
1918;5.732913593014649;1.0;0.4431072462903653;0.4108941661972067;183.43698964122663;-0.010445708059705794;0.004732041980605573;8.19993553161621;0.008765237056650221;0.113671875
1919;6.919153865693318;1.0;0.4940609793759553;0.5847428367105783;379.1147928273818;-0.016217097360640764;0.0030609727487899362;8.19829444885254;0.008043008658569306;0.1142578125
1920;6.95940482682472;1.0;0.5349778120361625;0.5851100548705356;172.96414960955408;-0.021323040733113884;0.008709178073331714;8.199749851226807;0.010274549701716752;0.1248046875
1921;6.589974721297178;1.0;0.5236529016794913;0.6162622933940529;210.09267624318989;-0.01275524077937007;0.007588870031759143;8.199916410446168;0.007483936939388513;0.09609375
1922;4.425746798561185;1.0;0.5185847605788296;0.5171008764872461;124.40278079261678;-0.012181381834670902;0.00584844573168084;8.202311849594116;0.0072026300011202695;0.097265625
1923;0.8474416835541998;1.0;0.5674559098952852;0.648734222400339;320.89104655049715;-0.007704410562291741;0.04989583417773247;8.200138807296753;0.010027180018369108;0.138671875
1924;5.939050026540678;1.0;0.527739661796052;0.572151070142308;230.77481355297394;-0.019679408194497226;0.0023051489260978997;8.199480295181274;0.00848781717941165;0.1169921875
1925;4.32973043951828;1.0;0.5316371743472991;0.5634933769619578;209.91494500132598;-0.013169675599783659;0.0026383297052234413;8.201597595214844;0.007975085277576;0.1126953125
1926;5.617303038684679;1.0;0.6513652281010276;0.8100863141751768;126.6023187369309;-0.005286477552726865;0.004101849731523543;8.205590772628785;0.0074454531073570255;0.10234375
1927;6.149937187125251;1.0;0.39522258125615906;0.5380931969356475;352.02403062934883;-0.021327135106548666;0.006131372787058354;8.208036184310913;0.012058902753051371;0.1701171875
1928;4.774272958526118;1.0;0.44470550219117294;0.36554475039414086;139.1323277930026;-0.01907615780364722;0.012334484606981277;8.212624120712281;0.009709090227261186;0.1349609375
1929;6.189523942821397;1.0;0.5924968187839261;0.7365136522735013;205.1443245911393;-0.015257573407143354;0.00818390327040106;8.212708854675293;0.006508313561789691;0.0890625
1930;7.285083428995253;1.0;0.4724353909880485;0.5019766778593577;208.03553419236908;0.0028729363810271026;0.005310673068743199;8.21900806427002;0.008275928313378245;0.112890625
1931;6.67641319586;1.0;0.5498749263812148;0.7450691491037682;310.9256125646494;-0.014441324165090919;0.00982789050322026;8.225744485855103;0.006126045214477927;0.0783203125
1932;7.012766445232993;1.0;0.4018581784696628;0.38703091735959766;247.36211496983435;-0.0116105088731274;0.01475457982160151;8.224195623397828;0.00703737314324826;0.0982421875
1933;5.146694359615314;1.0;0.5298746136108555;0.6535082799302332;291.6088232286139;-0.018473941273987292;0.011778060952201486;8.219082450866699;0.007215484441258013;0.09765625
1934;2.939475504041517;1.0;0.5806066105209863;0.6162457257270471;225.5598448135539;-0.01672073034569621;0.008420563978143036;8.223361396789551;0.010393934359308332;0.1494140625
1935;4.563172619337012;1.0;0.42332623212455966;0.5274922028177441;293.0637788566158;-0.009122534701600672;0.004368680680636316;8.227018547058105;0.008247209317050874;0.112109375
1936;6.751532634625308;1.0;0.48862176589293366;0.5068775791922845;160.31187941232494;-0.005726115289144218;0.005056322983000428;8.226636695861817;0.008358585566747933;0.121484375
1937;7.092025930851717;1.0;0.4909222086656238;0.6554938356037506;345.68032780323597;-0.007132938923314213;0.0030546720139682294;8.228472423553466;0.006768524483777583;0.07890625
1938;6.34302822833946;1.0;0.5314951087821551;0.6750353644762127;329.834516467355;-0.013255828013643622;0.003066667716484517;8.224953174591064;0.009751211269758642;0.136328125
1939;6.641568702396887;1.0;0.5241645237749499;0.7057474656988582;332.61495201164394;-0.015524583868682384;0.003946616814937442;8.21968870162964;0.008995123242493719;0.1123046875
1940;6.787192446277887;1.0;0.4940127536038758;0.5177725357392136;136.90314869409326;-0.01165527948178351;0.003026456944644451;8.216585254669189;0.008691172557882964;0.1212890625
1941;2.266175139856227;1.0;0.3770263553211195;0.40984959694678685;354.8818501531087;-0.016230879304930567;0.004485420894343406;8.219061660766602;0.010235526179894806;0.1509765625
1942;4.347645268620025;1.0;0.5888045170310142;0.7176287690096507;155.1370017605133;-0.00910955793224275;0.00935750810895115;8.218924140930175;0.006717452569864691;0.0884765625
1943;6.933801492804907;1.0;0.489866828303243;0.5499458871609028;262.5297470816986;-0.00598139208741486;0.007700836705043912;8.216697883605956;0.005636034358758479;0.0767578125
1944;5.033539001837093;1.0;0.586769194182336;0.7796366612719396;233.91912756705761;-0.006865490134805441;0.06710670744068921;8.21736798286438;0.010744666610844434;0.148828125
1945;7.460198860236887;1.0;0.40894925357651907;0.3850074241623167;218.75832018193626;-0.007451931992545724;0.005020332243293524;8.223199892044068;0.006750005716457963;0.0947265625
1946;5.596608667573266;1.0;0.5058208861478105;0.665372203890427;387.13564011197104;-0.01613277052529156;0.012902205949649215;8.221652173995972;0.007607983110938221;0.0912109375
1947;6.98867255730321;1.0;0.3912928794555102;0.3538154925491648;194.37451287546608;-0.017789890291169286;0.004955005424562842;8.22064142227173;0.0122204446233809;0.1666015625
1948;6.755910770653274;1.0;0.5039614992488683;0.5929522878688862;166.65071964614353;-0.009035892225801945;0.0017247466719709336;8.216840744018555;0.01000286063645035;0.141015625
1949;6.324914818003358;1.0;0.5720111680694956;0.7266882941979231;196.54923368142096;-0.007616168074309826;0.06321333777159452;8.213970565795899;0.007806748687289655;0.100390625
1950;6.876326968277214;1.0;0.5373454108093519;0.6383523538821367;215.34274843818164;-0.021256635093595832;0.011947566759772599;8.21226749420166;0.010355535941198469;0.1509765625
1951;7.2744125253740455;1.0;0.40103649891589216;0.4006411780689986;287.58728822403344;-0.008650120301172137;0.00810127800796181;8.215469932556152;0.009921252471394837;0.1298828125
1952;6.8197703706364745;1.0;0.5019331892778548;0.5335150099223365;157.27956577054303;-0.012944115744903683;0.04260657329577953;8.22030167579651;0.00966563425026834;0.1365234375
1953;6.158866915599912;1.0;0.49444695727358723;0.5287272458778545;177.81271294666442;-0.00888662226498127;0.008403485268354416;8.228734111785888;0.008887175295967609;0.1328125
1954;5.697500645785397;1.0;0.4502409755715339;0.41384462741869765;183.43963480418137;-0.01632487801834941;0.00628338111564517;8.239240694046021;0.00841221606824547;0.1203125
1955;-3.168384491112259;0.0;0.0;0.0;494.44888157628895;-0.014068097295239567;0.0046710153692401946;8.24196891784668;0.008353807835374028;0.1203125
1956;5.72326400563964;1.0;0.5943250846766434;0.7811954164385261;275.6516525964264;-0.011642608745023608;0.04735367065295577;8.237902927398682;0.006723743758630008;0.091796875
1957;5.336290883536451;1.0;0.521080999650048;0.5213304517198246;163.22922644392932;-0.0072674652561545375;0.01089426693506539;8.239273977279662;0.006393005873542279;0.0787109375
1958;6.843391181565809;1.0;0.4479488919060826;0.45785320614918773;247.0061031119506;-0.01785179805010557;0.0030407363548874853;8.247633695602417;0.008933694812003522;0.1236328125
1959;6.9235896453613215;1.0;0.5033634544451782;0.6309803857690918;240.9450366044043;-0.011421452416107059;0.0021845719835255294;8.25053539276123;0.007066151709295809;0.091796875
1960;6.599689945255426;1.0;0.5320090708040033;0.7052816963968771;358.16236528197743;-0.00733400397002697;0.010121795220766217;8.249777889251709;0.009266225073952227;0.126953125
1961;6.394230063832982;1.0;0.5255074371916848;0.5632248230380558;90.52157223604864;-0.012096900958567858;0.01010268651880324;8.251577663421632;0.008121416426729412;0.09140625
1962;7.093342688611172;1.0;0.4325535119803118;0.44640505857328305;298.2827257618604;-0.00981881208717823;0.004344302613753825;8.256081771850585;0.010252593993209302;0.1470703125
1963;7.2771258092229205;1.0;0.4615361246327118;0.498601950590017;163.23294188276074;-0.009408380789682268;0.011691401526331902;8.262948131561279;0.008213525952305645;0.1125
1964;3.8702233745308696;1.0;0.46713978303210973;0.5679443661433651;192.9456932298464;-0.019346580654382706;0.00926238726824522;8.26694359779358;0.007997218717355281;0.115234375
1965;6.739789425000737;1.0;0.5235509885562656;0.6534752427844999;211.95108133828379;-0.004908222611993552;0.012630876339972019;8.267279481887817;0.008032689185347408;0.108984375
1966;6.408058559625429;1.0;0.6300404585276744;0.8334530117277628;224.37519612649842;-0.02082008954603225;0.00771987724583596;8.263580513000488;0.00820989536587149;0.1189453125
1967;7.088850214185182;1.0;0.4396589333609647;0.4470883379249858;243.45950234566953;-0.01369688818231225;0.01564756887964904;8.261208009719848;0.010165738628711552;0.1328125
1968;6.16406930778493;1.0;0.6132690035349823;0.8183289204625995;222.79017053233082;-0.011093816254287958;0.003984858118928969;8.265055942535401;0.007061010634060949;0.0830078125
1969;7.224153948195869;1.0;0.44486545900566693;0.4785035922096829;231.37153351607438;-0.012663220195099712;0.0030464959563687444;8.267260456085205;0.00817754459567368;0.111328125
1970;-6.219996725718636;0.0;0.0;0.0;281.7895609822801;-0.011948574800044298;0.010839384398423135;8.266615152359009;0.010032043315004558;0.1392578125
1971;6.3520441127989296;1.0;0.5429610202810846;0.6686712450609649;237.06688054677534;-0.008971024071797729;0.0036362211219966413;8.266204833984375;0.006878304143901915;0.096484375
1972;7.1191496812169515;1.0;0.4602047318228125;0.6671115308913365;291.720438813092;-0.002530631213448942;0.05691595207899809;8.271224880218506;0.007934190146625043;0.1025390625
1973;6.238955949253453;1.0;0.5182731485611259;0.6791603323278149;272.18317320907545;-0.012340992572717369;0.00876870476640761;8.272518014907837;0.009711781679652632;0.13828125
1974;6.844511405735544;1.0;0.46679044999749253;0.6207053263921966;271.10116377571813;-0.007841873541474342;0.003361442475579679;8.273395156860351;0.00545468971831724;0.0732421875
1975;6.781452603181366;1.0;0.5278805206375683;0.669106479230355;197.70328121894778;-0.004671599587891251;0.00267571461154148;8.271903705596923;0.006989809719379991;0.0984375
1976;6.34150718341111;1.0;0.6367241587216765;0.8193157107411849;125.71499655693175;-0.004117082385346293;0.05991893862374127;8.27041997909546;0.005132959852926433;0.0654296875
1977;6.408968955731686;1.0;0.5610637116628415;0.6721969127367405;120.69907134935207;-0.014736959524452687;0.007908518938347698;8.265905618667603;0.008788532949984074;0.12109375
1978;6.181968554678989;1.0;0.5067311486976718;0.6349336528119762;276.5631928881644;-0.01394377094693482;0.0034070460358634593;8.267369365692138;0.00661054925294593;0.09296875
1979;7.131426960122608;1.0;0.4503918729197369;0.43486473250439794;165.04627874965914;-0.017918491270393133;0.0019736394635401664;8.264461612701416;0.012456311867572368;0.1650390625
1980;6.721222422382973;1.0;0.523960387607359;0.6658347643072741;193.86643660532093;-0.006580649199895561;0.002745319053065032;8.257570505142212;0.009225006971973926;0.112890625
1981;5.93593541166461;1.0;0.5107198658542818;0.5378501258259857;190.06759781943023;-0.004006223985925317;0.00418300962774083;8.254698705673217;0.006332378485240042;0.083203125
1982;7.090025918880793;1.0;0.4404141403634032;0.521174396331515;176.27765901968382;-0.009679511189460754;0.004657064646016807;8.252498674392701;0.011150875268504024;0.148046875
1983;4.298169884775757;1.0;0.6865896078055975;0.8682032899439084;133.623991823296;-0.010088378004729748;0.003811103489715606;8.253225803375244;0.008089019020553678;0.11953125
1984;5.604108065616553;1.0;0.428292450937774;0.5211076898773535;410.074738046435;-0.007471186853945255;0.002321868488797918;8.257799577713012;0.006884185643866658;0.0955078125
1985;5.706190320060884;1.0;0.509731338176157;0.6540374880394703;306.5169032802596;-0.01267142971046269;0.0036503395065665247;8.260595703125;0.00962793753715232;0.13515625
1986;6.218708929544192;1.0;0.6157396922195282;0.7908371760173628;254.0423952195325;-0.014108206843957305;0.003398309787735343;8.26087408065796;0.01073544161627069;0.1591796875
1987;3.90284822437056;1.0;0.48158453080143643;0.5870656345413497;385.20600499735093;-0.012124738097190857;0.0037013254244811834;8.264787244796754;0.0076639898936264215;0.1064453125
1988;7.215124587770246;1.0;0.4418476293798861;0.4892912503167747;246.0447274313871;-0.015931744733825325;0.011929308157414198;8.265445470809937;0.006750083900988102;0.0869140625
1989;3.4758903826878322;1.0;0.5865611346332541;0.7331148416869014;299.5308530128887;-0.009808234823867678;0.0022661511728074403;8.264751052856445;0.008692642697133124;0.123828125
1990;6.628372556432569;1.0;0.5425827463195547;0.7291178536864217;302.027616360526;-0.006529742386192083;0.046606752835214135;8.26412935256958;0.009596390509977936;0.136328125
1991;6.204533118772546;1.0;0.5803937299408645;0.6693554278392192;138.95326589073974;-0.0036578432656824587;0.005932615324854851;8.256739330291747;0.007836399844381958;0.105078125
1992;6.983350272503485;1.0;0.44577017512668154;0.45155610641865807;179.020107297602;-0.006238836422562599;0.003603873448446393;8.254402923583985;0.008366620959714055;0.107421875
1993;6.701643535359693;1.0;0.4551283948079127;0.5306000850204831;317.26313456697306;-0.012884984863922;0.056638129195198415;8.249514293670654;0.00942458378849551;0.126953125
1994;5.754195936195277;1.0;0.4547951445873123;0.581581686868241;374.9352992455277;-0.0014962454326450825;0.005741297919303179;8.251685380935669;0.00998403987614438;0.1326171875
1995;5.6337554003406085;1.0;0.49993486002450577;0.6253111932662976;298.20316535503866;-0.01478963326662779;0.005342311388812959;8.253956651687622;0.009258120437152684;0.13125
1996;6.054741782957806;1.0;0.49126630020412704;0.6413547569561285;422.63301815962814;-0.011670855432748794;0.008140857447870076;8.260514211654662;0.007056396233383566;0.096875
1997;7.030152387852885;1.0;0.42864291274298805;0.3798601007887337;166.27737362262252;-0.01761079914867878;0.01328791556879878;8.260482215881348;0.012166310765314848;0.1580078125
1998;6.366868670955958;1.0;0.5824527760443424;0.7479713968608109;204.56938581169229;-0.012366290530189871;0.005975784058682621;8.266503381729127;0.01453584674745798;0.1974609375
1999;6.580000993726741;1.0;0.429516052912696;0.5052155833003444;388.48075742440807;-0.01796125457622111;0.00922838228289038;8.271147632598877;0.010565587948076428;0.145703125
2000;6.1735350127509765;1.0;0.5250439074938043;0.6715069338270768;325.6883270384238;-0.006975571066141129;0.045464394893497226;8.2757173538208;0.00678023777436465;0.084765625
2001;6.108958771084555;1.0;0.557554006272743;0.7253999860430085;298.19638740405435;-0.01896489104256034;0.009416350186802447;8.28355278968811;0.00936777995666489;0.1185546875
2002;6.393347748770508;1.0;0.5799275743385194;0.6360999208310533;97.38308020370576;-0.00782188419252634;0.05388669027015567;8.295241403579713;0.008928652352187783;0.123046875
2003;4.66101353685272;1.0;0.5363160065876996;0.616338864435997;241.80631420132775;-0.018028062116354705;0.014243543846532702;8.296578121185302;0.008208081917837262;0.11171875
2004;6.420928830975713;1.0;0.5589559093137044;0.7519070164582067;181.84016091552994;-0.007504497945774347;0.010453540505841375;8.292937803268433;0.006234952853992582;0.0873046875
2005;6.882036833979864;1.0;0.4000010440023524;0.3584223301376923;213.89148281804358;-0.008747520693577825;0.018901969492435455;8.292519330978394;0.011641281878110022;0.1583984375
2006;6.822743827266478;1.0;0.4300909964051753;0.492276102048795;304.07147352160393;-0.0007558094337582588;0.00632818965241313;8.297891283035279;0.009716237324755638;0.1361328125
2007;6.9199292863981325;1.0;0.465088816053061;0.6086407338586622;407.01292145449173;-0.012539035291410983;0.009044819488190114;8.301831483840942;0.007719473715405911;0.1017578125
2008;4.37242802120482;1.0;0.40932166409942317;0.31327954882939013;170.9263098838416;-0.002881927974522114;0.04156620092689991;8.302184009552002;0.0085588333546184;0.1099609375
2009;6.891714704449104;1.0;0.37842842855030323;0.3505025043653962;235.68704591002108;-0.02076497869566083;0.0162587630096823;8.303191375732421;0.011848590755835175;0.1572265625
2010;5.226600479662919;1.0;0.46963581052351533;0.5297940921061046;299.7275848792323;-0.013876978494226932;0.008851292403414845;8.303619289398194;0.010653259803075344;0.129296875
2011;6.530965930604056;1.0;0.6282447485341254;0.8655636861018925;196.7508875122736;-0.015192684438079595;0.0033852024585939943;8.315807390213013;0.008920126757584513;0.11953125
2012;6.681671190608386;1.0;0.5216654331244254;0.5977653123039864;164.03061349212933;-0.009168349858373403;0.00903307858388871;8.322800397872925;0.00865421029739082;0.1146484375
2013;5.537129498796821;1.0;0.4715612871253102;0.49680273128596975;245.76012105561887;-0.02116019551176578;0.0028146318451035767;8.323867654800415;0.008144613169133664;0.109375
2014;4.030430265193471;1.0;0.5151293949457079;0.6797420854987508;347.7255227885805;-0.002970576146617532;0.004451999964658171;8.320432376861572;0.008190499595366418;0.11484375
2015;5.537121628907988;1.0;0.4821421482605465;0.6493711144948013;382.6830902101946;-0.013288822816684842;0.0039251567679457365;8.322779273986816;0.006994262977968901;0.09453125
2016;5.4033831387820666;1.0;0.42978916382674276;0.39627862885664583;148.13230713077743;-0.019557095039635895;0.0018308315542526544;8.335646200180054;0.01174080347409472;0.162109375
2017;5.735909383976205;1.0;0.49000434436690954;0.5414094326145972;173.19866337634951;-0.012722415616735816;0.0029699753620661797;8.338939189910889;0.007494350872002542;0.101953125
2018;6.7960682650526145;1.0;0.42332743804244727;0.4156980314559694;160.7175799828342;-0.00755401779897511;0.003588437265716493;8.33611445426941;0.007595403934828937;0.0935546875
2019;7.353852867773724;1.0;0.3773774187731606;0.34349628907795526;232.00012440371432;-0.003340195957571268;0.0012965009664185345;8.339235305786133;0.009150027169380338;0.1390625
2020;4.452845083987519;1.0;0.49283369396277915;0.5914589725721553;336.2926585607071;-0.009895531833171845;0.0025334326608572157;8.342214918136596;0.011866496969014406;0.1767578125
2021;7.1639602973856364;1.0;0.451920666999564;0.5422327480180625;282.5813881250735;-0.009851609356701374;0.002222956361947581;8.344416427612305;0.007983931282069534;0.105078125
2022;3.3664614067892105;1.0;0.5502732814798075;0.579315097090963;214.97467572724076;-0.009407450864091515;0.0027336230385117235;8.341395950317382;0.005823540384881198;0.08359375
2023;7.1372059968702075;1.0;0.4338845108225143;0.5094755043578016;245.88539020562413;-0.005330778378993273;0.003960067080333829;8.337674808502197;0.006307487585581839;0.08125
2024;6.778776843637893;1.0;0.3158856217403622;0.26079126550792103;263.9765443213177;-0.016126022161915898;0.005960539937950671;8.347542333602906;0.00962510306853801;0.123046875
2025;6.279282429308651;1.0;0.45889691889848616;0.5012418481329949;233.7505617416467;-0.013953160075470806;0.0019364511303137989;8.348143482208252;0.006719119346234948;0.0966796875
2026;4.111379990068854;1.0;0.40464298213758937;0.3703191821315259;262.27228340585435;-0.016584702581167222;0.002388690738007426;8.34613208770752;0.008601376228034497;0.1046875
2027;6.424025597980665;1.0;0.4625853380603788;0.5087664191778332;222.16288450604546;-0.00834635403007269;0.0028163071488961577;8.341007947921753;0.00590243861079216;0.0732421875
2028;6.952305792000097;1.0;0.38711275020611463;0.5743178780598063;287.68375176638057;-0.015647086920216678;0.009599678847007454;8.338303184509277;0.009392592194490134;0.1119140625
2029;6.752219105094347;1.0;0.4674638227157967;0.609078928368451;286.5318158624709;-0.013806766644120217;0.00218826225027442;8.342373609542847;0.007513589586596936;0.1029296875
2030;6.023371227529918;1.0;0.4335330586875259;0.5266759457440833;317.2740110854255;-0.012401790730655194;0.0009688352030934766;8.34524974822998;0.005875317647587508;0.0771484375
2031;6.474535032237043;1.0;0.4828503665165866;0.5708244433985386;204.38563305582394;-0.003800212172791362;0.001498163171345368;8.352449512481689;0.006295299774501472;0.080078125
2032;2.999928874719731;1.0;0.4200103892924764;0.47440128399584297;414.14131658789097;-0.002201218856498599;0.0029714673291891813;8.358021593093872;0.008899570943322032;0.131640625
2033;6.624182887474484;1.0;0.419147799097946;0.42061496344843435;213.68062517513158;-0.007480035908520222;0.0018754187738522887;8.359292030334473;0.005956824857275933;0.075390625
2034;6.410844550377034;1.0;0.4542405608548335;0.6087782792583862;475.35015053476513;-0.012198140262626112;0.004632346064317972;8.360010242462158;0.008275124558713287;0.1115234375
2035;6.805361678775194;1.0;0.45391215135979623;0.5109405340285408;249.91373294477137;-0.016982383234426378;0.00613191737793386;8.366909837722778;0.011549237219151109;0.1666015625
2036;7.432412203966457;1.0;0.41130608898098986;0.48970025039021065;240.77627884850287;-0.004162441473454237;0.004881810559891164;8.376338386535645;0.006980881339404732;0.0958984375
2037;2.5578177753089495;1.0;0.4723200410967698;0.5150972986503396;262.13954509956847;-0.005322497035376727;0.00643152529373765;8.387496328353881;0.0072128753643482925;0.0826171875
2038;5.301285595704103;1.0;0.3807731249031017;0.38017751676462436;266.6516076509372;-0.00816610329784453;0.0035784582840278746;8.39171323776245;0.007798489229753613;0.1001953125
2039;5.268006470729812;1.0;0.570731673031131;0.675622958148396;146.18136779983476;-0.015959534491412342;0.004932865407317877;8.399571561813355;0.009768258919939399;0.134375
2040;6.514210833505931;1.0;0.5817616981498627;0.6646677070923511;133.71208613589158;-0.013603295013308526;0.003198735835030675;8.404045248031617;0.008162356435786933;0.11640625
2041;6.785345461201317;1.0;0.381668867191035;0.35607432956890267;200.6028989273645;-0.0026097206864506006;0.0030771250370889903;8.406119918823242;0.005237749323714525;0.0705078125
2042;6.129084235184326;1.0;0.4599142676498075;0.5133309478039662;254.0468621900021;-0.006809925427660346;0.003985374770127237;8.403856134414672;0.008408617693930864;0.1091796875
2043;5.266048029103399;1.0;0.4784485541622845;0.6209064920078955;434.0253618045373;-0.012700344622135162;0.005198879877571017;8.400934553146362;0.00952734702732414;0.1310546875
2044;6.775738090775634;1.0;0.4108879336024755;0.480613803429003;368.1303392097471;-0.006770461751148105;0.0036640937090851367;8.400992107391357;0.006652096658945084;0.084765625
2045;3.9724704308722703;1.0;0.48444833057193276;0.5721788125995525;182.86247764111425;-0.017035129852592944;0.0054294317029416565;8.399038171768188;0.009137244743760676;0.13359375
2046;-1.8486617593885928;1.0;0.41174939151572;0.5009931648522195;225.87397677724965;-0.013527033710852265;0.0037151290569454433;8.399938201904297;0.00756124994950369;0.1
2047;4.24523427361349;1.0;0.3411096960949778;0.404029181764797;289.69636758986405;-0.018220661813393234;0.0037181758671067655;8.4021559715271;0.011453298456035554;0.159375
2048;-4.050263145891112;0.0;0.0;0.0;467.65128242773204;-0.02001991665456444;0.006692797667346895;8.405417346954346;0.01008337246021256;0.1177734375
2049;5.036303588173054;1.0;0.49139455655748554;0.586375005841384;311.54000757053257;-0.0008062876528128982;0.0028120217146351935;8.403470945358276;0.00702866556821391;0.088671875
2050;2.2743599275363597;1.0;0.47939927383613995;0.5925876759338663;398.74513274862085;-0.014685569237917662;0.005430069507565349;8.401946210861206;0.011736419424414635;0.14765625
2051;1.0859820201228834;1.0;0.3882766340421807;0.31279068398020793;283.05606583410486;-0.01368954333011061;0.004113182239234447;8.401456069946288;0.006023756496142596;0.0794921875
2052;6.968190449221845;1.0;0.378102916703668;0.4082564569048043;312.78934438971015;-0.007757569570094347;0.006538980128243566;8.404582977294922;0.006826885067857802;0.096484375
2053;-3.1285274010620348;0.0;0.0;0.0;393.9091290988573;-0.011964741256088018;0.008292466471903025;8.404165315628052;0.007392126182094216;0.1013671875
2054;5.800744508241484;1.0;0.6375149373544199;0.8025938501807197;116.69750015942513;-0.007752037653699517;0.005816579796373844;8.403462791442871;0.00934161888435483;0.1388671875
2055;6.982129050274866;1.0;0.42315321699683456;0.4443405707088854;252.80243412260947;-0.008760744612663985;0.0040188399376347664;8.398634767532348;0.007265361107420177;0.1001953125
2056;3.6406868239436156;1.0;0.5065945081380753;0.5734769444581708;186.04414329171257;-0.0019303302513435483;0.004908790811896324;8.3998948097229;0.00589186972938478;0.0775390625
2057;5.939396811384807;1.0;0.5019592873556863;0.6692841084750744;237.5892978495246;-0.013870942615903914;0.004010232363361866;8.397212362289428;0.007733499305322767;0.105078125
2058;2.6810855602039565;1.0;0.490627729093273;0.5265928939586564;248.95082826472003;-0.00529957921244204;0.0028589920373633506;8.390867042541505;0.008094311808235943;0.107421875
2059;6.636435500138234;1.0;0.4284533255500671;0.43949004136171976;182.143747444977;-0.021931879129260777;0.001951333717443049;8.38835391998291;0.012879959226120263;0.18515625
2060;6.491693952553517;1.0;0.6384786281710916;0.8163224468933247;127.48688825720366;-0.00324759054929018;0.0025529772450681777;8.39472188949585;0.009872546326369048;0.130859375
2061;6.918260258936797;1.0;0.3677520753200754;0.3532679277215269;236.5102748940312;-0.017664283886551856;0.004364621033892036;8.397027015686035;0.008827901375479997;0.11796875
2062;6.452851237252904;1.0;0.43517995314864216;0.4937779085262846;203.98261876210907;-0.009172256430611014;0.00416012128116563;8.392547082901;0.008484994934406132;0.105078125
2063;4.843197504552288;1.0;0.5455863782840998;0.7273593823253505;247.30349649326772;-0.017022925848141312;0.005356357991695404;8.387055492401123;0.009139042464084923;0.12734375
2064;6.008518211007233;1.0;0.5198250555794507;0.5509611381435756;160.916135432599;-0.013654247543308884;0.0015834656078368425;8.38964319229126;0.0096153017366305;0.134375
2065;7.103172901373894;1.0;0.4994669370052994;0.7292828624920622;247.54862454835322;-0.017540480103343727;0.002307662321254611;8.38940463066101;0.010292870365083218;0.15078125
2066;6.418003504035356;1.0;0.6360445909122345;0.7619293495823052;89.56833554517532;-0.0092621726449579;0.0023611224081832916;8.385189485549926;0.008564302558079362;0.11875
2067;4.636727628364051;1.0;0.46294990645072975;0.4561569766937533;201.0390452002086;-0.006618718476966023;0.0024604583100881427;8.383581829071044;0.008050771546550095;0.1111328125
2068;2.038731486944279;1.0;0.3757279747636496;0.40282323449839297;467.5765063883335;-0.009948406927287578;0.0023584144772030415;8.38211727142334;0.009025091212242842;0.1189453125
2069;6.404327351829295;1.0;0.38333311493020533;0.3204762993785757;183.75163401238106;-0.019401182467117906;0.006275576702319085;8.38854160308838;0.00930555178783834;0.1302734375
2070;4.4509769035797975;1.0;0.4891236947455327;0.45565004386128966;167.17838512001444;-0.01735800798051059;0.007017699419520795;8.39476556777954;0.010326922626700253;0.1544921875
2071;5.984911171208278;1.0;0.5078124434120265;0.5937444714667847;186.3670229372459;-0.01661472488194704;0.0063297173473984;8.39334192276001;0.006265667511615902;0.072265625
2072;5.2139325658575615;1.0;0.5375634042879802;0.6609741985198118;255.6792881672477;-0.010445707920007407;0.0041722972295247015;8.395304250717164;0.007923321181442589;0.1078125
2073;6.114884100109009;1.0;0.44025499432592036;0.5022671330112541;299.8814669611346;-0.019246520905289798;0.00907688329461962;8.400945997238159;0.01131943182554096;0.1572265625
2074;5.916412246864148;1.0;0.46409479821241856;0.5637438294369082;413.08916915105567;-0.010143376421183348;0.003369759419001639;8.404286432266236;0.006757542956620455;0.094921875
2075;6.005392509205922;1.0;0.5347867727192966;0.6882103025097993;295.97856429989105;-0.00533437030389905;0.00328256149077788;8.404551124572754;0.007755005860235542;0.10859375
2076;6.111545519957454;1.0;0.4172472969752014;0.5120629544208891;458.2932638139129;-0.009128629742190243;0.05373402936384082;8.409249448776245;0.00937248560367152;0.1271484375
2077;6.5633581238434795;1.0;0.6194176963863579;0.8350342928179529;198.47612051606168;-0.006599848752375692;0.006229440704919398;8.407923173904418;0.006301095441449434;0.0796875
2078;6.838572752861243;1.0;0.3472673678177617;0.2925366664188405;234.3302035841871;-0.018534013722091913;0.006030857772566378;8.40996413230896;0.009106281714048236;0.1216796875
2079;6.0340010615138295;1.0;0.5578971949186907;0.63557352302542;175.77727938467063;-0.012706462666392327;0.003599150851368904;8.40885763168335;0.009689833270385861;0.14453125
2080;4.654869018574317;1.0;0.6325950293312647;0.7843977876398899;184.58887256430341;-0.00616484833881259;0.04180931430310011;8.406037282943725;0.0053290312527678905;0.072265625
2081;4.815767035417052;1.0;0.439106225482;0.40651019845244163;222.19013208065388;-0.007951149065047503;0.05194063484668732;8.4129807472229;0.0076529042096808554;0.0951171875
2082;7.254244248987314;1.0;0.4517162948732226;0.6215550836694212;258.51102930994386;-0.010212716017849743;0.018397790798917412;8.416131162643433;0.013491777633316816;0.1744140625
2083;6.393414325401793;1.0;0.44173884256543117;0.4697923359874091;198.63474640466245;-0.017435212945565583;0.004836678667925298;8.418888330459595;0.011438324069604277;0.1611328125
2084;6.336483662210605;1.0;0.38037870275869023;0.34447116288367;218.79649105827136;-0.0074404185637831684;0.003180291212629527;8.427724123001099;0.009269084385596215;0.1263671875
2085;6.773126849318907;1.0;0.3556159633726394;0.3309166664101079;273.8258638545958;-0.00816406449303031;0.04627289324998855;8.436156463623046;0.0068122097407467665;0.0943359375
2086;5.324503229019442;1.0;0.46098922715807855;0.5346522730713488;294.56500419650115;-0.012395923887379468;0.017805101117119193;8.429506731033324;0.008886858227197082;0.1205078125
2087;5.98682356961304;1.0;0.554131638909774;0.6231794391133118;220.64260779868482;-0.017304580146446823;0.01061592628248036;8.42061276435852;0.009098461002577097;0.11953125
2088;7.058990848185309;1.0;0.370001532115231;0.3274556505980131;231.0557480599563;-0.010148865799419583;0.006596968974918127;8.42294602394104;0.008368037373293192;0.123828125
2089;5.506281586435362;1.0;0.4198681639177083;0.3691140548086631;215.8222965575696;-0.016517887264490126;0.011760888434946538;8.428277730941772;0.00881330935517326;0.1185546875
2090;1.5892124923726034;1.0;0.5162543540107072;0.5542232598163742;162.50887288816173;-0.015369506110437215;0.006400739890523255;8.429808425903321;0.008138209499884396;0.1197265625
2091;6.299276574800491;1.0;0.35082758369126;0.358754496860828;442.95572630148087;-0.010806118324398994;0.018933853460475804;8.431530332565307;0.01094724196009338;0.1572265625
2092;6.544139712826249;1.0;0.42852271179517937;0.4267531948545253;191.4237967406029;-0.005152543168514967;0.047471499722450974;8.428618812561036;0.00667218987364322;0.091796875
2093;6.198482645747603;1.0;0.6157530350093229;0.6680165929704893;104.35050225608059;-0.011779829952865839;0.0049531138152815405;8.424756145477295;0.011134207982104271;0.1609375
2094;6.458282579273497;1.0;0.4398402600780397;0.5089191467565914;323.76968022732154;-0.015277208166662604;0.001958706823643297;8.425762414932251;0.007569188508205116;0.1052734375
2095;3.817509494599221;1.0;0.4126830502540567;0.44843982438359076;415.94289551200285;-0.011270267656072974;0.00261006384389475;8.426480865478515;0.010237095342017711;0.1396484375
2096;3.4850501049500235;1.0;0.6363796407215501;0.7351019299718153;207.323219440902;-0.010266865463927388;0.00432479027658701;8.428131818771362;0.006895909528248012;0.0919921875
2097;6.3622450346878185;1.0;0.4078618792922737;0.43401117345097545;321.0453063592546;-0.003561016684398055;0.038068832084536555;8.434471893310548;0.006845290923956781;0.0892578125
2098;-1.679738874992787;1.0;0.2667179351475695;0.1884503658383416;340.772858353795;-0.015695015573874115;0.00863376094494015;8.444452810287476;0.012930670194327832;0.1912109375
2099;6.454159119260405;1.0;0.35542117211338;0.3286600804369703;200.82054216820435;-0.008407199755311012;0.016538424137979745;8.45430097579956;0.008649950998369604;0.123046875
2100;5.3204698034457465;1.0;0.6794149526418845;0.7897219821365028;154.4618296503458;-0.010124273225665092;0.0045752894366160035;8.457105445861817;0.00845055388053879;0.1197265625
2101;5.937634038785223;1.0;0.6098991411072777;0.6889035473294076;134.9209092750251;-0.009609326906502246;0.011822272464632988;8.456271934509278;0.008974622597452252;0.1296875
2102;5.715417883561411;1.0;0.4764536379923391;0.49882955760939957;215.8993034016231;-0.00983189430553466;0.06181826079264283;8.453350687026978;0.006598080124240369;0.089453125
2103;5.267738406598771;1.0;0.4373649404779982;0.4516234270298222;192.72157807849857;-0.01059375200420618;0.008004398597404361;8.44648323059082;0.009949523268733173;0.14609375
2104;5.110075547210385;1.0;0.5230051943102724;0.5703110336850491;143.3506569202513;-0.00681381905451417;0.003518380573950708;8.445964670181274;0.008329630945809186;0.1181640625
2105;5.989320743090848;1.0;0.48402953805765353;0.5340954156171871;253.35680189619214;-0.006865275651216507;0.003507496672682464;8.449802684783936;0.00854157960275188;0.1203125
2106;1.659266064229437;1.0;0.4458308354452628;0.37127464076931654;251.10093084061396;-0.008925135433673858;0.005695180362090468;8.451564931869507;0.00797801068983972;0.1130859375
2107;5.5265165530153295;1.0;0.40797407087885046;0.372457825734658;254.69064159609047;-0.010013513825833797;0.03389714346267283;8.457264804840088;0.009240906091872603;0.133984375
2108;6.021324174528292;1.0;0.3578450109171886;0.2802617100954493;249.30812725691686;-0.014826216269284487;0.003168031945824623;8.4577956199646;0.012923652376048266;0.1791015625
2109;7.132482173426049;1.0;0.36255527642739055;0.3022950271947586;202.5372226007058;-0.0074660972692072395;0.0027216234477236865;8.454737901687622;0.011892341077327728;0.1693359375
2110;2.140466266749548;1.0;0.47053735950662406;0.5340929245539301;377.9121262297619;-0.016468057129532098;0.005228194291703403;8.4556480884552;0.007285772182513028;0.1044921875
2111;4.133705465482642;1.0;0.40720487230401803;0.38243463074886735;260.0050245885969;-0.007662545843049884;0.003260400879662484;8.465521335601807;0.009550589066930116;0.1095703125
2112;-3.6459482277611053;0.0;0.0;0.0;438.20538013739736;-0.007708267937414348;0.054006584966555235;8.471703052520752;0.009243344631977379;0.12421875
2113;6.040379040774676;1.0;0.4354543862072213;0.5093219141971951;445.71520303299195;-0.01636560498736799;0.008109707245603203;8.471342992782592;0.009952870290726423;0.12890625
2114;6.017827485753786;1.0;0.46189366433933754;0.4833977952883137;192.75923713868795;-0.015480500366538762;0.009578535566106439;8.473679494857787;0.009004033810924739;0.1162109375
2115;5.0996071663334375;1.0;0.3643751939625831;0.38903784604727676;299.72490089826385;-0.007382216583937407;0.008908704551868141;8.47811508178711;0.008200658101122827;0.1013671875
2116;6.696740607289469;1.0;0.6639787145991872;0.9091364152667336;168.02191007283767;-0.014275462925434112;0.0058058554539456965;8.483408212661743;0.01273526280419901;0.1642578125
2117;5.701480617712435;1.0;0.5233835939450052;0.5063049644338345;136.8925671965405;-0.012541117891669274;0.00576924360357225;8.490366077423095;0.010477477929089218;0.152734375
2118;5.720614229739576;1.0;0.6117746956527027;0.6555547865914835;135.87198175976008;-0.016884014196693897;0.0054098802851513025;8.492956256866455;0.009041233418975026;0.1208984375
2119;5.879868144895215;1.0;0.48141914246887635;0.4853547231082028;195.11756852664277;-0.02038245680741966;0.005553141399286687;8.496324396133422;0.009918434964492916;0.1505859375
2120;4.8094600445797715;1.0;0.6204845651775676;0.7641446626522765;216.83930241964453;-0.01846342938952148;0.004883631714619696;8.49382758140564;0.011346485395915807;0.167578125
2121;2.114529958675508;1.0;0.5341606477149231;0.6107475389748894;314.993142972676;-0.016576480655930936;0.01090630698017776;8.491381883621216;0.011209441081155092;0.16875
2122;6.6088596902420615;1.0;0.6939983417212284;0.9333358461303874;140.87764514524898;-0.011486556567251682;0.0051499342545866965;8.497171020507812;0.007195075415074826;0.0923828125
2123;6.767660026119774;1.0;0.3637111371332469;0.3321004163235985;221.85102396092137;-0.010202738782390952;0.04560906225815416;8.499894142150879;0.008767927926965059;0.122265625
2124;7.041779564080679;1.0;0.4452188619198721;0.5306166068390354;182.515646733051;-0.00642490410245955;0.017904560826718808;8.499327182769775;0.006496526941191405;0.0912109375
2125;4.547391506993609;1.0;0.5951659847417424;0.8437805109589538;263.77703761543796;-0.010076754447072744;0.07106930483132601;8.502457761764527;0.015019165398553014;0.2076171875
2126;4.121032467145974;1.0;0.4963168551347263;0.40169424765521783;216.96024695284254;-0.015483592450618745;0.004882983805146068;8.499789571762085;0.010913895990233869;0.163671875
2127;5.597310468277652;1.0;0.3741971940327835;0.3908768907025939;242.30169806039095;-0.017047424940392374;0.006145004602149129;8.49654278755188;0.008798051136545837;0.1216796875
2128;-5.882100681720647;0.0;0.0;0.0;388.57256812009285;-0.01518355803564191;0.003919367922935635;8.49157361984253;0.011653030244633555;0.1650390625
2129;6.027543922821344;1.0;0.435250623422648;0.47096493281150353;351.5583193094111;-0.014827125845476985;0.004471721884328872;8.491396427154541;0.008392633614130318;0.11875
2130;5.5341975814760875;1.0;0.4551283083114627;0.44848630603226397;223.15873395707658;-0.018290753429755568;0.0038382138940505684;8.495969438552857;0.009934355900622905;0.137109375
2131;1.7843308990403242;1.0;0.49946321635849683;0.5418820022548855;250.79511076174984;-0.009527024161070586;0.008680270239710807;8.499972343444824;0.007780345156788826;0.11015625
2132;5.5279354919270425;1.0;0.3315178055389063;0.3198636451638572;314.74885775695157;-0.01531730042770505;0.003733082104008645;8.499135255813599;0.013239013007842004;0.17578125
2133;5.953701680873275;1.0;0.5597097478136479;0.5943845138020839;178.57498551027746;-0.01636111531406641;0.004526575363706797;8.497671604156494;0.0068381746299564835;0.0853515625
2134;6.59436723784439;1.0;0.5521286056821935;0.625708014420463;111.85661090371396;-0.015482118004001677;0.0029328852891922;8.50032114982605;0.010547031799796968;0.1404296875
2135;6.618885330066629;1.0;0.3814911946448406;0.36477675239471463;311.72121519955414;-0.0044340412132442;0.003000903141219169;8.501715183258057;0.007216735137626528;0.0986328125
2136;6.6367584621255435;1.0;0.6428590958168803;0.7551526922724409;75.99718262933176;-0.01728089964017272;0.003248378401622176;8.503104543685913;0.010983819840475917;0.1373046875
2137;5.960499791697645;1.0;0.37314819580543457;0.3951530727775992;376.85781063057885;-0.014052680204622447;0.005092073697596788;8.508730411529541;0.00650787897175178;0.08515625
2138;3.4214486109553404;1.0;0.42733975582321665;0.3621938554469369;223.46394237576035;-0.010399791179224849;0.00809728663880378;8.518058013916015;0.008049949584528805;0.1080078125
2139;5.951203441715172;1.0;0.3675200912303256;0.3142396146591677;228.7710174021581;-0.013270472176373005;0.010364307323470712;8.521147394180298;0.00797244522254914;0.0990234375
2140;2.9265884117988428;1.0;0.5079024291828724;0.4977474375951502;214.2881259021781;-0.009372757910750807;0.008809063374064863;8.522583246231079;0.007503403478767723;0.1029296875
2141;6.544274494868679;1.0;0.649932630113042;0.7454561788482326;69.41985055432473;-0.015701593924313785;0.003603085153736174;8.524298524856567;0.004821729497052729;0.0671875
2142;5.970240505958839;1.0;0.3459414230248568;0.3792391880961773;471.8812600726033;-0.012790547357872129;0.0022037004528101534;8.526681756973266;0.006459720036946237;0.077734375
2143;-4.88215672540836;0.0;0.0;0.0;448.0514678308443;-0.015354078589007258;0.0035841332864947617;8.52289113998413;0.00800807197811082;0.1109375
2144;6.090222258841475;1.0;0.46407076021685756;0.4534016487287133;141.59507631419416;-0.007144451467320323;0.00281717685284093;8.518929862976075;0.007168196071870625;0.0958984375
2145;5.074477028357044;1.0;0.75289386938138;1.0066983444501074;65.57228578994543;-0.0030269913841038942;0.007162750721909106;8.51103162765503;0.006742321059573442;0.091796875
2146;6.863765058256008;1.0;0.6106273077691152;0.8036985445929072;142.4153094742933;-0.013842022279277444;0.00778001865837723;8.504620456695557;0.008869506872724742;0.115234375
2147;6.0655846698481675;1.0;0.36228165637297566;0.35601820827489133;332.4871771606731;-0.0034226827789098024;0.06468243356794119;8.50297827720642;0.0065157240373082456;0.0833984375
2148;4.563432193725087;1.0;0.36337609491241296;0.3331495708924827;210.5450780255702;-0.010162078659050167;0.0025457530340645463;8.499972105026245;0.008889016439206898;0.12734375
2149;5.917927985175;1.0;0.678294567998192;0.8776435805114524;159.15037854182535;-0.013858586130663753;0.005400625430047512;8.49164276123047;0.008138866838999092;0.11953125
2150;5.018858659905424;1.0;0.4977771663987049;0.5391811298017777;208.27106093761807;-0.009463221742771566;0.07188208755105734;8.485429048538208;0.007354083808604628;0.09609375
2151;4.437020097995545;1.0;0.47741496870846234;0.5407089808776008;373.30904493370315;-0.020085654268041254;0.0043987234472297135;8.488137006759644;0.010800798737909645;0.1544921875
2152;3.6606647295208354;1.0;0.4673634182024041;0.42297080057239883;274.3590968942713;-0.01755481173750013;0.00751028562663123;8.492639303207397;0.00944600502261892;0.127734375
2153;6.104585306416848;1.0;0.4078262226777552;0.42010833032565714;216.14439324322228;-0.021298305853269993;0.0026262347295414657;8.492659616470338;0.010516709485091268;0.1546875
2154;6.315076529385079;1.0;0.41291322556562443;0.44626120984361045;442.7973781930584;-0.012116476660594344;0.002532004774548113;8.493293571472169;0.009270437108352781;0.1287109375
2155;7.384546791123678;1.0;0.3973013572269687;0.49605954598802704;307.37967234220423;-0.003268207563087344;0.04740913633722812;8.495290040969849;0.008325734024401754;0.10390625
2156;4.145475077630223;1.0;0.4491885986651582;0.5542960371320108;375.8375032214529;-0.006060871062800288;0.01012789725791663;8.494388103485107;0.01178086583968252;0.1685546875
2157;6.497814894662952;1.0;0.4252954800198535;0.4471029504259112;280.4983233172399;-0.01511776759289205;0.006660369900055229;8.493304824829101;0.007654906529933214;0.0787109375
2158;5.493406849006247;1.0;0.38202000312360673;0.44753455403179543;443.3301868767469;-0.010716158943250776;0.0036155937006697057;8.4986882686615;0.006130109506193549;0.082421875
2159;6.539367315700563;1.0;0.3983228263307957;0.48946126468644563;491.5714809038958;-0.014221313898451627;0.06983568398281932;8.503419065475464;0.016289267782121898;0.228125
2160;6.077802176449504;1.0;0.4800174885719823;0.5747214232789821;219.58055638303262;-0.007299303007312119;0.003488099214155227;8.504764986038207;0.008768013236112893;0.1248046875
2161;4.884902415162728;1.0;0.43931022531635877;0.4116618141908816;248.7275693148467;-0.015900166379287838;0.004799346800427884;8.503410577774048;0.0067562895244918765;0.0861328125
2162;2.0251627275189774;1.0;0.527969987496065;0.5817754055358105;283.2950978143134;-0.01893105376511812;0.010974541818723083;8.507032585144042;0.010315748094581068;0.141796875
2163;6.612474835135476;1.0;0.647072057213607;0.7569288128148167;84.85433755683769;-0.008659091172739863;0.06553745912387968;8.515596151351929;0.010784360568504781;0.1623046875
2164;6.603675736135619;1.0;0.389429954036531;0.3590996113034304;269.18625457624296;-0.01643050250131637;0.002642951492452994;8.523210191726685;0.0074155248235911134;0.0958984375
2165;6.212800080788105;1.0;0.44486043350691234;0.3954467240869265;158.90058005196687;-0.012108057411387563;0.004292787401936948;8.528092527389527;0.008147663751151413;0.101953125
2166;6.517959150199617;1.0;0.41883847156035403;0.467820416716329;172.72739222208185;-0.012469146028161049;0.005160683894064278;8.523933267593383;0.008733318245504051;0.125390625
2167;3.6407629244498887;1.0;0.5160340397673312;0.5481429312190133;236.389211952781;-0.015255730878561736;0.006397826841566712;8.524016094207763;0.006248839432373643;0.075390625
2168;7.566362090776997;1.0;0.5061041828582388;0.5930832668198329;135.33362686796448;-0.0002526671625673771;0.05420059030875564;8.531898689270019;0.006910720968153328;0.094140625
2169;7.051859717544453;1.0;0.3862242056249115;0.446543021723637;373.20920264899434;-0.007327018759679049;0.029209605266805737;8.534266662597656;0.01002097815508023;0.140625
2170;4.713465207700795;1.0;0.4814902360016747;0.6164581223917164;233.65658019278612;-0.014243565779179335;0.00369848043192178;8.536306142807007;0.00691346877720207;0.0955078125
2171;6.808466098311544;1.0;0.6182387185600159;0.8663853988629215;211.3945799462072;-0.013504090835340321;0.002798946131952107;8.542746925354004;0.008402292232494802;0.1138671875
2172;-3.1305202435846686;0.0;0.0;0.0;436.46562777058585;-0.008459715615026652;0.004744289396330714;8.550810098648071;0.007022389257326722;0.08984375
2173;6.364226955830084;1.0;0.509680483267857;0.5858040551835045;164.95462886530038;-0.003981017135083675;0.05868862434290349;8.553612518310548;0.010511499061249197;0.1537109375
2174;3.3616207866612777;1.0;0.4307033031720289;0.48316611143025145;501.8390919569142;-0.020370524958707392;0.005709218676201999;8.55724048614502;0.011172853922471405;0.1458984375
2175;6.869087268391734;1.0;0.38774517273530057;0.35781953055887483;220.58396103651717;-0.015400600153952837;0.004925719543825835;8.559436273574828;0.0077824404113925995;0.1044921875
2176;6.724804176354679;1.0;0.38402170169315236;0.3118486194844397;204.36291267640985;-0.019713100418448447;0.008742407010868192;8.556915044784546;0.008933568850625306;0.12734375
2177;6.253235069456743;1.0;0.4941511148325682;0.5523817369096844;242.5383725919394;-0.015939746610820295;0.0037077320157550275;8.555786609649658;0.008600293647032232;0.1279296875
2178;5.705462232520963;1.0;0.5215686832732555;0.5908115433764222;248.4003777598001;-0.012123381393030286;0.04157108212821185;8.556250095367432;0.011051856202539057;0.159765625
2179;6.37986616222611;1.0;0.4988798472984272;0.6225717760215786;335.4489463806157;-0.0032866430934518575;0.008345009665936232;8.554512214660644;0.007172211445868016;0.098828125
2180;7.034383159535206;1.0;0.42624904944098824;0.3776671848536968;191.60826989123314;-0.015687361499294637;0.006945569557137788;8.558716964721679;0.007345594139769674;0.0994140625
2181;7.290962238097726;1.0;0.47186510130661613;0.5626179140366562;232.42380441184147;-0.005844711977988482;0.031502295099198815;8.561171436309815;0.010105173347983509;0.138671875
2182;2.3477924990091936;1.0;0.43198948209723703;0.4246673313814212;370.25216367054463;-0.01608077404089272;0.002489739574957639;8.561349630355835;0.008138159580994397;0.110546875
2183;7.007366371401625;1.0;0.45090971130729063;0.43177408422628766;208.29284584991387;-0.015175385354086756;0.004004506848286837;8.566529798507691;0.006726604443974793;0.0962890625
2184;5.668750353830324;1.0;0.46686670636174005;0.5157489892116515;341.5515879968853;-0.010029253084212542;0.03705444755032659;8.565368556976319;0.005968639766797424;0.0755859375
2185;-5.541873066272757;0.0;0.0;0.0;395.4960461594039;-0.01795378574170172;0.02086148443631828;8.566163873672485;0.008863330073654651;0.130078125
2186;5.448593120049463;1.0;0.35730568246274624;0.4190307275061767;585.999553234145;-0.01729916767217219;0.11908731292933225;8.569292354583741;0.010781320394016802;0.1548828125
2187;6.244201763306954;1.0;0.3899098508588986;0.3073255657019544;165.10320853919296;-0.01273209643550217;0.007335625635460019;8.563972330093383;0.007365236652549356;0.1025390625
2188;5.8860971562561515;1.0;0.3475131604817482;0.35469863921328726;257.5093086690696;-0.01216685598483309;0.003934573719743639;8.56285800933838;0.007080553320702165;0.10234375
2189;-2.0942263523047577;0.0;0.0;0.0;377.4471381108745;-0.004491399368271231;0.0033670823671855033;8.560170030593872;0.006564670021180064;0.08984375
2190;5.069216363320255;1.0;0.4367169321451303;0.4061296148140438;149.68891661189207;-0.006180921429768204;0.017369062127545475;8.55762825012207;0.007814781775232404;0.10234375
2191;6.304372977768889;1.0;0.36467691669190794;0.29133259018466406;194.4629814064838;-0.007699341792613268;0.006853350880555808;8.560927486419677;0.006731687614228576;0.090234375
2192;5.678466180619289;1.0;0.38797469497020076;0.3219792670596574;161.71521790041453;-0.008106639748439193;0.009633860643953085;8.560200643539428;0.008649615675676615;0.1125
2193;3.407787648790053;1.0;0.5926882829163553;0.691593427976229;276.6279838254787;-0.009140545781701804;0.04598578214645386;8.557615089416505;0.009784309193491936;0.1349609375
2194;5.910734979261367;1.0;0.37298066904212046;0.330037417288228;259.22453875497246;-0.0029858299531042576;0.004648395732510835;8.554470539093018;0.007062192226294428;0.0958984375
2195;6.020248599316754;1.0;0.7244574636732247;1.0270976469884077;98.01538871179334;-0.011430625524371862;0.06546344524249434;8.556192922592164;0.01126631764927879;0.158203125
2196;6.693092387731011;1.0;0.4458867337080496;0.46660409290724164;250.42577170808974;-0.008935271669179201;0.0041196512407623235;8.554054117202758;0.007106747280340641;0.094140625
2197;4.374700746488456;1.0;0.4512486175141497;0.4412569839740092;244.9771633290398;-0.01560063734650612;0.005155816173646599;8.553562021255493;0.00795310977846384;0.1080078125
2198;6.693778490325983;1.0;0.6739317280211677;0.7337789892110048;55.29602096661809;-0.012166459858417512;0.024719908880069853;8.551372289657593;0.006536105694249272;0.0857421875
2199;5.73804819308387;1.0;0.5566917675604002;0.6108255374882351;190.3552032971184;-0.018318617437034845;0.006961549376137554;8.55416488647461;0.009395062946714461;0.1404296875
2200;6.846689278482986;1.0;0.345438491131396;0.3795775897371834;420.8307047944493;-0.016976171638816595;0.007933735591359436;8.559419393539429;0.010600718867499382;0.143359375
2201;6.2794969932254405;1.0;0.47579902853927597;0.47732055151679176;128.9972583089686;-0.010736553743481637;0.03681405801326036;8.56399712562561;0.009880106709897519;0.134765625
2202;7.055722620398158;1.0;0.4223743319889101;0.5850965137760229;352.85091593107734;-0.014920520968735218;0.03585631852038205;8.572558689117432;0.010203514923341572;0.122265625
2203;6.701405278415525;1.0;0.5543139073867512;0.6562830150332455;163.10846827472665;-0.01655274329241365;0.013779947441071272;8.58058533668518;0.008624091744422913;0.10859375
2204;-4.217992706596107;0.0;0.0;0.0;350.30538040655244;-0.007802214007824659;0.013701494503766298;8.583016967773437;0.00663478443166241;0.0923828125
2205;5.9725234952077795;1.0;0.3716571387512094;0.40544935954361633;374.9098702937807;-0.004086296912282706;0.04273995188996196;8.582600450515747;0.007256633799988777;0.0857421875
2206;7.332996737395815;1.0;0.5624845240528527;0.7649100405858815;196.61332295635327;-0.008827830059453845;0.008347480674274266;8.580340480804443;0.007811854756437242;0.1033203125
2207;6.336482462724074;1.0;0.6626375717079253;0.8186953880772687;131.60047397449412;-0.018642180762253702;0.013729600654914974;8.57632393836975;0.010685274132993073;0.1396484375
2208;4.752392447714906;1.0;0.39951729487335086;0.3235555319266939;157.3156758171579;-0.015755093097686766;0.013911903044208885;8.579830694198609;0.009371358540374786;0.1146484375
2209;6.932782421592446;1.0;0.3836101368613161;0.46093964784427266;416.2950238305297;-0.0049822133034467695;0.04563683583401144;8.581504583358765;0.010298556857742369;0.1333984375
2210;6.252228573003139;1.0;0.5378772274639774;0.6624232619919649;219.52364517846198;-0.014873119024559855;0.007858293503522873;8.585541009902954;0.01044713167939335;0.139453125
2211;6.4552631575926;1.0;0.45411286333224254;0.44331841828267415;176.99125453654423;-0.001827177219092846;0.005489607225172222;8.59122929573059;0.011827630130574108;0.1568359375
2212;6.971969765780403;1.0;0.40954174663638904;0.39388340416652007;225.60196828952454;-0.013912147935479879;0.005154872208368033;8.594442367553711;0.007107672293204814;0.1041015625
2213;6.8730237102288765;1.0;0.4227935264509098;0.39083053202677587;204.91657710869313;-0.00527927785879001;0.0452929847408086;8.602584791183471;0.010560054145753384;0.1439453125
2214;3.1459751687688025;1.0;0.46576130025344425;0.5962692811996502;192.63467700237632;-0.011894943518564105;0.00910450043156743;8.6129581451416;0.008886988239828498;0.1322265625
2215;6.2694865827014965;1.0;0.35168617397234697;0.33822026713827164;181.54557661560543;-0.014397703390568495;0.008764419960789383;8.61885600090027;0.007855503307655453;0.1037109375
2216;3.0843766994768687;1.0;0.533782264153881;0.5382964357901292;214.00489636816042;-0.01876347716897726;0.005606879014521837;8.621989631652832;0.008875241957139225;0.125390625
2217;3.2709845059593525;1.0;0.5247838044748518;0.7068370014320493;303.0358307196821;-0.01184583529829979;0.003523762174881995;8.616064596176148;0.008631873305421322;0.1193359375
2218;7.081704138470576;1.0;0.4844701379971887;0.44964261165679054;113.8073165278705;-0.012406626134179533;0.010629404964856804;8.615919542312621;0.007133332500234246;0.0931640625
2219;6.118422299962242;1.0;0.35012601931178866;0.2777138437321069;215.6960149068821;-0.011078332457691431;0.03708384628407657;8.621367263793946;0.0063017010572366415;0.0818359375
2220;6.721459446116511;1.0;0.6027950089693821;0.784868373765869;192.43848590945097;-0.006369370361790061;0.032515559578314424;8.623255300521851;0.005268772563431412;0.0638671875
2221;7.433081699152654;1.0;0.47426452484179327;0.4871393534347714;180.4591038103922;-0.01134071140550077;0.004284955281764269;8.62117600440979;0.007767045870423317;0.1005859375
2222;7.097709035830114;1.0;0.40576453844351734;0.503782746077387;360.48514770315995;-0.018137769494205713;0.003691904398147017;8.6196879863739;0.010096488613635301;0.13359375
2223;7.44447815898438;1.0;0.46118098530903423;0.5311032769620541;177.66094205223692;-0.017128947470337153;0.007012354163452983;8.62846302986145;0.0083496687351726;0.119921875
2224;7.506291583953763;1.0;0.44507126746887277;0.568159848829391;238.1290935921894;-0.009811990847811102;0.00505407196469605;8.628761434555054;0.009717901900876314;0.1328125
2225;7.279217338198094;1.0;0.479117426335447;0.48978865550524164;194.44390124734716;-0.01791204670444131;0.04153982186689973;8.631146144866943;0.009602168679703028;0.1240234375
2226;5.73765577021156;1.0;0.4602643946316029;0.49839777598891843;241.85876981614484;-0.01057924535125494;0.0486633756197989;8.634664964675903;0.008843014785088598;0.12734375
2227;6.722359554198309;1.0;0.419582083284972;0.44371181353968076;159.54584079122122;-0.017358824983239173;0.005927749071270227;8.62911777496338;0.008451492839958519;0.1056640625
2228;6.309538360410173;1.0;0.44110207464481976;0.5177520710989878;161.22940597936994;-0.019033403368666768;0.005773418117314577;8.62628493309021;0.00852374586975202;0.1025390625
2229;6.502290744802698;1.0;0.4965815569668038;0.6456367756987221;340.09581745981245;-0.015381085313856601;0.004613320797216147;8.628362655639648;0.007375784707255662;0.10390625
2230;4.361708093613847;1.0;0.5360569535220948;0.6626747122163602;227.0386436650282;-0.012883351044729352;0.00859169487375766;8.637426233291626;0.0060296458657830955;0.0845703125
2231;6.506664695390795;1.0;0.493724250486869;0.6130356361949159;347.55567214831035;-0.014996834238991142;0.005773286544717848;8.641691637039184;0.010024554235860706;0.14453125
2232;6.7569081316277035;1.0;0.48604424809237584;0.5930569901888664;245.99112775064754;-0.012759526493027806;0.0037853564135730267;8.639905500411988;0.008245907188393176;0.11328125
2233;7.004704395675125;1.0;0.47074193196986;0.4955090720618286;243.5752579758846;-0.013910264638252557;0.004757739265915007;8.63805718421936;0.006756787630729377;0.0939453125
2234;6.621460250566635;1.0;0.5929272871261216;0.7196699642857298;110.76656605053549;-0.015684224478900433;0.005958255077712238;8.638544273376464;0.007477137225214392;0.091796875
2235;6.886223283048736;1.0;0.6212854537360499;0.8414109395806784;150.61695985773298;-0.006471776426769793;0.009045302891172469;8.640602445602417;0.0070987673941999676;0.0947265625
2236;7.348323889728139;1.0;0.4153089390181794;0.38135201409713954;193.2531294313442;-0.012534554302692413;0.0041580407647416;8.643930435180664;0.00887881830567494;0.1294921875
2237;5.546603507204672;1.0;0.4513060808651975;0.5574331909874812;445.79682156626205;-0.0078265483956784;0.002448305580765009;8.649232101440429;0.008746527403127402;0.1181640625
2238;6.837097370367129;1.0;0.31372834927854026;0.29515796264923116;244.35144089404997;-0.004625907307490707;0.004631359514314681;8.653740310668946;0.0035551650915294887;0.0400390625
2239;6.060589897208509;1.0;0.4582802361290385;0.43377327719926834;151.0111265983973;-0.01758825215511024;0.017062436090782285;8.654692125320434;0.006937772594392299;0.0970703125
2240;6.911597834208928;1.0;0.5301305887069083;0.6148368374634913;148.58696707882888;-0.0034000951098278167;0.007178571005351841;8.65514578819275;0.009155663137789816;0.128515625
2241;6.4523851107389625;1.0;0.43748059413983315;0.42752499078298145;174.35571678732714;-0.011422969400882721;0.007463680556975305;8.6524817943573;0.010048991569783538;0.1431640625
2242;7.143177580913228;1.0;0.5977684197114523;0.7236708282739908;103.50338750860415;-0.0010320411296561361;0.03570439661853016;8.659142208099365;0.007554207812063396;0.101953125
2243;6.782892834754824;1.0;0.46871771515869814;0.5288118270857565;266.21374008129254;-0.017199793225154282;0.0032913459115661682;8.663453531265258;0.005980811291374266;0.080859375
2244;7.471816352375889;1.0;0.4156497814635253;0.3679111713883562;174.07817276576657;-0.009400135953910649;0.003782796731684357;8.663859462738037;0.008078219706658275;0.120703125
2245;6.019366388391051;1.0;0.5537402629838362;0.7768451381339649;284.37367248857294;-0.012714261561632157;0.005448909546248615;8.665365028381348;0.00741474722744897;0.094140625
2246;5.690821732544827;1.0;0.515867403129208;0.5882250379392087;181.07647703612764;-0.010345618822611868;0.0035022191936150194;8.669688844680786;0.006731285096611828;0.09296875
2247;3.190025696527068;1.0;0.4630960503258532;0.568575750671945;462.23355629859867;-0.01780994632281363;0.0035163650405593216;8.66836314201355;0.007442293735221028;0.1009765625
2248;6.797421204823289;1.0;0.46572980449198687;0.46089383517038424;148.66052268138492;-0.02027198947034776;0.00806156862527132;8.662818050384521;0.011146188783459365;0.1583984375
2249;-7.713941904284732;0.0;0.0;0.0;397.84508098875597;-0.012449526460841298;0.003699444583617151;8.66587553024292;0.005480893072672188;0.071484375
2250;5.735504045087957;1.0;0.4638635778211853;0.42552438652966024;115.1060885153744;-0.0029318306827917696;0.018063451442867518;8.676321458816528;0.006900566024705767;0.0931640625
2251;7.183438411277863;1.0;0.42226010667046576;0.4624064501968833;262.2999883134698;-0.006719441898167133;0.012026666663587093;8.681299257278443;0.005743313254788518;0.062109375
2252;6.957648612576895;1.0;0.4833747221104227;0.6040845654595778;398.39256553710584;-0.010200503654778004;0.0035310683655552567;8.68538064956665;0.008308442344423383;0.118359375
2253;7.2177783703468466;1.0;0.47799056210611024;0.5516626360868122;256.73764130881733;-0.017196460533887147;0.0050828609731979665;8.686962604522705;0.010403093544300645;0.143359375
2254;4.680974670425545;1.0;0.49314754355352924;0.5082199094342482;180.123672005136;-0.015212096413597465;0.003960214776452631;8.691875648498534;0.008355924813076853;0.1111328125
2255;7.226035367900325;1.0;0.4073610155559443;0.4718540906576193;435.9681999362603;-0.016237828601151704;0.005591087136417627;8.697488975524902;0.00730014054570347;0.0953125
2256;7.045744851170921;1.0;0.44348014665397223;0.5006323080839311;267.70037665510455;-0.008029481628909707;0.004332217597402632;8.703273439407349;0.007603876502253115;0.102734375
2257;6.485541317660524;1.0;0.5019097248622314;0.6644379522325748;278.8877721757384;-0.011224906472489238;0.005728260357864201;8.71300449371338;0.006225640780758113;0.0708984375
2258;6.5336897461705075;1.0;0.5245843249892082;0.6908908073713552;361.2787562064605;-0.013797900453209878;0.003599910775665194;8.721872520446777;0.00903126283083111;0.1236328125
2259;2.4108559465858974;1.0;0.5543355697735215;0.646728031836625;307.25945297480536;-0.013625197811052203;0.005798648158088326;8.724450778961181;0.005600772111210972;0.0671875
2260;-7.5262882012417;0.0;0.0;0.0;387.61586148248466;-0.017048789747059347;0.004405067709740251;8.728876447677612;0.009146328677888959;0.1251953125
2261;-6.0353411138712;0.0;0.0;0.0;564.0045174062781;-0.011475488170981407;0.003215071454178542;8.73067831993103;0.007323204993735999;0.0974609375
2262;-5.784446900469829;1.0;0.18246012955333632;0.1458241008372795;587.0980832744237;-0.012530283629894256;0.005698069965001195;8.729708576202393;0.008244524721521884;0.1169921875
2263;5.476457992569086;1.0;0.5023568222641946;0.5247858390373304;234.47424394897334;-0.004978988226503134;0.00693056860473007;8.728593063354491;0.007294319989159703;0.1078125
2264;-3.0414001898922636;0.0;0.0;0.0;268.4307900984765;-0.007350374106317758;0.015210590697824955;8.726094388961792;0.006556782207917422;0.08359375
2265;6.741154625627731;1.0;0.5839919884942103;0.6888316144855506;89.60012948289693;-0.012306873593479395;0.005316314147785306;8.722967863082886;0.00865077410126105;0.1103515625
2266;-5.693556005620893;0.0;0.0;0.0;701.963328566493;-0.016656733641866595;0.0030829922412522136;8.717238092422486;0.007645016862079501;0.107421875
2267;6.857709620831905;1.0;0.45863217956243674;0.4694543740989703;160.20411461256396;-0.004825380095280707;0.008431058889254928;8.71436266899109;0.007986430160235614;0.1046875
2268;2.965531697725348;1.0;0.5762142555539114;0.7321787053708978;258.6633074388138;-0.014638664014637471;0.007591691729612648;8.711408233642578;0.006682917068246752;0.08828125
2269;-7.743507148168595;0.0;0.0;0.0;413.2289043493928;-0.018027817830443382;0.004793806374073029;8.707042741775513;0.007403396628797054;0.1056640625
2270;4.594629645221897;1.0;0.5897374482581401;0.6561814948912414;162.50335669450908;-0.012734373100101948;0.0024213255441281945;8.697381591796875;0.0075100930640473965;0.0951171875
2271;5.910247401908415;1.0;0.46955784202187273;0.4627221375507178;230.3335318364232;-0.007130766473710537;0.003329438855871558;8.69212098121643;0.008327851118519903;0.1234375
2272;6.82022696843975;1.0;0.5229958369702767;0.5892400503760004;196.55751649232863;-0.0023315127938985823;0.06595187773928046;8.688251638412476;0.007701743033248931;0.111328125
2273;6.692088532285137;1.0;0.47777164216257134;0.6066740638259309;344.1983482568972;-0.011952384188771249;0.005629016028251499;8.681582021713258;0.008260784251615406;0.1126953125
2274;-0.8759830634020989;0.0;0.0;0.0;703.2730438098018;-0.01753453875426203;0.0037785668624565004;8.676590824127198;0.007826691528316587;0.108203125
2275;6.143422485012458;1.0;0.6299337126475735;0.7596403760003941;149.82603302480183;-0.011938064265996218;0.002818308980204165;8.67492127418518;0.005601482512429356;0.0755859375
2276;6.486128884564499;1.0;0.4308211467339577;0.5002514659926282;464.81949728886167;-0.008625845657661557;0.0036113890004344285;8.672821140289306;0.0065009882324375216;0.0806640625
2277;6.9905780618447935;1.0;0.4567603660647751;0.46312603918363277;187.2766322979549;-0.01284207571297884;0.0029898748616687953;8.670446014404297;0.0063924537156708535;0.081640625
2278;3.4437057295139653;1.0;0.4036729103865507;0.3970804361841768;326.14665794051007;-0.021626609610393643;0.002359768486348912;8.674487400054932;0.008931197843048721;0.118359375
2279;3.0145422963776687;1.0;0.5837260606021153;0.7047537909991848;288.4707061328211;-0.014325557090342046;0.00211458406993188;8.684622859954834;0.009447217674460263;0.13203125
2280;7.020568278867845;1.0;0.5688260779168102;0.6660922581869458;216.18837826265025;-0.003935058601200581;0.0018251579662319274;8.679270219802856;0.008327512489631771;0.122265625
2281;-2.630344740842756;0.0;0.0;0.0;264.42541202088626;-0.012832844932563602;0.0021780830807983874;8.672098731994629;0.00815857135457918;0.1158203125
2282;6.7728486914579635;1.0;0.4284839986852367;0.4840508401078754;214.3572376022537;-0.015370195079594851;0.002741190732922405;8.673757743835449;0.006045639922376722;0.077734375
2283;7.146259850565841;1.0;0.5784224467310647;0.7905908461064557;222.7312711340119;-0.005348281655460596;0.0026259615318849684;8.672847604751587;0.006979502399917692;0.0896484375
2284;7.1972520354637775;1.0;0.5222597288494456;0.549692447701076;154.28335860268032;-0.01673564505763352;0.005204981844872236;8.674741220474242;0.006826215295586735;0.095703125
2285;-2.053954662562154;0.0;0.0;0.0;423.31712427600684;-0.012130444333888591;0.0044704904081299904;8.682027816772461;0.008809301734436304;0.115234375
2286;-3.1659065488714186;0.0;0.0;0.0;351.18940542104605;-0.019031810760498046;0.005899570905603469;8.693216896057129;0.008069243049249053;0.1099609375
2287;6.364278818951954;1.0;0.36295639132448754;0.3169710404072348;225.51097206968265;-0.014530902076512576;0.002994899288751185;8.69941554069519;0.008033833128865808;0.1095703125
2288;5.921996188891107;1.0;0.39917453794072116;0.378327662283703;161.5673720687797;-0.016737849393393844;0.0021635702694766225;8.701916360855103;0.010270079248584807;0.1390625
2289;6.733999214714052;1.0;0.6133978660579847;0.7614454330345658;125.23531971173561;-0.01647926149889827;0.0028306438820436598;8.699363470077515;0.010722352797165513;0.1498046875
2290;6.629066332416873;1.0;0.4455514157320241;0.49139960168036256;329.3698467391291;-0.013534553023055196;0.0022682107519358397;8.697508478164673;0.006466636247932911;0.08671875
2291;4.927666579690311;1.0;0.43458295156255733;0.4584400395171727;303.9539425715612;-0.012551534175872802;0.002448178717168048;8.702421569824219;0.006238993967417628;0.073046875
2292;7.349913226349595;1.0;0.4674928820215577;0.46322238096860624;174.1754320247641;-0.006966778403148055;0.0023670556140132247;8.707042837142945;0.009462172072380782;0.133203125
2293;6.171274817807219;1.0;0.5208606634890149;0.4614778227921155;116.16005434951738;-0.01421020389534533;0.0013819473126204685;8.703400230407714;0.007561770163010806;0.1033203125
2294;6.7437235328141005;1.0;0.3399934337598139;0.31453202414176273;208.48575731756793;-0.014950124872848391;0.0023418732394929974;8.701800870895386;0.00909581062151119;0.1240234375
2295;6.0836266474414735;1.0;0.42893948359830586;0.4454162882918146;275.06220015987736;-0.01055967789143324;0.0014007091638632118;8.706271362304687;0.007215709669981152;0.0869140625
2296;-4.6709158734062886;0.0;0.0;0.0;661.7501753261018;-0.009654942015185953;0.0012783678277628497;8.715029764175416;0.005928818497341126;0.073828125
2297;5.954172990518339;1.0;0.6022367023248885;0.7024748696453634;116.05175104808269;-0.0018122767796739936;0.0017850900010671466;8.7264488697052;0.006696140149142593;0.086328125
2298;-4.654008017164627;0.0;0.0;0.0;607.2451832193906;-0.011800631275400519;0.0032092845183797182;8.733101606369019;0.008244474173989148;0.1064453125
2299;6.300968243774353;1.0;0.6279999707308518;0.7936543551632416;138.09185693717387;-0.008743365295231342;0.0020944732532370836;8.737297296524048;0.007875832228455693;0.1150390625
2300;6.17344318550086;1.0;0.3926641551876842;0.39513777502986536;363.85262307573356;-0.016535245603881775;0.0020470394898438825;8.738809967041016;0.01082893043057993;0.1509765625
2301;5.810479504129524;1.0;0.532805741502225;0.5983734967135157;162.09844783024081;-0.005974743352271617;0.0017978027230128647;8.743406438827515;0.007586828700732439;0.0990234375
2302;5.941041185843857;1.0;0.4609576180142088;0.5130802955800482;316.76425333608955;-0.010369654325768352;0.0017732401262037455;8.738969993591308;0.005357958772219717;0.06484375
2303;-2.5817618750934197;0.0;0.0;0.0;515.3040250112274;-0.008340176055207848;0.0017394715512637049;8.730873203277588;0.009191641595680266;0.1326171875
2304;4.861404406121107;1.0;0.45389264612856445;0.43351039852520523;171.06173998835976;-0.007746817450970412;0.0024781946442089973;8.724714851379394;0.007274743926245719;0.0966796875
2305;4.235238960875903;1.0;0.4981365508403301;0.5972019141384373;274.051264877138;-0.01506918310187757;0.002723789028823376;8.720574331283569;0.009891178482212127;0.1314453125
2306;6.654186106130977;1.0;0.745456778150447;1.0793237727168903;95.77842400049107;-0.009745136089622974;0.006488379160873592;8.71868987083435;0.008559454348869622;0.1267578125
2307;-5.3329242882172805;0.0;0.0;0.0;502.17098449739854;-0.01145677175372839;0.014430643680195013;8.718583663304647;0.009932062802060196;0.12727864583333334
2308;5.779528688059665;1.0;0.5421016278295341;0.6315713559717849;244.8748890161611;-0.01198071704711765;0.020827480545267462;8.719556379318238;0.007661057938821614;0.09375
2309;0.2769321042163533;1.0;0.5350953572398358;0.49769040189851643;221.77727540003772;-0.012859304761514067;0.011842523748055101;8.731108474731446;0.007587461825460195;0.098828125
2310;7.648395892768937;1.0;0.43929353714855934;0.41392082502490724;157.4044331895515;-0.012801023153588175;0.004537669231649488;8.7426203250885;0.008515246526803822;0.12109375
2311;-14.71884147427406;0.0;0.0;0.0;509.9896395008955;-0.01223723841831088;0.00449802225921303;8.74455771446228;0.008701398549601436;0.1154296875
2312;-2.11868171590705;0.0;0.0;0.0;392.36776490092643;-0.01553462827578187;0.004131910728756338;8.74387149810791;0.005817302688956261;0.0767578125
2313;7.509812356231728;1.0;0.4854728970659799;0.5017262907516473;225.1035834113914;-0.008892889600247145;0.0026273979456163943;8.740526151657104;0.009385125315748154;0.140234375
2314;6.433144279247058;1.0;0.7090262791016376;0.9922372556723361;160.95411445881388;-0.014468552335165441;0.0018463740590959788;8.736171579360962;0.009209374792408197;0.1337890625
2315;-2.5789409494644833;0.0;0.0;0.0;362.04782884853853;-0.011813332908786833;0.0054454153403639795;8.735675621032716;0.009307149925734847;0.112890625
2316;4.261005468964136;1.0;0.5581674754073445;0.5674256738656189;184.24255129071776;-0.0029713569907471537;0.0067430414957925676;8.744399881362915;0.005830566107761115;0.0720703125
2317;7.552668455478477;1.0;0.559604067714113;0.7265743145167165;224.32212929864133;-0.007297796942293644;0.0019727765349671243;8.752768087387086;0.007343977899290621;0.09609375
2318;-24.98807846136759;0.0;0.0;0.0;603.5483719467079;-0.02001212816685438;0.001506747113307938;8.750373029708863;0.009778807742986829;0.1240234375
2319;-4.184283965428674;0.0;0.0;0.0;285.21306443609717;-0.016225404758006334;0.004020683281123638;8.742880535125732;0.007232786004897207;0.09140625
2320;6.391747043404754;1.0;0.489316700031174;0.5144102575093473;144.48678561433988;-0.02169242980889976;0.0016761392180342227;8.73693494796753;0.008135193528141826;0.1126953125
2321;6.890810753282167;1.0;0.45305449516062063;0.43973507094291875;188.7735457986698;0.0017032001167535781;0.0018678425869438798;8.734813499450684;0.006320536136627197;0.083203125
2322;2.02000629476093;1.0;0.5725790943314658;0.6564535965612746;144.79918151206832;-0.010577213717624545;0.0017900441656820477;8.743062496185303;0.006332669535186142;0.0802734375
2323;5.256399026053605;1.0;0.4997861248942825;0.4742215462355987;169.70228095301636;-0.010147432284429669;0.0014882255170959979;8.754829597473144;0.008365807926747949;0.12109375
2324;-1.8076945866108678;0.0;0.0;0.0;723.2956613145178;-0.011538324551656843;0.0037280952907167374;8.755071973800659;0.012100423965603114;0.16640625
2325;-7.8632761226274015;0.0;0.0;0.0;465.3689897759101;-0.007824790757149458;0.004534533817786723;8.755899715423585;0.009639236878138035;0.1421875
2326;5.8879421779092675;1.0;0.47912826230115835;0.4993534042105482;224.5804378160756;-0.010306093515828252;0.01955210422165692;8.75533766746521;0.008315339172258972;0.1001953125
2327;-1.1249646200450993;0.0;0.0;0.0;412.7608878982134;-0.015520817670039832;0.008564747357740998;8.757474613189697;0.009942750306800007;0.12265625
2328;-12.99870172040996;0.0;0.0;0.0;748.3620512899034;-0.015355902805458755;0.0032763308030553163;8.761668729782105;0.00997567733284086;0.12578125
2329;7.157150355663182;1.0;0.3970903879453123;0.3017611055815295;144.03771007953998;-0.012641179957427084;0.009288827469572426;8.769572734832764;0.006999707769136876;0.090625
2330;-5.924375728636541;0.0;0.0;0.0;229.354705334863;-0.010002114996314048;0.006270283972844482;8.78235683441162;0.007958468853030354;0.1162109375
2331;6.370247852568052;1.0;0.6960725886221533;0.8953077544769762;153.91705232394884;-0.00434912322089076;0.054419829370453955;8.787308597564698;0.006525290175341069;0.0890625
2332;6.453370055566481;1.0;0.4161135717543401;0.44171171279993116;333.33867250301535;-0.01736830994486809;0.005253040278330445;8.79279022216797;0.010319113102741539;0.13046875
2333;-1.492696548929748;0.0;0.0;0.0;336.42174236736025;-0.011483142897486687;0.007920387596823276;8.797415208816528;0.008124567137565463;0.1083984375
2334;-3.6292575251768873;0.0;0.0;0.0;529.180043502596;-0.013031279505230486;0.00706896330229938;8.795744562149048;0.007919278426561505;0.0890625
2335;-4.809584400797953;0.0;0.0;0.0;276.01167878983443;-0.011938478145748378;0.009276437386870385;8.796383714675903;0.005999458546284586;0.079296875
2336;-3.0678505863162564;0.0;0.0;0.0;338.8244565658664;-0.016428644163534047;0.021234137983992697;8.797470712661744;0.011326271912548692;0.12421875
2337;-2.7781542345533703;0.0;0.0;0.0;336.93497654025157;-0.008430649014189839;0.01336150502320379;8.79988956451416;0.00836583694908768;0.112109375
2338;-0.5638199122981162;0.0;0.0;0.0;476.15035719180986;-0.012422437872737646;0.011626285267993808;8.800532245635987;0.008323291316628456;0.1142578125
2339;-0.5480399738804557;0.0;0.0;0.0;520.2216555620614;-0.011947863572277128;0.006731530243996531;8.800298881530761;0.006911963212769478;0.094921875
2340;6.0795531060418195;1.0;0.6154646466476354;0.7346989650625336;144.6135230179792;-0.014528582710772753;0.011147171072661877;8.794455862045288;0.006417701742611826;0.0814453125
2341;2.9655785962496966;1.0;0.4348715280031556;0.45308145962564295;300.0145943379808;-0.008774313470348715;0.006142049469053746;8.789469528198243;0.006704857829026878;0.0826171875
2342;6.55715971509967;1.0;0.38947379847397195;0.37950586946604675;172.91135086273079;-0.01566251744516194;0.005306042497977614;8.78611488342285;0.009029847919009626;0.1328125
2343;-1.7831184090041887;0.0;0.0;0.0;278.3400617368638;-0.009532514167949558;0.004662712034769356;8.791483926773072;0.010341827280353755;0.1419921875
2344;3.1261395774702074;1.0;0.5063532063503801;0.46370865903413816;129.7152724202337;-0.006713185133412481;0.006563944392837584;8.802934980392456;0.00666856006719172;0.085546875
2345;-1.792654495427468;0.0;0.0;0.0;331.35279830287305;-0.009561513829976321;0.10536431455984711;8.806936979293823;0.005956275144126266;0.0787109375
2346;-0.8502614966457713;1.0;0.2919903091147647;0.21183770054457424;569.6377173003432;-0.007893346808850765;0.002898778556846082;8.804503393173217;0.006444619467947632;0.0810546875
2347;-3.113846151588665;0.0;0.0;0.0;347.56189895693547;-0.003369457903318107;0.001744957803748548;8.800623083114624;0.006690805649850517;0.08125
2348;-2.105758377037183;0.0;0.0;0.0;1181.2292012085948;-0.010645430092699826;0.00151424371288158;8.792167663574219;0.004993268963880837;0.0591796875
2349;6.120683575394375;1.0;0.537781768274501;0.6066277628769482;124.63248965097486;-0.01839456125162542;0.0014403586654225364;8.789527082443238;0.005167560279369354;0.060546875
2350;-11.697459019127477;0.0;0.0;0.0;845.3300420948003;-0.012984877312555909;0.0019416933064348996;8.78992657661438;0.008438758726697415;0.1224609375
2351;0.8426680309896075;1.0;0.2331965540066257;0.14407467334514412;345.3481886139194;-0.002176199946552515;0.003980494511779398;8.786449337005616;0.007105483813211322;0.09140625
2352;2.5391080659506198;1.0;0.2562038429329016;0.1447115727282984;248.88389030808867;-0.0022513972595334052;0.001971470715943724;8.784986782073975;0.006445912981871515;0.0779296875
2353;-2.3434256881511075;0.0;0.0;0.0;302.33362747233036;-0.008552071964368224;0.0033642388647422195;8.778350639343262;0.005951694259420037;0.07890625
2354;-5.947653008375127;0.0;0.0;0.0;628.1820799570627;-0.014480173820629716;0.003144178952788934;8.77709231376648;0.009040129918139428;0.1205078125
2355;-1.3417034366905956;0.0;0.0;0.0;307.4910772069133;-0.010858464008197188;0.003368629619944841;8.774665641784669;0.009248095273505896;0.12421875
2356;-3.5925809795928774;0.0;0.0;0.0;460.32556725066314;-0.012825041403993964;0.003835575352422893;8.779361963272095;0.007334074936807156;0.08984375
2357;-2.781902393875858;0.0;0.0;0.0;352.5344252864706;-0.008645151322707535;0.0019448195002041758;8.777066564559936;0.006468090030830353;0.083203125
2358;-2.0354663818351884;1.0;0.25227526488102603;0.16231355119359583;675.431679742761;-0.013815534324385226;0.0051330395741388205;8.774660015106202;0.007626012957189232;0.084375
2359;-4.900097500153611;0.0;0.0;0.0;350.13277049746904;-0.00988630629144609;0.0015667732572183014;8.773739671707153;0.0069908852688968185;0.1015625
2360;0.8663091825984748;1.0;0.33153548545391215;0.18994096611563727;284.401257585781;-0.014707952970638871;0.003928066953085363;8.773371934890747;0.007912382623180747;0.1076171875
2361;-7.161246236514099;0.0;0.0;0.0;582.2593215461321;-0.010682765487581491;0.0014771635935176164;8.763077545166016;0.007702659722417593;0.116015625
2362;-2.0341068738711727;0.0;0.0;0.0;454.9692993961007;-0.010306681832298636;0.002755067974794656;8.760204887390136;0.007322877482511103;0.105078125
2363;-3.3403262000393097;0.0;0.0;0.0;511.17597456728697;-0.009259047824889422;0.0017018890765029937;8.755119323730469;0.007180999813135714;0.1015625
2364;-4.42430579812301;0.0;0.0;0.0;454.3941258519841;-0.007843085285276174;0.0017971301218494772;8.750604104995727;0.009412042808253317;0.1345703125
2365;-1.485795378877182;0.0;0.0;0.0;430.1568856317479;-0.0089810912264511;0.0027354525751434266;8.750060606002808;0.007252533931750804;0.0970703125
2366;-3.6423197530761;0.0;0.0;0.0;260.84877507683336;-0.008264712709933519;0.0031526028644293545;8.752691411972046;0.007378030219115317;0.1009765625
2367;-3.294801506874036;0.0;0.0;0.0;301.4359068055613;-0.0035893739433959125;0.0027207119972445072;8.757194662094117;0.006368200108408928;0.0787109375
2368;-1.5686589939135747;0.0;0.0;0.0;295.4096537280103;-0.013889865670353174;0.0018297376518603414;8.768476867675782;0.008943664992693811;0.133203125
2369;-1.2615791976499184;0.0;0.0;0.0;1079.7740937639755;-0.014697456965222955;0.001624900783644989;8.778529691696168;0.008685465238522738;0.1154296875
2370;-2.2388385210986086;0.0;0.0;0.0;480.89977449110586;0.002575060073286295;0.0016889783728402108;8.778605270385743;0.006295874528586864;0.0861328125
2371;-2.426707461773487;0.0;0.0;0.0;265.98214009908594;-0.008653253968805074;0.00121434586471878;8.775692224502563;0.00946242423960939;0.112890625
2372;-7.3902481314560085;0.0;0.0;0.0;352.05548754817517;-0.012513285432942212;0.0011402755393646658;8.780104732513427;0.006353166839107871;0.079296875
2373;6.695528313186307;1.0;0.6909158346368589;0.9516928898407501;153.1354066359137;-0.019569884147495033;0.0009820200561080129;8.786784410476685;0.00783315054140985;0.110546875
2374;-6.314978699965869;0.0;0.0;0.0;338.574792889275;-0.006703479122370482;0.001746877923142165;8.794113636016846;0.010874387819785624;0.158984375
2375;-3.0526858004593493;0.0;0.0;0.0;156.51168283800834;-0.005240481812506914;0.0012496325885877012;8.797572231292724;0.00906808627769351;0.136328125
2376;-2.0660620119643194;0.0;0.0;0.0;319.7015113184136;-0.005482363374903798;0.0014068941294681282;8.787527561187744;0.005804724793415516;0.0724609375
2377;6.6086563483287435;1.0;0.38273635642398707;0.23014895815159203;147.28124475315047;-0.0062847765628248455;0.001207484825863503;8.77569899559021;0.00666170499753207;0.091015625
2378;-3.806371349345936;0.0;0.0;0.0;484.16727701654116;-0.008626624150201679;0.0018985532282385976;8.768991565704345;0.007523046224378049;0.1048828125
2379;7.435139019821339;1.0;0.46817441296413914;0.42443212531326985;203.57679037403577;-0.0046237638220191;0.0024529709888156505;8.764068698883056;0.006568951823282987;0.0810546875
2380;-0.8782321433095029;0.0;0.0;0.0;424.53386927363783;-0.017255314206704498;0.0024477403261698783;8.762866497039795;0.008800977270584553;0.117578125
2381;-6.437276068420703;0.0;0.0;0.0;369.62748040956603;-0.010988538805395364;0.0030206366442143916;8.767666959762574;0.008136546716559678;0.1033203125
2382;1.095378463478877;0.0;0.0;0.0;300.969167819139;-0.011446868302300572;0.0031136159086599946;8.761779928207398;0.0086303022922948;0.11875
2383;-7.025024948050828;0.0;0.0;0.0;359.7299416072243;-0.010152762616053223;0.003819742635823786;8.761467552185058;0.0075202993932180105;0.10546875
2384;-1.6452006376185284;0.0;0.0;0.0;303.3256650455368;-0.014757126430049538;0.002930260100401938;8.753424215316773;0.006980768486391753;0.0802734375
2385;-3.231643396532216;0.0;0.0;0.0;566.5157159607696;-0.016015934431925415;0.0017740229901392012;8.747493648529053;0.009172843256965279;0.11640625
2386;-1.1017001609233787;0.0;0.0;0.0;210.70430243746108;-0.009387635346502065;0.002009739441564307;8.745867013931274;0.00613620514050126;0.078125
2387;-5.933577778193821;0.0;0.0;0.0;524.3909499165571;-0.012876040954142808;0.005397563928272575;8.742258310317993;0.009123430133331566;0.1177734375
2388;-4.083943024074038;0.0;0.0;0.0;398.5337336481465;-0.005948937777429819;0.01248075112234801;8.739075946807862;0.008953358908183873;0.1208984375
2389;-2.155167689782961;0.0;0.0;0.0;380.0893795838687;-0.007537910272367299;0.004973077611066401;8.734344434738158;0.005573207815177739;0.073046875
2390;-2.1030114252478223;0.0;0.0;0.0;228.93433852649562;-0.014995543705299496;0.01186380540020764;8.728811836242675;0.007699554378632456;0.098046875
2391;-3.00508381598566;0.0;0.0;0.0;479.1577672032604;-0.018761132936924697;0.004203664127271622;8.736524534225463;0.009788697899784893;0.1359375
2392;-12.736984389241229;0.0;0.0;0.0;491.18581509945557;-0.01188381384126842;0.012269764766097068;8.747002601623535;0.007136415620334446;0.0904296875
2393;7.044842402834516;1.0;0.5385540748411562;0.6002833760501497;138.7066215809348;-0.01369035616517067;0.002295463002519682;8.749828577041626;0.00870998331811279;0.116796875
2394;-3.030684288003628;0.0;0.0;0.0;133.00955444429658;-0.007852013083174824;0.001895455806516111;8.747280073165893;0.0062356233596801754;0.080859375
2395;6.810338126069938;1.0;0.3985593270728729;0.23856992568478685;152.29423621958708;-0.008939008135348559;0.0014755890762899071;8.744680547714234;0.006505869107786566;0.087109375
2396;6.39967959812139;1.0;0.6749646682464253;0.8825660527497151;152.38615647788765;-0.015023748483508825;0.0012204044964164496;8.735468673706055;0.008706027234438807;0.1291015625
2397;6.890418613203607;1.0;0.616789961767514;0.705820319678912;128.55326190997954;-0.013726658327504993;0.0017694565874990075;8.727356910705566;0.008548535546287895;0.12265625
2398;-0.9773618136467679;0.0;0.0;0.0;293.994322200796;-0.004230680176988244;0.0019182037154678254;8.721133995056153;0.00911328209331259;0.1244140625
2399;-7.191024488282082;0.0;0.0;0.0;301.4290814782192;-0.00591538604348898;0.002752691996283829;8.709870672225952;0.010044842609204352;0.1470703125
2400;-0.2903124468933023;0.0;0.0;0.0;201.95964212158316;-0.009847639966756106;0.016159350425004958;8.703430891036987;0.00664649453246966;0.0908203125
2401;-0.1622917373399848;0.0;0.0;0.0;1045.8750686263734;-0.016182908357586713;0.01639154851436615;8.705886173248292;0.011896941484883428;0.1677734375
2402;-7.781450155548416;0.0;0.0;0.0;557.000222395567;0.0005012256558984518;0.06475913021713495;8.710039567947387;0.007964748027734458;0.1099609375
2403;-3.0167759085281993;0.0;0.0;0.0;420.1423783785949;-0.01006168294698;0.005074742110446095;8.703593063354493;0.007608224439900368;0.096484375
2404;-2.079286824547694;0.0;0.0;0.0;394.38692473152537;-0.017310408083721994;0.002986622462049127;8.696390390396118;0.008637705573346467;0.122265625
2405;7.5440659747904135;1.0;0.5284144510116536;0.4949756850592603;152.77023331913378;-0.004012421192601323;0.0024334288900718093;8.695515298843384;0.006051793973892927;0.073046875
2406;6.25952415678575;1.0;0.5475775253032871;0.6363537008343328;268.4166175572898;-0.006021982105448842;0.0029062435613013806;8.692479038238526;0.006614758120849729;0.08359375
2407;-2.4371527039463396;0.0;0.0;0.0;508.32842128865684;-0.011832074774429203;0.0029647065908648073;8.691615104675293;0.004798154556192457;0.0619140625
2408;-1.2702949219161457;0.0;0.0;0.0;287.5556039747678;-0.009602066432125866;0.0058036998612806204;8.695492315292359;0.007572867337148637;0.099609375
2409;6.5174748861763625;1.0;0.6155621747653344;0.7642032150766639;79.9526630189345;-0.023732059192843734;0.0031506956554949285;8.699281167984008;0.008955472963862121;0.123828125
2410;-3.0637984968670824;0.0;0.0;0.0;284.1845360795914;-0.013250184245407581;0.00410527135245502;8.704496240615844;0.007705641305074095;0.100390625
2411;-1.1362905670206824;0.0;0.0;0.0;204.64567406913733;-0.01318568387068808;0.0031813770765438676;8.709705257415772;0.008624669979326427;0.12265625
2412;-3.380232652156871;0.0;0.0;0.0;349.3602856084207;-0.009965961799025536;0.005500323022715747;8.716950607299804;0.008807108015753328;0.123046875
2413;-1.973187177277966;0.0;0.0;0.0;368.4278485357612;-0.014695915719494223;0.008502206043340265;8.712651681900024;0.008754585578572005;0.115625
2414;7.429442523974318;1.0;0.5664368783224552;0.5874139507910465;158.38718810361965;-0.017528968304395674;0.004839310690294951;8.708230113983154;0.007265491061843932;0.0931640625
2415;-1.9621358374788538;0.0;0.0;0.0;533.1604658742616;-0.007934417435899377;0.007519980939105153;8.70037112236023;0.006479180650785565;0.0861328125
2416;-3.8590151358476326;0.0;0.0;0.0;218.1381529764737;-0.0031343921087682246;0.0075772918527945874;8.697296619415283;0.005644388135988265;0.0673828125
2417;-3.7371770991664754;0.0;0.0;0.0;336.4688860904275;-0.021014802902936936;0.006582182762213051;8.695549011230469;0.010342551267240197;0.143359375
2418;-6.229955007955952;0.0;0.0;0.0;387.86378469981577;-0.01810110518708825;0.005899563780985773;8.698063802719116;0.009753111470490693;0.128125
2419;-0.7594470548560304;0.0;0.0;0.0;444.0246760726396;-0.00957850895356387;0.006621032999828458;8.705931377410888;0.009091662301216274;0.1310546875
2420;-0.4331789805104775;0.0;0.0;0.0;341.6654174045083;-0.011159421131014823;0.004136685840785503;8.71035327911377;0.005392504914198071;0.0681640625
2421;-0.6314957904127432;0.0;0.0;0.0;269.97388675048876;-0.005596467107534408;0.00850402470678091;8.714606094360352;0.007153589010704309;0.0880859375
2422;-2.0148046273940596;0.0;0.0;0.0;262.79378174322113;-0.008486186899244786;0.005798043985851109;8.722179841995239;0.006381173059344292;0.0814453125
2423;6.803187818936668;1.0;0.48335245179446223;0.4876214628240079;308.0922771197407;-0.012378839729353785;0.0028302717371843757;8.728409385681152;0.00836297773057595;0.116015625
2424;3.1952584884073008;1.0;0.38650385444965196;0.22373090212543703;188.79675812095394;-0.002856932347640395;0.00223726958502084;8.731809759140015;0.007417310436721891;0.0998046875
2425;6.170250961057336;1.0;0.6598497270720661;0.8129556454136545;188.33452029273639;-0.01361776627600193;0.0029398049460723995;8.741805028915405;0.009459319687448443;0.137109375
2426;-4.260829149351538;0.0;0.0;0.0;363.86006712448085;-0.015049844421446324;0.05554248131811619;8.741297721862793;0.007861075620166958;0.099609375
2427;7.084118852937518;1.0;0.5591550513259045;0.5174105341243818;103.46483399952888;-0.01652322746813297;0.005204144585877657;8.739603519439697;0.012526159011758863;0.153125
2428;4.885556666211476;1.0;0.45703776236700644;0.31668974979292097;145.09920908376085;-0.009976446582004427;0.011105988407507539;8.743973636627198;0.00674674219917506;0.0833984375
2429;-1.022331882103618;1.0;0.5777716773773653;0.5642210773408655;297.2513131610387;-0.012928010383620857;0.006595806917175651;8.750196981430054;0.008853582898154855;0.1119140625
2430;-0.798890196077603;0.0;0.0;0.0;458.4240066323005;-0.016136320866644384;0.008064517960883677;8.751676559448242;0.010270328971091657;0.137890625
2431;-0.4350219474860929;0.0;0.0;0.0;217.46065695654607;-0.007878517638891936;0.0032952390727587046;8.75869379043579;0.007686697877943516;0.1076171875
2432;-6.513834846131695;0.0;0.0;0.0;275.4478885751278;-0.014559538383036853;0.002884839300531894;8.764367914199829;0.008458898076787591;0.116015625
2433;-1.9329569819056158;0.0;0.0;0.0;238.8032938348586;-0.019328793045133352;0.004303794039878994;8.769592571258546;0.007228608848527074;0.1005859375
2434;7.281559283914817;1.0;0.5642748873503631;0.5332353860724206;122.00659160791548;-0.016115853551309556;0.006271838350221515;8.774448490142822;0.008547470264602453;0.1111328125
2435;-0.7942343788042476;0.0;0.0;0.0;293.6370455201314;-0.012498869234696031;0.009440194233320653;8.775909900665283;0.007459178369026631;0.098828125
2436;-1.2302450831423934;0.0;0.0;0.0;337.69902014886736;-0.008477560337632894;0.010001013521105051;8.775982809066772;0.0074558845139108595;0.1056640625
2437;-5.255914719142871;0.0;0.0;0.0;433.07887200815674;-0.01837479742243886;0.004289735364727676;8.781857204437255;0.00856111227767542;0.1123046875
2438;-1.7294355901096792;0.0;0.0;0.0;236.74385341079036;-0.012899344926699996;0.005409252014942467;8.791637563705445;0.007176110963337123;0.0943359375
2439;-5.742482856103385;0.0;0.0;0.0;221.00398592532179;-0.010240535531193019;0.0031757110613398255;8.796142053604125;0.005638810968957841;0.076953125
2440;-8.216601529506661;0.0;0.0;0.0;158.65866540404156;-0.014061538968235254;0.006163299188483506;8.79332971572876;0.009082947659771889;0.130078125
2441;3.830430492210012;1.0;0.39206977364850665;0.22309871124296043;253.24262696355237;-0.00733436243608594;0.0165393381845206;8.78901104927063;0.007153253175783902;0.0873046875
2442;-8.035928070328461;0.0;0.0;0.0;237.5329185843907;-0.013369661616161465;0.005821053544059396;8.79473876953125;0.008004505536518991;0.0955078125
2443;-3.2300157533619553;0.0;0.0;0.0;118.81249341288662;-0.0026321938261389733;0.00970107710454613;8.804357099533082;0.008904978563077749;0.116796875
2444;-0.4781647091331191;0.0;0.0;0.0;160.25507502054168;0.001218431256711483;0.0033651723759248854;8.813583278656006;0.006659269030205905;0.089453125
2445;6.510789095918726;1.0;0.5502021673889511;0.5534383841794795;101.49974610690386;-0.006795189063996077;0.0027319555752910673;8.814844989776612;0.009282046812586486;0.1271484375
2446;-3.662335778726734;0.0;0.0;0.0;227.43538596416855;-0.010266449768096209;0.0025712621049024166;8.814820528030396;0.006877767969854176;0.0896484375
2447;-1.6769206056542478;0.0;0.0;0.0;174.0525989754735;-0.005046921991743147;0.0054862769320607185;8.819329166412354;0.007858499116264284;0.1103515625
2448;4.251149564289528;1.0;0.35561894415837714;0.23542335643778609;257.17029584266203;-0.01663717795163393;0.005490938609000295;8.827470064163208;0.006492358387913555;0.0787109375
2449;-9.059759759996336;0.0;0.0;0.0;453.2173371424114;-0.01415719287469983;0.0017255692335311323;8.82636513710022;0.009223028493579477;0.1232421875
2450;4.5284600514222815;1.0;0.4172997106733925;0.31782215505889966;293.08910588999254;-0.016196031891740858;0.0034216352156363427;8.823028659820556;0.007890330266673119;0.1080078125
2451;-4.4871790261211295;0.0;0.0;0.0;142.26069455811108;-0.015087229898199439;0.0021614828729070723;8.827215480804444;0.010140625690110028;0.1224609375
2452;-1.239408830914714;0.0;0.0;0.0;325.1725422478727;-0.015083483885973692;0.008861079136841;8.833688449859618;0.010356551758013666;0.134765625
2453;7.090001752820491;1.0;0.47317890083647385;0.33760824210238644;131.61364117453698;-0.006441228417679667;0.002327853889437392;8.836692380905152;0.00793063115561381;0.114453125
2454;-2.7085389267222153;0.0;0.0;0.0;200.04857043976838;-0.016369094746187328;0.0020982213551178574;8.834231996536255;0.005581001751124859;0.0685546875
2455;6.283828692926453;1.0;0.5181602574267034;0.5177447439487339;242.29024911483;-0.010064960084855556;0.0011400673975003883;8.826110649108887;0.005607291229534894;0.0626953125
2456;-1.46844302364528;0.0;0.0;0.0;147.71846864847245;-0.015407325141131878;0.002055650862166658;8.818578958511353;0.006674699019640684;0.0884765625
2457;3.9218033392600313;1.0;0.45699827144885213;0.5418180116393406;330.5996203319373;-0.021217696787789463;0.0009480766340857372;8.818935871124268;0.011373608512803913;0.1529296875
2458;6.625534934072052;1.0;0.6301495100568588;0.7024246191432543;83.09205553172954;-0.005326590780168772;0.0008572841936256737;8.818261289596558;0.009399032185319811;0.1380859375
2459;5.503684713156579;1.0;0.43804375977460586;0.3126476702933015;203.63314577470206;0.0068696531467139724;0.0024320942116901278;8.82314453125;0.005096486734692008;0.0546875
2460;6.374040825496726;1.0;0.5113636115952122;0.5601971326572901;121.64569427947211;-0.008855734253302217;0.0020610363688319923;8.828684663772583;0.008885776496026666;0.1201171875
2461;-3.4713761657280595;0.0;0.0;0.0;143.17299795170794;-0.0038003324996680023;0.0030849192757159472;8.828727102279663;0.004865371086634695;0.0525390625
2462;-1.7256422926184092;0.0;0.0;0.0;191.05948608937138;-0.013303350750356912;0.0020800186262931674;8.833159255981446;0.006585099815856666;0.0953125
2463;-10.118902824887606;0.0;0.0;0.0;602.202825794498;-0.0030701193027198315;0.004079304647166282;8.831970977783204;0.009753764350898564;0.14140625
2464;-0.4839728793810778;0.0;0.0;0.0;214.27989507567997;-0.019939266704022886;0.005844398308545351;8.834258937835694;0.009550883283372969;0.117578125
2465;-3.7584112890891324;0.0;0.0;0.0;327.88467727377736;-0.0014706565532833337;0.0009961966919945554;8.840199041366578;0.010769740352407098;0.161328125
2466;0.32749004176453117;0.0;0.0;0.0;539.6935568397927;-0.008168010343797504;0.0006353781820507721;8.840210390090942;0.006967929110396653;0.098828125
2467;-0.6286162695819137;0.0;0.0;0.0;169.85798139613263;-0.008959678141400218;0.0007724139606580139;8.837704467773438;0.00989392512710765;0.1564453125
2468;-1.3269735608120432;0.0;0.0;0.0;216.06005327947258;-0.011012179031968116;0.0009553882671752944;8.836230516433716;0.0065268742386251685;0.0876953125
2469;3.95696517265488;1.0;0.24822317740891162;0.31984071972077854;531.0897365198014;-0.008163459994830192;0.0024868236680049447;8.8375554561615;0.00989961823215708;0.1517578125
2470;-1.931009164836575;1.0;0.1279140642634275;0.1456485748598083;536.9410387502905;-0.013070051465183497;0.0038230782956816256;8.838828706741333;0.009313293942250311;0.13125
2471;-2.559880255327329;0.0;0.0;0.0;661.8111538776262;-0.01377080581150949;0.010014011501334607;8.84120192527771;0.012595229619182646;0.1671875
2472;-2.198117613160346;0.0;0.0;0.0;342.11784168366125;-0.014608206879347562;0.010227514058351516;8.841594362258911;0.009432912187185139;0.124609375
2473;6.054781303243601;1.0;0.5377580421307547;0.541854714423798;163.13889699790627;-0.00993082756176591;0.0021401333040557803;8.842105484008789;0.00846880137687549;0.10859375
2474;3.5738302060073956;1.0;0.3986268695059635;0.249159965853658;255.96743498334436;-0.005297541338950396;0.001692551252199337;8.842541313171386;0.0073723105830140415;0.09453125
2475;-8.104774898538643;0.0;0.0;0.0;255.4776216259881;-0.0076989163644611835;0.0017500653862953185;8.8465904712677;0.007764437387231737;0.114453125
2476;2.3666801456830404;1.0;0.3519954006878638;0.244303387910905;250.06765669843045;-0.011806668201461434;0.002233461424475536;8.851107025146485;0.0091107765911147;0.1369140625
2477;-1.8899784497629857;0.0;0.0;0.0;397.8167737976999;-0.0027599903754889966;0.0017445186065742746;8.850962257385254;0.005735382111743093;0.0720703125
2478;6.265760847087362;1.0;0.5636283937117466;0.588845956934737;174.14386797328297;-0.013650236325338483;0.0015670821536332368;8.852203416824342;0.008864261175040156;0.126171875
2479;2.190120926164423;1.0;0.33944954681542844;0.1664226266402593;169.47891256338116;-0.00640465272590518;0.002089443989098072;8.853188037872314;0.005921210930682719;0.078515625
2480;-2.044945225845244;0.0;0.0;0.0;189.894345030751;-0.008660485502332449;0.008800314110703766;8.85123677253723;0.007089997874572873;0.0943359375
2481;-1.8588938809487259;0.0;0.0;0.0;177.37676420602634;-0.0155015641823411;0.009326820215210318;8.854972696304321;0.013482536212541163;0.182421875
2482;-5.269675104138647;0.0;0.0;0.0;493.98087651924806;-0.00912477746605873;0.0021346633846405895;8.858224058151245;0.007115444610826671;0.0943359375
2483;-1.3425241751575394;0.0;0.0;0.0;334.97004175323235;-0.015991214010864497;0.002632417093263939;8.858879089355469;0.00771691621048376;0.10234375
2484;-3.665829381359861;0.0;0.0;0.0;643.8850309429662;-0.012597544491291046;0.0016551850130781531;8.859717464447021;0.008366232574917375;0.099609375
2485;0.19346807717854256;0.0;0.0;0.0;417.52372699563324;-0.01719425627961755;0.001706289843423292;8.86320595741272;0.0064994462998583915;0.082421875
2486;-3.3871953453545856;0.0;0.0;0.0;294.9084280484176;-0.013467372162267566;0.0011664914549328388;8.865043258666992;0.009081169788260013;0.119140625
2487;-2.398392952221015;0.0;0.0;0.0;437.5247772354867;-0.012658008211292326;0.0011666244390653446;8.862200069427491;0.00972432385897264;0.14453125
2488;-2.1257240627267273;0.0;0.0;0.0;236.67307831632547;-0.008365950919687748;0.0009094353561522439;8.866675996780396;0.008789872052147985;0.12734375
2489;2.0753004971206233;1.0;0.2147059689161583;0.24550403360561643;550.0246967147767;-0.014655595598742365;0.0011565260123461486;8.87153787612915;0.007369123946409673;0.0990234375
2490;7.373333800306597;1.0;0.49945660878371306;0.40481617718903795;175.9102197099599;-0.005592260137200355;0.0008711162168765441;8.871004152297974;0.005435308092273772;0.0611328125
2491;-4.840514401437717;0.0;0.0;0.0;149.5704545819355;-0.009208326740190387;0.0028156360145658254;8.869476175308227;0.007723253848962486;0.0990234375
2492;-1.9234910059595107;0.0;0.0;0.0;255.4888765155674;-0.002645468385890126;0.0028704357624519615;8.873470020294189;0.006245255190879107;0.0798828125
2493;1.2340329209359027;1.0;0.16933716586244146;0.17662901713259915;445.61333888798316;-0.010750512196682393;0.00423087584786117;8.879877376556397;0.006446060270536691;0.08125
2494;-5.53284507329545;0.0;0.0;0.0;400.7007192388108;-0.01108036155346781;0.0031843204284086823;8.883518266677857;0.008079699915833771;0.1150390625
2495;-2.5780039557178047;0.0;0.0;0.0;303.04581994731365;-0.011098016100004316;0.002640385291306302;8.879622459411621;0.008315550512634218;0.1150390625
2496;-1.7015763052479274;0.0;0.0;0.0;359.5774586398369;-0.019027824513614178;0.003238167800009251;8.873927450180053;0.010032636253163219;0.146875
2497;-3.796037934176826;0.0;0.0;0.0;189.196552744738;-0.012607106380164624;0.0021705179184209555;8.864816427230835;0.006162464735098183;0.075390625
2498;-5.855432726769392;0.0;0.0;0.0;522.9913500069728;-0.014476516935974359;0.004579480201937258;8.858258962631226;0.005597181851044297;0.0728515625
2499;3.633494359979565;1.0;0.5596021499755499;0.5351333085501727;209.52353528208627;-0.01158223426900804;0.002197310235351324;8.860149383544922;0.008764581463765353;0.1224609375
2500;-2.6738205756747817;0.0;0.0;0.0;209.88459785291514;-0.02006826454307884;0.0015039224526844919;8.863189029693604;0.00719964912859723;0.1037109375
2501;-2.2886495318903313;0.0;0.0;0.0;387.7749277867187;-0.010305636236444116;0.002026904985541478;8.862596464157104;0.009551807760726661;0.142578125
2502;0.5778658743288068;0.0;0.0;0.0;182.66253275928278;-0.008804813120514154;0.0016777994052972645;8.862892150878906;0.007186699344310909;0.1029296875
2503;-0.6589325488413482;0.0;0.0;0.0;182.63602141210316;-0.022376584820449352;0.0013035238080192357;8.865674304962159;0.0066557959304191176;0.0890625
2504;-6.618475069487939;0.0;0.0;0.0;386.0892987418612;-0.00576359354890883;0.001105184797779657;8.865885829925537;0.006770088756456971;0.0943359375
2505;-4.832340605365198;0.0;0.0;0.0;212.49711150049674;-0.01640813222620636;0.0010291329643223434;8.867578935623168;0.01030406691133976;0.14375
2506;-5.389584682607481;0.0;0.0;0.0;987.4560448044585;-0.007735425420105457;0.0014683154877275229;8.86820216178894;0.010266303224489093;0.149609375
2507;-4.206073346294349;0.0;0.0;0.0;148.93352757004607;-0.01813818970695138;0.0016655915300361813;8.867456531524658;0.008687209815252572;0.1111328125
2508;-4.818972943173629;0.0;0.0;0.0;267.8282775869944;-0.011227794690057635;0.0022624784789513795;8.868986701965332;0.006899704353418201;0.096875
2509;-0.04321419681455892;0.0;0.0;0.0;289.85954944512366;-0.010352941788733005;0.002368679706705734;8.872592639923095;0.012174933752976357;0.1525390625
2510;6.540181218838859;1.0;0.45670866731399007;0.33942966191553353;186.76586079565286;-0.01476258784532547;0.004185517248697579;8.876370334625244;0.009141518268734217;0.103125
2511;-4.450690537989697;0.0;0.0;0.0;303.7082996045086;-0.012331367004662752;0.005830610822886229;8.877973604202271;0.009360593173187225;0.1171875
2512;4.549128733635982;1.0;0.16722403456419843;0.18290243821159555;471.6582089246804;-0.021873436705209314;0.0032547671580687165;8.886930751800538;0.007338762143626809;0.0916015625
2513;-21.877064588049663;0.0;0.0;0.0;869.5670498508732;-0.020309883076697587;0.002917288226308301;8.893392992019653;0.010491139185614885;0.1447265625
2514;-10.994551205427047;0.0;0.0;0.0;636.1989789017123;-0.0203402578830719;0.0027146197855472563;8.892489671707153;0.008641113701742142;0.1154296875
2515;-6.338189686671123;0.0;0.0;0.0;542.7074092934197;-0.013782161311246455;0.0025578220724128188;8.892275428771972;0.007898201909847557;0.1005859375
2516;4.199870506512183;1.0;0.4185460212020086;0.4387375972559054;411.41666984432146;-0.017106853891164064;0.001919537573121488;8.893435144424439;0.007623496023006738;0.101953125
2517;1.612105532890384;1.0;0.34561615841262205;0.13664933865748152;166.7526685968929;-0.015735163562931122;0.0014101865352131426;8.895251941680907;0.009290719940327107;0.1279296875
2518;-2.536165300165791;0.0;0.0;0.0;297.19142020368105;-0.01313947164453566;0.001807389088207856;8.89523720741272;0.01037625347962603;0.1453125
2519;-2.003586148389413;0.0;0.0;0.0;243.7549725352693;-0.011509050754830242;0.01130213369615376;8.898649740219117;0.006250161945354193;0.081640625
2520;6.608492876160865;1.0;0.6796921579501243;0.8751378295023785;103.63542736611862;-0.017133261542767286;0.002298193646129221;8.900531196594239;0.006932580436114222;0.0845703125
2521;-3.8954268299583856;0.0;0.0;0.0;381.9080849599461;-0.016493126284331083;0.0019010093237739056;8.895632314682008;0.007698131760116666;0.1099609375
2522;-1.375936183761012;0.0;0.0;0.0;220.3175817305907;-0.007733218837529421;0.0015242079738527537;8.893510723114014;0.009301167074590921;0.134765625
2523;-1.9534301937697947;0.0;0.0;0.0;390.0291122604349;-0.007561232066816754;0.001920944927001579;8.894935343000624;0.011058103461335931;0.1410590277777778
2524;-2.4502414504407617;0.0;0.0;0.0;330.8231377094388;-0.020697856997139753;0.0011281848623184488;8.893984031677245;0.009862065548077226;0.151171875
2525;-6.344062886028544;0.0;0.0;0.0;305.8075563863181;-0.010440868884325027;0.0033499778422992677;8.892821025848388;0.007272068201564253;0.09375
2526;6.625831354149241;1.0;0.6413263782457689;0.775147965489181;97.71266288307972;-0.012470178538933396;0.004124088992830366;8.898816013336182;0.008885634981561452;0.1322265625
2527;-3.031170086474899;0.0;0.0;0.0;187.2730776983103;-0.020284869940951467;0.0013978331262478605;8.902435874938964;0.009130970982369035;0.124609375
2528;-13.888434149032742;0.0;0.0;0.0;454.8172819933901;-0.010951070627197624;0.001616989419562742;8.900955963134766;0.008226410881616176;0.100390625
2529;-2.5834676357786837;0.0;0.0;0.0;306.2077786103242;-0.016925423173233867;0.001969891495537013;8.898960971832276;0.009033034287858755;0.1193359375
2530;-5.783869773918567;0.0;0.0;0.0;329.01340010997905;-0.012350075435824693;0.0017594282748177648;8.901368570327758;0.008983636810444295;0.1181640625
2531;-2.195712008289506;0.0;0.0;0.0;123.51927245189714;-0.012014013156294823;0.0015814045385923237;8.899126529693604;0.006172935373615474;0.0791015625
2532;5.88970114312972;1.0;0.5869557946234334;0.7729245464860865;210.47032895936883;-0.010688758641481399;0.004729942441917956;8.897245597839355;0.009679039241746068;0.1388671875
2533;-0.8750945100240776;0.0;0.0;0.0;451.7432835392671;-0.012029802286997437;0.0025895113474689426;8.895432472229004;0.01084463078295812;0.158984375
2534;-0.7663436231774933;0.0;0.0;0.0;204.16520557309647;-0.013014817819930613;0.0012996242934605108;8.895448303222656;0.0075587501400150355;0.09375
2535;-1.6054609220236387;0.0;0.0;0.0;652.7381390760843;-0.02333077653311193;0.002362878993153572;8.901879978179931;0.006087308225687593;0.0759765625
2536;-1.612675807870724;0.0;0.0;0.0;403.47675656554406;-0.01219487451016903;0.006193049799185247;8.90384120941162;0.010937537543941288;0.158984375
2537;-5.600838532792351;0.0;0.0;0.0;337.843473183887;-0.016348208719864487;0.05281202364712954;8.905118083953857;0.011374668055213987;0.1595703125
2538;-1.6795954862501186;0.0;0.0;0.0;374.94001261837764;-0.009137255745008588;0.009929276257753371;8.903666687011718;0.005639996100217104;0.0767578125
2539;-6.43624282444408;0.0;0.0;0.0;464.28387367606234;-0.012492915987968445;0.0027931638527661563;8.897304391860962;0.007015687448438257;0.0970703125
2540;-5.424820749618356;0.0;0.0;0.0;630.3954672165648;-0.00537180844694376;0.0026688811427447944;8.89258279800415;0.008341144653968513;0.1130859375
2541;-2.110822266401489;0.0;0.0;0.0;355.7067320309137;-0.013498797593638302;0.07431529671885073;8.889476537704468;0.008034216775558888;0.095703125
2542;6.349612326863641;1.0;0.2767601418266312;0.3412025631876627;643.1361035791741;-0.01733351997099817;0.004441488068550825;8.879198169708252;0.005087011714931577;0.0525390625
2543;6.208722721679644;1.0;0.15776196653715963;0.17791620911228945;453.7223065205054;-0.016367661044932903;0.0022408142220228912;8.879183483123779;0.008663409668952227;0.119140625
2544;-4.082789371916573;0.0;0.0;0.0;612.112926070115;-0.023867466300725938;0.0026476308470591904;8.882385683059692;0.01028970624320209;0.1384765625
2545;-2.1592846991330625;0.0;0.0;0.0;156.46642745904293;-0.01427851226180792;0.024353928258642556;8.88671908378601;0.010268730227835476;0.13046875
2546;-1.1083702820692671;0.0;0.0;0.0;264.9309092705648;-0.01503550331108272;0.002617548214038834;8.886474084854125;0.006943244067952037;0.092578125
2547;-6.0320191197814985;0.0;0.0;0.0;530.3185854387596;-0.005414998799096793;0.046722195902839304;8.886557054519653;0.006706008431501686;0.090234375
2548;-5.0940420315098995;0.0;0.0;0.0;396.21802896832787;-0.015792291262187064;0.0037491925177164376;8.888909292221069;0.006417205010075122;0.0896484375
2549;-1.1320339542153381;0.0;0.0;0.0;392.92227244394184;-0.008723534271121025;0.0029259454575367274;8.889793825149535;0.00864249379374087;0.11328125
2550;-1.3301047466573035;0.0;0.0;0.0;676.9131578289052;-0.01481385414954275;0.001998720271512866;8.89254994392395;0.009496673848479987;0.13515625
2551;-0.4723381994983568;0.0;0.0;0.0;488.9771069101935;-0.02050924696959555;0.006037445575930178;8.894576787948608;0.010338950424920768;0.1384765625
2552;-3.113521309291097;0.0;0.0;0.0;603.9211202111169;-0.010420579090714454;0.0033747696434147656;8.895693922042847;0.009871150110848248;0.1248046875
2553;-5.905527053921253;0.0;0.0;0.0;296.05389045068847;-0.005576319806277752;0.0494201950263232;8.899191856384277;0.010470505757257342;0.14609375
2554;-5.375496922509301;0.0;0.0;0.0;722.0394059524655;-0.011411891458556056;0.006661416077986359;8.898243474960328;0.008988387207500637;0.0958984375
2555;3.5026490855034162;1.0;0.5405131660963911;0.5911440652733359;199.63374797401224;-0.02124821748584509;0.004139551380649209;8.892158842086792;0.010715875681489706;0.137890625
2556;3.4025355258953214;1.0;0.5803265765574664;0.5852026665675261;142.8686565809839;-0.01250673048198223;0.0024569701752625408;8.886158227920532;0.008065087383147328;0.1072265625
2557;-1.1305258222058836;0.0;0.0;0.0;240.58534678022113;-0.018159373197704554;0.0025845183059573173;8.881812524795532;0.012251554615795612;0.176953125
2558;-4.383545279668044;0.0;0.0;0.0;373.08620766420813;-0.008273215079680086;0.004450072697363794;8.880739212036133;0.008756301400717348;0.1271484375
2559;-1.0184777716295708;0.0;0.0;0.0;359.67425752773437;-0.0033531601657159626;0.05223935982212424;8.882187175750733;0.005445402732584625;0.0744140625
2560;-3.3300698028886373;0.0;0.0;0.0;207.08080535188904;-0.016435140604153277;0.01074012154713273;8.882322454452515;0.010839167167432606;0.1341796875
2561;-0.8061964346249846;0.0;0.0;0.0;363.4839483801311;-0.019459578953683377;0.0032462952192872764;8.888802576065064;0.007441091223154217;0.0978515625
2562;-0.1814845248741086;0.0;0.0;0.0;601.0681741905692;-0.014238530257716774;0.006532682594843209;8.895846796035766;0.007349653262645006;0.0896484375
2563;3.1082502634545928;1.0;0.32060049390909756;0.18940888648659418;295.28112269972644;-0.016445471346378325;0.010634232917800546;8.90509386062622;0.006348506722133607;0.084375
2564;-5.92091604584616;0.0;0.0;0.0;512.8876972812441;-0.007339555211365223;0.004334803624078632;8.909930658340453;0.005850220296997577;0.078125
2565;-2.1715076264916937;0.0;0.0;0.0;239.17661706089459;-0.020093699917197227;0.0027735856478102506;8.911869955062866;0.007661420619115233;0.090234375
2566;-1.958370936972553;0.0;0.0;0.0;716.9444457846087;-0.01593553405255079;0.009852681937627495;8.911065721511841;0.008474839047994464;0.1212890625
2567;-0.4919872840933631;0.0;0.0;0.0;632.1152544878139;-0.007186743058264255;0.00880823985207826;8.914812421798706;0.007773551705759019;0.103125
2568;-1.6312324918160328;0.0;0.0;0.0;253.53761962565895;-0.016376819787546994;0.0032042875536717474;8.917740774154662;0.008364843751769513;0.1171875
2569;-1.1703455805342686;0.0;0.0;0.0;472.62448504453243;-0.014010523678734899;0.0018241516430862249;8.919633388519287;0.0072780844173394145;0.0994140625
2570;-1.3932266552814505;0.0;0.0;0.0;321.6976044177444;-0.011417723167687655;0.001960913313087076;8.921463632583619;0.009573811385780572;0.1283203125
2571;0.08498460691305344;0.0;0.0;0.0;220.66669399597473;-0.008777154237031936;0.004469799168873578;8.920800399780273;0.008390453306492417;0.1154296875
2572;-1.8961796042262578;0.0;0.0;0.0;323.2497838902667;-0.014138614945113658;0.0022603622695896775;8.922449541091918;0.00951972147449851;0.1369140625
2573;-4.086481300514543;0.0;0.0;0.0;793.5901118773982;-0.014133902871981264;0.003819887770805508;8.922110223770142;0.008351095160469413;0.1203125
2574;-3.2631433381782355;0.0;0.0;0.0;416.25658163388704;-0.017147289542481303;0.003782051301095635;8.923894309997559;0.007548548409249634;0.0943359375
2575;-2.7640865700139887;0.0;0.0;0.0;176.60178524560004;-0.010936051933094859;0.01214565960690379;8.926528072357177;0.006825982464943081;0.0865234375
2576;-0.23145198044576995;0.0;0.0;0.0;473.27707647008737;-0.0042280388530343774;0.007012319914065301;8.933639669418335;0.009373010508716107;0.1294921875
2577;-6.214399005580144;0.0;0.0;0.0;175.955685357042;-0.01681924341246486;0.007305503590032458;8.937354230880738;0.007930144958663732;0.103515625
2578;-6.240666876412753;0.0;0.0;0.0;304.77499035400837;-0.015815811417996883;0.00323482402600348;8.935668087005615;0.00728791318833828;0.101171875
2579;5.858633887934948;1.0;0.3229063273075032;0.40370048745492243;536.319656546533;-0.01485053552314639;0.003959388216026127;8.938982725143433;0.009538801689632236;0.12890625
2580;-0.861295240768814;0.0;0.0;0.0;150.68113478112159;-0.013654933124780656;0.0026278786244802177;8.944904947280884;0.005568758165463805;0.0685546875
2581;-2.535142925374916;0.0;0.0;0.0;255.81897498347303;-0.006216983869671821;0.009532885858789086;8.944625806808471;0.008734061336144804;0.109765625
2582;-3.177381250606616;0.0;0.0;0.0;89.19136168878437;-0.023018822562880813;0.0654985143104568;8.93504719734192;0.004978625057265163;0.0603515625
2583;-4.264482243736138;0.0;0.0;0.0;114.67491852535437;-0.013731799367815257;0.0029881806345656513;8.92288236618042;0.008723265340086073;0.1126953125
2584;-1.0822158004234452;0.0;0.0;0.0;193.5025061536293;-0.011995950061827899;0.003987332910764962;8.922923851013184;0.00985654148971662;0.130859375
2585;6.156616143804817;1.0;0.24364647022027372;0.19516364476696785;455.52867300679657;-0.01218227343633771;0.0011093148263171316;8.93037486076355;0.007990327395964414;0.105859375
2586;-0.016927699829368092;0.0;0.0;0.0;760.2566337292259;-0.013815036602318287;0.0012449071713490413;8.934936237335204;0.006071935058571398;0.0796875
2587;-24.38147867197729;0.0;0.0;0.0;1081.7824803541941;-0.015142431249842048;0.0011257997364737093;8.933419227600098;0.00809964508516714;0.1146484375
2588;0.15579345379438628;0.0;0.0;0.0;399.703875184761;-0.007583394274115562;0.0011467937845736742;8.928255081176758;0.008782010048162193;0.126171875
2589;-1.518050163104139;0.0;0.0;0.0;263.79845565885057;-0.008162967069074512;0.0015246061433572323;8.927338552474975;0.005529780487995595;0.07421875
2590;0.054391737174619426;0.0;0.0;0.0;334.81744244252025;-0.014417831832543016;0.002720181387849152;8.927693367004395;0.004943023435771465;0.058203125
2591;-2.0822814641204963;0.0;0.0;0.0;236.67632493950978;-0.018796081840991973;0.002690405090106651;8.926948261260986;0.008174100867472589;0.1060546875
2592;-0.23453995241527076;0.0;0.0;0.0;333.13050312503736;-0.006154415104538203;0.0027152384747751055;8.927071952819825;0.00775406532920897;0.104296875
2593;-2.1454820010467066;0.0;0.0;0.0;360.41461572487935;-0.006979002151638269;0.001662338519236073;8.929014253616334;0.008630219195038081;0.12578125
2594;-2.6258413184889955;0.0;0.0;0.0;109.75603506641438;-0.02168202493339777;0.04550916505977511;8.926557493209838;0.008548545942176133;0.1015625
2595;4.613422272121198;1.0;0.21811209377241997;0.2100609210643438;789.7930902833479;-0.009044480603188276;0.005269684852100909;8.920498704910278;0.009231392468791455;0.1322265625
2596;-5.268605713082687;0.0;0.0;0.0;441.5379907198419;-0.01097495285794139;0.0030155690736137332;8.914910936355591;0.007109527243301272;0.0828125
2597;-3.938888901978562;0.0;0.0;0.0;377.6867571996592;-0.008806435391306877;0.0030661151511594655;8.915135192871094;0.00909236171282828;0.1353515625
2598;6.340190169515;1.0;0.3367609456877267;0.18502485947461247;211.19684271168776;-0.007527363393455744;0.0026206079637631774;8.920938730239868;0.008859440253581851;0.1232421875
2599;-7.222351756767327;0.0;0.0;0.0;414.6903198486246;-0.018064153869636355;0.005928228865377605;8.92477240562439;0.007813301822170615;0.1041015625
2600;5.093705854732632;1.0;0.5307038384621706;0.5798090110246399;221.9821987115004;-0.012307531107217074;0.005274176714010537;8.92145471572876;0.010699877317529171;0.1349609375
2601;-7.611217657468275;0.0;0.0;0.0;343.13491540337714;-0.013083857903257012;0.0026384841767139733;8.924184036254882;0.005879401264246553;0.080078125
2602;-1.57452512171406;0.0;0.0;0.0;355.2522719600527;-0.012377208797261119;0.002646706555970013;8.923870372772218;0.008071854547597467;0.1044921875
2603;-2.635322676409196;0.0;0.0;0.0;507.4173854265473;-0.008600574638694524;0.002075715101091191;8.922573614120484;0.006988005631137639;0.0978515625
2604;-3.7099563034170844;0.0;0.0;0.0;578.3138788376157;-0.01640289565548301;0.002037102042231709;8.919076776504516;0.010425834159832448;0.158984375
2605;-0.49536095891459764;0.0;0.0;0.0;453.4736037630108;-0.01375132598914206;0.002035446255467832;8.921137285232543;0.008482172444928437;0.105859375
2606;-2.7418031654840576;0.0;0.0;0.0;937.0967339796705;-0.02101256842724979;0.001849974738433957;8.919369220733643;0.009455208561848848;0.1357421875
2607;-5.352879839283981;0.0;0.0;0.0;381.62159985043564;-0.015464798361063004;0.001478380523622036;8.915291500091552;0.008777028019540011;0.11640625
2608;-1.3744480888593344;0.0;0.0;0.0;456.17564919969357;-0.01971948763821274;0.0015545971866231412;8.909976720809937;0.006163157091941684;0.0787109375
2609;-2.708275354238662;0.0;0.0;0.0;310.54977881292325;-0.016630653734318913;0.001214382774196565;8.901895093917847;0.008779155230149627;0.1259765625
2610;-1.2719342575678825;0.0;0.0;0.0;415.20153255468875;-0.006366679444909096;0.0017634503543376922;8.890695571899414;0.0055524692521430555;0.0703125
2611;0.08896561554242202;0.0;0.0;0.0;399.8430368653955;-0.00886411489918828;0.001182118253200315;8.8796142578125;0.008790200855582953;0.123046875
2612;-2.224116158531544;0.0;0.0;0.0;478.8878561883998;-0.010400293488055467;0.0018518900964409114;8.872842788696289;0.003774293861351907;0.03984375
2613;3.435966322969609;1.0;0.20181435542849976;0.21642312124044838;859.1038581058316;-0.01666340553201735;0.001107956751366146;8.869834995269775;0.008762432890944184;0.13046875
2614;-2.466904227424982;0.0;0.0;0.0;224.93334057765674;-0.010045763105154037;0.00134093047818169;8.865800046920777;0.00670548458583653;0.077734375
2615;-1.440194517406721;0.0;0.0;0.0;341.0679902860566;-0.012861872324720025;0.001314526959322393;8.866832637786866;0.005797202500980347;0.0712890625
2616;-2.6706706478356046;0.0;0.0;0.0;307.86620302182206;-0.018507291295100002;0.01573426271788776;8.867184400558472;0.00535274303983897;0.0640625
2617;-0.047431415408421565;0.0;0.0;0.0;667.5610635124339;-0.011555959191173314;0.002555146371014416;8.865033674240113;0.005585205892566591;0.0666015625
2618;-1.6083626811710041;0.0;0.0;0.0;119.3531274317134;-0.01681267402600497;0.005342662089969963;8.860585403442382;0.006419211742468178;0.0826171875
2619;-12.649518711681672;0.0;0.0;0.0;970.5915039105902;-0.01984165208414197;0.0046391541371122;8.855244684219361;0.011307015793863683;0.166015625
2620;-0.8432317831549095;0.0;0.0;0.0;542.639145140106;-0.01086582588031888;0.002220319485059008;8.850761318206787;0.008690405893139541;0.115625
2621;-0.3884913986848633;0.0;0.0;0.0;223.29179677785095;-0.015360377263277769;0.0022435510472860187;8.850907278060912;0.007995762233622371;0.112109375
2622;-7.464684614903505;0.0;0.0;0.0;342.0703959312947;-0.020836422871798276;0.0024402169161476194;8.848591852188111;0.009564014081843198;0.120703125
2623;-14.719644599828897;0.0;0.0;0.0;216.09256241786633;-0.015534037444740533;0.004666498641017825;8.845719528198241;0.010499569354578853;0.1470703125
2624;-2.0522009367809226;0.0;0.0;0.0;237.4489731054476;-0.0076348253060132265;0.0012567635480081663;8.844135808944703;0.006473597418516874;0.0826171875
2625;-3.104040162841201;0.0;0.0;0.0;602.8013108704628;-0.010601778142154216;0.0021519115660339596;8.845649433135986;0.008152564126066863;0.1154296875
2626;-2.736675034851193;0.0;0.0;0.0;699.7706147434138;-0.0033813647925853728;0.0014883751980960369;8.849527406692506;0.009443518484476953;0.13125
2627;1.6924489156670348;1.0;0.4120351513203677;0.22455469047742876;123.37386020147268;-0.011156012653373182;0.0014530778280459344;8.850376510620118;0.007098707370460033;0.0931640625
2628;-0.998804810253107;0.0;0.0;0.0;738.9144505910995;-0.006690043048001826;0.0020748608221765608;8.847577619552613;0.008805167337413877;0.12578125
2629;-1.6657599325115184;0.0;0.0;0.0;458.7813757148996;-0.009493106021545827;0.002078304474707693;8.8478422164917;0.010017401084769516;0.1365234375
2630;-7.250313432779736;0.0;0.0;0.0;325.548820484939;-0.012577741406857967;0.001575464435154572;8.846613121032714;0.006803813402075321;0.0814453125
2631;-7.041355285470009;0.0;0.0;0.0;852.7140531384654;-0.011735157296061515;0.0013236895203590394;8.84335379600525;0.007857636024709791;0.1138671875
2632;7.086203267169568;1.0;0.4184927038165875;0.36970336760225564;226.26640747703183;-0.005578287318348885;0.0013047177635598928;8.834866523742676;0.009748385346028954;0.130859375
2633;-3.4652524025115463;0.0;0.0;0.0;236.78804648708532;-0.019203083496540783;0.04275671704672277;8.828954792022705;0.007043381850235164;0.0876953125
2634;6.587727821740474;1.0;0.5892982592350315;0.6619706836214007;125.9620506939334;-0.010335465124808253;0.001526138820918277;8.823952770233154;0.005727638013195246;0.0673828125
2635;-1.336624955800922;0.0;0.0;0.0;269.4970681665154;-0.009663802571594715;0.0012592437444254756;8.8259708404541;0.005943013704381883;0.0658203125
2636;-0.1415366760526844;0.0;0.0;0.0;1080.3429973091402;-0.012056600418873131;0.0021073240495752543;8.82628812789917;0.0059595804428681735;0.0802734375
2637;-0.7546325312829589;0.0;0.0;0.0;553.553416424396;-0.02110073622316122;0.0045220938161946835;8.831759786605835;0.008193891972769051;0.121875
2638;-2.79090684115603;0.0;0.0;0.0;169.5028705881861;-0.013300156348850577;0.010674062860198319;8.837071180343628;0.010677996138110758;0.1423828125
2639;6.8107660006745725;1.0;0.46808565063043245;0.5621760175969742;282.3757513182945;-0.0013001049403101206;0.004930573701858521;8.840118169784546;0.007522678712848574;0.0916015625
2640;-8.934468757823053;0.0;0.0;0.0;586.2334080379889;-0.00725586162880063;0.01004560454748571;8.84026288986206;0.007187247625552118;0.09375
2641;-3.084240852252843;0.0;0.0;0.0;281.66489709824873;-0.010087763983756303;0.004436124442145228;8.846998310089111;0.009690695872996003;0.1296875
2642;-4.078971311284699;0.0;0.0;0.0;200.79943199087325;-0.01281468520173803;0.003250407986342907;8.850856590270997;0.009085957694333046;0.12421875
2643;-6.050444722320351;0.0;0.0;0.0;1209.525146298398;-0.013950331474188716;0.00818316030781716;8.85231328010559;0.006756778701674193;0.0740234375
2644;-7.047109776881314;0.0;0.0;0.0;901.6231299716995;-0.009004246909171343;0.003431816876400262;8.856069898605346;0.007846432540100068;0.0921875
2645;-1.5785390195789055;0.0;0.0;0.0;792.1489271702404;-0.006753880763426423;0.04167775760870427;8.858780765533448;0.010148261557333171;0.1498046875
2646;-1.7834082142506325;0.0;0.0;0.0;367.582162298092;-0.0164783775806427;0.002335614908952266;8.859319067001342;0.01043012315640226;0.151171875
2647;-1.2740315261311097;0.0;0.0;0.0;461.7527159889731;-0.013495850330218672;0.0019877928018104283;8.854423666000367;0.008110684377606958;0.1162109375
2648;-11.973404957815932;0.0;0.0;0.0;358.1487454446464;-0.007258168188855052;0.002021770330611616;8.853652954101562;0.007832177239470184;0.0986328125
2649;-6.287267502200245;0.0;0.0;0.0;525.2756811863485;-0.015485501568764447;0.0024187430972233415;8.852427577972412;0.008476062247063964;0.1216796875
2650;-0.37655691651966405;1.0;0.19291262325265637;0.1474232006498087;741.6703018931079;-0.018714063055813312;0.0022636278707068415;8.845443487167358;0.007711998315062374;0.09296875
2651;-0.3556259489110311;0.0;0.0;0.0;740.0533416426673;-0.018045444320887328;0.005666944943368435;8.841658592224121;0.008614595618564636;0.1099609375
2652;-3.2001103814306475;0.0;0.0;0.0;375.9715567192285;-0.0145959357265383;0.0025022418471053244;8.842681932449342;0.007815270684659481;0.108203125
2653;-2.3405573997577918;0.0;0.0;0.0;415.58256809537113;-0.010383406281471252;0.0038937828852795065;8.84379997253418;0.006754768663085997;0.0830078125
2654;7.364394825837255;1.0;0.37415227610231616;0.3444302166031841;265.46142948454775;-0.011344516463577748;0.0016502668673638254;8.848188781738282;0.008444809960201383;0.1119140625
2655;-1.0994785824740798;0.0;0.0;0.0;285.75337946442835;-0.004920811206102371;0.009258468914777041;8.853610563278199;0.00853870352730155;0.1232421875
2656;-11.311788231296475;0.0;0.0;0.0;452.19405825807837;-0.009772456251084805;0.007290692627429962;8.85816249847412;0.010065757553093135;0.138671875
2657;-10.003653563136536;0.0;0.0;0.0;388.571913390979;-0.011410534242168069;0.017192674055695533;8.867586612701416;0.010674261662643403;0.1541015625
2658;-2.5420745332064443;0.0;0.0;0.0;414.46506056702464;-0.012457033013924956;0.012396805686876178;8.87711796760559;0.00744657616596669;0.0998046875
2659;-0.3386529966361031;0.0;0.0;0.0;1298.908270017889;-0.005895023047924042;0.006717514875344932;8.886706876754761;0.006651437538675964;0.083984375
2660;-3.324530989016786;0.0;0.0;0.0;145.00110711514347;-0.012783516105264426;0.0073009727522730826;8.893176698684693;0.008716624998487531;0.1224609375
2661;5.516002519933968;1.0;0.406877536128996;0.3523089353175548;276.1485560268133;-0.018781215832051303;0.017712773858673043;8.901933934953478;0.010939394654188719;0.1306423611111111
2662;-4.108306292506402;0.0;0.0;0.0;421.6528221367352;-0.009001465141773224;0.008403000421822071;8.910646772384643;0.011450780916493385;0.14921875
2663;-0.783824259535455;0.0;0.0;0.0;459.55404241772294;-0.018497205339372158;0.009973760088905692;8.913103437423706;0.007495779800228775;0.1037109375
2664;-4.1932931732393355;0.0;0.0;0.0;487.2744320286332;-0.018497321149334313;0.003492684569209814;8.91427822113037;0.006615252629853785;0.08125
2665;-5.382218657731395;0.0;0.0;0.0;1243.7731251154032;-0.014878566889092327;0.013894939841702581;8.919490718841553;0.006896290346048772;0.0826171875
2666;1.5165013132097567;1.0;0.27548757215991115;0.2127583251365248;488.75542635722985;-0.018575956113636494;0.006863684137351811;8.927292203903198;0.009338588209357113;0.12734375
2667;-3.0109125971859063;0.0;0.0;0.0;792.3212113254683;-0.010107572190463543;0.007399268681183457;8.929604482650756;0.0066703903139568865;0.078125
2668;-5.659564211607007;0.0;0.0;0.0;1447.0253287066337;-0.016288394620642067;0.008258706540800631;8.936197137832641;0.012242419645190239;0.1662109375
2669;-6.428818160637774;0.0;0.0;0.0;1402.4391748845953;-0.017246606945991515;0.0640471562743187;8.94030203819275;0.006656189728528261;0.0873046875
2670;-0.7898478724846016;0.0;0.0;0.0;141.9845828641601;-0.011759020574390888;0.012235449440777302;8.939072847366333;0.010732264991384;0.1490234375
2671;-2.9964208168228095;0.0;0.0;0.0;227.5826228786769;-0.021170992543920873;0.020726278144866227;8.940573167800903;0.009026750875636935;0.1259765625
2672;6.8991237255846265;1.0;0.5204575754176078;0.6236504105289631;202.3491251190988;-0.005809155642054975;0.012245808076113463;8.945384120941162;0.007674724352546037;0.10859375
2673;-3.9430033719704394;1.0;0.23384100345971656;0.26059041616320033;731.0837680878569;-0.014388282899744809;0.014141421532258391;8.9461266040802;0.006570245942566544;0.0837890625
2674;-1.4500428493400543;0.0;0.0;0.0;288.3436755525256;-0.0044017074629664425;0.01735984142869711;8.948368167877197;0.009621756861452013;0.123828125
2675;-4.737107740740128;0.0;0.0;0.0;419.3917333920697;-0.015851576370187102;0.02568007865920663;8.94680895805359;0.007694670138880611;0.11015625
2676;-1.783714873794774;0.0;0.0;0.0;437.72735886738354;-0.014504147227853537;0.009670462366193533;8.94311876296997;0.0064087662263773385;0.0869140625
2677;-8.203260840013328;1.0;0.19092921005814822;0.170062689834929;631.0426532396136;-0.009030675445683301;0.007304887194186449;8.949604082107545;0.007547905528917908;0.1060546875
2678;-2.93669464336653;0.0;0.0;0.0;772.9998304553613;-0.00831314967945218;0.011506242724135519;8.955067586898803;0.006570556969381869;0.0873046875
2679;-9.74667701649784;0.0;0.0;0.0;1140.9047793114682;-0.011294271051883697;0.006916814879514277;8.955606603622437;0.0043362649041227995;0.0537109375
2680;-1.4346939140572152;0.0;0.0;0.0;338.01974734402734;-0.010227761790156364;0.009951547137461603;8.951576328277588;0.0077067558653652665;0.100390625
2681;-3.093771339124056;0.0;0.0;0.0;316.9425853238066;-0.015978777315467596;0.002870783128309995;8.950395584106445;0.008203795680310577;0.10546875
2682;-0.9533241929068925;0.0;0.0;0.0;502.00881911781255;-0.009780524205416441;0.004467150918208063;8.954930114746094;0.006510431703645736;0.0822265625
2683;-1.6279205002001462;0.0;0.0;0.0;1116.0103436067952;-0.020687709283083677;0.0034325266373343767;8.951998424530029;0.010478771850466728;0.13984375
2684;-6.261975504176145;0.0;0.0;0.0;1120.2757700551913;-0.013241150393150746;0.010536442138254642;8.946145486831664;0.011904752755071968;0.1451171875
2685;-6.489370239240527;0.0;0.0;0.0;468.1748085038197;-0.013104011584073306;0.004724528582300991;8.944238233566285;0.00737491586478427;0.101171875
2686;-10.883109886636033;0.0;0.0;0.0;234.90146735493641;-0.006989376340061426;0.006384839210659266;8.94007658958435;0.00630732694407925;0.0865234375
2687;-0.6423949781376826;0.0;0.0;0.0;1306.1290326479584;-0.008036291506141425;0.004163846001029014;8.94094614982605;0.006456948793493211;0.09140625
2688;-6.120616508608206;0.0;0.0;0.0;285.18254614938127;-0.019743124349042775;0.06580852018669248;8.943598699569701;0.009379202860873192;0.1158203125
2689;0.5008845251463765;0.0;0.0;0.0;516.97076613229;-0.017854867829009892;0.006171401892788708;8.949348449707031;0.011003869725391269;0.1513671875
2690;-1.6365945654284115;0.0;0.0;0.0;214.30665656270378;-0.007771796453744173;0.003382953582331538;8.955714988708497;0.007076872058678419;0.0955078125
2691;-2.2082075065768776;0.0;0.0;0.0;250.0767589975287;-0.018128545838408172;0.0023850709432736037;8.963530731201171;0.008816036104690284;0.122265625
2692;-3.2243727678537897;0.0;0.0;0.0;174.23002697804478;-0.011506060417741538;0.0030644122045487164;8.964764976501465;0.01028886198764667;0.133984375
2693;-3.9041542792693864;0.0;0.0;0.0;1204.2112737349055;-0.019072955707088113;0.005230427184142172;8.960470724105836;0.009581056702882052;0.1279296875
2694;-8.651750765416537;0.0;0.0;0.0;317.5322719952248;-0.014507731096819044;0.019699494214728476;8.963047409057618;0.00956850559450686;0.13671875
2695;-1.3774696066689502;0.0;0.0;0.0;203.35213537919626;-0.015473459428176285;0.01370824915356934;8.96592049598694;0.006627176003530621;0.08515625
2696;-3.6495849738994752;0.0;0.0;0.0;371.9151455656011;-0.011473448574542999;0.008467250037938356;8.969985342025756;0.00854295683093369;0.1138671875
2697;-0.9335949529688253;0.0;0.0;0.0;299.3343290088251;-0.019604317285120486;0.003616914653684944;8.976585292816162;0.010261910723056645;0.1470703125
2698;-13.264277607342379;0.0;0.0;0.0;606.2828746859434;-0.014142471132799983;0.002968935773242265;8.97639331817627;0.006248844147194177;0.077734375
2699;-4.176691065167493;0.0;0.0;0.0;398.8886239511231;-0.018607797753065824;0.003978538443334401;8.973969984054566;0.00937330414308235;0.1265625
2700;-0.5536806241988571;0.0;0.0;0.0;113.92311391052198;-0.018809578102082013;0.0018009622232057153;8.971610832214356;0.009144968341570348;0.11875
2701;-0.5644501823180439;0.0;0.0;0.0;195.48866775753064;-0.006771726906299591;0.004039707395713776;8.972330713272095;0.007137391972355545;0.0986328125
2702;-6.081011697234463;0.0;0.0;0.0;339.1292242841565;-0.004249477759003639;0.0038347883499227466;8.977541446685791;0.007905656308867037;0.1013671875
2703;-1.190881111226374;0.0;0.0;0.0;468.0500824887243;-0.015425622742623091;0.002524873026413843;8.98370451927185;0.008780107402708381;0.1205078125
2704;-5.901229097161077;0.0;0.0;0.0;260.1650063291937;-0.020431367820128797;0.0028546438086777927;8.98034086227417;0.008787417423445732;0.1193359375
2705;-4.131240050662736;0.0;0.0;0.0;103.950539936857;-0.00843421071767807;0.0042003663023933765;8.972862768173218;0.009339167282450943;0.1154296875
2706;-0.740663791583881;0.0;0.0;0.0;383.8791420519775;-0.0017011962365359068;0.0017188684840220958;8.974401378631592;0.007929279585368931;0.094921875
2707;-4.92642251006154;0.0;0.0;0.0;396.4585140368985;-0.012042680149897933;0.003928559622727335;8.969490003585815;0.007483848906122148;0.1087890625
2708;-1.8748671759546682;0.0;0.0;0.0;312.62458921773856;-0.012325934180989862;0.001952457579318434;8.964074945449829;0.005827605118975043;0.0734375
2709;-0.595347034092515;0.0;0.0;0.0;408.97405289032855;-0.009646107419393956;0.00414860830642283;8.964172601699829;0.007711189507972449;0.1072265625
2710;-2.900943100991613;0.0;0.0;0.0;353.5413072690347;-0.01049892264418304;0.008075272385030984;8.966952276229858;0.009038164396770298;0.136328125
2711;-3.2994866438769708;0.0;0.0;0.0;179.8332715744849;-0.014386413991451264;0.023960950691252945;8.97507290840149;0.01018052725121379;0.1333984375
2712;-1.2601760610761579;0.0;0.0;0.0;284.68748619982046;-0.010124801518395543;0.004321389715187252;8.984634351730346;0.01001117950072512;0.1484375
2713;-14.488361873360546;0.0;0.0;0.0;423.65572147967606;-0.01596671650186181;0.0018907207646407186;8.989569282531738;0.008706079795956612;0.114453125
2714;-6.218805234627988;0.0;0.0;0.0;759.5053170974476;-0.011745152529329062;0.006744255730882287;8.996089744567872;0.0073944807285442945;0.1046875
2715;-2.517394329369619;0.0;0.0;0.0;388.8853814501827;-0.02085717534646392;0.006227616686373949;9.004375123977661;0.010219256812706589;0.134765625
2716;-1.54987021667219;0.0;0.0;0.0;553.2858241240103;-0.011871681432239711;0.007126678992062807;9.00686240196228;0.00849827383644879;0.096484375
2717;-5.003378191445233;0.0;0.0;0.0;222.7732517341509;-0.012770903203636408;0.007823540642857552;9.006618356704712;0.008370244887191802;0.1115234375
2718;-2.480459608733768;0.0;0.0;0.0;234.29072311865224;-0.011108314245939254;0.006000910000875592;9.01004500389099;0.007976375054568052;0.10390625
2719;-0.240881994712655;0.0;0.0;0.0;389.94677457825776;-0.009529187344014645;0.0021243432827759536;9.007605600357056;0.006648936693090945;0.084765625
2720;-0.8721431916457271;0.0;0.0;0.0;170.13620671588373;-0.010504052788019181;0.0018930767488200217;9.005545568466186;0.008522228896617889;0.1193359375
2721;-0.4964822817412281;0.0;0.0;0.0;349.9537040089185;-0.012742295954376459;0.004650766134727746;9.006757068634034;0.008281992480624467;0.1111328125
2722;0.21543660798417322;0.0;0.0;0.0;242.49086005891505;-0.012332152994349598;0.002483164134901017;9.01228723526001;0.00778624681988731;0.1060546875
2723;-2.111123821247668;0.0;0.0;0.0;366.196132759794;-0.0042476286878809335;0.009435379289789126;9.016006755828858;0.006981963757425547;0.096484375
2724;-0.9891649042743557;0.0;0.0;0.0;174.36653445224636;-0.01715236590243876;0.0028929293621331453;9.018692541122437;0.007966963830403984;0.107421875
2725;-6.075012087652978;0.0;0.0;0.0;185.84275647303204;-0.008805107651278376;0.0027329147909767927;9.023881912231445;0.0053465893375687305;0.0671875
2726;-0.4591146680238576;0.0;0.0;0.0;516.4597092001344;-0.006317293830215931;0.055894029513001445;9.028601503372192;0.005360289383679629;0.0626953125
2727;6.406071629509878;1.0;0.33374249187126126;0.22868710782029297;281.5873109631273;-0.013897953066043555;0.0030540529754944147;9.028807973861694;0.009441436233464629;0.1380859375
2728;-5.886839631460554;0.0;0.0;0.0;279.13234098902217;-0.01631777184084058;0.0037920249276794495;9.032400417327882;0.006884465843904763;0.0982421875
2729;-0.2041440020786342;0.0;0.0;0.0;476.8289750605284;-0.007255000248551369;0.03729861387982965;9.038456773757934;0.004695348266977817;0.05703125
2730;-1.1375480032361676;0.0;0.0;0.0;355.93364257188694;-0.011341666709631682;0.002249617624329403;9.033256101608277;0.00827605698723346;0.1193359375
2731;6.184771731146719;1.0;0.5173907256507126;0.573004476255935;196.6539374758207;-0.010129259736277162;0.0020543001126497986;9.028465604782104;0.006398816709406674;0.084375
2732;5.423457966168975;1.0;0.44260508515574887;0.4319511052158474;280.16529299105594;-0.0032209063647314906;0.004510986176319421;9.030135297775269;0.0067942121182568375;0.095703125
2733;-9.814568773755232;0.0;0.0;0.0;354.8341780898068;-0.017123649688437582;0.004351121990475803;9.024935007095337;0.005545535671990365;0.0677734375
2734;-1.6790419446802383;0.0;0.0;0.0;162.82426501708537;-0.012890339142177253;0.002376881625968963;9.014788818359374;0.005366166937164962;0.06875
2735;4.292536309859727;1.0;0.30404476695090193;0.2464381323082318;607.3999636498894;-0.013265140447765588;0.001812870497815311;9.006446409225465;0.009407364763319492;0.12265625
2736;-2.6274895298620096;0.0;0.0;0.0;327.17091963835827;-0.018773939996026456;0.0016369349090382458;9.0015944480896;0.0050322846975177525;0.0537109375
2737;-1.0085070298320014;0.0;0.0;0.0;333.9154251669618;-0.007605110807344317;0.003971040749456733;8.9908917427063;0.00796712008304894;0.1140625
2738;-0.017888205484517028;0.0;0.0;0.0;242.25548352077558;-0.02082642698660493;0.002140120085095987;8.988945484161377;0.007376158877741545;0.0939453125
2739;-13.398375931272206;1.0;0.3279095443443659;0.20552593522621132;337.71913632523797;-0.002397568104788661;0.005039367126300931;8.99004340171814;0.007779425266198814;0.11640625
2740;-5.468556853225123;0.0;0.0;0.0;538.2695011815899;-0.003297166572883725;0.006555508286692202;8.995178699493408;0.008817270596046001;0.125390625
2741;-3.318714144992373;0.0;0.0;0.0;354.71510951242897;-0.005926317616831512;0.005563344259280711;8.995823192596436;0.007318984193261713;0.1033203125
2742;-0.36193289622512975;0.0;0.0;0.0;585.4241016824462;-0.005863271444104612;0.004931894934270531;8.998618459701538;0.007376086479052901;0.0998046875
2743;3.727008265995184;1.0;0.2869657711336527;0.18117117226333704;557.439411616806;-0.010394379263743758;0.044657429587095974;9.002723741531373;0.0074948026682250205;0.1025390625
2744;-2.9891402079123464;0.0;0.0;0.0;344.34561359405757;-0.012774717481806874;0.003569830069318414;9.00734920501709;0.006532392208464443;0.0919921875
2745;-2.828214202265432;0.0;0.0;0.0;799.8006276947484;-0.017858559591695668;0.013157739187590778;9.00974931716919;0.008625761931762099;0.1173828125
2746;-3.2450720645490034;0.0;0.0;0.0;250.7009913797596;-0.015260236011818052;0.10301383268088102;9.010269737243652;0.009318892320152372;0.13203125
2747;-9.713050064087682;1.0;0.3420821878451288;0.17484272592028172;375.16756403672485;-0.01625336860306561;0.009169131540693343;9.007045602798462;0.010293317795731127;0.1333984375
2748;-3.4906730349507695;0.0;0.0;0.0;422.67358169773973;-0.007474848767742515;0.009331999369896949;9.004442405700683;0.008367095468565821;0.116796875
2749;-3.2585530224413044;0.0;0.0;0.0;358.9351699757726;-0.013777337968349457;0.008545649400912226;9.00358419418335;0.009030330495443195;0.114453125
2750;-4.060702765508246;0.0;0.0;0.0;379.19710791930225;-0.0024641884956508875;0.03806516088079661;9.003694629669189;0.007827335223555564;0.0966796875
2751;6.638048927835733;1.0;0.4213987900485987;0.4478776021161561;205.43939903628086;-0.011784770840313286;0.009555641002953053;9.002673053741455;0.006292848126031458;0.0814453125
2752;-3.0075541222047097;0.0;0.0;0.0;185.71693088921978;-0.014171380130574108;0.09945219857618212;8.998515367507935;0.01044285505777225;0.1173828125
2753;-2.6626310149956733;0.0;0.0;0.0;236.04185991604632;-0.012919963768217713;0.013913399050943553;8.997119855880737;0.006267060455866158;0.0734375
2754;-0.56789151081185;0.0;0.0;0.0;282.0561566568085;-0.011503697512671352;0.0067592205828987065;8.995660638809204;0.007707397907506674;0.0939453125
2755;-1.8137809365208106;0.0;0.0;0.0;170.70065447287305;-0.010819420497864485;0.057313477247953416;8.989189052581787;0.006466930836904794;0.0794921875
2756;3.268257089606206;1.0;0.42067341409788267;0.383251967830366;262.62544403181704;-0.00825507277622819;0.013411283120512962;8.985313510894775;0.009507121937349438;0.134765625
2757;-1.1608717478784072;0.0;0.0;0.0;155.9443892510501;-0.008950512763112784;0.008516812161542476;8.984832715988158;0.012569852243177592;0.1755859375
2758;-0.1879679405589845;0.0;0.0;0.0;176.24243666834246;-0.011585428845137358;0.0048956699203699825;8.98366346359253;0.006707659736275673;0.0916015625
2759;-2.173635372453279;0.0;0.0;0.0;192.45676800798125;-0.01714674022514373;0.0087838419014588;8.982540273666382;0.011264618730638176;0.1376953125
2760;-15.291376091377284;0.0;0.0;0.0;216.42708472845644;-0.0168946725782007;0.0039684709394350644;8.987268447875977;0.008274428721051663;0.1197265625
2761;-1.2134673101701214;0.0;0.0;0.0;293.5775583986338;-0.00995024316944182;0.0027596808038651945;8.991805505752563;0.008434556110296398;0.1154296875
2762;-2.6629720780214194;1.0;0.43507108600148825;0.35278028660885646;358.0968923340172;-0.012652330519631504;0.004692072002217174;8.997272872924805;0.008344794681761414;0.1078125
2763;-0.7637908251252883;1.0;0.3045538524083199;0.16449085751134984;269.1646789689785;-0.00868497733026743;0.005331214470788837;9.000234270095826;0.004959324758965522;0.051953125
2764;-3.092914225235964;0.0;0.0;0.0;212.39400056185087;-0.012843246338889003;0.035533564444631335;8.997828912734985;0.0046036951360292734;0.0515625
2765;-3.270564010519242;0.0;0.0;0.0;236.56095862267875;-0.013766913115978241;0.021318121952936052;8.998882579803468;0.008046580548398196;0.095703125
2766;-2.123905671003019;0.0;0.0;0.0;682.0462058938919;-0.014436494652181863;0.007642636494711042;9.004645490646363;0.009764850162900985;0.13828125
2767;-0.1262590518616614;0.0;0.0;0.0;423.5690516619697;-0.02353966359514743;0.004499775497242809;9.008657264709473;0.007145023823250085;0.1013671875
2768;-5.899982830380406;0.0;0.0;0.0;213.82223156241216;-0.013769029499962926;0.047055668151006105;9.004696464538574;0.0051769687794148925;0.0638671875
2769;-10.721053830224562;0.0;0.0;0.0;421.96242422807103;-0.013754653627984226;0.020202845754101872;8.999689626693726;0.009775032300967722;0.1361328125
2770;-6.423014271388046;0.0;0.0;0.0;449.74251953783335;-0.017731252172961832;0.0434644240885973;8.999904775619507;0.008998651767615228;0.13046875
2771;-9.239148056550544;0.0;0.0;0.0;340.4006242086564;-0.017238890985026956;0.014301367802545428;9.0016019821167;0.009341148869134485;0.130078125
2772;-2.1958182970801734;0.0;0.0;0.0;571.4101999042142;-0.01788104875013232;0.013399667153134943;9.003529119491578;0.009040136274416;0.1142578125
2773;-0.556361413747152;0.0;0.0;0.0;722.1798067244152;-0.013038713810965418;0.04404431176371872;9.008281898498534;0.008752740698400884;0.1115234375
2774;-0.9342260134311303;0.0;0.0;0.0;660.1812746950866;-0.006398768443614244;0.029144216096028686;9.00974907875061;0.007880344823934137;0.102734375
2775;-1.0207707571655236;0.0;0.0;0.0;249.73811952716989;0.001406643632799387;0.007652081386186183;9.007198190689087;0.009856476786080749;0.129296875
2776;-0.9683889080836497;0.0;0.0;0.0;388.7543259264337;-0.011719815153628587;0.011887942906469107;9.006076335906982;0.007404775207396597;0.099609375
2777;-0.9444216996956084;0.0;0.0;0.0;315.9490101442014;-0.014063043054193258;0.018695138301700352;9.00608229637146;0.010119331267196685;0.1423828125
2778;-1.6437366237565783;0.0;0.0;0.0;238.31416800755764;-0.020040858583524824;0.007357843965291977;9.01072587966919;0.00820457967929542;0.1064453125
2779;-4.840634318606509;0.0;0.0;0.0;466.86355689726037;-0.008058579731732607;0.0665024126879871;9.014626693725585;0.006599090958479792;0.089453125
2780;-9.169308198757946;0.0;0.0;0.0;326.84228498902894;-0.006085204100236297;0.015032821986824273;9.006895542144775;0.008070232905447483;0.1111328125
2781;-3.017120816115026;0.0;0.0;0.0;539.6823152290937;-0.013963576592504977;0.007279263320378959;9.001683950424194;0.006475041049998254;0.090625
2782;1.9066627865730732;1.0;0.2781551001131342;0.1470686628555115;296.54889919282493;-0.0090376072563231;0.08909679967910052;8.998957061767578;0.009355289093218744;0.126171875
2783;-11.83730845221265;0.0;0.0;0.0;269.7385858366964;-0.012228476349264383;0.00538357375189662;8.99807162284851;0.006798581162001938;0.0958984375
2784;5.1801455952402415;1.0;0.349836679624325;0.25996853093906047;183.73043602901248;-0.011648250697180628;0.05045719845220446;9.000345611572266;0.009534505952615291;0.1345703125
2785;2.97270374614555;1.0;0.48897798985590585;0.49123830195815554;262.0680625854632;-0.019611746817827225;0.029068740317597985;8.99598217010498;0.011217112420126796;0.134375
2786;-3.107800486303804;0.0;0.0;0.0;518.0397489329588;-0.020848167780786752;0.021062089083716273;8.988459014892578;0.007247443287633359;0.098828125
2787;-1.3542477095500647;0.0;0.0;0.0;658.8211233844696;-0.01975518623366952;0.006868358794599771;8.98457088470459;0.008932650636415929;0.1203125
2788;1.0990605408123941;0.0;0.0;0.0;164.3952724509885;-0.013021710887551307;0.026521423389203845;8.979828310012817;0.0059888984891586;0.080859375
2789;4.722617395800027;1.0;0.32848824550450445;0.19116040619188698;212.73849481553555;-0.004982680734246969;0.02283196118660271;8.97903733253479;0.008422941551543772;0.11015625
2790;-0.10444057338688245;0.0;0.0;0.0;205.53404573405527;-0.0156849033664912;0.006816604873165488;8.98227858543396;0.012706688384059816;0.1576171875
2791;5.906420653770221;1.0;0.3522052237661117;0.2767852684582177;288.36413241520904;-0.012274334288667888;0.04611817514523864;8.985290956497192;0.010532768489792944;0.1283203125
2792;-1.3924755175529233;0.0;0.0;0.0;598.118943206347;-0.014955830248072743;0.031059794337488712;8.988201999664307;0.009552417020313442;0.1255859375
2793;-1.1677816475854879;0.0;0.0;0.0;323.75502856397196;-0.012141095055267215;0.03855393696576357;8.990424013137817;0.010977603890933097;0.1435546875
2794;-2.6854563123579456;0.0;0.0;0.0;248.5229759472206;-0.011535104783251881;0.007605091365985572;8.988942670822144;0.010516098770312964;0.14375
2795;-3.465396536066639;0.0;0.0;0.0;214.2986127628786;-0.0075787921436131;0.05965820988640189;8.984070825576783;0.012635941267944872;0.1767578125
2796;4.7308647551463325;1.0;0.3896905460928147;0.3371644174192141;362.23030825431374;-0.012297610193490982;0.12403535470366478;8.984020853042603;0.010403115302324295;0.137890625
2797;-0.23282959817309276;0.0;0.0;0.0;241.2524727060956;-0.015996343502774835;0.009946079691872;8.983997440338134;0.00913543471833691;0.1373046875
2798;4.534816034248054;1.0;0.3960038661990795;0.29749233437015293;221.02938936767177;-0.012611413118429482;0.04305762331932783;8.984462594985962;0.00686798021197319;0.0951171875
2799;5.559930325262174;1.0;0.4420898966210002;0.35159488623096063;145.6105976039641;-0.016846501221880316;0.008689474361017347;8.990790796279907;0.013136255159042775;0.1849609375
2800;-0.5533782137220105;0.0;0.0;0.0;283.3596980678795;-0.017019961355254055;0.05651085916906595;8.996734809875488;0.007856007874943316;0.1001953125
2801;-0.6189494323274486;0.0;0.0;0.0;274.1424262828993;-0.011837679077871144;0.029879288235679268;8.994372987747193;0.008932559075765312;0.1236328125
2802;-1.1886215935555684;0.0;0.0;0.0;203.18637954721294;-0.017927498463541268;0.0078525070566684;8.996944475173951;0.00862208214821294;0.113671875
2803;2.5961646239192717;1.0;0.3515250574485102;0.34801651624436264;257.39832039054124;-0.011683287285268306;0.026918383315205574;9.001218557357788;0.006989766901824623;0.0896484375
2804;-6.958104606101097;0.0;0.0;0.0;425.7970594676557;-0.00573797437051932;0.0334252859155337;9.000761477152507;0.011905274695406358;0.14817708333333332
2805;-2.4597994446216602;0.0;0.0;0.0;553.3669842511221;-0.013437872705981135;0.011680041439831257;9.00470724105835;0.008059045183472335;0.107421875
2806;-0.9168748305975604;0.0;0.0;0.0;240.7551851029616;-0.007648001192137599;0.06976233255118132;9.009631490707397;0.00834070089040324;0.1142578125
2807;-8.356471638135167;0.0;0.0;0.0;506.9225849735916;-0.004591571260243654;0.028149029612541197;9.011845970153809;0.008231802296359092;0.108984375
2808;7.47405072238701;1.0;0.43399406197312246;0.4136850675065705;195.42970301264444;-0.01514435806311667;0.02159151928499341;9.013508558273315;0.012023747211787849;0.1369140625
2809;-4.6724836167547315;0.0;0.0;0.0;450.09671480732277;-0.0037880703341215847;0.01948418505489826;9.021791076660156;0.01120712278643623;0.156640625
2810;6.668425896435076;1.0;0.41045496961636757;0.4533595066800706;307.5227726490508;-0.013908899715170264;0.08609213838353753;9.020429515838623;0.0103049824712798;0.1537109375
2811;-0.655805853898258;0.0;0.0;0.0;483.11983727096987;-0.0024763878202065824;0.024930755514651536;9.017718029022216;0.00745432066032663;0.0935546875
2812;-0.8972299985993326;0.0;0.0;0.0;303.04619757548386;-0.0135306840762496;0.021341902972199022;9.02099962234497;0.007814247056376188;0.1046875
2813;1.0197827060771223;1.0;0.3624813693140544;0.36542924825938655;301.4452393911806;-0.01678507956676185;0.009386495780199766;9.023231792449952;0.008514862682204694;0.1220703125
2814;-1.2279347203546378;0.0;0.0;0.0;555.4721023429272;-0.011885112104937434;0.07086418028920889;9.024656581878663;0.010590780479833483;0.1451171875
2815;4.465772695064063;1.0;0.3905649022557103;0.30571909159570027;149.6980631723602;-0.011174180498346686;0.028581985086202622;9.024247455596925;0.010864907596260309;0.151171875
2816;5.069409262868527;1.0;0.4212266969951576;0.43243332086605113;265.04665797956454;-0.018137232447043062;0.04722072649747133;9.026575136184693;0.012201659101992845;0.1626953125
2817;6.682551958602323;1.0;0.5022483876642237;0.5365826178180093;139.92234951398476;-0.01565092233940959;0.010870337346568703;9.028141021728516;0.009198431856930256;0.13203125
2818;-5.295313824810534;0.0;0.0;0.0;295.72363173108056;-0.0026556784752756355;0.03364463541656733;9.030261898040772;0.009793420205824077;0.1373046875
2819;-1.3121521650588128;0.0;0.0;0.0;125.29638821727245;-0.003785671363584697;0.014927283162251115;9.030121469497681;0.008942552201915532;0.1173828125
2820;-5.259991979883595;0.0;0.0;0.0;321.33451994348223;-0.0028871627524495124;0.026474827760830523;9.026779174804688;0.007038492290303111;0.09609375
2821;-2.793018339697357;0.0;0.0;0.0;216.69205497952794;-0.01780563867650926;0.009647044609300793;9.023434448242188;0.009371803852263837;0.1244140625
2822;5.733121059312514;1.0;0.37687138721866104;0.31865252821362944;217.8976747509093;-0.010747332219034433;0.015305533283390104;9.021145057678222;0.010485622601117938;0.136328125
2823;7.060789777282979;1.0;0.42854968438788915;0.3296323910181321;152.9737382744316;-0.013283583056181669;0.009598041442222894;9.018526792526245;0.011462548316922038;0.1662109375
2824;-0.8722941359597558;0.0;0.0;0.0;322.5930101987538;-0.011460565309971572;0.01839614494238049;9.017270803451538;0.008073408040218055;0.109375
2825;5.414349035221035;1.0;0.3036020024816573;0.27611701070170097;494.3036173624246;-0.0037142653483897446;0.0067672218894585965;9.021744632720948;0.008104254014324398;0.1103515625
2826;-0.7118833003431269;0.0;0.0;0.0;111.0788386957556;-0.00982290399260819;0.03381136804819107;9.019558000564576;0.006170298904180527;0.0828125
2827;3.3378535731926466;1.0;0.4445416938767699;0.3786052063681884;184.91729800204723;-0.005616900650784374;0.014501618687063456;9.015407419204712;0.008398491598200053;0.115234375
2828;-2.570855616429701;0.0;0.0;0.0;370.5426486593695;-0.01573552154004574;0.09016385255381465;9.013518714904786;0.008932869345881046;0.124609375
2829;6.938488510433249;1.0;0.32159778342096884;0.21512753753201574;181.8475400871711;-0.00017530135810375213;0.07816173257306218;9.010906457901001;0.011068168724887074;0.14453125
2830;6.35770341115777;1.0;0.41169232285793356;0.30030054718212545;157.87851361207336;-0.006978117953985929;0.027337790350429714;9.012800788879394;0.010128585225902497;0.146875
2831;-13.173776028476713;0.0;0.0;0.0;878.3112465911339;-0.015536826383322478;0.10303303562104701;9.007555818557739;0.007940658472944052;0.1107421875
2832;-0.23940676680226022;0.0;0.0;0.0;254.38168901247923;-0.010818993486464024;0.007984175835736096;9.003513383865357;0.007223504886496812;0.096484375
2833;6.7396106242965095;1.0;0.4686265574759874;0.5634369612531499;191.42416763245356;-0.022571464674547313;0.06137901144102216;9.003867292404175;0.008972503372933715;0.1234375
2834;-5.168396559881244;0.0;0.0;0.0;420.0473332202101;-0.02073022504337132;0.009111080528236925;9.002264928817748;0.010350661596748977;0.1392578125
2835;-1.6607181752100768;0.0;0.0;0.0;364.2205109551733;-0.009199948655441404;0.006434307503513992;8.996679496765136;0.00835409020073712;0.112109375
2836;-0.44141302937663934;0.0;0.0;0.0;505.12993660868545;-0.012603466003201901;0.07290947064757347;8.992537593841552;0.007930053770542145;0.1083984375
2837;4.842704825248919;1.0;0.47399031969827504;0.4563910151388523;228.5151244605696;-0.0067052625119686125;0.055152938095852734;8.992756175994874;0.010982634732499719;0.1556640625
2838;-0.9421335078558867;0.0;0.0;0.0;438.7221202630932;-0.0069706957903690634;0.06912981723435223;8.992527532577515;0.010483076435048134;0.1498046875
2839;-5.49842657672089;0.0;0.0;0.0;511.9078571652109;-0.01247877450659871;0.06674817353487014;8.989501094818115;0.009481090831104665;0.13203125
2840;-5.4632685815810165;1.0;0.43833984160739065;0.33235271852247755;202.45506492078394;-0.007317085331305861;0.08403176981955766;8.98993091583252;0.007853964006062596;0.11171875
2841;-9.254816782396311;0.0;0.0;0.0;1007.4631375447824;-0.00645174385097466;0.025233889341746505;8.994000434875488;0.010178999865035477;0.11986019736842106
2842;-1.2071146854046433;0.0;0.0;0.0;456.888657862822;-0.017577026085928083;0.1735987149178982;8.999869394302369;0.006858646566979587;0.0958984375
2843;-2.784032490981872;0.0;0.0;0.0;473.05865524952867;-0.0039148434530943636;0.17871249057352542;9.003324365615844;0.007077909703366458;0.0962890625
2844;2.1762337118345494;1.0;0.356182065113956;0.3082377661534912;254.98185244879207;-0.014651989052072167;0.009778932761400938;9.00193281173706;0.008625913877040148;0.1068359375
2845;5.557112210160621;1.0;0.4993251705222508;0.5016323019894386;186.27778894485033;-0.009878912195563316;0.06388937355950475;8.998681735992431;0.007834089605603367;0.1015625
2846;-2.4120747506383946;0.0;0.0;0.0;363.4902463761529;-0.008499597990885377;0.1537207316607237;8.992954921722411;0.006887992785777897;0.099609375
2847;-0.2699387913267155;0.0;0.0;0.0;247.6771469606576;-0.014999829186126589;0.021373071242123842;8.987561178207397;0.008904555346816778;0.127734375
2848;-0.6311304141886824;0.0;0.0;0.0;367.8892012729896;-0.01855290881358087;0.050172701757401225;8.982899808883667;0.012858574592974037;0.175
2849;1.6839925767644996;1.0;0.5087647648524437;0.40171598544080805;146.96460902255248;-0.0062742037931457165;0.08450764641165734;8.976810598373413;0.008726863446645439;0.1240234375
2850;3.6671504779196713;1.0;0.31798529232993517;0.1641706891400621;339.48452512614296;;;;;
2851;-7.812489127769032;0.0;0.0;0.0;765.4704287362815;;;;;
2852;-11.149023714313923;0.0;0.0;0.0;833.6083865820327;;;;;
2853;-3.034316542632326;0.0;0.0;0.0;240.93449941660376;;;;;
2854;0.21986303738820662;0.0;0.0;0.0;276.6856895271658;;;;;
2855;-1.0116782576549188;0.0;0.0;0.0;492.95517042199685;;;;;
2856;-1.7955276036647676;0.0;0.0;0.0;436.9609801125228;;;;;
2857;1.4042542946822922;0.0;0.0;0.0;234.05457053664418;;;;;
2858;-3.678321421597873;0.0;0.0;0.0;415.83623419601355;;;;;
2859;-4.532471761499614;0.0;0.0;0.0;368.7725839308828;;;;;
2860;-8.893281496633847;0.0;0.0;0.0;521.9945377621157;;;;;
2861;3.329014645890161;1.0;0.3346921969779765;0.18410944060162937;328.11533452122893;;;;;
2862;-2.5974355979280412;0.0;0.0;0.0;385.9143543346747;;;;;
2863;-1.3719853913156426;0.0;0.0;0.0;412.7711139821332;;;;;
2864;-4.073162731921386;0.0;0.0;0.0;342.2965957009139;;;;;
2865;-2.1845671742143593;0.0;0.0;0.0;245.9652085736403;;;;;
2866;-1.7765418867057063;0.0;0.0;0.0;188.9684287709173;;;;;
2867;-2.8160783758850787;0.0;0.0;0.0;711.9855721170908;;;;;
2868;-12.27361271511932;0.0;0.0;0.0;435.5144565003665;;;;;
2869;-6.324055156797962;0.0;0.0;0.0;361.6337487073739;;;;;
2870;-1.1583068362112967;0.0;0.0;0.0;247.95637359490414;;;;;
2871;-2.687895096078635;0.0;0.0;0.0;259.231198190225;;;;;
2872;0.46972731224755593;0.0;0.0;0.0;218.97939624110674;;;;;
2873;-1.7806585472328187;0.0;0.0;0.0;184.39260373892023;;;;;
2874;-1.9387224956148963;0.0;0.0;0.0;661.9933716986301;;;;;
2875;-4.186379890064198;0.0;0.0;0.0;411.9694778975675;;;;;
2876;-1.233241163023961;0.0;0.0;0.0;434.33004183136046;;;;;
2877;-7.0846756395882835;0.0;0.0;0.0;473.0920010314942;;;;;
2878;-1.4698081471509228;0.0;0.0;0.0;448.48750795036943;;;;;
2879;-2.7371436422806457;0.0;0.0;0.0;390.43118723777616;;;;;
2880;-1.3361949051109996;0.0;0.0;0.0;331.06505396091865;;;;;
2881;-2.928375197020439;0.0;0.0;0.0;489.98597987787855;;;;;
2882;-19.898327987106004;0.0;0.0;0.0;572.8852399146538;;;;;
2883;5.233505193044117;1.0;0.36554056209706975;0.257478745673709;151.4098739857354;;;;;
2884;-3.517718307905183;0.0;0.0;0.0;518.9096184629763;;;;;
2885;-1.784936505976252;0.0;0.0;0.0;474.80474073656654;;;;;
2886;-0.42989122368251526;0.0;0.0;0.0;355.9977029367119;;;;;
2887;-7.324560779425192;0.0;0.0;0.0;633.514730135101;;;;;
2888;-4.207338708919869;0.0;0.0;0.0;338.77280338289785;;;;;
2889;-1.505250625747001;0.0;0.0;0.0;812.7913109194617;;;;;
2890;-2.3653491567148404;0.0;0.0;0.0;313.95312092487916;;;;;
2891;0.6461635254459278;0.0;0.0;0.0;142.11218428868466;;;;;
2892;-2.976009954491521;0.0;0.0;0.0;246.46252181932337;;;;;
2893;-2.2389513527287788;0.0;0.0;0.0;446.90815223217646;;;;;
2894;-0.5220620925927081;0.0;0.0;0.0;527.0760134022291;;;;;
2895;-9.559972150510797;0.0;0.0;0.0;686.9912116129143;;;;;
2896;-1.866414762454434;0.0;0.0;0.0;109.47378513450678;;;;;
2897;0.2769094672788197;0.0;0.0;0.0;413.0889051146386;;;;;
2898;-1.0929910364508817;0.0;0.0;0.0;392.1062561227157;;;;;
2899;-1.7902000732893706;0.0;0.0;0.0;157.61864025784115;;;;;
2900;0.44667676265338396;0.0;0.0;0.0;300.62002850209103;;;;;
2901;-1.3556476198708407;0.0;0.0;0.0;205.08420728189088;;;;;
2902;-1.477269824187906;0.0;0.0;0.0;284.864538624972;;;;;
2903;-1.852785427021077;0.0;0.0;0.0;300.88638849518884;;;;;
2904;-0.7055058312293184;0.0;0.0;0.0;234.6622476484217;;;;;
2905;-0.4569643401159073;0.0;0.0;0.0;339.27253806126845;;;;;
2906;-0.6392536980248565;0.0;0.0;0.0;329.9349399643367;;;;;
2907;-4.072635024031677;0.0;0.0;0.0;306.7090934496253;;;;;
2908;-3.205563729292007;0.0;0.0;0.0;332.2049775184281;;;;;
2909;-0.5950226544069334;0.0;0.0;0.0;377.5112758428269;;;;;
2910;-2.2219316810108722;0.0;0.0;0.0;472.5899942276045;;;;;
2911;-6.02805271835158;0.0;0.0;0.0;418.1900831288273;;;;;
2912;-2.0257522220006403;0.0;0.0;0.0;333.78033209902753;;;;;
2913;-11.639767177111509;0.0;0.0;0.0;177.32161188046598;;;;;
2914;-1.1741448327933117;0.0;0.0;0.0;127.34569123135678;;;;;
2915;-1.7943534769555562;0.0;0.0;0.0;371.2641427889935;;;;;
2916;-4.88743645844777;0.0;0.0;0.0;534.98921121565;;;;;
2917;-2.225208137993647;0.0;0.0;0.0;179.0965239516184;;;;;
2918;-1.1924154925006827;0.0;0.0;0.0;216.77685508400222;;;;;
2919;-1.640351572237192;0.0;0.0;0.0;246.57596127302304;;;;;
2920;-1.0371566973360948;0.0;0.0;0.0;303.3329935278014;;;;;
2921;-1.4744028782680638;0.0;0.0;0.0;282.219986193062;;;;;
2922;-2.6217390587517024;0.0;0.0;0.0;250.00025671930766;;;;;
2923;3.2808250118070785;1.0;0.3489324032028208;0.2440142680304687;189.632911430867;;;;;
2924;-8.301606765473885;0.0;0.0;0.0;421.56334427363436;;;;;
2925;-7.1268167931790725;0.0;0.0;0.0;172.8937946384705;;;;;
2926;-3.6482333659215835;0.0;0.0;0.0;198.19053341028572;;;;;
2927;-13.333563762155327;0.0;0.0;0.0;405.4159036321002;;;;;
2928;-1.1328882718667954;0.0;0.0;0.0;236.70880014443358;;;;;
2929;-0.9304897828005603;0.0;0.0;0.0;204.10909933302395;;;;;
2930;-4.160782018999302;0.0;0.0;0.0;373.6103830357731;;;;;
2931;-1.8335626003118477;0.0;0.0;0.0;214.46938761218732;;;;;
2932;-2.757947037834359;1.0;0.3484262220988877;0.18873183571965316;261.9006265520905;;;;;
2933;6.78007193033627;1.0;0.5077431807644267;0.49822413904402024;152.28174541615533;;;;;
2934;-0.4047727594380962;0.0;0.0;0.0;430.28303617428634;;;;;
2935;-1.6378518566772564;0.0;0.0;0.0;299.83814453410497;;;;;
2936;-8.932260476263707;0.0;0.0;0.0;386.70760093601484;;;;;
2937;-1.8231189485986032;0.0;0.0;0.0;205.74997248791274;;;;;
2938;-18.937337788680743;0.0;0.0;0.0;1148.3123761564002;;;;;
2939;-1.2370861261580723;0.0;0.0;0.0;174.20224099879965;;;;;
2940;-7.792012281042081;0.0;0.0;0.0;165.73199038798907;;;;;
2941;-2.7396298066256657;0.0;0.0;0.0;175.09124223589072;;;;;
2942;-4.4563167509172255;0.0;0.0;0.0;304.8166486898258;;;;;
2943;-2.4204685996178603;0.0;0.0;0.0;245.78268230551816;;;;;
2944;-1.2556265477971722;0.0;0.0;0.0;126.24830245152046;;;;;
2945;-2.2379577521329463;0.0;0.0;0.0;56.96020435375483;;;;;
2946;-5.573788038416188;0.0;0.0;0.0;224.84523007846943;;;;;
2947;-2.0791279204975748;0.0;0.0;0.0;166.6653556335618;;;;;
2948;-5.388418426645643;0.0;0.0;0.0;334.23915412986753;;;;;
2949;-1.6462330717355647;0.0;0.0;0.0;66.43318350283688;;;;;
2950;-1.1512043372440457;0.0;0.0;0.0;312.23068006208007;;;;;
2951;-1.9397724230458468;0.0;0.0;0.0;149.62416715459642;;;;;
2952;-2.602150235091519;0.0;0.0;0.0;175.73365821655108;;;;;
2953;-1.184836435939562;0.0;0.0;0.0;282.4114649412768;;;;;
2954;-1.637431355036724;0.0;0.0;0.0;323.60642817295746;;;;;
2955;-0.4828901306717823;0.0;0.0;0.0;200.66007883665114;;;;;
2956;-1.7339506939617793;0.0;0.0;0.0;274.5716598259342;;;;;
2957;-4.461123694943135;0.0;0.0;0.0;546.2422848145027;;;;;
2958;0.08325362665790234;0.0;0.0;0.0;210.67956668468366;;;;;
2959;-1.028426254314955;0.0;0.0;0.0;320.0081376478831;;;;;
2960;-0.8720554624967708;0.0;0.0;0.0;372.4077455721899;;;;;
2961;-1.16655715814381;0.0;0.0;0.0;327.63563459328026;;;;;
2962;0.38261237898550027;0.0;0.0;0.0;202.07611463306935;;;;;
2963;-6.51304755044137;0.0;0.0;0.0;407.5357019089999;;;;;
2964;-0.3592531215656655;0.0;0.0;0.0;360.2125424990898;;;;;
2965;-0.5246727059178772;0.0;0.0;0.0;138.13465756051752;;;;;
2966;0.5359593590470918;0.0;0.0;0.0;272.74256915409575;;;;;
2967;-0.18673173185986774;0.0;0.0;0.0;419.8351847804666;;;;;
2968;-1.7802635005705796;0.0;0.0;0.0;602.1273521019156;;;;;
2969;-0.9441017005257003;0.0;0.0;0.0;172.52126859775262;;;;;
2970;-1.0390295856586071;0.0;0.0;0.0;466.5363763459371;;;;;
2971;0.009912978140216484;0.0;0.0;0.0;236.08051116412418;;;;;
2972;-2.020027381277181;0.0;0.0;0.0;468.3355456866083;;;;;
2973;-6.499091986945676;1.0;0.338716777336334;0.19015413418226726;278.44691797595846;;;;;
2974;-1.8625019763105046;0.0;0.0;0.0;380.73932445672153;;;;;
2975;-2.4768486110060564;0.0;0.0;0.0;296.1916265076973;;;;;
2976;-1.2586306141409827;0.0;0.0;0.0;650.0932819384341;;;;;
2977;-0.0798895427311176;0.0;0.0;0.0;305.9871680776885;;;;;
2978;-3.5080075872797845;0.0;0.0;0.0;427.4898267707537;;;;;
2979;-0.2687785301869024;0.0;0.0;0.0;284.9365961117852;;;;;
2980;-0.5611482906321814;0.0;0.0;0.0;522.0932886047956;;;;;
2981;0.6012178301073816;0.0;0.0;0.0;454.50997919817434;;;;;
2982;1.6843742807168427;0.0;0.0;0.0;271.06723909371203;;;;;
2983;-0.2447852951303105;0.0;0.0;0.0;254.92848240904087;;;;;
2984;-6.614254540287651;0.0;0.0;0.0;523.2221106676416;;;;;
2985;-1.5225636228910373;0.0;0.0;0.0;150.63009027834784;;;;;
2986;-9.267915268393791;0.0;0.0;0.0;293.8952019548233;;;;;
2987;-3.7645632692078688;0.0;0.0;0.0;209.40804150453687;;;;;
2988;-2.3987314366023496;0.0;0.0;0.0;806.428035542839;;;;;
2989;-1.9694944187596308;0.0;0.0;0.0;615.9465894686699;;;;;
2990;-4.822946321075128;0.0;0.0;0.0;477.234152537317;;;;;
2991;4.05098914879485;1.0;0.2775337369751865;0.13163822056195387;233.981075769489;;;;;
2992;-1.9804753436225735;0.0;0.0;0.0;383.08556301872625;;;;;
2993;-1.2344803401293707;0.0;0.0;0.0;268.44388401063145;;;;;
2994;-10.303930013522239;0.0;0.0;0.0;688.4391739485002;;;;;
2995;-1.1391005688341402;0.0;0.0;0.0;334.5645434364939;;;;;
2996;-5.341366171231951;0.0;0.0;0.0;772.1512542928721;;;;;
2997;-0.018298747006129833;0.0;0.0;0.0;599.2609801112676;;;;;
2998;-6.351596639179171;0.0;0.0;0.0;694.7460599571004;;;;;
2999;-1.028447206359863;0.0;0.0;0.0;347.48303716325523;;;;;
3000;-2.218839856379251;0.0;0.0;0.0;681.4809484856594;;;;;
3001;-11.495434888315016;0.0;0.0;0.0;616.3849141134126;;;;;
3002;-1.9433359077053647;0.0;0.0;0.0;313.57702782695367;;;;;
3003;-1.4546889068316047;0.0;0.0;0.0;163.76251768631283;;;;;
3004;-6.973192086549869;0.0;0.0;0.0;315.41135151246255;;;;;
3005;-1.715827767316812;0.0;0.0;0.0;231.7292265445597;;;;;
3006;-1.5681834757038655;0.0;0.0;0.0;556.8669557164994;;;;;
3007;-15.165897310667658;0.0;0.0;0.0;251.44678005020234;;;;;
3008;-1.3843103180472203;0.0;0.0;0.0;251.32290209676935;;;;;
3009;0.00515366783186256;0.0;0.0;0.0;375.2602024739546;;;;;
3010;-1.006108276914975;0.0;0.0;0.0;319.74214034695956;;;;;
3011;-3.8264442267441963;0.0;0.0;0.0;494.34059239511595;;;;;
3012;0.7897703179478088;0.0;0.0;0.0;364.6269827672027;;;;;
3013;-6.279113374376713;0.0;0.0;0.0;187.31667719349107;;;;;
3014;-1.1140238061134173;0.0;0.0;0.0;244.58279657650093;;;;;
3015;-1.0044658140691367;0.0;0.0;0.0;340.7163295160096;;;;;
3016;-3.123829679220095;0.0;0.0;0.0;411.6691791527627;;;;;
3017;-0.06468171438085467;0.0;0.0;0.0;257.9411284942661;;;;;
3018;-1.0720450645618635;0.0;0.0;0.0;262.5617765733678;;;;;
3019;0.94477414973788;0.0;0.0;0.0;427.2352639263212;;;;;
3020;-2.257848105118936;0.0;0.0;0.0;223.90682131535044;;;;;
3021;-7.67548127950512;0.0;0.0;0.0;226.91492596975974;;;;;
3022;-1.1632689908336458;0.0;0.0;0.0;292.4100155975248;;;;;
3023;-1.5772680338244434;0.0;0.0;0.0;75.9943755163679;;;;;
3024;-3.5545783990266244;0.0;0.0;0.0;227.9525197286222;;;;;
3025;-2.622969494722128;0.0;0.0;0.0;182.23025471239612;;;;;
3026;-2.7817007900846806;0.0;0.0;0.0;136.62130149523438;;;;;
3027;-0.5169162899842384;0.0;0.0;0.0;455.1001700245115;;;;;
3028;-0.9509773856971815;0.0;0.0;0.0;253.327985260576;;;;;
3029;-3.342964473023121;0.0;0.0;0.0;413.7139592107692;;;;;
3030;-1.4785663837132141;0.0;0.0;0.0;221.80221409264195;;;;;
3031;-5.362725190286292;0.0;0.0;0.0;254.4077210006216;;;;;
3032;-2.475059694483135;0.0;0.0;0.0;195.87622100769445;;;;;
3033;-1.8288774749404797;0.0;0.0;0.0;103.23923693846295;;;;;
3034;-1.8978842563434701;0.0;0.0;0.0;368.49665157846437;;;;;
3035;-0.9497366072402947;0.0;0.0;0.0;353.57178739768096;;;;;
3036;-9.0542983663462;0.0;0.0;0.0;490.5790080945462;;;;;
3037;-1.0091835266306048;0.0;0.0;0.0;430.16216800190836;;;;;
3038;-1.1905512156152565;0.0;0.0;0.0;226.89212378183691;;;;;
3039;-0.4561786408288108;0.0;0.0;0.0;320.2704473146548;;;;;
3040;-1.345039938364493;0.0;0.0;0.0;293.31455440787926;;;;;
3041;-0.4192763018261201;0.0;0.0;0.0;568.0460922898699;;;;;
3042;-1.612107410212763;0.0;0.0;0.0;168.8440812296042;;;;;
3043;-1.7956605049177607;0.0;0.0;0.0;321.0281354520707;;;;;
3044;-3.8078194850841447;0.0;0.0;0.0;192.39561544624794;;;;;
3045;-1.8616138457345925;0.0;0.0;0.0;158.30344672528528;;;;;
3046;-1.8581412141768974;0.0;0.0;0.0;174.472781099282;;;;;
3047;0.40885670329741175;0.0;0.0;0.0;239.27759792285192;;;;;
3048;-3.0482679451408776;0.0;0.0;0.0;979.6150296656859;;;;;
3049;0.7960325911073631;0.0;0.0;0.0;360.46423994005823;;;;;
3050;-1.2445723261922368;0.0;0.0;0.0;416.9643338267182;;;;;
3051;-0.8327671679031647;0.0;0.0;0.0;569.6082836006152;;;;;
3052;-3.808362479725411;0.0;0.0;0.0;595.9000599287838;;;;;
3053;-3.3194747096880755;0.0;0.0;0.0;1240.2280970795437;;;;;
3054;0.5420979825982508;0.0;0.0;0.0;331.9590399849853;;;;;
3055;-1.087456794107082;0.0;0.0;0.0;381.7826913383376;;;;;
3056;-0.12564465864076593;0.0;0.0;0.0;657.9921832735272;;;;;
3057;-4.815814485511235;0.0;0.0;0.0;500.84182538292936;;;;;
3058;-0.38292020604446125;0.0;0.0;0.0;278.2595833375558;;;;;
3059;-0.6968952128826212;0.0;0.0;0.0;345.9006236442033;;;;;
3060;-1.2445012998988485;0.0;0.0;0.0;592.8653490250272;;;;;
3061;-0.9925230829886657;0.0;0.0;0.0;433.8840798775406;;;;;
3062;-1.6632842442433777;0.0;0.0;0.0;441.9810177992906;;;;;
3063;0.11979663757400827;1.0;0.25255123868391505;0.15417700457685632;438.84706881493116;;;;;
3064;-2.3250583253397425;0.0;0.0;0.0;443.97443981507695;;;;;
3065;-6.348578699326784;0.0;0.0;0.0;384.3195902198567;;;;;
3066;-0.19459996654064676;0.0;0.0;0.0;263.81952253164826;;;;;
3067;-5.8151134081077025;0.0;0.0;0.0;525.803775520958;;;;;
3068;5.741838345047379;1.0;0.2799632040111123;0.17135866537175307;405.74495573704945;;;;;
3069;-1.3528649720530264;0.0;0.0;0.0;336.63941302453196;;;;;
3070;-1.734963531341501;0.0;0.0;0.0;444.83226278768086;;;;;
3071;5.822716525811153;1.0;0.22487460754652952;0.14449437924480385;409.6944883527951;;;;;
3072;6.867043839872929;1.0;0.30786801869697594;0.30904660130759926;270.68999161211156;;;;;
3073;-1.5047752801779084;0.0;0.0;0.0;346.92736904445815;;;;;
3074;-0.7543304060705014;0.0;0.0;0.0;336.9159837690731;;;;;
3075;-3.191161908955182;0.0;0.0;0.0;289.082939732955;;;;;
3076;-0.7877416428550575;0.0;0.0;0.0;404.09065939234665;;;;;
3077;-0.4981397974668398;1.0;0.33929101672971396;0.2138919830880132;364.1948118254574;;;;;
3078;-2.4144041865457515;0.0;0.0;0.0;307.4805818891448;;;;;
3079;-2.8351088283022916;0.0;0.0;0.0;428.65153047584795;;;;;
3080;-0.7065224861774684;0.0;0.0;0.0;348.06443997191514;;;;;
3081;-1.0755923402740146;0.0;0.0;0.0;313.8251144333842;;;;;
3082;4.368025322023293;1.0;0.23479562482231184;0.14754823657475793;520.9445265812935;;;;;
3083;-1.0750778490794146;0.0;0.0;0.0;319.7406397882903;;;;;
3084;-2.738463711999464;0.0;0.0;0.0;449.3929546370841;;;;;
3085;-0.964296969317299;0.0;0.0;0.0;349.85947075024984;;;;;
3086;-0.11973477041174384;0.0;0.0;0.0;273.36582807468403;;;;;
3087;-9.79208180406628;0.0;0.0;0.0;718.3875627483534;;;;;
3088;-5.93141514701301;0.0;0.0;0.0;359.35643257257374;;;;;
3089;-1.645483021199451;0.0;0.0;0.0;461.43731794127956;;;;;
3090;-0.9882774022864144;0.0;0.0;0.0;432.2690139551929;;;;;
3091;-3.945179446464419;0.0;0.0;0.0;283.2692791206718;;;;;
3092;-1.0584041639547266;0.0;0.0;0.0;423.4098619831773;;;;;
3093;-10.392620284488741;0.0;0.0;0.0;820.9426367455065;;;;;
3094;-0.8247860280371784;0.0;0.0;0.0;271.4724383157841;;;;;
3095;-1.4652609732068476;0.0;0.0;0.0;460.57823392270524;;;;;
3096;-2.202720164305992;0.0;0.0;0.0;673.902061308074;;;;;
3097;-2.430838262887347;0.0;0.0;0.0;942.0470720725789;;;;;
3098;-2.8790208328076874;0.0;0.0;0.0;259.7197888094417;;;;;
3099;-1.9845185088005406;0.0;0.0;0.0;605.872883018947;;;;;
3100;5.24497625296585;1.0;0.44107722585652753;0.37741404907219844;132.0741943496952;;;;;
3101;-0.679225483623141;0.0;0.0;0.0;349.8960800267806;;;;;
3102;-2.595542817045304;0.0;0.0;0.0;131.92258510885623;;;;;
3103;-1.7941746424245717;0.0;0.0;0.0;238.16441909018195;;;;;
3104;-7.662712932780224;0.0;0.0;0.0;386.64645710550525;;;;;
3105;0.9933809729590235;0.0;0.0;0.0;377.85110257543226;;;;;
3106;6.622724953631506;1.0;0.47582762800068096;0.47395757514833564;113.16941981722051;;;;;
3107;-5.871270644269323;0.0;0.0;0.0;221.04837881257643;;;;;
3108;-3.3847410203068686;0.0;0.0;0.0;279.5647220537194;;;;;
3109;-0.4951586428686672;0.0;0.0;0.0;237.75040466270272;;;;;
3110;0.6141300531406733;0.0;0.0;0.0;417.67594221775846;;;;;
3111;-0.029941175491117286;0.0;0.0;0.0;465.83655092844066;;;;;
3112;-1.7834986496711014;0.0;0.0;0.0;379.2262845162509;;;;;
3113;-1.7990869929979834;0.0;0.0;0.0;269.01112855969393;;;;;
3114;-0.6536937646650179;0.0;0.0;0.0;231.97517302235963;;;;;
3115;-1.4257204810908617;0.0;0.0;0.0;658.3806587539851;;;;;
3116;-1.0577843665388758;0.0;0.0;0.0;236.71456031400427;;;;;
3117;-2.254931522451461;0.0;0.0;0.0;758.6853366193876;;;;;
3118;-2.7597122263722484;0.0;0.0;0.0;204.18833062897735;;;;;
3119;-1.1719083500496328;0.0;0.0;0.0;235.8389260594471;;;;;
3120;-5.136864020163772;0.0;0.0;0.0;257.6629494419867;;;;;
3121;6.700446829597;1.0;0.4294822263602951;0.48698161738233275;242.2239873594223;;;;;
3122;-2.199077474923852;0.0;0.0;0.0;261.55106869890733;;;;;
3123;-1.9365525766079728;0.0;0.0;0.0;320.3134880413219;;;;;
3124;-1.3607250944972733;0.0;0.0;0.0;262.9006236967548;;;;;
3125;-1.441909852418475;0.0;0.0;0.0;172.89233079669157;;;;;
3126;-0.6401203211291648;0.0;0.0;0.0;185.78620767321163;;;;;
3127;-1.302589713798248;0.0;0.0;0.0;246.48368828411913;;;;;
3128;-0.4520610870818623;0.0;0.0;0.0;500.66801326776306;;;;;
3129;-0.2408029615420543;0.0;0.0;0.0;126.96849565444225;;;;;
3130;-1.098158144193976;0.0;0.0;0.0;245.49460495456685;;;;;
3131;0.7551165651038751;0.0;0.0;0.0;518.3164801716108;;;;;
3132;-2.147439091967481;0.0;0.0;0.0;207.53561639277584;;;;;
3133;-0.12109811358377019;0.0;0.0;0.0;213.88750103197532;;;;;
3134;6.932453601901766;1.0;0.3720872896757963;0.371662600214086;156.62613962121898;;;;;
3135;0.551359048559323;0.0;0.0;0.0;432.64143408734355;;;;;
3136;-1.7798834476168086;0.0;0.0;0.0;341.2834888791436;;;;;
3137;-3.642229813564029;0.0;0.0;0.0;414.24702635282796;;;;;
3138;-1.4611122728892796;0.0;0.0;0.0;367.59350803958733;;;;;
3139;-1.8941975971805578;0.0;0.0;0.0;198.90766607742032;;;;;
3140;-3.4518036859043164;0.0;0.0;0.0;430.108956913843;;;;;
3141;-0.35495908378961205;0.0;0.0;0.0;424.46273180588236;;;;;
3142;-0.7210158025426597;0.0;0.0;0.0;232.49924365756246;;;;;
3143;0.6636991564948864;0.0;0.0;0.0;370.7802070865124;;;;;
3144;3.3052232267361497;1.0;0.44003960875825054;0.44698402334258147;210.46341823990548;;;;;
3145;-1.6694376542777407;0.0;0.0;0.0;320.13589078967834;;;;;
3146;0.21067248102110356;0.0;0.0;0.0;271.2601236217266;;;;;
3147;-4.96235144846556;0.0;0.0;0.0;927.3287775248542;;;;;
3148;-1.003371052878415;0.0;0.0;0.0;353.30920845443154;;;;;
3149;0.17363246607851762;0.0;0.0;0.0;419.0737757140958;;;;;
3150;0.5787226858845007;0.0;0.0;0.0;242.83337103108582;;;;;
3151;-5.486867008283455;0.0;0.0;0.0;375.4240995774477;;;;;
3152;-0.9345668632556259;0.0;0.0;0.0;220.3753200359757;;;;;
3153;-0.18545886275145534;0.0;0.0;0.0;477.83819308198014;;;;;
3154;-1.8140994156907775;0.0;0.0;0.0;366.2170584790787;;;;;
3155;0.013758501508302958;0.0;0.0;0.0;596.5575110566288;;;;;
3156;-1.4489369845680522;0.0;0.0;0.0;396.68316865972247;;;;;
3157;-12.544528714639396;0.0;0.0;0.0;591.2225588892048;;;;;
3158;-14.532283687388773;0.0;0.0;0.0;849.8389541244668;;;;;
3159;-0.7018880226731301;0.0;0.0;0.0;325.9662350254025;;;;;
3160;-1.1761291090130925;0.0;0.0;0.0;874.3569838330999;;;;;
3161;5.03120333675923;1.0;0.5024866093032885;0.5311200551176456;186.41654592140566;;;;;
3162;-9.117316462165709;0.0;0.0;0.0;774.7237847371642;;;;;
3163;-0.4489148394428179;0.0;0.0;0.0;309.2004846011808;;;;;
3164;-0.22046717901373197;0.0;0.0;0.0;495.4542526060554;;;;;
3165;-1.147897250059969;0.0;0.0;0.0;364.2397976470315;;;;;
3166;-11.664099612323938;0.0;0.0;0.0;445.9129301248008;;;;;
3167;-0.3232144901592814;0.0;0.0;0.0;439.5456970378661;;;;;
3168;-1.9613308362181348;0.0;0.0;0.0;198.9028644957698;;;;;
3169;-22.20801566265587;0.0;0.0;0.0;1133.0200333574908;;;;;
3170;-5.242451266624864;0.0;0.0;0.0;375.2402357067916;;;;;
3171;-3.2025132521318116;0.0;0.0;0.0;298.46198249267155;;;;;
3172;-0.33369607482264496;0.0;0.0;0.0;228.26855560613228;;;;;
3173;3.931137161147321;1.0;0.31596941073189516;0.16647237330756826;426.9299483237992;;;;;
3174;-3.900193491588428;0.0;0.0;0.0;522.0872754211922;;;;;
3175;-18.285985130423473;0.0;0.0;0.0;563.9039932946802;;;;;
3176;-1.7385805810835344;0.0;0.0;0.0;1047.976710189619;;;;;
3177;-1.0957215328362728;0.0;0.0;0.0;1070.659451201968;;;;;
3178;-4.115894265948227;0.0;0.0;0.0;914.7871358809962;;;;;
3179;-0.3116916110981435;0.0;0.0;0.0;295.5656322072846;;;;;
3180;6.754772016400807;1.0;0.37073787308055417;0.4600134450842139;432.2861991499521;;;;;
3181;-0.840494191771975;0.0;0.0;0.0;543.0969890198509;;;;;
3182;-5.5686422239285545;0.0;0.0;0.0;826.7627592353227;;;;;
3183;-0.1123731226696978;0.0;0.0;0.0;971.616523595406;;;;;
3184;-2.1682435130170057;0.0;0.0;0.0;452.0929952227845;;;;;
3185;-2.4690219939107654;0.0;0.0;0.0;815.6577973045469;;;;;
3186;-2.2394461799743492;0.0;0.0;0.0;649.4401388376374;;;;;
3187;-0.8030646092130619;0.0;0.0;0.0;806.3277042633016;;;;;
3188;-1.6172962895816705;0.0;0.0;0.0;847.5118376268312;;;;;
3189;-3.46118582728326;0.0;0.0;0.0;442.1112696515622;;;;;
3190;-1.7111969754444374;0.0;0.0;0.0;726.5925212715244;;;;;
3191;-11.603235279821591;0.0;0.0;0.0;660.1349916571598;;;;;
3192;-0.854557216861555;0.0;0.0;0.0;520.2229443291436;;;;;
3193;-1.2359454134090648;0.0;0.0;0.0;215.28353665341848;;;;;
3194;-3.8438525407191193;0.0;0.0;0.0;587.3630658103507;;;;;
3195;-1.4451873010805583;0.0;0.0;0.0;867.1778825365885;;;;;
3196;-0.37557754096285056;0.0;0.0;0.0;302.2768777717806;;;;;
3197;-12.274248654683218;0.0;0.0;0.0;1011.4868871879365;;;;;
3198;5.523816170723257;1.0;0.27780865549454303;0.18387508495453037;564.2039746836178;;;;;
3199;0.7510535926148958;0.0;0.0;0.0;417.8988885086302;;;;;
3200;-10.290744736480727;0.0;0.0;0.0;902.5177051851282;;;;;
3201;-2.6390340140669095;0.0;0.0;0.0;252.0919107189706;;;;;
3202;6.181016361412405;1.0;0.5722193777333476;0.5482517030216568;114.15751589838095;;;;;
3203;0.3793455694736385;0.0;0.0;0.0;329.5540029314299;;;;;
3204;-1.350762456518308;0.0;0.0;0.0;341.5027103984458;;;;;
3205;3.1120345200624344;1.0;0.2454976027004226;0.14931609383122824;564.1744381136053;;;;;
3206;-1.2409608623177777;0.0;0.0;0.0;241.41727419659767;;;;;
3207;-1.9684672679718909;0.0;0.0;0.0;766.7415433846019;;;;;
3208;-4.233257698332034;0.0;0.0;0.0;541.1434765104445;;;;;
3209;-6.288508971207055;0.0;0.0;0.0;375.4927676977419;;;;;
3210;-2.0624120422003682;0.0;0.0;0.0;368.3219168277314;;;;;
3211;-0.5379014620510232;0.0;0.0;0.0;160.80910756137106;;;;;
3212;7.174368682681875;1.0;0.35207769488802343;0.38531931803644637;287.4317170029511;;;;;
3213;-3.5279223844345107;0.0;0.0;0.0;593.6185479259459;;;;;
3214;-0.7996237573403971;0.0;0.0;0.0;300.4851469527189;;;;;
3215;-0.3079806261710078;0.0;0.0;0.0;738.4617242274013;;;;;
3216;5.322340022278616;1.0;0.32304890223942706;0.2008791678315559;358.18511162162514;;;;;
3217;5.130179931438866;1.0;0.38272022816629714;0.3564782921833276;231.11336960415875;;;;;
3218;-4.8595728989244185;0.0;0.0;0.0;485.4668256540675;;;;;
3219;-0.47001322083625174;0.0;0.0;0.0;897.5218376769618;;;;;
3220;-15.492801425496525;0.0;0.0;0.0;540.3602795011232;;;;;
3221;0.6481563631946538;0.0;0.0;0.0;545.0575625808675;;;;;
3222;6.076255051331813;1.0;0.2872814773100076;0.26995770055498325;233.9243098931042;;;;;
3223;0.24240015143108168;0.0;0.0;0.0;853.8172552510155;;;;;
3224;4.7829926538337375;1.0;0.6138428917942026;0.6222607757517042;111.57241764529027;;;;;
3225;6.4247677453114616;1.0;0.43342991224284294;0.4252575761959172;249.1931954946774;;;;;
3226;5.511082070104781;1.0;0.3868869028782284;0.33900932673192385;214.84885732765542;;;;;
3227;5.163404533012393;1.0;0.33649968036357025;0.3813569638098578;437.53738393978125;;;;;
3228;7.052696502511729;1.0;0.47698521808731703;0.5195229988477309;183.16387281338316;;;;;
3229;-1.7075721913548618;0.0;0.0;0.0;486.9292042512098;;;;;
3230;-4.413792284964377;0.0;0.0;0.0;979.8283795246136;;;;;
3231;-0.8467532861527786;0.0;0.0;0.0;158.7661507206591;;;;;
3232;-11.201211950080816;0.0;0.0;0.0;331.9356897993991;;;;;
3233;6.729232815647842;1.0;0.5081633298091942;0.5623460998707223;248.50882135427057;;;;;
3234;-5.160648092618895;0.0;0.0;0.0;189.92757005671845;;;;;
3235;0.39941531117572354;0.0;0.0;0.0;474.99167385866514;;;;;
3236;7.101796440803739;1.0;0.40935530674618376;0.4461003383766565;243.71211331574594;;;;;
3237;-0.043270863339504514;0.0;0.0;0.0;214.89633669843334;;;;;
3238;6.647257757649081;1.0;0.35084372596868113;0.29379012920018394;182.6499935841968;;;;;
3239;-4.773924845422157;0.0;0.0;0.0;275.5876852931934;;;;;
3240;-3.914404712201004;0.0;0.0;0.0;270.28178467067806;;;;;
3241;-7.134915168067216;0.0;0.0;0.0;656.8010956973288;;;;;
3242;6.550622358344535;1.0;0.556311516079739;0.5439395516899489;73.56819867880132;;;;;
3243;7.654381358489282;1.0;0.40772753594131755;0.44798614226715117;243.03221147358173;;;;;
3244;-2.0514258139572186;0.0;0.0;0.0;585.325152984487;;;;;
3245;-6.836311552288268;0.0;0.0;0.0;180.49202778712967;;;;;
3246;2.490450753739229;1.0;0.35740712220543736;0.4338040191277913;488.982405370519;;;;;
3247;-17.544014347502326;0.0;0.0;0.0;477.06479493904226;;;;;
3248;-4.682834271641172;0.0;0.0;0.0;802.7373543901749;;;;;
3249;4.8531093654297575;1.0;0.555960055607532;0.46785329871348713;127.42261869488868;;;;;
3250;1.0552828911732348;1.0;0.40150411479303943;0.44384182924725396;403.0269386745158;;;;;
3251;-7.660368603823784;0.0;0.0;0.0;754.8712551399084;;;;;
3252;-12.282777743950534;0.0;0.0;0.0;789.8928255765699;;;;;
3253;6.788779755188786;1.0;0.5298593833234333;0.5291646523899308;137.81571666970942;;;;;
3254;6.398810653059013;1.0;0.37114900044176113;0.32068437728821086;325.8217464317351;;;;;
3255;6.41809803066238;1.0;0.5229697878933532;0.5035883877478391;182.17361700922194;;;;;
3256;6.3990546933638415;1.0;0.5919109560892178;0.6377764732106849;174.56040140525218;;;;;
3257;5.993625117646316;1.0;0.6065305919323463;0.636242165525695;121.52910792559952;;;;;
3258;3.413086538430363;1.0;0.4763331132758246;0.4826164822408236;252.5632935153099;;;;;
3259;-1.5357357265692502;0.0;0.0;0.0;940.5708022518929;;;;;
3260;-0.35526682838391554;1.0;0.6218092815697446;0.6045865292576429;235.2027759134569;;;;;
3261;7.377429476101073;1.0;0.4277121185416173;0.4189717251345539;238.11764369379935;;;;;
3262;6.6798748201095295;1.0;0.4916266574475031;0.5298090115700659;156.16296752765592;;;;;
3263;-3.291195381439791;0.0;0.0;0.0;847.400277754841;;;;;
3264;-1.1813717346864787;0.0;0.0;0.0;410.1946782080819;;;;;
3265;-0.013798495358782558;0.0;0.0;0.0;347.119613832965;;;;;
3266;-4.459377625079647;0.0;0.0;0.0;659.0622827078694;;;;;
3267;7.579509682694055;1.0;0.48345725754865554;0.5037377167964695;146.78545661643207;;;;;
3268;7.4329005612564645;1.0;0.22135951606038315;0.2714347047551534;443.5710836924378;;;;;
3269;7.535669379775213;1.0;0.3660751632262308;0.43335394662805693;239.64337342628363;;;;;
3270;7.478055497323934;1.0;0.4414861346370808;0.42399190264704095;133.5034902468745;;;;;
3271;-2.813846451112017;0.0;0.0;0.0;200.70518893332985;;;;;
3272;6.152990277666651;1.0;0.4924028165599264;0.5335680109351602;115.96815997120105;;;;;
3273;3.4512492979078395;1.0;0.5446349124707401;0.551922917939271;124.05077699186457;;;;;
3274;6.654729302556491;1.0;0.5635831643748402;0.5215953066537625;77.26588162686207;;;;;
3275;7.478599599935993;1.0;0.4011766987904568;0.4684220361751165;247.7474901648641;;;;;
3276;7.3904582226221205;1.0;0.4187057818403887;0.530734596818887;316.0098819047858;;;;;
3277;6.909276419066021;1.0;0.48668631925992367;0.5144003495884946;226.67350356218338;;;;;
3278;4.766536501718891;1.0;0.6571389683706952;0.7310985592511734;89.00503183478195;;;;;
3279;-2.7755454328016946;0.0;0.0;0.0;657.5977461788552;;;;;
3280;3.66813038210846;1.0;0.3875183499578881;0.41007140307150275;173.5874977061279;;;;;
3281;6.186047823966684;1.0;0.5626174175594657;0.5832853228067468;151.1565255670837;;;;;
3282;6.063133801711249;1.0;0.6071823801604238;0.6894180685782698;185.78072613123462;;;;;
3283;-3.0064702595994754;0.0;0.0;0.0;693.5506853710757;;;;;
3284;-8.097366023491295;0.0;0.0;0.0;493.7218630261895;;;;;
3285;6.866574616073222;1.0;0.37463643385468876;0.3396095705709492;244.78058390746625;;;;;
3286;-2.6778787842640015;0.0;0.0;0.0;569.390327987149;;;;;
3287;7.228509308567018;1.0;0.2776288444120126;0.3247501218361329;423.03650563522433;;;;;
3288;-4.194049146066184;0.0;0.0;0.0;458.79763170639916;;;;;
3289;5.131165887867716;1.0;0.28624478071826853;0.34580829289266163;463.65494335324667;;;;;
3290;4.356024147829818;1.0;0.5986889418131144;0.631654283479714;230.3151081057463;;;;;
3291;6.936902565124912;1.0;0.32280490041183946;0.29798172230893166;230.93676547032618;;;;;
3292;7.038726130887613;1.0;0.4045635217242646;0.4827465146673539;415.56325840733933;;;;;
3293;5.2578311627483965;1.0;0.4860905886084688;0.4826846880650564;149.44512382196976;;;;;
3294;6.288996203650622;1.0;0.4572411708854125;0.45244446960253787;179.5026352613344;;;;;
3295;4.909899165066896;1.0;0.4173562600650203;0.4255377068920439;332.62853751868494;;;;;
3296;6.52666054877721;1.0;0.39239934474693655;0.41670055230333763;222.68313677203082;;;;;
3297;-5.666596431751661;0.0;0.0;0.0;451.48631178495793;;;;;
3298;-0.1853146530471994;1.0;0.26815648757905386;0.20601411497140548;481.48781619103926;;;;;
3299;6.334482659703188;1.0;0.5521053020710819;0.6449127780217881;212.39276899629;;;;;
3300;-4.390585276082536;0.0;0.0;0.0;293.58122473307054;;;;;
3301;-2.906463373797002;0.0;0.0;0.0;283.8710297207555;;;;;
3302;7.155273606958666;1.0;0.47571910319666977;0.5391999867879909;277.8028818378929;;;;;
3303;4.513458142477294;1.0;0.5272879127525053;0.5204994916822873;178.16496697586365;;;;;
3304;-2.5734633680845476;0.0;0.0;0.0;502.70504922299943;;;;;
3305;-5.0459162174659395;0.0;0.0;0.0;328.61150452294294;;;;;
3306;5.825573352363921;1.0;0.540810747747226;0.5287343234951842;135.0862843106565;;;;;
3307;6.884181215946012;1.0;0.5914140289255407;0.6229012183774095;136.85410953786834;;;;;
3308;6.573704247558556;1.0;0.6364796668089058;0.632793218378044;68.32708944741702;;;;;
3309;7.224651504449135;1.0;0.5291381347248335;0.5485059570247808;161.60476427900886;;;;;
3310;-5.69200033185251;0.0;0.0;0.0;349.26933124885227;;;;;
3311;6.075857800453172;1.0;0.5334557106135163;0.5697168043477056;269.0527693393447;;;;;
3312;5.236720526998949;1.0;0.5494984438505462;0.597134160483275;166.56693720987545;;;;;
3313;7.636037298149877;1.0;0.46576241301539734;0.559106726977083;226.50922401342066;;;;;
3314;-7.717527204632712;0.0;0.0;0.0;437.9404219996227;;;;;
3315;5.86781748862082;1.0;0.5256015961316529;0.5985555153430521;203.3918945842067;;;;;
3316;5.789750056416526;1.0;0.49327805235160654;0.5274022516339997;264.1217914304996;;;;;
3317;-3.915656033255299;0.0;0.0;0.0;522.9042167125867;;;;;
3318;5.362176637438955;1.0;0.24365778371899457;0.17968817387083463;312.95578679925063;;;;;
3319;0.622293363057822;1.0;0.1836924881150359;0.13399192301097745;444.37776388613224;;;;;
3320;-6.311118119261537;0.0;0.0;0.0;515.7381205254246;;;;;
3321;6.487785599304323;1.0;0.45894513026870637;0.4794466984077101;174.71593381212145;;;;;
3322;6.9344626816653845;1.0;0.46265803214252743;0.5113825992076126;225.32500448809344;;;;;
3323;2.134538884517422;1.0;0.300734846101231;0.2605891251130384;297.089442830059;;;;;
3324;-3.7867472619799;0.0;0.0;0.0;453.94112877568364;;;;;
3325;7.605380745034269;1.0;0.45042289658871604;0.4797254905230027;193.8543323557179;;;;;
3326;-8.224085384215913;0.0;0.0;0.0;566.038225640995;;;;;
3327;7.484499627200753;1.0;0.37858140996547374;0.3445989178346805;161.71464236887041;;;;;
3328;-3.740407919819233;0.0;0.0;0.0;355.14164543034764;;;;;
3329;5.437364760679786;1.0;0.43849158976334685;0.4109980781764759;228.68223499176835;;;;;
3330;-2.852533385687297;0.0;0.0;0.0;585.5288957445701;;;;;
3331;4.167396439307546;1.0;0.4174753150266444;0.35725645571542736;169.77990353310085;;;;;
3332;4.96357382567505;1.0;0.23920359096685714;0.20503923571996266;285.22000483058054;;;;;
3333;7.449773882190607;1.0;0.5043045617816466;0.5571295736011785;214.2000353173855;;;;;
3334;6.208514494752569;1.0;0.26621094986561616;0.26333869449109376;531.1264085863544;;;;;
3335;1.136742356612825;1.0;0.28817593395337043;0.2474644070661709;477.3844040211796;;;;;
3336;7.119955569473289;1.0;0.37305320246582063;0.4247171993713493;277.6602531612554;;;;;
3337;5.081312176030332;1.0;0.6804761983862165;0.6858957367227092;72.65540306816929;;;;;
3338;4.647696728631606;1.0;0.3063138895964758;0.24724710610320422;165.34789128286855;;;;;
3339;4.701070490509641;1.0;0.3569991291043301;0.29609682225708284;178.39513542026168;;;;;
3340;2.1642602104927584;1.0;0.29499441138788074;0.21242657253019068;276.99075312507875;;;;;
3341;4.403968785667413;1.0;0.2553446340786516;0.206368304777028;311.1034750123974;;;;;
3342;7.052861568224991;1.0;0.6267665779790239;0.7180171800363728;145.7833625032953;;;;;
3343;6.5409993494493195;1.0;0.48717237585333567;0.5030211619448196;135.95702830187437;;;;;
3344;5.16871424823502;1.0;0.3799584469364051;0.3097732550459778;153.1503559119621;;;;;
3345;4.087194985603064;1.0;0.42926957393747184;0.3668179735918753;153.5608307473542;;;;;
3346;-0.5072664791448114;0.0;0.0;0.0;505.9324827968263;;;;;
3347;5.397144486895471;1.0;0.3082781869574092;0.2855503915600523;251.4024541199725;;;;;
3348;6.460109507679828;1.0;0.4561149199359265;0.4355806770970046;158.83006867645432;;;;;
3349;1.8474427514123604;1.0;0.20451199968188108;0.15155948588447435;370.9868035358091;;;;;
3350;5.552841222238174;1.0;0.45490017741716765;0.35242597151308763;116.32539268136172;;;;;
3351;6.509705405429809;1.0;0.6432212411402026;0.6750901921723291;91.70757272681982;;;;;
3352;7.569574625911754;1.0;0.40567613113678797;0.36770005705664804;166.00971018104983;;;;;
3353;7.030824827345134;1.0;0.5636669622597388;0.6661857921471053;219.1810963808826;;;;;
3354;6.001396201632497;1.0;0.27965714652640755;0.24238247077312763;343.02541952660397;;;;;
3355;6.8116675981702315;1.0;0.5631502896792233;0.5852528763066766;152.82134337438686;;;;;
