index;reward;success;path_efficiency;effective_speed;lateral_motion;policy_loss;value_loss;entropy;approximate_kl;clip_fraction
1;-0.7754497429685933;0.0;0.0;0.0;149.91374627394592;-0.010220858501270413;0.003342485666507855;5.815206289291382;0.005518563336227089;0.07421875
2;-0.8012835311818376;0.0;0.0;0.0;139.037565063528;-0.011864854907616972;0.0004972250550054014;5.8177742004394535;0.0028186560957692564;0.0310546875
3;-0.07125633707012853;0.0;0.0;0.0;141.1033919507517;-0.004511164454743266;0.000290215036511654;5.823490595817566;0.0014698333339765667;0.0083984375
4;-0.256706648217669;0.0;0.0;0.0;141.17379321439492;-0.010823044320568442;0.0002326927955436986;5.83177683353424;0.0023898570565506817;0.019140625
5;-0.2840730560839137;0.0;0.0;0.0;136.28440102522123;-0.010083831427618862;0.00021781993709737434;5.841113448143005;0.0026769663207232954;0.0263671875
6;-0.5907987044209712;0.0;0.0;0.0;149.71806798140108;-0.01602534409612417;0.0002411191577266436;5.853316044807434;0.003622728295158595;0.04140625
7;-0.7336386579364989;0.0;0.0;0.0;156.02022049215415;-0.012499508750624954;0.0002824150949891191;5.856022763252258;0.0039020023890770973;0.042578125
8;-0.23501651853758249;0.0;0.0;0.0;168.31977194477682;-0.007064953492954373;0.0003611387786804698;5.857798790931701;0.002041898120660335;0.0146484375
9;-0.7280095521044919;0.0;0.0;0.0;182.82600745978078;-0.010936007648706437;0.0003651692226412706;5.856846952438355;0.003475282632280141;0.041796875
10;-1.269013027242612;0.0;0.0;0.0;213.45536004694299;-0.002867438551038504;0.00041029125859495255;5.857116436958313;0.0037606152123771607;0.04453125
11;-0.9776347274522286;0.0;0.0;0.0;224.62677224471153;-0.007743580127134919;0.0006048559327609837;5.856703519821167;0.004962429485749454;0.0638671875
12;-0.9387117895586385;0.0;0.0;0.0;217.6228571481966;-0.019965616846457125;0.000583066200488247;5.851894855499268;0.004237555619329214;0.0505859375
13;-9.348185623158027;0.0;0.0;0.0;201.76744733662224;-0.01237438670359552;0.0006060492552933284;5.847028088569641;0.00349317368818447;0.0396484375
14;-18.199005225638174;0.0;0.0;0.0;247.5786778583589;-0.007540236134082079;0.0006542056158650667;5.846433568000793;0.004552091704681516;0.0591796875
15;-9.968146743713858;0.0;0.0;0.0;256.56992470636027;-0.0017405796330422162;0.000794683551066555;5.839363169670105;0.004172370990272611;0.0501953125
16;-13.85291247982223;0.0;0.0;0.0;244.28637570189503;-0.012413074448704719;0.001324117521289736;5.834276342391968;0.006174534885212779;0.0849609375
17;-5.396233179098303;0.0;0.0;0.0;292.7911051970237;-0.01204433459788561;0.0011006991175236181;5.830920648574829;0.005152515263762325;0.069140625
18;-8.41716863510614;0.0;0.0;0.0;247.0731201895596;-0.009259592136368155;0.0020227687782607973;5.826979613304138;0.0061312434845604;0.084765625
19;-16.955323983564206;0.0;0.0;0.0;254.48991706613063;-0.003450109390541911;0.006433510046917945;5.829357218742371;0.0035981754772365093;0.0396484375
20;-21.703357031934058;0.0;0.0;0.0;223.26009276577656;0.0015331737697124482;0.023603162821382286;5.838457727432251;0.0033556053531356156;0.041796875
21;-9.416669962087125;0.0;0.0;0.0;251.40603255316702;-0.011116108670830727;0.04734062198549509;5.846659994125366;0.006703115848358721;0.0908203125
22;-15.935061208905747;0.0;0.0;0.0;248.1372142709861;-0.012974840681999921;0.05087768211960793;5.852902102470398;0.004605441051535308;0.05859375
23;-19.642907911404354;0.0;0.0;0.0;313.2245984025811;-0.019723542127758266;0.041835515294224024;5.855384445190429;0.00878963655559346;0.109765625
24;-18.308457183960996;0.0;0.0;0.0;341.52367876243034;-0.012516908487305045;0.04206188805401325;5.858182501792908;0.005498189281206578;0.0705078125
25;-12.18814529720014;0.0;0.0;0.0;301.323345684488;-0.012709656427614392;0.04112417846918106;5.861561965942383;0.00542403400177136;0.0662109375
26;-9.727279496736402;0.0;0.0;0.0;383.1230694202459;-0.013942732126452029;0.026682952092960475;5.868666791915894;0.005106067936867476;0.067578125
27;-15.561676116997734;0.0;0.0;0.0;659.2464039274696;-0.005518148187547922;0.017251802468672396;5.8778300285339355;0.0068770552752539515;0.094921875
28;-9.208499278215315;0.0;0.0;0.0;688.2657475518489;-0.012637961329892278;0.022844546474516392;5.8901495933532715;0.006213989050593227;0.0888671875
29;-21.01139742607461;0.0;0.0;0.0;778.4798802010457;-0.011114224954508246;0.010839329613372684;5.897424912452697;0.005860169732477516;0.078515625
30;-11.934798095149228;0.0;0.0;0.0;839.4467455674504;-0.012891853274777532;0.01353153451345861;5.900034809112549;0.006946113565936685;0.08515625
31;-27.41298022229727;0.0;0.0;0.0;894.1145994218849;-0.005768182617612183;0.017276178998872637;5.905422854423523;0.0074961140402592715;0.1005859375
32;-14.917920887703453;0.0;0.0;0.0;900.1566737983701;-0.012774682231247425;0.01897477889433503;5.911610198020935;0.006409638025797903;0.081640625
33;-11.936675498742378;0.0;0.0;0.0;970.087466278555;-0.009888863284140825;0.008839965448714793;5.916596722602844;0.00669279983267188;0.091015625
34;-14.98827452286473;0.0;0.0;0.0;1116.5558100995154;-0.021927162911742924;0.008199902600608766;5.916463994979859;0.008510587841738016;0.1244140625
35;-3.640275676931594;0.0;0.0;0.0;1216.5456565307325;-0.017492121388204395;0.006730255950242281;5.91393735408783;0.006902397726662457;0.0958984375
36;-6.94931974539565;0.0;0.0;0.0;1217.2461283118573;-0.01803562813438475;0.006255556410178542;5.91269838809967;0.007421451527625323;0.0958984375
37;-0.5887048260835843;0.0;0.0;0.0;1148.9285051751986;-0.01092126676812768;0.005424194014631211;5.914038515090942;0.006215695093851536;0.073828125
38;-5.105591196218586;0.0;0.0;0.0;941.0476133774577;-0.006650537345558405;0.004280662129167468;5.910014629364014;0.00573644608957693;0.07734375
39;-1.1646073327747684;0.0;0.0;0.0;1146.642297702561;-0.010008344473317266;0.006860706396400929;5.905398225784301;0.008129255042877048;0.121875
40;-5.287505760076798;0.0;0.0;0.0;1040.4222873747783;-0.011623870977200568;0.003327454056125134;5.90338625907898;0.009576919313985854;0.137890625
41;-5.439897803268408;0.0;0.0;0.0;1069.9743928439445;-0.011784436786547304;0.0030829226947389544;5.8982329845428465;0.006817399256397039;0.1015625
42;-5.316247450615764;0.0;0.0;0.0;1005.5662580097053;-0.007852937292773277;0.0036699777119793;5.896487426757813;0.008882294152863323;0.1296875
43;-4.949765644904542;0.0;0.0;0.0;920.9398105614988;-0.004643851704895496;0.0020865374419372527;5.8944872379302975;0.007159264839719981;0.1044921875
44;-4.710069421780521;0.0;0.0;0.0;1024.0344274840713;-0.009434790350496769;0.0015903556835837663;5.89590277671814;0.00782837551087141;0.1072265625
45;-3.778163231741371;0.0;0.0;0.0;948.266835099459;-0.009052651608362794;0.0014696085650939494;5.89720311164856;0.009778245282359422;0.130859375
46;-3.216014597858949;0.0;0.0;0.0;973.9517986604102;-0.015280034299939871;0.0016438713355455548;5.892424845695496;0.009899301955010742;0.1412109375
47;-3.1087843541205222;0.0;0.0;0.0;1219.8446765064282;-0.01633296408690512;0.0017598649545107036;5.887659406661987;0.008240881119854748;0.1181640625
48;-0.8713088637355596;0.0;0.0;0.0;997.5078422762471;-0.007816060399636626;0.002327730302931741;5.883173227310181;0.007643344870302826;0.1041015625
49;-2.478625445409613;0.0;0.0;0.0;1823.9342559146319;-0.005061154812574386;0.001230406793183647;5.881973028182983;0.007630409009288996;0.11015625
50;-2.2344415015437162;0.0;0.0;0.0;1323.5083846809337;-0.012883208179846405;0.002225958713097498;5.884825444221496;0.00886635718634352;0.12734375
51;-1.2933207155686683;0.0;0.0;0.0;1377.6019826955255;-0.005761169083416462;0.0017914652707986534;5.886331915855408;0.008646701264660805;0.1185546875
52;3.841516901026068;1.0;0.08203261730553871;0.1371194001628448;822.6042798263196;-0.0018955288920551538;0.001649911078857258;5.890744042396546;0.006725601514335722;0.0900390625
53;-0.5565709251356271;0.0;0.0;0.0;953.5472846417526;-0.006114025693386793;0.0015371868445072322;5.893152856826783;0.007590237900149077;0.11171875
54;-1.2388638616038872;0.0;0.0;0.0;1150.4953323294503;-0.011119307833723724;0.001472354750148952;5.894645071029663;0.009433212806470692;0.126171875
55;-0.6007059714916728;0.0;0.0;0.0;1009.4290010488361;-0.010340401297435164;0.0010769669141154736;5.895994997024536;0.008567329531069845;0.1322265625
56;-0.5794997026924827;0.0;0.0;0.0;1139.0995945878487;-0.010617710696533323;0.0011852748866658658;5.896975827217102;0.005512553814332933;0.0755859375
57;-2.0981585990483684;0.0;0.0;0.0;949.5141812212868;-0.0022758062463253737;0.0011512392200529575;5.900157785415649;0.0076480303192511204;0.1083984375
58;-1.81813851457446;0.0;0.0;0.0;1421.603332758937;-0.008555664261803032;0.0011157249420648441;5.9056110858917235;0.007177912141196429;0.0990234375
59;4.792362386121682;1.0;0.16624122758484658;0.26078914692175426;488.2678116125322;-0.0019365400541573763;0.0015095333568751813;5.9040241718292235;0.0054079594789072875;0.0673828125
60;-16.424453200501382;0.0;0.0;0.0;860.5439801223012;-0.008758052857592702;0.000911787772201933;5.904046130180359;0.009646687540225685;0.1369140625
61;-15.331153124851836;0.0;0.0;0.0;891.8018875590147;-0.009951332584023476;0.001011893677059561;5.901947116851806;0.006861939502414316;0.0833984375
62;-3.257908658068066;0.0;0.0;0.0;724.1600698891225;-0.005745154805481434;0.0008314946433529257;5.90264093875885;0.007345006230752915;0.1150390625
63;-6.173054859135058;0.0;0.0;0.0;700.6987530351876;-0.004650566820055246;0.0016598423419054598;5.904330730438232;0.009781250765081495;0.134375
64;-14.624017681467334;0.0;0.0;0.0;741.5894733908943;-0.009699797839857638;0.001037967883166857;5.90435037612915;0.011997650400735438;0.161328125
65;-2.787844083222093;0.0;0.0;0.0;979.8309949913873;-0.009508828725665807;0.001103455980774015;5.905281114578247;0.009847558173350989;0.144921875
66;-8.40936975320308;0.0;0.0;0.0;836.5980727110933;-0.009499790659174324;0.0007226006855489686;5.908796811103821;0.00701890952186659;0.1044921875
67;-15.975552258915389;0.0;0.0;0.0;1270.8301700513086;-0.00511396958027035;0.0010081453656312078;5.9140078783035275;0.007541763677727431;0.106640625
68;-1.5365245866146664;0.0;0.0;0.0;1178.2700709538626;-0.006859212787821889;0.0007928262988571077;5.915884804725647;0.010443375655449927;0.153125
69;-5.233808086565325;0.0;0.0;0.0;1060.4749900285901;-0.009562288038432598;0.0009529702627332881;5.914906668663025;0.006778281170409173;0.091015625
70;-6.550334872314735;0.0;0.0;0.0;908.2940115159935;-0.007458157977089286;0.0008493835164699703;5.911682438850403;0.008630304946564138;0.1171875
71;-10.004586470782321;0.0;0.0;0.0;1471.987791913089;-0.013325676880776882;0.0012942426081281155;5.91269326210022;0.010758651478681713;0.1556640625
72;-8.752178781009986;0.0;0.0;0.0;1349.9305518643027;-0.008076876634731889;0.0013368419953621925;5.91384608745575;0.010389826551545411;0.143359375
73;-7.7463595608018005;0.0;0.0;0.0;1428.2984258154127;-0.0043191127479076385;0.001371352287242189;5.919914269447327;0.008711958618368954;0.1224609375
74;-0.8249246096043253;0.0;0.0;0.0;1483.0939744604727;-0.0006085803200091634;0.002117749012541026;5.92348439352853;0.011190664904591228;0.15011160714285715
75;-1.149975548956894;0.0;0.0;0.0;1760.3868641532288;-0.009986155200749636;0.0025874449114780874;5.9245542764663695;0.011600325140170753;0.1642578125
76;-1.070742008595494;0.0;0.0;0.0;1725.6717825044193;-0.00575204617343843;0.003274013369809836;5.927801632881165;0.007174610637594015;0.1052734375
77;-7.997274852408739;0.0;0.0;0.0;2248.0406351056818;-0.01616582288406789;0.0034684737562201916;5.930549788475036;0.01105921579292044;0.148828125
78;-1.498098837780755;0.0;0.0;0.0;1056.91518797202;-0.0025899048428982495;0.054613496130332354;5.930431318283081;0.010250165732577443;0.1412109375
79;-3.812350051766153;0.0;0.0;0.0;1862.1608010996943;-0.013766967644914984;0.0055633663898333905;5.930016541481018;0.010173081594984978;0.1302734375
80;-2.4842554170584985;0.0;0.0;0.0;1783.7482983017464;-0.014270653622224927;0.012297234195284546;5.9340674638748165;0.008259445417206735;0.114453125
81;-3.4332909780514287;0.0;0.0;0.0;1360.7613364192837;-0.01227992788190022;0.009867306123487652;5.938166093826294;0.008322003541979938;0.1173828125
82;-8.138510977222175;0.0;0.0;0.0;2079.9247545918215;-0.0076487713493406774;0.005718751298263669;5.9372031688690186;0.008563199895434082;0.1162109375
83;-3.8970564279100643;0.0;0.0;0.0;2348.4116094664996;-0.013108491338789463;0.011379726510494948;5.935475373268128;0.012700389674864709;0.170703125
84;-2.960604040902509;0.0;0.0;0.0;930.7183800540778;-0.009216566476970911;0.012787058250978589;5.935299611091613;0.007959913974627853;0.1109375
85;-2.997166362687646;0.0;0.0;0.0;1200.4386695671726;-0.01187516050413251;0.010691998247057199;5.934252429008484;0.008121142047457397;0.104296875
86;-1.2727795542246652;0.0;0.0;0.0;947.7246198648122;-0.008054088102653623;0.06842120550572872;5.935249400138855;0.010203933052252978;0.14765625
87;-1.3539057392401923;0.0;0.0;0.0;1299.9001617181302;-0.014262451068498194;0.007106473227031529;5.937442493438721;0.008974056330043823;0.1328125
88;0.07837680870947149;0.0;0.0;0.0;861.0111009448292;-0.007729579648002982;0.008273145346902312;5.941567921638489;0.007620586850680411;0.101171875
89;3.4243400742121897;1.0;0.0774372366349202;0.1200182252041855;739.0070105040218;-0.01138375480659306;0.013184374291449785;5.944767570495605;0.009144459874369204;0.1263671875
90;-2.154731051735188;0.0;0.0;0.0;1443.7501285958833;-0.015284127555787563;0.0138940189499408;5.946319055557251;0.009587412280961872;0.1392578125
91;-0.7624995637778721;0.0;0.0;0.0;801.872959521347;-0.004463035427033901;0.005609360383823514;5.952987718582153;0.0073603861266747115;0.0986328125
92;-2.072195019286781;0.0;0.0;0.0;863.4368237845142;-0.00877188090234995;0.01154554570093751;5.95271532535553;0.008834115415811538;0.1232421875
93;-1.7710655002623876;0.0;0.0;0.0;1173.53130622645;-0.011102182045578956;0.006533796503208578;5.9519014120101925;0.009174525702837855;0.12734375
94;-1.8208032619702195;0.0;0.0;0.0;750.9449257520554;-0.013207205105572939;0.004189475008752197;5.953828358650208;0.006277506507467478;0.08984375
95;-3.3394747608832422;0.0;0.0;0.0;1317.027760721924;-0.014095279388129711;0.004939117713365704;5.9589098453521725;0.010253687691874801;0.153125
96;-3.0181352816830613;0.0;0.0;0.0;1245.1385768481507;-0.00909374374896288;0.00773320123553276;5.962217903137207;0.009114495641551913;0.1185546875
97;-2.9035870553479244;0.0;0.0;0.0;1436.574759063696;-0.01540287765674293;0.0021270545781590044;5.96976375579834;0.007919902633875608;0.1173828125
98;-1.9196612020452715;0.0;0.0;0.0;1280.617803665928;-0.010430956445634364;0.0024731448793318123;5.976131939888001;0.00981211110483855;0.15
99;-1.0184412199838022;0.0;0.0;0.0;1223.335118362446;-0.007121027400717139;0.0017049637215677648;5.977280449867249;0.00817675500875339;0.1185546875
100;2.822400231249507;1.0;0.11586774558031677;0.18122393707093495;546.5637308631783;-1.7306813970208167e-05;0.001734165835659951;5.984367322921753;0.006948848941829055;0.0927734375
101;0.2592127446053043;1.0;0.07653318218355433;0.12176020947603056;747.307947975604;-0.010927791707217693;0.0011280143895419314;5.990763998031616;0.0064689928782172505;0.0875
102;-2.0993208678033866;0.0;0.0;0.0;953.9675694468992;-0.010185964917764068;0.0014431426243390888;5.99004032611847;0.006517107563558966;0.091015625
103;-0.6363117993867915;0.0;0.0;0.0;1458.939551772944;-0.004442664748057723;0.0013922759564593435;5.982210254669189;0.005779575847554952;0.0857421875
104;4.054900828411009;1.0;0.13853890165703342;0.21745131448027216;393.36237595943516;-0.009907904057763517;0.001223828733782284;5.971120452880859;0.00977230480639264;0.146875
105;3.725779541370413;1.0;0.10467536122666524;0.16813683798094015;521.093671219004;-0.008983086887747049;0.0012087450159015134;5.970082402229309;0.007435974490363151;0.09609375
106;-0.5578094234996728;0.0;0.0;0.0;1277.2167714679745;-0.0017920123296789824;0.0011558752652490512;5.970986652374267;0.0067531434353441;0.0908203125
107;-5.207111533964158;0.0;0.0;0.0;1303.3397158156301;-0.011960309883579611;0.0010737098258687184;5.975047922134399;0.009183346398640425;0.130859375
108;-0.5670944826847187;0.0;0.0;0.0;1618.0081702497075;-0.012269749026745557;0.0009193995996611193;5.977586698532105;0.010928773577325046;0.15546875
109;-0.7620975831283024;0.0;0.0;0.0;826.0235616744594;-0.007577961450442672;0.0010407857305835932;5.979245615005493;0.008238537725992501;0.110546875
110;1.2332512430843399;1.0;0.0673164251411288;0.1121088588930219;792.985376893024;-0.010380222974345089;0.0008941689768107608;5.982597923278808;0.008823166158981622;0.1291015625
111;0.36129788973120375;0.0;0.0;0.0;1525.4920746722905;-0.009121623076498508;0.0008541498536942527;5.979471731185913;0.008326100511476397;0.1232421875
112;-0.0058119828194836895;0.0;0.0;0.0;1890.9416997351361;-0.0005613251589238644;0.0013182337628677488;5.979863929748535;0.00989621675107628;0.130078125
113;0.7123861159149875;0.0;0.0;0.0;1464.324148035403;-0.000995236961171031;0.0016207522014155984;5.9853102684021;0.008163386897649616;0.111328125
114;-0.9097845184341885;0.0;0.0;0.0;1551.9295952614584;-0.008723298250697554;0.0012955455982591956;5.98943555355072;0.007838029426056891;0.1080078125
115;-1.1993653810448934;0.0;0.0;0.0;1075.2427790013996;-0.009282757714390754;0.0011106556106824429;5.993058824539185;0.009246799699030816;0.1322265625
116;0.8702235420764572;0.0;0.0;0.0;1124.2660915423291;-0.0038351021939888597;0.0007886293547926471;5.994401907920837;0.007353523839265108;0.108203125
117;0.3903630730990104;0.0;0.0;0.0;1481.6981353257768;-0.017629763716831802;0.000918206773349084;5.995136547088623;0.011117184907197953;0.15078125
118;3.5691238747114578;1.0;0.10139497914201012;0.17161699984939485;515.4123504875857;-0.009978774935007095;0.003108242590678856;5.999039101600647;0.01107345762429759;0.158203125
119;2.2991644786118624;1.0;0.10402511490654492;0.17275434345554827;1031.508485047913;-0.002777904598042369;0.001523315504891798;6.008823251724243;0.009642141417134553;0.1408203125
120;-9.848856081118527;0.0;0.0;0.0;1412.7166400583221;-0.007473185751587152;0.0007947135658469051;6.015722012519836;0.009020457265432925;0.1291015625
121;-0.535896054254021;0.0;0.0;0.0;1545.5903809173305;-0.0176205700263381;0.0012805535981897265;6.019523239135742;0.013212848315015435;0.1748046875
122;3.7856527817919092;1.0;0.09903483014263098;0.16573353014203246;534.3167199855658;-0.001043141819536686;0.0008472084708046168;6.01872136592865;0.0063669246505014595;0.0888671875
123;0.8472213608986066;0.0;0.0;0.0;909.667109088079;-0.006764497468248009;0.0009076210437342525;6.022639369964599;0.011496560147497803;0.1771484375
124;4.843804217356056;1.0;0.14985152944346214;0.24275448457136933;410.9499654829352;-0.01731558577157557;0.0009910446387948468;6.024112629890442;0.011078802647534757;0.167578125
125;3.0949823827787477;1.0;0.09954882360441958;0.1621932373853649;561.5467238624717;-0.01294513961765915;0.0007386623125057668;6.023656821250915;0.014775879168882965;0.1986328125
126;2.701841070108124;1.0;0.14256693757819486;0.22462635482669996;411.5746625225435;-0.018904888443648814;0.0010860472451895476;6.02510142326355;0.01235011083772406;0.171484375
127;2.8333475850558805;1.0;0.14704256420949596;0.23734286324984735;745.9815933235983;-0.003061864525079727;0.0012140012753661723;6.021928524971008;0.010649555549025535;0.1525390625
128;5.694242314288582;1.0;0.1922927479331671;0.30056015575996453;315.10271968781075;-0.01418279642239213;0.0011353895271895454;6.020475125312805;0.009849714813753963;0.1400390625
129;3.068849904852315;1.0;0.09584697274455736;0.153810206666681;555.1790302047425;-0.005504110641777515;0.0011777421343140305;6.0257883310318;0.010214783705305309;0.153125
130;1.743154852225579;1.0;0.11326511921266309;0.17417789188506458;468.45448862635345;-0.00726318652741611;0.0011574810545425863;6.0298844337463375;0.008031772146932781;0.1099609375
131;3.2757931649050382;1.0;0.13576307637223534;0.21517959091032116;373.39865658418285;-0.011817449191585182;0.0012468060536775737;6.033540105819702;0.00850646939361468;0.1314453125
132;3.736912400582886;1.0;0.09237853965275514;0.15041172239316444;534.1864484840395;-0.01122193100163713;0.0018865417747292667;6.036111998558044;0.009811912756413221;0.14453125
133;3.7865808735294895;1.0;0.15367977186101336;0.23167713463799652;380.00007879270794;-0.0031096803722903132;0.06643384683411568;6.040317511558532;0.00796875306405127;0.1154296875
134;0.0689843028045316;1.0;0.14966409709092876;0.22018730787692442;399.6681621388159;-0.00825177514925599;0.0018578360439278185;6.045620369911194;0.008518372813705355;0.12890625
135;2.9681517336799743;1.0;0.11646915849914774;0.18439428540109182;1073.9536649075383;-0.010484424699097872;0.0017061804130207748;6.042764210700989;0.010896774148568511;0.140234375
136;-0.04253266054771938;0.0;0.0;0.0;1583.9882173065694;-0.008959621656686068;0.0018590670661069453;6.039567565917968;0.00796371438773349;0.1078125
137;1.2702162677366093;1.0;0.10305460697749769;0.16386289797055312;1806.6943573342128;-0.010605466831475497;0.001829310186440125;6.04236912727356;0.0069898086716420945;0.09921875
138;2.164464814061411;1.0;0.115602792837965;0.18331487831680826;628.8887238604336;-0.018319405120564625;0.0018815989140421152;6.046722149848938;0.00853017152985558;0.12109375
139;-1.732270476740895;0.0;0.0;0.0;839.6030178712341;-0.012183332815766335;0.0027175883820746093;6.047457695007324;0.011141631018836052;0.1609375
140;2.4608486947611374;1.0;0.1346606280091052;0.2123128336798526;388.88016859819186;-0.008770624408498406;0.002370796026661992;6.044612884521484;0.010441592265851795;0.14609375
141;-1.4312045772442021;0.0;0.0;0.0;1535.9661839213263;-0.0065540177281945946;0.0021832862286828457;6.039428496360779;0.00846925888909027;0.1236328125
142;-2.7644890825856407;1.0;0.10352350947674313;0.1632154759771294;1639.1886428631622;-0.007091222982853651;0.0015155657776631415;6.0340488910675045;0.00888452110812068;0.13125
143;1.0823268069967402;1.0;0.08318973841310108;0.13680893413054576;896.7490017880141;-0.014410672034136951;0.0017071773472707719;6.035271430015564;0.01053206630749628;0.1416015625
144;0.449084088227949;1.0;0.11441479139411104;0.18110136640809096;1475.774093630655;-0.016288376320153473;0.001366416161181405;6.045386266708374;0.013455716252792627;0.1900390625
145;3.039100647159734;1.0;0.11139941873662547;0.18125092465901954;469.47880447709053;-0.009119277540594339;0.0018335349566768854;6.054772901535034;0.007211499463301152;0.1015625
146;0.8544397768484042;0.0;0.0;0.0;1124.137691086665;-0.0037546634208410977;0.06097431118832901;6.061697101593017;0.010072651167865843;0.136328125
147;4.597651542690237;1.0;0.19955285200830125;0.31612875398108675;410.1187611134977;-0.014039047248661517;0.0025073432887438686;6.064774680137634;0.009042812685947865;0.1287109375
148;1.6226177408084292;1.0;0.1465982391096965;0.23396458532948056;571.480661637505;-0.008859725389629602;0.059408544655889274;6.06231849193573;0.011496837774757296;0.1642578125
149;0.802444033128688;0.0;0.0;0.0;1533.7790533115215;-0.01183543335646391;0.0016135176934767514;6.058694124221802;0.007297753146849573;0.1029296875
150;-2.1399485073732234;0.0;0.0;0.0;1628.6422459345913;-0.01609738087281585;0.001627695723436773;6.049842405319214;0.008844183629844338;0.133984375
151;0.4549695964034073;1.0;0.11086413886832118;0.17705060543632625;898.7787258294131;-0.010627695533912629;0.06622986786533147;6.0448673367500305;0.012426374334609136;0.169189453125
152;1.5948617194145962;1.0;0.10402174246319122;0.17058707058396433;1952.671067199639;-0.0077695295746837345;0.057866371901971955;6.045013836451939;0.011267945536279253;0.14983258928571427
153;3.7229165119270964;1.0;0.1406685346183353;0.22490854724105058;451.0455422762136;-0.006175213120877742;0.0021800017275381833;6.042842531204224;0.005872327438555658;0.077734375
154;-1.795085861089341;0.0;0.0;0.0;1126.2286199183204;-0.006147206062451005;0.002462795400060713;6.043888068199157;0.0077920985757373275;0.1193359375
155;3.7195643548057378;1.0;0.11881960050035097;0.1901493610325403;417.0905269604872;-0.014659273577854038;0.0019073389295954258;6.047789096832275;0.009554994211066514;0.1376953125
156;3.5649842190232874;1.0;0.12434235690411978;0.2019966334023964;1429.2452786423587;-0.003045491315424442;0.0012503405043389649;6.0494890213012695;0.00942155666416511;0.1400390625
157;3.9008025286601957;1.0;0.12166525338632415;0.19829201963227894;465.64158891511954;-0.0019715093076229095;0.0010507885366678239;6.049418592453003;0.007365322904661298;0.1083984375
158;4.059735918652596;1.0;0.13127380462588403;0.21591143956074071;438.533685739328;-0.009208499081432819;0.0008356454462045803;6.0455477952957155;0.006966825178824365;0.0962890625
159;-4.2969098247779485;1.0;0.12771756825500333;0.19984143040529156;1109.2187187665852;-0.0016738568898290395;0.0012761796650011092;6.045616292953492;0.008779565198346972;0.11796875
160;2.4409461062853333;1.0;0.0974966090170701;0.1587047999529554;1522.9019922281548;-0.014190594013780356;0.0010052679863292724;6.048546957969665;0.008762292820028961;0.1255859375
161;5.13708340207433;1.0;0.17655999929619207;0.28193632708295363;370.231962160555;-0.009805199364200235;0.002982953004539013;6.051170778274536;0.009100691636558623;0.131640625
162;1.9592011664140547;1.0;0.09803989717019662;0.15736083799740005;1488.4696705570313;-0.006299976352602243;0.0035401279805228115;6.052962708473205;0.007232279563322663;0.102734375
163;-1.1609908584605653;1.0;0.10194754072700403;0.16261626203264162;1274.008163125106;-0.015469535067677499;0.0022930347186047584;6.058875274658203;0.007910249731503427;0.113671875
164;2.76035221432947;1.0;0.13747288077133918;0.22619255057976514;387.3651371448314;-0.009203108213841914;0.02694671907229349;6.059890770912171;0.00954334477428347;0.13125
165;0.7795079969098997;1.0;0.10221943797618685;0.16797883421985793;1653.3196325429947;-0.009646400390192867;0.0010045177070423961;6.067731714248657;0.008678975608199834;0.1177734375
166;4.651754418047379;1.0;0.12844891964849084;0.20784867862457085;1281.1507993823072;-0.009193133236840368;0.0011507400893606245;6.071924686431885;0.008323529025074095;0.1228515625
167;1.185784903017432;1.0;0.10257433925148614;0.16703747099148772;524.6990091817254;-0.006846576370298863;0.001304285548394546;6.076020216941833;0.008278973412234335;0.11875
168;2.45433214904125;1.0;0.08840613840224329;0.14731226365790454;570.7460787859125;-0.013112445827573538;0.0025367058522533627;6.082332611083984;0.0095231507322751;0.1318359375
169;3.3962158782522542;1.0;0.1338677289027197;0.21751049818356716;541.4190125060924;-0.00801119040697813;0.003017775190528482;6.08640353679657;0.008878823113627731;0.1294921875
170;1.0180588769588015;1.0;0.12082774795869607;0.19195264467620204;533.3981048581859;-0.008091566571965813;0.002128068538149819;6.097666215896607;0.009424248104915023;0.1328125
171;2.3737202088199694;1.0;0.08259551052027325;0.1377993927793785;650.0233198112961;-0.00788747421465814;0.05888577434234321;6.101252150535584;0.009155422518961131;0.129296875
172;2.8785301635427554;1.0;0.09973972475527547;0.1607039704356132;1240.8886967382969;0.000540522311348468;0.00255670421756804;6.101709246635437;0.008176390756852924;0.1185546875
173;-1.2874574528312004;1.0;0.118457878509414;0.1891619240971608;584.8811638178944;-0.016448779590427877;0.060063944477587936;6.097902798652649;0.010181051900144667;0.1541015625
174;0.47095588851489073;0.0;0.0;0.0;1245.38157976032;-0.008007929380983114;0.05085579380393028;6.094294953346252;0.012711457256227732;0.172265625
175;-3.265918620177643;0.0;0.0;0.0;1167.6135519871143;-0.00495370952412486;0.0036790046957321464;6.090796589851379;0.007772373710758984;0.11875
176;3.2068875454077577;1.0;0.10003334922661408;0.15568620777812736;1070.6359300429983;-0.012033874075859785;0.11600727997720242;6.084428358078003;0.009717464505229145;0.13046875
177;0.3979296602550284;1.0;0.10841782531636593;0.16984405847371803;1379.243046809326;-0.008823910309001804;0.002764377510175109;6.083537817001343;0.009217606077436357;0.133203125
178;1.3273570417316565;1.0;0.12840572658553953;0.1862074812091377;405.48006242353915;-0.003418432059697807;0.09143558153882622;6.085004472732544;0.010413977468851953;0.1326171875
179;3.1684428257118893;1.0;0.08971485472670734;0.13952789581281974;579.7877367980312;-0.0014961619628593326;0.05749976150691509;6.0836081266403195;0.009836106153670698;0.136328125
180;-5.149253117381626;1.0;0.1167821790782378;0.17851850597140348;608.1202478408642;-0.008673173189163209;0.0033092803903855385;6.083388543128967;0.011553334002383054;0.1650390625
181;2.706791872153439;1.0;0.1172411848891326;0.18225848780411888;1214.9788916624866;-0.005878668185323477;0.0023474096145946533;6.081488394737244;0.007898259162902831;0.112109375
182;4.660407161100721;1.0;0.20442299701978395;0.2862229297154816;402.4160268974325;-0.008196297660470009;0.0031908922363072635;6.086333084106445;0.007368095847778022;0.1048828125
183;2.4459424989417524;1.0;0.13481654357736306;0.20179589510153856;998.9381693144106;-0.009282836131751538;0.04247734445380047;6.0925368309021;0.011106907553039492;0.156640625
184;2.8404331956196147;1.0;0.0970030463995401;0.15314355302020413;1209.1116597887692;-0.01171147869899869;0.09636705117300153;6.098667812347412;0.011427301983349025;0.1693359375
185;3.6258766151459367;1.0;0.11338760597537088;0.1748295889832899;580.2503513292789;-0.003520624665543437;0.08876188797876239;6.0953186511993405;0.01264447612920776;0.1720703125
186;3.192355862703084;1.0;0.1531961386978254;0.2272854107579222;794.9504636458055;-0.005144606099316948;0.09779093473365433;6.092611814800062;0.01450579364686028;0.20230263157894737
187;-3.6201879818614713;1.0;0.10192654899923669;0.15268200221253608;598.9795109895706;-0.010691774869337678;0.0020198188547510655;6.087573885917664;0.008620747015811503;0.126171875
188;-0.5415716902852492;1.0;0.1442778380316911;0.19905619595040025;1291.5459016704983;-0.00579088986851275;0.001780078641604632;6.083465051651001;0.007931012846529483;0.1064453125
189;0.25632174540018404;1.0;0.12037861397828058;0.1809115968870705;497.0327489560911;-0.01200232757255435;0.0014574077154975384;6.077473044395447;0.007155093981418758;0.1015625
190;4.556804290119327;1.0;0.11410986609412951;0.17821961953871684;1001.5180422475245;-0.014773022430017591;0.00132492117700167;6.073722529411316;0.009309913869947195;0.133984375
191;3.3741755756569627;1.0;0.12482692553832224;0.18967835323265117;1060.8535453149998;-0.0029571160208433866;0.0035560235730372368;6.072563719749451;0.009898170712403953;0.1484375
192;3.106552988979902;1.0;0.10129342066551558;0.1528169538908944;1079.711468836054;-0.00015676862094551324;0.05520668220706284;6.076654601097107;0.009334995108656586;0.12421875
193;0.62210005633237;1.0;0.15245259084288917;0.21354879537183272;1195.7668479545719;-0.010984690743498504;0.003108101920224726;6.076472973823547;0.009752979548648;0.14609375
194;3.911043790643118;1.0;0.16507668360546676;0.2511317488122755;464.6616875668371;-0.013118067942559718;0.059026561351493;6.071913647651672;0.011712210380937903;0.168359375
195;4.214198937047114;1.0;0.1647578387819669;0.23807929997422922;509.7195628355845;-0.01698877338785678;0.0052378469030372795;6.068922972679138;0.009304797882214189;0.14609375
196;0.6480130900918017;1.0;0.10871958130270735;0.16562102862376807;1487.803651714308;-0.010675180424004792;0.05777555927634239;6.0733681440353395;0.01563095992896706;0.213671875
197;5.053343860721659;1.0;0.12714528894420196;0.19746910684532462;514.7255195424763;-0.009483285620808602;0.005135933274868876;6.081001043319702;0.008583082957193256;0.113671875
198;2.921676603158651;1.0;0.1208584889828417;0.1921736904056094;637.400098114428;-0.006557538034394383;0.0037494049756787717;6.088071274757385;0.011007995274849237;0.157421875
199;5.607624211282782;1.0;0.1895554197123912;0.2733658379825539;536.912625761448;-0.017382217291742563;0.11161765716969967;6.090982675552368;0.01387860180111602;0.1896484375
200;-6.391160214631142;1.0;0.11452533482852427;0.1715943124788463;1698.2046592077206;0.0011656252201646567;0.08062037881463766;6.0864824771881105;0.008080059243366123;0.1029296875
201;2.8516891040255414;1.0;0.14883988410984778;0.22347497469630853;750.0134181948164;-0.010433695744723082;0.003210326365660876;6.0801671028137205;0.01055439148331061;0.1462890625
202;1.2789436457601182;1.0;0.1517397276855456;0.2273859537889287;730.9716465864115;-0.012537126010283828;0.0025915185222402217;6.085948514938354;0.00894968124339357;0.1255859375
203;3.332027224236271;1.0;0.10126932303657508;0.16038501587861498;665.7419453786221;-0.006378377508372069;0.0029811868793331088;6.091060709953308;0.009419310803059489;0.1361328125
204;5.961834787804022;1.0;0.17558408884061025;0.25793489253361407;350.9028881949082;-0.017340669480080787;0.06422230286093858;6.092703635875996;0.010712043489687718;0.13251201923076922
205;-0.24758857710769044;1.0;0.14158941203570644;0.2131989182084815;816.0843553387074;-0.002195896056946367;0.06252532945945859;6.093483710289002;0.012246372445952147;0.15546875
206;2.314492941820631;1.0;0.13943215103026216;0.20524322010756044;829.7552737838557;-0.01629340467043221;0.002521521638846025;6.0931518316268924;0.011301848967559636;0.1697265625
207;2.757704403711034;1.0;0.19649688687097788;0.26397356734136745;566.0158439151077;-0.01105923722498119;0.002326888416428119;6.089736890792847;0.008028397709131241;0.1181640625
208;5.839509491968202;1.0;0.14882184051638278;0.21715570855047897;373.2080748845275;-0.005365752265788615;0.0028032050118781625;6.0869838953018185;0.006498391949571669;0.094140625
209;3.9844462607648454;1.0;0.14689482528411682;0.21552203144245724;508.75323914732235;-0.006302761891856789;0.004484079440589994;6.075216913223267;0.00913702396210283;0.12734375
210;0.9810504236088802;1.0;0.13627528614919796;0.20028778832013647;1048.4852185318305;-0.00939568157773465;0.056598802516236904;6.071056818962097;0.010245601122733206;0.13046875
211;4.206056731441697;1.0;0.12939210531350878;0.1951174427644643;496.38433869373216;-0.004871120117604733;0.0036111415713094173;6.075641393661499;0.010917167516890914;0.1587890625
212;3.545275867495115;1.0;0.12112921105207189;0.17800982250353523;572.1424748684939;-0.026675452501513063;0.0021640873339492826;6.08524980545044;0.011225419421680271;0.1591796875
213;5.218790389640841;1.0;0.18977306602589913;0.2588383142666201;516.770306940464;-0.016759649920277297;0.04805894633755088;6.088986253738403;0.013110332807991653;0.1861328125
214;-9.09913227603556;1.0;0.10731389692489376;0.15423901870758425;827.8590927607221;-0.018031028704717754;0.04376271772198379;6.088315343856811;0.012925851717591285;0.18046875
215;3.557125083805009;1.0;0.14074627176413287;0.20233556973533323;483.9276390478744;-0.00283020818606019;0.003487683029379696;6.086119246482849;0.006513411120977253;0.087890625
216;2.0043273257253835;1.0;0.13159055338028647;0.18996456169239082;662.2568074016143;-0.02430658685043454;0.0031881160102784634;6.081008052825927;0.011722221213858575;0.16875
217;5.419219331104588;1.0;0.15609859179346977;0.23290065871877427;405.7828505838238;-0.01399993078990115;0.08212696295231581;6.081379757987128;0.012449990880365172;0.1701388888888889
218;5.36692939438302;1.0;0.16851786387492335;0.24368551146183107;288.0471039835661;-0.01161669809371233;0.014116532390471549;6.085612392425537;0.009245615266263486;0.1208984375
219;5.133151314584921;1.0;0.19055131900764286;0.2692116378137057;332.4639962742511;-0.011516737891361118;0.004582340246997774;6.091482090950012;0.011861168581526726;0.1642578125
220;5.481449868260199;1.0;0.20618321072255633;0.24588854275651426;300.65988227237557;-0.007805521972477436;0.006181137333624065;6.091084694862365;0.009792651026509702;0.14375
221;4.5154872468381;1.0;0.2128899716522662;0.2869152553675301;455.2615520075651;-0.007344606006518007;0.05479976879432798;6.091090178489685;0.008513073995709419;0.1201171875
222;4.587368421340339;1.0;0.1673548874059338;0.2447376908994699;365.1866422463049;-0.0166110894177109;0.1995068073272705;6.09160680770874;0.010348493314813823;0.1421875
223;4.806952752609091;1.0;0.13718365560359264;0.20617312673535612;424.7561816969879;-0.009849209967069329;0.15298650413751602;6.092552447319031;0.009409889520611614;0.1388671875
224;4.9036400234756075;1.0;0.15930055305504026;0.22907302170869903;392.42710244078916;-0.005626105889678002;0.003641605866141617;6.087748885154724;0.0098183935158886;0.125390625
225;5.60703179696341;1.0;0.22055312557221882;0.2930003153313045;416.67002394112626;-0.005631288047879934;0.04394627939909697;6.087139773368835;0.008027947880327702;0.1115234375
226;5.279725724926362;1.0;0.19674904962451178;0.2650084994431981;566.4405137574581;-0.015864654909819365;0.0025420838326681407;6.08676278591156;0.008449987752828746;0.118359375
227;5.0782780966674;1.0;0.20431584462331162;0.27418129984786627;326.90366907110354;-0.014268483710475266;0.0036413025693036614;6.093112134933472;0.011087395367212594;0.16015625
228;4.503343744577828;1.0;0.14382920276738745;0.2071676304061009;411.3160714663865;-0.018106583505868912;0.005312203394714743;6.0954817771911625;0.00901211661985144;0.129296875
229;-3.0166595572587935;1.0;0.1399618985775526;0.19369915303334434;477.76544543415037;0.0024789706105366347;0.007563893543556332;6.0897366285324095;0.0072913772542960945;0.1041015625
230;3.8262386268065756;1.0;0.13323029264942923;0.18686801050350055;479.7721584636751;-0.0032631832640618087;0.050570760015398265;6.082277321815491;0.008843941707164049;0.130078125
231;5.4831648674695;1.0;0.23251252669061245;0.3006426767579763;446.3308286639005;-0.012805747892707586;0.10972862727940083;6.080433344841003;0.011123297002632171;0.1498046875
232;4.193188967927061;1.0;0.21421609907866979;0.2817947856195521;915.3611522995242;-0.008854965982027351;0.09424096941947938;6.081535744667053;0.009776956110727042;0.1357421875
233;5.349554782967067;1.0;0.1498355614033661;0.21676717471400583;358.55733645052374;-0.0023069309536367655;0.042026543570682404;6.0792083740234375;0.009304881445132196;0.123828125
234;5.571590189372163;1.0;0.17137045433580403;0.2500337508195425;348.37547537146423;0.0021492182742804287;0.010685186553746461;6.076645398139954;0.007414737634826451;0.10625
235;4.79696861237843;1.0;0.1928664506827351;0.2721244347286577;266.4734347040171;-0.008256902545690536;0.04014950590208173;6.076410007476807;0.014528077910654247;0.2021484375
236;3.7365748038052065;1.0;0.16765053883242986;0.24511810660475142;347.67757082043335;-0.01038426929153502;0.00559469205327332;6.076066398620606;0.01196252608206123;0.1638671875
237;5.983526695434585;1.0;0.2514952888016568;0.33118089136934;279.4552165194993;-0.011531974142417311;0.006795645831152797;6.074724221229554;0.00816163346171379;0.11953125
238;5.642151897461099;1.0;0.20304533873170344;0.2830124627625022;434.6326512803763;-0.007371808122843504;0.005185961211100221;6.076189851760864;0.012796508357860148;0.1671875
239;5.465671091737351;1.0;0.18960719076858876;0.26767805978817866;452.0079462862768;-0.011172823770903052;0.0505393055267632;6.080240416526794;0.009384400548879058;0.1365234375
240;3.7831686047389987;1.0;0.19704628249323275;0.26839248635384677;387.1103278315334;-0.00944279320538044;0.14327215403318405;6.079091858863831;0.01012821327894926;0.13515625
241;5.835324182469433;1.0;0.16150413594480198;0.23994165305032716;301.4330893743049;-0.005835486273281276;0.013763673650100828;6.074539685249329;0.008375879004597664;0.1193359375
242;5.455195254994963;1.0;0.15145674558168404;0.23014479687885211;369.5989994792508;-0.016318489285185932;0.0037518990342505277;6.079579472541809;0.007839335466269404;0.104296875
243;3.460540879941319;1.0;0.16444813795804059;0.2411415024341929;620.9808508513885;-0.01212474233470857;0.04099744255654514;6.083902502059937;0.008684277802240103;0.112109375
244;5.882350964460424;1.0;0.20666662112814205;0.2760158401445757;249.9967090993652;-0.00933262798935175;0.002635311835911125;6.0840123176574705;0.01115086452336982;0.1640625
245;4.551526777284494;1.0;0.22353224924804693;0.3024972392125081;474.4285958199606;0.0020934733022984708;0.05462046918508254;6.086604544990941;0.012254028666862532;0.16015625
246;5.850028144420815;1.0;0.27098736277262697;0.3362644400405444;290.2672838552687;-0.010357046709395945;0.004146233713254332;6.095589828491211;0.009093612374272197;0.121875
247;5.570891177458466;1.0;0.2266153918802353;0.30799118476164045;345.8924451303842;-0.013818856747820973;0.001969069306505844;6.104203557968139;0.008199152536690235;0.1208984375
248;5.377700038875315;1.0;0.26047184617681696;0.3476769538676787;370.79398448961996;-0.0025168836116790773;0.057219600211828946;6.107072067260742;0.010068088525440545;0.133984375
249;2.0507705020578375;1.0;0.18347903340788702;0.25344774124266295;305.6124415108103;-0.013937455136328936;0.04646648215129971;6.107212018966675;0.014501703158020973;0.203125
250;3.6503228903403744;1.0;0.1993316467599959;0.27403691251886025;490.856438919149;-0.006466876482591033;0.0032474635983817278;6.102169394493103;0.008946931501850486;0.1263671875
251;5.735281766438027;1.0;0.21334211851600798;0.2676470105675258;255.1797060996792;-0.005645857914350927;0.005175045970827341;6.100682330131531;0.006419350940268487;0.0880859375
252;3.854667181663812;1.0;0.2036600986541597;0.28795884786614084;252.51694503613126;-0.004418654611799866;0.05444153128191829;6.107114219665528;0.01025079721584916;0.1296875
253;3.1542855263622993;1.0;0.12776730846802956;0.18107614221177978;453.34982615037205;-0.020348613429814578;0.0026862257975153623;6.1156349897384645;0.009956110431812704;0.1478515625
254;3.0328647915747826;1.0;0.11960150250253011;0.169654801563768;506.45211348986294;-0.009983411058783531;0.09900793954730033;6.120390677452088;0.011272276705130934;0.15390625
255;3.047647453020412;1.0;0.15470931667546034;0.2217888828696798;586.3282499354899;-0.003505132393911481;0.04926543785259128;6.120380163192749;0.016284110443666577;0.213671875
256;3.5860484762792812;1.0;0.13290989964717942;0.195299075602235;579.7930384080987;-0.012734739854931832;0.13777249455451965;6.123116183280945;0.00916599965421483;0.1330078125
257;3.2954665459368666;1.0;0.14939024719181843;0.20722166968628813;509.1854334604613;-0.0036343846470117567;0.12769196182489395;6.1244953870773315;0.008271615114063024;0.1109375
258;2.6987874747621223;1.0;0.14138818901249714;0.20817277290748382;728.0053560718897;-0.006776123982854187;0.003714337816927582;6.128195452690124;0.007401302340440452;0.10546875
259;2.9511524957835737;1.0;0.16476504707286055;0.2296342543409524;533.9426705496787;-0.012298041442409157;0.0024267973785754293;6.132569479942322;0.008617583592422307;0.1224609375
260;3.659202030989771;1.0;0.09428736379683617;0.1428995957207832;579.0091160926555;-0.0116778917144984;0.003378202032763511;6.1373309850692745;0.010231593321077526;0.154296875
261;2.9327016674877586;1.0;0.11930133701666888;0.16911738682594496;534.2046696852469;-0.005464485567063093;0.0037090950761921706;6.142963790893555;0.009071478410623968;0.137890625
262;3.3801688283148232;1.0;0.20879634917991488;0.25606107941392336;439.0803095273293;-0.0027966850670054556;0.02996446066536009;6.153084659576416;0.010434635542333126;0.13984375
263;5.624257631738741;1.0;0.19687875671527214;0.26882162129806303;404.7584552216911;-0.011781764589250088;0.004054284782614559;6.158679080009461;0.007858628034591674;0.1125
264;1.51064577895113;1.0;0.12131025330231769;0.17273418959499923;471.3255856318202;-0.00853286823257804;0.04014619197696447;6.162106657028199;0.012096204713452607;0.1466796875
265;5.641277069411389;1.0;0.2519454824039575;0.28892913908756335;347.2716504526739;-0.01654691155999899;0.08981544598937034;6.167475732167562;0.013060982463260491;0.16875
266;6.066330267544524;1.0;0.23924000255916172;0.28132860207945903;252.42381840721478;-0.009052118938416242;0.004413842456415296;6.168287944793701;0.00855237633222714;0.11640625
267;3.003630106466919;1.0;0.15836246920058808;0.2037925021883161;506.97004579237966;-0.0031319365526239077;0.1356249362230301;6.1748588879903155;0.010116174615298708;0.1265625
268;2.3074010016952666;1.0;0.13883639607038312;0.1936615788399321;572.9038170978743;-0.001387392310425639;0.04230306693352759;6.177957081794739;0.008813609799835831;0.122265625
269;1.5268514404266167;1.0;0.12043337775774263;0.1699049581161603;668.7614045710937;-0.011832465045154094;0.004894278827123344;6.1828528881073;0.01074254954000935;0.1529296875
270;5.800219989333118;1.0;0.2971975974238527;0.3507287352067472;158.80940285375488;-0.01244036080315709;0.005752022727392614;6.18555097579956;0.00932367043569684;0.1240234375
271;5.288949271330462;1.0;0.2333607531234057;0.2605428015667565;355.7375704888443;-0.012344604171812535;0.04769428065046668;6.1839516162872314;0.0097817522007972;0.11171875
272;3.4992864860071533;1.0;0.1558700924298182;0.19999656430112916;421.4184001283174;-0.013903652410954237;0.05741745149716735;6.183698344230652;0.01237203348428011;0.1625
273;4.113826569599247;1.0;0.2709187154427089;0.31541885621682886;205.70362826236345;-0.013913084845989942;0.06581676797941327;6.181109380722046;0.010181293659843504;0.1451171875
274;1.672275985658414;1.0;0.1443479687973022;0.1848606398925672;581.5712493957145;-0.006228634831495583;0.07856221608817578;6.1813150405883786;0.006810724979732186;0.0916015625
275;3.324868721654716;1.0;0.12418806822342725;0.17480904897215535;457.087378099068;-0.011247673211619258;0.06860691467300058;6.182082748413086;0.005991508823353797;0.0759765625
276;2.495389513518827;1.0;0.241308272356502;0.23398268568585;486.1282019746092;-0.016885825991630556;0.04991102395579219;6.1834643363952635;0.014298749575391411;0.198046875
277;1.941299825730284;1.0;0.32506876850342453;0.31764601861495645;267.5348203833124;-0.005243899370543659;0.005045622622128576;6.186624193191529;0.008997014153283089;0.1203125
278;5.715285964700367;1.0;0.2854285827473773;0.30632310267737256;198.8267297692432;-0.006762512912973762;0.04375159924384207;6.187562155723572;0.010424517269711941;0.15234375
279;5.507558050585059;1.0;0.32238220344548113;0.34946573558050825;191.42465494471577;-0.018658407870680092;0.13602819945663214;6.1882929563522335;0.01081593157723546;0.1509765625
280;2.8307125425816153;1.0;0.1339439484487891;0.1741013951064076;488.5741359787904;-0.007939602085389196;0.12769730892032385;6.187741947174072;0.00841711238026619;0.12734375
281;-0.8031294352001197;1.0;0.20421964113320198;0.229913629812603;514.4522590964028;-0.005644714692607522;0.08792411526665092;6.1901164770126345;0.00881567361066118;0.119921875
282;3.598336616085036;1.0;0.24893344438272913;0.27661561952688096;257.2548921628846;-0.010868603573180735;0.011041636019945145;6.192159366607666;0.012521620490588248;0.1548828125
283;2.6275621303846455;1.0;0.3036875111407002;0.3207542729062179;325.663052056531;-0.006677995622158051;0.0035284124431200327;6.19260950088501;0.005057504866272211;0.0607421875
284;4.824915308636584;1.0;0.24798869103749685;0.2719843332084538;283.29444480295894;-0.007064713770523668;0.0029116218036506327;6.19392580986023;0.008208998176269234;0.12421875
285;2.8521701683236897;1.0;0.1776137573851031;0.2136996175374949;632.871116940143;-0.013047268451191484;0.04658649247139692;6.187701344490051;0.010025090747512877;0.13828125
286;2.3731911807080666;1.0;0.14807219658408985;0.19048927423063505;595.5125073897622;-0.009844217915087938;0.09929603394120931;6.187613558769226;0.010996414825785904;0.155078125
287;1.0668173253132562;1.0;0.15023721042945537;0.19701979084909693;536.0875693781187;-0.00784857477992773;0.0855889867991209;6.184717774391174;0.009430233691819011;0.129296875
288;3.6332840700750944;1.0;0.12118821055353647;0.16486784247324182;592.5753488226213;-0.006050032330676913;0.09665615577250719;6.181574463844299;0.010164014587644488;0.1455078125
289;2.5360520332257277;1.0;0.24742528583253792;0.2607574771216063;419.0647795379119;-0.0101210942491889;0.04872017335146665;6.184468674659729;0.012172115920111536;0.1751953125
290;3.79992411354976;1.0;0.2258830143517783;0.2591956780820802;259.9568321670215;-0.012627218151465058;0.08206438114866614;6.188329195976257;0.010971598653122782;0.1515625
291;5.4625798809465484;1.0;0.23849069378613794;0.2781662998919785;295.0198844450697;-0.005046142684295774;0.039884330704808235;6.192096853256226;0.009106604068074375;0.122265625
292;0.47928440347249124;1.0;0.1599288627045529;0.2068947165588732;492.02249354848806;-0.011795214843004942;0.04105081043671817;6.1918621301651005;0.011602179612964392;0.1669921875
293;5.6996922164291375;1.0;0.23244549717210877;0.26343467602992804;379.3764139775666;-0.013154868055911114;0.08566570716599624;6.191057761510213;0.012295086732289443;0.15690104166666666
294;2.4640824292412926;1.0;0.30739493255562095;0.31432300702114696;297.4941369595324;-0.0096461181063205;0.04099236358888447;6.1898046970367435;0.011718225036747753;0.16171875
295;5.1299598817337575;1.0;0.19090748596513268;0.24638367667199518;241.78007218448792;-0.017599096009507775;0.03672067653387785;6.190598511695862;0.013475522224325687;0.1955078125
296;5.354603506861096;1.0;0.22158819324776924;0.24256017955205258;520.2993288798598;-0.010104251001030207;0.0775416074320674;6.195287847518921;0.01226361389271915;0.177734375
297;2.7326514297649087;1.0;0.1390256010413302;0.19033121552606855;530.3679621784349;-0.0012536468915641309;0.1069347308948636;6.2031619310379025;0.010157254303339868;0.1470703125
298;2.5449245312363056;1.0;0.15234570238495945;0.19256334477163534;490.355119010053;-0.005475852265954017;0.007012063707225025;6.198633432388306;0.008795144921168684;0.1353515625
299;3.299049944093182;1.0;0.20457483409316718;0.2606235783674787;463.46078831418924;-0.005340421618893742;0.039670265186578034;6.193333578109741;0.011953038827050478;0.1634765625
300;2.8898720384929995;1.0;0.09074077716178244;0.12885655709714608;639.2674129054928;-0.010744928196072579;0.07560824938118457;6.188169312477112;0.011372092529200017;0.171484375
301;2.064567505326778;1.0;0.25848107231906803;0.28028681089521895;454.02314949268725;-0.005480500124394894;0.10830224007368087;6.1836649656295775;0.012312843860127032;0.160546875
302;-3.642357092366164;1.0;0.15644717873654398;0.19305565304230807;456.3944685854757;-0.005389786045998335;0.003814339532982558;6.183777117729187;0.00855933630373329;0.1181640625
303;3.4575192860156982;1.0;0.14501943578786203;0.19225271405241467;368.23100893858435;-0.006102234218269586;0.03941358495503664;6.1793598413467405;0.009725123376119882;0.141796875
304;3.1224179709015214;1.0;0.16776798846665933;0.20684521684544852;448.77283401291726;-0.01478889756835997;0.04933381844311953;6.1755887269973755;0.007457872177474201;0.1033203125
305;3.77937329510763;1.0;0.29125575695251615;0.3001710284687181;393.74802968261434;-0.015544937131926418;0.007461481005884707;6.177545380592346;0.00971430807840079;0.1341796875
306;2.4656939910756845;1.0;0.15668092447523815;0.19466930543354147;612.1452783329371;-0.007211181707680226;0.04532021582126618;6.181432938575744;0.013983578700572253;0.1904296875
307;2.8208482231483702;1.0;0.12471578754061027;0.17044661722226054;635.7391495675306;-0.008230270771309733;0.16227611973881723;6.184315133094787;0.010719057940877973;0.1548828125
308;-1.4538340438272597;1.0;0.11914243880171276;0.1599597300857412;658.9580152347993;-0.016863406961783768;0.012372062797658146;6.184958457946777;0.011137167038396002;0.1556640625
309;-2.4206915766438297;1.0;0.2463059205888984;0.24624074554216646;575.7033116358929;-0.01098406333476305;0.006832073861733079;6.187304496765137;0.012341390445362777;0.149609375
310;2.2406236437359954;1.0;0.11793329410681767;0.1487022813589986;518.5796950919203;-0.012940403167158365;0.04653668636456132;6.186468505859375;0.01087972178356722;0.1583984375
311;-3.6672028147748255;1.0;0.13009775910488564;0.1703339518738293;693.2438668828725;-0.0009832125855609775;0.085027558170259;6.192162752151489;0.008737836976069956;0.1283203125
312;5.171016664771874;1.0;0.25936674005220317;0.30173241681437557;463.53895002770423;-0.003312388760969043;0.03282950858119875;6.191646647453308;0.0103335881838575;0.148828125
313;2.3140773499858485;1.0;0.2146883593930164;0.2552688432668886;444.89189137748707;-0.01527120778337121;0.004809102369472384;6.1876060485839846;0.012694225448649376;0.1865234375
314;-3.72264845656997;1.0;0.21704329433053038;0.25763350993630124;414.791889527464;-0.015087928250432014;0.06004748390987515;6.183733105659485;0.01499428276438266;0.2169921875
315;-3.8166905298967;1.0;0.11984356856721129;0.15174736146859466;620.430235325807;-0.010802965378388762;0.04957512812688947;6.181854629516602;0.010272063023876399;0.1578125
316;0.8217593818181004;1.0;0.24879604769307875;0.27929443882870114;537.7251144916469;-0.011090471595525741;0.05269013959914446;6.182338666915894;0.00866831374587491;0.125390625
317;2.9336313196943293;1.0;0.22940336075493825;0.2647030044704534;590.4398350412902;-0.00864787227474153;0.1286574898287654;6.181704592704773;0.009870099986437708;0.1478515625
318;1.6131330780380595;1.0;0.1373446894765461;0.1681115075319303;629.0259273852627;-0.007856970280408859;0.04412628216668964;6.18581919670105;0.011550314899068326;0.1611328125
319;-1.5290838233670137;1.0;0.166594991738126;0.19898324194022282;496.669555236608;-0.009786476148292422;0.007663071877323091;6.191017913818359;0.009283336868975312;0.1333984375
320;1.7209578671681944;1.0;0.1876809120004529;0.23144594669348229;688.6901305320696;-0.01031526424922049;0.12267426922917365;6.1950331926345825;0.010588571918196977;0.1578125
321;3.4304274377548403;1.0;0.16863506402584727;0.19026895299833352;330.4601621978456;-0.018216933868825436;0.048000141605734827;6.19900541305542;0.011115696909837425;0.1517578125
322;2.682679803451312;1.0;0.11709513979143515;0.15026771252657214;616.5422664936926;-0.007506627729162574;0.07905803136527538;6.202965235710144;0.010617919312790037;0.15078125
323;0.9751960883248953;1.0;0.16773481386939365;0.2132494129551407;734.7769045507472;-0.0011135498993098737;0.03404275486245752;6.203737354278564;0.006276264821644872;0.0884765625
324;1.2885798174887952;1.0;0.12100192419814605;0.15833110791635957;608.064516763224;-0.009950026776641608;0.08246458433568478;6.204213690757752;0.011834725306835025;0.165625
325;5.729186035545011;1.0;0.17591370546925292;0.194287066499274;481.52867045534896;-0.0055711331311613325;0.005490209744311869;6.207654619216919;0.009420389973092825;0.133984375
326;2.494064519157257;1.0;0.13026576858141486;0.16072888298567892;772.786825822597;-0.012307277135550975;0.08798622507601976;6.209350824356079;0.010610681457910687;0.151953125
327;-4.401205110197954;1.0;0.18350344150726003;0.21093373676846505;583.710635409133;-0.0016969508025795222;0.0065399190178141;6.203364467620849;0.006268776999786496;0.0857421875
328;1.916531398389647;1.0;0.14666611378308728;0.17982109360145743;723.1040578389483;0.0005034724483266473;0.03800019691698253;6.20050356388092;0.010363100981339812;0.154296875
329;-1.4877625388561455;1.0;0.19249647146639953;0.21049307742051832;623.319931713146;-0.006592863891273737;0.13736049691215158;6.201804208755493;0.0075786117115058;0.0986328125
330;3.2094129091955885;1.0;0.28746286919736624;0.32815596717027035;331.7502769611844;-0.0033667462412267923;0.05245472409296781;6.205858731269837;0.01310904260026291;0.16484375
331;3.3205017525982283;1.0;0.13399651404715604;0.18077072874921357;461.3466451579056;-0.012756685214117169;0.035555840795859696;6.205329203605652;0.01223603218095377;0.172265625
332;-1.3035415668506083;1.0;0.17605007884682897;0.21620818286271873;1176.2534327195706;-0.009285770589485765;0.004897272889502346;6.201755785942078;0.010014851938467472;0.14375
333;1.2617221644873928;1.0;0.12587610244582548;0.1620804838289201;512.2487839760116;-0.008807602245360613;0.0901034239679575;6.2044257640838625;0.010147047613281756;0.145703125
334;1.407012169977293;1.0;0.13112424491656097;0.17892094765606778;624.7596113927759;-0.0051266943570226434;0.050423897337168455;6.210563468933105;0.008817619795445352;0.1248046875
335;2.323207355712249;1.0;0.16183209268126203;0.20987379839666873;538.5701547983383;-0.00010531346779316664;0.04951206557452679;6.211545825004578;0.008138557127676905;0.1125
336;2.517568640717017;1.0;0.1762982316263926;0.22444522181988455;586.6143821028099;-0.00482288389466703;0.07617814242839813;6.212650728225708;0.013521312561351806;0.1923828125
337;-9.028269019298666;1.0;0.19525013829649648;0.23004219718716476;537.1082909410255;-0.010069647897034883;0.003532352368347347;6.211742639541626;0.007645137479994446;0.1123046875
338;4.671876652359609;1.0;0.2706811787822037;0.29993809648714365;236.6894664553221;-0.013563299458473921;0.18571673333644867;6.207520651817322;0.01063130705151707;0.15703125
339;2.714698024306275;1.0;0.15218342739955257;0.20768925893739276;519.0615023762737;-0.01429615942761302;0.029960771347396074;6.210387825965881;0.009812553704250604;0.13359375
340;5.241017160497259;1.0;0.28479181557835004;0.35089086143120735;206.73715579303578;-0.010447483463212847;0.004763054801151157;6.222291803359985;0.01014902206370607;0.1482421875
341;6.051082027108676;1.0;0.34864557637630084;0.39658857474363785;201.9077550795501;-0.012695014290511609;0.011665599048137664;6.234259414672851;0.00988739135209471;0.1447265625
342;2.2992611648203116;1.0;0.2078960283008507;0.2651776160180073;659.5003650056144;-0.009808217408135533;0.03560136714950204;6.239133810997009;0.006069261115044355;0.0779296875
343;-3.88327602122479;1.0;0.18448685306797255;0.24532519925589072;739.0180679632713;-0.005502082593739033;0.009272529813461005;6.243233942985535;0.009740452060941606;0.1220703125
344;3.062957733483574;1.0;0.12476292139373445;0.17268113308633765;608.1445897931903;-0.011773496121168136;0.12242311425507069;6.249601221084594;0.011821790307294577;0.1626953125
345;2.6920655629977963;1.0;0.11271819968761718;0.16820507138223137;451.9257452363543;-0.009291960950940847;0.10483344178646803;6.25527515411377;0.008304670616053045;0.1150390625
346;-2.635149623556643;1.0;0.1715146243369103;0.22983764322209999;602.6433666735694;-0.01480135447345674;0.004496005864348262;6.258275127410888;0.006042991136200726;0.0814453125
347;-0.07683964825410827;1.0;0.1335101410014328;0.18218317184334534;538.3563099154902;-0.01017912719398737;0.011490118084475398;6.255448675155639;0.007160564337391406;0.09921875
348;1.6517603422193714;1.0;0.289160668105703;0.3325072255619636;235.1329721095455;-0.019044939242303372;0.08520721308887005;6.261123704910278;0.011670008429791778;0.162890625
349;4.375393600961706;1.0;0.16575708115347082;0.22584572003561035;380.64571660420035;-0.010663716099224984;0.006504721799865365;6.261543035507202;0.009366713219787926;0.1337890625
350;2.9828109085941654;1.0;0.12896737921423312;0.17602137362825293;485.35669798042557;-0.018855493725277485;0.044251197250559926;6.260473108291626;0.013826469692867249;0.1904296875
351;3.1963818084508153;1.0;0.2208792940703956;0.28429956958976793;539.4842718355039;-0.013858219282701612;0.0315207464620471;6.265241360664367;0.00970043868292123;0.137109375
352;5.658753661027985;1.0;0.17674017119721455;0.23213609022047296;344.3235099114544;-0.008428908092901111;0.008424529479816556;6.268918848037719;0.007328149408567697;0.09609375
353;3.702504073142884;1.0;0.21251021283736615;0.27211474296161486;458.652918668447;-0.008254157030023634;0.03273012596182525;6.272173309326172;0.009765624231658877;0.1408203125
354;-2.9400428566367633;1.0;0.17523352910437423;0.23416450386001203;716.0087117586941;-0.0037140792468562723;0.03452496314421296;6.27506148815155;0.008804373757448048;0.1166015625
355;-1.0415786260112276;1.0;0.22578060474186065;0.2805690943709866;279.6046568104863;-0.0043941415846347805;0.13114274553954602;6.273234701156616;0.010422614845447242;0.1455078125
356;3.5359618335443534;1.0;0.22020456149237133;0.2803431363088635;621.7736374612452;-0.009549439884722233;0.042074687965214255;6.271912884712219;0.008241690299473702;0.115234375
357;1.8255012886814126;1.0;0.13687496548287362;0.19480664190169097;527.5639862355265;-0.010476964013651013;0.03140198225155473;6.272874450683593;0.00977898616110906;0.137109375
358;3.4554094050994255;1.0;0.1614044820263318;0.22187342712801242;391.35579818876624;-0.007256629597395659;0.03323653400875628;6.2710089683532715;0.011929094360675662;0.1705078125
359;4.827080309746729;1.0;0.22227153800586968;0.28898971827617503;328.0792272400947;-0.0072288001421839;0.03586734784767032;6.273728585243225;0.00973650828236714;0.13125
360;3.1169085601659106;1.0;0.21138910989453305;0.2714981677141012;528.5432974686161;-0.010259638680145145;0.00872148300986737;6.276735138893128;0.011629683466162532;0.17265625
361;3.9351450904281364;1.0;0.28285460725090733;0.3521008959012352;393.3132275244555;-0.008954468043521046;0.031855766335502265;6.277503752708435;0.010205527825746685;0.1408203125
362;2.791403020533446;1.0;0.17811942452905122;0.24920790236805582;565.4902129806392;-0.015967456623911858;0.003611776721663773;6.278511977195739;0.010019673453643917;0.1375
363;0.44116736902289944;1.0;0.18806166608433153;0.24427281017628924;400.86105916681237;-0.007491900795139372;0.006143217533826828;6.274383139610291;0.0069997153361327944;0.0947265625
364;3.1012479463995675;1.0;0.19655758120170302;0.26194696980706805;567.6192913428982;-0.01090317009948194;0.008800111990422011;6.272181749343872;0.01289036989910528;0.1775390625
365;6.005748959276099;1.0;0.3565347597480532;0.4348266160619159;181.87216935495394;-0.011683928314596415;0.007262280792929232;6.2756452560424805;0.008837488910648972;0.1236328125
366;3.7292516600533245;1.0;0.13715556610701604;0.2026058050856897;338.5950852390378;-0.005879160156473518;0.11134168095886707;6.278975582122802;0.009402056294493377;0.134375
367;3.9375082672815505;1.0;0.15387048154180497;0.21816186874990223;468.28460221039563;-0.018274346319958567;0.15010353587567807;6.279604244232178;0.01062907362356782;0.1501953125
368;4.953253788150683;1.0;0.20129006389932105;0.26977279608199145;290.9857895047618;-0.0035085269715636968;0.049869390297681095;6.2789283990859985;0.010334989125840365;0.15
369;2.444803596154358;1.0;0.12070268871399077;0.17187907729676172;591.9007467092459;-0.015420317836105823;0.04104356421157718;6.283065748214722;0.012204796634614467;0.1689453125
370;1.3404108143351237;1.0;0.24436610861904517;0.315338209852786;830.340829406949;-0.013065780512988567;0.03909087744541466;6.283506155014038;0.010570838791318237;0.144921875
371;2.0246354593751796;1.0;0.17967422581169312;0.25309544351273705;360.4702184464531;-0.01223514243029058;0.004878930677659809;6.2827595472335815;0.007674031378701329;0.1060546875
372;2.130033876571476;1.0;0.19851585367796992;0.2787178765269771;728.5737433372276;-0.0087851089425385;0.005823248252272606;6.284234833717346;0.008160986821167171;0.113671875
373;3.6515978728343517;1.0;0.17301104606847362;0.2483127523272311;393.48895103136397;-0.011253203498199582;0.005807340960018337;6.289659452438355;0.009933623403776437;0.1353515625
374;3.5932459381630366;1.0;0.16728297762204036;0.24319886568715318;455.48199080810883;-0.0075546347303316;0.030662042461335658;6.294552993774414;0.01308651645667851;0.1767578125
375;4.055231696219783;1.0;0.27291896228599616;0.3453312925459149;207.1540576568618;-0.0058000403722482064;0.05691877965416227;6.297036681856428;0.011213807355878609;0.150390625
376;5.643366751248511;1.0;0.2055807052224761;0.2845374473820137;445.8873392011983;-0.014889959723223;0.029862155206501484;6.2995819568634035;0.011773515061940997;0.159375
377;4.2319113949633245;1.0;0.11235890990477682;0.17567771792587886;504.4955183287524;-0.011812589457258582;0.04661985617130995;6.300891709327698;0.008906167990062386;0.12265625
378;3.8520390367378545;1.0;0.1749587192117272;0.24530537836383345;360.9058539101646;-0.013683401606976986;0.08680554144084454;6.299897575378418;0.00917650496121496;0.124609375
379;3.2541664398253296;1.0;0.19059298424336474;0.26397774081193687;644.4983814029099;-0.003331851400434971;0.00988357220776379;6.296293544769287;0.0059391911374405025;0.0810546875
380;1.7684703612578012;1.0;0.15742272806716168;0.22212799911848968;366.1693920640752;-0.005294923391193152;0.0674186710268259;6.299448299407959;0.008211771096102893;0.1109375
381;1.6993396284459994;1.0;0.16873482993620775;0.24938499797032498;612.3574516291995;-0.015031757939141244;0.10551112564280629;6.302919775247574;0.014656027939054184;0.198974609375
382;3.774626281436016;1.0;0.16521602819112485;0.2456970386243308;337.2414726890499;-0.011133817548397928;0.032924965210258963;6.30341739654541;0.010543735639657825;0.14375
383;2.7721583087088;1.0;0.19997460435066555;0.2747800029524454;544.9536945105943;-0.010343711683526635;0.029869366716593505;6.307588648796082;0.011838641669601201;0.171484375
384;6.3981645193138394;1.0;0.23731977738216503;0.325571163317614;244.97080842124737;-0.012227347027510405;0.011263469699770212;6.3116862058639525;0.009318854240700603;0.1337890625
385;-1.533431853233112;1.0;0.2577660353697279;0.3417495182575683;738.831743304237;-0.008024101983755827;0.029335519252344965;6.31317241191864;0.00949104679748416;0.13515625
386;-0.2228578216361199;1.0;0.18337544760284374;0.262039060650515;387.09912423455216;0.0024524783715605737;0.033892532368190585;6.3147471904754635;0.010522090317681431;0.1587890625
387;4.2421652351366;1.0;0.17315594590042696;0.2509370987715396;300.84320479960667;-0.013683461677283048;0.05741353132762015;6.316616249084473;0.009582425060216337;0.138671875
388;4.056528469352261;1.0;0.18238051487212487;0.26392196137242174;402.4444988777083;-0.009632035181857646;0.06141824666410685;6.315785050392151;0.009355373517610132;0.1369140625
389;3.4695279485737966;1.0;0.15507116938999793;0.23187530535183962;450.2586144614328;-0.002104059583507478;0.09481617379933596;6.321102714538574;0.006637888599652797;0.0890625
390;3.778180061062087;1.0;0.1296709060153234;0.20081669923918297;551.4280874963188;-0.016281527606770395;0.016742890933528543;6.3227732419967655;0.012760559422895312;0.18515625
391;0.3514503937573168;1.0;0.12095905198962918;0.18571532864221585;547.0883762206012;-0.011284849420189858;0.05981839708983898;6.327443647384643;0.009896621736697853;0.136328125
392;4.3408543279140215;1.0;0.14083332872217216;0.20583743152651887;472.11903588253904;-0.009059802745468915;0.06316907433792948;6.329025197029114;0.011087940377183258;0.16015625
393;4.37244210908624;1.0;0.15626944810744847;0.23829828977134127;809.2680169226026;-0.010410398244857788;0.028788910945877433;6.325572872161866;0.013858839543536306;0.1916015625
394;-0.5200789845042415;1.0;0.14257455918307338;0.2143909637694196;494.60530227857726;-0.009777459921315313;0.03159224945120513;6.322078776359558;0.011736619740258903;0.16640625
395;5.727317712679259;1.0;0.2774000359434674;0.37322902918150164;407.41301971073653;-0.00909763011150062;0.008073572907596827;6.316148209571838;0.006174910033587366;0.076953125
396;1.7039964849823606;1.0;0.13388333957409743;0.20677208754365808;400.01403115383624;-0.017464335612021386;0.13425295762717723;6.315691876411438;0.01026143372291699;0.1484375
397;3.810969183904447;1.0;0.2181144058832742;0.30678199564181824;562.9429659247985;-0.007173494622111321;0.03107131738215685;6.312334394454956;0.012731387908570469;0.171484375
398;0.8838005407106078;1.0;0.15954194646015893;0.23162926743810777;607.3757782118975;-0.010836730618029833;0.06067012436687946;6.311142086982727;0.008227601286489517;0.1033203125
399;4.051717970259632;1.0;0.27276243479050927;0.3636455506690807;340.3305145066951;-0.020189501438289882;0.06524601932615041;6.309113955497741;0.013431554450653494;0.179296875
400;6.12788601321921;1.0;0.20632022917578513;0.2873368777341053;360.4873125036386;-0.013302724016830325;0.013694467628374696;6.308756899833679;0.010722078289836645;0.14609375
401;2.947169810514315;1.0;0.20563846105927125;0.28749988575071894;607.6226233123301;-0.008749477177237472;0.0804982961465915;6.306092712614271;0.012330852203174598;0.15125868055555555
402;3.764117285184303;1.0;0.13517654662624035;0.20849028212673615;541.5577277838213;-0.012399207334965467;0.08815371487289667;6.301998162269593;0.013528685213532298;0.198046875
403;3.997519791916026;1.0;0.2375755166843976;0.3259191243619778;451.89080983167764;-0.023102494468912483;0.045338984485715626;6.307296633720398;0.012500876619014889;0.1796875
404;4.114102867055507;1.0;0.14225664305418176;0.21308552276816944;392.86527025950994;-0.010576720908284187;0.038448345148935914;6.313703823089599;0.012653564126230777;0.1765625
405;3.7521626841970237;1.0;0.1952910341144661;0.2815628558768985;411.95022739896314;-0.0038072452880442142;0.01958830386865884;6.318679571151733;0.01035114045953378;0.14375
406;3.1662959436550935;1.0;0.162541754162195;0.22920575154410375;403.94557025407727;-0.010390069941058755;0.027576085750479252;6.318580746650696;0.009837415255606174;0.14453125
407;2.911710866765459;1.0;0.17834685256118152;0.26478101655879654;558.9535360816261;-0.013270000973716379;0.005020773038268089;6.318295359611511;0.011233379703480751;0.1595703125
408;0.8701826301575752;1.0;0.19926844425614365;0.27877609995547825;636.0652403318378;-0.005855513457208872;0.049401386827230456;6.315549540519714;0.009196424228139221;0.1380859375
409;0.9118939630316478;1.0;0.1747445029462097;0.25090400259093115;644.2407878575856;-0.0034455715678632258;0.040509484033100306;6.315851426124572;0.012694502365775406;0.180859375
410;3.8277143721179403;1.0;0.15997400621291577;0.2325561722008885;497.1150838488979;-0.016396067384630442;0.08913996517658233;6.3209251165390015;0.012023952475283295;0.1767578125
411;2.5256691898577737;1.0;0.1519152234853722;0.20444088432521024;577.0087443252756;-0.017046259762719274;0.045648583909496665;6.320203828811645;0.010076120786834508;0.1416015625
412;3.5548937647403496;1.0;0.14615809102184826;0.20614961276013813;491.9560494635712;-0.0007109307684004307;0.05229634940624237;6.320336103439331;0.006658380653243512;0.0931640625
413;-1.917794441182795;1.0;0.16929543047175574;0.23717234397697678;657.7523778542769;-0.011995012918487192;0.05698186391964555;6.311854386329651;0.007827275607269257;0.104296875
414;3.3809671720809646;1.0;0.11381767332049898;0.1662115285962147;592.837379512689;-0.006562472437508404;0.09678910598158837;6.306859254837036;0.0054922760813497;0.0638671875
415;2.691258436277475;1.0;0.13102726826339514;0.18450848551915325;547.8180488457474;-0.011043023597449065;0.04698558701202273;6.291326475143433;0.008954222465399652;0.126953125
416;1.9873591717738948;1.0;0.17775568316195675;0.2404479747908371;558.197513139813;-0.0070201247464865444;0.01079124310053885;6.283366107940674;0.011649242730345576;0.15234375
417;4.067080161468142;1.0;0.2098040546744945;0.26150616118686965;469.6545368995904;-0.008941373229026795;0.014669892704114318;6.284475874900818;0.008769395120907575;0.121875
418;2.404496147070785;1.0;0.13050978050906145;0.19057552933474142;592.2202164778646;-0.007044592476449907;0.03402915084734559;6.284188437461853;0.011943950538989157;0.1568359375
419;4.1006777823083205;1.0;0.1777405858541179;0.23732032721608137;445.5711881392546;-0.0030481966212391855;0.03213663292117417;6.280544543266297;0.008023150288499892;0.11796875
420;1.5396133977960833;1.0;0.17492747448578672;0.2308336929529489;419.6499225558979;-0.012294252635911107;0.009616134082898497;6.279044437408447;0.008460485562682151;0.1236328125
421;1.434983551867862;1.0;0.1659692482896333;0.2343134072292296;748.1944077669995;-0.015119311725720763;0.10543949659913779;6.284500002861023;0.00902913473546505;0.12578125
422;0.4882241519672399;1.0;0.16684763767454439;0.2309015483408634;422.95241864642185;-0.005121176526881754;0.008185908617451786;6.284023690223694;0.008240504527930171;0.1130859375
423;2.1262964819770684;1.0;0.15842687566366792;0.21394971933848086;630.2489908011815;-0.012335901614278555;0.08605893133208156;6.2828291893005375;0.01217219493119046;0.1775390625
424;2.8657777873454124;1.0;0.15522973200395127;0.21677258233057833;745.3324338431456;-0.011906862538307906;0.05180466752499342;6.282684183120727;0.008781148586422205;0.1263671875
425;3.8258630138241903;1.0;0.1734655274743866;0.23592733228219875;396.5779626699659;-0.014855064544826746;0.03376166364178061;6.283575010299683;0.013276183838024735;0.18984375
426;3.6692800058269723;1.0;0.20975325214742266;0.2742573065625783;685.915801266537;-0.010593659710139036;0.06800633119419217;6.286670517921448;0.011943599709775298;0.1751953125
427;-0.5989023073973332;1.0;0.16604150408715973;0.23315455671508534;417.82810104063714;-0.0040039325598627325;0.03957569245249033;6.28157606124878;0.012235372699797154;0.1748046875
428;2.5868115454376177;1.0;0.1560704648356952;0.2208013542330033;528.3413009654003;-0.0031036498490720986;0.005873353057540953;6.279099154472351;0.008317764778621495;0.1197265625
429;3.4213041615694624;1.0;0.1890143044619575;0.26157831673315296;576.2409914177937;-0.012990513280965389;0.0093334527220577;6.275273084640503;0.008096819184720517;0.12109375
430;3.751752985624562;1.0;0.1782397306814992;0.23120138112793187;538.2789084747185;-0.011451633041724562;0.032358737918548285;6.274985718727112;0.009727313194889575;0.1484375
431;4.390923737852824;1.0;0.23927619194513555;0.303424879780433;418.7356355004802;-0.015230218367651104;0.10011898316442966;6.276488494873047;0.015580086212139577;0.20390625
432;2.4987701867013525;1.0;0.1474698936024939;0.22280235418152985;492.63974022915306;-0.005996822100132704;0.06156956162303686;6.279722809791565;0.00942133436910808;0.13984375
433;2.6040011845752953;1.0;0.14685929062523803;0.21247429178040145;425.40605509622947;-0.010486786626279354;0.07011745292693376;6.283404302597046;0.009380049107130617;0.13046875
434;1.1334056020777692;1.0;0.1767746633114955;0.2502811239197968;624.1360702066547;-0.015703353378921748;0.03126090434379876;6.290442419052124;0.008816853328607977;0.1263671875
435;4.688229859344284;1.0;0.18222097670111487;0.2518847856016658;307.02482307072756;-0.0028849120251834394;0.030439400766044854;6.292758560180664;0.011078053002711386;0.15234375
436;4.212929901021123;1.0;0.18779958799184332;0.2649769780469002;518.8392042626866;-0.005484573636204004;0.06024730522185564;6.291640901565552;0.010569739469792694;0.1458984375
437;3.509941236460191;1.0;0.14109845060984302;0.19812553784243156;463.48749841809274;-0.0065300851439436276;0.030371100207169852;6.291020425160726;0.013577261411895355;0.17630208333333333
438;-2.293504062891608;1.0;0.12454673013557038;0.18115272629304624;539.829775323682;-0.009918905794620514;0.005517412698827684;6.290574049949646;0.010601579782087357;0.155078125
439;3.3885300344824962;1.0;0.1655476264725015;0.23068381117775366;797.288885684647;-0.01601333343423903;0.005220814771018922;6.2927196502685545;0.009177578741218894;0.128515625
440;4.054994376490509;1.0;0.17046062726313582;0.244970145445049;335.54897965175036;-0.016517971642315388;0.008950500562787057;6.3001405715942385;0.010727826179936529;0.1544921875
441;3.2422181554950926;1.0;0.19975457438319538;0.27163447086550396;704.8873869664124;-0.0041634924709796906;0.09570121932774782;6.303196573257447;0.01159946054685861;0.161328125
442;3.680909602732751;1.0;0.14284059787094763;0.1946641701416513;517.4847782867207;0.0007282932754606008;0.02764128928538412;6.304029393196106;0.010396886512171476;0.1521484375
443;2.306769087627589;1.0;0.18040154138568978;0.24774509818286305;305.78623516916997;-0.008071814198046923;0.013944193813949823;6.301789379119873;0.010670205252245069;0.15625
444;4.2650934605665025;1.0;0.18372154830594975;0.2490683551721854;331.9497688785881;-0.0057594650890678166;0.06831039339303971;6.298530697822571;0.00962845366448164;0.13359375
445;-2.5403246037587888;1.0;0.11247060875412497;0.17275668543425882;522.4925013921352;-0.00963874494191259;0.029490380082279444;6.294763088226318;0.011403485422488303;0.1572265625
446;3.936537480774396;1.0;0.18806510304212995;0.26849944490771693;500.47284225398454;-0.003818273521028459;0.026472854847088455;6.2852010250091555;0.012182006519287825;0.1767578125
447;4.483665131512192;1.0;0.19665903785342015;0.27429256964870363;293.0825532905633;-0.005354717094451189;0.03055245322175324;6.277141857147217;0.007427349523641169;0.098046875
448;2.9542880364985793;1.0;0.1710558006374859;0.2511919377383964;416.2156052490181;-0.011041327728889883;0.024320134869776668;6.273547959327698;0.007961664849426597;0.1064453125
449;4.259511806252527;1.0;0.18341487592687483;0.25745439424127337;379.0688253036834;-0.004543357621878385;0.03711294531822205;6.274295210838318;0.007860195869579912;0.1001953125
450;5.144479968063474;1.0;0.2833484382330754;0.385645837462857;175.9424791911166;-0.007147896895185113;0.042788415146060285;6.276447701454162;0.010826769995037466;0.1544921875
451;4.288774775407695;1.0;0.18807841423833688;0.2772629064128825;467.1040273674879;-0.013358550099655985;0.0139427799731493;6.278593969345093;0.011861804453656078;0.1748046875
452;0.9271877390893644;1.0;0.22446393635651163;0.31657296830353826;487.85858892813917;-0.011473340867087244;0.07167933844029903;6.278971314430237;0.011466866254340857;0.1677734375
453;4.865910962436305;1.0;0.17100681658521175;0.24538994205974582;316.35922409974904;-0.0069721204228699206;0.03221718119457364;6.2808473110198975;0.011847410211339593;0.1740234375
454;3.83992299293819;1.0;0.27198031800681866;0.3589501722754959;287.57349345598556;-0.009295665100216866;0.007806436554528773;6.277205848693848;0.008711815543938429;0.125
455;5.1015140410612245;1.0;0.19609565730810533;0.2834730900823572;409.4097335175466;-0.007231534412130714;0.04471474010497332;6.268825674057007;0.010451696754898876;0.1537109375
456;4.229507844471024;1.0;0.09807987696118996;0.15916390735524036;924.8397359215088;-0.014651339687407016;0.057940600998699666;6.256624507904053;0.013837219262495638;0.1986328125
457;2.9720647207813142;1.0;0.20179227786947054;0.27959698920172427;362.33218566810996;-0.013298254925757647;0.07799754440784454;6.252182459831237;0.010905512922909111;0.1494140625
458;2.698110192526177;1.0;0.21141296869549914;0.3006311363907221;598.2984715868691;0.0006684245076030493;0.032965032989159225;6.25289671421051;0.008002733066678046;0.116015625
459;3.7922177651363516;1.0;0.22490432735909624;0.30846172207455214;271.9739272870793;-0.016465683933347464;0.03242936320602894;6.253342866897583;0.012323492136783899;0.16953125
460;6.396424950639356;1.0;0.23004128194719542;0.3329067590943263;224.20185568999136;-0.005726750940084457;0.030807161889970302;6.251547384262085;0.01075193405849859;0.1513671875
461;0.42617499162604;1.0;0.18457153138813132;0.26990627912614007;377.3198065467566;-0.0044407736975699665;0.06449186550453305;6.252862524986267;0.011644562042783945;0.1619140625
462;4.688697641454052;1.0;0.19802329202456698;0.2776581423999438;297.40970594654374;-0.00785469226539135;0.022268860414624215;6.247954845428467;0.011693204962648451;0.16640625
463;5.244073889174382;1.0;0.1884732660080464;0.28463674125000327;420.6594712166486;-0.010177201125770807;0.007846797327511012;6.241983389854431;0.0074474851600825785;0.108984375
464;5.017784804941689;1.0;0.19997275925889843;0.2848934043920125;331.8376832727373;-0.008824480883777141;0.024352452624589203;6.238735175132751;0.007884733204264194;0.1109375
465;4.834464000671864;1.0;0.3147503887769969;0.4402616964326556;266.10924925743456;-0.015877063805237412;0.1179789200425148;6.2355599164962765;0.012975742726121097;0.1740234375
466;4.479122008772393;1.0;0.15400064127680682;0.24087975074572943;457.15834986866776;-0.013468465907499194;0.05957764983177185;6.234692025184631;0.00992688254918903;0.148046875
467;5.088957116251225;1.0;0.19654241530582686;0.28179564628579074;336.23228336446545;-0.021155877504497766;0.04394981013610959;6.234959888458252;0.011059381044469773;0.1451171875
468;3.9466056936050498;1.0;0.19088973778537496;0.2912536110506806;519.7009801418498;-0.01817012345418334;0.08575943149626256;6.233139777183533;0.008402250171639026;0.11953125
469;4.392463811959509;1.0;0.1766053027048851;0.26465790231113684;463.6075356796699;-0.0069068825338035825;0.064657271374017;6.224650406837464;0.009959690342657267;0.1333984375
470;3.954126746742559;1.0;0.24765634652304339;0.36712723811700165;435.3654294869058;-0.0062285744119435545;0.08721026200801134;6.216503214836121;0.009334100480191409;0.1443359375
471;5.53325273870471;1.0;0.259844371280667;0.3623434325908398;182.70752400315382;-0.014749070070683956;0.007021289691329003;6.212883329391479;0.009627055155579;0.1419921875
472;-0.2833725609198998;1.0;0.19467022674607515;0.2924895267152845;738.1633977022105;-0.003829614887945354;0.036816104175522925;6.2073320865631105;0.00850962963886559;0.11953125
473;4.542870504747352;1.0;0.14469853476174155;0.2275738611217238;611.8873243743413;-0.004375398904085159;0.02640370449516922;6.202116918563843;0.011197954602539539;0.1560546875
474;-0.13632416371892564;1.0;0.21812627065035634;0.3135153491904911;374.7882633165463;-0.008811381156556308;0.055589220486581326;6.200013780593872;0.007807803177274764;0.1123046875
475;6.239290173084031;1.0;0.18463018646968696;0.28774687995367715;284.0857545987997;-0.004603666346520185;0.060598642006516455;6.200425243377685;0.009085454989690333;0.1296875
476;5.7130592341184245;1.0;0.2315031044522813;0.3375013617640021;224.77257728205296;-0.006715119397267699;0.07778016896918416;6.199562835693359;0.008917262172326445;0.1310546875
477;5.230006242004569;1.0;0.20474097286041873;0.30064832442395345;281.50252575745645;-0.011154436087235809;0.02782640978693962;6.198379063606263;0.008699282247107476;0.1197265625
478;4.031639569283787;1.0;0.24842859188349176;0.3690799347130409;411.8241528429182;-0.015251128934323788;0.05016721924766898;6.20092396736145;0.012351486971601844;0.1818359375
479;3.595751680235514;1.0;0.23165774635507078;0.32752609699984586;413.81819230955887;-0.008520890586078167;0.0588241891314586;6.2016961415608725;0.015140888808916012;0.18489583333333334
480;2.960197050005222;1.0;0.19441470163007657;0.28171695053674367;440.52084171386815;-0.008367137005552649;0.005434303148649633;6.197024345397949;0.011303754861000926;0.1640625
481;4.690524382144018;1.0;0.22402648244055123;0.3225657029101004;260.0405068675664;-0.007663763430900872;0.1062987819314003;6.199220085144043;0.010320529527962207;0.1560546875
482;2.7986922845683107;1.0;0.1424351816817149;0.20584678278250887;439.24540348788156;-0.010363258654251695;0.04603220550343394;6.202722191810608;0.011486575216986239;0.16171875
483;4.629232790761484;1.0;0.15531821573841467;0.23502323662889224;465.7656703759998;-0.010779079655185342;0.04128044825047254;6.202700066566467;0.013300222624093295;0.18203125
484;1.3611541160026381;1.0;0.16197304394114187;0.23586244561983505;341.92759371903975;-0.007955259084701538;0.04627263122238219;6.204078030586243;0.012563375115860254;0.1708984375
485;3.739018630485231;1.0;0.24172830340499865;0.3586787635513062;486.21546671081836;-0.00806020216550678;0.031439411267638204;6.207526993751526;0.00838318676687777;0.118359375
486;4.43363493998798;1.0;0.21667888285988005;0.30930200688070897;287.22217783208134;-0.009848339017480612;0.009699108428321779;6.211202073097229;0.008727968169841916;0.1244140625
487;2.92735401049238;1.0;0.14877696361922946;0.21987065173969336;490.1729744317816;0.002876521507278085;0.11099042221903802;6.214586877822876;0.00899766042130068;0.1328125
488;0.15889366316217046;1.0;0.1836029057493802;0.2815702642533827;593.2264987569474;-0.016418827744200826;0.04814156824722886;6.218322610855102;0.010898260166868567;0.1306640625
489;4.203222135527484;1.0;0.21737636496202273;0.3082145571953281;363.67841688572923;-0.021357110515236855;0.02683732695877552;6.216482925415039;0.011969274200964719;0.17265625
490;4.874649571274464;1.0;0.19545081013135368;0.29053743436385887;456.07743564479887;-0.017140244087204336;0.05006592534482479;6.21015944480896;0.014158958569169044;0.2095703125
491;4.35817482542599;1.0;0.251735936460539;0.33763274651914693;224.80756407470116;-0.01262667984701693;0.039676759275607765;6.208480262756348;0.011646471999119968;0.1646484375
492;5.371588544440726;1.0;0.2551991408787076;0.37663168674748637;322.0771022096604;-0.01266779713332653;0.08862536661326885;6.2149412631988525;0.014634392282459885;0.2056640625
493;4.046816605159111;1.0;0.27784016447514037;0.37991453084966914;347.55083481488657;-0.014227919080959899;0.008012588834390044;6.220956291471209;0.013168306372660612;0.18973214285714285
494;4.161275168121196;1.0;0.15519653965474003;0.22934362845334527;398.8260821219135;-0.014448773674666881;0.022019948810338974;6.220816826820373;0.009582853177562356;0.13984375
495;6.291342279253934;1.0;0.24609425849559297;0.3626385593713458;194.1617194096569;-0.019777702959254385;0.024233499681577085;6.219330978393555;0.009328638552688062;0.125390625
496;5.732372109948023;1.0;0.2832636063458124;0.3945259585448885;249.42475434644206;-0.004960903525352478;0.09504223205149173;6.220212292671204;0.010697445343248546;0.13828125
497;4.641157348634292;1.0;0.17111937864510818;0.25485183465795236;399.67325188727654;-0.010187039105221628;0.03941135173663497;6.223651099205017;0.009997142432257532;0.1513671875
498;4.397068753326913;1.0;0.1993292196206689;0.27977189315837026;320.4165873625127;-0.016157156764529647;0.0384840224403888;6.228343772888183;0.009260248951613903;0.121484375
499;4.665644873401819;1.0;0.24701775296140493;0.318578359338042;277.0643561303582;-0.010198088898323476;0.03272133329883218;6.231193161010742;0.014009668724611402;0.1923828125
500;5.6546132912190545;1.0;0.2048898949451892;0.2982357873501736;360.0015069387772;-0.014847678178921343;0.008798902179114521;6.231362152099609;0.009882811876013874;0.14140625
501;3.7390038534205297;1.0;0.19321835105323476;0.2839576962887572;443.7849555103706;-0.012013276014477015;0.09227141123265029;6.227976274490357;0.014311569416895509;0.1951171875
502;4.035285334639913;1.0;0.20277541179589564;0.3006228974474952;497.3830888470726;-0.012828012462705374;0.04058067034929991;6.230349588394165;0.011746792460326106;0.158984375
503;5.106894473888207;1.0;0.25389460794002516;0.3492279637309338;298.52580600433504;-0.012062077014707028;0.044548319280147554;6.2338942527771;0.011753420403692871;0.1625
504;4.847164883081037;1.0;0.26025891367874004;0.3624641084462112;356.81556835240303;-0.008240240439772607;0.02437113169580698;6.237675523757934;0.013256109831854702;0.1837890625
505;2.9183291147425225;1.0;0.18498866969027367;0.27828491422631846;607.2456523053514;-0.007303340965881944;0.021016053669154645;6.241594910621643;0.011611630104016512;0.168359375
506;6.078632616273248;1.0;0.21059254128147042;0.30922889470107895;325.1609994212105;-0.007653860081183283;0.044458996651596146;6.244981063039679;0.015801359409172284;0.22615131578947367
507;5.063807209411126;1.0;0.31612001038415516;0.4136471298127141;229.64485829952397;-0.010141483088955284;0.03283844729885459;6.253884959220886;0.008759248023852705;0.126953125
508;6.090589222149269;1.0;0.25613785871066846;0.36695558348641516;205.78278021080146;-0.009494721556880645;0.12311021238565445;6.264846018382481;0.01368229535208749;0.17494419642857142
509;2.9521302394879205;1.0;0.194571165827228;0.2918116412949007;482.0161471207129;-0.013308893982321024;0.04461908303201199;6.27444052696228;0.013446749979630112;0.194140625
510;5.152763631660651;1.0;0.14737305592658642;0.22655960481496445;405.60116682190323;-0.010421608900651335;0.07837468292564154;6.282378196716309;0.011828808975405992;0.1638671875
511;4.109478694750886;1.0;0.2471178854683146;0.34065342226809403;322.0129641464144;-0.0038990636356174948;0.025943654729053377;6.286853504180908;0.01049011672148481;0.14765625
512;3.7107539013845456;1.0;0.2472342934454978;0.35771871043035874;544.1333801221593;-0.00319265965372324;0.04412044761702418;6.290280294418335;0.011216547584626823;0.16953125
513;3.965306732996803;1.0;0.17045086175902105;0.2578257765712351;413.11145136098554;-0.011351907346397638;0.06053810752928257;6.297964882850647;0.011510506481863558;0.1603515625
514;5.192715026613282;1.0;0.17687184580777848;0.26756267536225925;372.78855852725707;-0.006134163588285446;0.06168015403673053;6.302694463729859;0.011927569843828678;0.170703125
515;4.67842528427864;1.0;0.14521212892588312;0.2296480827470244;447.729977451095;-0.019232885725796223;0.06292559802532197;6.307582426071167;0.011693788901902735;0.162890625
516;4.057481733787521;1.0;0.14381688632012324;0.219075952447559;363.0900345206191;-0.014001831039786338;0.058865606086328626;6.314606189727783;0.011634289135690779;0.1626953125
517;6.099480181941008;1.0;0.27190383957694253;0.4069865451136719;248.10002171987912;-0.006499276659451425;0.06973116155713796;6.3152782917022705;0.011806706385686993;0.1671875
518;3.4379481269147236;1.0;0.2264862603196629;0.3445913849019744;462.06787778000836;-0.017779316939413547;0.005404573422856629;6.320691823959351;0.010085079120472074;0.1517578125
519;3.3747577117552527;1.0;0.2104398348955513;0.29621944821589297;287.83226955250825;-0.010303444811142981;0.04738039020448923;6.3261436223983765;0.01048715200740844;0.1486328125
520;4.741719356180702;1.0;0.28832424507229193;0.43647940581510114;189.14152132922095;-0.0024224385153502224;0.00434533660300076;6.317165398597718;0.006117283890489489;0.08046875
521;6.147464961457775;1.0;0.21802278848892062;0.3286452755614433;310.261873734445;-0.009899481991305947;0.13088043481111528;6.3030375957489015;0.009880414546933025;0.14296875
522;1.8216232882211267;1.0;0.23191781489962154;0.35298385221010126;547.9332783054324;-0.008021543780341745;0.02366542094387114;6.295424771308899;0.00976552243810147;0.1333984375
523;3.0544279943967747;1.0;0.2494925351204307;0.3750618084293138;415.1000754876881;-0.01182485050521791;0.006205830327235162;6.295910978317261;0.009901032620109617;0.14921875
524;4.829836521095293;1.0;0.31462377257448443;0.4211596999559475;263.9713121245998;-0.012117305630818009;0.058587330114096406;6.301586294174195;0.010432700195815414;0.1556640625
525;6.00705714883391;1.0;0.30935330015549906;0.4279405132988508;144.35981357167745;-0.012708430038765072;0.04213560819625854;6.307770943641662;0.011796370323281735;0.1619140625
526;6.199601039914982;1.0;0.270704605773807;0.37221977922920785;338.16593077548873;-0.002624422311782837;0.023689155420288443;6.314919447898864;0.01026394551154226;0.1423828125
527;4.306397539139559;1.0;0.18170755764793114;0.2830965765286023;531.9441762420912;-0.007267876341938972;0.058613761235028504;6.322096753120422;0.011433078651316464;0.157421875
528;5.718206084630086;1.0;0.2749634514223492;0.41309838985896147;449.7033260247655;-0.013200562819838524;0.0043445281917229295;6.3289700746536255;0.009220713179092854;0.1294921875
529;4.643754988740422;1.0;0.26493807251898116;0.3790645226655111;328.5946712129743;-0.007889206614345312;0.04228669526055455;6.331168150901794;0.011645704391412437;0.1576171875
530;5.924527107100881;1.0;0.21909174547565832;0.31620360178020124;254.3367148646284;-0.013358870521187782;0.07296714410185814;6.333811783790589;0.009946651430800557;0.147265625
531;5.69674899597479;1.0;0.29689369865235254;0.4232672233589999;261.68235207870146;-0.00229137702845037;0.022240367857739328;6.335817480087281;0.007521318597719073;0.1052734375
532;5.45685686985839;1.0;0.26630803417974463;0.3581440716835059;194.523283097989;-0.004815414687618614;0.05260769799351692;6.332070708274841;0.006163283449131996;0.0796875
533;5.157230606326415;1.0;0.22326030924010215;0.3386579476925902;302.6798238860395;-0.014451691927388311;0.06749818827956915;6.327191996574402;0.011736677086446434;0.1544921875
534;5.923779649857888;1.0;0.31327217286011017;0.4149010018561133;156.11848941724077;-0.01051259133964777;0.006476262002252042;6.325192809104919;0.012312421039678157;0.1685546875
535;6.01759075074847;1.0;0.26486768867747085;0.3624529731149369;242.8178338259679;-0.012274439943333467;0.08654236917694409;6.322244326273601;0.011168922996148467;0.14921875
536;5.253729885353467;1.0;0.3059884911460081;0.41314526525197326;342.68768485577317;-0.006375124608166516;0.0177185547305271;6.319076490402222;0.009787114290520548;0.1287109375
537;4.5067639672776885;1.0;0.21550527574312747;0.29376955982191055;348.94795394642404;-0.009552993555553257;0.035444666538387536;6.317569613456726;0.006524991011247039;0.0849609375
538;5.0455703735477;1.0;0.2009076638216222;0.2925554617215595;252.24749469161654;-0.0045250194612890485;0.03458305303938687;6.314802980422973;0.010562475584447385;0.148046875
539;5.40385676514136;1.0;0.2357025357311549;0.34199723353297656;366.61460554551445;-0.0045124925673007965;0.04470590269193053;6.312544131278992;0.01339281543623656;0.18984375
540;3.438029354890547;1.0;0.1753573848223362;0.26503534485321223;497.52718264303695;-0.019782417686656117;0.010897613875567914;6.314420771598816;0.01195661942474544;0.166796875
541;5.740933719213633;1.0;0.16916507798652272;0.25219898479676467;346.6850315851284;0.00024036713875830173;0.007524840300902724;6.318900990486145;0.014406269858591258;0.1802734375
542;2.4392089578846305;1.0;0.20909411472240852;0.29405157281856614;279.1614311752341;-0.012526486348360778;0.029746564198285343;6.320498895645142;0.011628443782683462;0.151171875
543;5.912121256129866;1.0;0.30480104957554816;0.4433205602226388;372.08965070895084;-0.005183739890344441;0.035623371787369254;6.322572875022888;0.01108470985200256;0.1638671875
544;6.281708140117647;1.0;0.23875241392447943;0.34844702040990244;287.3234924610403;-0.008197044674307107;0.04719459433108568;6.327720713615418;0.010322408576030284;0.1400390625
545;3.527029695030564;1.0;0.23721438970719627;0.3384924058900288;364.7155979747584;0.00021980572491884232;0.044006734248250724;6.3247976064682;0.010720382304862141;0.1548828125
546;0.031255307464566506;1.0;0.1862393712038627;0.28999849932381666;719.341303795135;-0.007159691862761974;0.05329873571172357;6.318832564353943;0.01417438795324415;0.1978515625
547;5.8769707088653815;1.0;0.2713140905024874;0.40111783667994577;305.91936874863853;-0.009843552391976118;0.044730080757290125;6.319600892066956;0.009810901549644768;0.1400390625
548;4.925920746594312;1.0;0.23998945392103638;0.34901678616411075;497.95056392694096;-0.012599277822300792;0.02922799754887819;6.322972345352173;0.011616903834510594;0.163671875
549;4.408419836981157;1.0;0.24553136408109594;0.3427994555113455;218.5053762161694;-0.00438989691901952;0.03848201450891793;6.327422547340393;0.010458302625920624;0.1474609375
550;4.6406876413781575;1.0;0.3009743370115741;0.42263782076800477;369.8712058600756;-0.0122873580083251;0.05922507364302874;6.329036855697632;0.012454104656353594;0.16796875
551;4.526346745644316;1.0;0.21559454825971816;0.30862348578125853;386.30665004724824;-0.017594074085354804;0.07096483781933785;6.3335192680358885;0.013948871602769941;0.1837890625
552;4.409367377327016;1.0;0.19862069743082425;0.30425608285304795;315.9451452225649;-0.02001168760471046;0.043361695017665625;6.337183356285095;0.010391070169862359;0.1583984375
553;4.4819762323085905;1.0;0.2379975384816166;0.36168341006111265;441.29447733464184;-0.016304439678788186;0.0335501354187727;6.337464213371277;0.009337709902320057;0.137109375
554;5.0853653202197275;1.0;0.280663408449374;0.3866860754721968;251.62011624920117;-0.01392314350232482;0.022267048014327884;6.341473007202149;0.00849275873042643;0.1205078125
555;-1.002398422543108;1.0;0.2887995935340535;0.403167282334454;459.87595763744747;-0.005534152919426561;0.03531804336234927;6.3468642950057985;0.012629996670875698;0.1775390625
556;4.335702560848803;1.0;0.1916961585420175;0.26600105563162285;336.2412043530007;-0.02166427196934819;0.031265052128583194;6.348131275177002;0.011899929295759648;0.1673828125
557;5.959240909941236;1.0;0.16620611972347685;0.24237743832943096;357.21414686781776;-0.005415461491793394;0.02828233139589429;6.344738578796386;0.00837467029923573;0.120703125
558;5.32630281164616;1.0;0.27852586273198704;0.39527253201807233;311.0283911035609;-0.011054438212886453;0.03759845718741417;6.343900489807129;0.011686530918814242;0.1607421875
559;5.92843557921372;1.0;0.30593084911999474;0.4298535961859186;193.52873501696916;-0.007861805148422718;0.022451872285455466;6.345674777030945;0.007103800936602056;0.10390625
560;5.378843649994653;1.0;0.19608735973230068;0.2786873174163079;283.46595097038835;-0.008327199262566864;0.04351094728335738;6.342715406417847;0.01328985698055476;0.1888671875
561;6.008469945165253;1.0;0.2594895223796719;0.3769626874301662;337.7056407113674;-0.007351645920425654;0.01985403783619404;6.340323543548584;0.01136935146059841;0.154296875
562;3.0148774569014565;1.0;0.24949869489218937;0.3546558610949421;458.2270466750868;-0.009476564731448889;0.05905970204621554;6.338068604469299;0.01165502064395696;0.1662109375
563;1.7779096820432416;1.0;0.2438256998299275;0.3598110463161204;300.25809838109166;-0.009632909763604402;0.04295554794371128;6.338127899169922;0.00960066836560145;0.1431640625
564;4.459631285277022;1.0;0.2119720468741409;0.2955055342278158;393.31075942252824;-0.0036873434204608203;0.034990940848365425;6.341780805587769;0.008840649866033345;0.1298828125
565;3.8656300508481793;1.0;0.21458056029122657;0.3058254905955188;340.0374671716083;-0.008656090591102839;0.034488430619239806;6.347122859954834;0.012461934005841613;0.179296875
566;4.8852690968874395;1.0;0.2583558399214384;0.38085959766734234;500.720167090241;-0.0003789748065173626;0.032949976390227675;6.349934077262878;0.010116042220033705;0.1490234375
567;1.8423499630263493;1.0;0.20968038272398962;0.25475728348188914;296.4976628637504;-0.010206092102453112;0.05746471732854843;6.353492856025696;0.011437805870082229;0.15
568;5.824789490222391;1.0;0.3783229734876461;0.5354309294127932;141.39107336409205;-0.01135195060633123;0.0178582429420203;6.35203070640564;0.011703464819584041;0.1408203125
569;4.4973507411995435;1.0;0.2184986942865048;0.2865857599295912;350.14323845937713;-0.015300693898461759;0.07253501992672681;6.351959466934204;0.0064301143633201715;0.093359375
570;4.639672326417007;1.0;0.28108718387574155;0.41531645668529493;426.266827657918;-0.010037266416475177;0.007182451919652522;6.357377052307129;0.011456540552899241;0.1615234375
571;1.917824651920018;1.0;0.2717678355399454;0.3878149483321774;453.27601309233165;-0.00854987376369536;0.046496232086792585;6.363080239295959;0.012743162363767624;0.1978515625
572;6.4143636533710096;1.0;0.22181032383097762;0.31506608846810524;269.9206153939404;-0.010956504009664058;0.04285903237760067;6.3631144046783445;0.010510477796196937;0.1466796875
573;3.884182960668361;1.0;0.23937122270891617;0.35367581626110056;289.1050388829504;-0.019204804301261903;0.039943758258596064;6.362756586074829;0.011338849738240241;0.1587890625
574;1.5133486199599844;1.0;0.204223687198074;0.30370646792989453;291.94372118733867;-0.016535940999165177;0.014083256828598678;6.363354516029358;0.009523252991493791;0.1392578125
575;4.894818369967334;1.0;0.22787385371087476;0.3422572630310711;407.6181562587907;-0.0097039258107543;0.11973183788359165;6.3661888360977175;0.012498485238756985;0.1666015625
576;4.802021551741771;1.0;0.2649456271785246;0.37677590301249064;340.28617302066255;-0.0071548013482242824;0.03393969461321831;6.367173838615417;0.008420747728087008;0.1203125
577;4.490715940949348;1.0;0.2321388411422276;0.35110458163585034;276.0080935975032;-0.024154985835775734;0.044094951543957;6.375687050819397;0.0120280681992881;0.180859375
578;4.316250043245704;1.0;0.17224609863978244;0.2560128371436659;426.91866969276924;-0.0059744178550317885;0.02704860873054713;6.3809209108352665;0.013255659805145115;0.1876953125
579;6.340477157915613;1.0;0.2663677732933992;0.4034935862693804;277.02471177935945;-0.001742825750261545;0.05194033477455377;6.386233329772949;0.010439265344757587;0.1677734375
580;4.807846176786171;1.0;0.2513801781398345;0.3734839031815286;416.0394570414134;-0.006654339097440243;0.0385728067252785;6.393808746337891;0.007971636764705182;0.1154296875
581;5.086679855346344;1.0;0.21729900933896718;0.32337550102889384;228.49647205114684;-0.0060650555184111;0.11361757814884185;6.395118403434753;0.008978622534777969;0.1251953125
582;5.1998693196901495;1.0;0.2438664391932959;0.35352639925840934;364.1965503575338;-0.022606539819389582;0.05731451576575637;6.396698474884033;0.011529542866628616;0.152734375
583;4.747872136363804;1.0;0.2835499837147331;0.4069798658366553;336.7868768356968;-0.010697499150410295;0.005968509125523269;6.396063184738159;0.01048336090752855;0.1462890625
584;0.9736343890280996;1.0;0.27361693750295735;0.39756597928400145;402.385583690036;0.0013522868975996971;0.048026753962039946;6.393193936347961;0.007746881619095802;0.1109375
585;4.551463765065008;1.0;0.2768974937924779;0.40810019722819524;370.33995736696534;-0.010719465976580977;0.07019319012761116;6.393679308891296;0.014841745723970234;0.219140625
586;4.629887716580163;1.0;0.2218476755396644;0.33635944844715726;539.5360180722226;-0.010674214782193303;0.06378825763240456;6.3945488929748535;0.00992099717259407;0.138671875
587;5.02118768168064;1.0;0.21966486436477897;0.30649292781124127;303.4252010159554;-0.015305716055445373;0.008430179255083204;6.392646455764771;0.010612413589842617;0.151953125
588;4.817252086717879;1.0;0.2546034506966179;0.3652108507775985;331.5476758201194;-0.0028175960294902326;0.04395980648696422;6.391884207725525;0.011393251095432788;0.1525390625
589;5.789666326939615;1.0;0.2870818139723067;0.4119817898340566;208.54617045237492;-0.0200185792054981;0.009440797381103039;6.3911598205566404;0.008197488926816732;0.1134765625
590;0.017520941167231907;1.0;0.2298178080659661;0.33569665569013635;396.6200392377484;-0.00395028069615364;0.05539454948157072;6.399091911315918;0.011366528668440878;0.1431640625
591;5.7165638160797485;1.0;0.3332155924968227;0.4595355126077028;256.498903714201;-0.013695455598644912;0.08603406045585871;6.3988646268844604;0.012223679642193019;0.168359375
592;4.5514964323767435;1.0;0.19623095155066148;0.2931469962427178;321.289136608549;-0.015670233080163597;0.00617991965264082;6.391316676139832;0.008714849781244993;0.121484375
593;5.039714177612266;1.0;0.294638058683802;0.4453133893292868;147.56680711437176;-0.016577820852398874;0.018717233673669398;6.387840032577515;0.00766666344134137;0.103125
594;5.33100755581584;1.0;0.34117611448564833;0.46772104439781104;175.94968430504653;-0.007199166947975755;0.0733180871233344;6.384000468254089;0.012036999862175435;0.17265625
595;5.978645456301845;1.0;0.3548406191584596;0.5058918914085836;128.09675085201087;-0.01714200181886554;0.017113257106393574;6.380688953399658;0.011183331697247922;0.161328125
596;5.620645905132797;1.0;0.19021589248206838;0.28475630507778826;311.9079978617915;-0.010069695860147476;0.10910789594054222;6.3758585214614865;0.0120083321002312;0.1724609375
597;5.9088547145470764;1.0;0.2728081241507587;0.4155581966352008;218.18924097872642;-0.007634703582152724;0.02761233728379011;6.375773978233338;0.010049327975139022;0.151953125
598;5.570887218282178;1.0;0.23424243614880574;0.3391899528146122;221.90408030043872;-0.011374444607645274;0.031276234146207574;6.3793127059936525;0.011535332142375409;0.1705078125
599;0.8567553321423613;1.0;0.3564324165102829;0.48630697735449796;338.32163084234554;-0.002956197876483202;0.025344931590370833;6.386006855964661;0.013680383516475558;0.184375
600;1.88539091491137;1.0;0.1714473247161573;0.2715807962789874;340.6550414926449;-0.014393655117601156;0.04261604100465775;6.393641257286072;0.013151122187264264;0.1794921875
601;4.782059146818633;1.0;0.26573455293643955;0.4084890389412693;336.5926421924011;-0.010292959283106029;0.05522197494283319;6.393870544433594;0.013581872009672225;0.184765625
602;4.966782945103375;1.0;0.1793360798040314;0.26147688650644796;332.84340092853824;-0.008154259528964758;0.025401295428829535;6.39681305204119;0.011850796240781034;0.16462053571428573
603;3.9130123362508966;1.0;0.21502236873538297;0.2971278648011795;273.50741402438473;-0.00783426275011152;0.029468101728707553;6.3935702085495;0.009461208956781774;0.1322265625
604;6.030104344923962;1.0;0.29734202662096004;0.44525540806787933;354.74811548753013;-0.017588888062164187;0.03274779375642538;6.391266083717346;0.010223444923758507;0.150390625
605;5.137314136345572;1.0;0.31825223533496977;0.4604449916745834;203.61378090292013;-0.012705751555040478;0.056154165975749494;6.398968815803528;0.010493575374130159;0.1490234375
606;5.0677861070078745;1.0;0.24279502474271025;0.3632064495991795;213.32436634602766;-0.014452369743958115;0.040835100784897806;6.406916975975037;0.011339970002882182;0.1611328125
607;4.695754997351213;1.0;0.24197691356045262;0.3282931900549514;323.70982775978433;-0.024834913703111503;0.06777048941988212;6.412006524892954;0.010538930879332699;0.12560096153846154
608;5.263968723250859;1.0;0.380268377216914;0.5190692430407222;184.27284460395245;-0.00802292600274086;0.08425565138459205;6.413879632949829;0.009865973342675716;0.1455078125
609;2.896530295723062;1.0;0.2516045409300229;0.37145092850349887;400.5935000140204;-0.01992054544389248;0.014080848637968301;6.414012026786804;0.009360379306599498;0.1365234375
610;6.328084835777378;1.0;0.21100540404941412;0.3215734260557116;243.42692451096087;-0.012597107235342265;0.035752663388848305;6.419370317459107;0.010934106586501003;0.1599609375
611;5.5174662248612885;1.0;0.1859546247307978;0.28597962329687127;331.0444300728117;-0.010517300153151155;0.03670620825141668;6.420082521438599;0.010165203979704529;0.1443359375
612;1.8512721246953756;1.0;0.2626576715499833;0.34799714913653274;308.7508942082;-0.0037554575130343435;0.06462965849786997;6.420447611808777;0.007848953711800277;0.103125
613;5.228038451547804;1.0;0.2756240733160489;0.409588221435797;327.2434664278978;-0.013910602527903392;0.07309693135321141;6.423808693885803;0.011773346387781203;0.17265625
614;5.152010531655474;1.0;0.299910076416107;0.4226056110640241;282.1279835478566;-0.018157982220873236;0.034541239589452745;6.421786093711853;0.013408078195061535;0.1818359375
615;5.58773261783047;1.0;0.2500561517838903;0.37788192160072076;371.8705286896717;-0.016258709062822164;0.058744793292135;6.413659405708313;0.01188037913525477;0.1677734375
616;2.8883853828033796;1.0;0.2878141503464519;0.390848517375431;370.13026431320645;-0.013710316782817245;0.05264810668304563;6.410767340660096;0.01177096898900345;0.1716796875
617;5.072727573831283;1.0;0.2685600036667255;0.3683865190088972;409.3044835273168;-0.006710888305678964;0.09417348951101304;6.406678986549378;0.00962537359446287;0.1396484375
618;4.634859470049497;1.0;0.3243155169877155;0.4527010313811772;310.72273903876766;-0.013465163577347995;0.06275171712040901;6.400685095787049;0.009519224776886404;0.143359375
619;-7.602430976080637;1.0;0.08033131952874564;0.14308931709987674;1197.5034976071556;-0.011703930189833045;0.054739229194819924;6.3936700344085695;0.009611926565412432;0.138671875
620;5.293805981946191;1.0;0.17761847354350005;0.2797192344738857;380.56163737742645;-0.01006847359240055;0.039632980991154906;6.394533944129944;0.012166438135318458;0.1728515625
621;3.639206733845321;1.0;0.33057661239135466;0.4571585235927428;250.4638074110096;-0.013050327426753938;0.04896645154803991;6.399737524986267;0.009170540107879788;0.132421875
622;5.680929698777499;1.0;0.26840967705527485;0.3726886590232244;307.3903581819126;-0.005172318825498223;0.009973154426552356;6.399281930923462;0.011327979783527554;0.1689453125
623;5.052810087362323;1.0;0.24722290910459327;0.3773919895212666;485.23926849903796;-0.007509597856551409;0.13980198055505752;6.397650027275086;0.01299512964906171;0.180859375
624;6.208760174427571;1.0;0.24372337252955195;0.3642192826734683;268.57527374014506;-0.01116145495325327;0.02401804868131876;6.390476989746094;0.009683910629246385;0.1416015625
625;6.108782699944287;1.0;0.30030106426017583;0.4560842519300798;241.54010494785484;-0.019445210322737695;0.025108956499025226;6.389560985565185;0.010979488189332188;0.1583984375
626;4.623959835452122;1.0;0.2344828767930045;0.3518279578087039;474.7287042311387;-0.006222131894901395;0.0944430211558938;6.397237873077392;0.011023961065802723;0.16015625
627;6.171697835057636;1.0;0.2877777566176461;0.4315906553838828;293.9351443517781;-0.00299255286809057;0.018777780560776593;6.398023343086242;0.008094356232322752;0.1134765625
628;2.567465487316435;1.0;0.23857692478988587;0.36445717665577415;324.4083908154759;-0.009580306196585297;0.028826517798006535;6.398042058944702;0.010603086196351797;0.143359375
629;4.51236175528297;1.0;0.2452242750803527;0.3358884475902554;244.05986929735704;-0.005576828867197037;0.07773639895021915;6.400504899024964;0.01089485945412889;0.1560546875
630;5.966459452482679;1.0;0.27475828164620136;0.4008698364354162;221.5574694447069;-0.01768192332237959;0.06600635070353747;6.403544759750366;0.010922877164557577;0.160546875
631;4.860277218367045;1.0;0.24659165753105497;0.33982592988119437;327.06496229204976;-0.007625271193683147;0.032415303867310286;6.4112773656845095;0.011269482923671604;0.1638671875
632;5.57795810194476;1.0;0.2100349411745897;0.31441241181752005;274.57659833938453;-0.015367065090686083;0.018658257205970585;6.416474151611328;0.014236724388319999;0.2025390625
633;5.447477404920512;1.0;0.3223355702072594;0.4537838025423676;252.8625363959505;-0.008842274791095405;0.01994879962876439;6.418413925170898;0.010496800276450812;0.1517578125
634;4.692946613827391;1.0;0.19744133002238085;0.3042891178144878;439.3407166678063;-0.003954976052045822;0.025637019239366055;6.420413589477539;0.00863038661579291;0.11770833333333333
635;5.058821379065359;1.0;0.19958921803872684;0.2989036041706474;295.99526660371276;-0.01568507724441588;0.09540219232439995;6.420192575454712;0.012905655347276479;0.158203125
636;4.810395655358656;1.0;0.23737353971848765;0.35288218536210303;270.6349054284546;-0.0169426211155951;0.0423105857335031;6.421570062637329;0.008809703879524022;0.120703125
637;6.338140286524;1.0;0.2530903531624256;0.3512814311990985;287.67424816753106;-0.015370381530374289;0.015606603166088463;6.424133777618408;0.007943919918034226;0.10859375
638;2.8015260788786884;1.0;0.23850646837983627;0.35002641007261714;234.2687041804775;-0.011329085240140558;0.09076462090015411;6.425769257545471;0.01110637343954295;0.155859375
639;5.467835557277556;1.0;0.2249071000306158;0.3432482307055918;364.0735160838584;-0.01279129208996892;0.05303201451897621;6.424705266952515;0.014536074036732316;0.195703125
640;4.591762772183093;1.0;0.242052677448829;0.32914320681351084;319.763527668391;-0.00847006132826209;0.055662536434829234;6.424079346656799;0.010982412414159625;0.153515625
641;6.07610806034528;1.0;0.22335866949770683;0.34090328242524004;216.15547545160982;-0.010061335237696766;0.05397353731095791;6.41994309425354;0.009052402153611184;0.1267578125
642;3.4627287168183223;1.0;0.25004566975017883;0.36915772921651974;375.87357980477674;-0.008068396570160985;0.066400589607656;6.414704513549805;0.011030519963242114;0.152734375
643;4.732320091116586;1.0;0.24236361396136924;0.34237947241072014;252.06709553899375;-0.016027077054604887;0.046341738663613796;6.417934465408325;0.010840112343430519;0.165625
644;5.304331968891144;1.0;0.3043175286557174;0.45053651675903483;293.13395623772465;-0.008584161708131432;0.033378901239484546;6.418459153175354;0.010131980245932936;0.1396484375
645;4.909622435352275;1.0;0.23413248571823114;0.35355758815291183;379.3474479819498;-0.014052081480622291;0.052756055071949956;6.418513679504395;0.012279404187574982;0.1751953125
646;5.985691509286188;1.0;0.33161118601467837;0.5057534339376794;317.6150901543213;-0.004939544340595603;0.13839385118335484;6.421233081817627;0.010427536757197231;0.1482421875
647;4.716375308853422;1.0;0.30924083642621386;0.44823361674339707;303.28907440890225;-0.010727378074079752;0.07935684602707624;6.421391916275025;0.009911208390258252;0.1353515625
648;4.803187339676168;1.0;0.16233986344035964;0.229920348649098;337.58202251060635;-0.01327749085612595;0.05355974528938532;6.420506572723388;0.01519262584624812;0.21484375
649;5.879962498643926;1.0;0.3974225092327418;0.5846369788951733;267.41881476047786;-0.014126571547240018;0.09046746324747801;6.419785404205323;0.00857789492001757;0.120703125
650;6.376835342607594;1.0;0.36645609603911805;0.504933737468687;161.56941558234118;-0.011009063990786671;0.049131343327462676;6.419285583496094;0.014760323835071176;0.204296875
651;5.336939485297868;1.0;0.24513336357839485;0.3791616662576075;390.1666864162127;-0.01896264753304422;0.011118905385956168;6.414581537246704;0.011873238172847777;0.1720703125
652;6.586260012604149;1.0;0.33951013436281063;0.4601142088694783;180.35063576827255;-0.009984273789450526;0.03872962957248092;6.413650608062744;0.014147183322347701;0.19609375
653;5.544944030761647;1.0;0.22069131564308547;0.3202796448637937;245.33904671567396;-0.007746215048246086;0.017600806686095892;6.414432764053345;0.009836277237627655;0.1318359375
654;4.9609547411881065;1.0;0.1906544379360399;0.26159986480958847;384.0420665895305;-0.01874392689205706;0.14937360472977163;6.4129688262939455;0.008322492404840887;0.1169921875
655;6.149325876219963;1.0;0.27668156236709585;0.41374692193975415;237.3587871434712;-0.012517388304695487;0.11381083205342293;6.409937500953674;0.013321878528222442;0.1888671875
656;5.3039212615437386;1.0;0.28080442349233675;0.3808571130028158;271.8678138407562;-0.011493245977908373;0.0501662228256464;6.402912259101868;0.00985016655176878;0.139453125
657;5.989986291691263;1.0;0.26917388610348625;0.4186782339075761;321.92118802695654;-0.022085719276219606;0.06359145184978843;6.397841811180115;0.01409960440651048;0.19091796875
658;6.25354887841613;1.0;0.3011042644323554;0.4308876154387921;282.94673710706627;-0.0106339352671057;0.049254546780139206;6.395702600479126;0.013337294640950858;0.1919921875
659;6.195847635633259;1.0;0.2257456269927325;0.33296705907923835;245.5581924232176;-0.0035909424070268868;0.04161117146722972;6.397733569145203;0.008334200293757022;0.1115234375
660;5.284554258953699;1.0;0.2701460899052554;0.41151526600639754;261.26041378063405;-0.0037346762139350174;0.05996770318597555;6.400434350967407;0.011605549254454672;0.165625
661;3.7539740237632793;1.0;0.21668959051905853;0.3237111448041166;292.29848579381644;-0.009765328513458372;0.11778749935328961;6.402541828155518;0.008608783583622426;0.1177734375
662;5.2146922560989015;1.0;0.23433920644309564;0.3669327445060429;404.7670348249978;-0.002497888170182705;0.025364879122935235;6.400835752487183;0.011263431690167636;0.16953125
663;5.258796355305367;1.0;0.28044211397796787;0.41906305450043685;262.0528638498745;-0.011328261345624924;0.06016857568174601;6.400214695930481;0.012401602894533426;0.1796875
664;6.338304849097562;1.0;0.2750250518361906;0.42790018247750894;219.3908464641208;0.008164355531334877;0.04364181266954312;6.399464277120737;0.013700300003760137;0.17938701923076922
665;6.730265597920657;1.0;0.19957847068657072;0.2900913735193337;289.3714305396631;-0.010997324017807841;0.04461839562281966;6.399888491630554;0.01281860270537436;0.1857421875
666;5.7631945830485725;1.0;0.3720707616571807;0.5646703008099798;309.83325838390556;-0.01460739253088832;0.03889865893870592;6.398857736587525;0.011624020640738308;0.16015625
667;4.754825749765949;1.0;0.29312784612521464;0.44745245813521733;356.778145149322;-0.0055968765635043384;0.03993743089959025;6.400687408447266;0.013905725965742022;0.196875
668;6.052151959368036;1.0;0.32477505468592804;0.5073517122920397;215.48693379366244;-0.011037669517099858;0.07052670922130347;6.405016231536865;0.00871575583005324;0.1189453125
669;5.526610774612186;1.0;0.21627412650460573;0.3152347537173311;303.42156338253517;-0.0036589558701962234;0.028321655141189693;6.404354929924011;0.009245413856115192;0.1349609375
670;6.694004673194268;1.0;0.24122808844521593;0.3795833006794937;209.3879000170008;-0.0025865855161100624;0.023285520169883965;6.406208872795105;0.012071327236481012;0.16171875
671;6.636826031991266;1.0;0.3424535422217098;0.47096655416418337;137.50799755922824;-0.014422193681821228;0.0802735596895218;6.409731006622314;0.016108716698363425;0.1896484375
672;6.333817456138169;1.0;0.24447225691893848;0.36740268758000627;238.24422869402778;-0.01490994025953114;0.07206096854060888;6.406259822845459;0.011922370363026857;0.16640625
673;4.827359100422162;1.0;0.2575837300220034;0.3944433983211343;200.13111511418273;-0.015035957843065263;0.048845774959772825;6.399180555343628;0.013729811005759984;0.1998046875
674;6.34666732702723;1.0;0.3247813721942729;0.4791370354171774;283.5702661373947;-0.006260208797175437;0.0377782944124192;6.398665452003479;0.013804882718250155;0.1919921875
675;3.981839960195883;1.0;0.22192995255750983;0.34907499753930293;249.18299732960637;-0.021912663849070667;0.0068266262300312516;6.4000845670700075;0.011202626628801227;0.159375
676;4.49379764426453;1.0;0.3047555247444947;0.45381321829408094;182.86313076926203;-0.0066218339838087555;0.036877065990120174;6.402060604095459;0.012853037740569562;0.1900390625
677;5.801287253286537;1.0;0.3057088362365912;0.43066953415944476;260.847073509887;-0.011600384744815529;0.024012809991836546;6.40259861946106;0.008537760330364108;0.1265625
678;4.305500405772067;1.0;0.18794721153706326;0.3013851546990858;389.2881416344488;-0.014304237579926849;0.09110552817583084;6.401666879653931;0.010292696626856923;0.137890625
679;6.759681971208706;1.0;0.24338942570085634;0.3823912418697565;228.4550303535369;-0.010710762871894985;0.08150655478239059;6.395974111557007;0.00967932289931923;0.1408203125
680;6.085983338175206;1.0;0.21791355035308912;0.3288613435733284;290.3131012118125;-0.013239443162456154;0.09570781737565995;6.396033000946045;0.013654232735279947;0.1869140625
681;6.251946970985548;1.0;0.3186281487584302;0.4384445509309746;171.18006757323812;-0.006416299846023321;0.0258757755625993;6.400094318389892;0.01003453895682469;0.14140625
682;6.429272760654366;1.0;0.34198568178100786;0.4756970199488984;145.350879581904;-0.013787283003330231;0.026111891213804483;6.398645567893982;0.012431769794784487;0.1755859375
683;6.1923340754846565;1.0;0.3664107434449529;0.5229030881959975;177.1548304018625;-0.008139982679858803;0.0490674328058958;6.39627206325531;0.00959776968229562;0.1322265625
684;4.510973605100333;1.0;0.21109526308348903;0.31547885255342967;265.0611809231953;-0.011255866754800082;0.09179834835231304;6.3960155010223385;0.010188548930455;0.1544921875
685;5.304033632910503;1.0;0.33141102306974907;0.49509847532699514;388.4734401660881;-0.009477486740797758;0.03255091328173876;6.398773336410523;0.009586332354228944;0.133203125
686;6.16664263045643;1.0;0.36747599797883806;0.5257898887463618;112.90613807967827;-0.011914890818297863;0.05877004796639085;6.399968004226684;0.007483039947692305;0.1021484375
687;3.8803116706681977;1.0;0.34780383575533114;0.5096831288351333;256.2823315923587;-0.011329338047653436;0.08259136062115431;6.3996443271636965;0.01035259421914816;0.1578125
688;4.780704904767013;1.0;0.26873763438405446;0.40450324440542956;355.30515606250435;-0.015106238378211855;0.029415534855797888;6.395957326889038;0.009726143372245134;0.1412109375
689;5.234476156291624;1.0;0.18622005046679582;0.2721405630436747;371.0807131689994;-0.01188212027773261;0.042795998184010385;6.399493336677551;0.012136905849911273;0.1693359375
690;2.1395818470314563;1.0;0.24302693407265463;0.3499005121945064;268.06499409934975;-0.006743248552083969;0.04805816188454628;6.4008948564529415;0.012643797777127475;0.1771484375
691;5.251247094885133;1.0;0.32126555094400894;0.4338653196015892;286.55307769303244;-0.005704506230540573;0.05534423170611262;6.400033092498779;0.009630036749877035;0.13125
692;5.38488132393347;1.0;0.2763484505742946;0.40609545923783247;341.7062356273605;-0.013863434875383973;0.04081534841097891;6.400947880744934;0.010938116465695202;0.1583984375
693;5.491736400596557;1.0;0.2578959842677412;0.35869847063257476;188.8983268032843;-0.004521754430606961;0.011379810469225048;6.406097340583801;0.007881342736072838;0.10625
694;5.8097511748525905;1.0;0.31141618731391835;0.4744149507146887;377.54707862430206;-0.022185118740890176;0.08692599423229694;6.4053056001663204;0.014114513690583409;0.1951171875
695;6.513829446733686;1.0;0.3779750884804224;0.5227754479237265;119.21384262294747;-0.02083130395039916;0.07005505934357643;6.41198947429657;0.01487631832715124;0.1984375
696;6.0373406124837885;1.0;0.38159497158362965;0.5647888863807382;197.3457729083357;-0.006760793423745781;0.02991199875250459;6.420826053619384;0.01262690438888967;0.1794921875
697;4.495858668249727;1.0;0.24371055367744004;0.3296446236214141;232.78247597878462;-0.009949514456093312;0.0601857976987958;6.421829867362976;0.009900562523398548;0.1361328125
698;5.654884326626366;1.0;0.2631540734399624;0.3840160703598012;249.56598642843792;-0.013065477972850204;0.025220101606100796;6.423142266273499;0.009753670031204819;0.141796875
699;6.305426048497024;1.0;0.27124131180321515;0.4167291231265506;221.4868625158121;-0.0038771758787333964;0.049687492288649084;6.419887065887451;0.010547917266376317;0.1501953125
700;6.019425002032657;1.0;0.27771801801521107;0.44041557567197875;239.6388661204772;-0.010125334654003382;0.09283383525907993;6.411558485031128;0.010736967087723315;0.1482421875
701;4.740039240817065;1.0;0.23215625093487868;0.3419925051699516;293.02646810346346;-0.009584058122709394;0.03709222637116909;6.4040403127670285;0.010593909746967256;0.1453125
702;6.1270759076047785;1.0;0.3371378111392963;0.4881921482106929;268.82189020325507;-0.011369291157461704;0.0458617418538779;6.398790550231934;0.013808633049484343;0.188671875
703;5.142193927054176;1.0;0.2788794457504491;0.42413974077533334;467.7735655934844;-0.006806515716016292;0.047159853484481574;6.398338723182678;0.013187437842134386;0.1939453125
704;5.376236051181526;1.0;0.26544779782064576;0.38278330774432656;222.82830401810526;-0.016682247817516326;0.061390698235481975;6.404128861427307;0.007229343696963042;0.097265625
705;6.844905645760594;1.0;0.3029814902929258;0.45760396147109633;219.8473641593158;-0.011712498916313051;0.028526795376092196;6.410427045822144;0.01361501864157617;0.1916015625
706;5.115324029950703;1.0;0.22838701937170208;0.3562245460759977;266.70201623695465;-0.002465527132153511;0.02720832065679133;6.412854957580566;0.011566601030062884;0.148828125
707;6.192474199887135;1.0;0.37103533740279504;0.5505407113580286;107.90991133282475;-0.018846349488012493;0.030792077630758287;6.409688949584961;0.008035929803736509;0.1005859375
708;3.5168165586576654;1.0;0.3137038912772939;0.4704251314817076;293.1525630968361;-0.007784031610935926;0.06490882439538836;6.404186105728149;0.010895535699091852;0.1447265625
709;5.354347072020488;1.0;0.21066614551627655;0.32448511292531235;249.9952970930801;-0.015040826378390193;0.027987830340862274;6.404492425918579;0.012646285770460963;0.1853515625
710;4.707620249188906;1.0;0.31693579467024935;0.4330120437712742;296.31937199483156;-0.009384998632594944;0.03389750560745597;6.3971425771713255;0.012999706901609898;0.168359375
711;6.038807983223958;1.0;0.38305295855318156;0.5650903736242294;176.78734281583274;-0.012733162357471883;0.02436395240947604;6.387559604644776;0.012746227311436088;0.1751953125
712;6.2251357181564675;1.0;0.3834355565015414;0.5577320079004111;126.85358786791295;-0.005682593234814704;0.013582668965682387;6.386901640892029;0.009908649732824414;0.140234375
713;5.465628795455555;1.0;0.1943915154002089;0.30997479331884786;284.04536610902915;-0.019616996962577106;0.049880170822143556;6.392507934570313;0.012758322816807777;0.186328125
714;4.264342480991219;1.0;0.3260709675468157;0.49526523335722894;337.20085579552796;-0.011503274156711995;0.0165472068823874;6.39217517375946;0.009904864919371903;0.1267578125
715;6.355227920005412;1.0;0.3056372199624369;0.4766613889676203;153.87935662774288;-0.022482191515155136;0.015211404813453556;6.391070294380188;0.013815024122595786;0.1990234375
716;6.33994394727841;1.0;0.2786949758076234;0.42855002204631043;164.87502728673005;-0.014822376053780317;0.11079881610348821;6.390911340713501;0.011884998239111155;0.16015625
717;5.634469710855133;1.0;0.2923664971086577;0.4502512826172679;441.8034333956246;-0.012305307062342763;0.02700016275048256;6.389219784736634;0.008496339083649218;0.1240234375
718;6.0475605879807794;1.0;0.3736191343302324;0.5403075536732674;212.0172589406965;-0.019750561309047045;0.0847149034962058;6.390616106986999;0.006641871493775398;0.0890625
719;5.72200427593895;1.0;0.27793097679593515;0.42176768789936975;316.8595902044916;-0.014879456395283342;0.06837089229375123;6.387806820869446;0.013089596224017442;0.18125
720;4.945100286076751;1.0;0.2626787218324611;0.3949790196131358;489.9130509459008;-0.008968518022447825;0.025448696641251444;6.384125304222107;0.013067804300226271;0.1875
721;5.138028406840691;1.0;0.3738808365288181;0.4987029707823421;153.92315605068146;-0.007715474348515272;0.05788345187902451;6.378326869010925;0.009783793042879551;0.1373046875
722;5.714332552691492;1.0;0.3373482557299548;0.48274268248562696;304.459872131506;-0.01627277131192386;0.04415644099935889;6.3736443519592285;0.008692768309265375;0.12109375
723;4.90625422619062;1.0;0.29382615964751546;0.4342323397542747;322.94338890943555;-0.00600252477452159;0.07630563881248235;6.366397213935852;0.00954238249687478;0.119921875
724;3.3983301084822646;1.0;0.279462882991514;0.3858951220178084;319.28299598272326;-0.007089374493807555;0.027215432561933994;6.358648180961609;0.011050034267827868;0.158984375
725;6.756307735723345;1.0;0.3828848232340942;0.5057702562169157;152.9956588015518;-0.01454302342608571;0.023288602754473687;6.360829305648804;0.012875318375881762;0.183984375
726;5.821806332485327;1.0;0.3093919503028554;0.47452086479059974;406.7844939101684;-0.006713838595896959;0.04502447694540024;6.363433837890625;0.0141969860997051;0.18984375
727;6.139839281227982;1.0;0.39093510889491745;0.5472710949673856;264.32169657375994;-0.019938469212502242;0.08526086201891303;6.360687255859375;0.009925858268979936;0.137109375
728;5.996165688511563;1.0;0.3216048583107377;0.5040651233383886;259.193037649715;-0.019308419754871957;0.03865392993275936;6.356065199925349;0.011500403804417986;0.12530048076923078
729;6.3366398445552665;1.0;0.26310621761935815;0.4196692896492324;245.088804747006;-0.011921877041459084;0.03516336977481842;6.3525773048400875;0.01276456278283149;0.173046875
730;1.4964429421155567;1.0;0.31409439770489106;0.4563637317972437;428.179481336208;-0.006314483378082514;0.05197681724093854;6.35760269165039;0.010486894054338336;0.144140625
731;-5.061890210176151;0.0;0.0;0.0;947.5523938801523;-0.006348156882449984;0.025147138023748995;6.357192850112915;0.011268849181942642;0.16015625
732;5.991861644244744;1.0;0.31323572047097503;0.4800309765978955;243.70235542007532;-0.015474152378737926;0.02169722765684128;6.354584646224976;0.00975148738361895;0.137890625
733;6.664745769124788;1.0;0.2732257728854426;0.43296865331995854;261.9695260970489;-0.008697137422859668;0.02924770563840866;6.356276631355286;0.007025705731939525;0.0994140625
734;3.5739331429500996;1.0;0.362697634141912;0.5047784591579555;163.62540602072374;-0.012445821799337864;0.015560993738472462;6.361514639854431;0.0094297700910829;0.132421875
735;6.0537262462305765;1.0;0.28028143489364693;0.4419895804132931;404.5893865718051;-0.015764367673546074;0.06438444256782531;6.369011569023132;0.010931907081976533;0.1583984375
736;-4.74605241362633;0.0;0.0;0.0;1021.8624853414544;-0.0013069683685898782;0.09158215187489986;6.377826809883118;0.01339620464714244;0.1724609375
737;-6.033049722790789;1.0;0.11042178494685832;0.18388441030869623;1326.5486990651073;-0.00811395775526762;0.008186857518739998;6.37852668762207;0.00898366131586954;0.1287109375
738;-0.952944353023311;1.0;0.09684105975675833;0.16568932019580182;715.5218721468415;-0.006737569626420736;0.03942624935880303;6.382266473770142;0.010271392413415015;0.1388671875
739;5.914246088607675;1.0;0.3764809779795172;0.5406868162566321;226.37710390724183;-0.01082898718304932;0.06554739456623793;6.385344290733338;0.012173991615418345;0.1697265625
740;6.476392874242064;1.0;0.3218582758883315;0.4497491658347271;319.488293088891;-0.004447553865611553;0.12111712470650673;6.380489945411682;0.008056167187169195;0.1173828125
741;6.1624613267064925;1.0;0.3016109115896008;0.4470868865838544;276.6957851118835;-0.011435408960096538;0.07896748632192611;6.370482754707337;0.012200462643522769;0.1693359375
742;6.4567874091851385;1.0;0.30781885796264796;0.4746810327884149;312.447058060991;-0.014026062609627844;0.01886861170642078;6.365503668785095;0.00993097642203793;0.1455078125
743;6.528318547153765;1.0;0.27723748017704825;0.4384640234514109;247.19302040675836;-0.012329278327524663;0.0039293397916480895;6.357856702804566;0.0070265189395286145;0.099609375
744;3.1415047859720104;1.0;0.36305671438819276;0.530606118161668;264.76325140384614;-0.0146346649620682;0.00776281557045877;6.358848977088928;0.009967166336718947;0.1408203125
745;6.552638783444337;1.0;0.386234250444461;0.571940363570332;160.75058556229496;-0.004139535361900926;0.08063948564231396;6.365794992446899;0.00927942480193451;0.1353515625
746;6.698809464516021;1.0;0.21690858990186007;0.3406030360534451;243.45121779512917;-0.014982588309794664;0.17120857313275337;6.371021962165832;0.01167654754826799;0.1689453125
747;2.655718008894329;1.0;0.1652327953122939;0.22598299166382932;391.52304470124824;-0.013516308250837028;0.013933796482160688;6.373079252243042;0.01168073753360659;0.161328125
748;5.9014942120526035;1.0;0.31600844205808487;0.491894829263943;363.1665589186949;-0.011597724701277911;0.009502608911134303;6.374292373657227;0.010086931742262096;0.1431640625
749;6.485368561592362;1.0;0.43608373573866877;0.5723918342789904;104.88772982717404;0.0022679563146084545;0.050812485394999385;6.378496193885804;0.008359301392920316;0.1171875
750;3.1185323752264646;1.0;0.3058823528172557;0.4457800430247679;249.6062327707824;-0.016172081977128983;0.06258603222668171;6.381209135055542;0.010847389476839452;0.148046875
751;6.26327252253054;1.0;0.34704945769684237;0.5246679687595773;175.09619380911067;-0.0069901823531836275;0.03614757307805121;6.381568908691406;0.009649789112154394;0.1296875
752;6.131076219537896;1.0;0.27772706375565215;0.42381487921051236;370.5903073074858;-0.006924114469438791;0.05717335594817996;6.378673481941223;0.01375495862448588;0.1841796875
753;6.056567682743925;1.0;0.3988514193723279;0.5976377422226431;211.12204224852803;-0.012077378388494254;0.03507540775462985;6.3785165309906;0.00989026486640796;0.1412109375
754;5.817052537642604;1.0;0.3678209866473552;0.5374920012657722;306.68437400197814;-0.030203867144882678;0.04039173172786832;6.3816513299942015;0.011420828080736101;0.161328125
755;6.600250471179757;1.0;0.32602945430164676;0.47561460321188553;192.20696121275742;-0.0072052889503538605;0.029898122046142818;6.386285710334778;0.009189561090897769;0.128125
756;6.551551602266349;1.0;0.39405816477372096;0.5795637893771275;107.37334522160016;-0.020681957807391883;0.042491968255490065;6.387522625923157;0.012489858211483806;0.162890625
757;6.232215750664174;1.0;0.3312192162177179;0.4843463995342981;263.13634977480467;-0.014439708506688475;0.04094120529480279;6.382947707176209;0.010507669113576413;0.1462890625
758;6.54761002762288;1.0;0.2675576878711774;0.4211916869740377;273.36989325024314;-0.01807071631774306;0.1456766277551651;6.379397177696228;0.011783536768052726;0.1673828125
759;4.435221651435558;1.0;0.21496593049624244;0.3100156962163864;346.0721805454087;-0.009755091834813356;0.04476581267081201;6.381132292747497;0.009256678749807179;0.134375
760;6.1809252950398506;1.0;0.3095121543457223;0.47787586009936545;416.4897901670916;-0.007991727441549301;0.008764350274577736;6.381905889511108;0.009648299589753152;0.12734375
761;3.244828136766234;1.0;0.3515730058863542;0.5033941752017538;305.6077250364557;-0.002954720566049218;0.03925196528434753;6.386681914329529;0.009665042487904429;0.1455078125
762;6.419498978692506;1.0;0.42708244848184074;0.6123882009698696;84.79524161667287;-0.008146244892850518;0.029038894083350898;6.393277740478515;0.0124801967991516;0.17421875
763;5.353223746676294;1.0;0.35851687745810973;0.5360252122097466;116.88007365536498;-0.009916621167212725;0.0115337033290416;6.400141167640686;0.010061893740203231;0.13125
764;3.86094238755562;1.0;0.1413954849981749;0.21905983610964566;383.68503368520146;-0.01353586632758379;0.03141287080943585;6.4046190023422245;0.009943573561031371;0.1408203125
765;4.013467720622092;1.0;0.36690130900931334;0.5454252316569708;326.0936532660969;-0.014169750222936272;0.05732352528721094;6.407723999023437;0.012697451934218406;0.1779296875
766;6.5961052310422446;1.0;0.34604488491933033;0.47405079506146236;174.5087345170088;-0.010361211001873016;0.030866138730198146;6.411323881149292;0.01381513524102047;0.1865234375
767;5.965435835924196;1.0;0.3958807208926489;0.4662096641839521;151.3233821406869;-0.02004822445451282;0.056626916863024235;6.407668888568878;0.01419300731504336;0.178466796875
768;6.339185098636864;1.0;0.42171429298629465;0.6258406792585735;110.5111849844622;-0.00407004626467824;0.014948052074760198;6.404680895805359;0.009621329407673329;0.1375
769;4.694414398645277;1.0;0.3560437051569269;0.5218836451549539;175.16944945624135;-0.011554885189980268;0.029707826394587755;6.407836604118347;0.008120441227219999;0.1087890625
770;6.321979732906294;1.0;0.40727845619998587;0.5896639756595962;125.24265124450702;-0.01377644034801051;0.05631809905171394;6.417029809951782;0.011289968981873243;0.163671875
771;6.051854607631685;1.0;0.31644206662724217;0.5008440463311006;415.5461733462755;-0.003509304765611887;0.08677347805351018;6.420837616920471;0.01047973205568269;0.1427734375
772;5.568838022150334;1.0;0.3185127652198693;0.5009674012892658;330.8997476226921;-0.018425990454852582;0.04740381510928273;6.423252892494202;0.01551161251263693;0.20859375
773;4.655715057357459;1.0;0.28500062374271334;0.36558527625106574;314.55195200334146;-0.012189978384412825;0.0063938356237486;6.4284264087677006;0.009462670283392071;0.1322265625
774;6.041548343255911;1.0;0.32292098706093414;0.504120217736656;355.15420056504934;-0.007601771759800613;0.07128032501786948;6.433905792236328;0.010484335490036755;0.165234375
775;4.518619474296756;1.0;0.31675919904027283;0.4892961092963283;218.54699430355922;-0.008166234940290451;0.04912891001440585;6.4276487827301025;0.014090959599707275;0.18359375
776;6.105831294921192;1.0;0.3298617768969495;0.5239835449529119;255.08759416066144;-0.015269352355971932;0.03992251818999648;6.429901218414306;0.010485944699030369;0.1365234375
777;6.377438927951825;1.0;0.30237067434159215;0.47295256143084363;209.43086894850165;-0.006960642477497459;0.023459002701565625;6.437663531303405;0.009213561890646815;0.1296875
778;5.924740473486808;1.0;0.3044172488158838;0.4887412791154215;250.4758567262342;-0.016223949659615756;0.05160766690969467;6.44294114112854;0.014753557392396033;0.2005859375
779;5.203653660007239;1.0;0.32216693692228304;0.5140846835237486;248.70452987193633;-0.012458103662356734;0.054010944440960884;6.443824934959411;0.010263264528475702;0.149609375
780;6.5297221212439505;1.0;0.28012430768557617;0.4588345473118909;189.51416803844356;-0.008038008026778698;0.08727542962878942;6.440104961395264;0.01175298896851018;0.1642578125
781;5.799051472345063;1.0;0.36965244680322157;0.5529615635926507;343.23701189692827;-0.011904214229434728;0.09076971895992755;6.436914300918579;0.012213540636003018;0.171875
782;4.5031678730137585;1.0;0.35638642502171075;0.5380108708380713;202.7289644567371;-0.009816246177069842;0.05803434457629919;6.430079483985901;0.010740302503108978;0.1591796875
783;6.26918795540714;1.0;0.403169210549427;0.6060940331392496;276.9857543045143;-0.01169475147034973;0.0430608888156712;6.431086421012878;0.009102099784649908;0.1302734375
784;6.102264974341194;1.0;0.39382999640074634;0.5740089310224559;245.0656184172721;-0.006354969460517168;0.08978994693607092;6.431322455406189;0.012473753176163883;0.1703125
785;5.983326778249138;1.0;0.3389367320479937;0.5313957791015421;356.6171793758977;-0.014114046818576753;0.0708737712353468;6.432446455955505;0.011841166962403804;0.165625
786;5.988607994068277;1.0;0.3768679586920187;0.5505302801630917;311.39745878424316;-0.014158096304163337;0.04085828429087997;6.4301841974258425;0.012847033923026174;0.1736328125
787;3.8142021005085787;1.0;0.3492772819961889;0.5122605263068393;365.20972769670675;-0.004572458879556507;0.06559689976274967;6.430048036575317;0.01233957811491564;0.16796875
788;5.807586994509148;1.0;0.2858775430055753;0.4387734394021204;317.29475782910373;-0.014563089469447732;0.048300513066351414;6.429876899719238;0.014953176910057663;0.1951171875
789;4.850508792341415;1.0;0.3585389551947548;0.556773398061432;332.8725588050745;-0.023243225272744895;0.05898073343560099;6.429000043869019;0.013304806221276522;0.1953125
790;2.6820146913539777;1.0;0.2220568216580496;0.3322036943947549;382.68743478191095;-0.009656626731157303;0.011343760509043932;6.432291626930237;0.008504016580991447;0.1267578125
791;5.78064397097813;1.0;0.3311427703373857;0.5140520356047641;386.3377443660849;-0.0098264514002949;0.07494558393955231;6.437444257736206;0.008934262371622027;0.1265625
792;4.072898451626758;1.0;0.1496977009737122;0.22229262569862454;352.45566118737116;-0.008887517359107732;0.11799297966063023;6.435194778442383;0.00922429837519303;0.13203125
793;5.317963753866406;1.0;0.22615549529410375;0.357680245235965;275.41542771841324;-0.006367329834029078;0.08808667166158557;6.432250547409057;0.009348858380690217;0.1361328125
794;4.012380547997668;1.0;0.17691670409157154;0.25759763246552847;369.28398505062734;-0.0025231265113689005;0.025767853204160928;6.431483864784241;0.00972342308377847;0.1470703125
795;4.394928877413655;1.0;0.21976294233990842;0.2834685082192747;300.6806325376575;-0.012529067834839225;0.05586689221672714;6.433948945999146;0.009087638999335467;0.1296875
796;4.712835564904046;1.0;0.27616130509253844;0.3937188453584969;303.3741078410038;-0.004739052522927523;0.04124024356715381;6.432008409500122;0.008966694737318903;0.12265625
797;2.1353834846662885;1.0;0.13571656014986974;0.1902118604032056;505.0097442128648;-0.011088744644075632;0.0830973455682397;6.432195091247559;0.010478919697925448;0.151171875
798;3.734617905383737;1.0;0.1647115388764997;0.2096781180822535;407.70884075816167;-0.01026833150535822;0.040766612906008956;6.431749296188355;0.012554993981029838;0.1814453125
799;4.505597357087511;1.0;0.24017338300453211;0.36120256825021263;402.2659513438366;-0.010776601230295805;0.07167120636082612;6.430949981396015;0.011410029139369726;0.14693509615384615
800;6.2865312554775485;1.0;0.33314633430079976;0.49796068301132385;375.12807973827006;-0.010973865166306496;0.03241729438304901;6.432617926597596;0.013632561080157757;0.1869140625
801;6.299761959136678;1.0;0.3517087626720377;0.5428328306563528;345.5776387053792;-0.008601280907168985;0.01907246058108285;6.4354493618011475;0.01306251682108268;0.18125
802;3.0733347285644195;1.0;0.27484630621848544;0.36958156244544393;265.1325312843979;-0.010913534043356776;0.04483580649830401;6.440700721740723;0.012238135829102248;0.183203125
803;4.925548665655529;1.0;0.24514861332738888;0.3194945224716323;283.8180963252742;-0.008018903224729002;0.02449582489207387;6.444093418121338;0.00881216002162546;0.1310546875
804;5.038233711896703;1.0;0.24833689510526336;0.3682298371352067;241.11881908679285;-0.011934291990473866;0.03056648443453014;6.439465832710266;0.010609799751546235;0.150390625
805;2.9815047489929274;1.0;0.17676334245497705;0.25506412038415033;411.9050596484382;-0.004765850258991122;0.05907140150666237;6.438007760047912;0.00877284713787958;0.116796875
806;6.4475287451744885;1.0;0.37317886422881835;0.4657969936387628;220.15197796132213;-0.0019398946315050125;0.06717381831258536;6.436553525924682;0.009218304394744336;0.118359375
807;6.0331501008814765;1.0;0.4187411873932978;0.6396118060235197;188.72159218461897;-0.0119428597856313;0.03726456789299846;6.434204959869385;0.007877993839792907;0.1080078125
808;5.507656576525812;1.0;0.37779128362533365;0.5718775610693029;303.1651921425284;-0.0072597751393914224;0.01954372392501682;6.427141118049621;0.01037664890754968;0.1517578125
809;6.235890125975143;1.0;0.3979554708848855;0.5947609451883423;138.00828096217057;-0.014087359514087438;0.019112256355583668;6.424525356292724;0.009581723785959183;0.1265625
810;0.9892411457973069;1.0;0.16851117082704342;0.25185261230542483;567.2961288396463;-0.004125503078103066;0.004385313706006855;6.426684403419495;0.010527064872439951;0.148046875
811;2.9117617048133626;1.0;0.34594881843613184;0.4498992365528892;286.85953065580657;-0.004416839801706374;0.02990175997838378;6.431272101402283;0.01106118162861094;0.1470703125
812;1.3122349084299003;1.0;0.31103806567702796;0.4435501140727741;245.08059216271133;-0.006101497495546937;0.0449995438568294;6.439236688613891;0.01081239728955552;0.154296875
813;6.020592607356622;1.0;0.3594338168892593;0.5071825500501823;301.76246119344853;-0.01100438516587019;0.016440505953505637;6.443609666824341;0.0061067529954016205;0.073046875
814;-2.4155067387890408;1.0;0.3416289620185296;0.46432141280113465;389.87131915104374;-0.010399165470153094;0.0356588242109865;6.443040609359741;0.007384473585989326;0.1037109375
815;5.9604129578772636;1.0;0.2954736827465172;0.4474419846623262;254.34212714189428;-0.007157999603077769;0.05849945899099111;6.44580569267273;0.011523554532323033;0.15546875
816;5.9244174009083075;1.0;0.384242395496776;0.5881517949924865;207.26564226646346;-0.008803636021912097;0.028567237593233586;6.4454806566238405;0.009782785049173981;0.13671875
817;5.982597338849049;1.0;0.39900831115102636;0.5932204379209358;185.36278792043407;-0.014773000823333859;0.005305923381820321;6.444040250778198;0.009204865980427713;0.13359375
818;3.2047251522231166;1.0;0.44579066304217857;0.6102477746361716;110.15921667928755;-0.014047942077741026;0.0059067950351163745;6.4447619915008545;0.01054673467297107;0.14453125
819;6.213456196827643;1.0;0.32708377712656495;0.43574469625441664;197.74838868014348;-0.012913753330940381;0.027885679388418794;6.446590614318848;0.010459809692110866;0.14609375
820;6.058671457855322;1.0;0.35783587085137647;0.5440614148288484;215.5463712598857;-0.014117022883147002;0.024821718875318765;6.450806927680969;0.013362493831664324;0.196484375
821;4.382453450809806;1.0;0.3369105217769091;0.4762131405215478;312.43987055828734;-0.011118799727410079;0.04909536074846983;6.455190801620484;0.011343589099124075;0.1533203125
822;3.157561292450439;1.0;0.28348585375040225;0.3858200784890307;232.23292027412276;-0.007162514980882407;0.04973447909578681;6.4531348705291744;0.011446355050429702;0.1568359375
823;2.8872809871684186;1.0;0.15244249403279536;0.2066855469586622;451.0696355840527;-0.00525845333468169;0.018529979279264808;6.452656579017639;0.011681852664332837;0.1697265625
824;5.569996043714884;1.0;0.4216106763189625;0.6209133154273886;244.55994727817904;-0.010381713882088662;0.03207572442479432;6.454297065734863;0.012566374067682773;0.1896484375
825;3.2640315605383003;1.0;0.15429818259448114;0.22657718683793332;398.5035135901629;-0.005030782870016992;0.034100037440657614;6.455842113494873;0.007781340321525931;0.108984375
826;-0.3261166765184198;1.0;0.19655830880641234;0.27236210965380686;316.6449746133087;-0.004156403802335262;0.03118498083204031;6.448109531402588;0.010078946640715004;0.14375
827;5.725612745408515;1.0;0.3838869218059645;0.5462811024709481;294.9001256742864;-0.012037455011159182;0.019290710194036366;6.443313193321228;0.011875266476999968;0.156640625
828;6.4011852437570145;1.0;0.25700663177563515;0.36536237841360203;279.67217564374096;-0.0022567568346858026;0.019259295612573623;6.446403622627258;0.014866058714687824;0.2091796875
829;5.178800120257439;1.0;0.2339991336390404;0.34647400742812307;340.14772078938717;-0.010015963413752615;0.05911768730729818;6.445123791694641;0.01113341333111748;0.1611328125
830;0.8570632648080041;1.0;0.22500066668041557;0.30127389645458097;404.7625418160711;-0.00998927946202457;0.01497036952059716;6.444862651824951;0.009219493414275349;0.13046875
831;6.039777749172682;1.0;0.39161082149538295;0.5795975419128466;256.98757932706076;-0.009552627662196755;0.006792496726848185;6.4391775846481325;0.010965413157828152;0.1609375
832;5.6333904830319765;1.0;0.3747153751526959;0.56634288469654;179.54167715537048;-0.011266671330668032;0.020176388323307037;6.438402795791626;0.010408840177115053;0.133984375
833;5.780429047495319;1.0;0.4154498441243799;0.6056432512092342;215.68583680073309;-0.021855566743761302;0.04553063027560711;6.440015959739685;0.007502171082887798;0.099609375
834;4.519306704042133;1.0;0.3951132771315714;0.5778846137588434;325.6965939258286;0.0010000712238252163;0.020185301010496915;6.439099740982056;0.012975580559577793;0.1787109375
835;4.248432096400899;1.0;0.40346500969104854;0.4982928116111258;159.24093489457547;-0.00942097520455718;0.04615715406835079;6.433620405197144;0.009482955152634531;0.1333984375
836;6.059935692815967;1.0;0.34831151021276957;0.5155432502538966;130.04821546445177;-0.013592843490187079;0.02186574824154377;6.426083445549011;0.011823832779191435;0.1626953125
837;6.323956135286197;1.0;0.44470869995955975;0.6219075817597282;105.19269282827617;-0.009587843483313919;0.03493531087879091;6.424581718444824;0.011745872732717544;0.1619140625
838;6.437945970416895;1.0;0.33971708303575443;0.4739678660972882;248.7889981988031;-0.010372423240914941;0.033113490836694834;6.426357245445251;0.010256056964863092;0.1515625
839;6.319860414979394;1.0;0.3538979366107961;0.5212282101281317;298.14125293227545;-0.01369517669081688;0.004216612875461578;6.426034092903137;0.009684825700242072;0.13671875
840;6.3152918074507545;1.0;0.2838420795990346;0.3821933480301308;243.0828033911767;-0.013574028108268976;0.005015130445826799;6.431074118614196;0.011644018650986254;0.1630859375
841;6.0415882743065765;1.0;0.23533041848860795;0.3408034240530483;236.84757565497338;-0.015209750458598136;0.028660643473267557;6.428769850730896;0.012697855196893214;0.1724609375
842;3.4284040707938237;1.0;0.14473921645546922;0.2185862599877643;364.98528731564375;-0.004688626279433569;0.031767233895758785;6.429747295379639;0.010920865073179206;0.15494791666666666
843;5.336136440004074;1.0;0.37501364743658605;0.5414551919041047;363.8221138596946;-0.011614220030605794;0.01786219426430762;6.427439594268799;0.012184173753485083;0.169140625
844;6.212619905796545;1.0;0.3270288480658298;0.5053916834822068;242.1078577848039;-0.00983980695406596;0.024047267685333888;6.424061393737793;0.013300221879035234;0.17317708333333334
845;6.165008669119343;1.0;0.3500649527009648;0.5349539711647251;246.24991808378545;-0.0026322219831248126;0.028906570540534124;6.425024138556586;0.012648779329740338;0.1636284722222222
846;6.300929269904432;1.0;0.2860589511624865;0.4428018620003354;231.6317509039248;-0.014771091658622027;0.045402124617248775;6.427999520301819;0.015705209376756103;0.213671875
847;6.552947479357513;1.0;0.37473875677835466;0.4854661194736795;185.3352551782956;-0.014369818149134517;0.041043360345065595;6.432174944877625;0.0121224767412059;0.16171875
848;5.914160077521011;1.0;0.28655831753034233;0.39742802182189174;266.2415678711808;-0.020055123534984887;0.0061174802714958785;6.431827974319458;0.010642750840634107;0.1541015625
849;6.324497765676766;1.0;0.27411911199797023;0.4247557479843381;198.89897034892155;-0.005552537320181727;0.020265743834897876;6.432018876075745;0.0101444476749748;0.148046875
850;5.298293960260878;1.0;0.2968527769647209;0.4461565047099672;186.88260046558733;-0.00960879884660244;0.017794968094676733;6.436238193511963;0.008781792561057955;0.1240234375
851;6.221832788727424;1.0;0.371253114563866;0.5150078938527558;281.511208529606;-0.015199878485873342;0.056587686855345966;6.443390274047852;0.010421632591169327;0.1453125
852;6.814463147519534;1.0;0.3082086748504895;0.47640638163575255;191.0552583817899;-0.005691476818174124;0.023190600518137216;6.446729469299316;0.009733786771539599;0.1369140625
853;6.499082159466866;1.0;0.35788374113556415;0.4759540122478954;223.98965533072823;-0.016200430458411574;0.022613279009237885;6.449745869636535;0.01065537171671167;0.14296875
854;5.4337790895215665;1.0;0.44058696002547537;0.6397537375961918;210.9084207160195;-0.009344595670700073;0.02940064463764429;6.448626327514648;0.010374953399877995;0.155859375
855;3.8859651985268386;1.0;0.31048914629686775;0.3992163930123963;206.1216511467575;-0.006227951613254845;0.051392871979624034;6.455599331855774;0.012749904091469944;0.1771484375
856;6.159402879445756;1.0;0.29937034509313265;0.45017072810949765;245.51632351270527;-0.0021915609017014504;0.05463296137750149;6.4644187688827515;0.011491702788043767;0.1705078125
857;5.866645116811017;1.0;0.29854395078221024;0.41335880506383604;260.99445261131774;-0.01249590772204101;0.02645855601876974;6.466732716560363;0.012476950115524233;0.1783203125
858;5.770690930244668;1.0;0.43930214249481203;0.6490079170821034;229.68987243369804;-0.014441004826221616;0.03591052368283272;6.466580533981324;0.00690483161015436;0.0884765625
859;6.017334691586081;1.0;0.3003435561920384;0.42323797216368575;332.91665639988673;-0.015072090132161976;0.011084917071275412;6.459615635871887;0.0074752376531250775;0.1041015625
860;4.254603647218884;1.0;0.36572733169553784;0.5385625557104802;235.92296387767692;-0.01285102148540318;0.037099631316959855;6.4614601850509645;0.009945862588938325;0.139453125
861;3.8321827968176523;1.0;0.16016657642472146;0.22284468154226172;361.5336730264021;-0.00929601350799203;0.03715387545526028;6.460999250411987;0.010627758258488029;0.1505859375
862;6.321696428758709;1.0;0.3246176095856918;0.3799971655519514;201.99042362739627;-0.00770854027941823;0.04208144461736083;6.461837387084961;0.011241439345758409;0.1580078125
863;6.5082049141070835;1.0;0.35993279931436867;0.47665427773807933;193.89425230813;-0.017425677133724095;0.006091919261962175;6.460786533355713;0.013418350380379706;0.1966796875
864;5.0614972745248545;1.0;0.41844296759556376;0.5966422362604288;272.5815555014879;-0.020760719059035183;0.008200738835148514;6.468255925178528;0.011230196105316281;0.1630859375
865;5.906552851876535;1.0;0.41045589582391917;0.5878100799058362;262.67265843009574;-0.00903896577656269;0.06617373917251826;6.47672860622406;0.011354286223649979;0.1568359375
866;5.919392540926115;1.0;0.40897406044183465;0.5772400459369263;149.91316729391897;-0.00583065184764564;0.05476328618824482;6.480523133277893;0.013035548420157283;0.1583984375
867;1.9147828145915167;1.0;0.4341273744605896;0.5925914431358151;241.20564518768774;-0.007986257784068584;0.019641035376116632;6.47895393371582;0.011190325720235705;0.1509765625
868;5.71346354699405;1.0;0.3195689646579051;0.47877231167521317;412.16570280991675;-0.01428336682729423;0.03651106394827366;6.483237075805664;0.010812917328439652;0.1490234375
869;4.585288744005207;1.0;0.21846779368985;0.32843463391017197;332.32194789046764;-0.012979796342551708;0.030189158208668233;6.4869708776473995;0.013638844876550139;0.1826171875
870;5.60400035405149;1.0;0.38075405884652874;0.5451135175795392;162.942569519712;-0.006558462232351303;0.030599622614681722;6.494607853889465;0.014454002538695932;0.1953125
871;6.23006896511259;1.0;0.35279685505521485;0.4961103391643646;211.22059839196388;-0.004475301736965776;0.028458565240725875;6.500852513313293;0.0098068987717852;0.1466796875
872;5.4977079672638975;1.0;0.36385656130346544;0.5269177737450903;153.3451207470029;-0.013699484722954887;0.11470804736018181;6.499527420316424;0.014632375877616661;0.19112723214285715
873;5.400273712596756;1.0;0.3982295774648098;0.5831522853899501;244.8361627587959;-0.007317159278318286;0.005978632532060146;6.492562532424927;0.008545466559007764;0.124609375
874;6.360379839150665;1.0;0.3809231507956403;0.5537493237863522;220.70285826915173;-0.010335004655644298;0.027648908086121082;6.485066175460815;0.00876787215238437;0.13125
875;4.877779320355457;1.0;0.2873238271253556;0.41559495836933513;239.02154122005524;-0.002652976009994745;0.03376490040682256;6.4832968473434445;0.012394398031756283;0.1759765625
876;5.831166356267369;1.0;0.3076940973953428;0.461723741781647;258.15459377374157;-0.012739782372955233;0.022925086366012693;6.4848449468612674;0.013380277657415719;0.1958984375
877;4.372143717154172;1.0;0.15704326412090536;0.2141835889215339;422.5823682063344;-0.014504196401685477;0.00797765499446541;6.48709626197815;0.011334575118962676;0.1642578125
878;5.791854732344644;1.0;0.4409448819789953;0.5503982980685803;150.58180955384827;-0.010012613236904144;0.024983617221005262;6.491077661514282;0.01193392208078876;0.156640625
879;4.2379407658905555;1.0;0.176993310723593;0.26019555890077384;388.3061938693188;-0.011451742239296436;0.08193031307309866;6.489537239074707;0.0104546440532431;0.1408203125
880;5.613063640630333;1.0;0.39591563482570535;0.582541844601834;309.42782091546735;-0.023208896443247796;0.028877982404083014;6.487681150436401;0.010514484951272607;0.155859375
881;2.8418226567227247;1.0;0.1826983605682575;0.2599534858610867;452.7502211737911;-0.011103382695000618;0.03904735734686256;6.490423631668091;0.008946156478486955;0.1265625
882;3.9690616712950963;1.0;0.21415860630445693;0.30071342242861787;444.02279923888034;-0.012750930059701205;0.04796223137527704;6.489600801467896;0.010882608441170305;0.1453125
883;4.773040906088017;1.0;0.2688398058439326;0.39593247739634657;277.7187711286121;-0.01868416687939316;0.02479769163765013;6.484710359573365;0.011383512476459145;0.1634765625
884;4.425082460386956;1.0;0.30922709067397863;0.44799328236590175;400.00401854978713;-0.0166563062928617;0.04259972330182791;6.486162853240967;0.011321098473854364;0.1525390625
885;4.048073232148673;1.0;0.3918244160564431;0.5487936907736407;355.6930083488999;-0.011107733589597046;0.04528902340680361;6.481398224830627;0.011135493742767722;0.153125
886;0.33967850588987814;1.0;0.24818373613210615;0.3692559495559141;284.08035903014456;-0.007085410971194505;0.017286360356956722;6.472893691062927;0.01028427160345018;0.1263671875
887;4.428458285923794;1.0;0.2319216441666866;0.33173871598762056;380.0676623821185;-0.004782055597752332;0.044401860469952224;6.469236135482788;0.009110136353410781;0.124609375
888;4.980537694899043;1.0;0.3480405248499971;0.5019966813854422;391.4619839283757;-0.011937422276241704;0.03159141689538956;6.463435792922974;0.009555936849210411;0.1357421875
889;2.5750262203122087;1.0;0.3009587240697007;0.4214033671023835;479.6447816909389;-0.007350974483415484;0.04339174060150981;6.464123034477234;0.014667982805985958;0.2087890625
890;3.612769039187091;1.0;0.14440270206807748;0.22237144530651357;498.42306201152263;-0.020921617420390247;0.03285712115466595;6.462618947029114;0.009507700928952544;0.1265625
891;6.19149794243645;1.0;0.40641694408517515;0.5770832388522718;220.69223266559848;-0.011867355834692717;0.03234210340306163;6.463836431503296;0.010200700373388827;0.1380859375
892;6.0692308013599545;1.0;0.35849596463500283;0.4928587110274099;127.7335478018553;-0.015613487362861634;0.046566410642117265;6.46557126045227;0.01323009020416066;0.168359375
893;6.422622522605096;1.0;0.30264751276618623;0.4159391481082457;227.65989808067013;-0.006610702350735664;0.0355888613499701;6.470516800880432;0.012960726546589285;0.1876953125
894;6.283031437370118;1.0;0.3925706251727773;0.5233886509759476;191.05100270437853;-0.002437580726109445;0.021899272315204145;6.470996880531311;0.009002743102610112;0.128125
895;6.339479879749624;1.0;0.42684152313409157;0.5511026578227944;208.8780581290782;-0.0019298672559671104;0.05285697625949979;6.468190145492554;0.011210961895994843;0.140234375
896;6.184025212673117;1.0;0.34770596321590685;0.5202739472473803;189.98266002311337;-0.018026800038149722;0.04614471171337824;6.471202006706824;0.011164008765123211;0.15474759615384615
897;4.658359148769504;1.0;0.27026100734440067;0.40042380760548324;342.8989531811396;-0.014194933325052261;0.03576177237555385;6.473265218734741;0.01448317338945344;0.194140625
898;6.028006940744897;1.0;0.31856201734503997;0.41995799606288076;190.65897774185203;-0.012517081433907151;0.006774147879332304;6.473444604873658;0.009308442170731724;0.12578125
899;2.9507074543749545;1.0;0.42448324700375195;0.5405560999623973;135.85452579308125;-0.012565421033650636;0.05308872712776065;6.47938027381897;0.01193413931177929;0.1568359375
900;6.078333122040117;1.0;0.3759578480014391;0.5428421317763892;211.12245360894823;-0.01232064701616764;0.06455330699682235;6.488631343841552;0.01397741463733837;0.172265625
901;3.6781130760544407;1.0;0.1822087254559602;0.21957818453142905;404.1165968245191;-0.007733289571478963;0.041026481240987775;6.488540863990783;0.013073000963777304;0.178515625
902;6.061740956515896;1.0;0.40658511529878044;0.5553677531657418;191.83963910858535;-0.010045375116169453;0.051594792678952214;6.491563105583191;0.01109891248634085;0.1455078125
903;6.1092095215341775;1.0;0.30669666529289874;0.4609432721115535;305.20004327150383;-0.010410947888158262;0.016377985849976538;6.491974472999573;0.009321410104166716;0.1333984375
904;6.083009175328067;1.0;0.4480483306356001;0.6145806731360822;109.56164308963504;-0.002007990889251232;0.037790013710036874;6.494043898582459;0.007623584195971489;0.099609375
905;5.821003407915602;1.0;0.30865320796080187;0.46398650412161413;163.7709266778988;-0.004830172797665;0.011129535129293799;6.494568252563477;0.010467222949955612;0.1501953125
906;4.202781828946276;1.0;0.22275368933294407;0.3212267902228521;450.81952841462436;-0.017553338035941123;0.04186600735411048;6.498209261894226;0.009895578620489686;0.1373046875
907;6.122421479778328;1.0;0.37132479327671497;0.5528764069593205;220.7139926866243;-0.01543011146131903;0.02964162374846637;6.504053783416748;0.010246235609520227;0.1392578125
908;4.9939703609341395;1.0;0.35596720223178036;0.5012259049700742;165.5751427143666;-0.012856548326089979;0.07928323205560446;6.509717869758606;0.010813331755343825;0.155078125
909;3.2920974769157714;1.0;0.2564191000272008;0.3654319750015878;521.62494623332;-0.009683025348931552;0.0517187868244946;6.508619785308838;0.012299152021296323;0.1689453125
910;3.852817817753458;1.0;0.2754371757019519;0.3771172430173579;268.0435538673268;-0.01478146763984114;0.014085180242545903;6.5102534055709835;0.012875158514361829;0.167578125
911;6.023702218119146;1.0;0.30823925963356674;0.46181308059787807;169.19062442806663;-0.007109648687765003;0.03932438353076577;6.510379910469055;0.00933608905179426;0.1337890625
912;4.388220939831043;1.0;0.26663123185633697;0.39186643312657987;388.94389136701096;-0.005175406415946782;0.03679663301445544;6.5112035274505615;0.01231312348973006;0.175390625
913;6.094426443185266;1.0;0.38702765018118895;0.5754374430570438;171.85615180013673;-0.013830028241500258;0.021185884135775268;6.513919496536255;0.012406891828868538;0.176953125
914;5.745896024902201;1.0;0.27938692744304344;0.4209225658123647;345.27142844977845;-0.01883702976629138;0.03877899488434196;6.515237951278687;0.014055128942709416;0.2013671875
915;5.553660374767604;1.0;0.3433035861333203;0.5107507576512833;318.93353782486923;-0.008582041319459676;0.0425777324475348;6.518045496940613;0.009435397526249289;0.1255859375
916;2.652830805316869;1.0;0.19290851602064293;0.269663545561873;343.4900495329184;-0.014520902233198286;0.0394011146388948;6.523046755790711;0.009288381331134587;0.123828125
917;4.056648279466645;1.0;0.19110939188920648;0.2748815562935239;325.5119011981532;-0.009410056471824645;0.0241323777474463;6.524974036216736;0.012191994860768319;0.18125
918;5.954609935034381;1.0;0.24410608204556392;0.3789213377786937;241.58545059329717;-0.013506849016994237;0.03032633210532367;6.5262922763824465;0.009573360870126635;0.1318359375
919;3.73222745842942;1.0;0.16816521865560013;0.238342426447454;450.6024650587968;-0.012651146412827075;0.044681770727038383;6.527738046646118;0.012561356544028967;0.1724609375
920;2.9166611105143914;1.0;0.1478666698531074;0.21803066229015516;572.3152219671425;-0.01358484581578523;0.020754037704318763;6.533929395675659;0.00870087742805481;0.1185546875
921;3.2449771618011933;1.0;0.2655840673414124;0.4058176375215141;678.4044996235059;-0.014672509441152216;0.026876601669937373;6.536453723907471;0.010912822699174285;0.1564453125
922;2.9672801907333293;1.0;0.2963738269644432;0.4417788644793257;377.2764974657097;-0.012305036559700966;0.028233274794183673;6.540426969528198;0.012885067355819046;0.190625
923;2.222670382705311;1.0;0.21020155932241777;0.30303074187275475;534.461396961128;-0.013595348340459168;0.029883535392582417;6.548049521446228;0.010972148645669222;0.14921875
924;4.038356332553293;1.0;0.19998735858085168;0.283501716024363;440.42853973945824;-0.007970453798770904;0.007663510064594448;6.550319766998291;0.012581190967466682;0.1814453125
925;4.355742843142665;1.0;0.1575296207740944;0.23190958424593638;393.1767705426857;-0.012243488570675254;0.07267123144119977;6.545564651489258;0.014004175434820354;0.1837890625
926;1.1860099181796482;1.0;0.18881315129896503;0.27375963593109853;534.9220139903673;-0.019338273839093745;0.016930545773357154;6.541556310653687;0.014228939008899034;0.198828125
927;3.710063344331143;1.0;0.29986047438522684;0.39446919869458785;280.3388966648711;-0.012662326265126467;0.03753991601988673;6.540166687965393;0.013231594220269472;0.1828125
928;3.6870540319580276;1.0;0.4339440392231474;0.5947900611680655;143.55555099011866;-0.009746905695647002;0.018834005389362574;6.538126683235168;0.008271260594483465;0.1212890625
929;1.5253393302417773;1.0;0.1937336210002463;0.2796777507248716;451.60851804929047;-0.006000357773154974;0.011579841864295304;6.533390045166016;0.007945723365992308;0.116015625
930;6.514197538847302;1.0;0.43257223913469683;0.5534342109408439;123.77511337801855;-0.006693222606554627;0.030722300987690687;6.528909087181091;0.010777329839766026;0.1509765625
931;4.917222403701178;1.0;0.2904959200193334;0.4341402142319258;270.64497906956444;-0.015972357429564;0.02299448475241661;6.524373602867127;0.009228980646003037;0.1267578125
932;3.9429516037803416;1.0;0.2302914541058566;0.31268277237607056;309.5811605690035;-0.016364573640748857;0.04859251696616411;6.521780991554261;0.013451767328660935;0.175390625
933;4.387581607793199;1.0;0.1665638168688146;0.2440618268234096;356.4966899603909;-0.009358162782154978;0.017495411494746805;6.521995306015015;0.00899632452055812;0.1169921875
934;5.946751677504607;1.0;0.3449758471169766;0.5073051116126708;190.46227806098537;-0.018033493496477603;0.01135911508463323;6.523654270172119;0.012142267753370106;0.1751953125
935;3.3358297763757103;1.0;0.2133315758801299;0.2939780824124809;377.434670938564;-0.0031633985228836535;0.06296931793913245;6.527712488174439;0.010707254859153182;0.158203125
936;4.704997055402583;1.0;0.30241120847860403;0.4455227977496115;424.46409076409526;-0.014420570665970444;0.015408901683986186;6.529220485687256;0.011245645594317465;0.1607421875
937;3.9914154778210635;1.0;0.15872331235209447;0.22838352834354705;456.6296680495091;-0.01594055341556668;0.03049316043034196;6.530893564224243;0.011308955785352737;0.1630859375
938;6.21886283574394;1.0;0.2518038161543381;0.39617036035644504;222.56515984433065;-0.017901831585913897;0.05902451956644654;6.532682991027832;0.009241966984700412;0.137109375
939;4.258307363545887;1.0;0.3673010734891111;0.5220665923109863;338.6468678725823;-0.007488583028316498;0.04899552930146456;6.532164716720581;0.007747466478031128;0.1064453125
940;4.5416585602556765;1.0;0.19267454588645122;0.29371026815781615;337.3465127820507;-0.005895048007369041;0.029840824473649264;6.5285032272338865;0.010073167644441128;0.1509765625
941;5.940169213866019;1.0;0.3269858786101014;0.49072314283435414;215.2699701086807;-0.010529509931802749;0.006118651037104428;6.532665848731995;0.014115071529522539;0.206640625
942;4.440247805400423;1.0;0.2953147078963874;0.4381016297044893;363.34006993641947;-0.013712302129715682;0.014717654068954289;6.5408406257629395;0.012599950132425874;0.176171875
943;4.115284817460029;1.0;0.1450491817764396;0.2195429353545505;433.06849303930966;-0.0037088522687554358;0.009949168330058456;6.541422438621521;0.009296734200324864;0.135546875
944;0.9676873876617091;1.0;0.2860401184318254;0.40350897437783495;357.37773239320705;-0.01969575323164463;0.03263562833890319;6.539665389060974;0.010775787127204239;0.1552734375
945;3.642106545574215;1.0;0.2923020240795769;0.3986885652120485;473.5336600549241;-0.01123514964710921;0.04497143570333719;6.54350335597992;0.008790064323693513;0.126953125
946;4.579825031385895;1.0;0.1519499555886485;0.22202333782565106;456.46205058826246;-0.009409255441278219;0.007882702723145485;6.547517848014832;0.008272353245411068;0.12265625
947;4.151787323609122;1.0;0.24993069752726124;0.3611584031232505;480.0526269762047;-0.012429849477484822;0.0596804566681385;6.54518826007843;0.014867636363487691;0.1794921875
948;2.7374057388813737;1.0;0.19045164276542187;0.27337573901423473;419.51199078851545;-0.007271647034212947;0.007928301650099456;6.545783925056457;0.011396752891596407;0.162109375
949;2.7733560236097246;1.0;0.23694867239683695;0.3502420422926708;601.9585397997082;-0.007950003538280726;0.049688683729618786;6.5463557004928585;0.012529623659793288;0.1775390625
950;3.801543065386401;1.0;0.19841478487670747;0.2979340561800641;423.2638609448069;-0.0126414249651134;0.011404468910768628;6.544628715515136;0.010427354369312525;0.141796875
951;4.4469011637956;1.0;0.22610830885395725;0.2950893573707999;545.6358003653928;-0.020779268816113472;0.055078438762575385;6.549862504005432;0.011673917504958808;0.16796875
952;4.00567820017347;1.0;0.18836201077133338;0.2666224761222772;389.71408978396425;-0.008105338225141168;0.0657966154627502;6.5486112356185915;0.014066201937384903;0.1853515625
953;3.6329450368631373;1.0;0.22158724132971377;0.3081524517910138;492.1254689294066;-0.017053965618833898;0.03136111903004348;6.546523857116699;0.010632154496852309;0.144921875
954;4.416724132819403;1.0;0.1934633472652458;0.28714082103965066;341.7292258071913;-0.01365456827916205;0.0058317471528425814;6.546941876411438;0.01157759417546913;0.1669921875
955;-2.359341500258097;1.0;0.22644892450207071;0.3026632266074048;562.029266031569;-0.015558694722130895;0.011340394336730241;6.550903296470642;0.009515255794394762;0.1404296875
956;4.03817696733588;1.0;0.2030571490735672;0.26051543340206557;480.1868028592247;-0.005957722431048751;0.03102167584002018;6.550870418548584;0.014532133156899362;0.1861328125
957;3.8697428365824083;1.0;0.2978205899716177;0.408783830966302;449.4658646151056;-0.0130737051833421;0.020183146884664892;6.544200348854065;0.011026883637532592;0.159375
958;2.6896174194622198;1.0;0.2642611026140161;0.32674371282870435;481.4189009837785;-0.014384727459400892;0.06139904260635376;6.542017531394959;0.010338204551953823;0.146484375
959;2.810053978017372;1.0;0.23932108858599405;0.34177869815439116;265.1423081491935;-0.010340365767478942;0.03447812935337424;6.54088327884674;0.009198679099790752;0.1193359375
960;4.53945494739066;1.0;0.2160238196955831;0.3208889683222572;258.0859186188977;-0.01100578613113612;0.018583307089284063;6.542475891113281;0.008416353433858603;0.11953125
961;-2.798947582802971;1.0;0.19486142567286152;0.2532412552839473;508.22480017420327;-0.015256751142442227;0.03460719846189022;6.551362323760986;0.010716878832317889;0.1484375
962;-0.4025423358783762;1.0;0.2603758887579624;0.38756362365424385;826.3488262754491;-0.017924499162472785;0.031032130774110555;6.554329133033752;0.010143245419021696;0.1447265625
963;1.5353733201354811;1.0;0.3269704960208765;0.4701513969373626;165.96444083462828;-0.010856079123914241;0.02766380151733756;6.556694602966308;0.009476925584021956;0.1330078125
964;4.715350772460492;1.0;0.2659226548037432;0.33539100976651404;521.9842163720432;-0.013724347855895758;0.07208175119012594;6.560876965522766;0.008255607914179564;0.1095703125
965;3.835600192135459;1.0;0.2482376265105005;0.36045638603049707;562.7149174793973;-0.015607419167645275;0.05318884067237377;6.562653136253357;0.007902194478083402;0.1072265625
966;4.722723066451207;1.0;0.2589475854640728;0.37546220096003496;264.5628438818559;-0.014517221366986632;0.011882057646289468;6.557592296600342;0.011658991104923189;0.16953125
967;3.9019796680618746;1.0;0.22356199676862903;0.3145972018363783;314.33955871501365;-0.007957573654130102;0.022806278197094798;6.562600207328797;0.008284433209337295;0.115625
968;4.793400250998188;1.0;0.24341608664494918;0.33131471427118797;484.64252069381007;-0.012897635600529611;0.03933747103437781;6.568644165992737;0.012404956750106066;0.1720703125
969;2.521848941373921;1.0;0.3468252581732168;0.48257016494433236;273.73645138086977;-0.00943933860398829;0.10248127095401287;6.571555638313294;0.01198312797350809;0.1568359375
970;0.9132858725233977;1.0;0.2505370481372395;0.36591569840539884;274.6174910372683;-0.020523733086884023;0.043921081069856885;6.575529670715332;0.012700995104387403;0.18125
971;4.6649349181113156;1.0;0.2635780491196031;0.38784098801318284;318.23655584052324;-0.012993409438058734;0.01741204843856394;6.576712274551392;0.009138522436842322;0.123046875
972;4.704614686260582;1.0;0.23090968256280173;0.33211497516243366;474.2858024828748;-0.015149216167628765;0.03801079569384456;6.572805619239807;0.008909626095555723;0.119921875
973;4.220274904449281;1.0;0.17713040780281447;0.27482512247061397;485.9803424753423;-0.010270551635095706;0.07375076327186364;6.5703247143672066;0.010315004843645371;0.1268028846153846
974;4.297904421356919;1.0;0.2292633971194316;0.29126206732684784;271.66151088234255;-0.019840856664814055;0.04897337150759995;6.5715851306915285;0.013054259750060738;0.1869140625
975;4.909246274132665;1.0;0.24579004647467728;0.3687617811967347;440.7985116659068;-0.009772178530693055;0.006861375854350626;6.572309255599976;0.010056720965076238;0.131640625
976;5.374316932420369;1.0;0.2516930764552666;0.36957833426092174;255.8179397540794;-0.007987911440432071;0.14640104472637178;6.566803407669068;0.011844315554481;0.1693359375
977;5.178707623488832;1.0;0.3933017186408451;0.5522169028653554;290.5658954293621;-0.013578643882647156;0.03609871808439493;6.558581447601318;0.010849426768254488;0.15390625
978;4.997115929736776;1.0;0.16694801083670205;0.26680162971424104;377.144593813659;-0.011298362724483013;0.05275748642161489;6.557571363449097;0.01358849338721484;0.17890625
979;4.23712412475343;1.0;0.25964535783152304;0.38655511581018703;541.8591738641297;-0.016432441805955024;0.01091259135864675;6.553435921669006;0.009330078563652932;0.13828125
980;-1.5162309570380774;1.0;0.2659284652934563;0.38064147411882726;556.151058111402;-0.016209885757416487;0.056764522287994626;6.551373934745788;0.011063543311320246;0.163671875
981;4.6740649947688695;1.0;0.2438747347139891;0.35924583355768863;439.3294758875739;-0.009790174616500735;0.023617505095899105;6.545719838142395;0.011213170283008366;0.15390625
982;4.7673582565577535;1.0;0.17005376046420842;0.2720652029909951;414.54602545132985;-0.013937382120639085;0.05079999249428511;6.546335196495056;0.011164208524860442;0.1595703125
983;6.178114896902318;1.0;0.31495784134381943;0.45611440058846475;275.60631149942964;-0.015367517864797264;0.045402645226567985;6.5398835897445675;0.010808307339902967;0.1453125
984;4.386363177953908;1.0;0.2304917234730424;0.34713640512022614;496.77534269937564;-0.017075599590316414;0.03161720340140164;6.538450527191162;0.010940834262873978;0.1486328125
985;4.378643032414057;1.0;0.2406826843529023;0.3697496970647826;319.5277846996679;-0.01432878039777279;0.04167334102094174;6.537804293632507;0.013672612514346838;0.1794921875
986;4.954164944396924;1.0;0.25942062023738416;0.3681529423989985;282.9707004281458;-0.01834730855189264;0.03544217459857464;6.538730573654175;0.012217371875885874;0.1537109375
987;4.1100714579516815;1.0;0.27708226085693716;0.4116469569223356;468.91127648305974;-0.013406945299357176;0.017806164780631663;6.541890931129456;0.009651772934012115;0.1267578125
988;3.7609240596910825;1.0;0.37033531169240613;0.5352166636830841;167.4596313538288;;;;;
989;4.324667127408627;1.0;0.24313952288719337;0.36919216817931994;531.8558596286805;;;;;
990;1.548784444921766;1.0;0.22649583553106623;0.3441793782134753;526.1371663874463;;;;;
991;5.156292465820781;1.0;0.2425029457022736;0.35642116407643487;409.9919034174323;;;;;
992;4.172700083600577;1.0;0.151835291290838;0.24452118847108717;540.5366658804451;;;;;
993;5.904153953088553;1.0;0.1798942901112274;0.28698441489947313;346.36006497846245;;;;;
994;3.9812379107257594;1.0;0.17358949500097792;0.26694083234436866;468.18916119475494;;;;;
995;4.601884448397914;1.0;0.20106512535793555;0.31133415000518205;457.69940396605426;;;;;
996;4.39285729256634;1.0;0.3568594628300949;0.49945769979727694;155.06837727629056;;;;;
997;3.18815328167261;1.0;0.2653396459421312;0.38857478944616736;488.99193913530576;;;;;
998;2.8984225353727817;1.0;0.2958354657688443;0.4388213937064482;203.20663804358037;;;;;
999;4.846841723084035;1.0;0.19345056922343634;0.3049576204427715;486.92601179150944;;;;;
1000;4.76963887662682;1.0;0.25277460742632185;0.39181452763193086;294.0821589611256;;;;;
1001;5.580341124711373;1.0;0.22847640394659913;0.36221368428252043;257.69742988594624;;;;;
1002;5.771799899393085;1.0;0.3355596026338559;0.48447973921438586;403.4733043680595;;;;;
1003;2.943782056989247;1.0;0.1921271162919698;0.2909781044280272;327.4431504501056;;;;;
1004;5.671569074350915;1.0;0.3644441305867449;0.5221530243201409;327.95131899640535;;;;;
1005;3.9900705750964067;1.0;0.19059812235781837;0.30095825879535076;500.03142033357966;;;;;
1006;-0.16496381713282293;1.0;0.23243129639827365;0.34408466745942806;367.81018350035436;;;;;
1007;4.96590356371955;1.0;0.21980790099123504;0.3437824504703417;344.2155516038809;;;;;
1008;4.529229348617291;1.0;0.16283748380755447;0.2637705666956492;453.7564997661546;;;;;
1009;5.2451331956849145;1.0;0.16388098920973482;0.25877033688842005;369.9952817117574;;;;;
1010;5.7881922486084685;1.0;0.22863452554262415;0.3565777276243686;302.2155293444028;;;;;
1011;5.771515986420759;1.0;0.3492488288432208;0.5199924935117016;291.80013324017773;;;;;
1012;4.476512529465332;1.0;0.2962832676935153;0.4353169284904369;348.2887802143165;;;;;
1013;5.96272098043355;1.0;0.3196956561186071;0.4834035684699934;181.38456871181555;;;;;
1014;2.905695911002267;1.0;0.2845821335928096;0.4029025552607229;286.0110994707638;;;;;
1015;4.894754889902732;1.0;0.1984713833658076;0.30141839288758093;370.42624067937066;;;;;
1016;4.735865725738153;1.0;0.33946195584299216;0.5014933149318036;312.3523571300318;;;;;
1017;5.292645772014002;1.0;0.2185114048298565;0.34157220288865536;310.32317411478215;;;;;
1018;5.367610867402406;1.0;0.19298507619347208;0.3097235043560645;327.9828581401454;;;;;
1019;4.9889570873203954;1.0;0.28692532122868986;0.4269692011792706;301.38182992597274;;;;;
1020;5.87143110512856;1.0;0.28943248011862666;0.4354669443940041;188.8040392579881;;;;;
1021;4.27325495775408;1.0;0.2710184556364793;0.39091262498122553;265.24212151338793;;;;;
1022;4.998850267049715;1.0;0.25960119412420934;0.40243218891978416;312.784668867848;;;;;
1023;1.3737183599217344;1.0;0.2746767706142086;0.4125342736569527;294.534897069463;;;;;
1024;4.745320175160984;1.0;0.21568836128025617;0.3240378855059698;354.2090911079748;;;;;
1025;0.9751262675881325;1.0;0.28034050732279187;0.4206352827051394;255.93753904123875;;;;;
1026;4.105774460776335;1.0;0.3823112340477591;0.5024653079844781;282.7669203215739;;;;;
1027;4.7446123929797315;1.0;0.22034475466292489;0.3497574273077936;359.35610890058734;;;;;
1028;3.7189308154622407;1.0;0.22797423315438983;0.3507347328832055;420.7439352199054;;;;;
1029;4.335106711334579;1.0;0.24030725972355788;0.3624133899574248;415.8336334997636;;;;;
1030;-2.7722678702880215;1.0;0.22693425367791822;0.32895293996461933;481.8570090208912;;;;;
1031;3.96354014761163;1.0;0.2124961848672679;0.3289920462470507;544.0967092418502;;;;;
1032;4.880030899697907;1.0;0.17381292712828783;0.27124655763674327;344.7812367234404;;;;;
1033;4.857192079037292;1.0;0.1703720554011577;0.2710805587663704;378.6466700635723;;;;;
1034;4.948087064506748;1.0;0.3815115465043262;0.5360354729426828;262.26056313632114;;;;;
1035;1.331706121697894;1.0;0.24611015257414695;0.3550021026526724;350.62314980101064;;;;;
1036;5.106458990976917;1.0;0.16438014988850164;0.25107056663055405;458.43996848526825;;;;;
1037;4.382956653633706;1.0;0.22369169487369203;0.3280103058520386;453.496998893615;;;;;
1038;5.455144801199643;1.0;0.22229605192097174;0.3348513243318051;320.9598352419381;;;;;
1039;6.012084539842281;1.0;0.294095089663888;0.4237428587629888;259.01385283598006;;;;;
1040;4.971600623440912;1.0;0.23980106206609428;0.36467461995068406;437.0380447019427;;;;;
1041;6.2032726945855625;1.0;0.38746489313441884;0.5312038744588639;183.73799745210982;;;;;
1042;5.358818697221565;1.0;0.35597444470419537;0.511872898695955;337.00325178789456;;;;;
1043;4.920259758658898;1.0;0.24324329643155934;0.37737835881091725;238.70613427607773;;;;;
1044;4.55744586604404;1.0;0.20683268990288536;0.32285775421163815;355.6862139801688;;;;;
1045;5.201194076597815;1.0;0.2211306275402176;0.3331078585466101;345.1141930545707;;;;;
1046;5.177177528089578;1.0;0.23360806385297575;0.33950538003277253;218.78315372997656;;;;;
1047;5.156590133316398;1.0;0.21684281948387998;0.3374625479631282;239.5715714380867;;;;;
1048;4.900162478411574;1.0;0.2135881183191941;0.3329492732830143;366.7955653259982;;;;;
1049;5.075332718236457;1.0;0.15553932434332898;0.2536821257823375;379.73315177260434;;;;;
1050;0.7899148095002939;1.0;0.219081625822281;0.3273692834203705;301.846992102719;;;;;
1051;2.4163313002953704;1.0;0.1743525549887556;0.27896459402367557;444.89909865018575;;;;;
1052;3.4977070457974784;1.0;0.2217404835877182;0.34873774896169585;521.8792585510847;;;;;
1053;2.6618207383899968;1.0;0.17984547405606724;0.2887729586912654;755.5230583069256;;;;;
1054;6.007406569477016;1.0;0.353459290367284;0.5137965974742411;263.0537622293021;;;;;
1055;5.112272590783974;1.0;0.1798825676221901;0.2918118657685294;408.6138159122957;;;;;
1056;4.843775285180715;1.0;0.2258032767449909;0.3570760878515317;475.94696321499464;;;;;
1057;4.405089380153342;1.0;0.24786885372368647;0.38175135281499245;439.1184935334504;;;;;
1058;3.4462348329136923;1.0;0.18125205556794965;0.2931488497304605;711.8780752780883;;;;;
1059;5.845594427489923;1.0;0.3560489977321596;0.5306797714595318;274.48970268497436;;;;;
1060;1.6040427266090802;1.0;0.17075649412958624;0.2838297417191865;805.0373088644183;;;;;
1061;4.1541090065797555;1.0;0.151262728755082;0.24933709678138252;402.9509978255674;;;;;
1062;4.631412550175264;1.0;0.3357460892872085;0.49466800861497484;265.804827388821;;;;;
1063;4.343154912802805;1.0;0.15490373488693426;0.26074601970170397;428.3736077876;;;;;
1064;4.7126942098687294;1.0;0.16089446805987564;0.2733641433901441;337.4735543775481;;;;;
1065;4.4260431127475375;1.0;0.21075332092274232;0.33112407607661243;302.82411247463983;;;;;
1066;5.2152185321059825;1.0;0.23754591333023367;0.3674506986140437;290.80498960607235;;;;;
1067;4.876901085327218;1.0;0.315397687971393;0.4729806212302167;165.96070297259593;;;;;
1068;4.2454987950281655;1.0;0.17931986624806306;0.2897246638059359;344.45906628537296;;;;;
1069;6.6755136107856945;1.0;0.259454060587106;0.4077740987658243;227.25744048158438;;;;;
1070;5.39399671268972;1.0;0.17974531255757473;0.2866182282492597;391.3340250426698;;;;;
1071;4.332913554517152;1.0;0.16181034932362318;0.26989868575436243;373.55306213466645;;;;;
1072;3.0937562956918083;1.0;0.22572568651547473;0.35544502670638084;423.2135889806734;;;;;
1073;5.940436465812104;1.0;0.26051139594187017;0.40845807806274415;365.2685801893815;;;;;
1074;3.9383772111209554;1.0;0.15300842103091836;0.2564141715902122;458.30380779371353;;;;;
1075;4.6894334816719345;1.0;0.24306754393746255;0.3656000086733878;342.84562765263126;;;;;
1076;4.625890891834926;1.0;0.17118801647900628;0.28573474568486;345.69538113987016;;;;;
1077;6.541603046022942;1.0;0.2809513915115899;0.4148989102932449;198.37467851597262;;;;;
1078;6.222907393046919;1.0;0.37255742764614036;0.5105437501525567;128.5618836267746;;;;;
1079;5.798826552376447;1.0;0.30445372504052653;0.4625185906150712;282.23539211072585;;;;;
1080;6.368169859693333;1.0;0.2905690191040175;0.4211225721037125;216.6027655033654;;;;;
1081;2.7824423952866404;1.0;0.3513934520635678;0.4927012823013776;364.03960722993946;;;;;
1082;5.806081787361054;1.0;0.3642015597451201;0.5249610328727926;261.749853084336;;;;;
1083;1.601926209796249;1.0;0.2536931450466981;0.3814147409839781;285.0261427490558;;;;;
1084;-1.3067776134982538;1.0;0.1026817709168754;0.18011941064856193;1321.5347820158522;;;;;
1085;6.730964496136059;1.0;0.2147506170632517;0.33431877431162044;272.6711803373658;;;;;
1086;6.069897993864359;1.0;0.32298146619518614;0.4770402256707082;264.5676251405378;;;;;
1087;6.04212272936772;1.0;0.3447545569788863;0.5097053904895549;243.87617222617513;;;;;
1088;-0.894043160815869;1.0;0.12771485239845545;0.22025498105611355;1087.5160639373264;;;;;
1089;-0.537727601538895;1.0;0.06905452504909934;0.12339348892862709;970.056347240552;;;;;
1090;4.282607726509589;1.0;0.18703691807691936;0.2954468704271744;324.1008947972784;;;;;
1091;5.7563388107272075;1.0;0.2054887844521793;0.32634032463169665;328.80911646181715;;;;;
1092;1.138813678505926;1.0;0.18239016054921336;0.28979037748385583;467.0827423739246;;;;;
1093;5.183507116837163;1.0;0.16914080134961765;0.27766495706009164;451.26029699234675;;;;;
1094;2.4931796302671363;1.0;0.17496581833443284;0.28635286513083497;474.4035759741646;;;;;
1095;6.117982111616337;1.0;0.3934296307661898;0.5640719703263056;169.7167256661285;;;;;
1096;4.966071542101139;1.0;0.2705572343662601;0.41181037107667406;312.6609784634586;;;;;
1097;5.157719713055718;1.0;0.27163698135654185;0.3901598094144059;353.05737456561167;;;;;
1098;3.445768389859219;1.0;0.16845725393052957;0.26825711872634184;546.1863017977097;;;;;
1099;5.125207727944133;1.0;0.22964563704566923;0.33946595992664536;302.91789213855816;;;;;
1100;-1.5091423005582505;1.0;0.24921804046897003;0.37554428768588954;516.0518934625002;;;;;
1101;4.316274768712674;1.0;0.14607507894602484;0.24556527602990846;527.7318993332991;;;;;
1102;5.8033462722345615;1.0;0.373298245420119;0.536775671647166;246.69249262560933;;;;;
1103;2.9339319266099437;1.0;0.21149402692980404;0.33208048149565705;311.6173337130945;;;;;
1104;5.868712455030408;1.0;0.2731994752781756;0.42337989253774533;407.95275906941396;;;;;
1105;4.673876471436983;1.0;0.26582888867427257;0.3989466398224388;288.03463846073714;;;;;
1106;5.458618670045732;1.0;0.3930105041881795;0.5523581862145137;229.1365057059706;;;;;
1107;6.301601709873378;1.0;0.24383009598499866;0.38830496253475766;249.6594305811713;;;;;
1108;6.511953700531664;1.0;0.25062953695586626;0.3908799131828657;263.10301202671235;;;;;
1109;4.973673037350949;1.0;0.2154622091893453;0.3104846778228788;442.36945579694486;;;;;
1110;5.497461063705825;1.0;0.24610758593271526;0.35846510700936113;227.5596425316862;;;;;
1111;6.200438846308355;1.0;0.2297989783247629;0.3615090483724655;287.43019311468584;;;;;
1112;6.376105600799793;1.0;0.3574334387525575;0.5017234971922727;247.91019365055536;;;;;
1113;6.179140441386086;1.0;0.20633513620291527;0.32524929314135204;270.40875240352494;;;;;
1114;6.244813795720844;1.0;0.195461009778476;0.30111526884094914;324.7372061164899;;;;;
1115;6.175609621071548;1.0;0.3285179916573338;0.48094251665083015;148.90036588437047;;;;;
1116;6.521672007936347;1.0;0.2966808878775157;0.4433719034048166;307.4729845352386;;;;;
1117;6.121056575934636;1.0;0.37628157381843674;0.5007607179461822;121.47871994711895;;;;;
1118;6.278552506995972;1.0;0.22291800535785977;0.35160683904343965;325.1868837616378;;;;;
1119;5.7103037910960985;1.0;0.35185815801602427;0.5103493862869427;359.47881158877954;;;;;
1120;6.8177205616483345;1.0;0.2303274711818779;0.363938351587024;239.40976686067316;;;;;
1121;6.1511454853317975;1.0;0.38299439758179643;0.5340181095628457;317.36684806764276;;;;;
1122;4.1200066481496505;1.0;0.2207315537171849;0.3450031746572097;294.5351827972075;;;;;
1123;6.334093549854181;1.0;0.34184750893077104;0.4646509171716173;189.19444795805921;;;;;
1124;5.92219720053346;1.0;0.20023541864614153;0.3214295144499782;301.49059964531;;;;;
1125;6.26001381448839;1.0;0.2571154906041575;0.40598946472337244;315.4045920612806;;;;;
1126;5.7469609147531875;1.0;0.35968146887998376;0.5209576384134682;291.44316645145375;;;;;
1127;5.57922339920464;1.0;0.27051136504318046;0.4212899019979519;414.74567319255823;;;;;
1128;5.933212913731808;1.0;0.35777680013176877;0.5285743304340889;260.0245871643184;;;;;
1129;4.501982485895474;1.0;0.16569491245244822;0.2725152039857936;414.31582431345635;;;;;
1130;5.634501901589618;1.0;0.2904582356941515;0.44679230549015514;321.99066901225365;;;;;
1131;6.176331119831584;1.0;0.39364769832983937;0.5699549951905928;137.90189331166178;;;;;
1132;5.673570713511815;1.0;0.29426935249838937;0.45129406586734616;354.4965800344346;;;;;
1133;6.021788998101451;1.0;0.27117568366655004;0.41931540372613424;373.30773297261493;;;;;
1134;6.066857075627267;1.0;0.3014207876753108;0.4533184301049838;366.81836850586933;;;;;
1135;6.038881781717561;1.0;0.2865186147983582;0.44546158211373915;262.19415863584504;;;;;
1136;6.0311174184360254;1.0;0.3435053031547396;0.49901919601148476;226.9986519417441;;;;;
1137;6.252439851977876;1.0;0.25689093033499927;0.4084055459319692;356.51045063551953;;;;;
1138;6.163179411756175;1.0;0.3538558268027058;0.5291810784266657;212.47780725297991;;;;;
1139;6.146178641710472;1.0;0.3858496597405731;0.5482998130620441;148.52012360089347;;;;;
1140;5.83450603911416;1.0;0.31235986234797514;0.47084739467354275;319.0989572790705;;;;;
1141;6.119246974236075;1.0;0.2845687438726098;0.4501107698973823;359.11422112930603;;;;;
1142;6.344125624282553;1.0;0.2373576754411503;0.3775527322707443;497.66029646829736;;;;;
1143;6.121606059493743;1.0;0.1426025831389029;0.24489837535360964;555.7281025955607;;;;;
1144;6.291990162909686;1.0;0.2512269135440191;0.39382873578635574;418.6748520070536;;;;;
1145;6.428987631240147;1.0;0.26697274784285135;0.41805404792851475;402.0355653777162;;;;;
1146;6.707994228057233;1.0;0.1858129433595982;0.30766742139829556;577.8545716699666;;;;;
1147;5.310814030064048;1.0;0.2805426190587666;0.4333151649626791;508.42389343500395;;;;;
1148;5.263488059936117;1.0;0.21773826581081984;0.3517246124393966;266.5398876118288;;;;;
1149;6.8652071700166655;1.0;0.19166511687625226;0.31261437922228674;384.217691137449;;;;;
1150;6.399301320110231;1.0;0.24185643465193582;0.3875792749951393;517.3046024022403;;;;;
1151;4.590170924514135;1.0;0.2142346938689189;0.34476520778862335;645.8351797737838;;;;;
1152;6.384380822108285;1.0;0.2608726524055881;0.4128899935789437;230.89098243587196;;;;;
1153;6.194834113827655;1.0;0.32120328010498633;0.476458894580124;324.8056723033579;;;;;
1154;5.95697796379283;1.0;0.20213423684800583;0.3319646280919047;482.6280305303825;;;;;
1155;6.808281356607091;1.0;0.12776438374561266;0.22080395526090563;562.8624021205326;;;;;
1156;7.031072190548505;1.0;0.1859583545833354;0.29641235321894976;353.8394518522375;;;;;
1157;6.062797251735948;1.0;0.31633881085057586;0.46967533954297985;295.2695059196201;;;;;
1158;3.469188624390498;1.0;0.2587483108715483;0.4074811537544636;567.1427947014294;;;;;
1159;6.928899775366277;1.0;0.15443802461038175;0.2608116552130318;481.81799542091284;;;;;
1160;5.984397101224983;1.0;0.27717772552630476;0.4308719065571743;375.9508008676428;;;;;
1161;6.521573084209747;1.0;0.18236410635823216;0.29718220214555147;475.12106281762607;;;;;
1162;6.1805540019578435;1.0;0.2431819947640235;0.3863384194345371;447.8670134781734;;;;;
1163;6.226428901017941;1.0;0.32411325128367335;0.4723993087120066;256.3599908358769;;;;;
1164;6.282059918951944;1.0;0.21545768907382495;0.34799999479580634;482.1082264480307;;;;;
1165;6.052675696724649;1.0;0.2876603130607048;0.4384983608029864;246.1620072355666;;;;;
1166;6.055652631067867;1.0;0.255245967009095;0.40598722408057586;198.3859414607653;;;;;
1167;5.136103360944519;1.0;0.23072530704100375;0.36571896451460256;629.1682011128302;;;;;
1168;6.540621607563113;1.0;0.18882235466260328;0.3117374657290374;470.47483673056547;;;;;
1169;5.819575640534026;1.0;0.3107766604717708;0.4741102319367549;276.78737484589624;;;;;
1170;6.583220374725803;1.0;0.20976798225087984;0.3328060585262451;376.88134576724605;;;;;
1171;6.71597634640285;1.0;0.17679639333926514;0.29414822671759333;447.47368578476016;;;;;
1172;6.648585241882104;1.0;0.2789110601674769;0.41786221455882533;241.41536103540773;;;;;
1173;6.2849758472780035;1.0;0.3087502199403793;0.47428222522577945;185.6167285212833;;;;;
1174;6.923766924097141;1.0;0.14259948229573582;0.24309075384160206;554.5813882886055;;;;;
1175;4.3374969697440795;1.0;0.26303599871507566;0.4136918401005827;485.16357261217354;;;;;
1176;6.38314115508431;1.0;0.14736582030833806;0.24880152555277407;628.8539819717367;;;;;
1177;6.912483444975477;1.0;0.15099369866846912;0.25315063934241844;579.4697069653668;;;;;
1178;5.000609229147364;1.0;0.12984180185101016;0.21979464356691486;467.08358363873066;;;;;
1179;4.934722992883923;1.0;0.2549231655926123;0.3954927716012737;487.0641627952363;;;;;
1180;6.589147831199696;1.0;0.23520024746065438;0.37106524698755167;332.4181114245999;;;;;
1181;5.0384345840431966;1.0;0.27721383998793275;0.4224823734506738;325.65064875390317;;;;;
1182;6.559053538763774;1.0;0.23038717192928604;0.3585469665784914;471.85730148426427;;;;;
1183;6.43255391107944;1.0;0.2513464039950033;0.3868297553930408;565.1844838757758;;;;;
1184;6.4925389449674205;1.0;0.2032069611596213;0.3284788578864355;482.8954759491002;;;;;
1185;6.25349054927158;1.0;0.24301544290175853;0.3848676630088868;441.1985232645172;;;;;
1186;5.174442764202592;1.0;0.15506778344602726;0.25717539275320644;472.5843974595562;;;;;
1187;5.815707227386463;1.0;0.2857299019008824;0.4383230299545777;465.7091017545725;;;;;
1188;6.86093596943793;1.0;0.24477057893894236;0.3843034162559489;259.6348084416531;;;;;
1189;6.614668149910708;1.0;0.17931952448387656;0.2934125097217962;365.68472891291873;;;;;
1190;5.847817472650851;1.0;0.25055285432126595;0.38815148165668045;393.5428407450152;;;;;
1191;6.145952704793992;1.0;0.34174512958529957;0.5077549230148457;252.2554907463288;;;;;
1192;5.818257477560363;1.0;0.3525566375549611;0.5127421778322065;351.4881567339599;;;;;
1193;6.197634344114604;1.0;0.1829324712571307;0.30280373987955916;526.8096631228645;;;;;
1194;6.420972906338001;1.0;0.14560652031326193;0.24754565879509335;811.4805729054563;;;;;
1195;6.77917590155643;1.0;0.15212175901440045;0.2567606822426487;508.7230977837344;;;;;
1196;6.5749409371318634;1.0;0.1737837685622228;0.2911815192602762;696.9282971616225;;;;;
1197;5.869738797920213;1.0;0.32803644560114664;0.48831736434481293;247.21305321809996;;;;;
1198;6.186316698890082;1.0;0.1705343279141717;0.2849249460649662;919.5965741849741;;;;;
1199;5.285492921794755;1.0;0.13356049350810806;0.22167409789754638;547.0981857151108;;;;;
1200;6.72621420325644;1.0;0.14472849264945103;0.24706209312715408;580.1401459294344;;;;;
1201;6.448641482297074;1.0;0.22750527781975086;0.35368684998988376;603.9114411251087;;;;;
1202;3.5068739438424386;1.0;0.31236288318929323;0.4608530710241541;356.6703133575784;;;;;
1203;5.734173195812917;1.0;0.23431822159130436;0.3564696984850314;382.6781824500708;;;;;
1204;6.636225685621405;1.0;0.18712989656852996;0.30382622399909304;401.2655971630041;;;;;
1205;5.717606371615773;1.0;0.16553470362044834;0.26566216460271597;555.5164655759972;;;;;
1206;2.32349018597314;1.0;0.20610472230285198;0.31577527636214475;399.5734420847007;;;;;
1207;6.39206739874253;1.0;0.2649187696193255;0.40814605961245665;479.751015294253;;;;;
1208;4.619526308931122;1.0;0.2740919171276222;0.3939188379821057;324.85327605340245;;;;;
1209;5.539057770942166;1.0;0.1333522429230687;0.22185298075236173;486.4036976923712;;;;;
1210;5.988042619757141;1.0;0.3850315229180833;0.5379905356842556;144.00896393869346;;;;;
1211;2.2923737056928717;1.0;0.2185415304307729;0.3394599836967652;538.1516135124199;;;;;
1212;5.9122402916592405;1.0;0.20615098982346597;0.32234021258473106;525.5680536173699;;;;;
1213;5.353438037655187;1.0;0.19410504100312145;0.3026256579414917;651.5799136091165;;;;;
1214;6.433302186280608;1.0;0.2251863236920774;0.3411277685262571;335.9529445374997;;;;;
1215;5.080732360208958;1.0;0.38022153686987986;0.5236901870453029;258.59632003334195;;;;;
1216;3.7279491374771383;1.0;0.1354742065900475;0.21743071895737323;654.1866745622893;;;;;
1217;7.150810510263685;1.0;0.22106753518216313;0.3466666184216888;332.66012250690136;;;;;
1218;3.005953485183572;1.0;0.18339961093785292;0.29462972057536085;814.7112654179505;;;;;
1219;5.944459235072701;1.0;0.36641630065578873;0.5233704829886905;312.95554636850005;;;;;
1220;4.754924162765605;1.0;0.25690249743613314;0.38819427096567166;586.760847736435;;;;;
1221;4.994409357013199;1.0;0.12624125628365776;0.20830200844087707;542.3071213324429;;;;;
1222;6.196479377583554;1.0;0.26297353569713017;0.39469680134032253;389.9227745319939;;;;;
1223;4.0148509913041845;1.0;0.20646866814323292;0.31956921053230775;397.0125443294628;;;;;
1224;4.989515630934382;1.0;0.2886738820144365;0.41732926668007947;272.58392679478965;;;;;
1225;3.8793360220579665;1.0;0.23425315995534174;0.3520314080316967;440.923863324158;;;;;
1226;4.636177949393181;1.0;0.29031431845913647;0.41330603344102634;334.7518024518501;;;;;
1227;6.733421177430232;1.0;0.19277760559661422;0.31410447508549;560.9080047418166;;;;;
1228;6.407355117720128;1.0;0.4196070357642432;0.6022805550313897;108.61257798872248;;;;;
1229;5.427476115547634;1.0;0.21635469215661712;0.32846405722546934;561.7654650060964;;;;;
1230;6.092640379372097;1.0;0.3584213808559908;0.5221633842767996;254.69847224558438;;;;;
1231;6.456094988313412;1.0;0.29569939001613194;0.4466599275711715;327.2082139023278;;;;;
1232;4.733724774023831;1.0;0.10231330331880156;0.17033776397324266;912.3101456268704;;;;;
1233;5.412931768631887;1.0;0.18718900864309046;0.3050059635259679;687.8625823466093;;;;;
1234;4.295830368017378;1.0;0.10767064089945633;0.18513585606578692;1078.5808832784412;;;;;
1235;4.944797702266643;1.0;0.19506793239698766;0.298374232506684;509.21246032288605;;;;;
1236;5.427636549158542;1.0;0.21782340398438707;0.3334990559309657;466.63483410397697;;;;;
1237;6.257253760899944;1.0;0.23779451985832178;0.3690263834008858;472.6146850911123;;;;;
1238;7.023905888014884;1.0;0.209943267590178;0.33378476693783615;284.01621873888143;;;;;
1239;5.688231502873414;1.0;0.16271511110496428;0.2613334946325235;451.5098326764062;;;;;
1240;3.2805950285085426;1.0;0.34320708986521076;0.49424292118190627;295.1139532072076;;;;;
1241;5.242127681544572;1.0;0.17377599016779854;0.27428600441126283;451.4604095744394;;;;;
1242;6.051988466864893;1.0;0.37756533824602934;0.5585784204987103;250.33717655400892;;;;;
1243;6.385753920699345;1.0;0.2692783900535073;0.41363677822959966;409.6360407925341;;;;;
1244;6.313783160020307;1.0;0.45461757712023887;0.6372674422891076;132.38951414454235;;;;;
1245;7.006663801833042;1.0;0.23331668924671006;0.3691313493324699;251.6946160798222;;;;;
1246;6.085895612314911;1.0;0.3939861600039883;0.5643998660684377;162.43842050774361;;;;;
1247;6.1496265554198795;1.0;0.42090373078797805;0.6110802203011895;144.89317890831563;;;;;
1248;2.117341947819013;1.0;0.41395129179979545;0.5722249634835616;268.77824687907224;;;;;
1249;6.196484034454891;1.0;0.23729713203959743;0.3659115016872025;663.0207510663378;;;;;
1250;5.486392604906143;1.0;0.12137173837631336;0.20116169889728142;649.3524445638167;;;;;
1251;5.455403649631005;1.0;0.23061988585584872;0.3665740007313468;319.28218124674817;;;;;
1252;6.961154974047478;1.0;0.18424941737392186;0.30605207335807477;426.6351082067907;;;;;
1253;6.7362016622255645;1.0;0.1359860518751266;0.23870854166270708;708.3921207388667;;;;;
1254;4.478437198874596;1.0;0.33371775850984026;0.4783287723128493;251.70608888878306;;;;;
1255;4.849404415035238;1.0;0.34940359613014677;0.5168072910598086;407.2261303533426;;;;;
1256;6.159776137846662;1.0;0.29366743159820285;0.44404619167990456;443.3778927783437;;;;;
1257;6.253317990709888;1.0;0.29585418388798407;0.44807450345393374;359.850206256507;;;;;
1258;6.721123580591816;1.0;0.25951792271056967;0.40416035891036445;516.0681333186608;;;;;
1259;5.770334309434182;1.0;0.3881947192338477;0.5709778065490017;210.59765782096636;;;;;
1260;3.4756254144908403;1.0;0.14778414188776165;0.22865044475478633;547.7847951687742;;;;;
1261;5.264541175834214;1.0;0.16709812750976213;0.26179198582772883;368.4088785204809;;;;;
1262;6.503419227904169;1.0;0.3105179027140776;0.4857215444419233;247.6224516019757;;;;;
1263;5.203319539004141;1.0;0.14968633122503988;0.2387894762570148;609.1191769919678;;;;;
1264;6.2802846751866035;1.0;0.3033711133284202;0.4610392946177988;289.91050459236646;;;;;
1265;6.092062337984798;1.0;0.29867480377513445;0.4625138163737005;330.70105866776834;;;;;
1266;4.713729928767295;1.0;0.24663121226561813;0.3781326053911626;386.61439708908;;;;;
1267;6.665562980457089;1.0;0.16259458533001142;0.26995971157050136;655.34767740504;;;;;
1268;5.294261833354049;1.0;0.20527868836945531;0.3100239083807117;391.5829699107473;;;;;
1269;5.297654887187795;1.0;0.1957175155144603;0.2912897250958519;313.18647315302013;;;;;
1270;5.872977049103033;1.0;0.3687130367576253;0.5546523457193511;203.98969248883782;;;;;
1271;-0.13074152331740008;1.0;0.26363263255501235;0.4010672385981302;355.9735249765878;;;;;
1272;6.073974933569659;1.0;0.42087736023950817;0.6058088316896576;223.22322597543152;;;;;
1273;6.592155133073869;1.0;0.3076707832169433;0.4525414446835234;447.1237648862496;;;;;
1274;6.7653905739396265;1.0;0.2997373416677184;0.4476173051031611;329.36206847981316;;;;;
1275;3.835786848727282;1.0;0.19656560872441867;0.30274199844895544;399.61634030794676;;;;;
1276;4.383527399854533;1.0;0.21420566065844002;0.328164286976751;356.7581646586926;;;;;
1277;4.108588013437049;1.0;0.16519340417091835;0.2642758216575766;384.3902538575038;;;;;
1278;4.959370343717213;1.0;0.11190289015590016;0.18834527263824746;726.3366702375654;;;;;
1279;5.845215740350778;1.0;0.32861461115110485;0.4913967771303182;338.36238643211993;;;;;
1280;5.241938300876026;1.0;0.28660265117181205;0.42936669213516954;471.17156826165086;;;;;
1281;5.54342513207248;1.0;0.15627121955510725;0.2511151165179021;469.8667697117119;;;;;
1282;5.2689480535176525;1.0;0.3001999479174872;0.4593174651537081;307.2268799074627;;;;;
1283;5.423575026752468;1.0;0.12981681115209964;0.21341347002359287;557.9391344921179;;;;;
1284;6.799545790230873;1.0;0.2756645403654402;0.42857527824952496;398.94281545422047;;;;;
1285;3.3030107538517215;1.0;0.22685892373924899;0.32542305796264026;296.5916335025453;;;;;
1286;3.844174462763151;1.0;0.18472364158880317;0.29128418267238854;375.7240062857265;;;;;
1287;6.5597144960394065;1.0;0.3028817960609501;0.4532652631735534;390.8677935872963;;;;;
1288;5.645256258263808;1.0;0.1234316524406256;0.2031383934729996;680.1816620872363;;;;;
1289;4.961307245510716;1.0;0.530236260072793;0.7159911616663143;123.69941176570123;;;;;
1290;4.77427038773257;1.0;0.18919403490263978;0.2949979501916335;322.5623833584619;;;;;
1291;7.091174386546781;1.0;0.2320070281184223;0.3653724472527343;378.28151583125936;;;;;
1292;5.985372778494839;1.0;0.417477795047276;0.614063424242384;216.10312013370117;;;;;
1293;5.04392864931317;1.0;0.14471792167293662;0.22824306322375942;563.6688933247231;;;;;
1294;4.918197238812686;1.0;0.22126593783397622;0.33293453200023476;240.60262674002556;;;;;
1295;5.930199443473743;1.0;0.2203107665786549;0.3352350248199;299.1641061685699;;;;;
1296;6.455439728192897;1.0;0.3813281079192896;0.5557538073135089;256.6253001499191;;;;;
1297;6.52049523159145;1.0;0.33883334158101747;0.49471868038587147;330.6080205937323;;;;;
1298;6.79435829562101;1.0;0.269969853326935;0.4111949167638173;293.44580918556494;;;;;
1299;6.203487760943078;1.0;0.3494369392623377;0.5223821443293724;276.095996528087;;;;;
1300;4.95727938088254;1.0;0.20378043452201394;0.3110443622137803;453.05213631415825;;;;;
1301;5.7294639540976195;1.0;0.34217348936823705;0.5206230794293025;203.65815803980084;;;;;
1302;6.001884435625348;1.0;0.2363322595476769;0.3657566339829573;606.5649692343391;;;;;
1303;6.5427890418601695;1.0;0.47036156928229106;0.6561023212264361;110.90419720045577;;;;;
1304;6.300751087976858;1.0;0.34724145854029087;0.5139169440461212;181.5489460969815;;;;;
1305;5.506989772568169;1.0;0.1315439427046674;0.22026613840676063;565.1805445038173;;;;;
1306;5.134434529604721;1.0;0.21206885185034;0.3283081728175744;346.31100052327827;;;;;
1307;5.169932553897637;1.0;0.18029608536551905;0.27894277527366135;439.3069823223536;;;;;
1308;6.707060394631899;1.0;0.291187349706401;0.4245001986803983;377.99572687960915;;;;;
1309;6.500654736296454;1.0;0.22859530792352642;0.34187238887858257;315.92538568169755;;;;;
1310;4.7265206736675855;1.0;0.16830306997991235;0.25093172014959675;417.87966509613204;;;;;
1311;6.628909147468476;1.0;0.2567194315591272;0.39971837770900437;489.0603976906725;;;;;
1312;5.483935522336463;1.0;0.21983315711513818;0.3364117062536967;367.6501014606437;;;;;
1313;6.37299271189403;1.0;0.3364780960952108;0.4916971479041423;253.74926738188876;;;;;
1314;5.953465041731469;1.0;0.34294676196177665;0.5242235553089121;176.39571468821944;;;;;
1315;6.31472343010914;1.0;0.3789094649753476;0.5487170667628255;126.79884279115109;;;;;
1316;6.145579223468404;1.0;0.19474753837046088;0.3064783534894161;426.8040251779643;;;;;
1317;5.544524246773641;1.0;0.315348037730498;0.46999083132598934;379.326934981574;;;;;
1318;6.004770003086698;1.0;0.4168650695820876;0.6209559193872454;199.536937595897;;;;;
1319;6.526237058320851;1.0;0.2159842618214695;0.34401266447937173;365.94260677015484;;;;;
1320;4.187768894909772;1.0;0.22621340887092964;0.3486416250101142;455.363791290949;;;;;
1321;7.137726996143424;1.0;0.2634182491067282;0.41091124075033636;248.10720499659834;;;;;
1322;6.3161555888958265;1.0;0.3803091586280134;0.5493960508473298;263.09290273679846;;;;;
1323;6.1441277224091735;1.0;0.2505228770587423;0.3809313588201087;235.03588200783355;;;;;
1324;6.638025512420285;1.0;0.2879263914039597;0.45212187336207216;323.7270868560207;;;;;
1325;7.282748307521304;1.0;0.22081769710355972;0.3554529301985864;325.3149248745434;;;;;
1326;3.4830574982215254;1.0;0.40460926838651406;0.5899761696253191;321.93170280062543;;;;;
1327;6.894629752836382;1.0;0.27512304529761505;0.42565434754853043;395.9792231568513;;;;;
1328;1.4642440557920882;1.0;0.2400275859378152;0.3561579031887459;439.9764759937023;;;;;
1329;1.3605706396327255;1.0;0.24754789507228095;0.37183907088935947;251.54849789741158;;;;;
1330;6.637873294620571;1.0;0.23596111687409768;0.3734357842114429;262.9869256825694;;;;;
1331;5.397557894841226;1.0;0.2686392223217971;0.4167931091587719;334.33183851982204;;;;;
1332;2.912040195192868;1.0;0.21222212897640177;0.33794143308109587;405.98458575643224;;;;;
1333;5.377376721152212;1.0;0.2729888081309631;0.42389960491595197;507.65222052493556;;;;;
1334;6.532690699321427;1.0;0.16325552812538932;0.2718625476315977;475.42753209145576;;;;;
1335;6.146673944252459;1.0;0.22780548016285693;0.3468903183907862;351.98426698472434;;;;;
1336;5.336059759958239;1.0;0.1835662353373298;0.29256908933082065;405.4368551265395;;;;;
1337;4.5989112825530105;1.0;0.2658679809969341;0.41504640496738904;339.5504070564689;;;;;
1338;6.5531336871193435;1.0;0.44020844001561515;0.6276962622317416;116.55576992693491;;;;;
1339;5.759849498162137;1.0;0.3492667189659639;0.5162372744378007;379.15311915384234;;;;;
1340;4.685025240400076;1.0;0.23580104737057206;0.3463980401738291;414.85627848851664;;;;;
1341;6.501539548240184;1.0;0.27599271747092313;0.42598408464217447;494.53634555786806;;;;;
1342;6.5694915838896275;1.0;0.19623371669944395;0.31469719696843296;620.5698202803071;;;;;
1343;5.398409951915195;1.0;0.12623278816714167;0.21218121990209998;747.0032708269041;;;;;
1344;6.277546219062013;1.0;0.4791044088622845;0.678072987135046;205.1278673123637;;;;;
1345;5.8906485193424025;1.0;0.234379732599875;0.3724574727024317;388.8083567562979;;;;;
1346;5.009192631064389;1.0;0.1413448049088298;0.2276625231876857;561.6835253642322;;;;;
1347;6.301590304533333;1.0;0.1294970617311895;0.2176954925842011;573.7168439353576;;;;;
1348;5.664522445377851;1.0;0.2289054435088303;0.36341464007977203;430.39117089624847;;;;;
1349;3.9765616078353694;1.0;0.34098126534944156;0.4935426211629909;164.53261986200877;;;;;
1350;5.447947065479147;1.0;0.25732688675098025;0.39225378611846606;565.6758944522508;;;;;
1351;5.60566228780034;1.0;0.12888019212657414;0.22033617264565555;641.3085082387981;;;;;
1352;5.170360249708208;1.0;0.18278592190692355;0.3050802529371501;347.55436446256726;;;;;
1353;4.5493579130562045;1.0;0.3059010408685163;0.4689116585222941;440.8695258170402;;;;;
1354;5.221244303048192;1.0;0.21976184334464618;0.34462247289240355;439.81931983320106;;;;;
1355;5.835675350068031;1.0;0.207217221865354;0.3290292168669391;375.2424750672496;;;;;
1356;5.51041924762518;1.0;0.16704133650170416;0.2791062554308849;575.157159175155;;;;;
1357;1.7668997497022452;1.0;0.2096093201610098;0.3403614178848809;495.69264585195504;;;;;
1358;5.2906357126690775;1.0;0.28747347178417126;0.4492534212460698;424.95419953706937;;;;;
1359;4.969312973028929;1.0;0.30960269570788435;0.47388738677366415;295.17762996408385;;;;;
1360;4.654610496242188;1.0;0.31387051610944405;0.48461519141771037;299.4469517213395;;;;;
1361;3.628518052631323;1.0;0.3206686978349838;0.4849428769839028;268.515150588467;;;;;
1362;4.948930656236659;1.0;0.13769521997869533;0.2318489996915587;627.1834974079185;;;;;
1363;6.137578247149872;1.0;0.31451797875697496;0.47945943730558716;261.70732703029;;;;;
1364;5.321427050612709;1.0;0.20277920468018126;0.32862781866899976;403.8129170409014;;;;;
1365;5.835254840488993;1.0;0.1990225823336669;0.3166328369795748;405.6902493894194;;;;;
1366;5.2980297288384435;1.0;0.169200123752018;0.27170684320091615;344.1327808214629;;;;;
1367;5.258635307369201;1.0;0.10205436739697592;0.1816569097660104;686.7984421180007;;;;;
1368;3.1508500158658777;1.0;0.2619097749987307;0.3980987153320751;394.04153767726626;;;;;
1369;6.769029592451208;1.0;0.3626703427639778;0.5579720285309483;154.94488266299257;;;;;
1370;5.574924409427963;1.0;0.11845483942649736;0.2048543148053212;654.6230405216585;;;;;
1371;3.6798649413165823;1.0;0.18240621089449452;0.30622280118397094;436.80793737693324;;;;;
1372;6.266466849289163;1.0;0.17241383020312973;0.28345627417140323;420.19609485975997;;;;;
1373;2.7546040004823413;1.0;0.35745250016803864;0.53706012008926;307.5238869260649;;;;;
1374;5.356402799108743;1.0;0.11713922179827664;0.19997714351947923;572.7488897111602;;;;;
1375;5.324907859813521;1.0;0.2632064435707648;0.41391275793375476;359.5784526889211;;;;;
1376;1.6649050983168623;1.0;0.1936016568267321;0.3075151320958027;447.99815591565385;;;;;
1377;4.686407563541709;1.0;0.28296292899149095;0.4271594965876055;439.10513985591;;;;;
1378;6.017466830095614;1.0;0.4543216354194358;0.6541942167181183;266.4528094391478;;;;;
1379;5.637401981277148;1.0;0.25793688800450937;0.4005233914964428;471.70365203005997;;;;;
1380;5.724626401916839;1.0;0.1758116955852776;0.2916179216084917;492.115234133892;;;;;
1381;4.601888966242062;1.0;0.19388914865266343;0.3099471171052547;691.4544927038204;;;;;
1382;5.848039929203154;1.0;0.17322015395792695;0.2802233225384259;444.5160894968533;;;;;
1383;6.405843945212497;1.0;0.315483218043657;0.46557278762688403;494.4004861972254;;;;;
1384;6.423447798457784;1.0;0.3318541457363985;0.48706819431068;406.75291870037137;;;;;
1385;5.049265664855745;1.0;0.25467538593461614;0.36788822536389837;418.6524136031298;;;;;
1386;5.892119923846636;1.0;0.35588484974167034;0.5211672921289265;180.9293912028834;;;;;
1387;2.853641813822163;1.0;0.20120881657907067;0.3130717874348261;680.1538312931918;;;;;
1388;4.919408878892423;1.0;0.24483128051548336;0.38575041975498586;452.5059864488526;;;;;
1389;5.745620522385488;1.0;0.18666239337485324;0.2779982021072855;334.78582474764073;;;;;
1390;6.14854272032535;1.0;0.16375466612493172;0.2745116719597583;467.93695480411617;;;;;
1391;1.6404665964483272;1.0;0.40014355512350197;0.5550970120483192;362.0404141376631;;;;;
1392;6.149509595540976;1.0;0.23325599027594643;0.37137470632048003;332.2615410719258;;;;;
1393;4.494683162264897;1.0;0.1777534533978981;0.2454100125276036;472.39861458417334;;;;;
1394;7.1554011280384024;1.0;0.24610711809565386;0.37408792188560186;404.44320287869857;;;;;
1395;4.466862575573014;1.0;0.1837488563054957;0.30402516144500297;341.1085210563416;;;;;
1396;6.700583280320829;1.0;0.39753928321974297;0.5842858177313058;195.4224560575001;;;;;
1397;6.178375430630096;1.0;0.21534427134832945;0.340009451919561;463.4278879972296;;;;;
1398;6.683562075200805;1.0;0.19442149961132857;0.29700020334404204;378.5230819646775;;;;;
1399;4.62174087462373;1.0;0.15381818424379545;0.25465305606193067;349.8039729924578;;;;;
1400;4.63793553600426;1.0;0.30024129581594816;0.4699253541233563;281.369619077241;;;;;
1401;4.862481472599513;1.0;0.2894711468423334;0.4572421007388194;257.2360085945576;;;;;
1402;5.005385132833522;1.0;0.20908946329243527;0.3304093341445728;311.25686219663135;;;;;
1403;3.8323121456107763;1.0;0.23867913520448109;0.37569813939445806;546.2033159343581;;;;;
1404;5.968199990715898;1.0;0.35905641663344423;0.5278369503477482;318.0559275554344;;;;;
1405;5.98370350838842;1.0;0.2826297854124202;0.4264299105327609;570.8623683274654;;;;;
1406;4.2525042961955295;1.0;0.20694907084767725;0.3157327670489758;508.6385142837392;;;;;
1407;5.218653936772144;1.0;0.15555598623238204;0.24918538399540852;596.3690979666569;;;;;
1408;3.517647236872569;1.0;0.16203184630635312;0.2451432924775745;351.51777181314066;;;;;
1409;6.049232161481971;1.0;0.2461978173502445;0.3480121050666935;277.5354553836442;;;;;
1410;3.5123351306411426;1.0;0.3550828836227482;0.5276874211981532;401.83764124081466;;;;;
1411;5.545617698141319;1.0;0.13418432017833112;0.22039602923030086;616.7628837335793;;;;;
1412;-1.6396182634711565;1.0;0.15471383367817595;0.24616103715038498;542.489696473347;;;;;
1413;1.2463192637952654;1.0;0.2560011202170977;0.38326254192104486;535.3873928862416;;;;;
1414;6.619883762998411;1.0;0.13988053814601256;0.23226611038518324;507.78304365396735;;;;;
1415;5.167529966286632;1.0;0.28492351256172105;0.42981138851931966;584.8270235359265;;;;;
1416;-3.66622555558868;0.0;0.0;0.0;1093.5456724695387;;;;;
1417;5.677898407837622;1.0;0.17043652129228792;0.2706781617356711;448.09276482132657;;;;;
1418;6.383757042158557;1.0;0.4052341146567727;0.5886139412925901;234.02693152059774;;;;;
1419;6.053271103033991;1.0;0.3711965195305406;0.5484355878590862;272.31318498958797;;;;;
1420;3.601751105942674;1.0;0.4332943287747565;0.6180091429221531;294.3011941927732;;;;;
1421;3.9704403590051354;1.0;0.2571805500246251;0.4046999005875234;375.2275629734419;;;;;
1422;-7.440603180260498;0.0;0.0;0.0;1407.4437024202057;;;;;
1423;-4.7507314827639275;0.0;0.0;0.0;1470.9463239039792;;;;;
1424;4.44032006076342;1.0;0.2552245736627807;0.38950042760316894;534.780183210849;;;;;
1425;5.3308105916295805;1.0;0.16590725656590694;0.26248473565880764;423.7799036162897;;;;;
1426;5.700633536079183;1.0;0.4370847375106048;0.6211825397697804;182.2564249417047;;;;;
1427;4.079077079931243;1.0;0.2032859506187061;0.3148917710695196;454.8002848579413;;;;;
1428;4.546530291350867;1.0;0.18133971777337551;0.289747268345828;613.4257416621302;;;;;
1429;7.064026667312707;1.0;0.33629021211526694;0.4947620180235893;188.67704623723668;;;;;
1430;6.268286280648871;1.0;0.3268610824726701;0.4875080677958568;328.3455957116655;;;;;
1431;7.098170133584528;1.0;0.357801213082955;0.5129151198567666;205.39085643771827;;;;;
1432;5.593462739746273;1.0;0.22062207529850442;0.3419280783796076;452.69551431122676;;;;;
1433;5.6192861946024495;1.0;0.3655641910844163;0.5439565296508394;304.1220416240507;;;;;
1434;6.77470924423444;1.0;0.256330521133489;0.39228836605034606;465.7418830277337;;;;;
1435;5.6289408319541225;1.0;0.22407636688082558;0.346205396652789;690.0506702929243;;;;;
1436;5.897989358743279;1.0;0.18492149342384384;0.284101904704445;472.81100421680856;;;;;
1437;5.938219784919157;1.0;0.48598349346733455;0.7079543158930801;209.90086627614;;;;;
1438;4.900361804487801;1.0;0.3657255368976197;0.5495647197406054;326.54657450238403;;;;;
1439;6.852433191823086;1.0;0.41707271465833745;0.6026798541070184;241.52399071624671;;;;;
1440;6.328743158410266;1.0;0.13879823797462837;0.21991101789569734;512.5496877654077;;;;;
1441;5.42172516849312;1.0;0.22930274517697408;0.33664740980468677;396.7492387907566;;;;;
1442;7.18353728470821;1.0;0.2668241952360687;0.40787196123026376;331.36927997381395;;;;;
1443;4.646544568843221;1.0;0.19506417278666058;0.2997142418586145;410.27460249612665;;;;;
1444;-13.747460276608022;0.0;0.0;0.0;1652.5372893300826;;;;;
1445;3.818925532934495;1.0;0.2497833831860878;0.37440249337906395;322.0239062295346;;;;;
1446;4.963723665317527;1.0;0.22746788229530734;0.3414853557094458;433.36835612182097;;;;;
1447;0.5258882831136971;1.0;0.3559496483530624;0.48991158429891407;340.9964378605599;;;;;
1448;6.308451320268267;1.0;0.18585480695332762;0.28920032818729763;545.1514276700622;;;;;
1449;5.127629397410354;1.0;0.29002849508435763;0.43619792593551787;334.1933478132669;;;;;
1450;4.451539622369115;1.0;0.15278333009616785;0.23743214390796907;489.1052285555186;;;;;
1451;3.9243193307393374;1.0;0.32206475215506664;0.46375589975664855;365.1918520370168;;;;;
