index;reward;success;path_efficiency;effective_speed;lateral_motion;policy_loss;value_loss;entropy;approximate_kl;clip_fraction
1;-0.7754497429685933;0.0;0.0;0.0;149.91374627394592;-0.010220858501270413;0.003342485666507855;5.815206289291382;0.005518563336227089;0.07421875
2;-0.8012835311818376;0.0;0.0;0.0;139.037565063528;-0.011864854907616972;0.0004972250550054014;5.8177742004394535;0.0028186560957692564;0.0310546875
3;-0.07125633707012853;0.0;0.0;0.0;141.1033919507517;-0.004511164454743266;0.000290215036511654;5.823490595817566;0.0014698333339765667;0.0083984375
4;-0.256706648217669;0.0;0.0;0.0;141.17379321439492;-0.010823044320568442;0.0002326927955436986;5.83177683353424;0.0023898570565506817;0.019140625
5;-0.2840730560839137;0.0;0.0;0.0;136.28440102522123;-0.010083831427618862;0.00021781993709737434;5.841113448143005;0.0026769663207232954;0.0263671875
6;-0.5907987044209712;0.0;0.0;0.0;149.71806798140108;-0.01602534409612417;0.0002411191577266436;5.853316044807434;0.003622728295158595;0.04140625
7;-0.7336386579364989;0.0;0.0;0.0;156.02022049215415;-0.012499508750624954;0.0002824150949891191;5.856022763252258;0.0039020023890770973;0.042578125
8;-0.23501651853758249;0.0;0.0;0.0;168.31977194477682;-0.007064953492954373;0.0003611387786804698;5.857798790931701;0.002041898120660335;0.0146484375
9;-0.7280095521044919;0.0;0.0;0.0;182.82600745978078;-0.010936007648706437;0.0003651692226412706;5.856846952438355;0.003475282632280141;0.041796875
10;-1.269013027242612;0.0;0.0;0.0;213.45536004694299;-0.002867438551038504;0.00041029125859495255;5.857116436958313;0.0037606152123771607;0.04453125
11;-0.9776347274522286;0.0;0.0;0.0;224.62677224471153;-0.007743580127134919;0.0006048559327609837;5.856703519821167;0.004962429485749454;0.0638671875
12;-0.9387117895586385;0.0;0.0;0.0;217.6228571481966;-0.019965616846457125;0.000583066200488247;5.851894855499268;0.004237555619329214;0.0505859375
13;-9.348185623158027;0.0;0.0;0.0;201.76744733662224;-0.01237438670359552;0.0006060492552933284;5.847028088569641;0.00349317368818447;0.0396484375
14;-18.199005225638174;0.0;0.0;0.0;247.5786778583589;-0.007540236134082079;0.0006542056158650667;5.846433568000793;0.004552091704681516;0.0591796875
15;-9.968146743713858;0.0;0.0;0.0;256.56992470636027;-0.0017405796330422162;0.000794683551066555;5.839363169670105;0.004172370990272611;0.0501953125
16;-13.85291247982223;0.0;0.0;0.0;244.28637570189503;-0.012413074448704719;0.001324117521289736;5.834276342391968;0.006174534885212779;0.0849609375
17;-5.396233179098303;0.0;0.0;0.0;292.7911051970237;-0.01204433459788561;0.0011006991175236181;5.830920648574829;0.005152515263762325;0.069140625
18;-8.41716863510614;0.0;0.0;0.0;247.0731201895596;-0.009259592136368155;0.0020227687782607973;5.826979613304138;0.0061312434845604;0.084765625
19;-16.955323983564206;0.0;0.0;0.0;254.48991706613063;-0.003450109390541911;0.006433510046917945;5.829357218742371;0.0035981754772365093;0.0396484375
20;-21.703357031934058;0.0;0.0;0.0;223.26009276577656;0.0015331737697124482;0.023603162821382286;5.838457727432251;0.0033556053531356156;0.041796875
21;-9.416669962087125;0.0;0.0;0.0;251.40603255316702;-0.011116108670830727;0.04734062198549509;5.846659994125366;0.006703115848358721;0.0908203125
22;-15.935061208905747;0.0;0.0;0.0;248.1372142709861;-0.012974840681999921;0.05087768211960793;5.852902102470398;0.004605441051535308;0.05859375
23;-19.642907911404354;0.0;0.0;0.0;313.2245984025811;-0.019723542127758266;0.041835515294224024;5.855384445190429;0.00878963655559346;0.109765625
24;-18.308457183960996;0.0;0.0;0.0;341.52367876243034;-0.012516908487305045;0.04206188805401325;5.858182501792908;0.005498189281206578;0.0705078125
25;-12.18814529720014;0.0;0.0;0.0;301.323345684488;-0.012709656427614392;0.04112417846918106;5.861561965942383;0.00542403400177136;0.0662109375
26;-9.727279496736402;0.0;0.0;0.0;383.1230694202459;-0.013942732126452029;0.026682952092960475;5.868666791915894;0.005106067936867476;0.067578125
27;-15.561676116997734;0.0;0.0;0.0;659.2464039274696;-0.005518148187547922;0.017251802468672396;5.8778300285339355;0.0068770552752539515;0.094921875
28;-9.208499278215315;0.0;0.0;0.0;688.2657475518489;-0.012637961329892278;0.022844546474516392;5.8901495933532715;0.006213989050593227;0.0888671875
29;-21.01139742607461;0.0;0.0;0.0;778.4798802010457;-0.011114224954508246;0.010839329613372684;5.897424912452697;0.005860169732477516;0.078515625
30;-11.934798095149228;0.0;0.0;0.0;839.4467455674504;-0.012891853274777532;0.01353153451345861;5.900034809112549;0.006946113565936685;0.08515625
31;-27.41298022229727;0.0;0.0;0.0;894.1145994218849;-0.005768182617612183;0.017276178998872637;5.905422854423523;0.0074961140402592715;0.1005859375
32;-14.917920887703453;0.0;0.0;0.0;900.1566737983701;-0.012774682231247425;0.01897477889433503;5.911610198020935;0.006409638025797903;0.081640625
33;-11.936675498742378;0.0;0.0;0.0;970.087466278555;-0.009888863284140825;0.008839965448714793;5.916596722602844;0.00669279983267188;0.091015625
34;-14.98827452286473;0.0;0.0;0.0;1116.5558100995154;-0.021927162911742924;0.008199902600608766;5.916463994979859;0.008510587841738016;0.1244140625
35;-3.640275676931594;0.0;0.0;0.0;1216.5456565307325;-0.017492121388204395;0.006730255950242281;5.91393735408783;0.006902397726662457;0.0958984375
36;-6.94931974539565;0.0;0.0;0.0;1217.2461283118573;-0.01803562813438475;0.006255556410178542;5.91269838809967;0.007421451527625323;0.0958984375
37;-0.5887048260835843;0.0;0.0;0.0;1148.9285051751986;-0.01092126676812768;0.005424194014631211;5.914038515090942;0.006215695093851536;0.073828125
38;-5.105591196218586;0.0;0.0;0.0;941.0476133774577;-0.006650537345558405;0.004280662129167468;5.910014629364014;0.00573644608957693;0.07734375
39;-1.1646073327747684;0.0;0.0;0.0;1146.642297702561;-0.010008344473317266;0.006860706396400929;5.905398225784301;0.008129255042877048;0.121875
40;-5.287505760076798;0.0;0.0;0.0;1040.4222873747783;-0.011623870977200568;0.003327454056125134;5.90338625907898;0.009576919313985854;0.137890625
41;-5.439897803268408;0.0;0.0;0.0;1069.9743928439445;-0.011784436786547304;0.0030829226947389544;5.8982329845428465;0.006817399256397039;0.1015625
42;-5.316247450615764;0.0;0.0;0.0;1005.5662580097053;-0.007852937292773277;0.0036699777119793;5.896487426757813;0.008882294152863323;0.1296875
43;-4.949765644904542;0.0;0.0;0.0;920.9398105614988;-0.004643851704895496;0.0020865374419372527;5.8944872379302975;0.007159264839719981;0.1044921875
44;-4.710069421780521;0.0;0.0;0.0;1024.0344274840713;-0.009434790350496769;0.0015903556835837663;5.89590277671814;0.00782837551087141;0.1072265625
45;-3.778163231741371;0.0;0.0;0.0;948.266835099459;-0.009052651608362794;0.0014696085650939494;5.89720311164856;0.009778245282359422;0.130859375
46;-3.216014597858949;0.0;0.0;0.0;973.9517986604102;-0.015280034299939871;0.0016438713355455548;5.892424845695496;0.009899301955010742;0.1412109375
47;-3.1087843541205222;0.0;0.0;0.0;1219.8446765064282;-0.01633296408690512;0.0017598649545107036;5.887659406661987;0.008240881119854748;0.1181640625
48;-0.8713088637355596;0.0;0.0;0.0;997.5078422762471;-0.007816060399636626;0.002327730302931741;5.883173227310181;0.007643344870302826;0.1041015625
49;-2.478625445409613;0.0;0.0;0.0;1823.9342559146319;-0.005061154812574386;0.001230406793183647;5.881973028182983;0.007630409009288996;0.11015625
50;-2.2344415015437162;0.0;0.0;0.0;1323.5083846809337;-0.012883208179846405;0.002225958713097498;5.884825444221496;0.00886635718634352;0.12734375
51;-1.2933207155686683;0.0;0.0;0.0;1377.6019826955255;-0.005761169083416462;0.0017914652707986534;5.886331915855408;0.008646701264660805;0.1185546875
52;3.841516901026068;1.0;0.08203261730553871;0.1371194001628448;822.6042798263196;-0.0018955288920551538;0.001649911078857258;5.890744042396546;0.006725601514335722;0.0900390625
53;-0.5565709251356271;0.0;0.0;0.0;953.5472846417526;-0.006114025693386793;0.0015371868445072322;5.893152856826783;0.007590237900149077;0.11171875
54;-1.2388638616038872;0.0;0.0;0.0;1150.4953323294503;-0.011119307833723724;0.001472354750148952;5.894645071029663;0.009433212806470692;0.126171875
55;-0.6007059714916728;0.0;0.0;0.0;1009.4290010488361;-0.010340401297435164;0.0010769669141154736;5.895994997024536;0.008567329531069845;0.1322265625
56;-0.5794997026924827;0.0;0.0;0.0;1139.0995945878487;-0.010617710696533323;0.0011852748866658658;5.896975827217102;0.005512553814332933;0.0755859375
57;-2.0981585990483684;0.0;0.0;0.0;949.5141812212868;-0.0022758062463253737;0.0011512392200529575;5.900157785415649;0.0076480303192511204;0.1083984375
58;-1.81813851457446;0.0;0.0;0.0;1421.603332758937;-0.008555664261803032;0.0011157249420648441;5.9056110858917235;0.007177912141196429;0.0990234375
59;4.792362386121682;1.0;0.16624122758484658;0.26078914692175426;488.2678116125322;-0.0019365400541573763;0.0015095333568751813;5.9040241718292235;0.0054079594789072875;0.0673828125
60;-16.424453200501382;0.0;0.0;0.0;860.5439801223012;-0.008758052857592702;0.000911787772201933;5.904046130180359;0.009646687540225685;0.1369140625
61;-15.331153124851836;0.0;0.0;0.0;891.8018875590147;-0.009951332584023476;0.001011893677059561;5.901947116851806;0.006861939502414316;0.0833984375
62;-3.257908658068066;0.0;0.0;0.0;724.1600698891225;-0.005745154805481434;0.0008314946433529257;5.90264093875885;0.007345006230752915;0.1150390625
63;-6.173054859135058;0.0;0.0;0.0;700.6987530351876;-0.004650566820055246;0.0016598423419054598;5.904330730438232;0.009781250765081495;0.134375
64;-14.624017681467334;0.0;0.0;0.0;741.5894733908943;-0.009699797839857638;0.001037967883166857;5.90435037612915;0.011997650400735438;0.161328125
65;-2.787844083222093;0.0;0.0;0.0;979.8309949913873;-0.009508828725665807;0.001103455980774015;5.905281114578247;0.009847558173350989;0.144921875
66;-8.40936975320308;0.0;0.0;0.0;836.5980727110933;-0.009499790659174324;0.0007226006855489686;5.908796811103821;0.00701890952186659;0.1044921875
67;-15.975552258915389;0.0;0.0;0.0;1270.8301700513086;-0.00511396958027035;0.0010081453656312078;5.9140078783035275;0.007541763677727431;0.106640625
68;-1.5365245866146664;0.0;0.0;0.0;1178.2700709538626;-0.006859212787821889;0.0007928262988571077;5.915884804725647;0.010443375655449927;0.153125
69;-5.233808086565325;0.0;0.0;0.0;1060.4749900285901;-0.009562288038432598;0.0009529702627332881;5.914906668663025;0.006778281170409173;0.091015625
70;-6.550334872314735;0.0;0.0;0.0;908.2940115159935;-0.007458157977089286;0.0008493835164699703;5.911682438850403;0.008630304946564138;0.1171875
71;-10.004586470782321;0.0;0.0;0.0;1471.987791913089;-0.013325676880776882;0.0012942426081281155;5.91269326210022;0.010758651478681713;0.1556640625
72;-8.752178781009986;0.0;0.0;0.0;1349.9305518643027;-0.008076876634731889;0.0013368419953621925;5.91384608745575;0.010389826551545411;0.143359375
73;-7.7463595608018005;0.0;0.0;0.0;1428.2984258154127;-0.0043191127479076385;0.001371352287242189;5.919914269447327;0.008711958618368954;0.1224609375
74;-0.8249246096043253;0.0;0.0;0.0;1483.0939744604727;-0.0006085803200091634;0.002117749012541026;5.92348439352853;0.011190664904591228;0.15011160714285715
75;-1.149975548956894;0.0;0.0;0.0;1760.3868641532288;-0.009986155200749636;0.0025874449114780874;5.9245542764663695;0.011600325140170753;0.1642578125
76;-1.070742008595494;0.0;0.0;0.0;1725.6717825044193;-0.00575204617343843;0.003274013369809836;5.927801632881165;0.007174610637594015;0.1052734375
77;-7.997274852408739;0.0;0.0;0.0;2248.0406351056818;-0.01616582288406789;0.0034684737562201916;5.930549788475036;0.01105921579292044;0.148828125
78;-1.498098837780755;0.0;0.0;0.0;1056.91518797202;-0.0025899048428982495;0.054613496130332354;5.930431318283081;0.010250165732577443;0.1412109375
79;-3.812350051766153;0.0;0.0;0.0;1862.1608010996943;-0.013766967644914984;0.0055633663898333905;5.930016541481018;0.010173081594984978;0.1302734375
80;-2.4842554170584985;0.0;0.0;0.0;1783.7482983017464;-0.014270653622224927;0.012297234195284546;5.9340674638748165;0.008259445417206735;0.114453125
81;-3.4332909780514287;0.0;0.0;0.0;1360.7613364192837;-0.01227992788190022;0.009867306123487652;5.938166093826294;0.008322003541979938;0.1173828125
82;-8.138510977222175;0.0;0.0;0.0;2079.9247545918215;-0.0076487713493406774;0.005718751298263669;5.9372031688690186;0.008563199895434082;0.1162109375
83;-3.8970564279100643;0.0;0.0;0.0;2348.4116094664996;-0.013108491338789463;0.011379726510494948;5.935475373268128;0.012700389674864709;0.170703125
84;-2.960604040902509;0.0;0.0;0.0;930.7183800540778;-0.009216566476970911;0.012787058250978589;5.935299611091613;0.007959913974627853;0.1109375
85;-2.997166362687646;0.0;0.0;0.0;1200.4386695671726;-0.01187516050413251;0.010691998247057199;5.934252429008484;0.008121142047457397;0.104296875
86;-1.2727795542246652;0.0;0.0;0.0;947.7246198648122;-0.008054088102653623;0.06842120550572872;5.935249400138855;0.010203933052252978;0.14765625
87;-1.3539057392401923;0.0;0.0;0.0;1299.9001617181302;-0.014262451068498194;0.007106473227031529;5.937442493438721;0.008974056330043823;0.1328125
88;0.07837680870947149;0.0;0.0;0.0;861.0111009448292;-0.007729579648002982;0.008273145346902312;5.941567921638489;0.007620586850680411;0.101171875
89;3.4243400742121897;1.0;0.0774372366349202;0.1200182252041855;739.0070105040218;-0.01138375480659306;0.013184374291449785;5.944767570495605;0.009144459874369204;0.1263671875
90;-2.154731051735188;0.0;0.0;0.0;1443.7501285958833;-0.015284127555787563;0.0138940189499408;5.946319055557251;0.009587412280961872;0.1392578125
91;-0.7624995637778721;0.0;0.0;0.0;801.872959521347;-0.004463035427033901;0.005609360383823514;5.952987718582153;0.0073603861266747115;0.0986328125
92;-2.072195019286781;0.0;0.0;0.0;863.4368237845142;-0.00877188090234995;0.01154554570093751;5.95271532535553;0.008834115415811538;0.1232421875
93;-1.7710655002623876;0.0;0.0;0.0;1173.53130622645;-0.011102182045578956;0.006533796503208578;5.9519014120101925;0.009174525702837855;0.12734375
94;-1.8208032619702195;0.0;0.0;0.0;750.9449257520554;-0.013207205105572939;0.004189475008752197;5.953828358650208;0.006277506507467478;0.08984375
95;-3.3394747608832422;0.0;0.0;0.0;1317.027760721924;-0.014095279388129711;0.004939117713365704;5.9589098453521725;0.010253687691874801;0.153125
96;-3.0181352816830613;0.0;0.0;0.0;1245.1385768481507;-0.00909374374896288;0.00773320123553276;5.962217903137207;0.009114495641551913;0.1185546875
97;-2.9035870553479244;0.0;0.0;0.0;1436.574759063696;-0.01540287765674293;0.0021270545781590044;5.96976375579834;0.007919902633875608;0.1173828125
98;-1.9196612020452715;0.0;0.0;0.0;1280.617803665928;-0.010430956445634364;0.0024731448793318123;5.976131939888001;0.00981211110483855;0.15
99;-1.0184412199838022;0.0;0.0;0.0;1223.335118362446;-0.007121027400717139;0.0017049637215677648;5.977280449867249;0.00817675500875339;0.1185546875
100;2.822400231249507;1.0;0.11586774558031677;0.18122393707093495;546.5637308631783;-1.7306813970208167e-05;0.001734165835659951;5.984367322921753;0.006948848941829055;0.0927734375
101;0.2592127446053043;1.0;0.07653318218355433;0.12176020947603056;747.307947975604;-0.010927791707217693;0.0011280143895419314;5.990763998031616;0.0064689928782172505;0.0875
102;-2.0993208678033866;0.0;0.0;0.0;953.9675694468992;-0.010185964917764068;0.0014431426243390888;5.99004032611847;0.006517107563558966;0.091015625
103;-0.6363117993867915;0.0;0.0;0.0;1458.939551772944;-0.004442664748057723;0.0013922759564593435;5.982210254669189;0.005779575847554952;0.0857421875
104;4.054900828411009;1.0;0.13853890165703342;0.21745131448027216;393.36237595943516;-0.009907904057763517;0.001223828733782284;5.971120452880859;0.00977230480639264;0.146875
105;3.725779541370413;1.0;0.10467536122666524;0.16813683798094015;521.093671219004;-0.008983086887747049;0.0012087450159015134;5.970082402229309;0.007435974490363151;0.09609375
106;-0.5578094234996728;0.0;0.0;0.0;1277.2167714679745;-0.0017920123296789824;0.0011558752652490512;5.970986652374267;0.0067531434353441;0.0908203125
107;-5.207111533964158;0.0;0.0;0.0;1303.3397158156301;-0.011960309883579611;0.0010737098258687184;5.975047922134399;0.009183346398640425;0.130859375
108;-0.5670944826847187;0.0;0.0;0.0;1618.0081702497075;-0.012269749026745557;0.0009193995996611193;5.977586698532105;0.010928773577325046;0.15546875
109;-0.7620975831283024;0.0;0.0;0.0;826.0235616744594;-0.007577961450442672;0.0010407857305835932;5.979245615005493;0.008238537725992501;0.110546875
110;1.2332512430843399;1.0;0.0673164251411288;0.1121088588930219;792.985376893024;-0.010380222974345089;0.0008941689768107608;5.982597923278808;0.008823166158981622;0.1291015625
111;0.36129788973120375;0.0;0.0;0.0;1525.4920746722905;-0.009121623076498508;0.0008541498536942527;5.979471731185913;0.008326100511476397;0.1232421875
112;-0.0058119828194836895;0.0;0.0;0.0;1890.9416997351361;-0.0005613251589238644;0.0013182337628677488;5.979863929748535;0.00989621675107628;0.130078125
113;0.7123861159149875;0.0;0.0;0.0;1464.324148035403;-0.000995236961171031;0.0016207522014155984;5.9853102684021;0.008163386897649616;0.111328125
114;-0.9097845184341885;0.0;0.0;0.0;1551.9295952614584;-0.008723298250697554;0.0012955455982591956;5.98943555355072;0.007838029426056891;0.1080078125
115;-1.1993653810448934;0.0;0.0;0.0;1075.2427790013996;-0.009282757714390754;0.0011106556106824429;5.993058824539185;0.009246799699030816;0.1322265625
116;0.8702235420764572;0.0;0.0;0.0;1124.2660915423291;-0.0038351021939888597;0.0007886293547926471;5.994401907920837;0.007353523839265108;0.108203125
117;0.3903630730990104;0.0;0.0;0.0;1481.6981353257768;-0.017629763716831802;0.000918206773349084;5.995136547088623;0.011117184907197953;0.15078125
118;3.5691238747114578;1.0;0.10139497914201012;0.17161699984939485;515.4123504875857;-0.009978774935007095;0.003108242590678856;5.999039101600647;0.01107345762429759;0.158203125
119;2.2991644786118624;1.0;0.10402511490654492;0.17275434345554827;1031.508485047913;-0.002777904598042369;0.001523315504891798;6.008823251724243;0.009642141417134553;0.1408203125
120;-9.848856081118527;0.0;0.0;0.0;1412.7166400583221;-0.007473185751587152;0.0007947135658469051;6.015722012519836;0.009020457265432925;0.1291015625
121;-0.535896054254021;0.0;0.0;0.0;1545.5903809173305;-0.0176205700263381;0.0012805535981897265;6.019523239135742;0.013212848315015435;0.1748046875
122;3.7856527817919092;1.0;0.09903483014263098;0.16573353014203246;534.3167199855658;-0.001043141819536686;0.0008472084708046168;6.01872136592865;0.0063669246505014595;0.0888671875
123;0.8472213608986066;0.0;0.0;0.0;909.667109088079;-0.006764497468248009;0.0009076210437342525;6.022639369964599;0.011496560147497803;0.1771484375
124;4.843804217356056;1.0;0.14985152944346214;0.24275448457136933;410.9499654829352;-0.01731558577157557;0.0009910446387948468;6.024112629890442;0.011078802647534757;0.167578125
125;3.0949823827787477;1.0;0.09954882360441958;0.1621932373853649;561.5467238624717;-0.01294513961765915;0.0007386623125057668;6.023656821250915;0.014775879168882965;0.1986328125
126;2.701841070108124;1.0;0.14256693757819486;0.22462635482669996;411.5746625225435;-0.018904888443648814;0.0010860472451895476;6.02510142326355;0.01235011083772406;0.171484375
127;2.8333475850558805;1.0;0.14704256420949596;0.23734286324984735;745.9815933235983;-0.003061864525079727;0.0012140012753661723;6.021928524971008;0.010649555549025535;0.1525390625
128;5.694242314288582;1.0;0.1922927479331671;0.30056015575996453;315.10271968781075;-0.01418279642239213;0.0011353895271895454;6.020475125312805;0.009849714813753963;0.1400390625
129;3.068849904852315;1.0;0.09584697274455736;0.153810206666681;555.1790302047425;-0.005504110641777515;0.0011777421343140305;6.0257883310318;0.010214783705305309;0.153125
130;1.743154852225579;1.0;0.11326511921266309;0.17417789188506458;468.45448862635345;-0.00726318652741611;0.0011574810545425863;6.0298844337463375;0.008031772146932781;0.1099609375
131;3.2757931649050382;1.0;0.13576307637223534;0.21517959091032116;373.39865658418285;-0.011817449191585182;0.0012468060536775737;6.033540105819702;0.00850646939361468;0.1314453125
132;3.736912400582886;1.0;0.09237853965275514;0.15041172239316444;534.1864484840395;-0.01122193100163713;0.0018865417747292667;6.036111998558044;0.009811912756413221;0.14453125
133;3.7865808735294895;1.0;0.15367977186101336;0.23167713463799652;380.00007879270794;-0.0031096803722903132;0.06643384683411568;6.040317511558532;0.00796875306405127;0.1154296875
134;0.0689843028045316;1.0;0.14966409709092876;0.22018730787692442;399.6681621388159;-0.00825177514925599;0.0018578360439278185;6.045620369911194;0.008518372813705355;0.12890625
135;2.9681517336799743;1.0;0.11646915849914774;0.18439428540109182;1073.9536649075383;-0.010484424699097872;0.0017061804130207748;6.042764210700989;0.010896774148568511;0.140234375
136;-0.04253266054771938;0.0;0.0;0.0;1583.9882173065694;-0.008959621656686068;0.0018590670661069453;6.039567565917968;0.00796371438773349;0.1078125
137;1.2702162677366093;1.0;0.10305460697749769;0.16386289797055312;1806.6943573342128;-0.010605466831475497;0.001829310186440125;6.04236912727356;0.0069898086716420945;0.09921875
138;2.164464814061411;1.0;0.115602792837965;0.18331487831680826;628.8887238604336;-0.018319405120564625;0.0018815989140421152;6.046722149848938;0.00853017152985558;0.12109375
139;-1.732270476740895;0.0;0.0;0.0;839.6030178712341;-0.012183332815766335;0.0027175883820746093;6.047457695007324;0.011141631018836052;0.1609375
140;2.4608486947611374;1.0;0.1346606280091052;0.2123128336798526;388.88016859819186;-0.008770624408498406;0.002370796026661992;6.044612884521484;0.010441592265851795;0.14609375
141;-1.4312045772442021;0.0;0.0;0.0;1535.9661839213263;-0.0065540177281945946;0.0021832862286828457;6.039428496360779;0.00846925888909027;0.1236328125
142;-2.7644890825856407;1.0;0.10352350947674313;0.1632154759771294;1639.1886428631622;-0.007091222982853651;0.0015155657776631415;6.0340488910675045;0.00888452110812068;0.13125
143;1.0823268069967402;1.0;0.08318973841310108;0.13680893413054576;896.7490017880141;-0.014410672034136951;0.0017071773472707719;6.035271430015564;0.01053206630749628;0.1416015625
144;0.449084088227949;1.0;0.11441479139411104;0.18110136640809096;1475.774093630655;-0.016288376320153473;0.001366416161181405;6.045386266708374;0.013455716252792627;0.1900390625
145;3.039100647159734;1.0;0.11139941873662547;0.18125092465901954;469.47880447709053;-0.009119277540594339;0.0018335349566768854;6.054772901535034;0.007211499463301152;0.1015625
146;0.8544397768484042;0.0;0.0;0.0;1124.137691086665;-0.0037546634208410977;0.06097431118832901;6.061697101593017;0.010072651167865843;0.136328125
147;4.597651542690237;1.0;0.19955285200830125;0.31612875398108675;410.1187611134977;-0.014039047248661517;0.0025073432887438686;6.064774680137634;0.009042812685947865;0.1287109375
148;1.6226177408084292;1.0;0.1465982391096965;0.23396458532948056;571.480661637505;-0.008859725389629602;0.059408544655889274;6.06231849193573;0.011496837774757296;0.1642578125
149;0.802444033128688;0.0;0.0;0.0;1533.7790533115215;-0.01183543335646391;0.0016135176934767514;6.058694124221802;0.007297753146849573;0.1029296875
150;-2.1399485073732234;0.0;0.0;0.0;1628.6422459345913;-0.01609738087281585;0.001627695723436773;6.049842405319214;0.008844183629844338;0.133984375
151;0.4549695964034073;1.0;0.11086413886832118;0.17705060543632625;898.7787258294131;-0.010627695533912629;0.06622986786533147;6.0448673367500305;0.012426374334609136;0.169189453125
152;1.5948617194145962;1.0;0.10402174246319122;0.17058707058396433;1952.671067199639;-0.0077695295746837345;0.057866371901971955;6.045013836451939;0.011267945536279253;0.14983258928571427
153;3.7229165119270964;1.0;0.1406685346183353;0.22490854724105058;451.0455422762136;-0.006175213120877742;0.0021800017275381833;6.042842531204224;0.005872327438555658;0.077734375
154;-1.795085861089341;0.0;0.0;0.0;1126.2286199183204;-0.006147206062451005;0.002462795400060713;6.043888068199157;0.0077920985757373275;0.1193359375
155;3.7195643548057378;1.0;0.11881960050035097;0.1901493610325403;417.0905269604872;-0.014659273577854038;0.0019073389295954258;6.047789096832275;0.009554994211066514;0.1376953125
156;3.5649842190232874;1.0;0.12434235690411978;0.2019966334023964;1429.2452786423587;-0.003045491315424442;0.0012503405043389649;6.0494890213012695;0.00942155666416511;0.1400390625
157;3.9008025286601957;1.0;0.12166525338632415;0.19829201963227894;465.64158891511954;-0.0019715093076229095;0.0010507885366678239;6.049418592453003;0.007365322904661298;0.1083984375
158;4.059735918652596;1.0;0.13127380462588403;0.21591143956074071;438.533685739328;-0.009208499081432819;0.0008356454462045803;6.0455477952957155;0.006966825178824365;0.0962890625
159;-4.2969098247779485;1.0;0.12771756825500333;0.19984143040529156;1109.2187187665852;-0.0016738568898290395;0.0012761796650011092;6.045616292953492;0.008779565198346972;0.11796875
160;2.4409461062853333;1.0;0.0974966090170701;0.1587047999529554;1522.9019922281548;-0.014190594013780356;0.0010052679863292724;6.048546957969665;0.008762292820028961;0.1255859375
161;5.13708340207433;1.0;0.17655999929619207;0.28193632708295363;370.231962160555;-0.009805199364200235;0.002982953004539013;6.051170778274536;0.009100691636558623;0.131640625
162;1.9592011664140547;1.0;0.09803989717019662;0.15736083799740005;1488.4696705570313;-0.006299976352602243;0.0035401279805228115;6.052962708473205;0.007232279563322663;0.102734375
163;-1.1609908584605653;1.0;0.10194754072700403;0.16261626203264162;1274.008163125106;-0.015469535067677499;0.0022930347186047584;6.058875274658203;0.007910249731503427;0.113671875
164;2.76035221432947;1.0;0.13747288077133918;0.22619255057976514;387.3651371448314;-0.009203108213841914;0.02694671907229349;6.059890770912171;0.00954334477428347;0.13125
165;0.7795079969098997;1.0;0.10221943797618685;0.16797883421985793;1653.3196325429947;-0.009646400390192867;0.0010045177070423961;6.067731714248657;0.008678975608199834;0.1177734375
166;4.651754418047379;1.0;0.12844891964849084;0.20784867862457085;1281.1507993823072;-0.009193133236840368;0.0011507400893606245;6.071924686431885;0.008323529025074095;0.1228515625
167;1.185784903017432;1.0;0.10257433925148614;0.16703747099148772;524.6990091817254;-0.006846576370298863;0.001304285548394546;6.076020216941833;0.008278973412234335;0.11875
168;2.45433214904125;1.0;0.08840613840224329;0.14731226365790454;570.7460787859125;-0.013112445827573538;0.0025367058522533627;6.082332611083984;0.0095231507322751;0.1318359375
169;3.3962158782522542;1.0;0.1338677289027197;0.21751049818356716;541.4190125060924;-0.00801119040697813;0.003017775190528482;6.08640353679657;0.008878823113627731;0.1294921875
170;1.0180588769588015;1.0;0.12082774795869607;0.19195264467620204;533.3981048581859;-0.008091566571965813;0.002128068538149819;6.097666215896607;0.009424248104915023;0.1328125
171;2.3737202088199694;1.0;0.08259551052027325;0.1377993927793785;650.0233198112961;-0.00788747421465814;0.05888577434234321;6.101252150535584;0.009155422518961131;0.129296875
172;2.8785301635427554;1.0;0.09973972475527547;0.1607039704356132;1240.8886967382969;0.000540522311348468;0.00255670421756804;6.101709246635437;0.008176390756852924;0.1185546875
173;-1.2874574528312004;1.0;0.118457878509414;0.1891619240971608;584.8811638178944;-0.016448779590427877;0.060063944477587936;6.097902798652649;0.010181051900144667;0.1541015625
174;0.47095588851489073;0.0;0.0;0.0;1245.38157976032;-0.008007929380983114;0.05085579380393028;6.094294953346252;0.012711457256227732;0.172265625
175;-3.265918620177643;0.0;0.0;0.0;1167.6135519871143;-0.00495370952412486;0.0036790046957321464;6.090796589851379;0.007772373710758984;0.11875
176;3.2068875454077577;1.0;0.10003334922661408;0.15568620777812736;1070.6359300429983;-0.012033874075859785;0.11600727997720242;6.084428358078003;0.009717464505229145;0.13046875
177;0.3979296602550284;1.0;0.10841782531636593;0.16984405847371803;1379.243046809326;-0.008823910309001804;0.002764377510175109;6.083537817001343;0.009217606077436357;0.133203125
178;1.3273570417316565;1.0;0.12840572658553953;0.1862074812091377;405.48006242353915;-0.003418432059697807;0.09143558153882622;6.085004472732544;0.010413977468851953;0.1326171875
179;3.1684428257118893;1.0;0.08971485472670734;0.13952789581281974;579.7877367980312;-0.0014961619628593326;0.05749976150691509;6.0836081266403195;0.009836106153670698;0.136328125
180;-5.149253117381626;1.0;0.1167821790782378;0.17851850597140348;608.1202478408642;-0.008673173189163209;0.0033092803903855385;6.083388543128967;0.011553334002383054;0.1650390625
181;2.706791872153439;1.0;0.1172411848891326;0.18225848780411888;1214.9788916624866;-0.005878668185323477;0.0023474096145946533;6.081488394737244;0.007898259162902831;0.112109375
182;4.660407161100721;1.0;0.20442299701978395;0.2862229297154816;402.4160268974325;-0.008196297660470009;0.0031908922363072635;6.086333084106445;0.007368095847778022;0.1048828125
183;2.4459424989417524;1.0;0.13481654357736306;0.20179589510153856;998.9381693144106;-0.009282836131751538;0.04247734445380047;6.0925368309021;0.011106907553039492;0.156640625
184;2.8404331956196147;1.0;0.0970030463995401;0.15314355302020413;1209.1116597887692;-0.01171147869899869;0.09636705117300153;6.098667812347412;0.011427301983349025;0.1693359375
185;3.6258766151459367;1.0;0.11338760597537088;0.1748295889832899;580.2503513292789;-0.003520624665543437;0.08876188797876239;6.0953186511993405;0.01264447612920776;0.1720703125
186;3.192355862703084;1.0;0.1531961386978254;0.2272854107579222;794.9504636458055;-0.005144606099316948;0.09779093473365433;6.092611814800062;0.01450579364686028;0.20230263157894737
187;-3.6201879818614713;1.0;0.10192654899923669;0.15268200221253608;598.9795109895706;-0.010691774869337678;0.0020198188547510655;6.087573885917664;0.008620747015811503;0.126171875
188;-0.5415716902852492;1.0;0.1442778380316911;0.19905619595040025;1291.5459016704983;-0.00579088986851275;0.001780078641604632;6.083465051651001;0.007931012846529483;0.1064453125
189;0.25632174540018404;1.0;0.12037861397828058;0.1809115968870705;497.0327489560911;-0.01200232757255435;0.0014574077154975384;6.077473044395447;0.007155093981418758;0.1015625
190;4.556804290119327;1.0;0.11410986609412951;0.17821961953871684;1001.5180422475245;-0.014773022430017591;0.00132492117700167;6.073722529411316;0.009309913869947195;0.133984375
191;3.3741755756569627;1.0;0.12482692553832224;0.18967835323265117;1060.8535453149998;-0.0029571160208433866;0.0035560235730372368;6.072563719749451;0.009898170712403953;0.1484375
192;3.106552988979902;1.0;0.10129342066551558;0.1528169538908944;1079.711468836054;-0.00015676862094551324;0.05520668220706284;6.076654601097107;0.009334995108656586;0.12421875
193;0.62210005633237;1.0;0.15245259084288917;0.21354879537183272;1195.7668479545719;-0.010984690743498504;0.003108101920224726;6.076472973823547;0.009752979548648;0.14609375
194;3.911043790643118;1.0;0.16507668360546676;0.2511317488122755;464.6616875668371;-0.013118067942559718;0.059026561351493;6.071913647651672;0.011712210380937903;0.168359375
195;4.214198937047114;1.0;0.1647578387819669;0.23807929997422922;509.7195628355845;-0.01698877338785678;0.0052378469030372795;6.068922972679138;0.009304797882214189;0.14609375
196;0.6480130900918017;1.0;0.10871958130270735;0.16562102862376807;1487.803651714308;-0.010675180424004792;0.05777555927634239;6.0733681440353395;0.01563095992896706;0.213671875
197;5.053343860721659;1.0;0.12714528894420196;0.19746910684532462;514.7255195424763;-0.009483285620808602;0.005135933274868876;6.081001043319702;0.008583082957193256;0.113671875
198;2.921676603158651;1.0;0.1208584889828417;0.1921736904056094;637.400098114428;-0.006557538034394383;0.0037494049756787717;6.088071274757385;0.011007995274849237;0.157421875
199;5.607624211282782;1.0;0.1895554197123912;0.2733658379825539;536.912625761448;-0.017382217291742563;0.11161765716969967;6.090982675552368;0.01387860180111602;0.1896484375
200;-6.391160214631142;1.0;0.11452533482852427;0.1715943124788463;1698.2046592077206;0.0011656252201646567;0.08062037881463766;6.0864824771881105;0.008080059243366123;0.1029296875
201;2.8516891040255414;1.0;0.14883988410984778;0.22347497469630853;750.0134181948164;-0.010433695744723082;0.003210326365660876;6.0801671028137205;0.01055439148331061;0.1462890625
202;1.2789436457601182;1.0;0.1517397276855456;0.2273859537889287;730.9716465864115;-0.012537126010283828;0.0025915185222402217;6.085948514938354;0.00894968124339357;0.1255859375
203;3.332027224236271;1.0;0.10126932303657508;0.16038501587861498;665.7419453786221;-0.006378377508372069;0.0029811868793331088;6.091060709953308;0.009419310803059489;0.1361328125
204;5.961834787804022;1.0;0.17558408884061025;0.25793489253361407;350.9028881949082;-0.017340669480080787;0.06422230286093858;6.092703635875996;0.010712043489687718;0.13251201923076922
205;-0.24758857710769044;1.0;0.14158941203570644;0.2131989182084815;816.0843553387074;-0.002195896056946367;0.06252532945945859;6.093483710289002;0.012246372445952147;0.15546875
206;2.314492941820631;1.0;0.13943215103026216;0.20524322010756044;829.7552737838557;-0.01629340467043221;0.002521521638846025;6.0931518316268924;0.011301848967559636;0.1697265625
207;2.757704403711034;1.0;0.19649688687097788;0.26397356734136745;566.0158439151077;-0.01105923722498119;0.002326888416428119;6.089736890792847;0.008028397709131241;0.1181640625
208;5.839509491968202;1.0;0.14882184051638278;0.21715570855047897;373.2080748845275;-0.005365752265788615;0.0028032050118781625;6.0869838953018185;0.006498391949571669;0.094140625
209;3.9844462607648454;1.0;0.14689482528411682;0.21552203144245724;508.75323914732235;-0.006302761891856789;0.004484079440589994;6.075216913223267;0.00913702396210283;0.12734375
210;0.9810504236088802;1.0;0.13627528614919796;0.20028778832013647;1048.4852185318305;-0.00939568157773465;0.056598802516236904;6.071056818962097;0.010245601122733206;0.13046875
211;4.206056731441697;1.0;0.12939210531350878;0.1951174427644643;496.38433869373216;-0.004871120117604733;0.0036111415713094173;6.075641393661499;0.010917167516890914;0.1587890625
212;3.545275867495115;1.0;0.12112921105207189;0.17800982250353523;572.1424748684939;-0.026675452501513063;0.0021640873339492826;6.08524980545044;0.011225419421680271;0.1591796875
213;5.218790389640841;1.0;0.18977306602589913;0.2588383142666201;516.770306940464;-0.016759649920277297;0.04805894633755088;6.088986253738403;0.013110332807991653;0.1861328125
214;-9.09913227603556;1.0;0.10731389692489376;0.15423901870758425;827.8590927607221;-0.018031028704717754;0.04376271772198379;6.088315343856811;0.012925851717591285;0.18046875
215;3.557125083805009;1.0;0.14074627176413287;0.20233556973533323;483.9276390478744;-0.00283020818606019;0.003487683029379696;6.086119246482849;0.006513411120977253;0.087890625
216;2.0043273257253835;1.0;0.13159055338028647;0.18996456169239082;662.2568074016143;-0.02430658685043454;0.0031881160102784634;6.081008052825927;0.011722221213858575;0.16875
217;5.419219331104588;1.0;0.15609859179346977;0.23290065871877427;405.7828505838238;-0.01399993078990115;0.08212696295231581;6.081379757987128;0.012449990880365172;0.1701388888888889
218;5.36692939438302;1.0;0.16851786387492335;0.24368551146183107;288.0471039835661;-0.01161669809371233;0.014116532390471549;6.085612392425537;0.009245615266263486;0.1208984375
219;5.133151314584921;1.0;0.19055131900764286;0.2692116378137057;332.4639962742511;-0.011516737891361118;0.004582340246997774;6.091482090950012;0.011861168581526726;0.1642578125
220;5.481449868260199;1.0;0.20618321072255633;0.24588854275651426;300.65988227237557;-0.007805521972477436;0.006181137333624065;6.091084694862365;0.009792651026509702;0.14375
221;4.5154872468381;1.0;0.2128899716522662;0.2869152553675301;455.2615520075651;-0.007344606006518007;0.05479976879432798;6.091090178489685;0.008513073995709419;0.1201171875
222;4.587368421340339;1.0;0.1673548874059338;0.2447376908994699;365.1866422463049;-0.0166110894177109;0.1995068073272705;6.09160680770874;0.010348493314813823;0.1421875
223;4.806952752609091;1.0;0.13718365560359264;0.20617312673535612;424.7561816969879;-0.009849209967069329;0.15298650413751602;6.092552447319031;0.009409889520611614;0.1388671875
224;4.9036400234756075;1.0;0.15930055305504026;0.22907302170869903;392.42710244078916;-0.005626105889678002;0.003641605866141617;6.087748885154724;0.0098183935158886;0.125390625
225;5.60703179696341;1.0;0.22055312557221882;0.2930003153313045;416.67002394112626;-0.005631288047879934;0.04394627939909697;6.087139773368835;0.008027947880327702;0.1115234375
226;5.279725724926362;1.0;0.19674904962451178;0.2650084994431981;566.4405137574581;-0.015864654909819365;0.0025420838326681407;6.08676278591156;0.008449987752828746;0.118359375
227;5.0782780966674;1.0;0.20431584462331162;0.27418129984786627;326.90366907110354;-0.014268483710475266;0.0036413025693036614;6.093112134933472;0.011087395367212594;0.16015625
228;4.503343744577828;1.0;0.14382920276738745;0.2071676304061009;411.3160714663865;-0.018106583505868912;0.005312203394714743;6.0954817771911625;0.00901211661985144;0.129296875
229;-3.0166595572587935;1.0;0.1399618985775526;0.19369915303334434;477.76544543415037;0.0024789706105366347;0.007563893543556332;6.0897366285324095;0.0072913772542960945;0.1041015625
230;3.8262386268065756;1.0;0.13323029264942923;0.18686801050350055;479.7721584636751;-0.0032631832640618087;0.050570760015398265;6.082277321815491;0.008843941707164049;0.130078125
231;5.4831648674695;1.0;0.23251252669061245;0.3006426767579763;446.3308286639005;-0.012805747892707586;0.10972862727940083;6.080433344841003;0.011123297002632171;0.1498046875
232;4.193188967927061;1.0;0.21421609907866979;0.2817947856195521;915.3611522995242;-0.008854965982027351;0.09424096941947938;6.081535744667053;0.009776956110727042;0.1357421875
233;5.349554782967067;1.0;0.1498355614033661;0.21676717471400583;358.55733645052374;-0.0023069309536367655;0.042026543570682404;6.0792083740234375;0.009304881445132196;0.123828125
234;5.571590189372163;1.0;0.17137045433580403;0.2500337508195425;348.37547537146423;0.0021492182742804287;0.010685186553746461;6.076645398139954;0.007414737634826451;0.10625
235;4.79696861237843;1.0;0.1928664506827351;0.2721244347286577;266.4734347040171;-0.008256902545690536;0.04014950590208173;6.076410007476807;0.014528077910654247;0.2021484375
236;3.7365748038052065;1.0;0.16765053883242986;0.24511810660475142;347.67757082043335;-0.01038426929153502;0.00559469205327332;6.076066398620606;0.01196252608206123;0.1638671875
237;5.983526695434585;1.0;0.2514952888016568;0.33118089136934;279.4552165194993;-0.011531974142417311;0.006795645831152797;6.074724221229554;0.00816163346171379;0.11953125
238;5.642151897461099;1.0;0.20304533873170344;0.2830124627625022;434.6326512803763;-0.007371808122843504;0.005185961211100221;6.076189851760864;0.012796508357860148;0.1671875
239;5.465671091737351;1.0;0.18960719076858876;0.26767805978817866;452.0079462862768;-0.011172823770903052;0.0505393055267632;6.080240416526794;0.009384400548879058;0.1365234375
240;3.7831686047389987;1.0;0.19704628249323275;0.26839248635384677;387.1103278315334;-0.00944279320538044;0.14327215403318405;6.079091858863831;0.01012821327894926;0.13515625
241;5.835324182469433;1.0;0.16150413594480198;0.23994165305032716;301.4330893743049;-0.005835486273281276;0.013763673650100828;6.074539685249329;0.008375879004597664;0.1193359375
242;5.455195254994963;1.0;0.15145674558168404;0.23014479687885211;369.5989994792508;-0.016318489285185932;0.0037518990342505277;6.079579472541809;0.007839335466269404;0.104296875
243;3.460540879941319;1.0;0.16444813795804059;0.2411415024341929;620.9808508513885;-0.01212474233470857;0.04099744255654514;6.083902502059937;0.008684277802240103;0.112109375
244;5.882350964460424;1.0;0.20666662112814205;0.2760158401445757;249.9967090993652;-0.00933262798935175;0.002635311835911125;6.0840123176574705;0.01115086452336982;0.1640625
245;4.551526777284494;1.0;0.22353224924804693;0.3024972392125081;474.4285958199606;0.0020934733022984708;0.05462046918508254;6.086604544990941;0.012254028666862532;0.16015625
246;5.850028144420815;1.0;0.27098736277262697;0.3362644400405444;290.2672838552687;-0.010357046709395945;0.004146233713254332;6.095589828491211;0.009093612374272197;0.121875
247;5.570891177458466;1.0;0.2266153918802353;0.30799118476164045;345.8924451303842;-0.013818856747820973;0.001969069306505844;6.104203557968139;0.008199152536690235;0.1208984375
248;5.377700038875315;1.0;0.26047184617681696;0.3476769538676787;370.79398448961996;-0.0025168836116790773;0.057219600211828946;6.107072067260742;0.010068088525440545;0.133984375
249;2.0507705020578375;1.0;0.18347903340788702;0.25344774124266295;305.6124415108103;-0.013937455136328936;0.04646648215129971;6.107212018966675;0.014501703158020973;0.203125
250;3.6503228903403744;1.0;0.1993316467599959;0.27403691251886025;490.856438919149;-0.006466876482591033;0.0032474635983817278;6.102169394493103;0.008946931501850486;0.1263671875
251;5.735281766438027;1.0;0.21334211851600798;0.2676470105675258;255.1797060996792;-0.005645857914350927;0.005175045970827341;6.100682330131531;0.006419350940268487;0.0880859375
252;3.854667181663812;1.0;0.2036600986541597;0.28795884786614084;252.51694503613126;-0.004418654611799866;0.05444153128191829;6.107114219665528;0.01025079721584916;0.1296875
253;3.1542855263622993;1.0;0.12776730846802956;0.18107614221177978;453.34982615037205;-0.020348613429814578;0.0026862257975153623;6.1156349897384645;0.009956110431812704;0.1478515625
254;3.0328647915747826;1.0;0.11960150250253011;0.169654801563768;506.45211348986294;-0.009983411058783531;0.09900793954730033;6.120390677452088;0.011272276705130934;0.15390625
255;3.047647453020412;1.0;0.15470931667546034;0.2217888828696798;586.3282499354899;-0.003505132393911481;0.04926543785259128;6.120380163192749;0.016284110443666577;0.213671875
256;3.5860484762792812;1.0;0.13290989964717942;0.195299075602235;579.7930384080987;-0.012734739854931832;0.13777249455451965;6.123116183280945;0.00916599965421483;0.1330078125
257;3.2954665459368666;1.0;0.14939024719181843;0.20722166968628813;509.1854334604613;-0.0036343846470117567;0.12769196182489395;6.1244953870773315;0.008271615114063024;0.1109375
258;2.6987874747621223;1.0;0.14138818901249714;0.20817277290748382;728.0053560718897;-0.006776123982854187;0.003714337816927582;6.128195452690124;0.007401302340440452;0.10546875
259;2.9511524957835737;1.0;0.16476504707286055;0.2296342543409524;533.9426705496787;-0.012298041442409157;0.0024267973785754293;6.132569479942322;0.008617583592422307;0.1224609375
260;3.659202030989771;1.0;0.09428736379683617;0.1428995957207832;579.0091160926555;-0.0116778917144984;0.003378202032763511;6.1373309850692745;0.010231593321077526;0.154296875
261;2.9327016674877586;1.0;0.11930133701666888;0.16911738682594496;534.2046696852469;-0.005464485567063093;0.0037090950761921706;6.142963790893555;0.009071478410623968;0.137890625
262;3.3801688283148232;1.0;0.20879634917991488;0.25606107941392336;439.0803095273293;-0.0027966850670054556;0.02996446066536009;6.153084659576416;0.010434635542333126;0.13984375
263;5.624257631738741;1.0;0.19687875671527214;0.26882162129806303;404.7584552216911;-0.011781764589250088;0.004054284782614559;6.158679080009461;0.007858628034591674;0.1125
264;1.51064577895113;1.0;0.12131025330231769;0.17273418959499923;471.3255856318202;-0.00853286823257804;0.04014619197696447;6.162106657028199;0.012096204713452607;0.1466796875
265;5.641277069411389;1.0;0.2519454824039575;0.28892913908756335;347.2716504526739;-0.01654691155999899;0.08981544598937034;6.167475732167562;0.013060982463260491;0.16875
266;6.066330267544524;1.0;0.23924000255916172;0.28132860207945903;252.42381840721478;-0.009052118938416242;0.004413842456415296;6.168287944793701;0.00855237633222714;0.11640625
267;3.003630106466919;1.0;0.15836246920058808;0.2037925021883161;506.97004579237966;-0.0031319365526239077;0.1356249362230301;6.1748588879903155;0.010116174615298708;0.1265625
268;2.3074010016952666;1.0;0.13883639607038312;0.1936615788399321;572.9038170978743;-0.001387392310425639;0.04230306693352759;6.177957081794739;0.008813609799835831;0.122265625
269;1.5268514404266167;1.0;0.12043337775774263;0.1699049581161603;668.7614045710937;-0.011832465045154094;0.004894278827123344;6.1828528881073;0.01074254954000935;0.1529296875
270;5.800219989333118;1.0;0.2971975974238527;0.3507287352067472;158.80940285375488;-0.01244036080315709;0.005752022727392614;6.18555097579956;0.00932367043569684;0.1240234375
271;5.288949271330462;1.0;0.2333607531234057;0.2605428015667565;355.7375704888443;-0.012344604171812535;0.04769428065046668;6.1839516162872314;0.0097817522007972;0.11171875
272;3.4992864860071533;1.0;0.1558700924298182;0.19999656430112916;421.4184001283174;-0.013903652410954237;0.05741745149716735;6.183698344230652;0.01237203348428011;0.1625
273;4.113826569599247;1.0;0.2709187154427089;0.31541885621682886;205.70362826236345;-0.013913084845989942;0.06581676797941327;6.181109380722046;0.010181293659843504;0.1451171875
274;1.672275985658414;1.0;0.1443479687973022;0.1848606398925672;581.5712493957145;-0.006228634831495583;0.07856221608817578;6.1813150405883786;0.006810724979732186;0.0916015625
275;3.324868721654716;1.0;0.12418806822342725;0.17480904897215535;457.087378099068;-0.011247673211619258;0.06860691467300058;6.182082748413086;0.005991508823353797;0.0759765625
276;2.495389513518827;1.0;0.241308272356502;0.23398268568585;486.1282019746092;-0.016885825991630556;0.04991102395579219;6.1834643363952635;0.014298749575391411;0.198046875
277;1.941299825730284;1.0;0.32506876850342453;0.31764601861495645;267.5348203833124;-0.005243899370543659;0.005045622622128576;6.186624193191529;0.008997014153283089;0.1203125
278;5.715285964700367;1.0;0.2854285827473773;0.30632310267737256;198.8267297692432;-0.006762512912973762;0.04375159924384207;6.187562155723572;0.010424517269711941;0.15234375
279;5.507558050585059;1.0;0.32238220344548113;0.34946573558050825;191.42465494471577;-0.018658407870680092;0.13602819945663214;6.1882929563522335;0.01081593157723546;0.1509765625
280;2.8307125425816153;1.0;0.1339439484487891;0.1741013951064076;488.5741359787904;-0.007939602085389196;0.12769730892032385;6.187741947174072;0.00841711238026619;0.12734375
281;-0.8031294352001197;1.0;0.20421964113320198;0.229913629812603;514.4522590964028;-0.005644714692607522;0.08792411526665092;6.1901164770126345;0.00881567361066118;0.119921875
282;3.598336616085036;1.0;0.24893344438272913;0.27661561952688096;257.2548921628846;-0.010868603573180735;0.011041636019945145;6.192159366607666;0.012521620490588248;0.1548828125
283;2.6275621303846455;1.0;0.3036875111407002;0.3207542729062179;325.663052056531;-0.006677995622158051;0.0035284124431200327;6.19260950088501;0.005057504866272211;0.0607421875
284;4.824915308636584;1.0;0.24798869103749685;0.2719843332084538;283.29444480295894;-0.007064713770523668;0.0029116218036506327;6.19392580986023;0.008208998176269234;0.12421875
285;2.8521701683236897;1.0;0.1776137573851031;0.2136996175374949;632.871116940143;-0.013047268451191484;0.04658649247139692;6.187701344490051;0.010025090747512877;0.13828125
286;2.3731911807080666;1.0;0.14807219658408985;0.19048927423063505;595.5125073897622;-0.009844217915087938;0.09929603394120931;6.187613558769226;0.010996414825785904;0.155078125
287;1.0668173253132562;1.0;0.15023721042945537;0.19701979084909693;536.0875693781187;-0.00784857477992773;0.0855889867991209;6.184717774391174;0.009430233691819011;0.129296875
288;3.6332840700750944;1.0;0.12118821055353647;0.16486784247324182;592.5753488226213;-0.006050032330676913;0.09665615577250719;6.181574463844299;0.010164014587644488;0.1455078125
289;2.5360520332257277;1.0;0.24742528583253792;0.2607574771216063;419.0647795379119;-0.0101210942491889;0.04872017335146665;6.184468674659729;0.012172115920111536;0.1751953125
290;3.79992411354976;1.0;0.2258830143517783;0.2591956780820802;259.9568321670215;-0.012627218151465058;0.08206438114866614;6.188329195976257;0.010971598653122782;0.1515625
291;5.4625798809465484;1.0;0.23849069378613794;0.2781662998919785;295.0198844450697;-0.005046142684295774;0.039884330704808235;6.192096853256226;0.009106604068074375;0.122265625
292;0.47928440347249124;1.0;0.1599288627045529;0.2068947165588732;492.02249354848806;-0.011795214843004942;0.04105081043671817;6.1918621301651005;0.011602179612964392;0.1669921875
293;5.6996922164291375;1.0;0.23244549717210877;0.26343467602992804;379.3764139775666;-0.013154868055911114;0.08566570716599624;6.191057761510213;0.012295086732289443;0.15690104166666666
294;2.4640824292412926;1.0;0.30739493255562095;0.31432300702114696;297.4941369595324;-0.0096461181063205;0.04099236358888447;6.1898046970367435;0.011718225036747753;0.16171875
295;5.1299598817337575;1.0;0.19090748596513268;0.24638367667199518;241.78007218448792;-0.017599096009507775;0.03672067653387785;6.190598511695862;0.013475522224325687;0.1955078125
296;5.354603506861096;1.0;0.22158819324776924;0.24256017955205258;520.2993288798598;-0.010104251001030207;0.0775416074320674;6.195287847518921;0.01226361389271915;0.177734375
297;2.7326514297649087;1.0;0.1390256010413302;0.19033121552606855;530.3679621784349;-0.0012536468915641309;0.1069347308948636;6.2031619310379025;0.010157254303339868;0.1470703125
298;2.5449245312363056;1.0;0.15234570238495945;0.19256334477163534;490.355119010053;-0.005475852265954017;0.007012063707225025;6.198633432388306;0.008795144921168684;0.1353515625
299;3.299049944093182;1.0;0.20457483409316718;0.2606235783674787;463.46078831418924;-0.005340421618893742;0.039670265186578034;6.193333578109741;0.011953038827050478;0.1634765625
300;2.8898720384929995;1.0;0.09074077716178244;0.12885655709714608;639.2674129054928;-0.010744928196072579;0.07560824938118457;6.188169312477112;0.011372092529200017;0.171484375
301;2.064567505326778;1.0;0.25848107231906803;0.28028681089521895;454.02314949268725;-0.005480500124394894;0.10830224007368087;6.1836649656295775;0.012312843860127032;0.160546875
302;-3.642357092366164;1.0;0.15644717873654398;0.19305565304230807;456.3944685854757;-0.005389786045998335;0.003814339532982558;6.183777117729187;0.00855933630373329;0.1181640625
303;3.4575192860156982;1.0;0.14501943578786203;0.19225271405241467;368.23100893858435;-0.006102234218269586;0.03941358495503664;6.1793598413467405;0.009725123376119882;0.141796875
304;3.1224179709015214;1.0;0.16776798846665933;0.20684521684544852;448.77283401291726;-0.01478889756835997;0.04933381844311953;6.1755887269973755;0.007457872177474201;0.1033203125
305;3.77937329510763;1.0;0.29125575695251615;0.3001710284687181;393.74802968261434;-0.015544937131926418;0.007461481005884707;6.177545380592346;0.00971430807840079;0.1341796875
306;2.4656939910756845;1.0;0.15668092447523815;0.19466930543354147;612.1452783329371;-0.007211181707680226;0.04532021582126618;6.181432938575744;0.013983578700572253;0.1904296875
307;2.8208482231483702;1.0;0.12471578754061027;0.17044661722226054;635.7391495675306;-0.008230270771309733;0.16227611973881723;6.184315133094787;0.010719057940877973;0.1548828125
308;-1.4538340438272597;1.0;0.11914243880171276;0.1599597300857412;658.9580152347993;-0.016863406961783768;0.012372062797658146;6.184958457946777;0.011137167038396002;0.1556640625
309;-2.4206915766438297;1.0;0.2463059205888984;0.24624074554216646;575.7033116358929;-0.01098406333476305;0.006832073861733079;6.187304496765137;0.012341390445362777;0.149609375
310;2.2406236437359954;1.0;0.11793329410681767;0.1487022813589986;518.5796950919203;-0.012940403167158365;0.04653668636456132;6.186468505859375;0.01087972178356722;0.1583984375
311;-3.6672028147748255;1.0;0.13009775910488564;0.1703339518738293;693.2438668828725;-0.0009832125855609775;0.085027558170259;6.192162752151489;0.008737836976069956;0.1283203125
312;5.171016664771874;1.0;0.25936674005220317;0.30173241681437557;463.53895002770423;-0.003312388760969043;0.03282950858119875;6.191646647453308;0.0103335881838575;0.148828125
313;2.3140773499858485;1.0;0.2146883593930164;0.2552688432668886;444.89189137748707;-0.01527120778337121;0.004809102369472384;6.1876060485839846;0.012694225448649376;0.1865234375
314;-3.72264845656997;1.0;0.21704329433053038;0.25763350993630124;414.791889527464;-0.015087928250432014;0.06004748390987515;6.183733105659485;0.01499428276438266;0.2169921875
315;-3.8166905298967;1.0;0.11984356856721129;0.15174736146859466;620.430235325807;-0.010802965378388762;0.04957512812688947;6.181854629516602;0.010272063023876399;0.1578125
316;0.8217593818181004;1.0;0.24879604769307875;0.27929443882870114;537.7251144916469;-0.011090471595525741;0.05269013959914446;6.182338666915894;0.00866831374587491;0.125390625
317;2.9336313196943293;1.0;0.22940336075493825;0.2647030044704534;590.4398350412902;-0.00864787227474153;0.1286574898287654;6.181704592704773;0.009870099986437708;0.1478515625
318;1.6131330780380595;1.0;0.1373446894765461;0.1681115075319303;629.0259273852627;-0.007856970280408859;0.04412628216668964;6.18581919670105;0.011550314899068326;0.1611328125
319;-1.5290838233670137;1.0;0.166594991738126;0.19898324194022282;496.669555236608;-0.009786476148292422;0.007663071877323091;6.191017913818359;0.009283336868975312;0.1333984375
320;1.7209578671681944;1.0;0.1876809120004529;0.23144594669348229;688.6901305320696;-0.01031526424922049;0.12267426922917365;6.1950331926345825;0.010588571918196977;0.1578125
321;3.4304274377548403;1.0;0.16863506402584727;0.19026895299833352;330.4601621978456;-0.018216933868825436;0.048000141605734827;6.19900541305542;0.011115696909837425;0.1517578125
322;2.682679803451312;1.0;0.11709513979143515;0.15026771252657214;616.5422664936926;-0.007506627729162574;0.07905803136527538;6.202965235710144;0.010617919312790037;0.15078125
323;0.9751960883248953;1.0;0.16773481386939365;0.2132494129551407;734.7769045507472;-0.0011135498993098737;0.03404275486245752;6.203737354278564;0.006276264821644872;0.0884765625
324;1.2885798174887952;1.0;0.12100192419814605;0.15833110791635957;608.064516763224;-0.009950026776641608;0.08246458433568478;6.204213690757752;0.011834725306835025;0.165625
325;5.729186035545011;1.0;0.17591370546925292;0.194287066499274;481.52867045534896;-0.0055711331311613325;0.005490209744311869;6.207654619216919;0.009420389973092825;0.133984375
326;2.494064519157257;1.0;0.13026576858141486;0.16072888298567892;772.786825822597;-0.012307277135550975;0.08798622507601976;6.209350824356079;0.010610681457910687;0.151953125
327;-4.401205110197954;1.0;0.18350344150726003;0.21093373676846505;583.710635409133;-0.0016969508025795222;0.0065399190178141;6.203364467620849;0.006268776999786496;0.0857421875
328;1.916531398389647;1.0;0.14666611378308728;0.17982109360145743;723.1040578389483;0.0005034724483266473;0.03800019691698253;6.20050356388092;0.010363100981339812;0.154296875
329;-1.4877625388561455;1.0;0.19249647146639953;0.21049307742051832;623.319931713146;-0.006592863891273737;0.13736049691215158;6.201804208755493;0.0075786117115058;0.0986328125
330;3.2094129091955885;1.0;0.28746286919736624;0.32815596717027035;331.7502769611844;-0.0033667462412267923;0.05245472409296781;6.205858731269837;0.01310904260026291;0.16484375
331;3.3205017525982283;1.0;0.13399651404715604;0.18077072874921357;461.3466451579056;-0.012756685214117169;0.035555840795859696;6.205329203605652;0.01223603218095377;0.172265625
332;-1.3035415668506083;1.0;0.17605007884682897;0.21620818286271873;1176.2534327195706;-0.009285770589485765;0.004897272889502346;6.201755785942078;0.010014851938467472;0.14375
333;1.2617221644873928;1.0;0.12587610244582548;0.1620804838289201;512.2487839760116;-0.008807602245360613;0.0901034239679575;6.2044257640838625;0.010147047613281756;0.145703125
334;1.407012169977293;1.0;0.13112424491656097;0.17892094765606778;624.7596113927759;-0.0051266943570226434;0.050423897337168455;6.210563468933105;0.008817619795445352;0.1248046875
335;2.323207355712249;1.0;0.16183209268126203;0.20987379839666873;538.5701547983383;-0.00010531346779316664;0.04951206557452679;6.211545825004578;0.008138557127676905;0.1125
336;2.517568640717017;1.0;0.1762982316263926;0.22444522181988455;586.6143821028099;-0.00482288389466703;0.07617814242839813;6.212650728225708;0.013521312561351806;0.1923828125
337;-9.028269019298666;1.0;0.19525013829649648;0.23004219718716476;537.1082909410255;-0.010069647897034883;0.003532352368347347;6.211742639541626;0.007645137479994446;0.1123046875
338;4.671876652359609;1.0;0.2706811787822037;0.29993809648714365;236.6894664553221;-0.013563299458473921;0.18571673333644867;6.207520651817322;0.01063130705151707;0.15703125
339;2.714698024306275;1.0;0.15218342739955257;0.20768925893739276;519.0615023762737;-0.01429615942761302;0.029960771347396074;6.210387825965881;0.009812553704250604;0.13359375
340;5.241017160497259;1.0;0.28479181557835004;0.35089086143120735;206.73715579303578;-0.010447483463212847;0.004763054801151157;6.222291803359985;0.01014902206370607;0.1482421875
341;6.051082027108676;1.0;0.34864557637630084;0.39658857474363785;201.9077550795501;-0.012695014290511609;0.011665599048137664;6.234259414672851;0.00988739135209471;0.1447265625
342;2.2992611648203116;1.0;0.2078960283008507;0.2651776160180073;659.5003650056144;-0.009808217408135533;0.03560136714950204;6.239133810997009;0.006069261115044355;0.0779296875
343;-3.88327602122479;1.0;0.18448685306797255;0.24532519925589072;739.0180679632713;-0.005502082593739033;0.009272529813461005;6.243233942985535;0.009740452060941606;0.1220703125
344;3.062957733483574;1.0;0.12476292139373445;0.17268113308633765;608.1445897931903;-0.011773496121168136;0.12242311425507069;6.249601221084594;0.011821790307294577;0.1626953125
345;2.6920655629977963;1.0;0.11271819968761718;0.16820507138223137;451.9257452363543;-0.009291960950940847;0.10483344178646803;6.25527515411377;0.008304670616053045;0.1150390625
346;-2.635149623556643;1.0;0.1715146243369103;0.22983764322209999;602.6433666735694;-0.01480135447345674;0.004496005864348262;6.258275127410888;0.006042991136200726;0.0814453125
347;-0.07683964825410827;1.0;0.1335101410014328;0.18218317184334534;538.3563099154902;-0.01017912719398737;0.011490118084475398;6.255448675155639;0.007160564337391406;0.09921875
348;1.6517603422193714;1.0;0.289160668105703;0.3325072255619636;235.1329721095455;-0.019044939242303372;0.08520721308887005;6.261123704910278;0.011670008429791778;0.162890625
349;4.375393600961706;1.0;0.16575708115347082;0.22584572003561035;380.64571660420035;-0.010663716099224984;0.006504721799865365;6.261543035507202;0.009366713219787926;0.1337890625
350;2.9828109085941654;1.0;0.12896737921423312;0.17602137362825293;485.35669798042557;-0.018855493725277485;0.044251197250559926;6.260473108291626;0.013826469692867249;0.1904296875
351;3.1963818084508153;1.0;0.2208792940703956;0.28429956958976793;539.4842718355039;-0.013858219282701612;0.0315207464620471;6.265241360664367;0.00970043868292123;0.137109375
352;5.658753661027985;1.0;0.17674017119721455;0.23213609022047296;344.3235099114544;-0.008428908092901111;0.008424529479816556;6.268918848037719;0.007328149408567697;0.09609375
353;3.702504073142884;1.0;0.21251021283736615;0.27211474296161486;458.652918668447;-0.008254157030023634;0.03273012596182525;6.272173309326172;0.009765624231658877;0.1408203125
354;-2.9400428566367633;1.0;0.17523352910437423;0.23416450386001203;716.0087117586941;-0.0037140792468562723;0.03452496314421296;6.27506148815155;0.008804373757448048;0.1166015625
355;-1.0415786260112276;1.0;0.22578060474186065;0.2805690943709866;279.6046568104863;-0.0043941415846347805;0.13114274553954602;6.273234701156616;0.010422614845447242;0.1455078125
356;3.5359618335443534;1.0;0.22020456149237133;0.2803431363088635;621.7736374612452;-0.009549439884722233;0.042074687965214255;6.271912884712219;0.008241690299473702;0.115234375
357;1.8255012886814126;1.0;0.13687496548287362;0.19480664190169097;527.5639862355265;-0.010476964013651013;0.03140198225155473;6.272874450683593;0.00977898616110906;0.137109375
358;3.4554094050994255;1.0;0.1614044820263318;0.22187342712801242;391.35579818876624;-0.007256629597395659;0.03323653400875628;6.2710089683532715;0.011929094360675662;0.1705078125
359;4.827080309746729;1.0;0.22227153800586968;0.28898971827617503;328.0792272400947;-0.0072288001421839;0.03586734784767032;6.273728585243225;0.00973650828236714;0.13125
360;3.1169085601659106;1.0;0.21138910989453305;0.2714981677141012;528.5432974686161;-0.010259638680145145;0.00872148300986737;6.276735138893128;0.011629683466162532;0.17265625
361;3.9351450904281364;1.0;0.28285460725090733;0.3521008959012352;393.3132275244555;-0.008954468043521046;0.031855766335502265;6.277503752708435;0.010205527825746685;0.1408203125
362;2.791403020533446;1.0;0.17811942452905122;0.24920790236805582;565.4902129806392;-0.015967456623911858;0.003611776721663773;6.278511977195739;0.010019673453643917;0.1375
363;0.44116736902289944;1.0;0.18806166608433153;0.24427281017628924;400.86105916681237;-0.007491900795139372;0.006143217533826828;6.274383139610291;0.0069997153361327944;0.0947265625
364;3.1012479463995675;1.0;0.19655758120170302;0.26194696980706805;567.6192913428982;-0.01090317009948194;0.008800111990422011;6.272181749343872;0.01289036989910528;0.1775390625
365;6.005748959276099;1.0;0.3565347597480532;0.4348266160619159;181.87216935495394;-0.011683928314596415;0.007262280792929232;6.2756452560424805;0.008837488910648972;0.1236328125
366;3.7292516600533245;1.0;0.13715556610701604;0.2026058050856897;338.5950852390378;-0.005879160156473518;0.11134168095886707;6.278975582122802;0.009402056294493377;0.134375
367;3.9375082672815505;1.0;0.15387048154180497;0.21816186874990223;468.28460221039563;-0.018274346319958567;0.15010353587567807;6.279604244232178;0.01062907362356782;0.1501953125
368;4.953253788150683;1.0;0.20129006389932105;0.26977279608199145;290.9857895047618;-0.0035085269715636968;0.049869390297681095;6.2789283990859985;0.010334989125840365;0.15
369;2.444803596154358;1.0;0.12070268871399077;0.17187907729676172;591.9007467092459;-0.015420317836105823;0.04104356421157718;6.283065748214722;0.012204796634614467;0.1689453125
370;1.3404108143351237;1.0;0.24436610861904517;0.315338209852786;830.340829406949;-0.013065780512988567;0.03909087744541466;6.283506155014038;0.010570838791318237;0.144921875
371;2.0246354593751796;1.0;0.17967422581169312;0.25309544351273705;360.4702184464531;-0.01223514243029058;0.004878930677659809;6.2827595472335815;0.007674031378701329;0.1060546875
372;2.130033876571476;1.0;0.19851585367796992;0.2787178765269771;728.5737433372276;-0.0087851089425385;0.005823248252272606;6.284234833717346;0.008160986821167171;0.113671875
373;3.6515978728343517;1.0;0.17301104606847362;0.2483127523272311;393.48895103136397;-0.011253203498199582;0.005807340960018337;6.289659452438355;0.009933623403776437;0.1353515625
374;3.5932459381630366;1.0;0.16728297762204036;0.24319886568715318;455.48199080810883;-0.0075546347303316;0.030662042461335658;6.294552993774414;0.01308651645667851;0.1767578125
375;4.055231696219783;1.0;0.27291896228599616;0.3453312925459149;207.1540576568618;-0.0058000403722482064;0.05691877965416227;6.297036681856428;0.011213807355878609;0.150390625
376;5.643366751248511;1.0;0.2055807052224761;0.2845374473820137;445.8873392011983;-0.014889959723223;0.029862155206501484;6.2995819568634035;0.011773515061940997;0.159375
377;4.2319113949633245;1.0;0.11235890990477682;0.17567771792587886;504.4955183287524;-0.011812589457258582;0.04661985617130995;6.300891709327698;0.008906167990062386;0.12265625
378;3.8520390367378545;1.0;0.1749587192117272;0.24530537836383345;360.9058539101646;-0.013683401606976986;0.08680554144084454;6.299897575378418;0.00917650496121496;0.124609375
379;3.2541664398253296;1.0;0.19059298424336474;0.26397774081193687;644.4983814029099;-0.003331851400434971;0.00988357220776379;6.296293544769287;0.0059391911374405025;0.0810546875
380;1.7684703612578012;1.0;0.15742272806716168;0.22212799911848968;366.1693920640752;-0.005294923391193152;0.0674186710268259;6.299448299407959;0.008211771096102893;0.1109375
381;1.6993396284459994;1.0;0.16873482993620775;0.24938499797032498;612.3574516291995;-0.015031757939141244;0.10551112564280629;6.302919775247574;0.014656027939054184;0.198974609375
382;3.774626281436016;1.0;0.16521602819112485;0.2456970386243308;337.2414726890499;-0.011133817548397928;0.032924965210258963;6.30341739654541;0.010543735639657825;0.14375
383;2.7721583087088;1.0;0.19997460435066555;0.2747800029524454;544.9536945105943;-0.010343711683526635;0.029869366716593505;6.307588648796082;0.011838641669601201;0.171484375
384;6.3981645193138394;1.0;0.23731977738216503;0.325571163317614;244.97080842124737;-0.012227347027510405;0.011263469699770212;6.3116862058639525;0.009318854240700603;0.1337890625
385;-1.533431853233112;1.0;0.2577660353697279;0.3417495182575683;738.831743304237;-0.008024101983755827;0.029335519252344965;6.31317241191864;0.00949104679748416;0.13515625
386;-0.2228578216361199;1.0;0.18337544760284374;0.262039060650515;387.09912423455216;0.0024524783715605737;0.033892532368190585;6.3147471904754635;0.010522090317681431;0.1587890625
387;4.2421652351366;1.0;0.17315594590042696;0.2509370987715396;300.84320479960667;-0.013683461677283048;0.05741353132762015;6.316616249084473;0.009582425060216337;0.138671875
388;4.056528469352261;1.0;0.18238051487212487;0.26392196137242174;402.4444988777083;-0.009632035181857646;0.06141824666410685;6.315785050392151;0.009355373517610132;0.1369140625
389;3.4695279485737966;1.0;0.15507116938999793;0.23187530535183962;450.2586144614328;-0.002104059583507478;0.09481617379933596;6.321102714538574;0.006637888599652797;0.0890625
390;3.778180061062087;1.0;0.1296709060153234;0.20081669923918297;551.4280874963188;-0.016281527606770395;0.016742890933528543;6.3227732419967655;0.012760559422895312;0.18515625
391;0.3514503937573168;1.0;0.12095905198962918;0.18571532864221585;547.0883762206012;-0.011284849420189858;0.05981839708983898;6.327443647384643;0.009896621736697853;0.136328125
392;4.3408543279140215;1.0;0.14083332872217216;0.20583743152651887;472.11903588253904;-0.009059802745468915;0.06316907433792948;6.329025197029114;0.011087940377183258;0.16015625
393;4.37244210908624;1.0;0.15626944810744847;0.23829828977134127;809.2680169226026;-0.010410398244857788;0.028788910945877433;6.325572872161866;0.013858839543536306;0.1916015625
394;-0.5200789845042415;1.0;0.14257455918307338;0.2143909637694196;494.60530227857726;-0.009777459921315313;0.03159224945120513;6.322078776359558;0.011736619740258903;0.16640625
395;5.727317712679259;1.0;0.2774000359434674;0.37322902918150164;407.41301971073653;-0.00909763011150062;0.008073572907596827;6.316148209571838;0.006174910033587366;0.076953125
396;1.7039964849823606;1.0;0.13388333957409743;0.20677208754365808;400.01403115383624;-0.017464335612021386;0.13425295762717723;6.315691876411438;0.01026143372291699;0.1484375
397;3.810969183904447;1.0;0.2181144058832742;0.30678199564181824;562.9429659247985;-0.007173494622111321;0.03107131738215685;6.312334394454956;0.012731387908570469;0.171484375
398;0.8838005407106078;1.0;0.15954194646015893;0.23162926743810777;607.3757782118975;-0.010836730618029833;0.06067012436687946;6.311142086982727;0.008227601286489517;0.1033203125
399;4.051717970259632;1.0;0.27276243479050927;0.3636455506690807;340.3305145066951;-0.020189501438289882;0.06524601932615041;6.309113955497741;0.013431554450653494;0.179296875
400;6.12788601321921;1.0;0.20632022917578513;0.2873368777341053;360.4873125036386;-0.013302724016830325;0.013694467628374696;6.308756899833679;0.010722078289836645;0.14609375
401;2.947169810514315;1.0;0.20563846105927125;0.28749988575071894;607.6226233123301;-0.008749477177237472;0.0804982961465915;6.306092712614271;0.012330852203174598;0.15125868055555555
402;3.764117285184303;1.0;0.13517654662624035;0.20849028212673615;541.5577277838213;-0.012399207334965467;0.08815371487289667;6.301998162269593;0.013528685213532298;0.198046875
403;3.997519791916026;1.0;0.2375755166843976;0.3259191243619778;451.89080983167764;-0.023102494468912483;0.045338984485715626;6.307296633720398;0.012500876619014889;0.1796875
404;4.114102867055507;1.0;0.14225664305418176;0.21308552276816944;392.86527025950994;-0.010576720908284187;0.038448345148935914;6.313703823089599;0.012653564126230777;0.1765625
405;3.7521626841970237;1.0;0.1952910341144661;0.2815628558768985;411.95022739896314;-0.0038072452880442142;0.01958830386865884;6.318679571151733;0.01035114045953378;0.14375
406;3.1662959436550935;1.0;0.162541754162195;0.22920575154410375;403.94557025407727;-0.010390069941058755;0.027576085750479252;6.318580746650696;0.009837415255606174;0.14453125
407;2.911710866765459;1.0;0.17834685256118152;0.26478101655879654;558.9535360816261;-0.013270000973716379;0.005020773038268089;6.318295359611511;0.011233379703480751;0.1595703125
408;0.8701826301575752;1.0;0.19926844425614365;0.27877609995547825;636.0652403318378;-0.005855513457208872;0.049401386827230456;6.315549540519714;0.009196424228139221;0.1380859375
409;0.9118939630316478;1.0;0.1747445029462097;0.25090400259093115;644.2407878575856;-0.0034455715678632258;0.040509484033100306;6.315851426124572;0.012694502365775406;0.180859375
410;3.8277143721179403;1.0;0.15997400621291577;0.2325561722008885;497.1150838488979;-0.016396067384630442;0.08913996517658233;6.3209251165390015;0.012023952475283295;0.1767578125
411;2.5256691898577737;1.0;0.1519152234853722;0.20444088432521024;577.0087443252756;-0.017046259762719274;0.045648583909496665;6.320203828811645;0.010076120786834508;0.1416015625
412;3.5548937647403496;1.0;0.14615809102184826;0.20614961276013813;491.9560494635712;-0.0007109307684004307;0.05229634940624237;6.320336103439331;0.006658380653243512;0.0931640625
413;-1.917794441182795;1.0;0.16929543047175574;0.23717234397697678;657.7523778542769;-0.011995012918487192;0.05698186391964555;6.311854386329651;0.007827275607269257;0.104296875
414;3.3809671720809646;1.0;0.11381767332049898;0.1662115285962147;592.837379512689;-0.006562472437508404;0.09678910598158837;6.306859254837036;0.0054922760813497;0.0638671875
415;2.691258436277475;1.0;0.13102726826339514;0.18450848551915325;547.8180488457474;-0.011043023597449065;0.04698558701202273;6.291326475143433;0.008954222465399652;0.126953125
416;1.9873591717738948;1.0;0.17775568316195675;0.2404479747908371;558.197513139813;-0.0070201247464865444;0.01079124310053885;6.283366107940674;0.011649242730345576;0.15234375
417;4.067080161468142;1.0;0.2098040546744945;0.26150616118686965;469.6545368995904;-0.008941373229026795;0.014669892704114318;6.284475874900818;0.008769395120907575;0.121875
418;2.404496147070785;1.0;0.13050978050906145;0.19057552933474142;592.2202164778646;-0.007044592476449907;0.03402915084734559;6.284188437461853;0.011943950538989157;0.1568359375
419;4.1006777823083205;1.0;0.1777405858541179;0.23732032721608137;445.5711881392546;-0.0030481966212391855;0.03213663292117417;6.280544543266297;0.008023150288499892;0.11796875
420;1.5396133977960833;1.0;0.17492747448578672;0.2308336929529489;419.6499225558979;-0.012294252635911107;0.009616134082898497;6.279044437408447;0.008460485562682151;0.1236328125
421;1.434983551867862;1.0;0.1659692482896333;0.2343134072292296;748.1944077669995;-0.015119311725720763;0.10543949659913779;6.284500002861023;0.00902913473546505;0.12578125
422;0.4882241519672399;1.0;0.16684763767454439;0.2309015483408634;422.95241864642185;-0.005121176526881754;0.008185908617451786;6.284023690223694;0.008240504527930171;0.1130859375
423;2.1262964819770684;1.0;0.15842687566366792;0.21394971933848086;630.2489908011815;-0.012335901614278555;0.08605893133208156;6.2828291893005375;0.01217219493119046;0.1775390625
424;2.8657777873454124;1.0;0.15522973200395127;0.21677258233057833;745.3324338431456;-0.011906862538307906;0.05180466752499342;6.282684183120727;0.008781148586422205;0.1263671875
425;3.8258630138241903;1.0;0.1734655274743866;0.23592733228219875;396.5779626699659;-0.014855064544826746;0.03376166364178061;6.283575010299683;0.013276183838024735;0.18984375
426;3.6692800058269723;1.0;0.20975325214742266;0.2742573065625783;685.915801266537;-0.010593659710139036;0.06800633119419217;6.286670517921448;0.011943599709775298;0.1751953125
427;-0.5989023073973332;1.0;0.16604150408715973;0.23315455671508534;417.82810104063714;-0.0040039325598627325;0.03957569245249033;6.28157606124878;0.012235372699797154;0.1748046875
428;2.5868115454376177;1.0;0.1560704648356952;0.2208013542330033;528.3413009654003;-0.0031036498490720986;0.005873353057540953;6.279099154472351;0.008317764778621495;0.1197265625
429;3.4213041615694624;1.0;0.1890143044619575;0.26157831673315296;576.2409914177937;-0.012990513280965389;0.0093334527220577;6.275273084640503;0.008096819184720517;0.12109375
430;3.751752985624562;1.0;0.1782397306814992;0.23120138112793187;538.2789084747185;-0.011451633041724562;0.032358737918548285;6.274985718727112;0.009727313194889575;0.1484375
431;4.390923737852824;1.0;0.23927619194513555;0.303424879780433;418.7356355004802;-0.015230218367651104;0.10011898316442966;6.276488494873047;0.015580086212139577;0.20390625
432;2.4987701867013525;1.0;0.1474698936024939;0.22280235418152985;492.63974022915306;-0.005996822100132704;0.06156956162303686;6.279722809791565;0.00942133436910808;0.13984375
433;2.6040011845752953;1.0;0.14685929062523803;0.21247429178040145;425.40605509622947;-0.010486786626279354;0.07011745292693376;6.283404302597046;0.009380049107130617;0.13046875
434;1.1334056020777692;1.0;0.1767746633114955;0.2502811239197968;624.1360702066547;-0.015703353378921748;0.03126090434379876;6.290442419052124;0.008816853328607977;0.1263671875
435;4.688229859344284;1.0;0.18222097670111487;0.2518847856016658;307.02482307072756;-0.0028849120251834394;0.030439400766044854;6.292758560180664;0.011078053002711386;0.15234375
436;4.212929901021123;1.0;0.18779958799184332;0.2649769780469002;518.8392042626866;-0.005484573636204004;0.06024730522185564;6.291640901565552;0.010569739469792694;0.1458984375
437;3.509941236460191;1.0;0.14109845060984302;0.19812553784243156;463.48749841809274;-0.0065300851439436276;0.030371100207169852;6.291020425160726;0.013577261411895355;0.17630208333333333
438;-2.293504062891608;1.0;0.12454673013557038;0.18115272629304624;539.829775323682;-0.009918905794620514;0.005517412698827684;6.290574049949646;0.010601579782087357;0.155078125
439;3.3885300344824962;1.0;0.1655476264725015;0.23068381117775366;797.288885684647;-0.01601333343423903;0.005220814771018922;6.2927196502685545;0.009177578741218894;0.128515625
440;4.054994376490509;1.0;0.17046062726313582;0.244970145445049;335.54897965175036;-0.016517971642315388;0.008950500562787057;6.3001405715942385;0.010727826179936529;0.1544921875
441;3.2422181554950926;1.0;0.19975457438319538;0.27163447086550396;704.8873869664124;-0.0041634924709796906;0.09570121932774782;6.303196573257447;0.01159946054685861;0.161328125
442;3.680909602732751;1.0;0.14284059787094763;0.1946641701416513;517.4847782867207;0.0007282932754606008;0.02764128928538412;6.304029393196106;0.010396886512171476;0.1521484375
443;2.306769087627589;1.0;0.18040154138568978;0.24774509818286305;305.78623516916997;-0.008071814198046923;0.013944193813949823;6.301789379119873;0.010670205252245069;0.15625
444;4.2650934605665025;1.0;0.18372154830594975;0.2490683551721854;331.9497688785881;-0.0057594650890678166;0.06831039339303971;6.298530697822571;0.00962845366448164;0.13359375
445;-2.5403246037587888;1.0;0.11247060875412497;0.17275668543425882;522.4925013921352;-0.00963874494191259;0.029490380082279444;6.294763088226318;0.011403485422488303;0.1572265625
446;3.936537480774396;1.0;0.18806510304212995;0.26849944490771693;500.47284225398454;-0.003818273521028459;0.026472854847088455;6.2852010250091555;0.012182006519287825;0.1767578125
447;4.483665131512192;1.0;0.19665903785342015;0.27429256964870363;293.0825532905633;-0.005354717094451189;0.03055245322175324;6.277141857147217;0.007427349523641169;0.098046875
448;2.9542880364985793;1.0;0.1710558006374859;0.2511919377383964;416.2156052490181;-0.011041327728889883;0.024320134869776668;6.273547959327698;0.007961664849426597;0.1064453125
449;4.259511806252527;1.0;0.18341487592687483;0.25745439424127337;379.0688253036834;-0.004543357621878385;0.03711294531822205;6.274295210838318;0.007860195869579912;0.1001953125
450;5.144479968063474;1.0;0.2833484382330754;0.385645837462857;175.9424791911166;-0.007147896895185113;0.042788415146060285;6.276447701454162;0.010826769995037466;0.1544921875
451;4.288774775407695;1.0;0.18807841423833688;0.2772629064128825;467.1040273674879;-0.013358550099655985;0.0139427799731493;6.278593969345093;0.011861804453656078;0.1748046875
452;0.9271877390893644;1.0;0.22446393635651163;0.31657296830353826;487.85858892813917;-0.011473340867087244;0.07167933844029903;6.278971314430237;0.011466866254340857;0.1677734375
453;4.865910962436305;1.0;0.17100681658521175;0.24538994205974582;316.35922409974904;-0.0069721204228699206;0.03221718119457364;6.2808473110198975;0.011847410211339593;0.1740234375
454;3.83992299293819;1.0;0.27198031800681866;0.3589501722754959;287.57349345598556;-0.009295665100216866;0.007806436554528773;6.277205848693848;0.008711815543938429;0.125
455;5.1015140410612245;1.0;0.19609565730810533;0.2834730900823572;409.4097335175466;-0.007231534412130714;0.04471474010497332;6.268825674057007;0.010451696754898876;0.1537109375
456;4.229507844471024;1.0;0.09807987696118996;0.15916390735524036;924.8397359215088;-0.014651339687407016;0.057940600998699666;6.256624507904053;0.013837219262495638;0.1986328125
457;2.9720647207813142;1.0;0.20179227786947054;0.27959698920172427;362.33218566810996;-0.013298254925757647;0.07799754440784454;6.252182459831237;0.010905512922909111;0.1494140625
458;2.698110192526177;1.0;0.21141296869549914;0.3006311363907221;598.2984715868691;0.0006684245076030493;0.032965032989159225;6.25289671421051;0.008002733066678046;0.116015625
459;3.7922177651363516;1.0;0.22490432735909624;0.30846172207455214;271.9739272870793;-0.016465683933347464;0.03242936320602894;6.253342866897583;0.012323492136783899;0.16953125
460;6.396424950639356;1.0;0.23004128194719542;0.3329067590943263;224.20185568999136;-0.005726750940084457;0.030807161889970302;6.251547384262085;0.01075193405849859;0.1513671875
461;0.42617499162604;1.0;0.18457153138813132;0.26990627912614007;377.3198065467566;-0.0044407736975699665;0.06449186550453305;6.252862524986267;0.011644562042783945;0.1619140625
462;4.688697641454052;1.0;0.19802329202456698;0.2776581423999438;297.40970594654374;-0.00785469226539135;0.022268860414624215;6.247954845428467;0.011693204962648451;0.16640625
463;5.244073889174382;1.0;0.1884732660080464;0.28463674125000327;420.6594712166486;-0.010177201125770807;0.007846797327511012;6.241983389854431;0.0074474851600825785;0.108984375
464;5.017784804941689;1.0;0.19997275925889843;0.2848934043920125;331.8376832727373;-0.008824480883777141;0.024352452624589203;6.238735175132751;0.007884733204264194;0.1109375
465;4.834464000671864;1.0;0.3147503887769969;0.4402616964326556;266.10924925743456;-0.015877063805237412;0.1179789200425148;6.2355599164962765;0.012975742726121097;0.1740234375
466;4.479122008772393;1.0;0.15400064127680682;0.24087975074572943;457.15834986866776;-0.013468465907499194;0.05957764983177185;6.234692025184631;0.00992688254918903;0.148046875
467;5.088957116251225;1.0;0.19654241530582686;0.28179564628579074;336.23228336446545;-0.021155877504497766;0.04394981013610959;6.234959888458252;0.011059381044469773;0.1451171875
468;3.9466056936050498;1.0;0.19088973778537496;0.2912536110506806;519.7009801418498;-0.01817012345418334;0.08575943149626256;6.233139777183533;0.008402250171639026;0.11953125
469;4.392463811959509;1.0;0.1766053027048851;0.26465790231113684;463.6075356796699;-0.0069068825338035825;0.064657271374017;6.224650406837464;0.009959690342657267;0.1333984375
470;3.954126746742559;1.0;0.24765634652304339;0.36712723811700165;435.3654294869058;-0.0062285744119435545;0.08721026200801134;6.216503214836121;0.009334100480191409;0.1443359375
471;5.53325273870471;1.0;0.259844371280667;0.3623434325908398;182.70752400315382;-0.014749070070683956;0.007021289691329003;6.212883329391479;0.009627055155579;0.1419921875
472;-0.2833725609198998;1.0;0.19467022674607515;0.2924895267152845;738.1633977022105;-0.003829614887945354;0.036816104175522925;6.2073320865631105;0.00850962963886559;0.11953125
473;4.542870504747352;1.0;0.14469853476174155;0.2275738611217238;611.8873243743413;-0.004375398904085159;0.02640370449516922;6.202116918563843;0.011197954602539539;0.1560546875
474;-0.13632416371892564;1.0;0.21812627065035634;0.3135153491904911;374.7882633165463;-0.008811381156556308;0.055589220486581326;6.200013780593872;0.007807803177274764;0.1123046875
475;6.239290173084031;1.0;0.18463018646968696;0.28774687995367715;284.0857545987997;-0.004603666346520185;0.060598642006516455;6.200425243377685;0.009085454989690333;0.1296875
476;5.7130592341184245;1.0;0.2315031044522813;0.3375013617640021;224.77257728205296;-0.006715119397267699;0.07778016896918416;6.199562835693359;0.008917262172326445;0.1310546875
477;5.230006242004569;1.0;0.20474097286041873;0.30064832442395345;281.50252575745645;-0.011154436087235809;0.02782640978693962;6.198379063606263;0.008699282247107476;0.1197265625
478;4.031639569283787;1.0;0.24842859188349176;0.3690799347130409;411.8241528429182;-0.015251128934323788;0.05016721924766898;6.20092396736145;0.012351486971601844;0.1818359375
479;3.595751680235514;1.0;0.23165774635507078;0.32752609699984586;413.81819230955887;-0.008520890586078167;0.0588241891314586;6.2016961415608725;0.015140888808916012;0.18489583333333334
480;2.960197050005222;1.0;0.19441470163007657;0.28171695053674367;440.52084171386815;-0.008367137005552649;0.005434303148649633;6.197024345397949;0.011303754861000926;0.1640625
481;4.690524382144018;1.0;0.22402648244055123;0.3225657029101004;260.0405068675664;-0.007663763430900872;0.1062987819314003;6.199220085144043;0.010320529527962207;0.1560546875
482;2.7986922845683107;1.0;0.1424351816817149;0.20584678278250887;439.24540348788156;-0.010363258654251695;0.04603220550343394;6.202722191810608;0.011486575216986239;0.16171875
483;4.629232790761484;1.0;0.15531821573841467;0.23502323662889224;465.7656703759998;-0.010779079655185342;0.04128044825047254;6.202700066566467;0.013300222624093295;0.18203125
484;1.3611541160026381;1.0;0.16197304394114187;0.23586244561983505;341.92759371903975;-0.007955259084701538;0.04627263122238219;6.204078030586243;0.012563375115860254;0.1708984375
485;3.739018630485231;1.0;0.24172830340499865;0.3586787635513062;486.21546671081836;-0.00806020216550678;0.031439411267638204;6.207526993751526;0.00838318676687777;0.118359375
486;4.43363493998798;1.0;0.21667888285988005;0.30930200688070897;287.22217783208134;-0.009848339017480612;0.009699108428321779;6.211202073097229;0.008727968169841916;0.1244140625
487;2.92735401049238;1.0;0.14877696361922946;0.21987065173969336;490.1729744317816;0.002876521507278085;0.11099042221903802;6.214586877822876;0.00899766042130068;0.1328125
488;0.15889366316217046;1.0;0.1836029057493802;0.2815702642533827;593.2264987569474;-0.016418827744200826;0.04814156824722886;6.218322610855102;0.010898260166868567;0.1306640625
489;4.203222135527484;1.0;0.21737636496202273;0.3082145571953281;363.67841688572923;-0.021357110515236855;0.02683732695877552;6.216482925415039;0.011969274200964719;0.17265625
490;4.874649571274464;1.0;0.19545081013135368;0.29053743436385887;456.07743564479887;-0.017140244087204336;0.05006592534482479;6.21015944480896;0.014158958569169044;0.2095703125
491;4.35817482542599;1.0;0.251735936460539;0.33763274651914693;224.80756407470116;-0.01262667984701693;0.039676759275607765;6.208480262756348;0.011646471999119968;0.1646484375
492;5.371588544440726;1.0;0.2551991408787076;0.37663168674748637;322.0771022096604;-0.01266779713332653;0.08862536661326885;6.2149412631988525;0.014634392282459885;0.2056640625
493;4.046816605159111;1.0;0.27784016447514037;0.37991453084966914;347.55083481488657;-0.014227919080959899;0.008012588834390044;6.220956291471209;0.013168306372660612;0.18973214285714285
494;4.161275168121196;1.0;0.15519653965474003;0.22934362845334527;398.8260821219135;-0.014448773674666881;0.022019948810338974;6.220816826820373;0.009582853177562356;0.13984375
495;6.291342279253934;1.0;0.24609425849559297;0.3626385593713458;194.1617194096569;-0.019777702959254385;0.024233499681577085;6.219330978393555;0.009328638552688062;0.125390625
496;5.732372109948023;1.0;0.2832636063458124;0.3945259585448885;249.42475434644206;-0.004960903525352478;0.09504223205149173;6.220212292671204;0.010697445343248546;0.13828125
497;4.641157348634292;1.0;0.17111937864510818;0.25485183465795236;399.67325188727654;-0.010187039105221628;0.03941135173663497;6.223651099205017;0.009997142432257532;0.1513671875
498;4.397068753326913;1.0;0.1993292196206689;0.27977189315837026;320.4165873625127;-0.016157156764529647;0.0384840224403888;6.228343772888183;0.009260248951613903;0.121484375
499;4.665644873401819;1.0;0.24701775296140493;0.318578359338042;277.0643561303582;-0.010198088898323476;0.03272133329883218;6.231193161010742;0.014009668724611402;0.1923828125
500;5.6546132912190545;1.0;0.2048898949451892;0.2982357873501736;360.0015069387772;-0.014847678178921343;0.008798902179114521;6.231362152099609;0.009882811876013874;0.14140625
501;3.7390038534205297;1.0;0.19321835105323476;0.2839576962887572;443.7849555103706;-0.012013276014477015;0.09227141123265029;6.227976274490357;0.014311569416895509;0.1951171875
502;4.035285334639913;1.0;0.20277541179589564;0.3006228974474952;497.3830888470726;-0.012828012462705374;0.04058067034929991;6.230349588394165;0.011746792460326106;0.158984375
503;5.106894473888207;1.0;0.25389460794002516;0.3492279637309338;298.52580600433504;-0.012062077014707028;0.044548319280147554;6.2338942527771;0.011753420403692871;0.1625
504;4.847164883081037;1.0;0.26025891367874004;0.3624641084462112;356.81556835240303;-0.008240240439772607;0.02437113169580698;6.237675523757934;0.013256109831854702;0.1837890625
505;2.9183291147425225;1.0;0.18498866969027367;0.27828491422631846;607.2456523053514;-0.007303340965881944;0.021016053669154645;6.241594910621643;0.011611630104016512;0.168359375
506;6.078632616273248;1.0;0.21059254128147042;0.30922889470107895;325.1609994212105;-0.007653860081183283;0.044458996651596146;6.244981063039679;0.015801359409172284;0.22615131578947367
507;5.063807209411126;1.0;0.31612001038415516;0.4136471298127141;229.64485829952397;-0.010141483088955284;0.03283844729885459;6.253884959220886;0.008759248023852705;0.126953125
508;6.090589222149269;1.0;0.25613785871066846;0.36695558348641516;205.78278021080146;-0.009494721556880645;0.12311021238565445;6.264846018382481;0.01368229535208749;0.17494419642857142
509;2.9521302394879205;1.0;0.194571165827228;0.2918116412949007;482.0161471207129;-0.013308893982321024;0.04461908303201199;6.27444052696228;0.013446749979630112;0.194140625
510;5.152763631660651;1.0;0.14737305592658642;0.22655960481496445;405.60116682190323;-0.010421608900651335;0.07837468292564154;6.282378196716309;0.011828808975405992;0.1638671875
511;4.109478694750886;1.0;0.2471178854683146;0.34065342226809403;322.0129641464144;-0.0038990636356174948;0.025943654729053377;6.286853504180908;0.01049011672148481;0.14765625
512;3.7107539013845456;1.0;0.2472342934454978;0.35771871043035874;544.1333801221593;-0.00319265965372324;0.04412044761702418;6.290280294418335;0.011216547584626823;0.16953125
513;3.965306732996803;1.0;0.17045086175902105;0.2578257765712351;413.11145136098554;-0.011351907346397638;0.06053810752928257;6.297964882850647;0.011510506481863558;0.1603515625
514;5.192715026613282;1.0;0.17687184580777848;0.26756267536225925;372.78855852725707;-0.006134163588285446;0.06168015403673053;6.302694463729859;0.011927569843828678;0.170703125
515;4.67842528427864;1.0;0.14521212892588312;0.2296480827470244;447.729977451095;-0.019232885725796223;0.06292559802532197;6.307582426071167;0.011693788901902735;0.162890625
516;4.057481733787521;1.0;0.14381688632012324;0.219075952447559;363.0900345206191;-0.014001831039786338;0.058865606086328626;6.314606189727783;0.011634289135690779;0.1626953125
517;6.099480181941008;1.0;0.27190383957694253;0.4069865451136719;248.10002171987912;-0.006499276659451425;0.06973116155713796;6.3152782917022705;0.011806706385686993;0.1671875
518;3.4379481269147236;1.0;0.2264862603196629;0.3445913849019744;462.06787778000836;-0.017779316939413547;0.005404573422856629;6.320691823959351;0.010085079120472074;0.1517578125
519;3.3747577117552527;1.0;0.2104398348955513;0.29621944821589297;287.83226955250825;-0.010303444811142981;0.04738039020448923;6.3261436223983765;0.01048715200740844;0.1486328125
520;4.741719356180702;1.0;0.28832424507229193;0.43647940581510114;189.14152132922095;-0.0024224385153502224;0.00434533660300076;6.317165398597718;0.006117283890489489;0.08046875
521;6.147464961457775;1.0;0.21802278848892062;0.3286452755614433;310.261873734445;-0.009899481991305947;0.13088043481111528;6.3030375957489015;0.009880414546933025;0.14296875
522;1.8216232882211267;1.0;0.23191781489962154;0.35298385221010126;547.9332783054324;-0.008021543780341745;0.02366542094387114;6.295424771308899;0.00976552243810147;0.1333984375
523;3.0544279943967747;1.0;0.2494925351204307;0.3750618084293138;415.1000754876881;-0.01182485050521791;0.006205830327235162;6.295910978317261;0.009901032620109617;0.14921875
524;4.829836521095293;1.0;0.31462377257448443;0.4211596999559475;263.9713121245998;-0.012117305630818009;0.058587330114096406;6.301586294174195;0.010432700195815414;0.1556640625
525;6.00705714883391;1.0;0.30935330015549906;0.4279405132988508;144.35981357167745;-0.012708430038765072;0.04213560819625854;6.307770943641662;0.011796370323281735;0.1619140625
526;6.199601039914982;1.0;0.270704605773807;0.37221977922920785;338.16593077548873;-0.002624422311782837;0.023689155420288443;6.314919447898864;0.01026394551154226;0.1423828125
527;4.306397539139559;1.0;0.18170755764793114;0.2830965765286023;531.9441762420912;-0.007267876341938972;0.058613761235028504;6.322096753120422;0.011433078651316464;0.157421875
528;5.718206084630086;1.0;0.2749634514223492;0.41309838985896147;449.7033260247655;-0.013200562819838524;0.0043445281917229295;6.3289700746536255;0.009220713179092854;0.1294921875
529;4.643754988740422;1.0;0.26493807251898116;0.3790645226655111;328.5946712129743;-0.007889206614345312;0.04228669526055455;6.331168150901794;0.011645704391412437;0.1576171875
530;5.924527107100881;1.0;0.21909174547565832;0.31620360178020124;254.3367148646284;-0.013358870521187782;0.07296714410185814;6.333811783790589;0.009946651430800557;0.147265625
531;5.69674899597479;1.0;0.29689369865235254;0.4232672233589999;261.68235207870146;-0.00229137702845037;0.022240367857739328;6.335817480087281;0.007521318597719073;0.1052734375
532;5.45685686985839;1.0;0.26630803417974463;0.3581440716835059;194.523283097989;-0.004815414687618614;0.05260769799351692;6.332070708274841;0.006163283449131996;0.0796875
533;5.157230606326415;1.0;0.22326030924010215;0.3386579476925902;302.6798238860395;-0.014451691927388311;0.06749818827956915;6.327191996574402;0.011736677086446434;0.1544921875
534;5.923779649857888;1.0;0.31327217286011017;0.4149010018561133;156.11848941724077;-0.01051259133964777;0.006476262002252042;6.325192809104919;0.012312421039678157;0.1685546875
535;6.01759075074847;1.0;0.26486768867747085;0.3624529731149369;242.8178338259679;-0.012274439943333467;0.08654236917694409;6.322244326273601;0.011168922996148467;0.14921875
536;5.253729885353467;1.0;0.3059884911460081;0.41314526525197326;342.68768485577317;-0.006375124608166516;0.0177185547305271;6.319076490402222;0.009787114290520548;0.1287109375
537;4.5067639672776885;1.0;0.21550527574312747;0.29376955982191055;348.94795394642404;-0.009552993555553257;0.035444666538387536;6.317569613456726;0.006524991011247039;0.0849609375
538;5.0455703735477;1.0;0.2009076638216222;0.2925554617215595;252.24749469161654;-0.0045250194612890485;0.03458305303938687;6.314802980422973;0.010562475584447385;0.148046875
539;5.40385676514136;1.0;0.2357025357311549;0.34199723353297656;366.61460554551445;-0.0045124925673007965;0.04470590269193053;6.312544131278992;0.01339281543623656;0.18984375
540;3.438029354890547;1.0;0.1753573848223362;0.26503534485321223;497.52718264303695;-0.019782417686656117;0.010897613875567914;6.314420771598816;0.01195661942474544;0.166796875
541;5.740933719213633;1.0;0.16916507798652272;0.25219898479676467;346.6850315851284;0.00024036713875830173;0.007524840300902724;6.318900990486145;0.014406269858591258;0.1802734375
542;2.4392089578846305;1.0;0.20909411472240852;0.29405157281856614;279.1614311752341;-0.012526486348360778;0.029746564198285343;6.320498895645142;0.011628443782683462;0.151171875
543;5.912121256129866;1.0;0.30480104957554816;0.4433205602226388;372.08965070895084;-0.005183739890344441;0.035623371787369254;6.322572875022888;0.01108470985200256;0.1638671875
544;6.281708140117647;1.0;0.23875241392447943;0.34844702040990244;287.3234924610403;-0.008197044674307107;0.04719459433108568;6.327720713615418;0.010322408576030284;0.1400390625
545;3.527029695030564;1.0;0.23721438970719627;0.3384924058900288;364.7155979747584;0.00021980572491884232;0.044006734248250724;6.3247976064682;0.010720382304862141;0.1548828125
546;0.031255307464566506;1.0;0.1862393712038627;0.28999849932381666;719.341303795135;-0.007159691862761974;0.05329873571172357;6.318832564353943;0.01417438795324415;0.1978515625
547;5.8769707088653815;1.0;0.2713140905024874;0.40111783667994577;305.91936874863853;-0.009843552391976118;0.044730080757290125;6.319600892066956;0.009810901549644768;0.1400390625
548;4.925920746594312;1.0;0.23998945392103638;0.34901678616411075;497.95056392694096;-0.012599277822300792;0.02922799754887819;6.322972345352173;0.011616903834510594;0.163671875
549;4.408419836981157;1.0;0.24553136408109594;0.3427994555113455;218.5053762161694;-0.00438989691901952;0.03848201450891793;6.327422547340393;0.010458302625920624;0.1474609375
550;4.6406876413781575;1.0;0.3009743370115741;0.42263782076800477;369.8712058600756;-0.0122873580083251;0.05922507364302874;6.329036855697632;0.012454104656353594;0.16796875
551;4.526346745644316;1.0;0.21559454825971816;0.30862348578125853;386.30665004724824;-0.017594074085354804;0.07096483781933785;6.3335192680358885;0.013948871602769941;0.1837890625
552;4.409367377327016;1.0;0.19862069743082425;0.30425608285304795;315.9451452225649;-0.02001168760471046;0.043361695017665625;6.337183356285095;0.010391070169862359;0.1583984375
553;4.4819762323085905;1.0;0.2379975384816166;0.36168341006111265;441.29447733464184;-0.016304439678788186;0.0335501354187727;6.337464213371277;0.009337709902320057;0.137109375
554;5.0853653202197275;1.0;0.280663408449374;0.3866860754721968;251.62011624920117;-0.01392314350232482;0.022267048014327884;6.341473007202149;0.00849275873042643;0.1205078125
555;-1.002398422543108;1.0;0.2887995935340535;0.403167282334454;459.87595763744747;-0.005534152919426561;0.03531804336234927;6.3468642950057985;0.012629996670875698;0.1775390625
556;4.335702560848803;1.0;0.1916961585420175;0.26600105563162285;336.2412043530007;-0.02166427196934819;0.031265052128583194;6.348131275177002;0.011899929295759648;0.1673828125
557;5.959240909941236;1.0;0.16620611972347685;0.24237743832943096;357.21414686781776;-0.005415461491793394;0.02828233139589429;6.344738578796386;0.00837467029923573;0.120703125
558;5.32630281164616;1.0;0.27852586273198704;0.39527253201807233;311.0283911035609;-0.011054438212886453;0.03759845718741417;6.343900489807129;0.011686530918814242;0.1607421875
559;5.92843557921372;1.0;0.30593084911999474;0.4298535961859186;193.52873501696916;-0.007861805148422718;0.022451872285455466;6.345674777030945;0.007103800936602056;0.10390625
560;5.378843649994653;1.0;0.19608735973230068;0.2786873174163079;283.46595097038835;-0.008327199262566864;0.04351094728335738;6.342715406417847;0.01328985698055476;0.1888671875
561;6.008469945165253;1.0;0.2594895223796719;0.3769626874301662;337.7056407113674;-0.007351645920425654;0.01985403783619404;6.340323543548584;0.01136935146059841;0.154296875
562;3.0148774569014565;1.0;0.24949869489218937;0.3546558610949421;458.2270466750868;-0.009476564731448889;0.05905970204621554;6.338068604469299;0.01165502064395696;0.1662109375
563;1.7779096820432416;1.0;0.2438256998299275;0.3598110463161204;300.25809838109166;-0.009632909763604402;0.04295554794371128;6.338127899169922;0.00960066836560145;0.1431640625
564;4.459631285277022;1.0;0.2119720468741409;0.2955055342278158;393.31075942252824;-0.0036873434204608203;0.034990940848365425;6.341780805587769;0.008840649866033345;0.1298828125
565;3.8656300508481793;1.0;0.21458056029122657;0.3058254905955188;340.0374671716083;-0.008656090591102839;0.034488430619239806;6.347122859954834;0.012461934005841613;0.179296875
566;4.8852690968874395;1.0;0.2583558399214384;0.38085959766734234;500.720167090241;-0.0003789748065173626;0.032949976390227675;6.349934077262878;0.010116042220033705;0.1490234375
567;1.8423499630263493;1.0;0.20968038272398962;0.25475728348188914;296.4976628637504;-0.010206092102453112;0.05746471732854843;6.353492856025696;0.011437805870082229;0.15
568;5.824789490222391;1.0;0.3783229734876461;0.5354309294127932;141.39107336409205;-0.01135195060633123;0.0178582429420203;6.35203070640564;0.011703464819584041;0.1408203125
569;4.4973507411995435;1.0;0.2184986942865048;0.2865857599295912;350.14323845937713;-0.015300693898461759;0.07253501992672681;6.351959466934204;0.0064301143633201715;0.093359375
570;4.639672326417007;1.0;0.28108718387574155;0.41531645668529493;426.266827657918;-0.010037266416475177;0.007182451919652522;6.357377052307129;0.011456540552899241;0.1615234375
571;1.917824651920018;1.0;0.2717678355399454;0.3878149483321774;453.27601309233165;-0.00854987376369536;0.046496232086792585;6.363080239295959;0.012743162363767624;0.1978515625
572;6.4143636533710096;1.0;0.22181032383097762;0.31506608846810524;269.9206153939404;-0.010956504009664058;0.04285903237760067;6.3631144046783445;0.010510477796196937;0.1466796875
573;3.884182960668361;1.0;0.23937122270891617;0.35367581626110056;289.1050388829504;-0.019204804301261903;0.039943758258596064;6.362756586074829;0.011338849738240241;0.1587890625
574;1.5133486199599844;1.0;0.204223687198074;0.30370646792989453;291.94372118733867;-0.016535940999165177;0.014083256828598678;6.363354516029358;0.009523252991493791;0.1392578125
575;4.894818369967334;1.0;0.22787385371087476;0.3422572630310711;407.6181562587907;-0.0097039258107543;0.11973183788359165;6.3661888360977175;0.012498485238756985;0.1666015625
576;4.802021551741771;1.0;0.2649456271785246;0.37677590301249064;340.28617302066255;-0.0071548013482242824;0.03393969461321831;6.367173838615417;0.008420747728087008;0.1203125
577;4.490715940949348;1.0;0.2321388411422276;0.35110458163585034;276.0080935975032;-0.024154985835775734;0.044094951543957;6.375687050819397;0.0120280681992881;0.180859375
578;4.316250043245704;1.0;0.17224609863978244;0.2560128371436659;426.91866969276924;-0.0059744178550317885;0.02704860873054713;6.3809209108352665;0.013255659805145115;0.1876953125
579;6.340477157915613;1.0;0.2663677732933992;0.4034935862693804;277.02471177935945;-0.001742825750261545;0.05194033477455377;6.386233329772949;0.010439265344757587;0.1677734375
580;4.807846176786171;1.0;0.2513801781398345;0.3734839031815286;416.0394570414134;-0.006654339097440243;0.0385728067252785;6.393808746337891;0.007971636764705182;0.1154296875
581;5.086679855346344;1.0;0.21729900933896718;0.32337550102889384;228.49647205114684;-0.0060650555184111;0.11361757814884185;6.395118403434753;0.008978622534777969;0.1251953125
582;5.1998693196901495;1.0;0.2438664391932959;0.35352639925840934;364.1965503575338;-0.022606539819389582;0.05731451576575637;6.396698474884033;0.011529542866628616;0.152734375
583;4.747872136363804;1.0;0.2835499837147331;0.4069798658366553;336.7868768356968;-0.010697499150410295;0.005968509125523269;6.396063184738159;0.01048336090752855;0.1462890625
584;0.9736343890280996;1.0;0.27361693750295735;0.39756597928400145;402.385583690036;0.0013522868975996971;0.048026753962039946;6.393193936347961;0.007746881619095802;0.1109375
585;4.551463765065008;1.0;0.2768974937924779;0.40810019722819524;370.33995736696534;-0.010719465976580977;0.07019319012761116;6.393679308891296;0.014841745723970234;0.219140625
586;4.629887716580163;1.0;0.2218476755396644;0.33635944844715726;539.5360180722226;-0.010674214782193303;0.06378825763240456;6.3945488929748535;0.00992099717259407;0.138671875
587;5.02118768168064;1.0;0.21966486436477897;0.30649292781124127;303.4252010159554;-0.015305716055445373;0.008430179255083204;6.392646455764771;0.010612413589842617;0.151953125
588;4.817252086717879;1.0;0.2546034506966179;0.3652108507775985;331.5476758201194;-0.0028175960294902326;0.04395980648696422;6.391884207725525;0.011393251095432788;0.1525390625
589;5.789666326939615;1.0;0.2870818139723067;0.4119817898340566;208.54617045237492;-0.0200185792054981;0.009440797381103039;6.3911598205566404;0.008197488926816732;0.1134765625
590;0.017520941167231907;1.0;0.2298178080659661;0.33569665569013635;396.6200392377484;-0.00395028069615364;0.05539454948157072;6.399091911315918;0.011366528668440878;0.1431640625
591;5.7165638160797485;1.0;0.3332155924968227;0.4595355126077028;256.498903714201;-0.013695455598644912;0.08603406045585871;6.3988646268844604;0.012223679642193019;0.168359375
592;4.5514964323767435;1.0;0.19623095155066148;0.2931469962427178;321.289136608549;-0.015670233080163597;0.00617991965264082;6.391316676139832;0.008714849781244993;0.121484375
593;5.039714177612266;1.0;0.294638058683802;0.4453133893292868;147.56680711437176;-0.016577820852398874;0.018717233673669398;6.387840032577515;0.00766666344134137;0.103125
594;5.33100755581584;1.0;0.34117611448564833;0.46772104439781104;175.94968430504653;-0.007199166947975755;0.0733180871233344;6.384000468254089;0.012036999862175435;0.17265625
595;5.978645456301845;1.0;0.3548406191584596;0.5058918914085836;128.09675085201087;-0.01714200181886554;0.017113257106393574;6.380688953399658;0.011183331697247922;0.161328125
596;5.620645905132797;1.0;0.19021589248206838;0.28475630507778826;311.9079978617915;-0.010069695860147476;0.10910789594054222;6.3758585214614865;0.0120083321002312;0.1724609375
597;5.9088547145470764;1.0;0.2728081241507587;0.4155581966352008;218.18924097872642;-0.007634703582152724;0.02761233728379011;6.375773978233338;0.010049327975139022;0.151953125
598;5.570887218282178;1.0;0.23424243614880574;0.3391899528146122;221.90408030043872;-0.011374444607645274;0.031276234146207574;6.3793127059936525;0.011535332142375409;0.1705078125
599;0.8567553321423613;1.0;0.3564324165102829;0.48630697735449796;338.32163084234554;-0.002956197876483202;0.025344931590370833;6.386006855964661;0.013680383516475558;0.184375
600;1.88539091491137;1.0;0.1714473247161573;0.2715807962789874;340.6550414926449;-0.014393655117601156;0.04261604100465775;6.393641257286072;0.013151122187264264;0.1794921875
601;4.782059146818633;1.0;0.26573455293643955;0.4084890389412693;336.5926421924011;-0.010292959283106029;0.05522197494283319;6.393870544433594;0.013581872009672225;0.184765625
602;4.966782945103375;1.0;0.1793360798040314;0.26147688650644796;332.84340092853824;-0.008154259528964758;0.025401295428829535;6.39681305204119;0.011850796240781034;0.16462053571428573
603;3.9130123362508966;1.0;0.21502236873538297;0.2971278648011795;273.50741402438473;-0.00783426275011152;0.029468101728707553;6.3935702085495;0.009461208956781774;0.1322265625
604;6.030104344923962;1.0;0.29734202662096004;0.44525540806787933;354.74811548753013;-0.017588888062164187;0.03274779375642538;6.391266083717346;0.010223444923758507;0.150390625
605;5.137314136345572;1.0;0.31825223533496977;0.4604449916745834;203.61378090292013;-0.012705751555040478;0.056154165975749494;6.398968815803528;0.010493575374130159;0.1490234375
606;5.0677861070078745;1.0;0.24279502474271025;0.3632064495991795;213.32436634602766;-0.014452369743958115;0.040835100784897806;6.406916975975037;0.011339970002882182;0.1611328125
607;4.695754997351213;1.0;0.24197691356045262;0.3282931900549514;323.70982775978433;-0.024834913703111503;0.06777048941988212;6.412006524892954;0.010538930879332699;0.12560096153846154
608;5.263968723250859;1.0;0.380268377216914;0.5190692430407222;184.27284460395245;-0.00802292600274086;0.08425565138459205;6.413879632949829;0.009865973342675716;0.1455078125
609;2.896530295723062;1.0;0.2516045409300229;0.37145092850349887;400.5935000140204;-0.01992054544389248;0.014080848637968301;6.414012026786804;0.009360379306599498;0.1365234375
610;6.328084835777378;1.0;0.21100540404941412;0.3215734260557116;243.42692451096087;-0.012597107235342265;0.035752663388848305;6.419370317459107;0.010934106586501003;0.1599609375
611;5.5174662248612885;1.0;0.1859546247307978;0.28597962329687127;331.0444300728117;-0.010517300153151155;0.03670620825141668;6.420082521438599;0.010165203979704529;0.1443359375
612;1.8512721246953756;1.0;0.2626576715499833;0.34799714913653274;308.7508942082;-0.0037554575130343435;0.06462965849786997;6.420447611808777;0.007848953711800277;0.103125
613;5.228038451547804;1.0;0.2756240733160489;0.409588221435797;327.2434664278978;-0.013910602527903392;0.07309693135321141;6.423808693885803;0.011773346387781203;0.17265625
614;5.152010531655474;1.0;0.299910076416107;0.4226056110640241;282.1279835478566;-0.018157982220873236;0.034541239589452745;6.421786093711853;0.013408078195061535;0.1818359375
615;5.58773261783047;1.0;0.2500561517838903;0.37788192160072076;371.8705286896717;-0.016258709062822164;0.058744793292135;6.413659405708313;0.01188037913525477;0.1677734375
616;2.8883853828033796;1.0;0.2878141503464519;0.390848517375431;370.13026431320645;-0.013710316782817245;0.05264810668304563;6.410767340660096;0.01177096898900345;0.1716796875
617;5.072727573831283;1.0;0.2685600036667255;0.3683865190088972;409.3044835273168;-0.006710888305678964;0.09417348951101304;6.406678986549378;0.00962537359446287;0.1396484375
618;4.634859470049497;1.0;0.3243155169877155;0.4527010313811772;310.72273903876766;-0.013465163577347995;0.06275171712040901;6.400685095787049;0.009519224776886404;0.143359375
619;-7.602430976080637;1.0;0.08033131952874564;0.14308931709987674;1197.5034976071556;-0.011703930189833045;0.054739229194819924;6.3936700344085695;0.009611926565412432;0.138671875
620;5.293805981946191;1.0;0.17761847354350005;0.2797192344738857;380.56163737742645;-0.01006847359240055;0.039632980991154906;6.394533944129944;0.012166438135318458;0.1728515625
621;3.639206733845321;1.0;0.33057661239135466;0.4571585235927428;250.4638074110096;-0.013050327426753938;0.04896645154803991;6.399737524986267;0.009170540107879788;0.132421875
622;5.680929698777499;1.0;0.26840967705527485;0.3726886590232244;307.3903581819126;-0.005172318825498223;0.009973154426552356;6.399281930923462;0.011327979783527554;0.1689453125
623;5.052810087362323;1.0;0.24722290910459327;0.3773919895212666;485.23926849903796;-0.007509597856551409;0.13980198055505752;6.397650027275086;0.01299512964906171;0.180859375
624;6.208760174427571;1.0;0.24372337252955195;0.3642192826734683;268.57527374014506;-0.01116145495325327;0.02401804868131876;6.390476989746094;0.009683910629246385;0.1416015625
625;6.108782699944287;1.0;0.30030106426017583;0.4560842519300798;241.54010494785484;-0.019445210322737695;0.025108956499025226;6.389560985565185;0.010979488189332188;0.1583984375
626;4.623959835452122;1.0;0.2344828767930045;0.3518279578087039;474.7287042311387;-0.006222131894901395;0.0944430211558938;6.397237873077392;0.011023961065802723;0.16015625
627;6.171697835057636;1.0;0.2877777566176461;0.4315906553838828;293.9351443517781;-0.00299255286809057;0.018777780560776593;6.398023343086242;0.008094356232322752;0.1134765625
628;2.567465487316435;1.0;0.23857692478988587;0.36445717665577415;324.4083908154759;-0.009580306196585297;0.028826517798006535;6.398042058944702;0.010603086196351797;0.143359375
629;4.51236175528297;1.0;0.2452242750803527;0.3358884475902554;244.05986929735704;-0.005576828867197037;0.07773639895021915;6.400504899024964;0.01089485945412889;0.1560546875
630;5.966459452482679;1.0;0.27475828164620136;0.4008698364354162;221.5574694447069;-0.01768192332237959;0.06600635070353747;6.403544759750366;0.010922877164557577;0.160546875
631;4.860277218367045;1.0;0.24659165753105497;0.33982592988119437;327.06496229204976;-0.007625271193683147;0.032415303867310286;6.4112773656845095;0.011269482923671604;0.1638671875
632;5.57795810194476;1.0;0.2100349411745897;0.31441241181752005;274.57659833938453;-0.015367065090686083;0.018658257205970585;6.416474151611328;0.014236724388319999;0.2025390625
633;5.447477404920512;1.0;0.3223355702072594;0.4537838025423676;252.8625363959505;-0.008842274791095405;0.01994879962876439;6.418413925170898;0.010496800276450812;0.1517578125
634;4.692946613827391;1.0;0.19744133002238085;0.3042891178144878;439.3407166678063;-0.003954976052045822;0.025637019239366055;6.420413589477539;0.00863038661579291;0.11770833333333333
635;5.058821379065359;1.0;0.19958921803872684;0.2989036041706474;295.99526660371276;-0.01568507724441588;0.09540219232439995;6.420192575454712;0.012905655347276479;0.158203125
636;4.810395655358656;1.0;0.23737353971848765;0.35288218536210303;270.6349054284546;-0.0169426211155951;0.0423105857335031;6.421570062637329;0.008809703879524022;0.120703125
637;6.338140286524;1.0;0.2530903531624256;0.3512814311990985;287.67424816753106;-0.015370381530374289;0.015606603166088463;6.424133777618408;0.007943919918034226;0.10859375
638;2.8015260788786884;1.0;0.23850646837983627;0.35002641007261714;234.2687041804775;-0.011329085240140558;0.09076462090015411;6.425769257545471;0.01110637343954295;0.155859375
639;5.467835557277556;1.0;0.2249071000306158;0.3432482307055918;364.0735160838584;-0.01279129208996892;0.05303201451897621;6.424705266952515;0.014536074036732316;0.195703125
640;4.591762772183093;1.0;0.242052677448829;0.32914320681351084;319.763527668391;-0.00847006132826209;0.055662536434829234;6.424079346656799;0.010982412414159625;0.153515625
641;6.07610806034528;1.0;0.22335866949770683;0.34090328242524004;216.15547545160982;-0.010061335237696766;0.05397353731095791;6.41994309425354;0.009052402153611184;0.1267578125
642;3.4627287168183223;1.0;0.25004566975017883;0.36915772921651974;375.87357980477674;-0.008068396570160985;0.066400589607656;6.414704513549805;0.011030519963242114;0.152734375
643;4.732320091116586;1.0;0.24236361396136924;0.34237947241072014;252.06709553899375;-0.016027077054604887;0.046341738663613796;6.417934465408325;0.010840112343430519;0.165625
644;5.304331968891144;1.0;0.3043175286557174;0.45053651675903483;293.13395623772465;-0.008584161708131432;0.033378901239484546;6.418459153175354;0.010131980245932936;0.1396484375
645;4.909622435352275;1.0;0.23413248571823114;0.35355758815291183;379.3474479819498;-0.014052081480622291;0.052756055071949956;6.418513679504395;0.012279404187574982;0.1751953125
646;5.985691509286188;1.0;0.33161118601467837;0.5057534339376794;317.6150901543213;-0.004939544340595603;0.13839385118335484;6.421233081817627;0.010427536757197231;0.1482421875
647;4.716375308853422;1.0;0.30924083642621386;0.44823361674339707;303.28907440890225;-0.010727378074079752;0.07935684602707624;6.421391916275025;0.009911208390258252;0.1353515625
648;4.803187339676168;1.0;0.16233986344035964;0.229920348649098;337.58202251060635;-0.01327749085612595;0.05355974528938532;6.420506572723388;0.01519262584624812;0.21484375
649;5.879962498643926;1.0;0.3974225092327418;0.5846369788951733;267.41881476047786;-0.014126571547240018;0.09046746324747801;6.419785404205323;0.00857789492001757;0.120703125
650;6.376835342607594;1.0;0.36645609603911805;0.504933737468687;161.56941558234118;-0.011009063990786671;0.049131343327462676;6.419285583496094;0.014760323835071176;0.204296875
651;5.336939485297868;1.0;0.24513336357839485;0.3791616662576075;390.1666864162127;-0.01896264753304422;0.011118905385956168;6.414581537246704;0.011873238172847777;0.1720703125
652;6.586260012604149;1.0;0.33951013436281063;0.4601142088694783;180.35063576827255;-0.009984273789450526;0.03872962957248092;6.413650608062744;0.014147183322347701;0.19609375
653;5.544944030761647;1.0;0.22069131564308547;0.3202796448637937;245.33904671567396;-0.007746215048246086;0.017600806686095892;6.414432764053345;0.009836277237627655;0.1318359375
654;4.9609547411881065;1.0;0.1906544379360399;0.26159986480958847;384.0420665895305;-0.01874392689205706;0.14937360472977163;6.4129688262939455;0.008322492404840887;0.1169921875
655;6.149325876219963;1.0;0.27668156236709585;0.41374692193975415;237.3587871434712;-0.012517388304695487;0.11381083205342293;6.409937500953674;0.013321878528222442;0.1888671875
656;5.3039212615437386;1.0;0.28080442349233675;0.3808571130028158;271.8678138407562;-0.011493245977908373;0.0501662228256464;6.402912259101868;0.00985016655176878;0.139453125
657;5.989986291691263;1.0;0.26917388610348625;0.4186782339075761;321.92118802695654;-0.022085719276219606;0.06359145184978843;6.397841811180115;0.01409960440651048;0.19091796875
658;6.25354887841613;1.0;0.3011042644323554;0.4308876154387921;282.94673710706627;-0.0106339352671057;0.049254546780139206;6.395702600479126;0.013337294640950858;0.1919921875
659;6.195847635633259;1.0;0.2257456269927325;0.33296705907923835;245.5581924232176;-0.0035909424070268868;0.04161117146722972;6.397733569145203;0.008334200293757022;0.1115234375
660;5.284554258953699;1.0;0.2701460899052554;0.41151526600639754;261.26041378063405;-0.0037346762139350174;0.05996770318597555;6.400434350967407;0.011605549254454672;0.165625
661;3.7539740237632793;1.0;0.21668959051905853;0.3237111448041166;292.29848579381644;-0.009765328513458372;0.11778749935328961;6.402541828155518;0.008608783583622426;0.1177734375
662;5.2146922560989015;1.0;0.23433920644309564;0.3669327445060429;404.7670348249978;-0.002497888170182705;0.025364879122935235;6.400835752487183;0.011263431690167636;0.16953125
663;5.258796355305367;1.0;0.28044211397796787;0.41906305450043685;262.0528638498745;-0.011328261345624924;0.06016857568174601;6.400214695930481;0.012401602894533426;0.1796875
664;6.338304849097562;1.0;0.2750250518361906;0.42790018247750894;219.3908464641208;0.008164355531334877;0.04364181266954312;6.399464277120737;0.013700300003760137;0.17938701923076922
665;6.730265597920657;1.0;0.19957847068657072;0.2900913735193337;289.3714305396631;-0.010997324017807841;0.04461839562281966;6.399888491630554;0.01281860270537436;0.1857421875
666;5.7631945830485725;1.0;0.3720707616571807;0.5646703008099798;309.83325838390556;-0.01460739253088832;0.03889865893870592;6.398857736587525;0.011624020640738308;0.16015625
667;4.754825749765949;1.0;0.29312784612521464;0.44745245813521733;356.778145149322;-0.0055968765635043384;0.03993743089959025;6.400687408447266;0.013905725965742022;0.196875
668;6.052151959368036;1.0;0.32477505468592804;0.5073517122920397;215.48693379366244;-0.011037669517099858;0.07052670922130347;6.405016231536865;0.00871575583005324;0.1189453125
669;5.526610774612186;1.0;0.21627412650460573;0.3152347537173311;303.42156338253517;-0.0036589558701962234;0.028321655141189693;6.404354929924011;0.009245413856115192;0.1349609375
670;6.694004673194268;1.0;0.24122808844521593;0.3795833006794937;209.3879000170008;-0.0025865855161100624;0.023285520169883965;6.406208872795105;0.012071327236481012;0.16171875
671;6.636826031991266;1.0;0.3424535422217098;0.47096655416418337;137.50799755922824;-0.014422193681821228;0.0802735596895218;6.409731006622314;0.016108716698363425;0.1896484375
672;6.333817456138169;1.0;0.24447225691893848;0.36740268758000627;238.24422869402778;-0.01490994025953114;0.07206096854060888;6.406259822845459;0.011922370363026857;0.16640625
673;4.827359100422162;1.0;0.2575837300220034;0.3944433983211343;200.13111511418273;-0.015035957843065263;0.048845774959772825;6.399180555343628;0.013729811005759984;0.1998046875
674;6.34666732702723;1.0;0.3247813721942729;0.4791370354171774;283.5702661373947;-0.006260208797175437;0.0377782944124192;6.398665452003479;0.013804882718250155;0.1919921875
675;3.981839960195883;1.0;0.22192995255750983;0.34907499753930293;249.18299732960637;-0.021912663849070667;0.0068266262300312516;6.4000845670700075;0.011202626628801227;0.159375
676;4.49379764426453;1.0;0.3047555247444947;0.45381321829408094;182.86313076926203;-0.0066218339838087555;0.036877065990120174;6.402060604095459;0.012853037740569562;0.1900390625
677;5.801287253286537;1.0;0.3057088362365912;0.43066953415944476;260.847073509887;-0.011600384744815529;0.024012809991836546;6.40259861946106;0.008537760330364108;0.1265625
678;4.305500405772067;1.0;0.18794721153706326;0.3013851546990858;389.2881416344488;-0.014304237579926849;0.09110552817583084;6.401666879653931;0.010292696626856923;0.137890625
679;6.759681971208706;1.0;0.24338942570085634;0.3823912418697565;228.4550303535369;-0.010710762871894985;0.08150655478239059;6.395974111557007;0.00967932289931923;0.1408203125
680;6.085983338175206;1.0;0.21791355035308912;0.3288613435733284;290.3131012118125;-0.013239443162456154;0.09570781737565995;6.396033000946045;0.013654232735279947;0.1869140625
681;6.251946970985548;1.0;0.3186281487584302;0.4384445509309746;171.18006757323812;-0.006416299846023321;0.0258757755625993;6.400094318389892;0.01003453895682469;0.14140625
682;6.429272760654366;1.0;0.34198568178100786;0.4756970199488984;145.350879581904;-0.013787283003330231;0.026111891213804483;6.398645567893982;0.012431769794784487;0.1755859375
683;6.1923340754846565;1.0;0.3664107434449529;0.5229030881959975;177.1548304018625;-0.008139982679858803;0.0490674328058958;6.39627206325531;0.00959776968229562;0.1322265625
684;4.510973605100333;1.0;0.21109526308348903;0.31547885255342967;265.0611809231953;-0.011255866754800082;0.09179834835231304;6.3960155010223385;0.010188548930455;0.1544921875
685;5.304033632910503;1.0;0.33141102306974907;0.49509847532699514;388.4734401660881;-0.009477486740797758;0.03255091328173876;6.398773336410523;0.009586332354228944;0.133203125
686;6.16664263045643;1.0;0.36747599797883806;0.5257898887463618;112.90613807967827;-0.011914890818297863;0.05877004796639085;6.399968004226684;0.007483039947692305;0.1021484375
687;3.8803116706681977;1.0;0.34780383575533114;0.5096831288351333;256.2823315923587;-0.011329338047653436;0.08259136062115431;6.3996443271636965;0.01035259421914816;0.1578125
688;4.780704904767013;1.0;0.26873763438405446;0.40450324440542956;355.30515606250435;-0.015106238378211855;0.029415534855797888;6.395957326889038;0.009726143372245134;0.1412109375
689;5.234476156291624;1.0;0.18622005046679582;0.2721405630436747;371.0807131689994;-0.01188212027773261;0.042795998184010385;6.399493336677551;0.012136905849911273;0.1693359375
690;2.1395818470314563;1.0;0.24302693407265463;0.3499005121945064;268.06499409934975;-0.006743248552083969;0.04805816188454628;6.4008948564529415;0.012643797777127475;0.1771484375
691;5.251247094885133;1.0;0.32126555094400894;0.4338653196015892;286.55307769303244;-0.005704506230540573;0.05534423170611262;6.400033092498779;0.009630036749877035;0.13125
692;5.38488132393347;1.0;0.2763484505742946;0.40609545923783247;341.7062356273605;-0.013863434875383973;0.04081534841097891;6.400947880744934;0.010938116465695202;0.1583984375
693;5.491736400596557;1.0;0.2578959842677412;0.35869847063257476;188.8983268032843;-0.004521754430606961;0.011379810469225048;6.406097340583801;0.007881342736072838;0.10625
694;5.8097511748525905;1.0;0.31141618731391835;0.4744149507146887;377.54707862430206;-0.022185118740890176;0.08692599423229694;6.4053056001663204;0.014114513690583409;0.1951171875
695;6.513829446733686;1.0;0.3779750884804224;0.5227754479237265;119.21384262294747;-0.02083130395039916;0.07005505934357643;6.41198947429657;0.01487631832715124;0.1984375
696;6.0373406124837885;1.0;0.38159497158362965;0.5647888863807382;197.3457729083357;-0.006760793423745781;0.02991199875250459;6.420826053619384;0.01262690438888967;0.1794921875
697;4.495858668249727;1.0;0.24371055367744004;0.3296446236214141;232.78247597878462;-0.009949514456093312;0.0601857976987958;6.421829867362976;0.009900562523398548;0.1361328125
698;5.654884326626366;1.0;0.2631540734399624;0.3840160703598012;249.56598642843792;-0.013065477972850204;0.025220101606100796;6.423142266273499;0.009753670031204819;0.141796875
699;6.305426048497024;1.0;0.27124131180321515;0.4167291231265506;221.4868625158121;-0.0038771758787333964;0.049687492288649084;6.419887065887451;0.010547917266376317;0.1501953125
700;6.019425002032657;1.0;0.27771801801521107;0.44041557567197875;239.6388661204772;-0.010125334654003382;0.09283383525907993;6.411558485031128;0.010736967087723315;0.1482421875
701;4.740039240817065;1.0;0.23215625093487868;0.3419925051699516;293.02646810346346;-0.009584058122709394;0.03709222637116909;6.4040403127670285;0.010593909746967256;0.1453125
702;6.1270759076047785;1.0;0.3371378111392963;0.4881921482106929;268.82189020325507;-0.011369291157461704;0.0458617418538779;6.398790550231934;0.013808633049484343;0.188671875
703;5.142193927054176;1.0;0.2788794457504491;0.42413974077533334;467.7735655934844;-0.006806515716016292;0.047159853484481574;6.398338723182678;0.013187437842134386;0.1939453125
704;5.376236051181526;1.0;0.26544779782064576;0.38278330774432656;222.82830401810526;-0.016682247817516326;0.061390698235481975;6.404128861427307;0.007229343696963042;0.097265625
705;6.844905645760594;1.0;0.3029814902929258;0.45760396147109633;219.8473641593158;-0.011712498916313051;0.028526795376092196;6.410427045822144;0.01361501864157617;0.1916015625
706;5.115324029950703;1.0;0.22838701937170208;0.3562245460759977;266.70201623695465;-0.002465527132153511;0.02720832065679133;6.412854957580566;0.011566601030062884;0.148828125
707;6.192474199887135;1.0;0.37103533740279504;0.5505407113580286;107.90991133282475;-0.018846349488012493;0.030792077630758287;6.409688949584961;0.008035929803736509;0.1005859375
708;3.5168165586576654;1.0;0.3137038912772939;0.4704251314817076;293.1525630968361;-0.007784031610935926;0.06490882439538836;6.404186105728149;0.010895535699091852;0.1447265625
709;5.354347072020488;1.0;0.21066614551627655;0.32448511292531235;249.9952970930801;-0.015040826378390193;0.027987830340862274;6.404492425918579;0.012646285770460963;0.1853515625
710;4.707620249188906;1.0;0.31693579467024935;0.4330120437712742;296.31937199483156;-0.009384998632594944;0.03389750560745597;6.3971425771713255;0.012999706901609898;0.168359375
711;6.038807983223958;1.0;0.38305295855318156;0.5650903736242294;176.78734281583274;-0.012733162357471883;0.02436395240947604;6.387559604644776;0.012746227311436088;0.1751953125
712;6.2251357181564675;1.0;0.3834355565015414;0.5577320079004111;126.85358786791295;-0.005682593234814704;0.013582668965682387;6.386901640892029;0.009908649732824414;0.140234375
713;5.465628795455555;1.0;0.1943915154002089;0.30997479331884786;284.04536610902915;-0.019616996962577106;0.049880170822143556;6.392507934570313;0.012758322816807777;0.186328125
714;4.264342480991219;1.0;0.3260709675468157;0.49526523335722894;337.20085579552796;-0.011503274156711995;0.0165472068823874;6.39217517375946;0.009904864919371903;0.1267578125
715;6.355227920005412;1.0;0.3056372199624369;0.4766613889676203;153.87935662774288;-0.022482191515155136;0.015211404813453556;6.391070294380188;0.013815024122595786;0.1990234375
716;6.33994394727841;1.0;0.2786949758076234;0.42855002204631043;164.87502728673005;-0.014822376053780317;0.11079881610348821;6.390911340713501;0.011884998239111155;0.16015625
717;5.634469710855133;1.0;0.2923664971086577;0.4502512826172679;441.8034333956246;-0.012305307062342763;0.02700016275048256;6.389219784736634;0.008496339083649218;0.1240234375
718;6.0475605879807794;1.0;0.3736191343302324;0.5403075536732674;212.0172589406965;-0.019750561309047045;0.0847149034962058;6.390616106986999;0.006641871493775398;0.0890625
719;5.72200427593895;1.0;0.27793097679593515;0.42176768789936975;316.8595902044916;-0.014879456395283342;0.06837089229375123;6.387806820869446;0.013089596224017442;0.18125
720;4.945100286076751;1.0;0.2626787218324611;0.3949790196131358;489.9130509459008;-0.008968518022447825;0.025448696641251444;6.384125304222107;0.013067804300226271;0.1875
721;5.138028406840691;1.0;0.3738808365288181;0.4987029707823421;153.92315605068146;-0.007715474348515272;0.05788345187902451;6.378326869010925;0.009783793042879551;0.1373046875
722;5.714332552691492;1.0;0.3373482557299548;0.48274268248562696;304.459872131506;-0.01627277131192386;0.04415644099935889;6.3736443519592285;0.008692768309265375;0.12109375
723;4.90625422619062;1.0;0.29382615964751546;0.4342323397542747;322.94338890943555;-0.00600252477452159;0.07630563881248235;6.366397213935852;0.00954238249687478;0.119921875
724;3.3983301084822646;1.0;0.279462882991514;0.3858951220178084;319.28299598272326;-0.007089374493807555;0.027215432561933994;6.358648180961609;0.011050034267827868;0.158984375
725;6.756307735723345;1.0;0.3828848232340942;0.5057702562169157;152.9956588015518;-0.01454302342608571;0.023288602754473687;6.360829305648804;0.012875318375881762;0.183984375
726;5.821806332485327;1.0;0.3093919503028554;0.47452086479059974;406.7844939101684;-0.006713838595896959;0.04502447694540024;6.363433837890625;0.0141969860997051;0.18984375
727;6.139839281227982;1.0;0.39093510889491745;0.5472710949673856;264.32169657375994;-0.019938469212502242;0.08526086201891303;6.360687255859375;0.009925858268979936;0.137109375
728;5.996165688511563;1.0;0.3216048583107377;0.5040651233383886;259.193037649715;-0.019308419754871957;0.03865392993275936;6.356065199925349;0.011500403804417986;0.12530048076923078
729;6.3366398445552665;1.0;0.26310621761935815;0.4196692896492324;245.088804747006;-0.011921877041459084;0.03516336977481842;6.3525773048400875;0.01276456278283149;0.173046875
730;1.4964429421155567;1.0;0.31409439770489106;0.4563637317972437;428.179481336208;-0.006314483378082514;0.05197681724093854;6.35760269165039;0.010486894054338336;0.144140625
731;-5.061890210176151;0.0;0.0;0.0;947.5523938801523;-0.006348156882449984;0.025147138023748995;6.357192850112915;0.011268849181942642;0.16015625
732;5.991861644244744;1.0;0.31323572047097503;0.4800309765978955;243.70235542007532;-0.015474152378737926;0.02169722765684128;6.354584646224976;0.00975148738361895;0.137890625
733;6.664745769124788;1.0;0.2732257728854426;0.43296865331995854;261.9695260970489;-0.008697137422859668;0.02924770563840866;6.356276631355286;0.007025705731939525;0.0994140625
734;3.5739331429500996;1.0;0.362697634141912;0.5047784591579555;163.62540602072374;-0.012445821799337864;0.015560993738472462;6.361514639854431;0.0094297700910829;0.132421875
735;6.0537262462305765;1.0;0.28028143489364693;0.4419895804132931;404.5893865718051;-0.015764367673546074;0.06438444256782531;6.369011569023132;0.010931907081976533;0.1583984375
736;-4.74605241362633;0.0;0.0;0.0;1021.8624853414544;-0.0013069683685898782;0.09158215187489986;6.377826809883118;0.01339620464714244;0.1724609375
737;-6.033049722790789;1.0;0.11042178494685832;0.18388441030869623;1326.5486990651073;-0.00811395775526762;0.008186857518739998;6.37852668762207;0.00898366131586954;0.1287109375
738;-0.952944353023311;1.0;0.09684105975675833;0.16568932019580182;715.5218721468415;-0.006737569626420736;0.03942624935880303;6.382266473770142;0.010271392413415015;0.1388671875
739;5.914246088607675;1.0;0.3764809779795172;0.5406868162566321;226.37710390724183;-0.01082898718304932;0.06554739456623793;6.385344290733338;0.012173991615418345;0.1697265625
740;6.476392874242064;1.0;0.3218582758883315;0.4497491658347271;319.488293088891;-0.004447553865611553;0.12111712470650673;6.380489945411682;0.008056167187169195;0.1173828125
741;6.1624613267064925;1.0;0.3016109115896008;0.4470868865838544;276.6957851118835;-0.011435408960096538;0.07896748632192611;6.370482754707337;0.012200462643522769;0.1693359375
742;6.4567874091851385;1.0;0.30781885796264796;0.4746810327884149;312.447058060991;-0.014026062609627844;0.01886861170642078;6.365503668785095;0.00993097642203793;0.1455078125
743;6.528318547153765;1.0;0.27723748017704825;0.4384640234514109;247.19302040675836;-0.012329278327524663;0.0039293397916480895;6.357856702804566;0.0070265189395286145;0.099609375
744;3.1415047859720104;1.0;0.36305671438819276;0.530606118161668;264.76325140384614;-0.0146346649620682;0.00776281557045877;6.358848977088928;0.009967166336718947;0.1408203125
745;6.552638783444337;1.0;0.386234250444461;0.571940363570332;160.75058556229496;-0.004139535361900926;0.08063948564231396;6.365794992446899;0.00927942480193451;0.1353515625
746;6.698809464516021;1.0;0.21690858990186007;0.3406030360534451;243.45121779512917;-0.014982588309794664;0.17120857313275337;6.371021962165832;0.01167654754826799;0.1689453125
747;2.655718008894329;1.0;0.1652327953122939;0.22598299166382932;391.52304470124824;-0.013516308250837028;0.013933796482160688;6.373079252243042;0.01168073753360659;0.161328125
748;5.9014942120526035;1.0;0.31600844205808487;0.491894829263943;363.1665589186949;-0.011597724701277911;0.009502608911134303;6.374292373657227;0.010086931742262096;0.1431640625
749;6.485368561592362;1.0;0.43608373573866877;0.5723918342789904;104.88772982717404;0.0022679563146084545;0.050812485394999385;6.378496193885804;0.008359301392920316;0.1171875
750;3.1185323752264646;1.0;0.3058823528172557;0.4457800430247679;249.6062327707824;-0.016172081977128983;0.06258603222668171;6.381209135055542;0.010847389476839452;0.148046875
751;6.26327252253054;1.0;0.34704945769684237;0.5246679687595773;175.09619380911067;-0.0069901823531836275;0.03614757307805121;6.381568908691406;0.009649789112154394;0.1296875
752;6.131076219537896;1.0;0.27772706375565215;0.42381487921051236;370.5903073074858;-0.006924114469438791;0.05717335594817996;6.378673481941223;0.01375495862448588;0.1841796875
753;6.056567682743925;1.0;0.3988514193723279;0.5976377422226431;211.12204224852803;-0.012077378388494254;0.03507540775462985;6.3785165309906;0.00989026486640796;0.1412109375
754;5.817052537642604;1.0;0.3678209866473552;0.5374920012657722;306.68437400197814;-0.030203867144882678;0.04039173172786832;6.3816513299942015;0.011420828080736101;0.161328125
755;6.600250471179757;1.0;0.32602945430164676;0.47561460321188553;192.20696121275742;-0.0072052889503538605;0.029898122046142818;6.386285710334778;0.009189561090897769;0.128125
756;6.551551602266349;1.0;0.39405816477372096;0.5795637893771275;107.37334522160016;-0.020681957807391883;0.042491968255490065;6.387522625923157;0.012489858211483806;0.162890625
757;6.232215750664174;1.0;0.3312192162177179;0.4843463995342981;263.13634977480467;-0.014439708506688475;0.04094120529480279;6.382947707176209;0.010507669113576413;0.1462890625
758;6.54761002762288;1.0;0.2675576878711774;0.4211916869740377;273.36989325024314;-0.01807071631774306;0.1456766277551651;6.379397177696228;0.011783536768052726;0.1673828125
759;4.435221651435558;1.0;0.21496593049624244;0.3100156962163864;346.0721805454087;-0.009755091834813356;0.04476581267081201;6.381132292747497;0.009256678749807179;0.134375
760;6.1809252950398506;1.0;0.3095121543457223;0.47787586009936545;416.4897901670916;-0.007991727441549301;0.008764350274577736;6.381905889511108;0.009648299589753152;0.12734375
761;3.244828136766234;1.0;0.3515730058863542;0.5033941752017538;305.6077250364557;-0.002954720566049218;0.03925196528434753;6.386681914329529;0.009665042487904429;0.1455078125
762;6.419498978692506;1.0;0.42708244848184074;0.6123882009698696;84.79524161667287;-0.008146244892850518;0.029038894083350898;6.393277740478515;0.0124801967991516;0.17421875
763;5.353223746676294;1.0;0.35851687745810973;0.5360252122097466;116.88007365536498;-0.009916621167212725;0.0115337033290416;6.400141167640686;0.010061893740203231;0.13125
764;3.86094238755562;1.0;0.1413954849981749;0.21905983610964566;383.68503368520146;-0.01353586632758379;0.03141287080943585;6.4046190023422245;0.009943573561031371;0.1408203125
765;4.013467720622092;1.0;0.36690130900931334;0.5454252316569708;326.0936532660969;-0.014169750222936272;0.05732352528721094;6.407723999023437;0.012697451934218406;0.1779296875
766;6.5961052310422446;1.0;0.34604488491933033;0.47405079506146236;174.5087345170088;-0.010361211001873016;0.030866138730198146;6.411323881149292;0.01381513524102047;0.1865234375
767;5.965435835924196;1.0;0.3958807208926489;0.4662096641839521;151.3233821406869;-0.02004822445451282;0.056626916863024235;6.407668888568878;0.01419300731504336;0.178466796875
768;6.339185098636864;1.0;0.42171429298629465;0.6258406792585735;110.5111849844622;-0.00407004626467824;0.014948052074760198;6.404680895805359;0.009621329407673329;0.1375
769;4.694414398645277;1.0;0.3560437051569269;0.5218836451549539;175.16944945624135;-0.011554885189980268;0.029707826394587755;6.407836604118347;0.008120441227219999;0.1087890625
770;6.321979732906294;1.0;0.40727845619998587;0.5896639756595962;125.24265124450702;-0.01377644034801051;0.05631809905171394;6.417029809951782;0.011289968981873243;0.163671875
771;6.051854607631685;1.0;0.31644206662724217;0.5008440463311006;415.5461733462755;-0.003509304765611887;0.08677347805351018;6.420837616920471;0.01047973205568269;0.1427734375
772;5.568838022150334;1.0;0.3185127652198693;0.5009674012892658;330.8997476226921;-0.018425990454852582;0.04740381510928273;6.423252892494202;0.01551161251263693;0.20859375
773;4.655715057357459;1.0;0.28500062374271334;0.36558527625106574;314.55195200334146;-0.012189978384412825;0.0063938356237486;6.4284264087677006;0.009462670283392071;0.1322265625
774;6.041548343255911;1.0;0.32292098706093414;0.504120217736656;355.15420056504934;-0.007601771759800613;0.07128032501786948;6.433905792236328;0.010484335490036755;0.165234375
775;4.518619474296756;1.0;0.31675919904027283;0.4892961092963283;218.54699430355922;-0.008166234940290451;0.04912891001440585;6.4276487827301025;0.014090959599707275;0.18359375
776;6.105831294921192;1.0;0.3298617768969495;0.5239835449529119;255.08759416066144;-0.015269352355971932;0.03992251818999648;6.429901218414306;0.010485944699030369;0.1365234375
777;6.377438927951825;1.0;0.30237067434159215;0.47295256143084363;209.43086894850165;-0.006960642477497459;0.023459002701565625;6.437663531303405;0.009213561890646815;0.1296875
778;5.924740473486808;1.0;0.3044172488158838;0.4887412791154215;250.4758567262342;-0.016223949659615756;0.05160766690969467;6.44294114112854;0.014753557392396033;0.2005859375
779;5.203653660007239;1.0;0.32216693692228304;0.5140846835237486;248.70452987193633;-0.012458103662356734;0.054010944440960884;6.443824934959411;0.010263264528475702;0.149609375
780;6.5297221212439505;1.0;0.28012430768557617;0.4588345473118909;189.51416803844356;-0.008038008026778698;0.08727542962878942;6.440104961395264;0.01175298896851018;0.1642578125
781;5.799051472345063;1.0;0.36965244680322157;0.5529615635926507;343.23701189692827;-0.011904214229434728;0.09076971895992755;6.436914300918579;0.012213540636003018;0.171875
782;4.5031678730137585;1.0;0.35638642502171075;0.5380108708380713;202.7289644567371;-0.009816246177069842;0.05803434457629919;6.430079483985901;0.010740302503108978;0.1591796875
783;6.26918795540714;1.0;0.403169210549427;0.6060940331392496;276.9857543045143;-0.01169475147034973;0.0430608888156712;6.431086421012878;0.009102099784649908;0.1302734375
784;6.102264974341194;1.0;0.39382999640074634;0.5740089310224559;245.0656184172721;-0.006354969460517168;0.08978994693607092;6.431322455406189;0.012473753176163883;0.1703125
785;5.983326778249138;1.0;0.3389367320479937;0.5313957791015421;356.6171793758977;-0.014114046818576753;0.0708737712353468;6.432446455955505;0.011841166962403804;0.165625
786;5.988607994068277;1.0;0.3768679586920187;0.5505302801630917;311.39745878424316;-0.014158096304163337;0.04085828429087997;6.4301841974258425;0.012847033923026174;0.1736328125
787;3.8142021005085787;1.0;0.3492772819961889;0.5122605263068393;365.20972769670675;-0.004572458879556507;0.06559689976274967;6.430048036575317;0.01233957811491564;0.16796875
788;5.807586994509148;1.0;0.2858775430055753;0.4387734394021204;317.29475782910373;-0.014563089469447732;0.048300513066351414;6.429876899719238;0.014953176910057663;0.1951171875
789;4.850508792341415;1.0;0.3585389551947548;0.556773398061432;332.8725588050745;-0.023243225272744895;0.05898073343560099;6.429000043869019;0.013304806221276522;0.1953125
790;2.6820146913539777;1.0;0.2220568216580496;0.3322036943947549;382.68743478191095;-0.009656626731157303;0.011343760509043932;6.432291626930237;0.008504016580991447;0.1267578125
791;5.78064397097813;1.0;0.3311427703373857;0.5140520356047641;386.3377443660849;-0.0098264514002949;0.07494558393955231;6.437444257736206;0.008934262371622027;0.1265625
792;4.072898451626758;1.0;0.1496977009737122;0.22229262569862454;352.45566118737116;-0.008887517359107732;0.11799297966063023;6.435194778442383;0.00922429837519303;0.13203125
793;5.317963753866406;1.0;0.22615549529410375;0.357680245235965;275.41542771841324;-0.006367329834029078;0.08808667166158557;6.432250547409057;0.009348858380690217;0.1361328125
794;4.012380547997668;1.0;0.17691670409157154;0.25759763246552847;369.28398505062734;-0.0025231265113689005;0.025767853204160928;6.431483864784241;0.00972342308377847;0.1470703125
795;4.394928877413655;1.0;0.21976294233990842;0.2834685082192747;300.6806325376575;-0.012529067834839225;0.05586689221672714;6.433948945999146;0.009087638999335467;0.1296875
796;4.712835564904046;1.0;0.27616130509253844;0.3937188453584969;303.3741078410038;-0.004739052522927523;0.04124024356715381;6.432008409500122;0.008966694737318903;0.12265625
797;2.1353834846662885;1.0;0.13571656014986974;0.1902118604032056;505.0097442128648;-0.011088744644075632;0.0830973455682397;6.432195091247559;0.010478919697925448;0.151171875
798;3.734617905383737;1.0;0.1647115388764997;0.2096781180822535;407.70884075816167;-0.01026833150535822;0.040766612906008956;6.431749296188355;0.012554993981029838;0.1814453125
799;4.505597357087511;1.0;0.24017338300453211;0.36120256825021263;402.2659513438366;-0.010776601230295805;0.07167120636082612;6.430949981396015;0.011410029139369726;0.14693509615384615
800;6.2865312554775485;1.0;0.33314633430079976;0.49796068301132385;375.12807973827006;-0.010973865166306496;0.03241729438304901;6.432617926597596;0.013632561080157757;0.1869140625
801;6.299761959136678;1.0;0.3517087626720377;0.5428328306563528;345.5776387053792;-0.008601280907168985;0.01907246058108285;6.4354493618011475;0.01306251682108268;0.18125
802;3.0733347285644195;1.0;0.27484630621848544;0.36958156244544393;265.1325312843979;-0.010913534043356776;0.04483580649830401;6.440700721740723;0.012238135829102248;0.183203125
803;4.925548665655529;1.0;0.24514861332738888;0.3194945224716323;283.8180963252742;-0.008018903224729002;0.02449582489207387;6.444093418121338;0.00881216002162546;0.1310546875
804;5.038233711896703;1.0;0.24833689510526336;0.3682298371352067;241.11881908679285;-0.011934291990473866;0.03056648443453014;6.439465832710266;0.010609799751546235;0.150390625
805;2.9815047489929274;1.0;0.17676334245497705;0.25506412038415033;411.9050596484382;-0.004765850258991122;0.05907140150666237;6.438007760047912;0.00877284713787958;0.116796875
806;6.4475287451744885;1.0;0.37317886422881835;0.4657969936387628;220.15197796132213;-0.0019398946315050125;0.06717381831258536;6.436553525924682;0.009218304394744336;0.118359375
807;6.0331501008814765;1.0;0.4187411873932978;0.6396118060235197;188.72159218461897;-0.0119428597856313;0.03726456789299846;6.434204959869385;0.007877993839792907;0.1080078125
808;5.507656576525812;1.0;0.37779128362533365;0.5718775610693029;303.1651921425284;-0.0072597751393914224;0.01954372392501682;6.427141118049621;0.01037664890754968;0.1517578125
809;6.235890125975143;1.0;0.3979554708848855;0.5947609451883423;138.00828096217057;-0.014087359514087438;0.019112256355583668;6.424525356292724;0.009581723785959183;0.1265625
810;0.9892411457973069;1.0;0.16851117082704342;0.25185261230542483;567.2961288396463;-0.004125503078103066;0.004385313706006855;6.426684403419495;0.010527064872439951;0.148046875
811;2.9117617048133626;1.0;0.34594881843613184;0.4498992365528892;286.85953065580657;-0.004416839801706374;0.02990175997838378;6.431272101402283;0.01106118162861094;0.1470703125
812;1.3122349084299003;1.0;0.31103806567702796;0.4435501140727741;245.08059216271133;-0.006101497495546937;0.0449995438568294;6.439236688613891;0.01081239728955552;0.154296875
813;6.020592607356622;1.0;0.3594338168892593;0.5071825500501823;301.76246119344853;-0.01100438516587019;0.016440505953505637;6.443609666824341;0.0061067529954016205;0.073046875
814;-2.4155067387890408;1.0;0.3416289620185296;0.46432141280113465;389.87131915104374;-0.010399165470153094;0.0356588242109865;6.443040609359741;0.007384473585989326;0.1037109375
815;5.9604129578772636;1.0;0.2954736827465172;0.4474419846623262;254.34212714189428;-0.007157999603077769;0.05849945899099111;6.44580569267273;0.011523554532323033;0.15546875
816;5.9244174009083075;1.0;0.384242395496776;0.5881517949924865;207.26564226646346;-0.008803636021912097;0.028567237593233586;6.4454806566238405;0.009782785049173981;0.13671875
817;5.982597338849049;1.0;0.39900831115102636;0.5932204379209358;185.36278792043407;-0.014773000823333859;0.005305923381820321;6.444040250778198;0.009204865980427713;0.13359375
818;3.2047251522231166;1.0;0.44579066304217857;0.6102477746361716;110.15921667928755;-0.014047942077741026;0.0059067950351163745;6.4447619915008545;0.01054673467297107;0.14453125
819;6.213456196827643;1.0;0.32708377712656495;0.43574469625441664;197.74838868014348;-0.012913753330940381;0.027885679388418794;6.446590614318848;0.010459809692110866;0.14609375
820;6.058671457855322;1.0;0.35783587085137647;0.5440614148288484;215.5463712598857;-0.014117022883147002;0.024821718875318765;6.450806927680969;0.013362493831664324;0.196484375
821;4.382453450809806;1.0;0.3369105217769091;0.4762131405215478;312.43987055828734;-0.011118799727410079;0.04909536074846983;6.455190801620484;0.011343589099124075;0.1533203125
822;3.157561292450439;1.0;0.28348585375040225;0.3858200784890307;232.23292027412276;-0.007162514980882407;0.04973447909578681;6.4531348705291744;0.011446355050429702;0.1568359375
823;2.8872809871684186;1.0;0.15244249403279536;0.2066855469586622;451.0696355840527;-0.00525845333468169;0.018529979279264808;6.452656579017639;0.011681852664332837;0.1697265625
824;5.569996043714884;1.0;0.4216106763189625;0.6209133154273886;244.55994727817904;-0.010381713882088662;0.03207572442479432;6.454297065734863;0.012566374067682773;0.1896484375
825;3.2640315605383003;1.0;0.15429818259448114;0.22657718683793332;398.5035135901629;-0.005030782870016992;0.034100037440657614;6.455842113494873;0.007781340321525931;0.108984375
826;-0.3261166765184198;1.0;0.19655830880641234;0.27236210965380686;316.6449746133087;-0.004156403802335262;0.03118498083204031;6.448109531402588;0.010078946640715004;0.14375
827;5.725612745408515;1.0;0.3838869218059645;0.5462811024709481;294.9001256742864;-0.012037455011159182;0.019290710194036366;6.443313193321228;0.011875266476999968;0.156640625
828;6.4011852437570145;1.0;0.25700663177563515;0.36536237841360203;279.67217564374096;-0.0022567568346858026;0.019259295612573623;6.446403622627258;0.014866058714687824;0.2091796875
829;5.178800120257439;1.0;0.2339991336390404;0.34647400742812307;340.14772078938717;-0.010015963413752615;0.05911768730729818;6.445123791694641;0.01113341333111748;0.1611328125
830;0.8570632648080041;1.0;0.22500066668041557;0.30127389645458097;404.7625418160711;-0.00998927946202457;0.01497036952059716;6.444862651824951;0.009219493414275349;0.13046875
831;6.039777749172682;1.0;0.39161082149538295;0.5795975419128466;256.98757932706076;-0.009552627662196755;0.006792496726848185;6.4391775846481325;0.010965413157828152;0.1609375
832;5.6333904830319765;1.0;0.3747153751526959;0.56634288469654;179.54167715537048;-0.011266671330668032;0.020176388323307037;6.438402795791626;0.010408840177115053;0.133984375
833;5.780429047495319;1.0;0.4154498441243799;0.6056432512092342;215.68583680073309;-0.021855566743761302;0.04553063027560711;6.440015959739685;0.007502171082887798;0.099609375
834;4.519306704042133;1.0;0.3951132771315714;0.5778846137588434;325.6965939258286;0.0010000712238252163;0.020185301010496915;6.439099740982056;0.012975580559577793;0.1787109375
835;4.248432096400899;1.0;0.40346500969104854;0.4982928116111258;159.24093489457547;-0.00942097520455718;0.04615715406835079;6.433620405197144;0.009482955152634531;0.1333984375
836;6.059935692815967;1.0;0.34831151021276957;0.5155432502538966;130.04821546445177;-0.013592843490187079;0.02186574824154377;6.426083445549011;0.011823832779191435;0.1626953125
837;6.323956135286197;1.0;0.44470869995955975;0.6219075817597282;105.19269282827617;-0.009587843483313919;0.03493531087879091;6.424581718444824;0.011745872732717544;0.1619140625
838;6.437945970416895;1.0;0.33971708303575443;0.4739678660972882;248.7889981988031;-0.010372423240914941;0.033113490836694834;6.426357245445251;0.010256056964863092;0.1515625
839;6.319860414979394;1.0;0.3538979366107961;0.5212282101281317;298.14125293227545;-0.01369517669081688;0.004216612875461578;6.426034092903137;0.009684825700242072;0.13671875
840;6.3152918074507545;1.0;0.2838420795990346;0.3821933480301308;243.0828033911767;-0.013574028108268976;0.005015130445826799;6.431074118614196;0.011644018650986254;0.1630859375
841;6.0415882743065765;1.0;0.23533041848860795;0.3408034240530483;236.84757565497338;-0.015209750458598136;0.028660643473267557;6.428769850730896;0.012697855196893214;0.1724609375
842;3.4284040707938237;1.0;0.14473921645546922;0.2185862599877643;364.98528731564375;-0.004688626279433569;0.031767233895758785;6.429747295379639;0.010920865073179206;0.15494791666666666
843;5.336136440004074;1.0;0.37501364743658605;0.5414551919041047;363.8221138596946;-0.011614220030605794;0.01786219426430762;6.427439594268799;0.012184173753485083;0.169140625
844;6.212619905796545;1.0;0.3270288480658298;0.5053916834822068;242.1078577848039;-0.00983980695406596;0.024047267685333888;6.424061393737793;0.013300221879035234;0.17317708333333334
845;6.165008669119343;1.0;0.3500649527009648;0.5349539711647251;246.24991808378545;-0.0026322219831248126;0.028906570540534124;6.425024138556586;0.012648779329740338;0.1636284722222222
846;6.300929269904432;1.0;0.2860589511624865;0.4428018620003354;231.6317509039248;-0.014771091658622027;0.045402124617248775;6.427999520301819;0.015705209376756103;0.213671875
847;6.552947479357513;1.0;0.37473875677835466;0.4854661194736795;185.3352551782956;-0.014369818149134517;0.041043360345065595;6.432174944877625;0.0121224767412059;0.16171875
848;5.914160077521011;1.0;0.28655831753034233;0.39742802182189174;266.2415678711808;-0.020055123534984887;0.0061174802714958785;6.431827974319458;0.010642750840634107;0.1541015625
849;6.324497765676766;1.0;0.27411911199797023;0.4247557479843381;198.89897034892155;-0.005552537320181727;0.020265743834897876;6.432018876075745;0.0101444476749748;0.148046875
850;5.298293960260878;1.0;0.2968527769647209;0.4461565047099672;186.88260046558733;-0.00960879884660244;0.017794968094676733;6.436238193511963;0.008781792561057955;0.1240234375
851;6.221832788727424;1.0;0.371253114563866;0.5150078938527558;281.511208529606;-0.015199878485873342;0.056587686855345966;6.443390274047852;0.010421632591169327;0.1453125
852;6.814463147519534;1.0;0.3082086748504895;0.47640638163575255;191.0552583817899;-0.005691476818174124;0.023190600518137216;6.446729469299316;0.009733786771539599;0.1369140625
853;6.499082159466866;1.0;0.35788374113556415;0.4759540122478954;223.98965533072823;-0.016200430458411574;0.022613279009237885;6.449745869636535;0.01065537171671167;0.14296875
854;5.4337790895215665;1.0;0.44058696002547537;0.6397537375961918;210.9084207160195;-0.009344595670700073;0.02940064463764429;6.448626327514648;0.010374953399877995;0.155859375
855;3.8859651985268386;1.0;0.31048914629686775;0.3992163930123963;206.1216511467575;-0.006227951613254845;0.051392871979624034;6.455599331855774;0.012749904091469944;0.1771484375
856;6.159402879445756;1.0;0.29937034509313265;0.45017072810949765;245.51632351270527;-0.0021915609017014504;0.05463296137750149;6.4644187688827515;0.011491702788043767;0.1705078125
857;5.866645116811017;1.0;0.29854395078221024;0.41335880506383604;260.99445261131774;-0.01249590772204101;0.02645855601876974;6.466732716560363;0.012476950115524233;0.1783203125
858;5.770690930244668;1.0;0.43930214249481203;0.6490079170821034;229.68987243369804;-0.014441004826221616;0.03591052368283272;6.466580533981324;0.00690483161015436;0.0884765625
859;6.017334691586081;1.0;0.3003435561920384;0.42323797216368575;332.91665639988673;-0.015072090132161976;0.011084917071275412;6.459615635871887;0.0074752376531250775;0.1041015625
860;4.254603647218884;1.0;0.36572733169553784;0.5385625557104802;235.92296387767692;-0.01285102148540318;0.037099631316959855;6.4614601850509645;0.009945862588938325;0.139453125
861;3.8321827968176523;1.0;0.16016657642472146;0.22284468154226172;361.5336730264021;-0.00929601350799203;0.03715387545526028;6.460999250411987;0.010627758258488029;0.1505859375
862;6.321696428758709;1.0;0.3246176095856918;0.3799971655519514;201.99042362739627;-0.00770854027941823;0.04208144461736083;6.461837387084961;0.011241439345758409;0.1580078125
863;6.5082049141070835;1.0;0.35993279931436867;0.47665427773807933;193.89425230813;-0.017425677133724095;0.006091919261962175;6.460786533355713;0.013418350380379706;0.1966796875
864;5.0614972745248545;1.0;0.41844296759556376;0.5966422362604288;272.5815555014879;-0.020760719059035183;0.008200738835148514;6.468255925178528;0.011230196105316281;0.1630859375
865;5.906552851876535;1.0;0.41045589582391917;0.5878100799058362;262.67265843009574;-0.00903896577656269;0.06617373917251826;6.47672860622406;0.011354286223649979;0.1568359375
866;5.919392540926115;1.0;0.40897406044183465;0.5772400459369263;149.91316729391897;-0.00583065184764564;0.05476328618824482;6.480523133277893;0.013035548420157283;0.1583984375
867;1.9147828145915167;1.0;0.4341273744605896;0.5925914431358151;241.20564518768774;-0.007986257784068584;0.019641035376116632;6.47895393371582;0.011190325720235705;0.1509765625
868;5.71346354699405;1.0;0.3195689646579051;0.47877231167521317;412.16570280991675;-0.01428336682729423;0.03651106394827366;6.483237075805664;0.010812917328439652;0.1490234375
869;4.585288744005207;1.0;0.21846779368985;0.32843463391017197;332.32194789046764;-0.012979796342551708;0.030189158208668233;6.4869708776473995;0.013638844876550139;0.1826171875
870;5.60400035405149;1.0;0.38075405884652874;0.5451135175795392;162.942569519712;-0.006558462232351303;0.030599622614681722;6.494607853889465;0.014454002538695932;0.1953125
871;6.23006896511259;1.0;0.35279685505521485;0.4961103391643646;211.22059839196388;-0.004475301736965776;0.028458565240725875;6.500852513313293;0.0098068987717852;0.1466796875
872;5.4977079672638975;1.0;0.36385656130346544;0.5269177737450903;153.3451207470029;-0.013699484722954887;0.11470804736018181;6.499527420316424;0.014632375877616661;0.19112723214285715
873;5.400273712596756;1.0;0.3982295774648098;0.5831522853899501;244.8361627587959;-0.007317159278318286;0.005978632532060146;6.492562532424927;0.008545466559007764;0.124609375
874;6.360379839150665;1.0;0.3809231507956403;0.5537493237863522;220.70285826915173;-0.010335004655644298;0.027648908086121082;6.485066175460815;0.00876787215238437;0.13125
875;4.877779320355457;1.0;0.2873238271253556;0.41559495836933513;239.02154122005524;-0.002652976009994745;0.03376490040682256;6.4832968473434445;0.012394398031756283;0.1759765625
876;5.831166356267369;1.0;0.3076940973953428;0.461723741781647;258.15459377374157;-0.012739782372955233;0.022925086366012693;6.4848449468612674;0.013380277657415719;0.1958984375
877;4.372143717154172;1.0;0.15704326412090536;0.2141835889215339;422.5823682063344;-0.014504196401685477;0.00797765499446541;6.48709626197815;0.011334575118962676;0.1642578125
878;5.791854732344644;1.0;0.4409448819789953;0.5503982980685803;150.58180955384827;-0.010012613236904144;0.024983617221005262;6.491077661514282;0.01193392208078876;0.156640625
879;4.2379407658905555;1.0;0.176993310723593;0.26019555890077384;388.3061938693188;-0.011451742239296436;0.08193031307309866;6.489537239074707;0.0104546440532431;0.1408203125
880;5.613063640630333;1.0;0.39591563482570535;0.582541844601834;309.42782091546735;-0.023208896443247796;0.028877982404083014;6.487681150436401;0.010514484951272607;0.155859375
881;2.8418226567227247;1.0;0.1826983605682575;0.2599534858610867;452.7502211737911;-0.011103382695000618;0.03904735734686256;6.490423631668091;0.008946156478486955;0.1265625
882;3.9690616712950963;1.0;0.21415860630445693;0.30071342242861787;444.02279923888034;-0.012750930059701205;0.04796223137527704;6.489600801467896;0.010882608441170305;0.1453125
883;4.773040906088017;1.0;0.2688398058439326;0.39593247739634657;277.7187711286121;-0.01868416687939316;0.02479769163765013;6.484710359573365;0.011383512476459145;0.1634765625
884;4.425082460386956;1.0;0.30922709067397863;0.44799328236590175;400.00401854978713;-0.0166563062928617;0.04259972330182791;6.486162853240967;0.011321098473854364;0.1525390625
885;4.048073232148673;1.0;0.3918244160564431;0.5487936907736407;355.6930083488999;-0.011107733589597046;0.04528902340680361;6.481398224830627;0.011135493742767722;0.153125
886;0.33967850588987814;1.0;0.24818373613210615;0.3692559495559141;284.08035903014456;-0.007085410971194505;0.017286360356956722;6.472893691062927;0.01028427160345018;0.1263671875
887;4.428458285923794;1.0;0.2319216441666866;0.33173871598762056;380.0676623821185;-0.004782055597752332;0.044401860469952224;6.469236135482788;0.009110136353410781;0.124609375
888;4.980537694899043;1.0;0.3480405248499971;0.5019966813854422;391.4619839283757;-0.011937422276241704;0.03159141689538956;6.463435792922974;0.009555936849210411;0.1357421875
889;2.5750262203122087;1.0;0.3009587240697007;0.4214033671023835;479.6447816909389;-0.007350974483415484;0.04339174060150981;6.464123034477234;0.014667982805985958;0.2087890625
890;3.612769039187091;1.0;0.14440270206807748;0.22237144530651357;498.42306201152263;-0.020921617420390247;0.03285712115466595;6.462618947029114;0.009507700928952544;0.1265625
891;6.19149794243645;1.0;0.40641694408517515;0.5770832388522718;220.69223266559848;-0.011867355834692717;0.03234210340306163;6.463836431503296;0.010200700373388827;0.1380859375
892;6.0692308013599545;1.0;0.35849596463500283;0.4928587110274099;127.7335478018553;-0.015613487362861634;0.046566410642117265;6.46557126045227;0.01323009020416066;0.168359375
893;6.422622522605096;1.0;0.30264751276618623;0.4159391481082457;227.65989808067013;-0.006610702350735664;0.0355888613499701;6.470516800880432;0.012960726546589285;0.1876953125
894;6.283031437370118;1.0;0.3925706251727773;0.5233886509759476;191.05100270437853;-0.002437580726109445;0.021899272315204145;6.470996880531311;0.009002743102610112;0.128125
895;6.339479879749624;1.0;0.42684152313409157;0.5511026578227944;208.8780581290782;-0.0019298672559671104;0.05285697625949979;6.468190145492554;0.011210961895994843;0.140234375
896;6.184025212673117;1.0;0.34770596321590685;0.5202739472473803;189.98266002311337;-0.018026800038149722;0.04614471171337824;6.471202006706824;0.011164008765123211;0.15474759615384615
897;4.658359148769504;1.0;0.27026100734440067;0.40042380760548324;342.8989531811396;-0.014194933325052261;0.03576177237555385;6.473265218734741;0.01448317338945344;0.194140625
898;6.028006940744897;1.0;0.31856201734503997;0.41995799606288076;190.65897774185203;-0.012517081433907151;0.006774147879332304;6.473444604873658;0.009308442170731724;0.12578125
899;2.9507074543749545;1.0;0.42448324700375195;0.5405560999623973;135.85452579308125;-0.012565421033650636;0.05308872712776065;6.47938027381897;0.01193413931177929;0.1568359375
900;6.078333122040117;1.0;0.3759578480014391;0.5428421317763892;211.12245360894823;-0.01232064701616764;0.06455330699682235;6.488631343841552;0.01397741463733837;0.172265625
901;3.6781130760544407;1.0;0.1822087254559602;0.21957818453142905;404.1165968245191;-0.007733289571478963;0.041026481240987775;6.488540863990783;0.013073000963777304;0.178515625
902;6.061740956515896;1.0;0.40658511529878044;0.5553677531657418;191.83963910858535;-0.010045375116169453;0.051594792678952214;6.491563105583191;0.01109891248634085;0.1455078125
903;6.1092095215341775;1.0;0.30669666529289874;0.4609432721115535;305.20004327150383;-0.010410947888158262;0.016377985849976538;6.491974472999573;0.009321410104166716;0.1333984375
904;6.083009175328067;1.0;0.4480483306356001;0.6145806731360822;109.56164308963504;-0.002007990889251232;0.037790013710036874;6.494043898582459;0.007623584195971489;0.099609375
905;5.821003407915602;1.0;0.30865320796080187;0.46398650412161413;163.7709266778988;-0.004830172797665;0.011129535129293799;6.494568252563477;0.010467222949955612;0.1501953125
906;4.202781828946276;1.0;0.22275368933294407;0.3212267902228521;450.81952841462436;-0.017553338035941123;0.04186600735411048;6.498209261894226;0.009895578620489686;0.1373046875
907;6.122421479778328;1.0;0.37132479327671497;0.5528764069593205;220.7139926866243;-0.01543011146131903;0.02964162374846637;6.504053783416748;0.010246235609520227;0.1392578125
908;4.9939703609341395;1.0;0.35596720223178036;0.5012259049700742;165.5751427143666;-0.012856548326089979;0.07928323205560446;6.509717869758606;0.010813331755343825;0.155078125
909;3.2920974769157714;1.0;0.2564191000272008;0.3654319750015878;521.62494623332;-0.009683025348931552;0.0517187868244946;6.508619785308838;0.012299152021296323;0.1689453125
910;3.852817817753458;1.0;0.2754371757019519;0.3771172430173579;268.0435538673268;-0.01478146763984114;0.014085180242545903;6.5102534055709835;0.012875158514361829;0.167578125
911;6.023702218119146;1.0;0.30823925963356674;0.46181308059787807;169.19062442806663;-0.007109648687765003;0.03932438353076577;6.510379910469055;0.00933608905179426;0.1337890625
912;4.388220939831043;1.0;0.26663123185633697;0.39186643312657987;388.94389136701096;-0.005175406415946782;0.03679663301445544;6.5112035274505615;0.01231312348973006;0.175390625
913;6.094426443185266;1.0;0.38702765018118895;0.5754374430570438;171.85615180013673;-0.013830028241500258;0.021185884135775268;6.513919496536255;0.012406891828868538;0.176953125
914;5.745896024902201;1.0;0.27938692744304344;0.4209225658123647;345.27142844977845;-0.01883702976629138;0.03877899488434196;6.515237951278687;0.014055128942709416;0.2013671875
915;5.553660374767604;1.0;0.3433035861333203;0.5107507576512833;318.93353782486923;-0.008582041319459676;0.0425777324475348;6.518045496940613;0.009435397526249289;0.1255859375
916;2.652830805316869;1.0;0.19290851602064293;0.269663545561873;343.4900495329184;-0.014520902233198286;0.0394011146388948;6.523046755790711;0.009288381331134587;0.123828125
917;4.056648279466645;1.0;0.19110939188920648;0.2748815562935239;325.5119011981532;-0.009410056471824645;0.0241323777474463;6.524974036216736;0.012191994860768319;0.18125
918;5.954609935034381;1.0;0.24410608204556392;0.3789213377786937;241.58545059329717;-0.013506849016994237;0.03032633210532367;6.5262922763824465;0.009573360870126635;0.1318359375
919;3.73222745842942;1.0;0.16816521865560013;0.238342426447454;450.6024650587968;-0.012651146412827075;0.044681770727038383;6.527738046646118;0.012561356544028967;0.1724609375
920;2.9166611105143914;1.0;0.1478666698531074;0.21803066229015516;572.3152219671425;-0.01358484581578523;0.020754037704318763;6.533929395675659;0.00870087742805481;0.1185546875
921;3.2449771618011933;1.0;0.2655840673414124;0.4058176375215141;678.4044996235059;-0.014672509441152216;0.026876601669937373;6.536453723907471;0.010912822699174285;0.1564453125
922;2.9672801907333293;1.0;0.2963738269644432;0.4417788644793257;377.2764974657097;-0.012305036559700966;0.028233274794183673;6.540426969528198;0.012885067355819046;0.190625
923;2.222670382705311;1.0;0.21020155932241777;0.30303074187275475;534.461396961128;-0.013595348340459168;0.029883535392582417;6.548049521446228;0.010972148645669222;0.14921875
924;4.038356332553293;1.0;0.19998735858085168;0.283501716024363;440.42853973945824;-0.007970453798770904;0.007663510064594448;6.550319766998291;0.012581190967466682;0.1814453125
925;4.355742843142665;1.0;0.1575296207740944;0.23190958424593638;393.1767705426857;-0.012243488570675254;0.07267123144119977;6.545564651489258;0.014004175434820354;0.1837890625
926;1.1860099181796482;1.0;0.18881315129896503;0.27375963593109853;534.9220139903673;-0.019338273839093745;0.016930545773357154;6.541556310653687;0.014228939008899034;0.198828125
927;3.710063344331143;1.0;0.29986047438522684;0.39446919869458785;280.3388966648711;-0.012662326265126467;0.03753991601988673;6.540166687965393;0.013231594220269472;0.1828125
928;3.6870540319580276;1.0;0.4339440392231474;0.5947900611680655;143.55555099011866;-0.009746905695647002;0.018834005389362574;6.538126683235168;0.008271260594483465;0.1212890625
929;1.5253393302417773;1.0;0.1937336210002463;0.2796777507248716;451.60851804929047;-0.006000357773154974;0.011579841864295304;6.533390045166016;0.007945723365992308;0.116015625
930;6.514197538847302;1.0;0.43257223913469683;0.5534342109408439;123.77511337801855;-0.006693222606554627;0.030722300987690687;6.528909087181091;0.010777329839766026;0.1509765625
931;4.917222403701178;1.0;0.2904959200193334;0.4341402142319258;270.64497906956444;-0.015972357429564;0.02299448475241661;6.524373602867127;0.009228980646003037;0.1267578125
932;3.9429516037803416;1.0;0.2302914541058566;0.31268277237607056;309.5811605690035;-0.016364573640748857;0.04859251696616411;6.521780991554261;0.013451767328660935;0.175390625
933;4.387581607793199;1.0;0.1665638168688146;0.2440618268234096;356.4966899603909;-0.009358162782154978;0.017495411494746805;6.521995306015015;0.00899632452055812;0.1169921875
934;5.946751677504607;1.0;0.3449758471169766;0.5073051116126708;190.46227806098537;-0.018033493496477603;0.01135911508463323;6.523654270172119;0.012142267753370106;0.1751953125
935;3.3358297763757103;1.0;0.2133315758801299;0.2939780824124809;377.434670938564;-0.0031633985228836535;0.06296931793913245;6.527712488174439;0.010707254859153182;0.158203125
936;4.704997055402583;1.0;0.30241120847860403;0.4455227977496115;424.46409076409526;-0.014420570665970444;0.015408901683986186;6.529220485687256;0.011245645594317465;0.1607421875
937;3.9914154778210635;1.0;0.15872331235209447;0.22838352834354705;456.6296680495091;-0.01594055341556668;0.03049316043034196;6.530893564224243;0.011308955785352737;0.1630859375
938;6.21886283574394;1.0;0.2518038161543381;0.39617036035644504;222.56515984433065;-0.017901831585913897;0.05902451956644654;6.532682991027832;0.009241966984700412;0.137109375
939;4.258307363545887;1.0;0.3673010734891111;0.5220665923109863;338.6468678725823;-0.007488583028316498;0.04899552930146456;6.532164716720581;0.007747466478031128;0.1064453125
940;4.5416585602556765;1.0;0.19267454588645122;0.29371026815781615;337.3465127820507;-0.005895048007369041;0.029840824473649264;6.5285032272338865;0.010073167644441128;0.1509765625
941;5.940169213866019;1.0;0.3269858786101014;0.49072314283435414;215.2699701086807;-0.010529509931802749;0.006118651037104428;6.532665848731995;0.014115071529522539;0.206640625
942;4.440247805400423;1.0;0.2953147078963874;0.4381016297044893;363.34006993641947;-0.013712302129715682;0.014717654068954289;6.5408406257629395;0.012599950132425874;0.176171875
943;4.115284817460029;1.0;0.1450491817764396;0.2195429353545505;433.06849303930966;-0.0037088522687554358;0.009949168330058456;6.541422438621521;0.009296734200324864;0.135546875
944;0.9676873876617091;1.0;0.2860401184318254;0.40350897437783495;357.37773239320705;-0.01969575323164463;0.03263562833890319;6.539665389060974;0.010775787127204239;0.1552734375
945;3.642106545574215;1.0;0.2923020240795769;0.3986885652120485;473.5336600549241;-0.01123514964710921;0.04497143570333719;6.54350335597992;0.008790064323693513;0.126953125
946;4.579825031385895;1.0;0.1519499555886485;0.22202333782565106;456.46205058826246;-0.009409255441278219;0.007882702723145485;6.547517848014832;0.008272353245411068;0.12265625
947;4.151787323609122;1.0;0.24993069752726124;0.3611584031232505;480.0526269762047;-0.012429849477484822;0.0596804566681385;6.54518826007843;0.014867636363487691;0.1794921875
948;2.7374057388813737;1.0;0.19045164276542187;0.27337573901423473;419.51199078851545;-0.007271647034212947;0.007928301650099456;6.545783925056457;0.011396752891596407;0.162109375
949;2.7733560236097246;1.0;0.23694867239683695;0.3502420422926708;601.9585397997082;-0.007950003538280726;0.049688683729618786;6.5463557004928585;0.012529623659793288;0.1775390625
950;3.801543065386401;1.0;0.19841478487670747;0.2979340561800641;423.2638609448069;-0.0126414249651134;0.011404468910768628;6.544628715515136;0.010427354369312525;0.141796875
951;4.4469011637956;1.0;0.22610830885395725;0.2950893573707999;545.6358003653928;-0.020779268816113472;0.055078438762575385;6.549862504005432;0.011673917504958808;0.16796875
952;4.00567820017347;1.0;0.18836201077133338;0.2666224761222772;389.71408978396425;-0.008105338225141168;0.0657966154627502;6.5486112356185915;0.014066201937384903;0.1853515625
953;3.6329450368631373;1.0;0.22158724132971377;0.3081524517910138;492.1254689294066;-0.017053965618833898;0.03136111903004348;6.546523857116699;0.010632154496852309;0.144921875
954;4.416724132819403;1.0;0.1934633472652458;0.28714082103965066;341.7292258071913;-0.01365456827916205;0.0058317471528425814;6.546941876411438;0.01157759417546913;0.1669921875
955;-2.359341500258097;1.0;0.22644892450207071;0.3026632266074048;562.029266031569;-0.015558694722130895;0.011340394336730241;6.550903296470642;0.009515255794394762;0.1404296875
956;4.03817696733588;1.0;0.2030571490735672;0.26051543340206557;480.1868028592247;-0.005957722431048751;0.03102167584002018;6.550870418548584;0.014532133156899362;0.1861328125
957;3.8697428365824083;1.0;0.2978205899716177;0.408783830966302;449.4658646151056;-0.0130737051833421;0.020183146884664892;6.544200348854065;0.011026883637532592;0.159375
958;2.6896174194622198;1.0;0.2642611026140161;0.32674371282870435;481.4189009837785;-0.014384727459400892;0.06139904260635376;6.542017531394959;0.010338204551953823;0.146484375
959;2.810053978017372;1.0;0.23932108858599405;0.34177869815439116;265.1423081491935;-0.010340365767478942;0.03447812935337424;6.54088327884674;0.009198679099790752;0.1193359375
960;4.53945494739066;1.0;0.2160238196955831;0.3208889683222572;258.0859186188977;-0.01100578613113612;0.018583307089284063;6.542475891113281;0.008416353433858603;0.11953125
961;-2.798947582802971;1.0;0.19486142567286152;0.2532412552839473;508.22480017420327;-0.015256751142442227;0.03460719846189022;6.551362323760986;0.010716878832317889;0.1484375
962;-0.4025423358783762;1.0;0.2603758887579624;0.38756362365424385;826.3488262754491;-0.017924499162472785;0.031032130774110555;6.554329133033752;0.010143245419021696;0.1447265625
963;1.5353733201354811;1.0;0.3269704960208765;0.4701513969373626;165.96444083462828;-0.010856079123914241;0.02766380151733756;6.556694602966308;0.009476925584021956;0.1330078125
964;4.715350772460492;1.0;0.2659226548037432;0.33539100976651404;521.9842163720432;-0.013724347855895758;0.07208175119012594;6.560876965522766;0.008255607914179564;0.1095703125
965;3.835600192135459;1.0;0.2482376265105005;0.36045638603049707;562.7149174793973;-0.015607419167645275;0.05318884067237377;6.562653136253357;0.007902194478083402;0.1072265625
966;4.722723066451207;1.0;0.2589475854640728;0.37546220096003496;264.5628438818559;-0.014517221366986632;0.011882057646289468;6.557592296600342;0.011658991104923189;0.16953125
967;3.9019796680618746;1.0;0.22356199676862903;0.3145972018363783;314.33955871501365;-0.007957573654130102;0.022806278197094798;6.562600207328797;0.008284433209337295;0.115625
968;4.793400250998188;1.0;0.24341608664494918;0.33131471427118797;484.64252069381007;-0.012897635600529611;0.03933747103437781;6.568644165992737;0.012404956750106066;0.1720703125
969;2.521848941373921;1.0;0.3468252581732168;0.48257016494433236;273.73645138086977;-0.00943933860398829;0.10248127095401287;6.571555638313294;0.01198312797350809;0.1568359375
970;0.9132858725233977;1.0;0.2505370481372395;0.36591569840539884;274.6174910372683;-0.020523733086884023;0.043921081069856885;6.575529670715332;0.012700995104387403;0.18125
971;4.6649349181113156;1.0;0.2635780491196031;0.38784098801318284;318.23655584052324;-0.012993409438058734;0.01741204843856394;6.576712274551392;0.009138522436842322;0.123046875
972;4.704614686260582;1.0;0.23090968256280173;0.33211497516243366;474.2858024828748;-0.015149216167628765;0.03801079569384456;6.572805619239807;0.008909626095555723;0.119921875
973;4.220274904449281;1.0;0.17713040780281447;0.27482512247061397;485.9803424753423;-0.010270551635095706;0.07375076327186364;6.5703247143672066;0.010315004843645371;0.1268028846153846
974;4.297904421356919;1.0;0.2292633971194316;0.29126206732684784;271.66151088234255;-0.019840856664814055;0.04897337150759995;6.5715851306915285;0.013054259750060738;0.1869140625
975;4.909246274132665;1.0;0.24579004647467728;0.3687617811967347;440.7985116659068;-0.009772178530693055;0.006861375854350626;6.572309255599976;0.010056720965076238;0.131640625
976;5.374316932420369;1.0;0.2516930764552666;0.36957833426092174;255.8179397540794;-0.007987911440432071;0.14640104472637178;6.566803407669068;0.011844315554481;0.1693359375
977;5.178707623488832;1.0;0.3933017186408451;0.5522169028653554;290.5658954293621;-0.013578643882647156;0.03609871808439493;6.558581447601318;0.010849426768254488;0.15390625
978;4.997115929736776;1.0;0.16694801083670205;0.26680162971424104;377.144593813659;-0.011298362724483013;0.05275748642161489;6.557571363449097;0.01358849338721484;0.17890625
979;4.23712412475343;1.0;0.25964535783152304;0.38655511581018703;541.8591738641297;-0.016432441805955024;0.01091259135864675;6.553435921669006;0.009330078563652932;0.13828125
980;-1.5162309570380774;1.0;0.2659284652934563;0.38064147411882726;556.151058111402;-0.016209885757416487;0.056764522287994626;6.551373934745788;0.011063543311320246;0.163671875
981;4.6740649947688695;1.0;0.2438747347139891;0.35924583355768863;439.3294758875739;-0.009790174616500735;0.023617505095899105;6.545719838142395;0.011213170283008366;0.15390625
982;4.7673582565577535;1.0;0.17005376046420842;0.2720652029909951;414.54602545132985;-0.013937382120639085;0.05079999249428511;6.546335196495056;0.011164208524860442;0.1595703125
983;6.178114896902318;1.0;0.31495784134381943;0.45611440058846475;275.60631149942964;-0.015367517864797264;0.045402645226567985;6.5398835897445675;0.010808307339902967;0.1453125
984;4.386363177953908;1.0;0.2304917234730424;0.34713640512022614;496.77534269937564;-0.017075599590316414;0.03161720340140164;6.538450527191162;0.010940834262873978;0.1486328125
985;4.378643032414057;1.0;0.2406826843529023;0.3697496970647826;319.5277846996679;-0.01432878039777279;0.04167334102094174;6.537804293632507;0.013672612514346838;0.1794921875
986;4.954164944396924;1.0;0.25942062023738416;0.3681529423989985;282.9707004281458;-0.01834730855189264;0.03544217459857464;6.538730573654175;0.012217371875885874;0.1537109375
987;4.1100714579516815;1.0;0.27708226085693716;0.4116469569223356;468.91127648305974;-0.013406945299357176;0.017806164780631663;6.541890931129456;0.009651772934012115;0.1267578125
988;3.7609240596910825;1.0;0.37033531169240613;0.5352166636830841;167.4596313538288;-0.01664672771003097;0.06672383043915034;6.5448603391647335;0.011591481091454626;0.15390625
989;4.324667127408627;1.0;0.24313952288719337;0.36919216817931994;531.8558596286805;-0.03357528396882117;0.03732259841635823;6.5466707944869995;0.01541426070034504;0.203515625
990;1.548784444921766;1.0;0.22649583553106623;0.3441793782134753;526.1371663874463;-0.020398189034312963;0.008758691465482115;6.550372886657715;0.012005090294405819;0.168359375
991;5.156292465820781;1.0;0.2425029457022736;0.35642116407643487;409.9919034174323;-0.005094901844859123;0.028988552186638115;6.551342916488648;0.011187975073698907;0.1568359375
992;4.172700083600577;1.0;0.151835291290838;0.24452118847108717;540.5366658804451;-0.004346922086551785;0.033971864031627774;6.554825353622436;0.007676588674075902;0.1046875
993;5.904153953088553;1.0;0.1798942901112274;0.28698441489947313;346.36006497846245;-0.024706586636602877;0.05191494831815362;6.560034084320068;0.015320347028318793;0.19375
994;3.9812379107257594;1.0;0.17358949500097792;0.26694083234436866;468.18916119475494;-0.016042684344574808;0.06366646261885762;6.5605562925338745;0.008918511273805052;0.1162109375
995;4.601884448397914;1.0;0.20106512535793555;0.31133415000518205;457.69940396605426;-0.013231147325132041;0.0839215257205069;6.55824031829834;0.012437354866415262;0.1765625
996;4.39285729256634;1.0;0.3568594628300949;0.49945769979727694;155.06837727629056;-0.01021668037865311;0.019320501666516065;6.553189969062805;0.011023440805729479;0.14609375
997;3.18815328167261;1.0;0.2653396459421312;0.38857478944616736;488.99193913530576;-0.006294198210040728;0.11755922089020411;6.557096258799235;0.01010494406024615;0.12421875
998;2.8984225353727817;1.0;0.2958354657688443;0.4388213937064482;203.20663804358037;-0.007053917087614536;0.041390355583280324;6.560927128791809;0.009748894674703478;0.1447265625
999;4.846841723084035;1.0;0.19345056922343634;0.3049576204427715;486.92601179150944;-0.013943821378052234;0.0057187887839972975;6.563321900367737;0.00872911891201511;0.123046875
1000;4.76963887662682;1.0;0.25277460742632185;0.39181452763193086;294.0821589611256;-0.013004100089892745;0.009124860353767871;6.564545440673828;0.009342929767444729;0.1333984375
1001;5.580341124711373;1.0;0.22847640394659913;0.36221368428252043;257.69742988594624;-0.01951277758926153;0.01794190895743668;6.568275952339173;0.01176851310301572;0.1625
1002;5.771799899393085;1.0;0.3355596026338559;0.48447973921438586;403.4733043680595;-0.005316071355572114;0.0822652131319046;6.572148396418645;0.014214092256644597;0.18449519230769232
1003;2.943782056989247;1.0;0.1921271162919698;0.2909781044280272;327.4431504501056;-0.009099634876474739;0.08853011559695005;6.577266550064087;0.009581907361280173;0.1390625
1004;5.671569074350915;1.0;0.3644441305867449;0.5221530243201409;327.95131899640535;-0.016185494838282466;0.046977889724075794;6.584134459495544;0.0138389203697443;0.1833984375
1005;3.9900705750964067;1.0;0.19059812235781837;0.30095825879535076;500.03142033357966;-0.0139146544970572;0.028987298882566393;6.583691024780274;0.013661114708520472;0.20625
1006;-0.16496381713282293;1.0;0.23243129639827365;0.34408466745942806;367.81018350035436;-0.012266392807941884;0.052023391053080556;6.582635688781738;0.009853811096400022;0.1369140625
1007;4.96590356371955;1.0;0.21980790099123504;0.3437824504703417;344.2155516038809;-0.011250683083198964;0.049404334463179114;6.5812149286270145;0.009961148945149035;0.1392578125
1008;4.529229348617291;1.0;0.16283748380755447;0.2637705666956492;453.7564997661546;-0.010287660593166947;0.06323385126888752;6.584738802909851;0.009045289957430213;0.1279296875
1009;5.2451331956849145;1.0;0.16388098920973482;0.25877033688842005;369.9952817117574;-0.011169091006740928;0.02589841317385435;6.581601190567016;0.00919025941984728;0.1326171875
1010;5.7881922486084685;1.0;0.22863452554262415;0.3565777276243686;302.2155293444028;-0.005378208961337805;0.017862390773370863;6.577203011512756;0.01229727347381413;0.1787109375
1011;5.771515986420759;1.0;0.3492488288432208;0.5199924935117016;291.80013324017773;-0.014175597764551639;0.04979857355356217;6.580881905555725;0.012487273488659412;0.173046875
1012;4.476512529465332;1.0;0.2962832676935153;0.4353169284904369;348.2887802143165;-0.017191677028313278;0.010014310316182672;6.582780599594116;0.009005199058447034;0.12265625
1013;5.96272098043355;1.0;0.3196956561186071;0.4834035684699934;181.38456871181555;-0.01310279332101345;0.026886970037594438;6.586287307739258;0.013303777552209795;0.1958984375
1014;2.905695911002267;1.0;0.2845821335928096;0.4029025552607229;286.0110994707638;-0.004771229112520814;0.06467079883441329;6.5910787105560305;0.01040112810442224;0.1431640625
1015;4.894754889902732;1.0;0.1984713833658076;0.30141839288758093;370.42624067937066;-0.016399865318089724;0.03476380929350853;6.589972400665284;0.012953392998315393;0.17265625
1016;4.735865725738153;1.0;0.33946195584299216;0.5014933149318036;312.3523571300318;-0.005678240512497723;0.05302230324596167;6.580865645408631;0.012407907575834543;0.1728515625
1017;5.292645772014002;1.0;0.2185114048298565;0.34157220288865536;310.32317411478215;-0.01857626298442483;0.05159101532772183;6.5754385709762575;0.0107729074312374;0.1595703125
1018;5.367610867402406;1.0;0.19298507619347208;0.3097235043560645;327.9828581401454;-0.01201663731286923;0.02116701869914929;6.570723501841227;0.01436582850292325;0.15234375
1019;4.9889570873203954;1.0;0.28692532122868986;0.4269692011792706;301.38182992597274;-0.017713738745078443;0.004369637568015605;6.564928555488587;0.00945582170970738;0.137109375
1020;5.87143110512856;1.0;0.28943248011862666;0.4354669443940041;188.8040392579881;-0.020078334701247515;0.03758177980780601;6.563886880874634;0.015956656890921295;0.2275390625
1021;4.27325495775408;1.0;0.2710184556364793;0.39091262498122553;265.24212151338793;-0.016192710539326072;0.026435759896412492;6.560016703605652;0.015139970253221691;0.207421875
1022;4.998850267049715;1.0;0.25960119412420934;0.40243218891978416;312.784668867848;-0.012265595491044223;0.025236672023311257;6.5605838894844055;0.012392771153827198;0.154541015625
1023;1.3737183599217344;1.0;0.2746767706142086;0.4125342736569527;294.534897069463;2.7877045795321465e-06;0.019156898325309157;6.56360011100769;0.010922551550902427;0.1611328125
1024;4.745320175160984;1.0;0.21568836128025617;0.3240378855059698;354.2090911079748;-0.014039391651749611;0.04915787195786834;6.56101622581482;0.00953259802190587;0.132421875
1025;0.9751262675881325;1.0;0.28034050732279187;0.4206352827051394;255.93753904123875;-0.004112869245000183;0.021405550977215172;6.560607481002807;0.009179729002062232;0.13359375
1026;4.105774460776335;1.0;0.3823112340477591;0.5024653079844781;282.7669203215739;-0.00974769559688866;0.022336416924372316;6.560132956504821;0.008008787420112639;0.1142578125
1027;4.7446123929797315;1.0;0.22034475466292489;0.3497574273077936;359.35610890058734;-0.015991094172932208;0.010575197660364211;6.560107922554016;0.008743389951996505;0.129296875
1028;3.7189308154622407;1.0;0.22797423315438983;0.3507347328832055;420.7439352199054;-0.0156488377135247;0.07122877594083547;6.550695395469665;0.009637725725769996;0.1302734375
1029;4.335106711334579;1.0;0.24030725972355788;0.3624133899574248;415.8336334997636;-0.0024871573550626636;0.040578740928322074;6.545403838157654;0.011783832299988717;0.158984375
1030;-2.7722678702880215;1.0;0.22693425367791822;0.32895293996461933;481.8570090208912;-0.011756346398033201;0.006037324573844672;6.539251017570495;0.0076276805019006135;0.1087890625
1031;3.96354014761163;1.0;0.2124961848672679;0.3289920462470507;544.0967092418502;-0.007988002826459705;0.07279367707669734;6.537448716163635;0.007464637025259435;0.091015625
1032;4.880030899697907;1.0;0.17381292712828783;0.27124655763674327;344.7812367234404;-0.01235248353332281;0.05176011128351092;6.538353705406189;0.011243537650443614;0.1609375
1033;4.857192079037292;1.0;0.1703720554011577;0.2710805587663704;378.6466700635723;-0.011104498570784927;0.016860790271311998;6.532143187522888;0.0104169832309708;0.1427734375
1034;4.948087064506748;1.0;0.3815115465043262;0.5360354729426828;262.26056313632114;-0.004342871019616723;0.039353579422459005;6.533198618888855;0.009016819414682686;0.132421875
1035;1.331706121697894;1.0;0.24611015257414695;0.3550021026526724;350.62314980101064;-0.0047293828101828694;0.016072285547852515;6.533263611793518;0.01222779555246234;0.1755859375
1036;5.106458990976917;1.0;0.16438014988850164;0.25107056663055405;458.43996848526825;-0.013391039823181928;0.007221350516192615;6.53063018321991;0.011240375728812068;0.1634765625
1037;4.382956653633706;1.0;0.22369169487369203;0.3280103058520386;453.496998893615;-0.012925619880358378;0.0453095323095719;6.531235027313232;0.011599186652650436;0.14192708333333334
1038;5.455144801199643;1.0;0.22229605192097174;0.3348513243318051;320.9598352419381;-0.013019894482567906;0.02649611048400402;6.5284769296646115;0.009614169504493475;0.13984375
1039;6.012084539842281;1.0;0.294095089663888;0.4237428587629888;259.01385283598006;-0.002750892611220479;0.0305147270206362;6.5237191915512085;0.010753235768061132;0.139453125
1040;4.971600623440912;1.0;0.23980106206609428;0.36467461995068406;437.0380447019427;-0.0039027415385300464;0.04862384396520528;6.523714845830744;0.011480973673645745;0.13884943181818182
1041;6.2032726945855625;1.0;0.38746489313441884;0.5312038744588639;183.73799745210982;-0.013425289932638407;0.009146193112246691;6.524982285499573;0.01207316319923848;0.1705078125
1042;5.358818697221565;1.0;0.35597444470419537;0.511872898695955;337.00325178789456;-0.017446949251461775;0.014326700754463673;6.5257421970367435;0.011888517951592802;0.15625
1043;4.920259758658898;1.0;0.24324329643155934;0.37737835881091725;238.70613427607773;-0.007741035195067525;0.012610098207369446;6.5289506912231445;0.011654334550257772;0.16484375
1044;4.55744586604404;1.0;0.20683268990288536;0.32285775421163815;355.6862139801688;-0.008225578651763498;0.026992286927998065;6.5295854091644285;0.009702439722605049;0.137109375
1045;5.201194076597815;1.0;0.2211306275402176;0.3331078585466101;345.1141930545707;-0.02159443786367774;0.014146418240852655;6.530961441993713;0.011062668240629136;0.155078125
1046;5.177177528089578;1.0;0.23360806385297575;0.33950538003277253;218.78315372997656;-0.004512579832226038;0.04790206579491496;6.537496185302734;0.010105035407468677;0.1431640625
1047;5.156590133316398;1.0;0.21684281948387998;0.3374625479631282;239.5715714380867;-0.004620984196662903;0.044080182909965515;6.542241169856145;0.013878217540108241;0.1775841346153846
1048;4.900162478411574;1.0;0.2135881183191941;0.3329492732830143;366.7955653259982;-0.017362128128297627;0.01782328977715224;6.548094868659973;0.013002530892845244;0.18203125
1049;5.075332718236457;1.0;0.15553932434332898;0.2536821257823375;379.73315177260434;-0.008769615885934659;0.02698955325675862;6.5495856489454;0.011439107907270747;0.13532366071428573
1050;0.7899148095002939;1.0;0.219081625822281;0.3273692834203705;301.846992102719;-0.0031417167745530607;0.025619552843272685;6.549558305740357;0.014511927671264857;0.2076171875
1051;2.4163313002953704;1.0;0.1743525549887556;0.27896459402367557;444.89909865018575;-0.013373670633882284;0.025844730716198683;6.544161939620972;0.011206756019964815;0.1509765625
1052;3.4977070457974784;1.0;0.2217404835877182;0.34873774896169585;521.8792585510847;-0.019583219289779664;0.015465582720935345;6.532757973670959;0.010652070073410869;0.1591796875
1053;2.6618207383899968;1.0;0.17984547405606724;0.2887729586912654;755.5230583069256;-0.017013381840661167;0.03790186131373048;6.529510450363159;0.012396573286969215;0.170703125
1054;6.007406569477016;1.0;0.353459290367284;0.5137965974742411;263.0537622293021;-0.0068982795113697645;0.045885534444823864;6.533520221710205;0.011011316359508782;0.16015625
1055;5.112272590783974;1.0;0.1798825676221901;0.2918118657685294;408.6138159122957;-0.02534039309248328;0.045811444893479346;6.534967947006225;0.012040046963375062;0.1673828125
1056;4.843775285180715;1.0;0.2258032767449909;0.3570760878515317;475.94696321499464;-0.010452281846664847;0.016835880116559565;6.531580638885498;0.010818719421513379;0.151953125
1057;4.405089380153342;1.0;0.24786885372368647;0.38175135281499245;439.1184935334504;-0.0024631704902276395;0.005434247362427413;6.530821061134338;0.011170980997849255;0.1572265625
1058;3.4462348329136923;1.0;0.18125205556794965;0.2931488497304605;711.8780752780883;-0.009768248198088258;0.030509152635931968;6.529864168167114;0.013231584522873163;0.1744140625
1059;5.845594427489923;1.0;0.3560489977321596;0.5306797714595318;274.48970268497436;-0.008387473039329052;0.02012694482691586;6.536891126632691;0.013521539187058807;0.171484375
1060;1.6040427266090802;1.0;0.17075649412958624;0.2838297417191865;805.0373088644183;-0.02251222301274538;0.05941127706319094;6.545125102996826;0.010264949384145438;0.1517578125
1061;4.1541090065797555;1.0;0.151262728755082;0.24933709678138252;402.9509978255674;-0.010934405494481325;0.023132331622764467;6.551589775085449;0.011051779717672617;0.15859375
1062;4.631412550175264;1.0;0.3357460892872085;0.49466800861497484;265.804827388821;-0.013875826541334391;0.0031978901592083276;6.558966755867004;0.011640683130826801;0.161328125
1063;4.343154912802805;1.0;0.15490373488693426;0.26074601970170397;428.3736077876;-0.010774442739784718;0.019566144747659563;6.563873767852783;0.010963655123487116;0.15625
1064;4.7126942098687294;1.0;0.16089446805987564;0.2733641433901441;337.4735543775481;-0.008800422539934516;0.027790911449119448;6.565764451026917;0.008340421982575208;0.1130859375
1065;4.4260431127475375;1.0;0.21075332092274232;0.33112407607661243;302.82411247463983;-0.02487281202338636;0.019648049073293806;6.568418169021607;0.010931141802575439;0.1552734375
1066;5.2152185321059825;1.0;0.23754591333023367;0.3674506986140437;290.80498960607235;-0.014030090300366282;0.02570298588834703;6.564161920547486;0.01264111502096057;0.18671875
1067;4.876901085327218;1.0;0.315397687971393;0.4729806212302167;165.96070297259593;-0.009116866672411562;0.05231544636189937;6.55998170375824;0.010741340566892178;0.1447265625
1068;4.2454987950281655;1.0;0.17931986624806306;0.2897246638059359;344.45906628537296;-0.01975208390504122;0.019124422734603286;6.559535956382751;0.010814381169620902;0.15234375
1069;6.6755136107856945;1.0;0.259454060587106;0.4077740987658243;227.25744048158438;-0.012498392816632986;0.015141996461898089;6.5540529727935795;0.012771194416563958;0.1826171875
1070;5.39399671268972;1.0;0.17974531255757473;0.2866182282492597;391.3340250426698;-0.015053413715213538;0.0336494751740247;6.550899314880371;0.010989255120512098;0.1568359375
1071;4.332913554517152;1.0;0.16181034932362318;0.26989868575436243;373.55306213466645;-0.01578932427801192;0.047614100761711596;6.550767946243286;0.014440485625527799;0.20625
1072;3.0937562956918083;1.0;0.22572568651547473;0.35544502670638084;423.2135889806734;-0.01071752212010324;0.022729797568172217;6.552213382720947;0.014233515656087548;0.20234375
1073;5.940436465812104;1.0;0.26051139594187017;0.40845807806274415;365.2685801893815;-0.020731032779440283;0.015296859154477715;6.557210636138916;0.012315497163217514;0.1638671875
1074;3.9383772111209554;1.0;0.15300842103091836;0.2564141715902122;458.30380779371353;-0.00969600835815072;0.03728555701673031;6.56281852722168;0.01256844901945442;0.1716796875
1075;4.6894334816719345;1.0;0.24306754393746255;0.3656000086733878;342.84562765263126;-0.020847219880670308;0.015431562205776572;6.56632719039917;0.011341875232756139;0.153125
1076;4.625890891834926;1.0;0.17118801647900628;0.28573474568486;345.69538113987016;-0.011077059898525476;0.024700207496061923;6.565314698219299;0.012049132620450109;0.1669921875
1077;6.541603046022942;1.0;0.2809513915115899;0.4148989102932449;198.37467851597262;-0.00834230394102633;0.028793485136702657;6.566528677940369;0.010690947261173278;0.151171875
1078;6.222907393046919;1.0;0.37255742764614036;0.5105437501525567;128.5618836267746;-0.018261966994032264;0.06599915130063891;6.570328497886658;0.012165935104712844;0.16640625
1079;5.798826552376447;1.0;0.30445372504052653;0.4625185906150712;282.23539211072585;-0.0058401854475960135;0.04885615678504109;6.570061111450196;0.008977118332404643;0.1263671875
1080;6.368169859693333;1.0;0.2905690191040175;0.4211225721037125;216.6027655033654;-0.007286161370575428;0.020498153660446404;6.574259281158447;0.008643139828927815;0.118359375
1081;2.7824423952866404;1.0;0.3513934520635678;0.4927012823013776;364.03960722993946;-0.01412719483487308;0.024752765661105514;6.582223868370056;0.011340090935118497;0.1509765625
1082;5.806081787361054;1.0;0.3642015597451201;0.5249610328727926;261.749853084336;-0.0005819073878228665;0.04992212206125259;6.586749744415283;0.011079497577156872;0.1556640625
1083;1.601926209796249;1.0;0.2536931450466981;0.3814147409839781;285.0261427490558;-0.010552006401121616;0.011566350981593133;6.587324404716492;0.009565353754442184;0.1337890625
1084;-1.3067776134982538;1.0;0.1026817709168754;0.18011941064856193;1321.5347820158522;-0.012161407340317964;0.01948471344076097;6.587284517288208;0.010758795030415057;0.148828125
1085;6.730964496136059;1.0;0.2147506170632517;0.33431877431162044;272.6711803373658;-0.007273531099781394;0.05861455984413624;6.589185118675232;0.008353725739289075;0.116796875
1086;6.069897993864359;1.0;0.32298146619518614;0.4770402256707082;264.5676251405378;-0.015448725316673517;0.02393153365701437;6.591409707069397;0.01154481277335435;0.1474609375
1087;6.04212272936772;1.0;0.3447545569788863;0.5097053904895549;243.87617222617513;-0.009609420294873416;0.007166977622546256;6.595502400398255;0.008157363731879742;0.1072265625
1088;-0.894043160815869;1.0;0.12771485239845545;0.22025498105611355;1087.5160639373264;-0.016392377251759172;0.023606388457119466;6.600610208511353;0.013768243766389788;0.188671875
1089;-0.537727601538895;1.0;0.06905452504909934;0.12339348892862709;970.056347240552;-0.014842429431155324;0.03683897093869746;6.599045729637146;0.009641100978478789;0.1421875
1090;4.282607726509589;1.0;0.18703691807691936;0.2954468704271744;324.1008947972784;-0.017733395457840882;0.03235818531650763;6.600698764507587;0.01243268558755517;0.16165865384615385
1091;5.7563388107272075;1.0;0.2054887844521793;0.32634032463169665;328.80911646181715;-0.006510086916387081;0.03364195134490729;6.602788352966309;0.011806388827972114;0.162109375
1092;1.138813678505926;1.0;0.18239016054921336;0.28979037748385583;467.0827423739246;-0.011183253489434719;0.016650132462382318;6.59397144317627;0.013289748411625623;0.1962890625
1093;5.183507116837163;1.0;0.16914080134961765;0.27766495706009164;451.26029699234675;-0.00645570051856339;0.011433788924477994;6.589316630363465;0.009588343789801002;0.1388671875
1094;2.4931796302671363;1.0;0.17496581833443284;0.28635286513083497;474.4035759741646;-0.01847555204294622;0.009631354990415276;6.596194052696228;0.009598112234380096;0.1349609375
1095;6.117982111616337;1.0;0.3934296307661898;0.5640719703263056;169.7167256661285;-0.005782638024538755;0.04812668105587363;6.6022707462310795;0.007614954933524131;0.101171875
1096;4.966071542101139;1.0;0.2705572343662601;0.41181037107667406;312.6609784634586;-0.0024340431205928325;0.0037243081838823854;6.606571292877197;0.01223738129483536;0.1677734375
1097;5.157719713055718;1.0;0.27163698135654185;0.3901598094144059;353.05737456561167;-0.013118101190775633;0.04194275652989745;6.609738731384278;0.013812736899126321;0.1994140625
1098;3.445768389859219;1.0;0.16845725393052957;0.26825711872634184;546.1863017977097;-0.005752586061134934;0.0188450823770836;6.61295325756073;0.010229838476516307;0.1482421875
1099;5.125207727944133;1.0;0.22964563704566923;0.33946595992664536;302.91789213855816;-0.013276964542455971;0.01745560336858034;6.618071413040161;0.009893468173686415;0.1416015625
1100;-1.5091423005582505;1.0;0.24921804046897003;0.37554428768588954;516.0518934625002;-0.009915545163676143;0.03063377346843481;6.627778673171997;0.010898687038570642;0.153125
1101;4.316274768712674;1.0;0.14607507894602484;0.24556527602990846;527.7318993332991;-0.01211530207656324;0.02559079397469759;6.634182620048523;0.011812115181237459;0.176171875
1102;5.8033462722345615;1.0;0.373298245420119;0.536775671647166;246.69249262560933;-0.013613482122309506;0.023322716914117338;6.6343018293380736;0.015384676167741418;0.2046875
1103;2.9339319266099437;1.0;0.21149402692980404;0.33208048149565705;311.6173337130945;-0.024429710255935787;0.040519984904676676;6.630306148529053;0.014975712506566197;0.2052734375
1104;5.868712455030408;1.0;0.2731994752781756;0.42337989253774533;407.95275906941396;-0.01420034896582365;0.04528830591589213;6.626793789863586;0.010440639476291836;0.150390625
1105;4.673876471436983;1.0;0.26582888867427257;0.3989466398224388;288.03463846073714;-0.018781191762536766;0.0039070983068086205;6.621451044082642;0.00962179753696546;0.1349609375
1106;5.458618670045732;1.0;0.3930105041881795;0.5523581862145137;229.1365057059706;-0.010736180725507439;0.033034458616748454;6.619915723800659;0.010044384642969816;0.1404296875
1107;6.301601709873378;1.0;0.24383009598499866;0.38830496253475766;249.6594305811713;-0.01211928529664874;0.02557102683931589;6.620783376693725;0.013122010452207178;0.175
1108;6.511953700531664;1.0;0.25062953695586626;0.3908799131828657;263.10301202671235;-0.016085250396281482;0.011587709770537913;6.622112703323364;0.00857949850615114;0.1248046875
1109;4.973673037350949;1.0;0.2154622091893453;0.3104846778228788;442.36945579694486;-0.017635842505842447;0.02112742201425135;6.622038054466247;0.009764325723517686;0.136328125
1110;5.497461063705825;1.0;0.24610758593271526;0.35846510700936113;227.5596425316862;-7.931534200906753e-05;0.010391143569722771;6.617559957504272;0.012977622775360942;0.165625
1111;6.200438846308355;1.0;0.2297989783247629;0.3615090483724655;287.43019311468584;-0.010697727371007205;0.01841832478530705;6.614388394355774;0.012832585722208023;0.176171875
1112;6.376105600799793;1.0;0.3574334387525575;0.5017234971922727;247.91019365055536;-0.0036958667216822503;0.03080292819067836;6.612020373344421;0.010302123718429358;0.14921875
1113;6.179140441386086;1.0;0.20633513620291527;0.32524929314135204;270.40875240352494;-0.008640515198931099;0.014719247980974615;6.611467885971069;0.010826465662103147;0.148828125
1114;6.244813795720844;1.0;0.195461009778476;0.30111526884094914;324.7372061164899;-0.011057301983237266;0.005608959146775306;6.6072530269622805;0.00969504846725613;0.1345703125
1115;6.175609621071548;1.0;0.3285179916573338;0.48094251665083015;148.90036588437047;-0.010979175521060824;0.018838642491027714;6.601385235786438;0.014081096125300974;0.1958984375
1116;6.521672007936347;1.0;0.2966808878775157;0.4433719034048166;307.4729845352386;-0.006368113216012716;0.011222526780329645;6.597451567649841;0.008687697642017156;0.121484375
1117;6.121056575934636;1.0;0.37628157381843674;0.5007607179461822;121.47871994711895;-0.016863985173404216;0.02215737630613148;6.592637300491333;0.009575357614085078;0.135546875
1118;6.278552506995972;1.0;0.22291800535785977;0.35160683904343965;325.1868837616378;-0.011801093711983412;0.007081844704225659;6.595322513580323;0.01187353942077607;0.1607421875
1119;5.7103037910960985;1.0;0.35185815801602427;0.5103493862869427;359.47881158877954;-0.007205120695289224;0.005948146455921233;6.6021335363388065;0.013240581937134266;0.18125
1120;6.8177205616483345;1.0;0.2303274711818779;0.363938351587024;239.40976686067316;-0.010575919318944216;0.02005135091021657;6.607373070716858;0.011482085846364499;0.15078125
1121;6.1511454853317975;1.0;0.38299439758179643;0.5340181095628457;317.36684806764276;-0.014034269418334588;0.0576582245528698;6.6050512313842775;0.01382187199778855;0.180078125
1122;4.1200066481496505;1.0;0.2207315537171849;0.3450031746572097;294.5351827972075;-0.01782157877460122;0.056280625890940426;6.600966930389404;0.014315147255547344;0.1986328125
1123;6.334093549854181;1.0;0.34184750893077104;0.4646509171716173;189.19444795805921;-0.009412497607991099;0.011788386479020118;6.60628571510315;0.008106580097228288;0.115234375
1124;5.92219720053346;1.0;0.20023541864614153;0.3214295144499782;301.49059964531;-0.012539181520696729;0.00802061459980905;6.610249757766724;0.007896199927199633;0.1099609375
1125;6.26001381448839;1.0;0.2571154906041575;0.40598946472337244;315.4045920612806;-0.015297983400523662;0.03983990103006363;6.612234807014465;0.011829031829256565;0.1689453125
1126;5.7469609147531875;1.0;0.35968146887998376;0.5209576384134682;291.44316645145375;-0.006543128984048963;0.06392669454216957;6.607893300056458;0.011274619470350444;0.159375
1127;5.57922339920464;1.0;0.27051136504318046;0.4212899019979519;414.74567319255823;-0.012530537485145033;0.02820329791866243;6.604243588447571;0.01344068415928632;0.180078125
1128;5.933212913731808;1.0;0.35777680013176877;0.5285743304340889;260.0245871643184;-0.01807890839409083;0.02358856415376067;6.605187273025512;0.012303117162082345;0.17109375
1129;4.501982485895474;1.0;0.16569491245244822;0.2725152039857936;414.31582431345635;-0.0183115195017308;0.03909061010926962;6.602351903915405;0.013274216454010456;0.1673828125
1130;5.634501901589618;1.0;0.2904582356941515;0.44679230549015514;321.99066901225365;-0.020896011544391514;0.022412441903725266;6.606829500198364;0.013061878958251328;0.1841796875
1131;6.176331119831584;1.0;0.39364769832983937;0.5699549951905928;137.90189331166178;-0.00012024738825857639;0.009774900553748012;6.609447240829468;0.01055694407550618;0.154296875
1132;5.673570713511815;1.0;0.29426935249838937;0.45129406586734616;354.4965800344346;-0.002043509692884982;0.029790905211120842;6.610333037376404;0.009054161433596164;0.1267578125
1133;6.021788998101451;1.0;0.27117568366655004;0.41931540372613424;373.30773297261493;-0.008818087766745262;0.011730008758604527;6.610467365809849;0.00931612092868558;0.11858258928571429
1134;6.066857075627267;1.0;0.3014207876753108;0.4533184301049838;366.81836850586933;-0.011616925545968115;0.03284743931144476;6.612406873703003;0.012955289974343032;0.1896484375
1135;6.038881781717561;1.0;0.2865186147983582;0.44546158211373915;262.19415863584504;-0.007904535997658968;0.014077427703887225;6.619074440002441;0.01182369765592739;0.1671875
1136;6.0311174184360254;1.0;0.3435053031547396;0.49901919601148476;226.9986519417441;-0.02494116413096587;0.0405787439395984;6.621945381164551;0.012665371084585786;0.16380208333333332
1137;6.252439851977876;1.0;0.25689093033499927;0.4084055459319692;356.51045063551953;-0.013165011163800954;0.00651256296550855;6.622463297843933;0.01021512011066079;0.155078125
1138;6.163179411756175;1.0;0.3538558268027058;0.5291810784266657;212.47780725297991;-0.015379857381477076;0.012596531990258134;6.62480006498449;0.012145648354335743;0.16796875
1139;6.146178641710472;1.0;0.3858496597405731;0.5482998130620441;148.52012360089347;-0.017467451561242343;0.007354075275361538;6.621831631660461;0.010718684131279587;0.1529296875
1140;5.83450603911416;1.0;0.31235986234797514;0.47084739467354275;319.0989572790705;-0.005753664229996502;0.06405184715986252;6.618927550315857;0.013391795963980258;0.188671875
1141;6.119246974236075;1.0;0.2845687438726098;0.4501107698973823;359.11422112930603;-0.013941772002726793;0.008103540306910873;6.615726590156555;0.015458654996473342;0.22109375
1142;6.344125624282553;1.0;0.2373576754411503;0.3775527322707443;497.66029646829736;-0.005992277711629868;0.016927852155640723;6.617944860458374;0.009299201518297195;0.137890625
1143;6.121606059493743;1.0;0.1426025831389029;0.24489837535360964;555.7281025955607;-0.02518895749623577;0.02023040410131216;6.618741432825725;0.013302022824063897;0.166015625
1144;6.291990162909686;1.0;0.2512269135440191;0.39382873578635574;418.6748520070536;-0.01122275902889669;0.007977516611572356;6.6236587285995485;0.012666940712369979;0.1677734375
1145;6.428987631240147;1.0;0.26697274784285135;0.41805404792851475;402.0355653777162;-0.01949526686221361;0.01963323662057519;6.630779433250427;0.011030715773813426;0.1580078125
1146;6.707994228057233;1.0;0.1858129433595982;0.30766742139829556;577.8545716699666;-0.014543378027155995;0.009480931784491987;6.634238743782044;0.014455620804801584;0.18984375
1147;5.310814030064048;1.0;0.2805426190587666;0.4333151649626791;508.42389343500395;-0.023940109740942718;0.018052727868780493;6.6369531631469725;0.010185502585954964;0.147265625
1148;5.263488059936117;1.0;0.21773826581081984;0.3517246124393966;266.5398876118288;-0.023532326519489288;0.02093288074247539;6.6388365745544435;0.013135232671629637;0.183984375
1149;6.8652071700166655;1.0;0.19166511687625226;0.31261437922228674;384.217691137449;-0.011864762241020798;0.01697701937519014;6.6383299112319945;0.014532628306187689;0.215234375
1150;6.399301320110231;1.0;0.24185643465193582;0.3875792749951393;517.3046024022403;-0.016269364394247532;0.03150947531685233;6.635242462158203;0.010817864385899156;0.148046875
1151;4.590170924514135;1.0;0.2142346938689189;0.34476520778862335;645.8351797737838;-0.006032259785570204;0.009955655760131776;6.634283137321472;0.011431002838071436;0.163671875
1152;6.384380822108285;1.0;0.2608726524055881;0.4128899935789437;230.89098243587196;-0.01565424115397036;0.008952839160338044;6.636534523963928;0.015108043106738477;0.1931640625
1153;6.194834113827655;1.0;0.32120328010498633;0.476458894580124;324.8056723033579;-0.014594866034503166;0.016203887330798004;6.639025541452261;0.011633274181244465;0.14332932692307693
1154;5.95697796379283;1.0;0.20213423684800583;0.3319646280919047;482.6280305303825;-0.01651068953797221;0.009305688156746327;6.643110585212708;0.013771086209453642;0.182421875
1155;6.808281356607091;1.0;0.12776438374561266;0.22080395526090563;562.8624021205326;-0.013803985458798707;0.021731450967490674;6.643860530853272;0.009869428945239633;0.14765625
1156;7.031072190548505;1.0;0.1859583545833354;0.29641235321894976;353.8394518522375;-0.02380640044187506;0.021372105926275253;6.641800880432129;0.012859012873377651;0.1513671875
1157;6.062797251735948;1.0;0.31633881085057586;0.46967533954297985;295.2695059196201;-0.019870477309450508;0.030252000922337173;6.639117980003357;0.012312984932214022;0.1744140625
1158;3.469188624390498;1.0;0.2587483108715483;0.4074811537544636;567.1427947014294;-0.007134721684269607;0.020820455416105686;6.6357303857803345;0.01301040614489466;0.181640625
1159;6.928899775366277;1.0;0.15443802461038175;0.2608116552130318;481.81799542091284;-0.009254244738258421;0.023892003507353366;6.630481243133545;0.012076449184678494;0.1734375
1160;5.984397101224983;1.0;0.27717772552630476;0.4308719065571743;375.9508008676428;-0.013385009346529841;0.07004733085632324;6.628967952728272;0.010666226141620428;0.1431640625
1161;6.521573084209747;1.0;0.18236410635823216;0.29718220214555147;475.12106281762607;-0.010290121100842953;0.004902184929233044;6.628757500648499;0.010145519813522696;0.12890625
1162;6.1805540019578435;1.0;0.2431819947640235;0.3863384194345371;447.8670134781734;-0.00506935422308743;0.025801899982616304;6.628652667999267;0.014488851488567888;0.189453125
1163;6.226428901017941;1.0;0.32411325128367335;0.4723993087120066;256.3599908358769;-0.018243194837123156;0.02164925606921315;6.628538250923157;0.012490351125597954;0.1771484375
1164;6.282059918951944;1.0;0.21545768907382495;0.34799999479580634;482.1082264480307;-0.01170312458028396;0.0500761050110062;6.625821828842163;0.014366401107205698;0.18098958333333334
1165;6.052675696724649;1.0;0.2876603130607048;0.4384983608029864;246.1620072355666;-0.015575452574661799;0.008914637379348278;6.62716235433306;0.009398780447164816;0.12388392857142858
1166;6.055652631067867;1.0;0.255245967009095;0.40598722408057586;198.3859414607653;-0.012140400195494293;0.0684525441378355;6.627864027023316;0.015283358003944158;0.2162109375
1167;5.136103360944519;1.0;0.23072530704100375;0.36571896451460256;629.1682011128302;-0.010168252792209388;0.00789481340907514;6.629164099693298;0.011854142521042377;0.171484375
1168;6.540621607563113;1.0;0.18882235466260328;0.3117374657290374;470.47483673056547;-0.01855468484573066;0.04251393508166075;6.636943292617798;0.013822860573418439;0.182421875
1169;5.819575640534026;1.0;0.3107766604717708;0.4741102319367549;276.78737484589624;-0.01214043830987066;0.010668602492660283;6.637595701217651;0.014427948195952922;0.1984375
1170;6.583220374725803;1.0;0.20976798225087984;0.3328060585262451;376.88134576724605;-0.013504401514572757;0.029149874978299652;6.64321105820792;0.010532729178001838;0.13671875
1171;6.71597634640285;1.0;0.17679639333926514;0.29414822671759333;447.47368578476016;-0.013534947042353451;0.0200175128178671;6.648114633560181;0.009647306497208774;0.1375
1172;6.648585241882104;1.0;0.2789110601674769;0.41786221455882533;241.41536103540773;-0.008595677092671394;0.006359613500535488;6.657634305953979;0.008763924869708718;0.1251953125
1173;6.2849758472780035;1.0;0.3087502199403793;0.47428222522577945;185.6167285212833;-0.013894958887249231;0.04231721283867955;6.662290000915528;0.011705533787608146;0.1712890625
1174;6.923766924097141;1.0;0.14259948229573582;0.24309075384160206;554.5813882886055;-0.014904825761914254;0.011863645515404642;6.661721134185791;0.01082854988053441;0.1458984375
1175;4.3374969697440795;1.0;0.26303599871507566;0.4136918401005827;485.16357261217354;-0.010077353660017252;0.011634002719074488;6.6592934131622314;0.01047156355343759;0.1392578125
1176;6.38314115508431;1.0;0.14736582030833806;0.24880152555277407;628.8539819717367;-0.014345146692357957;0.02658095438964665;6.653516483306885;0.009572509035933763;0.133984375
1177;6.912483444975477;1.0;0.15099369866846912;0.25315063934241844;579.4697069653668;-0.011246479768306016;0.05248879883438349;6.651449394226074;0.012080270051956176;0.159765625
1178;5.000609229147364;1.0;0.12984180185101016;0.21979464356691486;467.08358363873066;-0.020462276879698038;0.014587678447631853;6.654407501220703;0.012047436853338565;0.15931919642857142
1179;4.934722992883923;1.0;0.2549231655926123;0.3954927716012737;487.0641627952363;-0.010997948609292508;0.026010199449956417;6.655592703819275;0.013882176496554165;0.20546875
1180;6.589147831199696;1.0;0.23520024746065438;0.37106524698755167;332.4181114245999;-0.006734787672758103;0.012253098003566266;6.656455135345459;0.011276680778246373;0.1599609375
1181;5.0384345840431966;1.0;0.27721383998793275;0.4224823734506738;325.65064875390317;-0.012441701004998041;0.01194726568288528;6.660358575674204;0.011078600628444782;0.14212740384615385
1182;6.559053538763774;1.0;0.23038717192928604;0.3585469665784914;471.85730148426427;-0.004264130722731352;0.0245390634983778;6.665143847465515;0.009388120111543686;0.1314453125
1183;6.43255391107944;1.0;0.2513464039950033;0.3868297553930408;565.1844838757758;-0.015670925239101054;0.036267174780368804;6.668021082878113;0.015431751951109619;0.1974609375
1184;6.4925389449674205;1.0;0.2032069611596213;0.3284788578864355;482.8954759491002;-0.018583154655061662;0.012213146453723312;6.673043274879456;0.015155841642990709;0.2037109375
1185;6.25349054927158;1.0;0.24301544290175853;0.3848676630088868;441.1985232645172;-0.015039096772670745;0.026895240996964276;6.679031944274902;0.010827598127070815;0.145703125
1186;5.174442764202592;1.0;0.15506778344602726;0.25717539275320644;472.5843974595562;-0.023607555497437715;0.031231827288866042;6.6823145866394045;0.012304706906434149;0.1705078125
1187;5.815707227386463;1.0;0.2857299019008824;0.4383230299545777;465.7091017545725;-0.002881564712151885;0.025778062036260964;6.68305823802948;0.010655726958066224;0.1560546875
1188;6.86093596943793;1.0;0.24477057893894236;0.3843034162559489;259.6348084416531;-0.013037574477493763;0.019965066900476815;6.685672998428345;0.012443239125423134;0.171484375
1189;6.614668149910708;1.0;0.17931952448387656;0.2934125097217962;365.68472891291873;-0.017296395916491746;0.018786981236189604;6.684669089317322;0.014809559192508459;0.1921875
1190;5.847817472650851;1.0;0.25055285432126595;0.38815148165668045;393.5428407450152;-0.014179419865831733;0.0013388979627052323;6.684662985801697;0.009141740389168262;0.1361328125
1191;6.145952704793992;1.0;0.34174512958529957;0.5077549230148457;252.2554907463288;-0.010335601028054952;0.022751173737924547;6.68527843952179;0.013624293962493539;0.1779296875
1192;5.818257477560363;1.0;0.3525566375549611;0.5127421778322065;351.4881567339599;-0.010478925751522183;0.0163199158385396;6.68718569278717;0.006748711806721985;0.092578125
1193;6.197634344114604;1.0;0.1829324712571307;0.30280373987955916;526.8096631228645;-0.006274339184165001;0.023829976702108978;6.691458678245544;0.010893715091515332;0.137890625
1194;6.420972906338001;1.0;0.14560652031326193;0.24754565879509335;811.4805729054563;-0.011595370806753635;0.03215516870841384;6.691984248161316;0.009385083382949234;0.1330078125
1195;6.77917590155643;1.0;0.15212175901440045;0.2567606822426487;508.7230977837344;-0.015356741729192436;0.023212509462609887;6.689676308631897;0.012226907094009221;0.1796875
1196;6.5749409371318634;1.0;0.1737837685622228;0.2911815192602762;696.9282971616225;-0.006845345906913281;0.028191784350201487;6.689835023880005;0.011353143223095686;0.1537109375
1197;5.869738797920213;1.0;0.32803644560114664;0.48831736434481293;247.21305321809996;-0.008824546379037202;0.009995801583863794;6.694854712486267;0.0097666937392205;0.1390625
1198;6.186316698890082;1.0;0.1705343279141717;0.2849249460649662;919.5965741849741;-0.0018702344736084343;0.02535376758314669;6.6946698188781735;0.0147964195930399;0.2041015625
1199;5.285492921794755;1.0;0.13356049350810806;0.22167409789754638;547.0981857151108;-0.008657231647521257;0.021645921654999255;6.694462299346924;0.016165138280484825;0.222265625
1200;6.72621420325644;1.0;0.14472849264945103;0.24706209312715408;580.1401459294344;-0.01595954690128565;0.008415926061570645;6.692808842658996;0.009610168414656072;0.1359375
1201;6.448641482297074;1.0;0.22750527781975086;0.35368684998988376;603.9114411251087;-0.02313953614793718;0.02228873879648745;6.686786127090454;0.01159155429340899;0.171484375
1202;3.5068739438424386;1.0;0.31236288318929323;0.4608530710241541;356.6703133575784;-0.014265375956892968;0.02988092554733157;6.678258037567138;0.011856867477763443;0.169140625
1203;5.734173195812917;1.0;0.23431822159130436;0.3564696984850314;382.6781824500708;-0.014689529407769441;0.01745906660798937;6.67779495716095;0.011703937395941466;0.1615234375
1204;6.636225685621405;1.0;0.18712989656852996;0.30382622399909304;401.2655971630041;-0.009888645401224494;0.015556672494858504;6.680082154273987;0.009273131797090172;0.12890625
1205;5.717606371615773;1.0;0.16553470362044834;0.26566216460271597;555.5164655759972;-0.007387119811028242;0.021463969512842594;6.682478237152099;0.0093778335605748;0.1169921875
1206;2.32349018597314;1.0;0.20610472230285198;0.31577527636214475;399.5734420847007;-0.01630805913162859;0.018489655389107372;6.686058571464137;0.012703515675016925;0.1630345394736842
1207;6.39206739874253;1.0;0.2649187696193255;0.40814605961245665;479.751015294253;-0.018026384990662336;0.027692929748445748;6.687487673759461;0.009664025658275932;0.142578125
1208;4.619526308931122;1.0;0.2740919171276222;0.3939188379821057;324.85327605340245;-0.006721318420022726;0.020142846927046775;6.689713025093079;0.01117954143555835;0.1611328125
1209;5.539057770942166;1.0;0.1333522429230687;0.22185298075236173;486.4036976923712;-0.018236209638416767;0.03241683888648238;6.6894727775028775;0.013345910818316042;0.16713169642857142
1210;5.988042619757141;1.0;0.3850315229180833;0.5379905356842556;144.00896393869346;-0.00919874757528305;0.09131802704471809;6.695436771099384;0.00991134775372652;0.12469951923076923
1211;2.2923737056928717;1.0;0.2185415304307729;0.3394599836967652;538.1516135124199;-0.017759597720578314;0.006633703806437552;6.698250031471252;0.013733361975755542;0.1875
1212;5.9122402916592405;1.0;0.20615098982346597;0.32234021258473106;525.5680536173699;-0.008714782336028293;0.04353801775723696;6.698474764823914;0.01093266358366236;0.1416015625
1213;5.353438037655187;1.0;0.19410504100312145;0.3026256579414917;651.5799136091165;-0.006904208892956376;0.004372850037179887;6.694271516799927;0.00818246757844463;0.1189453125
1214;6.433302186280608;1.0;0.2251863236920774;0.3411277685262571;335.9529445374997;-0.002499179309234023;0.05343703171238303;6.699028658866882;0.01142171025276184;0.1671875
1215;5.080732360208958;1.0;0.38022153686987986;0.5236901870453029;258.59632003334195;-0.008098738151602447;0.015254105580970645;6.703327560424805;0.012050247029401362;0.162109375
1216;3.7279491374771383;1.0;0.1354742065900475;0.21743071895737323;654.1866745622893;-0.013082257611677051;0.04674342656508088;6.702713894844055;0.011425950727425516;0.158984375
1217;7.150810510263685;1.0;0.22106753518216313;0.3466666184216888;332.66012250690136;-0.010492238812730648;0.015086080238688737;6.696438163518906;0.013172715669497848;0.177978515625
1218;3.005953485183572;1.0;0.18339961093785292;0.29462972057536085;814.7112654179505;-0.019146684743463992;0.008342313091270625;6.699160552024841;0.012934900319669396;0.175390625
1219;5.944459235072701;1.0;0.36641630065578873;0.5233704829886905;312.95554636850005;-0.008745977987668343;0.047338519511478286;6.705072334834507;0.012307457559342896;0.16294642857142858
1220;4.754924162765605;1.0;0.25690249743613314;0.38819427096567166;586.760847736435;-0.009274207148700952;0.0030370781430974604;6.706610083580017;0.009605939569883048;0.1353515625
1221;4.994409357013199;1.0;0.12624125628365776;0.20830200844087707;542.3071213324429;-0.02068853050004691;0.034855686500668524;6.709608197212219;0.014133478817529976;0.19765625
1222;6.196479377583554;1.0;0.26297353569713017;0.39469680134032253;389.9227745319939;-0.008402451872825623;0.03977234344929457;6.708119797706604;0.007930965337436646;0.106640625
1223;4.0148509913041845;1.0;0.20646866814323292;0.31956921053230775;397.0125443294628;-0.016253319196403028;0.035126416897401216;6.710538768768311;0.010878470272291451;0.1525390625
1224;4.989515630934382;1.0;0.2886738820144365;0.41732926668007947;272.58392679478965;-0.008267177967354655;0.023776072822511197;6.708390688896179;0.013139921647962183;0.1736328125
1225;3.8793360220579665;1.0;0.23425315995534174;0.3520314080316967;440.923863324158;-0.0169787107501179;0.01101695855613798;6.7053783416748045;0.013805882772430778;0.1748046875
1226;4.636177949393181;1.0;0.29031431845913647;0.41330603344102634;334.7518024518501;-0.009942228230647743;0.017898520966991783;6.706503176689148;0.012943990784697235;0.1681640625
1227;6.733421177430232;1.0;0.19277760559661422;0.31410447508549;560.9080047418166;-0.011088582430966198;0.017540997266769408;6.703063154220581;0.01542394026182592;0.2162109375
1228;6.407355117720128;1.0;0.4196070357642432;0.6022805550313897;108.61257798872248;-0.013060462241992355;0.035487794876098634;6.698382711410522;0.01021430444670841;0.150390625
1229;5.427476115547634;1.0;0.21635469215661712;0.32846405722546934;561.7654650060964;-0.014975373167544603;0.027811329020187257;6.697249150276184;0.010026812856085598;0.13984375
1230;6.092640379372097;1.0;0.3584213808559908;0.5221633842767996;254.69847224558438;-0.008558691991493107;0.018133043916895984;6.70324604511261;0.009825853200163692;0.1302734375
1231;6.456094988313412;1.0;0.29569939001613194;0.4466599275711715;327.2082139023278;-0.010072820307686924;0.0030636149924248455;6.703823399543762;0.008638608851470053;0.1197265625
1232;4.733724774023831;1.0;0.10231330331880156;0.17033776397324266;912.3101456268704;-0.010975589416921139;0.016560362884774804;6.700857138633728;0.010465963743627071;0.1419921875
1233;5.412931768631887;1.0;0.18718900864309046;0.3050059635259679;687.8625823466093;-0.013489639712497592;0.027059702295809986;6.701212406158447;0.011899615288712084;0.169140625
1234;4.295830368017378;1.0;0.10767064089945633;0.18513585606578692;1078.5808832784412;-0.023333896616739885;0.0267444312173341;6.705422639846802;0.013354873218174492;0.17047991071428573
1235;4.944797702266643;1.0;0.19506793239698766;0.298374232506684;509.21246032288605;-0.012418116070330143;0.00521087886299938;6.7056262493133545;0.012237475044094026;0.157421875
1236;5.427636549158542;1.0;0.21782340398438707;0.3334990559309657;466.63483410397697;-0.01199809592217207;0.016495031118392945;6.7048873662948605;0.010167277790606022;0.155078125
1237;6.257253760899944;1.0;0.23779451985832178;0.3690263834008858;472.6146850911123;-0.009862249949947;0.023393987305462362;6.71068000793457;0.009548997192177921;0.1337890625
1238;7.023905888014884;1.0;0.209943267590178;0.33378476693783615;284.01621873888143;-0.009996785642579198;0.04127522362396121;6.710353207588196;0.011718007177114487;0.1572265625
1239;5.688231502873414;1.0;0.16271511110496428;0.2613334946325235;451.5098326764062;-0.010615436173975468;0.009956610342487692;6.7100646734237674;0.01005272165639326;0.1392578125
1240;3.2805950285085426;1.0;0.34320708986521076;0.49424292118190627;295.1139532072076;-0.008172392146661878;0.022917467821389436;6.711260867118836;0.008595195831730962;0.1185546875
1241;5.242127681544572;1.0;0.17377599016779854;0.27428600441126283;451.4604095744394;-0.014188014855608343;0.0037038186215795576;6.718500018119812;0.010555081418715417;0.146484375
1242;6.051988466864893;1.0;0.37756533824602934;0.5585784204987103;250.33717655400892;-0.012264262791723013;0.004059044923633337;6.721457934379577;0.008788425696548075;0.1244140625
1243;6.385753920699345;1.0;0.2692783900535073;0.41363677822959966;409.6360407925341;-0.010302753624273464;0.0465730942087248;6.722731411457062;0.011611118708970025;0.143798828125
1244;6.313783160020307;1.0;0.45461757712023887;0.6372674422891076;132.38951414454235;-0.010625394829548895;0.03575148787349462;6.719145178794861;0.009711730584967881;0.1416015625
1245;7.006663801833042;1.0;0.23331668924671006;0.3691313493324699;251.6946160798222;-0.0067924396367743615;0.03426526254042983;6.713065457344055;0.009322297747712583;0.13359375
1246;6.085895612314911;1.0;0.3939861600039883;0.5643998660684377;162.43842050774361;-0.012206826545298099;0.008555927709676326;6.714299249649048;0.00857168179936707;0.12109375
1247;6.1496265554198795;1.0;0.42090373078797805;0.6110802203011895;144.89317890831563;-0.005747306036452452;0.017823837387065094;6.714234129587809;0.011141938374688227;0.14895833333333333
1248;2.117341947819013;1.0;0.41395129179979545;0.5722249634835616;268.77824687907224;-0.0109307243488729;0.009115439443849026;6.71332585811615;0.00992310227593407;0.12734375
1249;6.196484034454891;1.0;0.23729713203959743;0.3659115016872025;663.0207510663378;-0.01947472628671676;0.03814698969945311;6.716202616691589;0.013358929939568043;0.196875
1250;5.486392604906143;1.0;0.12137173837631336;0.20116169889728142;649.3524445638167;-0.013796528708189726;0.019030281621962786;6.714297270774841;0.012727005255874247;0.1779296875
1251;5.455403649631005;1.0;0.23061988585584872;0.3665740007313468;319.28218124674817;-0.00605313970008865;0.03065730689559132;6.712299704551697;0.008080649911426008;0.10625
1252;6.961154974047478;1.0;0.18424941737392186;0.30605207335807477;426.6351082067907;-0.010612746747210623;0.02308612815104425;6.710885024070739;0.01591901291394606;0.2064453125
1253;6.7362016622255645;1.0;0.1359860518751266;0.23870854166270708;708.3921207388667;-0.007122737960889936;0.014035935595165938;6.708273935317993;0.010549948457628489;0.151953125
1254;4.478437198874596;1.0;0.33371775850984026;0.4783287723128493;251.70608888878306;-0.005596776492893696;0.03419999340549111;6.7004855394363405;0.01239343243651092;0.1783203125
1255;4.849404415035238;1.0;0.34940359613014677;0.5168072910598086;407.2261303533426;-0.009195712674409152;0.04244639966636896;6.696753978729248;0.008099582989234477;0.10703125
1256;6.159776137846662;1.0;0.29366743159820285;0.44404619167990456;443.3778927783437;-0.013381643407046794;0.0232040180824697;6.702426743507385;0.009239870018791407;0.1291015625
1257;6.253317990709888;1.0;0.29585418388798407;0.44807450345393374;359.850206256507;-0.01775416233576834;0.01767098777927458;6.710228300094604;0.010145687486510725;0.1373046875
1258;6.721123580591816;1.0;0.25951792271056967;0.40416035891036445;516.0681333186608;-0.019469163194298745;0.009358606487512588;6.715610146522522;0.010921341285575181;0.1419921875
1259;5.770334309434182;1.0;0.3881947192338477;0.5709778065490017;210.59765782096636;-0.018141408683732152;0.012940040044486522;6.717308306694031;0.010347294434905053;0.1431640625
1260;3.4756254144908403;1.0;0.14778414188776165;0.22865044475478633;547.7847951687742;-0.016926912404596806;0.006687896372750401;6.721321654319763;0.01009250987553969;0.140625
1261;5.264541175834214;1.0;0.16709812750976213;0.26179198582772883;368.4088785204809;-0.003906560386531055;0.015238363877870142;6.723353719711303;0.012079162674490362;0.16171875
1262;6.503419227904169;1.0;0.3105179027140776;0.4857215444419233;247.6224516019757;-0.015855925774667413;0.026574730454012752;6.726309704780578;0.009747645992320031;0.135546875
1263;5.203319539004141;1.0;0.14968633122503988;0.2387894762570148;609.1191769919678;-0.008659907523542643;0.02039173524826765;6.728074455261231;0.011881213926244527;0.16640625
1264;6.2802846751866035;1.0;0.3033711133284202;0.4610392946177988;289.91050459236646;-0.016056830622255804;0.026152476901188493;6.728795433044434;0.012238644098397344;0.1830078125
1265;6.092062337984798;1.0;0.29867480377513445;0.4625138163737005;330.70105866776834;-0.012905077124014497;0.0121737853391096;6.728169202804565;0.01490039904601872;0.205859375
1266;4.713729928767295;1.0;0.24663121226561813;0.3781326053911626;386.61439708908;-0.015579869016073644;0.05024758754298091;6.725475549697876;0.011303051770664752;0.159765625
1267;6.665562980457089;1.0;0.16259458533001142;0.26995971157050136;655.34767740504;-0.013938235072419047;0.03231965648010373;6.724630689620971;0.00987865764182061;0.1283203125
1268;5.294261833354049;1.0;0.20527868836945531;0.3100239083807117;391.5829699107473;-0.014795540412887932;0.010375824570655823;6.722447204589844;0.009004892350640148;0.1306640625
1269;5.297654887187795;1.0;0.1957175155144603;0.2912897250958519;313.18647315302013;-0.003055023867636919;0.0077000821474939585;6.7199502944946286;0.011760145693551749;0.159375
1270;5.872977049103033;1.0;0.3687130367576253;0.5546523457193511;203.98969248883782;-0.0044405339285731316;0.059484540671110156;6.723203444480896;0.011637266818434;0.1658203125
1271;-0.13074152331740008;1.0;0.26363263255501235;0.4010672385981302;355.9735249765878;-0.009159511607140302;0.005263606831431389;6.7250779390335085;0.01065367462579161;0.1486328125
1272;6.073974933569659;1.0;0.42087736023950817;0.6058088316896576;223.22322597543152;-0.011773142078891397;0.024688452621921896;6.723029661178589;0.013218369137030095;0.1853515625
1273;6.592155133073869;1.0;0.3076707832169433;0.4525414446835234;447.1237648862496;-0.014025801420211792;0.04365794314071536;6.724744915962219;0.0164649813901633;0.2037109375
1274;6.7653905739396265;1.0;0.2997373416677184;0.4476173051031611;329.36206847981316;-0.01362364529632032;0.007845443510450422;6.728383231163025;0.011122718011029065;0.160546875
1275;3.835786848727282;1.0;0.19656560872441867;0.30274199844895544;399.61634030794676;-0.009006439615041018;0.0023502026102505623;6.734922480583191;0.010713454335927963;0.151171875
1276;4.383527399854533;1.0;0.21420566065844002;0.328164286976751;356.7581646586926;-0.013334056409075857;0.021926901675760745;6.733379650115967;0.00923665288137272;0.137109375
1277;4.108588013437049;1.0;0.16519340417091835;0.2642758216575766;384.3902538575038;-0.019578718557022513;0.022212941898033023;6.731906843185425;0.011529259046074002;0.15703125
1278;4.959370343717213;1.0;0.11190289015590016;0.18834527263824746;726.3366702375654;0.0014736388809978962;0.020567780267447232;6.730432939529419;0.010067275050096214;0.111328125
1279;5.845215740350778;1.0;0.32861461115110485;0.4913967771303182;338.36238643211993;-0.01442834292538464;0.005486000329256058;6.7268287420272825;0.01141397908795625;0.1662109375
1280;5.241938300876026;1.0;0.28660265117181205;0.42936669213516954;471.17156826165086;-0.016172320302575826;0.022881671274080872;6.7280271530151365;0.012535453960299491;0.1763671875
1281;5.54342513207248;1.0;0.15627121955510725;0.2511151165179021;469.8667697117119;-0.008989972714334726;0.0215942376293242;6.726838850975037;0.01335603769402951;0.1873046875
1282;5.2689480535176525;1.0;0.3001999479174872;0.4593174651537081;307.2268799074627;-0.01791855599731207;0.005839643778745085;6.72413477897644;0.011976054054684937;0.1640625
1283;5.423575026752468;1.0;0.12981681115209964;0.21341347002359287;557.9391344921179;-0.013987653236836196;0.006413275701925158;6.718285703659058;0.010661895456723868;0.1392578125
1284;6.799545790230873;1.0;0.2756645403654402;0.42857527824952496;398.94281545422047;-0.012615726841613651;0.020421522948890925;6.71851077079773;0.009353737463243306;0.1337890625
1285;3.3030107538517215;1.0;0.22685892373924899;0.32542305796264026;296.5916335025453;-0.016300711408257486;0.01632848005974665;6.719498467445374;0.01427972704404965;0.18203125
1286;3.844174462763151;1.0;0.18472364158880317;0.29128418267238854;375.7240062857265;-0.016034997743554415;0.03973654108121991;6.722365736961365;0.013581528048962354;0.1916015625
1287;6.5597144960394065;1.0;0.3028817960609501;0.4532652631735534;390.8677935872963;-0.008607189799658955;0.0074609404662624;6.7249414920806885;0.010181554744485765;0.1443359375
1288;5.645256258263808;1.0;0.1234316524406256;0.2031383934729996;680.1816620872363;-0.006645419355481863;0.026173999020829796;6.728892302513122;0.012201806239318103;0.16875
1289;4.961307245510716;1.0;0.530236260072793;0.7159911616663143;123.69941176570123;-0.009578275051899255;0.006252005789428949;6.7285181999206545;0.009105608577374368;0.1353515625
1290;4.77427038773257;1.0;0.18919403490263978;0.2949979501916335;322.5623833584619;-0.00777471661567688;0.02810670817270875;6.7256406307220455;0.009921392262913286;0.1421875
1291;7.091174386546781;1.0;0.2320070281184223;0.3653724472527343;378.28151583125936;-0.006602856051176787;0.027227457077242435;6.725172662734986;0.010708417126443237;0.13984375
1292;5.985372778494839;1.0;0.417477795047276;0.614063424242384;216.10312013370117;-0.02032026634551585;0.01727981404401362;6.724137568473816;0.012971441156696528;0.1671875
1293;5.04392864931317;1.0;0.14471792167293662;0.22824306322375942;563.6688933247231;-0.012632799631153995;0.008720951578156515;6.723721981048584;0.01451007880016484;0.18146306818181818
1294;4.918197238812686;1.0;0.22126593783397622;0.33293453200023476;240.60262674002556;-0.00938227130100131;0.008273440413177013;6.722629737854004;0.01032468540361151;0.15
1295;5.930199443473743;1.0;0.2203107665786549;0.3352350248199;299.1641061685699;-0.010915954830124974;0.010668224911205471;6.723112344741821;0.011464850697666406;0.1580078125
1296;6.455439728192897;1.0;0.3813281079192896;0.5557538073135089;256.6253001499191;-0.002347256103530526;0.020105524547398092;6.721536469459534;0.007734572899062186;0.1078125
1297;6.52049523159145;1.0;0.33883334158101747;0.49471868038587147;330.6080205937323;-0.013773442478850484;0.015054237167350947;6.719441175460815;0.011813608068041503;0.172265625
1298;6.79435829562101;1.0;0.269969853326935;0.4111949167638173;293.44580918556494;-0.01611006734892726;0.038911549979820846;6.7217093229293825;0.014714242285117507;0.19921875
1299;6.203487760943078;1.0;0.3494369392623377;0.5223821443293724;276.095996528087;-0.008918455300422816;0.016766869033185337;6.7254755313579855;0.009168778707344945;0.11688701923076923
1300;4.95727938088254;1.0;0.20378043452201394;0.3110443622137803;453.05213631415825;-0.014833475719206035;0.00905300157610327;6.722560071945191;0.008732371975202113;0.12890625
1301;5.7294639540976195;1.0;0.34217348936823705;0.5206230794293025;203.65815803980084;-0.018925615726038812;0.02060650042258203;6.718340921401977;0.014573884918354452;0.2060546875
1302;6.001884435625348;1.0;0.2363322595476769;0.3657566339829573;606.5649692343391;-0.004473585728555917;0.02741425819694996;6.713634085655213;0.009936508582904935;0.1361328125
1303;6.5427890418601695;1.0;0.47036156928229106;0.6561023212264361;110.90419720045577;-0.018723609438166023;0.010594800557009875;6.708166694641113;0.01500595707911998;0.21015625
1304;6.300751087976858;1.0;0.34724145854029087;0.5139169440461212;181.5489460969815;-0.005184854660183191;0.01972656906582415;6.7073246717453;0.008914824842941016;0.1255859375
1305;5.506989772568169;1.0;0.1315439427046674;0.22026613840676063;565.1805445038173;-0.006992754386737942;0.012074554758146405;6.708372402191162;0.009780831017997116;0.142578125
1306;5.134434529604721;1.0;0.21206885185034;0.3283081728175744;346.31100052327827;-0.013539944309741259;0.012538316613063216;6.708077549934387;0.007869198091793806;0.103125
1307;5.169932553897637;1.0;0.18029608536551905;0.27894277527366135;439.3069823223536;-0.008609519666060805;0.0484430561773479;6.705641102790833;0.012229326879605651;0.1685546875
1308;6.707060394631899;1.0;0.291187349706401;0.4245001986803983;377.99572687960915;-0.012908753659576177;0.005688711872790009;6.701455211639404;0.011230003647506237;0.1560546875
1309;6.500654736296454;1.0;0.22859530792352642;0.34187238887858257;315.92538568169755;-0.006113560637459159;0.034531364508438855;6.700006902217865;0.009653554356191307;0.12548828125
1310;4.7265206736675855;1.0;0.16830306997991235;0.25093172014959675;417.87966509613204;-0.013769988110288978;0.014167320379056037;6.703397536277771;0.009458175825420767;0.13671875
1311;6.628909147468476;1.0;0.2567194315591272;0.39971837770900437;489.0603976906725;-0.0076000472530722615;0.05103706056252122;6.707831478118896;0.011016853246837854;0.145703125
1312;5.483935522336463;1.0;0.21983315711513818;0.3364117062536967;367.6501014606437;-0.014120225422084331;0.010567805333994328;6.709488797187805;0.016844960988964885;0.2119140625
1313;6.37299271189403;1.0;0.3364780960952108;0.4916971479041423;253.74926738188876;-0.008861000905744732;0.021858550468459727;6.707204127311707;0.00986812924966216;0.12421875
1314;5.953465041731469;1.0;0.34294676196177665;0.5242235553089121;176.39571468821944;-0.015403237799182535;0.004018131026532501;6.702167344093323;0.011159040546044708;0.1509765625
1315;6.31472343010914;1.0;0.3789094649753476;0.5487170667628255;126.79884279115109;-0.016325219813734294;0.011168432352133096;6.696754074096679;0.009724125463981182;0.138671875
1316;6.145579223468404;1.0;0.19474753837046088;0.3064783534894161;426.8040251779643;-0.009965750575065612;0.05411520833149552;6.696276235580444;0.01024012592388317;0.14140625
1317;5.544524246773641;1.0;0.315348037730498;0.46999083132598934;379.326934981574;-0.012279740301892161;0.008258559810929;6.689115595817566;0.01254531879676506;0.1515625
1318;6.004770003086698;1.0;0.4168650695820876;0.6209559193872454;199.536937595897;-0.0018394386395812034;0.007316482183523476;6.683784341812133;0.009676799597218632;0.1390625
1319;6.526237058320851;1.0;0.2159842618214695;0.34401266447937173;365.94260677015484;-0.013873579306527972;0.01936122339684516;6.684186172485352;0.01283759344369173;0.1626953125
1320;4.187768894909772;1.0;0.22621340887092964;0.3486416250101142;455.363791290949;-0.005190014373511076;0.030610020086169244;6.680990433692932;0.010247004718985408;0.1537109375
1321;7.137726996143424;1.0;0.2634182491067282;0.41091124075033636;248.10720499659834;-0.015264054341241718;0.034954472724348304;6.675687909126282;0.009131328552030027;0.127734375
1322;6.3161555888958265;1.0;0.3803091586280134;0.5493960508473298;263.09290273679846;-0.016923102363944054;0.016291031916625797;6.67857973575592;0.012845439941156656;0.1724609375
1323;6.1441277224091735;1.0;0.2505228770587423;0.3809313588201087;235.03588200783355;-0.015768540324643254;0.013137085572816431;6.681504631042481;0.009359919524285942;0.131640625
1324;6.638025512420285;1.0;0.2879263914039597;0.45212187336207216;323.7270868560207;-0.022960573341697453;0.005431259085889905;6.6805931568145756;0.012479324918240308;0.180859375
1325;7.282748307521304;1.0;0.22081769710355972;0.3554529301985864;325.3149248745434;-0.012783030839636922;0.018018077220767738;6.680294060707093;0.013216527423355728;0.17421875
1326;3.4830574982215254;1.0;0.40460926838651406;0.5899761696253191;321.93170280062543;-0.0071453247917816045;0.028991479612886905;6.682120943069458;0.01169536953093484;0.1724609375
1327;6.894629752836382;1.0;0.27512304529761505;0.42565434754853043;395.9792231568513;-0.018478609435260297;0.022554312832653522;6.6849770784378055;0.01050822309916839;0.1578125
1328;1.4642440557920882;1.0;0.2400275859378152;0.3561579031887459;439.9764759937023;-0.008973990776576101;0.014288287423551083;6.683517646789551;0.009133173280861228;0.1203125
1329;1.3605706396327255;1.0;0.24754789507228095;0.37183907088935947;251.54849789741158;-0.0033612271770834925;0.005391169502399862;6.6834505796432495;0.010283979214727878;0.1470703125
1330;6.637873294620571;1.0;0.23596111687409768;0.3734357842114429;262.9869256825694;-0.013623658893629908;0.015937951719388367;6.6788123607635494;0.011521400907076896;0.1638671875
1331;5.397557894841226;1.0;0.2686392223217971;0.4167931091587719;334.33183851982204;-0.012446620035916567;0.03902340242639184;6.675580596923828;0.013118312845472246;0.19453125
1332;2.912040195192868;1.0;0.21222212897640177;0.33794143308109587;405.98458575643224;-0.0066406979691237215;0.007819093996658921;6.676371908187866;0.009752869908697902;0.129296875
1333;5.377376721152212;1.0;0.2729888081309631;0.42389960491595197;507.65222052493556;-0.01845941124483943;0.021084610559046268;6.688897943496704;0.014677619514986872;0.190625
1334;6.532690699321427;1.0;0.16325552812538932;0.2718625476315977;475.42753209145576;-0.014203923940658569;0.003976772434543818;6.697394013404846;0.01096579673467204;0.15625
1335;6.146673944252459;1.0;0.22780548016285693;0.3468903183907862;351.98426698472434;-0.0100469421595335;0.01892455779016018;6.697837615013123;0.011973438085988164;0.1494140625
1336;5.336059759958239;1.0;0.1835662353373298;0.29256908933082065;405.4368551265395;-0.023016807390376925;0.005019522435031831;6.693289184570313;0.012313899141736329;0.1681640625
1337;4.5989112825530105;1.0;0.2658679809969341;0.41504640496738904;339.5504070564689;-0.010229438450187445;0.0114795648958534;6.694104480743408;0.012382689211517573;0.1521484375
1338;6.5531336871193435;1.0;0.44020844001561515;0.6276962622317416;116.55576992693491;-0.016935226507484913;0.025215077865868806;6.701449584960938;0.012719411577563733;0.17890625
1339;5.759849498162137;1.0;0.3492667189659639;0.5162372744378007;379.15311915384234;-0.004491064371541143;0.015055710170418023;6.707513546943664;0.010010368342045694;0.141796875
1340;4.685025240400076;1.0;0.23580104737057206;0.3463980401738291;414.85627848851664;-0.015211476525291801;0.005067388922907412;6.709973406791687;0.010699024761561305;0.1474609375
1341;6.501539548240184;1.0;0.27599271747092313;0.42598408464217447;494.53634555786806;-0.008943644585087895;0.0028377368405926974;6.713494277000427;0.014334902935661375;0.186328125
1342;6.5694915838896275;1.0;0.19623371669944395;0.31469719696843296;620.5698202803071;-0.004705497995018959;0.01960830483585596;6.718916034698486;0.010789585427846759;0.1412109375
1343;5.398409951915195;1.0;0.12623278816714167;0.21218121990209998;747.0032708269041;-0.00895625720731914;0.02416484383866191;6.719070363044739;0.010558642307296395;0.155859375
1344;6.277546219062013;1.0;0.4791044088622845;0.678072987135046;205.1278673123637;-0.013756278296932578;0.028127605514600872;6.717059922218323;0.011046107986476272;0.16171875
1345;5.8906485193424025;1.0;0.234379732599875;0.3724574727024317;388.8083567562979;-0.019869937747716903;0.005431101634167134;6.7150274276733395;0.010739215090870858;0.1546875
1346;5.009192631064389;1.0;0.1413448049088298;0.2276625231876857;561.6835253642322;-0.011741626914590597;0.012970025464892388;6.720528507232666;0.01108912224881351;0.1515625
1347;6.301590304533333;1.0;0.1294970617311895;0.2176954925842011;573.7168439353576;-0.008731640595942735;0.014139161398634314;6.725455951690674;0.013325064547825605;0.1892578125
1348;5.664522445377851;1.0;0.2289054435088303;0.36341464007977203;430.39117089624847;-0.004229939263314009;0.008399998350068928;6.729888010025024;0.008653418719768524;0.117578125
1349;3.9765616078353694;1.0;0.34098126534944156;0.4935426211629909;164.53261986200877;-0.011060509271919728;0.03610972054302693;6.730461573600769;0.015057961246930063;0.1982421875
1350;5.447947065479147;1.0;0.25732688675098025;0.39225378611846606;565.6758944522508;-0.019612815277650953;0.020398925943300127;6.729830241203308;0.01285681155277416;0.1849609375
1351;5.60566228780034;1.0;0.12888019212657414;0.22033617264565555;641.3085082387981;-0.01434769514016807;0.02820998979732394;6.731482672691345;0.014703715755604207;0.20078125
1352;5.170360249708208;1.0;0.18278592190692355;0.3050802529371501;347.55436446256726;-0.012362614553421736;0.005836336966603994;6.731863069534302;0.011970243952237069;0.134375
1353;4.5493579130562045;1.0;0.3059010408685163;0.4689116585222941;440.8695258170402;-0.01405553543008864;0.006572139845229685;6.735416126251221;0.010932929546106607;0.159765625
1354;5.221244303048192;1.0;0.21976184334464618;0.34462247289240355;439.81931983320106;-0.010352185787633061;0.009314705803990363;6.739963889122009;0.011373010079842061;0.152734375
1355;5.835675350068031;1.0;0.207217221865354;0.3290292168669391;375.2424750672496;0.004681852436624468;0.013870678562670945;6.744752597808838;0.01225816011428833;0.15859375
1356;5.51041924762518;1.0;0.16704133650170416;0.2791062554308849;575.157159175155;-0.016317252814769746;0.028618737123906612;6.752553820610046;0.012996955553535371;0.162109375
1357;1.7668997497022452;1.0;0.2096093201610098;0.3403614178848809;495.69264585195504;-0.011239267839118838;0.023446254688315092;6.758148527145385;0.01027066889218986;0.14296875
1358;5.2906357126690775;1.0;0.28747347178417126;0.4492534212460698;424.95419953706937;-0.014783997880294919;0.003715970634948462;6.753433322906494;0.010572006716392935;0.1529296875
1359;4.969312973028929;1.0;0.30960269570788435;0.47388738677366415;295.17762996408385;-0.011726679746061563;0.0033878891146741806;6.744575953483581;0.009475518623366952;0.142578125
1360;4.654610496242188;1.0;0.31387051610944405;0.48461519141771037;299.4469517213395;-0.009354920638725162;0.015742273721843957;6.741523265838623;0.012127140071243048;0.177734375
1361;3.628518052631323;1.0;0.3206686978349838;0.4849428769839028;268.515150588467;-0.007976038008928299;0.007937480579130352;6.743716883659363;0.009301869664341211;0.1361328125
1362;4.948930656236659;1.0;0.13769521997869533;0.2318489996915587;627.1834974079185;-0.017740614945068955;0.009220570069737732;6.744664120674133;0.009757343388628215;0.14375
1363;6.137578247149872;1.0;0.31451797875697496;0.47945943730558716;261.70732703029;-0.008610692969523371;0.004345080733764916;6.752822208404541;0.009536579309497029;0.1337890625
1364;5.321427050612709;1.0;0.20277920468018126;0.32862781866899976;403.8129170409014;-0.0038131487555801867;0.008244559669401496;6.763215112686157;0.011874346539843827;0.16953125
1365;5.835254840488993;1.0;0.1990225823336669;0.3166328369795748;405.6902493894194;-0.004279631190001965;0.011671887338161468;6.770564413070678;0.01164957219734788;0.1509765625
1366;5.2980297288384435;1.0;0.169200123752018;0.27170684320091615;344.1327808214629;-0.012269714567810296;0.023815510235726832;6.773589777946472;0.012086265895050019;0.1685546875
1367;5.258635307369201;1.0;0.10205436739697592;0.1816569097660104;686.7984421180007;-0.018222450092434884;0.0189922159537673;6.777829551696778;0.013871167658362538;0.198046875
1368;3.1508500158658777;1.0;0.2619097749987307;0.3980987153320751;394.04153767726626;-0.012270472757518292;0.041088449861854316;6.7773398637771605;0.011631146678701043;0.1591796875
1369;6.769029592451208;1.0;0.3626703427639778;0.5579720285309483;154.94488266299257;-0.014954546885564923;0.02481015627272427;6.775028133392334;0.01238447087816894;0.1822265625
1370;5.574924409427963;1.0;0.11845483942649736;0.2048543148053212;654.6230405216585;-0.02131320454645902;0.004240137920714915;6.7655616998672485;0.011000925663392992;0.1533203125
1371;3.6798649413165823;1.0;0.18240621089449452;0.30622280118397094;436.80793737693324;-0.007197518460452556;0.0027182376594282686;6.759475636482239;0.00883171841269359;0.125
1372;6.266466849289163;1.0;0.17241383020312973;0.28345627417140323;420.19609485975997;-0.00434627803042531;0.0038072105147875846;6.761415266990662;0.010791629645973444;0.136328125
1373;2.7546040004823413;1.0;0.35745250016803864;0.53706012008926;307.5238869260649;-0.01392225194722414;0.0056089735589921474;6.769917607307434;0.009895464207511395;0.141796875
1374;5.356402799108743;1.0;0.11713922179827664;0.19997714351947923;572.7488897111602;-0.010417975392192603;0.011879932577721774;6.772581791877746;0.009336873493157326;0.130859375
1375;5.324907859813521;1.0;0.2632064435707648;0.41391275793375476;359.5784526889211;-0.009589840075932443;0.007337902626022697;6.771765160560608;0.009353537566494197;0.1318359375
1376;1.6649050983168623;1.0;0.1936016568267321;0.3075151320958027;447.99815591565385;-0.011526816105470062;0.05735239777714014;6.7741652727127075;0.010945645847823472;0.144140625
1377;4.686407563541709;1.0;0.28296292899149095;0.4271594965876055;439.10513985591;-0.01358300617430359;0.004239227576181293;6.773564720153809;0.008489909989293665;0.12265625
1378;6.017466830095614;1.0;0.4543216354194358;0.6541942167181183;266.4528094391478;-0.004109041159972548;0.03222217094153166;6.777279162406922;0.011782913736533373;0.1693359375
1379;5.637401981277148;1.0;0.25793688800450937;0.4005233914964428;471.70365203005997;-0.00983833596110344;0.0108876095386222;6.777568745613098;0.009566228452604264;0.1400390625
1380;5.724626401916839;1.0;0.1758116955852776;0.2916179216084917;492.115234133892;-0.01757867746055126;0.018224449874833227;6.781617999076843;0.010267321055289358;0.146484375
1381;4.601888966242062;1.0;0.19388914865266343;0.3099471171052547;691.4544927038204;-0.010780813824385404;0.00489472784101963;6.779677963256836;0.009201234055217356;0.1341796875
1382;5.848039929203154;1.0;0.17322015395792695;0.2802233225384259;444.5160894968533;-0.011146220192313195;0.009501268924213945;6.7782903671264645;0.012910971161909401;0.1849609375
1383;6.405843945212497;1.0;0.315483218043657;0.46557278762688403;494.4004861972254;-0.015671887900680304;0.004104409320279956;6.776173162460327;0.013395200308877975;0.1728515625
1384;6.423447798457784;1.0;0.3318541457363985;0.48706819431068;406.75291870037137;-0.012307804031297564;0.053965979069471356;6.773249793052673;0.013064541690982878;0.1767578125
1385;5.049265664855745;1.0;0.25467538593461614;0.36788822536389837;418.6524136031298;-0.009170119118477617;0.015949595719575882;6.771258660725185;0.010962522572039493;0.12220982142857142
1386;5.892119923846636;1.0;0.35588484974167034;0.5211672921289265;180.9293912028834;-0.013315588980913163;0.018197778938338162;6.769514560699463;0.01561637920094654;0.1982421875
1387;2.853641813822163;1.0;0.20120881657907067;0.3130717874348261;680.1538312931918;-0.012596580386161804;0.015418933145701886;6.771330261230469;0.0122813941212371;0.1537109375
1388;4.919408878892423;1.0;0.24483128051548336;0.38575041975498586;452.5059864488526;-0.017756354715675115;0.020259455451741813;6.775016117095947;0.011855680029839277;0.16015625
1389;5.745620522385488;1.0;0.18666239337485324;0.2779982021072855;334.78582474764073;-0.014121999125927686;0.018228835659101605;6.774064064025879;0.012166818405967205;0.17421875
1390;6.14854272032535;1.0;0.16375466612493172;0.2745116719597583;467.93695480411617;-0.013914492997256193;0.01731132453476841;6.777678142894398;0.012822950915010138;0.16796875
1391;1.6404665964483272;1.0;0.40014355512350197;0.5550970120483192;362.0404141376631;-0.015316100930795074;0.012764525786042213;6.78073468208313;0.013255336810834706;0.1890625
1392;6.149509595540976;1.0;0.23325599027594643;0.37137470632048003;332.2615410719258;-0.01203376604244113;0.016001535998657345;6.784974122047425;0.011713207454886288;0.16484375
1393;4.494683162264897;1.0;0.1777534533978981;0.2454100125276036;472.39861458417334;-0.012208917504176497;0.022813733015209437;6.787673449516296;0.00951800299808383;0.1369140625
1394;7.1554011280384024;1.0;0.24610711809565386;0.37408792188560186;404.44320287869857;-0.010259471647441388;0.015471077105030418;6.789959406852722;0.009891177422832697;0.1416015625
1395;4.466862575573014;1.0;0.1837488563054957;0.30402516144500297;341.1085210563416;-0.012310947850346565;0.009141475986689329;6.794966697692871;0.009977340733166784;0.141796875
1396;6.700583280320829;1.0;0.39753928321974297;0.5842858177313058;195.4224560575001;-0.01454544102307409;0.013013476599007845;6.797265267372131;0.012515554868150503;0.1826171875
1397;6.178375430630096;1.0;0.21534427134832945;0.340009451919561;463.4278879972296;-0.016769826924428344;0.014812584035098553;6.795993113517762;0.013356133061461151;0.180859375
1398;6.683562075200805;1.0;0.19442149961132857;0.29700020334404204;378.5230819646775;-0.021518003754317762;0.01883933460339904;6.789350247383117;0.01083062447141856;0.15234375
1399;4.62174087462373;1.0;0.15381818424379545;0.25465305606193067;349.8039729924578;-0.018667119042947888;0.029666853509843348;6.783551979064941;0.012394486577250063;0.1724609375
1400;4.63793553600426;1.0;0.30024129581594816;0.4699253541233563;281.369619077241;-0.014116066554561258;0.01527721555903554;6.778744578361511;0.008656349370721728;0.1244140625
1401;4.862481472599513;1.0;0.2894711468423334;0.4572421007388194;257.2360085945576;-0.018427495285868643;0.008058617683127522;6.778860807418823;0.010883966984692961;0.1390625
1402;5.005385132833522;1.0;0.20908946329243527;0.3304093341445728;311.25686219663135;-0.014353955071419478;0.008816510904580355;6.781455135345459;0.009799196175299585;0.1384765625
1403;3.8323121456107763;1.0;0.23867913520448109;0.37569813939445806;546.2033159343581;-0.015241023525595665;0.008949226303957402;6.777907681465149;0.011208756943233311;0.1513671875
1404;5.968199990715898;1.0;0.35905641663344423;0.5278369503477482;318.0559275554344;-0.01480962303467095;0.015910076536238195;6.7752327680587765;0.010717626207042485;0.1431640625
1405;5.98370350838842;1.0;0.2826297854124202;0.4264299105327609;570.8623683274654;-0.015449253702536225;0.011581726302392781;6.77490394115448;0.010625261336099357;0.1630859375
1406;4.2525042961955295;1.0;0.20694907084767725;0.3157327670489758;508.6385142837392;-0.017611067183315753;0.01586770606227219;6.768794012069702;0.01039026133948937;0.1482421875
1407;5.218653936772144;1.0;0.15555598623238204;0.24918538399540852;596.3690979666569;-0.017643506778404115;0.012140106153674423;6.767583584785461;0.010936109197791666;0.140234375
1408;3.517647236872569;1.0;0.16203184630635312;0.2451432924775745;351.51777181314066;-0.009001407912001014;0.025891215540468693;6.768918395042419;0.010581050568725913;0.1513671875
1409;6.049232161481971;1.0;0.2461978173502445;0.3480121050666935;277.5354553836442;-0.0022667890531010925;0.008997091581113637;6.770825481414795;0.010003223456442356;0.144140625
1410;3.5123351306411426;1.0;0.3550828836227482;0.5276874211981532;401.83764124081466;-0.010656317602843047;0.009323504962958395;6.775001072883606;0.010128142719622701;0.1537109375
1411;5.545617698141319;1.0;0.13418432017833112;0.22039602923030086;616.7628837335793;-0.010989496577531099;0.004284210689365864;6.779216670989991;0.012502370378933847;0.1744140625
1412;-1.6396182634711565;1.0;0.15471383367817595;0.24616103715038498;542.489696473347;-0.011174954054877163;0.016102172527462245;6.7745285987854;0.011204782663844526;0.1521484375
1413;1.2463192637952654;1.0;0.2560011202170977;0.38326254192104486;535.3873928862416;-0.01175354323349893;0.01117801305372268;6.769315505027771;0.011067281768191606;0.15703125
1414;6.619883762998411;1.0;0.13988053814601256;0.23226611038518324;507.78304365396735;1.903548836708069e-05;0.013683799211867154;6.771010255813598;0.010635026451200246;0.1509765625
1415;5.167529966286632;1.0;0.28492351256172105;0.42981138851931966;584.8270235359265;-0.01897167614661157;0.005453642713837326;6.776116943359375;0.011504745087586343;0.1625
1416;-3.66622555558868;0.0;0.0;0.0;1093.5456724695387;-0.01640997314825654;0.013689479790627956;6.783450722694397;0.009637858893256634;0.13515625
1417;5.677898407837622;1.0;0.17043652129228792;0.2706781617356711;448.09276482132657;-0.013508230890147388;0.01280394713394344;6.7890276432037355;0.009219897352159024;0.1216796875
1418;6.383757042158557;1.0;0.4052341146567727;0.5886139412925901;234.02693152059774;-0.011930770706385374;0.01777406148612499;6.791085696220398;0.010815301747061312;0.1498046875
1419;6.053271103033991;1.0;0.3711965195305406;0.5484355878590862;272.31318498958797;-0.010202876524999738;0.012006344692781567;6.791756892204285;0.01032379330135882;0.157421875
1420;3.601751105942674;1.0;0.4332943287747565;0.6180091429221531;294.3011941927732;-0.01601542066782713;0.0053886823006905615;6.796641111373901;0.012866059853695332;0.18125
1421;3.9704403590051354;1.0;0.2571805500246251;0.4046999005875234;375.2275629734419;-0.0029563569463789464;0.004324510064907372;6.797510862350464;0.013365181675180794;0.1693359375
1422;-7.440603180260498;0.0;0.0;0.0;1407.4437024202057;-0.01260055003222078;0.010739708179607987;6.798830223083496;0.013000121200457215;0.16640625
1423;-4.7507314827639275;0.0;0.0;0.0;1470.9463239039792;-0.014039107598364353;0.01616897052153945;6.802274608612061;0.009665501292329282;0.143359375
1424;4.44032006076342;1.0;0.2552245736627807;0.38950042760316894;534.780183210849;-0.01325605260208249;0.005432493123225868;6.8108970642089846;0.00867834286764264;0.123828125
1425;5.3308105916295805;1.0;0.16590725656590694;0.26248473565880764;423.7799036162897;-0.02171315336599946;0.014881037967279553;6.818030834197998;0.012365854205563664;0.16484375
1426;5.700633536079183;1.0;0.4370847375106048;0.6211825397697804;182.2564249417047;-0.011619503516703844;0.012759630428627133;6.826033616065979;0.008468097681179643;0.1162109375
1427;4.079077079931243;1.0;0.2032859506187061;0.3148917710695196;454.8002848579413;-0.011334698647260666;0.010656663030385972;6.832061409950256;0.01643630664329976;0.1927734375
1428;4.546530291350867;1.0;0.18133971777337551;0.289747268345828;613.4257416621302;-0.010760482493788004;0.010299865715205669;6.831537747383118;0.010139022814109921;0.14765625
1429;7.064026667312707;1.0;0.33629021211526694;0.4947620180235893;188.67704623723668;-0.00990297314710915;0.013402799936011433;6.831673216819763;0.012616953416727483;0.161328125
1430;6.268286280648871;1.0;0.3268610824726701;0.4875080677958568;328.3455957116655;-0.02030833107419312;0.004131873184815049;6.833568334579468;0.011370370863005519;0.1544921875
1431;7.098170133584528;1.0;0.357801213082955;0.5129151198567666;205.39085643771827;-0.009083185344934464;0.0062271737260743976;6.834885621070862;0.010173040942754596;0.1458984375
1432;5.593462739746273;1.0;0.22062207529850442;0.3419280783796076;452.69551431122676;-0.018040181370452046;0.0199580498971045;6.8360672235488895;0.011292665486689658;0.164453125
1433;5.6192861946024495;1.0;0.3655641910844163;0.5439565296508394;304.1220416240507;-0.010560635151341558;0.010333440778777004;6.835972571372986;0.01133019597036764;0.1515625
1434;6.77470924423444;1.0;0.256330521133489;0.39228836605034606;465.7418830277337;-0.011716653779149055;0.005815091775730252;6.839205431938171;0.007546783320140094;0.10078125
1435;5.6289408319541225;1.0;0.22407636688082558;0.346205396652789;690.0506702929243;-0.01103957099840045;0.017437405651435256;6.844265151023865;0.008086524950340391;0.1123046875
1436;5.897989358743279;1.0;0.18492149342384384;0.284101904704445;472.81100421680856;-0.014117544260807335;0.016709337802603842;6.851150536537171;0.010228722984902561;0.14921875
1437;5.938219784919157;1.0;0.48598349346733455;0.7079543158930801;209.90086627614;-0.012594049889594316;0.01676094434224069;6.85288553237915;0.009598945558536798;0.1388671875
1438;4.900361804487801;1.0;0.3657255368976197;0.5495647197406054;326.54657450238403;-0.013884986564517022;0.015529120690189302;6.850390911102295;0.012624063692055643;0.169140625
1439;6.852433191823086;1.0;0.41707271465833745;0.6026798541070184;241.52399071624671;-0.009585764375515282;0.005668780277483165;6.853386282920837;0.011069362133275718;0.155859375
1440;6.328743158410266;1.0;0.13879823797462837;0.21991101789569734;512.5496877654077;-0.014245137525722384;0.01776915960945189;6.8573318243026735;0.01586641944013536;0.21953125
1441;5.42172516849312;1.0;0.22930274517697408;0.33664740980468677;396.7492387907566;-0.009905187506228685;0.021943115908652545;6.858472561836242;0.011909351521171629;0.1615234375
1442;7.18353728470821;1.0;0.2668241952360687;0.40787196123026376;331.36927997381395;-0.007605206500738859;0.021763429371640088;6.857955718040467;0.009638990298844874;0.13125
1443;4.646544568843221;1.0;0.19506417278666058;0.2997142418586145;410.27460249612665;-0.010708393505774438;0.02443643631413579;6.85082643032074;0.01022715491708368;0.1423828125
1444;-13.747460276608022;0.0;0.0;0.0;1652.5372893300826;-0.018684632238000633;0.01420424785465002;6.850154113769531;0.01268950457451865;0.171484375
1445;3.818925532934495;1.0;0.2497833831860878;0.37440249337906395;322.0239062295346;-0.011412564478814603;0.01710994909517467;6.855061006546021;0.009782249864656478;0.136328125
1446;4.963723665317527;1.0;0.22746788229530734;0.3414853557094458;433.36835612182097;-0.016345411725342273;0.017954599764198064;6.858172512054443;0.01223473739810288;0.1671875
1447;0.5258882831136971;1.0;0.3559496483530624;0.48991158429891407;340.9964378605599;-0.00911059295758605;0.011575474869459867;6.863974666595459;0.011176467046607286;0.1583984375
1448;6.308451320268267;1.0;0.18585480695332762;0.28920032818729763;545.1514276700622;-0.013125518010929227;0.008723080786876381;6.867279458045959;0.009877575130667537;0.1421875
1449;5.127629397410354;1.0;0.29002849508435763;0.43619792593551787;334.1933478132669;-0.009435897460207343;0.017243935074657202;6.866257572174073;0.009418381005525589;0.1349609375
1450;4.451539622369115;1.0;0.15278333009616785;0.23743214390796907;489.1052285555186;-0.006980483094230295;0.011192479822784662;6.862042117118835;0.008021712966728956;0.1095703125
1451;3.9243193307393374;1.0;0.32206475215506664;0.46375589975664855;365.1918520370168;-0.008251790609210729;0.008932887320406735;6.860046005249023;0.013042439706623554;0.1810546875
1452;5.768469658379778;1.0;0.2871839965430459;0.4317205401557784;232.38137243510562;-0.0025125443935394287;0.01884395917877555;6.859826016426086;0.010081912495661528;0.1412109375
1453;4.722805026321585;1.0;0.2944026628569842;0.44301908000769463;414.83912290068685;-0.01592389401048422;0.012489988841116429;6.8571879148483275;0.010191933554597198;0.1443359375
1454;5.223196369670123;1.0;0.28393165443783375;0.4228442930803704;417.48642454863256;-0.01673872461542487;0.017877521738409997;6.853933882713318;0.011604947433806957;0.1591796875
1455;4.775666878784874;1.0;0.27009504079390506;0.40890388006336054;359.04759197447225;-0.011854651523754001;0.008554246160201728;6.856101012229919;0.010860608262009918;0.14765625
1456;4.795996043442216;1.0;0.26707956909735103;0.4018561681239957;396.4787264408555;-0.008049392886459828;0.017987565184012056;6.858767199516296;0.008115356648340821;0.112109375
1457;4.886448318698042;1.0;0.18804398320876642;0.28809224799157807;387.80741044126546;-0.013524933205917477;0.007190557464491576;6.86051082611084;0.009689658973366022;0.1322265625
1458;5.826950592454976;1.0;0.22664439494210412;0.3344402353930827;430.89672279731116;-0.017299871472641826;0.016006998950615525;6.858672404289246;0.010310292372014373;0.150390625
1459;5.700100048527001;1.0;0.24282342483643676;0.35819865698103137;602.8470986655279;-0.013576963730156422;0.006850655097514391;6.859775972366333;0.010467266431078315;0.148046875
1460;5.739572824606625;1.0;0.17053192730601963;0.2510199554236263;376.75544862649093;-0.015704638231545685;0.017571713635697962;6.8621676683425905;0.0090919500682503;0.1306640625
1461;4.339248275605367;1.0;0.17594168884184366;0.2724930040971193;412.26030556530225;-0.016697875689715147;0.019716130662709476;6.868232321739197;0.011344619269948453;0.15078125
1462;5.358582605711861;1.0;0.19441225723202532;0.2990957653725779;644.2030721703456;-0.01289134258404374;0.005824539740569889;6.870638537406921;0.011627554171718657;0.1552734375
1463;-0.8907806179210929;1.0;0.11626100505961393;0.20058086865392494;772.7637170486637;-0.015693165082484483;0.0032688795239664615;6.87384979724884;0.012829362147022039;0.17890625
1464;5.2005267610408685;1.0;0.30276639592740207;0.44830468265762125;400.56509099852195;-0.009280329558532686;0.01268358314409852;6.883053588867187;0.009793108922895043;0.133203125
1465;5.656061773348835;1.0;0.17952948145532133;0.2685722244638988;418.034011721661;-0.010710982140153646;0.019981617340818048;6.885776662826538;0.011965013749431819;0.1689453125
1466;5.6818754034448;1.0;0.19807540840999413;0.3109715626655093;444.72488704986876;-0.006025807606056333;0.01971642435528338;6.888919997215271;0.01202465386595577;0.1806640625
1467;5.841031132727971;1.0;0.2904125851284285;0.4335675128959215;257.74231974669584;-0.012609415361657739;0.0032041133323218673;6.8892008543014525;0.01171497197356075;0.166015625
1468;6.7696935325546574;1.0;0.3281970818702417;0.47747603436591285;385.92847496172004;-0.01578314632643014;0.00931462508160621;6.89236204624176;0.012528140703216195;0.1841796875
1469;6.5072879533043135;1.0;0.3060189864336974;0.446748000713885;281.13676919878316;-0.002793615171685815;0.013092883373610675;6.898676896095276;0.007819609355647118;0.1068359375
1470;6.94893376176132;1.0;0.34054665492506836;0.4829882158776164;327.92282241522;-0.019546911236830056;0.0040501215727999805;6.903668165206909;0.010685352107975632;0.1515625
1471;5.552405936006303;1.0;0.19850588215743106;0.294754344879675;352.162968545231;-0.0101992170792073;0.012158208177424967;6.908337068557739;0.011987140262499451;0.17109375
1472;5.456428453252228;1.0;0.1982114569026261;0.3029086094230435;374.2548301856079;-0.013400628231465816;0.020033188117668032;6.907636976242065;0.011306663043797016;0.1498046875
1473;5.367213129724148;1.0;0.24099826365818106;0.33524812457154063;517.5304733154873;-0.019950404670089482;0.01409602544736117;6.9060791015625;0.010456725396215916;0.1470703125
1474;4.767674090965945;1.0;0.19484914078485216;0.28411455154744353;366.9728853529607;-0.015846124803647398;0.0065616350155323746;6.904993462562561;0.0103413725621067;0.1322265625
1475;4.481194782477732;1.0;0.31510917157596;0.45344900117017295;357.72101879570295;-0.011864107847213746;0.005556202062871307;6.897680687904358;0.009493568656034767;0.1263671875
1476;5.316387842209455;1.0;0.2165450686929013;0.3219187176295435;469.00000352566724;-0.011922340467572212;0.011977292830124497;6.897768568992615;0.011555935908108949;0.163671875
1477;6.017392703639118;1.0;0.28793839432413665;0.40710906449049544;242.2229620472;-0.008796620322391391;0.00933216600678861;6.9048699855804445;0.00935225998982787;0.1291015625
1478;3.9375788767986624;1.0;0.2443569469002888;0.350872301719393;385.6073801058947;-0.02120704613626003;0.00674086578655988;6.907631373405456;0.009800568723585456;0.1455078125
1479;7.053387999484892;1.0;0.2729767937457993;0.40410225519684023;408.16592963824405;-0.014491417538374662;0.014686473063193262;6.910390019416809;0.010846937505993992;0.137109375
1480;4.684621004127152;1.0;0.3036242092881266;0.4280119654733027;303.19846021256774;-0.007760960236191749;0.009230815595947206;6.913320255279541;0.013507011241745203;0.191796875
1481;5.787373153295086;1.0;0.18754776734328651;0.2745719427033203;376.88489427763716;-0.02068654838949442;0.013827832788228989;6.910908484458924;0.010375179862603546;0.1431640625
1482;6.661290628553571;1.0;0.3194814506975124;0.46154896256330635;473.1031921644063;-0.010277509689331055;0.014912357414141297;6.914070677757263;0.006201366183813661;0.0826171875
1483;6.651597451529959;1.0;0.3026803280074724;0.4457844324263096;493.83956064644116;-0.012849781196564436;0.010175335523672401;6.918359041213989;0.012684727704618126;0.1794921875
1484;6.31785896113105;1.0;0.20706574550048737;0.3094943211067528;355.9243415935628;-0.011932400427758694;0.021050855703651904;6.920377206802368;0.012598466500639916;0.1830078125
1485;0.8302749126168019;1.0;0.2869635291049318;0.398139366312704;234.27532465001295;-0.010706310719251632;0.01619978193193674;6.924449300765991;0.009437487786635756;0.1353515625
1486;3.877022057087112;1.0;0.3399564665904342;0.4623178390061479;467.5632886043991;-0.015769267943687736;0.021479411562904716;6.926504826545715;0.010162023967131973;0.1431640625
1487;6.402592118950379;1.0;0.2939848830020013;0.4226587296079066;560.2800271290232;-0.023356389673426747;0.004660073341801763;6.929387760162354;0.01012337994761765;0.1404296875
1488;6.700840106989297;1.0;0.5482535136305452;0.7435398598745351;99.50315126522116;-0.010636539268307387;0.006749125197529793;6.9310180187225345;0.007616397913079709;0.100390625
1489;5.918943641971289;1.0;0.223047994021927;0.3282678522482558;301.8603189928516;-0.014593868679367007;0.012850431073457003;6.938663339614868;0.01402268783422187;0.1744140625
1490;4.772973298433415;1.0;0.29314295772864657;0.42443583943085383;318.48337983506167;-0.007591212633997202;0.0309474540874362;6.945072221755981;0.01391296264482662;0.1814453125
1491;5.546931445917396;1.0;0.3118994608179641;0.4364975116769121;281.8611781789111;-0.010267892526462674;0.012486455705948174;6.94435338973999;0.01141913925530389;0.149609375
1492;6.433023220436306;1.0;0.5410550247817537;0.7294778612550727;95.53176347113725;-0.019287021902318183;0.00529769673728599;6.940012565025916;0.012161279365850182;0.15144230769230768
1493;6.63182571187129;1.0;0.27655773066973577;0.3930890619788725;332.94834902411753;-0.012936093611642718;0.00877771656960249;6.93412139415741;0.013140159659087658;0.166015625
1494;6.477032513470442;1.0;0.3530797533775145;0.49995756322952756;346.4935286841812;-0.017851827200502157;0.0138238366227597;6.92665581703186;0.01039503157371655;0.13515625
1495;6.241731706109665;1.0;0.22748645150616587;0.3321282204443627;456.13879915357086;-0.013668033806607128;0.023949863109737634;6.925971603393554;0.010577252320945262;0.149609375
1496;6.607085513954051;1.0;0.24513072434414113;0.35710354492446705;287.4294435156451;-0.012398337572813034;0.0072535963030532;6.926928520202637;0.009815510758198798;0.1427734375
1497;5.388347799303969;1.0;0.20487453052707486;0.30936477498540776;490.9558184368694;-0.011963545251637698;0.005590723059140146;6.932471346855164;0.010867515380959957;0.146484375
1498;5.791824483022923;1.0;0.1769643569211837;0.2716529376119408;407.30574625775307;-0.004249597527086734;0.007821234408766031;6.9403695344924925;0.00845982291502878;0.117578125
1499;5.4208656046418335;1.0;0.22544556819508932;0.34051386525641947;300.4386736307962;-0.010434500547125936;0.006458734418265522;6.940533065795899;0.00870647724950686;0.11953125
1500;6.200070418363925;1.0;0.4448886430783383;0.6082698901460041;288.6714924581055;-0.01543063591234386;0.005653121683280915;6.940272092819214;0.01036041802726686;0.1451171875
1501;6.52360970559452;1.0;0.37751834098203035;0.5353330489154992;210.97535539727446;-0.008276538504287601;0.0067115963203832505;6.940304899215699;0.015155285526998342;0.2056640625
1502;6.874444377351465;1.0;0.208063519545623;0.3144361269356895;302.10031789221694;-0.023295375891029833;0.018154690973460674;6.9423253536224365;0.009255269821733237;0.125390625
1503;-0.5187479638463546;1.0;0.20958433625593909;0.31717239770939587;647.5951333232775;-0.02017963002435863;0.010409166803583503;6.9446851968765255;0.01253828015178442;0.1697265625
1504;6.3361752183941515;1.0;0.38420369400258625;0.536887189282121;307.00488944256034;-0.011102714017033577;0.004128186975140125;6.941736364364624;0.012595226627308876;0.18125
1505;6.17157203142521;1.0;0.24310752339281638;0.3476145027807709;649.8487098538707;-0.01292560906149447;0.005281207186635583;6.93948004245758;0.006274373608175665;0.08203125
1506;3.6440612194079662;1.0;0.3442661954632164;0.4819226995557711;409.40448115366684;-0.010632734233513474;0.007845143019221724;6.938870263099671;0.010601790493819863;0.1607421875
1507;6.399419311830149;1.0;0.4111243521076439;0.5803187858399015;240.64912750146058;-0.012943006632849575;0.008053841814398766;6.933370184898377;0.009229518717620521;0.134765625
1508;6.2970160443175764;1.0;0.3121265434002124;0.4628076854810428;437.4235645066563;-0.024922684859484436;0.0054946189746260645;6.924629473686219;0.013098185916896909;0.1841796875
1509;6.620137618852345;1.0;0.3164509756954697;0.4679809253152275;335.37116381221523;-0.01273244060575962;0.0029800893389619887;6.922736573219299;0.011354317667428403;0.159375
1510;6.905953798537528;1.0;0.3591052933373769;0.5256937688636588;161.54518722157306;-0.00465947724878788;0.003961776406504214;6.9218473672866825;0.008106480760034174;0.1154296875
1511;5.56851062672083;1.0;0.368885410441584;0.5163452191261223;187.89747040781546;-0.013390082912519575;0.00297944430494681;6.920718431472778;0.010563806409481912;0.1435546875
1512;7.001810710274377;1.0;0.3715852306316787;0.5326407163604124;202.63882662703978;-0.012889167387038469;0.00781715209595859;6.920632529258728;0.009194697544444352;0.1365234375
1513;7.111758016042165;1.0;0.2587358242594539;0.3990991334077486;331.25189503698107;-0.011036440241150558;0.010402271011844277;6.913191795349121;0.009841344552114606;0.13125
1514;5.567293676832145;1.0;0.43688310934708635;0.6070778771602996;278.45942388552737;-0.012937055341899395;0.006580526032485068;6.906649971008301;0.013116640399675816;0.17265625
1515;6.576040078595136;1.0;0.3179456191125221;0.47606315879628275;219.4238903479642;-0.01233068318106234;0.004878871608525515;6.905897736549377;0.01138122142292559;0.1779296875
1516;5.905694289562212;1.0;0.4188634932493709;0.5921218192298845;313.43624883237754;-0.008184215100482107;0.004909197136294096;6.904083967208862;0.009527701965998859;0.14609375
1517;6.8285251611471285;1.0;0.2792444832256691;0.42339721841584316;312.81512677537376;-0.01952961883507669;0.009464127547107636;6.902364134788513;0.013582112931180746;0.1759765625
1518;4.8786340647648165;1.0;0.42015428014819345;0.584612291011017;295.73986975031005;-0.008519542403519154;0.004469842871185392;6.8985021114349365;0.008705266553442925;0.1248046875
1519;7.008894242199547;1.0;0.28382769027410204;0.41956026578824784;490.15283285856907;-0.01127484543249011;0.012579123000614345;6.89270167350769;0.010416020930279046;0.1390625
1520;6.29165664158629;1.0;0.21647275179375147;0.3361539013360187;350.9771554121284;-0.012457486102357506;0.012145903566852212;6.890896105766297;0.011092701402958483;0.1673828125
1521;7.264730157593182;1.0;0.3325419250203291;0.49385040229841826;308.38822932817754;-0.014413898903876543;0.012477610167115927;6.886917543411255;0.008135061233770103;0.1130859375
1522;5.319687216734265;1.0;0.2737186187651975;0.40418221046569747;333.04092249358024;-0.014749716012738645;0.006269244430586696;6.8820392370224;0.012747428799048065;0.173046875
1523;6.059288390165046;1.0;0.4844492831825061;0.6657487136379735;264.0604094615564;-0.0039673579391092065;0.006907071312889456;6.887615990638733;0.0085823297733441;0.124609375
1524;6.79322093548346;1.0;0.33208206363562953;0.48681986302066754;323.79764090704003;-0.010940404422581197;0.006780660944059491;6.890239405632019;0.011828904319554568;0.1681640625
1525;6.077432747809805;1.0;0.269449617090078;0.40611787463568577;213.08791523462003;-0.0251827672123909;0.007218187930993736;6.89111020565033;0.0124239869765006;0.180078125
1526;6.78584508960364;1.0;0.2647238039862461;0.38553713532507305;388.430639623425;-0.009985019452869892;0.00666378615424037;6.8864651918411255;0.012117509031668305;0.159375
1527;6.82202882763819;1.0;0.21867279041508025;0.3382170767016043;555.6987932991157;-0.008155901322606952;0.0068613577401265505;6.881425905227661;0.008300033619161696;0.114453125
1528;5.01234782916956;1.0;0.2248979672337259;0.34488580136294333;362.02941245511477;-0.014239004882983863;0.0035707060946151615;6.883917593955994;0.009274062560871243;0.128515625
1529;5.151431655073184;1.0;0.19395999445524661;0.2992251598746131;616.420687929538;-0.007276881393045187;0.011715406505391001;6.8862425804138185;0.01045766721945256;0.1544921875
1530;6.371342867788929;1.0;0.33500879764131986;0.47710102324941944;329.1150135013271;-0.009640025882981717;0.008523233141750098;6.890156030654907;0.014813192887231708;0.1951171875
1531;6.629914371340917;1.0;0.30912393615429357;0.4595116760956963;254.16724109646424;-0.023393114330247045;0.0048292015097104015;6.8935401916503904;0.011408476519864052;0.1666015625
1532;6.534454761772887;1.0;0.4486683435295033;0.6138662387601531;306.8733099093284;-0.010769428592175246;0.0037899270071648063;6.89361605644226;0.010548609436955302;0.1435546875
1533;7.295995674756231;1.0;0.2591338982102515;0.4031745051362128;262.71966543532926;-0.011207647901028395;0.012742751697078347;6.895942163467407;0.008320690505206585;0.1158203125
1534;4.241809427450673;1.0;0.26729286245308537;0.4020409917630029;394.68096348701187;-0.011426203325390816;0.01359441909007728;6.898167824745178;0.012955335481092334;0.174609375
1535;4.753057903603351;1.0;0.18038771889331978;0.2895205108603262;540.5624940178623;-0.011454854602925479;0.004055867588613182;6.895574021339416;0.010612197953741997;0.153515625
1536;5.214688266399158;1.0;0.29157604386496544;0.4312786562340292;428.2151013263656;-0.005710838486750921;0.010325729101896285;6.894349320729574;0.01325705018825829;0.15208333333333332
1537;6.520582355737954;1.0;0.18821869795309634;0.3002331219321764;386.36242702382583;-0.021187590272165834;0.011573579022660851;6.896359157562256;0.0121872988762334;0.169140625
1538;6.0473614634079205;1.0;0.46949348044230327;0.6452833117731492;260.5234839121694;-0.011565043963491917;0.0067873441963456575;6.893251299858093;0.011597513651940972;0.1650390625
1539;4.842384459256874;1.0;0.37566384851222673;0.5220421148051891;203.253261881625;-0.016083183465525508;0.004937235708348453;6.892140555381775;0.010925158741883934;0.15859375
1540;6.6442758162804525;1.0;0.1560923601600515;0.2503206698777242;502.67387058150354;-0.009093105746433138;0.011727939499542117;6.899577260017395;0.007683687226381153;0.11171875
1541;5.924116129393303;1.0;0.40025313809178503;0.563198211438634;291.9090437061952;-0.017686090990900995;0.014985961094498634;6.908074355125427;0.012046317185740918;0.1609375
1542;6.745728789961778;1.0;0.24262569527110125;0.3677652228138692;633.1139049819154;-0.015975745720788838;0.019115159614011647;6.919503951072693;0.008782024343963713;0.1236328125
1543;5.841385287555411;1.0;0.27473362805006146;0.4140305601851767;246.55518975416197;-0.010150224436074495;0.024340742081403733;6.928940963745117;0.014135999989230185;0.1998046875
1544;6.547887436354527;1.0;0.29841428191768316;0.44148218166860204;254.91004624573927;-0.013442121166735887;0.013130066217854619;6.935995411872864;0.009882541629485786;0.1388671875
1545;4.338238322308897;1.0;0.22089812331970318;0.3428643376976578;337.4244616280217;-0.02043168107047677;0.020584834273904562;6.936251878738403;0.010031321761198341;0.14453125
1546;6.145096197755395;1.0;0.26012866158559683;0.38871609869526175;270.95061054199374;-0.016775194788351655;0.007837223540991544;6.935659646987915;0.010263149801176041;0.14765625
1547;6.58771914847749;1.0;0.3522755255763428;0.5054246634765492;321.014536345269;-0.008213421190157532;0.029032100457698107;6.930093288421631;0.012559117469936609;0.1591796875
1548;5.809250948224657;1.0;0.34754392258187006;0.4819451523791307;276.6264836266025;-0.01118027875199914;0.013612365373410285;6.92653181552887;0.010359031241387128;0.1453125
1549;5.759478023632408;1.0;0.4178550215096115;0.5661038949037055;203.24075400785557;-0.013455917220562696;0.00717275197384879;6.925580930709839;0.009325648797675968;0.1328125
1550;5.0504201201301075;1.0;0.4094685597165401;0.5740107275732207;294.72577819915847;-0.01320477870758623;0.013064121920615434;6.9217120885849;0.011318335228133946;0.159765625
1551;6.75471104785948;1.0;0.32685301034151076;0.4864088415311768;393.727003197527;-0.010078995767980815;0.009898244682699443;6.920576477050782;0.01024387675570324;0.149609375
1552;6.249320476900303;1.0;0.34838856452753997;0.49148613445353867;274.1671451354777;-0.010021364642307162;0.014577886927872897;6.915080785751343;0.010707042936701328;0.1537109375
1553;5.619870525340493;1.0;0.36024021516511606;0.5299506806740264;261.40728448919464;-0.018051862716674805;0.0077743081143125895;6.915116977691651;0.008861980715300888;0.1279296875
1554;2.436746733257081;1.0;0.42527199916584263;0.5573703745286885;286.82604655202266;-0.008033406687900424;0.01957006296142936;6.914785170555115;0.009534291864838451;0.1318359375
1555;5.867197981125418;1.0;0.1485847057454804;0.23935055513294687;531.1225512563645;-0.01896762833930552;0.0036068155663087965;6.916599917411804;0.009956890833564103;0.1521484375
1556;3.4120983518392194;1.0;0.25211939240134756;0.3702703733158197;337.41297429923287;-0.011997126729080551;0.02041214042784352;6.922253131866455;0.013204898574928703;0.1747532894736842
1557;6.386558199007799;1.0;0.28554220483138065;0.41775644379876764;469.0275486173101;-0.018829290068242698;0.014863147819414734;6.930404686927796;0.010472778044641019;0.14375
1558;4.926105804721579;1.0;0.39745635264234175;0.5525713576603798;391.3894229705337;-0.011100490088574588;0.022386097954586147;6.938749766349792;0.009187696385197341;0.1318359375
1559;6.248073246605729;1.0;0.49045999365411946;0.6472303273636086;122.95021963865283;-0.003296477347612381;0.019047966180369257;6.944157600402832;0.00923508326523006;0.125
1560;4.024501534279924;1.0;0.3319263755084197;0.47458879067694143;362.15718455061915;-0.005855778884142637;0.011158341588452459;6.944171118736267;0.011848506587557494;0.14921875
1561;5.338695409768887;1.0;0.1434335354259815;0.2271107079027412;549.9479797077983;-0.010393034340813756;0.023644884442910553;6.947849297523499;0.008818051125854254;0.128515625
1562;5.783662658187827;1.0;0.3685359604094313;0.5004520955319617;314.93880873013296;-0.018541643023490907;0.018875130778178574;6.957130670547485;0.012911183282267303;0.1623046875
1563;5.431011491292808;1.0;0.2151169230442022;0.32246104299126066;766.0114472960843;-0.012267653504386545;0.012775252060964703;6.961028456687927;0.00834372133249417;0.109375
1564;5.8496519848219535;1.0;0.21524605704583752;0.3257080103901102;425.6526927805737;-0.013290035002864898;0.013260559481568634;6.963699364662171;0.013625293981749564;0.186328125
1565;5.652341138002637;1.0;0.2959617419149851;0.43517511810997506;352.9301674730029;-0.011477716919034719;0.015380301140248775;6.965242099761963;0.014733004593290388;0.21171875
1566;5.688587439590319;1.0;0.1845511503535738;0.28241086142170335;524.2710758303951;-0.010418075183406473;0.007230865280143916;6.969518232345581;0.010329266753979027;0.148828125
1567;2.786745392251502;1.0;0.24699124699894517;0.36070057538439326;367.0342963640611;-0.008854454895481468;0.009031072421930731;6.971601176261902;0.011119977617636324;0.1568359375
1568;5.960763498788537;1.0;0.33070415884567533;0.47582225352618596;271.79266555568046;-0.011955762561410666;0.01026361808180809;6.96867949962616;0.011254736862611026;0.162109375
1569;4.152025301822878;1.0;0.24108372469602704;0.36227602660153213;618.4356998850166;-0.010775122558698058;0.014201281825080514;6.970885396003723;0.013268785050604493;0.1734375
1570;6.813267445395798;1.0;0.20633223407613982;0.32445851124752495;506.41376616520853;-0.016842404706403614;0.0018612520361784846;6.97576858997345;0.010874709382187575;0.1578125
1571;6.8690931296966475;1.0;0.15345612727956112;0.2533853510699677;492.9072662749039;-0.012254586024209858;0.015679175034165382;6.975895357131958;0.009122328576631844;0.121484375
1572;5.675357347299505;1.0;0.26144651117461826;0.3866079799947073;462.0786140488943;-0.012938143173232674;0.00989926983602345;6.97584981918335;0.009037575859110802;0.1294921875
1573;6.210961320389249;1.0;0.2728875857703065;0.4092311619277462;222.3398828954112;-0.014231760450638831;0.009564603748731314;6.974556803703308;0.00947837105486542;0.1330078125
1574;6.133386659549018;1.0;0.4337224101308135;0.5870722759058723;303.0187479688716;-0.009415284846909344;0.011692799534648657;6.970414066314698;0.011975928989704699;0.1716796875
1575;6.734531523538435;1.0;0.3445034504714296;0.4964203322238266;266.2647998290606;-0.010884042922407388;0.005949763313401491;6.970129299163818;0.009890718921087682;0.134375
1576;5.798715966874523;1.0;0.41851836922676217;0.5886114236307411;212.68720565790753;-0.011161808297038079;0.006823541549965739;6.969355893135071;0.010382413840852677;0.15703125
1577;5.956146608070478;1.0;0.2756935106107839;0.410728636965522;263.41341560647095;-0.01935666436329484;0.00835884918924421;6.969537663459778;0.011231509805656969;0.134375
1578;5.64239823768446;1.0;0.30640814327097216;0.44887868902147693;435.5783343832328;-0.01920502558350563;0.014684152929112316;6.96627824306488;0.00973202520981431;0.1314453125
1579;6.512305969127274;1.0;0.3400023982467837;0.48800164988144845;311.2005240950262;-0.015444648405537009;0.006950469710864127;6.957968521118164;0.009037234936840832;0.128515625
1580;5.453329272870647;1.0;0.23673368735819778;0.3600458968476651;258.749716052608;-0.01953560053370893;0.008336224313825368;6.956433582305908;0.012688475369941443;0.1708984375
1581;5.517464863411852;1.0;0.36032159563020455;0.5151275664073642;387.6951773207889;-0.009478580113500357;0.010822052182629705;6.9568496465682985;0.011333666916470975;0.159375
1582;6.72323354487102;1.0;0.23515894811716964;0.35225282695098564;347.9793894184632;-0.017283998895436525;0.006544174952432513;6.9522559404373165;0.010632246267050505;0.1306640625
1583;3.354571826857465;1.0;0.2367307402987199;0.3488635075860069;405.77829919202395;-0.020122380275279284;0.006205554131884128;6.948390150070191;0.011023887747433037;0.1591796875
1584;6.482910662897467;1.0;0.26614360759316963;0.40048939494300434;273.6490042833471;-0.021378591563552617;0.008671726705506444;6.947732734680176;0.010697127564344554;0.154296875
1585;6.049972316158356;1.0;0.49405876334254645;0.6732475935053556;175.42995772744703;-0.017543639196082948;0.008097789343446493;6.944097709655762;0.010607783473096788;0.1490234375
1586;5.812867304764021;1.0;0.30731068863943717;0.4443324451277509;305.6937735043148;-0.014691950054839253;0.010602872655726969;6.946490812301636;0.01126857454655692;0.1673828125
1587;6.043089027593706;1.0;0.36408667656460775;0.5163579387879916;214.58336015504213;-0.021459906526918832;0.013163316063582897;6.952358881632487;0.008682459068950266;0.0986328125
1588;6.789039125063994;1.0;0.3001221839961376;0.4432509202973175;483.03715171564767;-0.007397230621427298;0.009630619804374874;6.954349446296692;0.011489691829774528;0.1626953125
1589;6.077737800914361;1.0;0.2130572480828137;0.33209245233068246;297.7515883699231;-0.013475408451631666;0.01611130479723215;6.953454947471618;0.010788916971068829;0.1556640625
1590;6.906446481130143;1.0;0.29259308659442035;0.41875763883533046;417.8058858500813;-0.013849526923149825;0.007445112150162458;6.954176259040833;0.012553964287508278;0.177734375
1591;6.623217917383576;1.0;0.20056657966373473;0.3079476631416744;331.52050208475265;-0.02074176203459501;0.010759947774931788;6.956274127960205;0.013216909975744784;0.171875
1592;6.788613266676743;1.0;0.30908086844560057;0.46130346028241187;335.14872365316654;-0.0129603250650689;0.010612704046070575;6.9554730415344235;0.011344380851369351;0.15390625
1593;6.246979323331757;1.0;0.2865443299355988;0.41693729771432436;392.9731998724452;-0.01634576441720128;0.007128294836729765;6.951939058303833;0.012293298286385835;0.178515625
1594;6.689180323105659;1.0;0.511077132294362;0.7006619249072252;172.65710325644693;-0.01658094013109803;0.005754847638309002;6.95241277217865;0.008723644306883216;0.1302734375
1595;6.222737815136215;1.0;0.5074678028947168;0.6926940430759464;117.23087312814766;-0.02060933248139918;0.005229674384463578;6.945986819267273;0.012553505855612457;0.1857421875
1596;5.760819562833051;1.0;0.2365545954894008;0.36206553702677835;408.5927092791098;-0.01080049150623381;0.006039082305505872;6.940747189521789;0.011982415709644556;0.1671875
1597;2.0470189422753036;1.0;0.3811850158302681;0.5125538467622274;348.31962273988296;-0.016906321747228503;0.0036371850641444326;6.9365356206893924;0.01205457883188501;0.17421875
1598;6.54458651673065;1.0;0.3241158970993193;0.46311386866732396;298.57377269434716;-0.011854436341673135;0.009869104693643748;6.931823205947876;0.00893473217729479;0.125390625
1599;6.988330751423707;1.0;0.26354547913308857;0.38691388119602155;371.45179121233855;-0.01049052719026804;0.006060756091028452;6.932075023651123;0.008197491441387683;0.1142578125
1600;6.832146874655705;1.0;0.22362540348021318;0.3476846619254901;422.1157175522347;-0.0178396366070956;0.009027508250437678;6.931696629524231;0.010178478772286326;0.1494140625
1601;6.239150260437897;1.0;0.1866173818849547;0.2941449834795861;391.50845658241553;-0.005757155339233577;0.004787403380032629;6.927589917182923;0.010999145603273064;0.164453125
1602;6.240640095346993;1.0;0.5098409074287624;0.6950463821571835;116.5418236389797;-0.012029358092695475;0.0027778807445429264;6.922333121299744;0.00936380885541439;0.1349609375
1603;6.142773964289657;1.0;0.16006231217318792;0.2522565985284523;412.0573506656112;-0.016667231265455485;0.004802388523239642;6.9185950517654415;0.008960855775512755;0.1236328125
1604;6.7625595255651625;1.0;0.2774192785987777;0.40465264023165215;264.813193288377;-0.018592035956680776;0.0028999413130804895;6.924440002441406;0.012907099456060677;0.181640625
1605;6.424971816623287;1.0;0.5057858567354674;0.6748825412962828;207.3343961182294;-0.017722559347748756;0.0035332253319211304;6.935417985916137;0.010923813085537405;0.1529296875
1606;5.847218630760318;1.0;0.13314389210547212;0.21779052879541394;700.0222068810424;-0.012143654003739356;0.0035212477087043226;6.944315814971924;0.009505032014567405;0.126953125
1607;5.343341601118746;1.0;0.2624968787169439;0.3765274090601922;354.1997348816616;-0.006443933723494411;0.006246252730488777;6.9492559909820555;0.012035867653321475;0.16015625
1608;5.443057116584843;1.0;0.23580906075534405;0.3521830563544092;339.4888680893839;-0.022350885393097996;0.00940352592151612;6.952500414848328;0.010485620109830052;0.1486328125
1609;5.912260860698344;1.0;0.2159214727451915;0.3340129196588219;551.9374387215468;-0.009331135544925928;0.010859444923698901;6.957196307182312;0.011362583783920854;0.148046875
1610;6.291542181818128;1.0;0.1553724064697281;0.251349890595917;440.96319617427963;-0.01532193049788475;0.010798433981835841;6.962050247192383;0.011861517548095436;0.1642578125
1611;5.794531332779547;1.0;0.2889952718580928;0.41303519954404805;529.7589069062334;-0.019222867861390113;0.0031292654457502067;6.963928771018982;0.010856762097682804;0.158203125
1612;4.7168678580467285;1.0;0.31025391958773657;0.44460266650021374;468.93390675377907;-0.017215002002194522;0.00607496639713645;6.962154126167297;0.01275151122827083;0.18984375
1613;5.382739251048539;1.0;0.319581643224265;0.4514837317550493;253.95377687565266;-0.015578379947692155;0.010665771877393126;6.95943124294281;0.013348465994931757;0.1833984375
1614;5.332350939986025;1.0;0.20571789140067834;0.3096384257841743;551.1384900664375;-0.004007225204259157;0.0034419655101373793;6.960353946685791;0.010780277859885246;0.1486328125
1615;-2.0479385189465376;1.0;0.24007168418071168;0.3561129773905754;524.9038897722962;-0.02508985889144242;0.00880792187526822;6.958604621887207;0.012728197546675802;0.177734375
1616;4.438827236444722;1.0;0.26985960207751647;0.4015418985481504;550.1464055492759;-0.012995853973552584;0.014777995739132166;6.954887819290161;0.0124918234301731;0.183203125
1617;5.905994938807645;1.0;0.4932048164495269;0.6759351147396367;129.92290868339416;-0.011951260222122072;0.007514116633683443;6.948949885368347;0.010771586932241917;0.1490234375
1618;5.392168366549556;1.0;0.41058423049389453;0.5641184124728486;233.04993936494483;-0.016088599944487213;0.005148194904904813;6.941981863975525;0.008729075454175473;0.1228515625
1619;5.318174085731796;1.0;0.3258268511050247;0.4689292918790289;256.4950279049659;-0.009391934657469393;0.004688839649315923;6.942093729972839;0.010566800995729864;0.1435546875
1620;4.999632623816913;1.0;0.24566169611452132;0.36720610379176316;464.14491205491606;-0.010346515104174614;0.005005307853795015;6.943731051224929;0.013194801876894556;0.16346153846153846
1621;4.79561930809159;1.0;0.3312129349532269;0.48458665770458476;406.9181424109893;-0.014256025198847055;0.003596307395491749;6.944661021232605;0.010281132603995501;0.152734375
1622;5.915293115646887;1.0;0.23579999214141512;0.3636878107879989;285.0032474473096;-0.005527746165171266;0.004914916469715536;6.938149070739746;0.008800451643764973;0.12265625
1623;6.288959110288385;1.0;0.3111140960046896;0.448404844863766;396.280010223081;-0.01039876309223473;0.004223673301748931;6.932834815979004;0.009613131976220757;0.1322265625
1624;2.1982045991905457;1.0;0.1330001843795053;0.219280144330338;597.3806979844472;-0.009162587765604257;0.0027478681644424797;6.935031580924988;0.007728842960204929;0.1056640625
1625;4.619421382014915;1.0;0.27379473342758764;0.40208911383628193;442.3323976825538;-0.015538585651665927;0.00380679297959432;6.939648532867432;0.011157502804417163;0.158203125
1626;5.838595307480757;1.0;0.28226985946981986;0.41990522127523705;491.8394525935367;-0.007608203729614615;0.006791718932799995;6.932998490333557;0.007922339532524348;0.1126953125
1627;1.008028004156131;1.0;0.428680839751983;0.5673170032815803;261.50226626119036;-0.01017353949137032;0.0030454567982815205;6.931188869476318;0.010290229332167656;0.140625
1628;-0.6804191022971584;1.0;0.24079474636819007;0.35150520143944197;346.04541026819857;-0.012758486554957926;0.0030354859656654297;6.935578918457031;0.008988782623782754;0.1330078125
1629;6.195719926763166;1.0;0.2171924056084507;0.3329810013713626;498.54305767155597;-0.013228010293096304;0.0030186204123310743;6.945130944252014;0.011662688164506108;0.15234375
1630;6.02946895036365;1.0;0.4153821322231078;0.5762128171254336;148.40402825923363;-0.014558881404809654;0.0017515186802484096;6.949067330360412;0.00805923780426383;0.1111328125
1631;5.280418708450437;1.0;0.2274739611116789;0.34319796264253716;380.9491490985383;-0.017761936108581722;0.00474574388936162;6.945304536819458;0.01253648657584563;0.1720703125
1632;5.56230384070237;1.0;0.3106998831008046;0.4709098821522885;243.49508355552607;-0.019072751607745887;0.0077301810262724755;6.94632921218872;0.011298204725608229;0.15546875
1633;6.38888834103747;1.0;0.3895516307516302;0.5473637218898156;353.8692473351135;-0.01563069289550185;0.004132864845450968;6.9497082233428955;0.010474341933149844;0.1427734375
1634;5.055965833711683;1.0;0.3836066680388783;0.5461403424362076;370.3843258020735;-0.010374158946797251;0.00544780024792999;6.949227786064148;0.01170971451792866;0.1607421875
1635;6.604269881282269;1.0;0.3212729618813032;0.46048109114470653;361.4525956873284;-0.014495135750621557;0.01081384310964495;6.9474904298782345;0.011210333905182779;0.15390625
1636;6.891185072520818;1.0;0.3260970564305994;0.4952710747960125;259.9765292058265;-0.013821199676021934;0.005872133036609739;6.947911024093628;0.010537087952252477;0.1521484375
1637;5.907869178271998;1.0;0.19757631993999358;0.30922748804139355;685.6194758630111;-0.02088693408295512;0.002664529730100185;6.951980233192444;0.010658533556852489;0.148828125
1638;5.430405624155708;1.0;0.28317368154173883;0.4218246911646793;364.24511837900815;-0.01687632331158966;0.012553992960602046;6.960433411598205;0.011669192521367222;0.1640625
1639;6.9769375515065235;1.0;0.3863854287881925;0.5860936726867569;171.4730994794031;-0.010155977820977569;0.018364654341712593;6.967091703414917;0.014047883951570838;0.1783203125
1640;6.430156230029951;1.0;0.27887288077644834;0.4371324253122269;255.45478772534761;-0.004465894214808941;0.013127836491912603;6.968963599205017;0.011139303038362414;0.1580078125
1641;6.411217741596661;1.0;0.23774588002638125;0.3840336865989937;258.70644333457034;-0.00917839570902288;0.009827730781398713;6.9686870813369755;0.010611313034314663;0.1439453125
1642;6.320723478774044;1.0;0.311902031997601;0.4639966199617195;378.4875576614452;-0.011020599259063601;0.014243773370981216;6.970172619819641;0.008458658296149224;0.1171875
1643;5.763787677711386;1.0;0.3390289615981046;0.4997278852419081;278.4657270212204;-0.018952524312771855;0.013592370692640543;6.976745986938477;0.011377648788038642;0.1552734375
1644;6.456621240461844;1.0;0.21531226598576914;0.3280475175955352;306.65644706015013;-0.009597437782213092;0.009603830892592669;6.977714705467224;0.009031447826419025;0.128125
1645;4.96474526805648;1.0;0.31129613302947284;0.4610953367241518;301.45535986458697;-0.016397714614868164;0.011453907657414674;6.9748615503311155;0.010664768202695995;0.1626953125
1646;5.683854347873311;1.0;0.13821021896996616;0.23092550118986763;581.5080184142488;-0.015447254339233042;0.005639224429614842;6.978937768936158;0.013863000134006143;0.1955078125
1647;6.121689631975814;1.0;0.19325546113658051;0.30669428445040164;367.97860664173743;-0.01399679877795279;0.015566297899931669;6.981693696975708;0.010646497795823962;0.1484375
1648;6.33209635079944;1.0;0.28041985522928287;0.412319546080197;289.3023931916431;-0.011191811505705118;0.006250676978379488;6.978637385368347;0.011956922698300333;0.1517578125
1649;3.765576817216815;1.0;0.4118650837073735;0.5717552306527269;259.98356483046655;-0.015296013094484806;0.012077511660754681;6.980279636383057;0.007688594365026802;0.1033203125
1650;6.025648247286085;1.0;0.44843174241007955;0.6346941976669463;175.91794312951706;-0.013584125274792313;0.023141088522970678;6.980002999305725;0.012672168493736535;0.1796875
1651;5.979515545545083;1.0;0.16944474840878573;0.27536189197380595;536.0287223013923;-0.01014692042954266;0.01397199798375368;6.983275961875916;0.008130867802537977;0.107421875
1652;4.110434448034368;1.0;0.22384407786660818;0.3433684169211575;458.10969136217915;-0.017059542424976825;0.00792771156411618;6.9847564697265625;0.012641537899617106;0.1650390625
1653;6.38660984158458;1.0;0.22953950693602584;0.34624080687081954;376.2231370918536;-0.010793556272983552;0.011362534831278026;6.984453177452087;0.00912444667192176;0.11875
1654;6.600572409821206;1.0;0.3793416043133348;0.5376625615653009;376.7504944018942;-0.014534469973295928;0.010613872902467847;6.98664813041687;0.007820114318747073;0.1103515625
1655;5.870514110923078;1.0;0.3126682547386438;0.4669051134701526;266.6186068272971;-0.01940060912165791;0.00816825672518462;6.985364079475403;0.010790159809403121;0.14921875
1656;6.9403463746554745;1.0;0.1895365135771631;0.3004961267994684;517.5262588130034;-0.01113045128295198;0.00450904289027676;6.980770778656006;0.010940714669413865;0.1591796875
1657;6.999575115044095;1.0;0.23072140528514504;0.36028132462025836;408.2041646544712;0.0019282342633232473;0.010502548585645855;6.9854284763336185;0.00738212582655251;0.091796875
1658;6.632199415603962;1.0;0.22716440218461773;0.35892444897438086;306.65318512874774;-0.01360221286304295;0.01674791593104601;6.991099333763122;0.012782125337980687;0.1681640625
1659;5.898819036625795;1.0;0.22507299699382355;0.348142937539102;296.8288834746585;-0.01684079330195399;0.008780090768328485;6.9944033061756805;0.012366632643320104;0.16015625
1660;6.7231420881120325;1.0;0.19824567049230118;0.3090011991509097;337.0465449280584;-0.011254182597622276;0.009905823273584247;6.999355292320251;0.012679615791421383;0.1935546875
1661;6.293500952471941;1.0;0.2979101124355165;0.44025022430733823;403.5850749599681;-0.021352641098201276;0.01774015207774937;7.004730248451233;0.012123077327851206;0.1701171875
1662;6.7512271039308605;1.0;0.32748694690815194;0.48906573214554316;376.28239076458925;-0.004235313483513891;0.009584854356944561;7.009021258354187;0.010318214911967516;0.1421875
1663;6.68646881569745;1.0;0.2051325028257784;0.32058480971939335;441.7197288600746;-0.01177803948521614;0.017722466262057424;7.008479070663452;0.01157024196581915;0.1521484375
1664;6.439843519619267;1.0;0.4252302344726138;0.6209919320878394;199.33899529235157;-0.010303779505193233;0.011579112429171801;7.013196635246277;0.011485137895215302;0.1556640625
1665;5.715712539075627;1.0;0.35030775395298075;0.5147318515173894;369.2768877937044;-0.016233860258944334;0.01012767304200679;7.011092972755432;0.010126750555355103;0.1390625
1666;5.170350967302171;1.0;0.2452347996548812;0.3883986928898956;251.30932392836382;-0.014063414931297303;0.010769665939733386;7.007220888137818;0.010408335155807436;0.14765625
1667;2.0264048996242527;1.0;0.27140858549170505;0.41223997774366805;244.40173845881614;-0.016742737870663403;0.006997654074802994;7.005083227157593;0.00974644977832213;0.1349609375
1668;4.868962803976384;1.0;0.20775078556274718;0.33422851364146494;422.59112546020316;-0.015037056105211378;0.012253555608913303;7.003698205947876;0.009265019604936243;0.1375
1669;6.561047418187656;1.0;0.3287507900702473;0.49781532675617046;431.2999965690051;-0.00916342525742948;0.011877549765631556;6.997428345680237;0.007862319028936327;0.10625
1670;5.6317958547216715;1.0;0.41276830417571825;0.5917197972536472;280.389378497312;-0.01641658926382661;0.012181071843951941;6.99274697303772;0.012703366042114795;0.1736328125
1671;6.99145795220862;1.0;0.2922590452925281;0.44706737932753987;364.8004910833769;-0.01651719189248979;0.005684367846697569;6.995797419548035;0.010970032098703087;0.1517578125
1672;7.0896359892581735;1.0;0.16853611779939837;0.28230611451579174;561.2222277017206;-0.03059515661813996;0.007055661175400019;7.001247145912864;0.011176996292885055;0.1356534090909091
1673;6.2722142649632735;1.0;0.2933129160877931;0.45104822037395365;387.2959876866328;-0.012701877136714756;0.02671339102089405;7.00350251197815;0.011887220025528222;0.165234375
1674;6.956896684211626;1.0;0.15474489601409774;0.2529626059478877;442.02423176001764;-0.01652878150343895;0.013653047755360604;7.005148029327392;0.013400178134907037;0.1794921875
1675;5.966795845270601;1.0;0.19510964663914043;0.31275208786385605;553.9739663019179;-0.021811958961188795;0.007923081540502608;7.007190203666687;0.012571638636291026;0.179296875
1676;7.044429534786923;1.0;0.32500584043341113;0.4930439496983885;366.91958418927845;-0.014803536795079708;0.007182090310379863;7.012091827392578;0.010452285653445869;0.1408203125
1677;6.084058055959435;1.0;0.1763652168175664;0.2828354069431831;604.7954478819264;-0.011331711593084038;0.013979617692530154;7.01096031665802;0.008426570263691247;0.11796875
1678;2.462036114592885;1.0;0.2709739094501828;0.4144931596596522;350.9209335487183;-0.019411894911900162;0.011988713266327977;7.007049226760865;0.01341860059183091;0.1869140625
1679;5.642812965194329;1.0;0.31194205853178464;0.4651782573421232;347.88070446216057;-0.011956970393657684;0.007041780790314078;7.0089067935943605;0.008377931430004537;0.1111328125
1680;4.754751897970514;1.0;0.34219240824477665;0.5018043985584152;279.8996415786007;-0.015501007670536637;0.0034118118579499423;7.018458890914917;0.007542000850662589;0.1068359375
1681;5.835800603574334;1.0;0.23784294405879614;0.3676725235463611;550.2264991110839;-0.01357876779511571;0.007815088680945336;7.020882391929627;0.009186828532256186;0.1302734375
1682;4.7057843622741995;1.0;0.3451447720931888;0.5029183340885663;474.84193189226124;-0.01673398120328784;0.004853066708892584;7.021560573577881;0.010255122126545757;0.1369140625
1683;5.219118386542244;1.0;0.2854789105602595;0.4255073858040492;333.4443931548414;-0.013131430465728044;0.006983127514831722;7.023345327377319;0.007311632856726646;0.1025390625
1684;5.604126361387724;1.0;0.22458584005877677;0.34934244679755316;470.9144990390341;-0.011992348614148796;0.004072206956334412;7.025365257263184;0.012261377379763872;0.174609375
1685;5.735315200808036;1.0;0.3042227158645621;0.45604226244296264;510.29372365074164;-0.00898542560171336;0.005397706583607942;7.028951358795166;0.01195509268436581;0.1732421875
1686;-1.5413645314534232;1.0;0.36659504159834666;0.5064969935081413;332.8108124382242;-0.004481352283619344;0.002587401302298531;7.029484653472901;0.008269838918931783;0.117578125
1687;6.783140188791527;1.0;0.3968238254449702;0.5884735856092099;176.24547483786645;-0.011524861212819815;0.017174697760492564;7.0333325386047365;0.011377408483531326;0.1625
1688;5.473103970562589;1.0;0.3759072223913237;0.5491465078715352;422.61006657797117;-0.014334134763339534;0.0032208808115683496;7.036172890663147;0.00867361509008333;0.117578125
1689;5.770662060296903;1.0;0.21597938616257342;0.33717759675239634;393.9558212469368;-0.008752758405171335;0.003725381440017372;7.0376801013946535;0.010123634827323258;0.14765625
1690;6.8894371364508995;1.0;0.2287903938903002;0.3646976563130004;397.2016241990037;-0.010205265739932657;0.004856376897078007;7.04285888671875;0.014195997430942953;0.19296875
1691;5.390593319944037;1.0;0.2720342702725657;0.40280368208418704;319.36988622634635;-0.015193992154672742;0.014847084833309054;7.048464131355286;0.013011953257955611;0.1955078125
1692;5.423484143808201;1.0;0.32483837036947816;0.49373973648837005;220.09054105867506;-0.007487227395176888;0.012216317607089877;7.053421831130981;0.01096510934876278;0.1623046875
1693;5.111877319466279;1.0;0.2672719105176873;0.39631952301505974;292.91755253928835;-0.011178676597774028;0.009221353009343148;7.055423903465271;0.009714732388965785;0.1279296875
1694;5.428212338682364;1.0;0.23261478052500506;0.36231858450842097;386.739234555317;-0.014690310694277287;0.007716146600432694;7.060272479057312;0.011388694297056644;0.1623046875
1695;5.037725582426855;1.0;0.32934704183225144;0.47763728121549287;408.1392062390509;-0.012444778345525265;0.005877795978449285;7.063681864738465;0.012500397069379688;0.176171875
1696;4.6104713699721716;1.0;0.252601678428986;0.37215646929206125;351.3832869408581;-0.022544491477310656;0.022310822550207377;7.06136565208435;0.012879510049242527;0.1826171875
1697;3.0969462756583104;1.0;0.28850067200721885;0.4212131169087612;594.0035706739706;-0.01623188885860145;0.015346211544238032;7.063812351226806;0.011976186139509081;0.179296875
1698;5.707593130168965;1.0;0.2839622929215638;0.43185605828323625;453.41644283106746;-0.016892194421961902;0.018514299159869553;7.067809629440307;0.01290328351315111;0.1791015625
1699;4.9063647514474376;1.0;0.3009242849264074;0.43763144823301364;582.3957226099254;-0.014144743513315915;0.017212247755378485;7.0661779880523685;0.009012394724413753;0.11171875
1700;4.710048307066886;1.0;0.3171042334072589;0.4525941489409019;259.6119995570001;-0.01120818187482655;0.0070130784763023256;7.064204144477844;0.011827090836595744;0.159375
1701;2.687122941647046;1.0;0.2472311529609309;0.364598280829537;471.70143262194256;-0.014543140679597855;0.020086106099188327;7.062001943588257;0.01622928640572354;0.221875
1702;4.620807596615585;1.0;0.20513426231037854;0.30879660632004174;474.19116195932446;-0.005987656326033175;0.00863018687814474;7.060745739936829;0.01480222340906039;0.1921875
1703;6.451481956285233;1.0;0.34839055301341454;0.5158907005350637;203.68759098438213;-0.022540306858718395;0.019859484024345876;7.058722567558289;0.0148062540916726;0.1822265625
1704;6.7408067773478875;1.0;0.17609850265356697;0.28259580384390015;401.9402970960799;-0.017158444318920375;0.009480313630774617;7.056055235862732;0.0093558928812854;0.1302734375
1705;6.550501243438472;1.0;0.19477516765113245;0.31501632831009635;432.5190314506731;-0.009815719025209547;0.00598067861283198;7.056224298477173;0.010956105217337609;0.15703125
1706;5.004890238139541;1.0;0.30300725002144;0.4498385439897422;411.2518185497697;-0.010786700760945678;0.011364916246384383;7.055938506126404;0.010846404766198248;0.1564453125
1707;5.9200097509490055;1.0;0.2522239102384052;0.3958135204181873;350.700488705691;-0.01960300321225077;0.007110747159458697;7.055054831504822;0.013081633881665767;0.1740234375
1708;5.001125454768494;1.0;0.3418037862921364;0.509489346337843;311.54069837527385;-0.018727831030264496;0.011517289024777711;7.0477498292922975;0.009511806699447335;0.1390625
1709;4.773420846247262;1.0;0.3056578099305868;0.4603403574822868;263.68682426284624;-0.012630162620916962;0.005140612612012774;7.047892642021179;0.010493127745576203;0.1328125
1710;4.937457084764997;1.0;0.31199197596470396;0.46815639933893666;336.13850976226774;-0.01653383768695806;0.01141164411923715;7.054706607546125;0.013917756034061313;0.16322544642857142
1711;6.982908854561151;1.0;0.2659975858563121;0.41950011716863006;369.7299129466224;-0.010314696002751589;0.013477817177772522;7.065542793273925;0.011446058715227992;0.1587890625
1712;5.621504828075475;1.0;0.23603922739335537;0.360465154166319;462.52869072591835;-0.01470654085278511;0.008002042770385742;7.078764295578003;0.01511887036031112;0.187109375
1713;5.407963375645876;1.0;0.24080045044375556;0.36589329317584546;486.2833120437526;-0.014985787379555405;0.008998566237278283;7.08429651260376;0.009429556725081056;0.1353515625
1714;5.628753349845939;1.0;0.3070889193211544;0.44888028652681217;361.84289407826464;-0.013189166923984886;0.018521378515288234;7.092041850090027;0.01247232579626143;0.175
1715;5.640159171920823;1.0;0.25881151136180264;0.38452982536166874;490.1467262514509;-0.014678139798343181;0.009865566226653754;7.099903631210327;0.011600339226424694;0.1642578125
1716;6.044753634926761;1.0;0.2331394935695139;0.357529227486241;391.00224140162715;-0.010550005780532955;0.015040616574697196;7.106251502037049;0.010492513258941471;0.1328125
1717;6.160160556223117;1.0;0.13280382254955397;0.2262790876748009;596.607683158034;-0.02168754516169429;0.011705619446001948;7.109079504013062;0.012423552467953413;0.1673828125
1718;5.690807471832295;1.0;0.2119567020243575;0.3256779134153106;500.3618328655008;-0.011080327164381742;0.011494591599330306;7.112245893478393;0.010030546900816261;0.1345703125
1719;2.8059650840227524;1.0;0.517912189414023;0.6765205258092086;238.60987331649164;-0.019683223962783814;0.009105569776147604;7.113314890861512;0.008794006821699441;0.11953125
1720;6.8233407263534245;1.0;0.37761013028041307;0.550513296704085;257.0869676616369;-0.01281204940751195;0.01647596010006964;7.116139459609985;0.011352961452212184;0.1513671875
1721;5.031471095650152;1.0;0.19989950795984748;0.30926380616047094;281.71799711882727;-0.012427295092493296;0.01737750549800694;7.121822023391724;0.010461224557366222;0.1466796875
1722;6.427579682098876;1.0;0.49252311191433895;0.6867791857391431;102.33317315376057;-0.010609091492369771;0.02617850238457322;7.119933676719666;0.010369715478736908;0.146875
1723;6.852884175593021;1.0;0.3235687715838322;0.47752424194027054;297.22072937993386;-0.013565543107688427;0.007695686561055482;7.113283729553222;0.009218373394105583;0.125390625
1724;4.596567195960658;1.0;0.3205728885864944;0.46414676682986195;383.9437903723157;-0.013825609791092574;0.015062163001857698;7.114285683631897;0.014611116505693644;0.197265625
1725;4.651472859270115;1.0;0.2186411894070652;0.32938668810793426;514.7672810877144;-0.018334108404815197;0.005942823714576662;7.11117787361145;0.011214378010481595;0.1525390625
1726;5.368485370778741;1.0;0.22730731838366172;0.34837431621273646;506.5065820563056;-0.019282817374914885;0.011428225273266434;7.10584237575531;0.011638728156685828;0.1580078125
1727;6.110529330703139;1.0;0.39883527988778555;0.5650516771733659;274.78627888962853;-0.008613889524713158;0.004437216324731708;7.107528567314148;0.010109100595582277;0.144140625
1728;4.810874730029691;1.0;0.28723518113888136;0.4296186926809318;441.88209316636386;-0.011053563840687276;0.011551258573308586;7.109234237670899;0.009901605092454701;0.1568359375
1729;6.407263045747738;1.0;0.38811486208491086;0.5489636326534728;220.72229688904264;-0.019757724087685346;0.006802902172785253;7.103953433036804;0.011091904528439046;0.1376953125
1730;6.2313639805180205;1.0;0.3240376009277975;0.4829890020418351;275.0794073076698;-0.012895582849159837;0.004419911140576005;7.1023359298706055;0.007953974592965096;0.1064453125
1731;4.637030517673787;1.0;0.3047024655272984;0.4501381303893486;419.8530366665815;-0.013733777916058898;0.018506306782364847;7.09985032081604;0.012648543564137072;0.1677734375
1732;5.050810331411127;1.0;0.270525663501249;0.4061115695607178;314.8052382696796;-0.010994141595438123;0.024937077425420284;7.097127103805542;0.01225644014775753;0.1677734375
1733;5.9859277304264955;1.0;0.45107616424852404;0.6327629935017843;201.10966293825481;-0.019035624573007226;0.010663276258856057;7.090154862403869;0.010503082268405706;0.157421875
1734;6.075229196377014;1.0;0.2094910562692479;0.3308414740225731;375.1366185184584;-0.011617675377056002;0.015129706356674433;7.087865662574768;0.012865935813169926;0.1849609375
1735;6.415016192365507;1.0;0.31116273720433596;0.47131950087846197;228.390315877253;-0.012364023202098905;0.007991184270940721;7.091286754608154;0.013757164473645389;0.1927734375
1736;6.889253334229416;1.0;0.1795698377869724;0.2915269776310337;441.06231353038703;-0.009440571768209338;0.0026829371112398804;7.099087762832641;0.010832200455479325;0.1455078125
1737;2.2075032886174855;1.0;0.2740943893287436;0.40238321709020725;486.49962770430994;-0.007539612147957087;0.010534611251205205;7.101080703735351;0.008560244925320148;0.12734375
1738;6.439812988634499;1.0;0.3111608574376847;0.469853021840651;215.59592006585595;-0.013259159913286567;0.009342893306165934;7.096507501602173;0.012769348965957762;0.17734375
1739;5.677666021329658;1.0;0.30026352276698626;0.4502042687313763;362.77734343543466;-0.015402596909552813;0.007449159165844321;7.090951728820801;0.009899134153965861;0.1353515625
1740;3.7697321730996167;1.0;0.4337763398779012;0.5908244156806964;231.1249705437516;-0.008625527611002326;0.016470997501164673;7.0923912763595585;0.011714502074755728;0.14453125
1741;6.920116316132938;1.0;0.24116604543715003;0.37290738453077227;257.51999107191835;-0.012010189471766353;0.004916963470168412;7.100777554512024;0.010638065228704363;0.148828125
1742;5.2430750152374355;1.0;0.31921923177099687;0.47853819851746193;224.2025466729478;-0.01599257532507181;0.007425757893361151;7.101593446731568;0.010913686198182403;0.1541015625
1743;6.346659365994066;1.0;0.26794947843949746;0.4069895537723058;316.3349174686278;-0.015299234120175243;0.009872481506317855;7.099572324752808;0.010729132418055088;0.1541015625
1744;6.705690394219273;1.0;0.2995907922372201;0.44791525596065945;410.4117367352156;-0.020776692894287407;0.00829842039383948;7.102970814704895;0.011416109383571894;0.1607421875
1745;6.486778516925459;1.0;0.44014622332797754;0.6324193723872358;105.31591634708401;-0.01209144708700478;0.00937806258443743;7.1081780910491945;0.011580652138218284;0.1537109375
1746;6.245363496019867;1.0;0.3234667933265422;0.4919469299958596;239.9912856168099;-0.013272661529481412;0.02129821702837944;7.108783721923828;0.011647579516284168;0.16796875
1747;6.574740901372778;1.0;0.3233320392575811;0.48623072884525376;231.4026884761386;-0.005012747598811984;0.0074135652277618645;7.11205530166626;0.009543871448840946;0.1244140625
1748;6.744461505781985;1.0;0.16287192629174418;0.27241376440230863;457.23569955222797;-0.014001434156671166;0.008888733759522437;7.113032865524292;0.009877460193820298;0.1361328125
1749;6.511397109625868;1.0;0.34433720487984015;0.5140184530254512;318.69939038153893;-0.014436391927301884;0.01340865297242999;7.117226266860962;0.011617976531852037;0.1642578125
1750;6.574491787843999;1.0;0.3752622179474491;0.5561132329070034;323.6904480559145;-0.01974430922418833;0.030186256859451532;7.120152688026428;0.012913941266015172;0.18671875
1751;5.7807461635267945;1.0;0.19400278258599826;0.31275461889827333;363.785256104337;-0.010434890259057283;0.014668803568929434;7.122926163673401;0.009668139775749296;0.14453125
1752;6.998134036876795;1.0;0.32319203498046106;0.49970485144160676;294.8836748107081;-0.02178651364520192;0.0066208058502525095;7.120939564704895;0.012182001280598343;0.1591796875
1753;6.854005644180361;1.0;0.17199811217516486;0.29419979400502067;715.2818160225038;-0.009063060209155083;0.018948894692584872;7.1210133790969845;0.012398936680983751;0.1787109375
1754;6.376180805286909;1.0;0.214301706592471;0.350657201092823;405.2561074167845;-0.010095223505049943;0.021115914126858114;7.120090222358703;0.00877454912988469;0.1234375
1755;6.680242424078109;1.0;0.28610198343209187;0.4458370097338143;397.2916853166228;-0.01182249691337347;0.016918866150081157;7.1189721584320065;0.012200732715427876;0.161328125
1756;5.408556307484113;1.0;0.2829691727757425;0.4445915783728962;346.92739771021826;-0.01744614662602544;0.007219359674490988;7.120501089096069;0.00882001374848187;0.12109375
1757;6.827175602620741;1.0;0.3823175526754312;0.5753355424061654;252.72391791321684;-0.02043995747808367;0.014503645384684205;7.1233052730560305;0.013963196554686873;0.1818359375
1758;7.017898963860176;1.0;0.19473814363116138;0.33053496336180943;482.47104285369886;-0.0134645291371271;0.005213792715221643;7.123634457588196;0.008071977703366429;0.1125
1759;6.192262948004492;1.0;0.3925325033716514;0.5804041098528132;258.8229446954959;-0.018043336714617907;0.0092149541946128;7.121849107742309;0.013964174583088606;0.17578125
1760;5.820798264589584;1.0;0.40919417740838904;0.6019967821001828;238.57214999943784;-0.010277136182412504;0.006842651776969433;7.118546462059021;0.01218622982269153;0.173828125
1761;5.905185189067935;1.0;0.17868603208019004;0.30028973130149694;609.0521858851839;-0.009963443409651518;0.015193902514874935;7.114696264266968;0.008153470477554946;0.1078125
1762;5.8531906964923675;1.0;0.415407436541454;0.603141091953915;286.22143099655403;-0.015083595551550389;0.014064358733594417;7.114469861984253;0.012517854163888842;0.1615234375
1763;6.9337391896787235;1.0;0.1673897336661094;0.2907325419394727;577.2799210391025;-0.007752155093476177;0.01756878267042339;7.1146018505096436;0.00852583721280098;0.1228515625
1764;6.852143546605914;1.0;0.2747812695984722;0.42922722369800037;437.8771125731993;-0.01138084172271192;0.014317910419777036;7.112199926376343;0.009034312062431127;0.1291015625
1765;6.710278356615134;1.0;0.23854706717800858;0.37945775797929276;385.5798447203491;-0.016996605414897205;0.010834252554923296;7.115257835388183;0.012531733268406241;0.180859375
1766;6.666931612070758;1.0;0.24758803385122763;0.39904590913950033;400.3906975551377;-0.014211420994251966;0.022196428198367358;7.1127623319625854;0.009094683057628571;0.124609375
1767;4.2393520369901365;1.0;0.45247735562573255;0.6479965031566296;228.28391363605994;-0.02092868397012353;0.009024201799184084;7.121990418434143;0.015575243928469717;0.198046875
1768;5.976215029728232;1.0;0.12249382676389817;0.21917677465653013;676.1790613607754;-0.00954367285594344;0.010088175674900413;7.1275851964950565;0.009599687880836427;0.129296875
1769;6.218606261370681;1.0;0.31543063582418424;0.48424931980486;325.61585525304287;-0.019413425214588644;0.005382516596000642;7.129888272285461;0.009840412670746446;0.1458984375
1770;6.336899876495233;1.0;0.3094471745998271;0.4863118271464764;236.0066535684528;-0.007177989138290286;0.02058880925178528;7.136793494224548;0.006558801257051527;0.0875
1771;5.887233567184899;1.0;0.2206724278342502;0.3608979786502917;554.5673100607155;-0.01103787012398243;0.02507025650702417;7.13962140083313;0.008965246507432311;0.1216796875
1772;6.707871851272442;1.0;0.281664127506037;0.4525084879945489;393.21640616048967;-0.01952300367411226;0.0112962988903746;7.136515831947326;0.01101238742703572;0.1478515625
1773;7.080733621477086;1.0;0.22346086889558736;0.377311715580595;467.6160577984729;-0.010509645380079747;0.01878439891152084;7.138495755195618;0.01300597075605765;0.18203125
1774;6.943689042948456;1.0;0.13036807082684065;0.2315772755553639;569.5076622549711;-0.01567473355680704;0.0032492215279489754;7.142092752456665;0.011187923362012953;0.16484375
1775;5.588806323505031;1.0;0.2291357203772135;0.3701832795653969;587.688454422909;-0.021671537030488252;0.015979270031675697;7.145373916625976;0.011047121474985034;0.1435546875
1776;5.794317270259565;1.0;0.25017503807622227;0.4062514592701659;542.7396483001207;-0.014783592894673347;0.015569570939987898;7.147518539428711;0.013759847928304226;0.1853515625
1777;5.692383114031704;1.0;0.16326306406727797;0.27306484522356783;540.2677243878412;-0.014064679155126214;0.00613699242239818;7.146699166297912;0.010556076653301716;0.1595703125
1778;5.968884166667813;1.0;0.31554299957554055;0.4881150327272609;440.18546541676295;-0.00722389817237854;0.01966436537913978;7.139499759674072;0.008320282388012856;0.112109375
1779;6.022872543410659;1.0;0.21678095118588964;0.3511630797574311;445.36479769543274;-0.01976844759192318;0.029328146670013665;7.13638277053833;0.01059621648164466;0.1451171875
1780;5.5986111413278845;1.0;0.25440556786797414;0.4062237380802092;569.8231973647215;-0.017230338836088776;0.025171047262847423;7.131122469902039;0.010514176229480653;0.14609375
1781;5.117545075880155;1.0;0.26956306508220945;0.4204041693018209;266.2554039588126;-0.022326467745006084;0.010321286437101663;7.127835202217102;0.014890069211833178;0.19375
1782;4.866683650832631;1.0;0.16925058182022132;0.28896510522469143;732.8111374222333;-0.013791826367378236;0.01286215060390532;7.129785537719727;0.012437609210610389;0.1806640625
1783;5.674245709812885;1.0;0.2733221070222895;0.42638787387570576;493.2083663643669;-0.0154788913205266;0.037734569795429704;7.12859148979187;0.014693771454039961;0.192578125
1784;6.347616758938087;1.0;0.36021250958284;0.55407468275605;185.4187964139495;-0.0094363106880337;0.024390343856066466;7.130680727958679;0.007350568845868111;0.09296875
1785;5.710607297990538;1.0;0.25913163254778465;0.4060156124497468;445.85184493688024;-0.012985212169587612;0.028999032452702522;7.131628298759461;0.009738451079465449;0.13203125
1786;5.612658680030245;1.0;0.22164378758026596;0.360586907358918;376.6530431038133;-0.012245934270322324;0.01851543285883963;7.129276871681213;0.012028007709886879;0.1580078125
1787;5.423163019702945;1.0;0.14992835358365383;0.2554121055155777;420.8366058519813;-0.01570993398781866;0.011834983015432954;7.130462503433227;0.009533561568241566;0.1341796875
1788;5.5573976541406145;1.0;0.25351135722602697;0.39788929019229563;395.47961854026585;-0.013453566515818239;0.04034971669316292;7.130373692512512;0.009862965380307287;0.1421875
1789;5.190558358610842;1.0;0.3123670943745137;0.4857190700076589;413.1706505766592;-0.020181033154949547;0.03879056395962834;7.129476928710938;0.010570903972256929;0.1380859375
1790;4.014502160536531;1.0;0.22971713361626298;0.3729663432837018;269.9789681735756;-0.016383136133663358;0.007689848158042878;7.127627921104431;0.011445172887761146;0.16484375
1791;5.511827716968341;1.0;0.129992667051186;0.22732469677284303;802.2847510094376;-0.009338378068059682;0.012995170103386045;7.121599078178406;0.011061495612375438;0.159765625
1792;5.47446240515117;1.0;0.2229704813073021;0.3688888731114955;357.12352786846407;-0.017322002723813058;0.01932453950867057;7.123006153106689;0.010766869015060365;0.148046875
1793;6.876631506026426;1.0;0.3433773129764557;0.5489314592328122;274.3328131542509;-0.015297803189605474;0.02734698271378875;7.128670930862427;0.012100442592054606;0.166796875
1794;5.065481040406867;1.0;0.1003766897675501;0.18377565431024306;1127.3838147318972;-0.017406745906919242;0.016492402320727705;7.126757359504699;0.012204341543838381;0.166015625
1795;6.7428483314695296;1.0;0.321712970810481;0.49962357181287137;336.2222143518969;-0.01611809148453176;0.025834550615400076;7.121318697929382;0.009799391007982194;0.1361328125
1796;6.733137909375365;1.0;0.1966560405389907;0.3391262841690118;736.6837417596902;-0.015592555585317313;0.030725284665822982;7.116356611251831;0.013431599433533847;0.1787109375
1797;5.508608277326204;1.0;0.2383699447022933;0.39359332058026597;385.1758753234009;-0.010605634748935699;0.017648602672852575;7.116508364677429;0.011473026324529201;0.155078125
1798;6.019377373083068;1.0;0.40477572407060564;0.6199386766229216;229.65038302060265;-0.01143282363191247;0.02956594303250313;7.122303700447082;0.014004110335372388;0.1923828125
1799;6.715083065266399;1.0;0.38066052463940314;0.5969255877338623;266.1547678077107;-0.008795487694442272;0.008727083192206919;7.122189068794251;0.011454651481471956;0.152734375
1800;6.326023614014369;1.0;0.3384417454420982;0.5288642388537677;321.14381006668214;-0.016550244740210475;0.019535653572529555;7.124273777008057;0.012544999399688095;0.16640625
1801;5.617998857291062;1.0;0.41909230459923247;0.6359188564671607;289.6111985246702;-0.01589109734632075;0.018212009919807315;7.1293433666229244;0.01123329148394987;0.1525390625
1802;5.301236266617685;1.0;0.26948593931787573;0.42661213832513184;385.4064017041632;-0.008636780362576247;0.02180744567885995;7.130921053886413;0.009972096933051944;0.1501953125
1803;5.663295577877812;1.0;0.20668486531390093;0.3437081664932955;407.7446227306991;-0.015277680335566401;0.010294652241282166;7.125511693954468;0.010465564136393369;0.1607421875
1804;6.403312100122798;1.0;0.3440212024790611;0.5374326350242;177.59625246024834;-0.007599731790833175;0.013003901927731931;7.119072699546814;0.009703832399100065;0.1255859375
1805;6.737076746162588;1.0;0.2582739570847;0.41696319357023287;438.51814522175596;-0.008084823354147374;0.011553118843585253;7.11617910861969;0.007958905957639217;0.1072265625
1806;7.097030852289338;1.0;0.2247691940224169;0.3727876999123344;431.00075760101845;-0.009067610744386912;0.01575935147702694;7.112347412109375;0.011444560170639306;0.1583984375
1807;6.390729698805263;1.0;0.2297993933322002;0.3832940154919362;292.277692880132;-0.01544378506951034;0.00713411025935784;7.1058930397033695;0.011620680429041385;0.1689453125
1808;6.715241634733523;1.0;0.2990759891291648;0.4616200569314046;437.0650061104199;-0.019407495111227035;0.01647501364350319;7.105933380126953;0.012802157003898173;0.169921875
1809;6.505670569474903;1.0;0.2976596486814112;0.4536558380210376;413.0544449937313;-0.003913355308274428;0.012373132010300955;7.109027830759684;0.011502968861411016;0.14973958333333334
1810;5.452220972714075;1.0;0.2543110567602567;0.41024692697175835;497.1121309181049;-0.014476049225777388;0.015239836974069476;7.111353659629822;0.015431192540563642;0.1982421875
1811;6.895928837363883;1.0;0.304778038794891;0.477678106315205;271.46938767820143;-0.01621957393363118;0.00926289523486048;7.1159121036529545;0.012701237457804382;0.184765625
1812;7.077103921342769;1.0;0.2551705108504933;0.3960458888951494;382.4947530534896;-0.015386143326759338;0.005672242073342204;7.114566826820374;0.010280056158080697;0.15625
1813;6.041970731819612;1.0;0.31394135986764343;0.48964787790976755;320.533226782802;-0.022431083582341672;0.008369021117687225;7.112665462493896;0.013514747517183423;0.189453125
1814;7.236021445945916;1.0;0.20590902524185312;0.34626134509691886;411.06476520705047;-0.009114845376461744;0.01912980154156685;7.115190744400024;0.011370886547956616;0.1525390625
1815;6.5602950573800385;1.0;0.29839406121901174;0.460780741967277;326.4103913201196;-0.01151408227160573;0.0067566375248134134;7.116295385360718;0.009214942832477391;0.130859375
1816;7.3010376262826675;1.0;0.238661261171764;0.39699299168215335;305.45858035758795;-0.019393897149711847;0.008489868673495948;7.1159814357757565;0.00826388819841668;0.1146484375
1817;6.118112711625198;1.0;0.4176820831817013;0.6231298638197241;258.97217537180956;-0.016600179160013794;0.018875212129205465;7.10761194229126;0.011328319204039872;0.1611328125
1818;6.209039929809686;1.0;0.42867500804541914;0.6556605391790343;179.6717617324064;-0.007857241621240973;0.010814804676920175;7.102881836891174;0.011009447916876525;0.158203125
1819;5.474449852650145;1.0;0.3028880379558388;0.46036263641312314;440.6697225720831;-0.00929876770824194;0.00874938725028187;7.10213725566864;0.008558874006848783;0.119140625
1820;6.076695918142214;1.0;0.4348863808845293;0.6556086996122428;193.16512111503752;-0.010981141263619066;0.008543346147052943;7.104900479316711;0.008870887791272253;0.1275390625
1821;6.666462408771798;1.0;0.2773209267383186;0.43230000182289846;458.12264840704546;-0.01743809327017516;0.00695843065623194;7.1129718780517575;0.00911462988005951;0.1271484375
1822;4.988334804258357;1.0;0.17612507805581562;0.3052514309511171;429.00102083697357;;;;;
1823;6.205904589934285;1.0;0.3622438878589421;0.5509836699370896;198.1555662485454;;;;;
1824;6.2931356999165615;1.0;0.32261860632734823;0.4943881761036036;286.06552558446583;;;;;
1825;6.363398759101235;1.0;0.3647021220287129;0.5598494393381187;363.07806548044346;;;;;
1826;6.891066432446264;1.0;0.2196855322332652;0.3586535225331739;453.98305509048237;;;;;
1827;6.7355167827011915;1.0;0.393828213457968;0.5946832419417779;312.41074139328674;;;;;
1828;6.802496981787438;1.0;0.2618270033434538;0.4125718549291306;419.5672359896839;;;;;
1829;7.04750062136587;1.0;0.33366027291249567;0.5231664774390221;353.28095586621833;;;;;
1830;5.906506028613971;1.0;0.23876762688359632;0.37937128379873314;589.0275749691082;;;;;
1831;6.798074469580564;1.0;0.22873838344874534;0.36216844848020974;359.3957110053403;;;;;
1832;5.963197300006285;1.0;0.27475050737937273;0.4319299186311845;455.71553688838975;;;;;
1833;6.600192643826383;1.0;0.31190428210387505;0.4984896307155534;235.022720558031;;;;;
1834;6.6246201850692366;1.0;0.23618258223512706;0.37486504352573985;391.8033540387872;;;;;
1835;6.405637183305741;1.0;0.45089359386001354;0.6781295371976953;233.53053041344262;;;;;
1836;4.866608750427427;1.0;0.14382679455055594;0.2456611098569619;575.3615592701041;;;;;
1837;5.675171525224117;1.0;0.1672269222188005;0.27404687228287306;521.0009351234419;;;;;
1838;6.298983840536251;1.0;0.14732974074709662;0.2560373792548268;557.1533313653682;;;;;
1839;6.985534767844582;1.0;0.2216280685250252;0.34685124783709764;360.8618031726414;;;;;
1840;6.86353971323731;1.0;0.3725281507007093;0.5638976453838218;312.19716693675525;;;;;
1841;6.667457766798039;1.0;0.3984765759825725;0.5969736650258641;295.69874391636387;;;;;
1842;5.930512476674613;1.0;0.3075390226107451;0.46289842241796875;217.17865741707794;;;;;
1843;4.848935778343667;1.0;0.2912384042288369;0.45439238201577453;327.55889519785853;;;;;
1844;6.255582510120329;1.0;0.40354905709745226;0.594058399267047;172.63369684739197;;;;;
1845;6.034653798450326;1.0;0.3627855252742976;0.5415509681092047;221.39795231247024;;;;;
1846;5.7785455295284365;1.0;0.18826728001141432;0.30773090345493315;894.49100509262;;;;;
1847;6.2066752134047825;1.0;0.37013643898491033;0.5502405469964745;374.750675996224;;;;;
1848;6.763895489855393;1.0;0.25741063851992946;0.398729573621959;309.583213879008;;;;;
1849;5.52699991935681;1.0;0.21245386610302144;0.3505253918078646;562.0791263389791;;;;;
1850;5.461158781797855;1.0;0.18881067268696902;0.302809188500069;546.1270953380526;;;;;
1851;6.395664921372427;1.0;0.27821324185166774;0.41572413267548003;483.50654160239714;;;;;
1852;5.6808120227377685;1.0;0.3903960505381194;0.5603189489262355;282.863242571455;;;;;
1853;6.743101211057718;1.0;0.3235002746775142;0.48221900748140967;425.53599132064403;;;;;
1854;6.484669480965584;1.0;0.27481907034472186;0.41608629541907033;425.2944734086856;;;;;
1855;2.272750291488233;1.0;0.27613289774573946;0.40247245351369976;310.66194841917513;;;;;
1856;5.892625810751107;1.0;0.2721065779850063;0.4098102410265766;237.84464904482184;;;;;
1857;5.719556748344744;1.0;0.22613993511758007;0.3667835876302491;346.004558642065;;;;;
1858;5.651141674749484;1.0;0.20559236910238093;0.3289942329111018;497.63361732280663;;;;;
1859;5.947060904502678;1.0;0.30759146602087306;0.4660970946685517;167.88297637774878;;;;;
1860;6.956589558579132;1.0;0.2989672549590982;0.4607911994945997;369.98574114033255;;;;;
1861;6.477114997941001;1.0;0.34963713848131894;0.5145829616646608;350.85326938118516;;;;;
1862;6.346249133702693;1.0;0.32082579235214315;0.48867151692439187;248.29428982894962;;;;;
1863;6.082051103459719;1.0;0.4139155310073322;0.6040043612138492;320.26367910769625;;;;;
1864;6.098939654967394;1.0;0.3970414553951427;0.6115283878933304;270.883198915817;;;;;
1865;5.759205272110793;1.0;0.39867698552942205;0.5918708630151325;347.7225303173021;;;;;
1866;3.630354100996931;1.0;0.3857860945389611;0.5471766258269782;268.6443604379814;;;;;
1867;6.217412922582099;1.0;0.3021878326967945;0.4611729458313241;295.3941282577723;;;;;
1868;4.735567340372374;1.0;0.29398358842691485;0.46914755852901524;363.3344620290824;;;;;
1869;5.325157439667563;1.0;0.19396142312570636;0.30453767991700076;383.3116035292084;;;;;
1870;4.882638371544239;1.0;0.23195348573551358;0.35507739928248166;534.3564082788168;;;;;
1871;6.325233346708863;1.0;0.3931815152700028;0.5729561214468;379.95057238414836;;;;;
1872;5.224374210018575;1.0;0.2647031085060279;0.40627478639914283;480.02515670892006;;;;;
1873;4.058374433607327;1.0;0.2652383942623082;0.4080694823697479;571.1032076943634;;;;;
1874;6.565245817739466;1.0;0.3245108382687106;0.46951105302320784;468.37957183954427;;;;;
1875;5.529307310614921;1.0;0.16905289137685592;0.2806442316113904;682.0394396452717;;;;;
1876;6.964311253749447;1.0;0.18094392868876077;0.2955791348731641;391.7642171611072;;;;;
1877;5.325098101825937;1.0;0.26591867991747076;0.3994776680130164;316.63368726026687;;;;;
1878;6.352792222984033;1.0;0.4473631733268072;0.6696933982843818;122.48795132438812;;;;;
1879;6.383521143160232;1.0;0.27794388123690833;0.424667112590471;288.1343000971245;;;;;
1880;4.077139746619874;1.0;0.2034988105213679;0.3244311113772959;483.3884990726557;;;;;
1881;4.83894970838995;1.0;0.21380131061082014;0.3373781961496899;487.46530451184464;;;;;
1882;4.401210339196932;1.0;0.12914369167185438;0.21807763330227173;630.6319462011353;;;;;
1883;6.8072232213537855;1.0;0.3110889537445332;0.4643877824903048;461.13056851158103;;;;;
1884;5.67584292329658;1.0;0.21024290664803708;0.3431156256391569;545.3090432644731;;;;;
1885;5.429426888604896;1.0;0.24535450943312545;0.392367469163558;435.23908859738054;;;;;
1886;6.4190698154861945;1.0;0.3676986639864653;0.5327933103604173;422.62146861603463;;;;;
1887;6.314998450268419;1.0;0.4379287354674117;0.6498519366670005;265.2280054333402;;;;;
1888;5.546779509269352;1.0;0.21475929472978553;0.34966743280906903;490.97157811992497;;;;;
1889;6.64471884543736;1.0;0.29769648215519423;0.46770479150768846;320.54720502666385;;;;;
1890;6.507456095193485;1.0;0.30746674553403797;0.4603740340914344;512.2522272343263;;;;;
1891;6.58894653207348;1.0;0.2489972112541359;0.4034280323129151;264.4060725742915;;;;;
1892;5.733229311371547;1.0;0.34905032202480324;0.5328794854667088;322.9570703049546;;;;;
1893;5.953374432279857;1.0;0.34735967806361107;0.5268148249799115;359.88518461696634;;;;;
1894;5.891204923983011;1.0;0.31473659183363606;0.48935262309820055;214.31241761922715;;;;;
1895;5.0199772109710885;1.0;0.17999162761058984;0.2969676746862762;317.6715139687694;;;;;
1896;4.652134428926827;1.0;0.22024053357086307;0.35498782283920827;273.3724504966837;;;;;
1897;6.9363245110551555;1.0;0.2537040939468139;0.40431362995929826;502.0383633225355;;;;;
1898;5.714843084502248;1.0;0.2075705512167024;0.3409515129536575;507.3053351854168;;;;;
1899;5.074242142524658;1.0;0.2285360217865466;0.3706530976660695;534.3106263397185;;;;;
1900;4.676345733442901;1.0;0.25788044641701996;0.40238745520210967;526.6964849652262;;;;;
1901;6.3078327568656345;1.0;0.21534970429663222;0.34610693175251883;501.0704521483718;;;;;
1902;6.285480329797602;1.0;0.28062455333456965;0.4332084568154316;595.0332043797761;;;;;
1903;5.389125062646382;1.0;0.20309404043089263;0.32684608417223027;576.0415066489824;;;;;
1904;5.915892608712085;1.0;0.30408738772470867;0.4767975978592514;378.810423613385;;;;;
1905;6.742726724448634;1.0;0.24282279870119894;0.38477075265370836;330.8596334145749;;;;;
1906;6.841225351952014;1.0;0.24261512798068005;0.39062236627316255;306.5671100635248;;;;;
1907;6.3583316252352216;1.0;0.288710177517137;0.4402611667942777;435.6791041392722;;;;;
1908;6.885043998204948;1.0;0.2326848801783723;0.35913525388040846;393.67893214982644;;;;;
1909;5.718024954693398;1.0;0.17278444430981935;0.27781587118245493;498.75452610112677;;;;;
1910;5.32654436667606;1.0;0.15745775669607656;0.2658910052050417;398.0884219681101;;;;;
1911;4.946457136311246;1.0;0.27736844957557755;0.43834780236600684;378.32410190756855;;;;;
1912;6.443311962394926;1.0;0.302110938906701;0.45136749338561566;292.98768331695226;;;;;
1913;6.846900560475698;1.0;0.2215148450529089;0.3535114140357586;324.38610505942546;;;;;
1914;4.991495353914932;1.0;0.17377485683256755;0.2856410216505157;482.580454122032;;;;;
1915;4.707641565529675;1.0;0.2750984732608856;0.4216293082486812;497.2841049948568;;;;;
1916;-1.053307484801639;1.0;0.2797242264675543;0.42870102170882385;523.3772903502388;;;;;
1917;6.3220509780399485;1.0;0.3565338677109779;0.5156065100277886;389.95988288917926;;;;;
1918;6.110948675974946;1.0;0.3207854822146211;0.48662210143398865;312.8853017362817;;;;;
1919;5.090843339095072;1.0;0.23179476582243463;0.3755246950001654;308.35577934056613;;;;;
1920;6.871365846394157;1.0;0.2891188036804175;0.43845087658299414;307.38661169043354;;;;;
1921;6.363141324881958;1.0;0.3279674713089644;0.4832844426762774;284.9549949737515;;;;;
1922;6.137024573227003;1.0;0.3853883839850069;0.566579373879787;326.1056041362131;;;;;
1923;7.000368618338372;1.0;0.1696920847178331;0.2815913902747796;499.5321995013988;;;;;
1924;6.530074516495132;1.0;0.30579128457220645;0.46425106406561556;382.44543190369257;;;;;
1925;5.859580576301215;1.0;0.2192402827039261;0.34094843928441976;347.20689348313846;;;;;
1926;5.682533083770761;1.0;0.30178944314677925;0.46229603302801425;443.1409802894239;;;;;
1927;6.164177996555992;1.0;0.49134525536878654;0.7054898202236692;116.87185431091254;;;;;
1928;6.79947088343971;1.0;0.32099220640720666;0.5019145834358654;340.771301176673;;;;;
1929;6.44639493232833;1.0;0.32975589389232984;0.49921247792677004;312.88925406513914;;;;;
1930;1.4803877150122529;1.0;0.3072909200534005;0.4439802348058382;348.67833163118223;;;;;
1931;6.743737837199908;1.0;0.26388369010445156;0.41621651715393637;298.0599009554582;;;;;
1932;6.72121311303718;1.0;0.2434489600719188;0.3884850142014857;467.9501120161776;;;;;
1933;6.4111252911608165;1.0;0.40214419028807497;0.5930779201099426;283.11425956145416;;;;;
1934;6.66043814632169;1.0;0.320300434062725;0.4584830313246164;494.70153378327956;;;;;
1935;5.590913511293641;1.0;0.2913187214767398;0.4509840884781118;400.87907238704446;;;;;
1936;6.307155178442085;1.0;0.38304947982265414;0.5722638444068838;249.99814896777815;;;;;
1937;6.918910745572749;1.0;0.24283301023584297;0.3759980306359959;354.81259761985496;;;;;
1938;6.44704160419289;1.0;0.37330070747371924;0.5562431336250971;303.4999590060065;;;;;
1939;5.321249539517102;1.0;0.27215406743852955;0.4093706440586852;245.80760319026194;;;;;
1940;5.691843412546584;1.0;0.3906597661444102;0.564187299610996;343.6043869266657;;;;;
1941;6.683969652631125;1.0;0.2273279366434568;0.3498348106508363;331.0801493233071;;;;;
1942;6.14973842423638;1.0;0.1803226687158266;0.29271935379433794;474.0693300494388;;;;;
1943;6.860093055550028;1.0;0.2360824213302097;0.3602238388725726;306.48190647558886;;;;;
1944;6.8395609736749154;1.0;0.31598996787698136;0.4892053534056975;193.12169187288023;;;;;
1945;5.7836711013692605;1.0;0.3379861566292269;0.500818645393794;215.1787197075928;;;;;
1946;6.6382607845800665;1.0;0.2739380584898796;0.4125189899677599;306.2014027002672;;;;;
1947;6.06978605143123;1.0;0.36193431116591007;0.5338295859396006;272.16649067455836;;;;;
1948;6.994749629421085;1.0;0.2671047204871614;0.4104897600944042;460.47167864119155;;;;;
1949;6.485145114236198;1.0;0.34612995937249447;0.5187593226535676;354.7787142682833;;;;;
1950;6.512368821797862;1.0;0.3015361150915259;0.4582972573063843;250.35649909107292;;;;;
1951;6.041709419589815;1.0;0.23658944978804788;0.3624327654376969;393.16506337915524;;;;;
1952;6.1955868553129765;1.0;0.3683344190200499;0.5318419971492617;340.13156667266907;;;;;
1953;5.936729613766873;1.0;0.3193520898035623;0.46674946968043984;432.21713266339646;;;;;
1954;6.216039994758605;1.0;0.286297600825052;0.42757479749538047;214.7486533281039;;;;;
1955;6.911905005671363;1.0;0.238523471724295;0.37900313739162794;280.6893785368277;;;;;
1956;5.049874003607433;1.0;0.19907449333315755;0.3139503953598437;403.85283364922986;;;;;
1957;5.135202688548841;1.0;0.2291629547896594;0.36690514490788584;539.8698383497698;;;;;
1958;5.565773401766204;1.0;0.26613331246384925;0.4264535591411024;263.8638945148572;;;;;
1959;5.263307348520678;1.0;0.25809283904475916;0.4094108552726144;261.6657976736722;;;;;
1960;6.695963361670074;1.0;0.24874118794357614;0.38751325317422236;297.78492134571906;;;;;
1961;5.969198157167183;1.0;0.26527855784540133;0.40862083211739203;389.81961545474513;;;;;
1962;5.08580637160304;1.0;0.3165874582592923;0.49143990183118474;345.0579778008471;;;;;
1963;6.633989151661682;1.0;0.2535354840041833;0.3934292372748732;407.30570463278224;;;;;
1964;4.217967440377465;1.0;0.2711666226781477;0.40886874087002417;588.1897858942252;;;;;
1965;6.048679330194914;1.0;0.20197562551770032;0.3158066568339752;439.0130530477839;;;;;
1966;6.836855743798386;1.0;0.21435941325542746;0.340038815829301;311.6405547616277;;;;;
1967;6.529414142291509;1.0;0.26136496764293293;0.39983529744805585;275.74741893483144;;;;;
1968;7.153277027830411;1.0;0.2578607900233833;0.3974126617571877;327.0349952087522;;;;;
1969;6.482300421000305;1.0;0.3304682584674841;0.5119085748699005;431.81583952359824;;;;;
1970;7.4562805789220565;1.0;0.17890478632721465;0.29783784637506233;404.9049435920994;;;;;
1971;4.7317026830267865;1.0;0.21780798589636127;0.34992365299503597;451.45371539848236;;;;;
1972;6.9872214928423375;1.0;0.2898777893529282;0.46667832254397057;417.8049108586509;;;;;
1973;5.288264279647681;1.0;0.18495418314153575;0.2968776824041344;431.25954999390217;;;;;
1974;6.619239796646663;1.0;0.17391176717825454;0.2887481056690686;520.758929888442;;;;;
1975;5.997916662451795;1.0;0.2060034786257245;0.34231555625951143;373.590763367611;;;;;
1976;4.945193731676229;1.0;0.17861776612361493;0.2989673148502726;523.2266588692637;;;;;
1977;5.695078500512816;1.0;0.2257632706326241;0.3561114354531514;514.3840173988832;;;;;
1978;6.505410686918987;1.0;0.32276835275880017;0.48958289580968495;224.58793004463746;;;;;
1979;5.325353491507476;1.0;0.18418622913246485;0.3007117023541773;389.1562770948869;;;;;
1980;5.407808106444312;1.0;0.26295222939852864;0.4176460102369966;330.2454347584558;;;;;
1981;4.670798732974559;1.0;0.2705660481265781;0.4215654141799778;448.85002695547144;;;;;
1982;5.4307519179634856;1.0;0.23060532803701703;0.36707150840147434;293.5070006345413;;;;;
1983;6.265599634618714;1.0;0.22064272583326786;0.3542000623377067;443.11105933104545;;;;;
1984;5.1804658475869765;1.0;0.31842003701995036;0.4887722741440333;381.24930234998567;;;;;
1985;5.597815275459753;1.0;0.2645712401412587;0.41630370910733383;485.49194386014295;;;;;
1986;5.780899435770184;1.0;0.41706015747357916;0.6249317148874663;306.7815359479187;;;;;
1987;5.809130312897775;1.0;0.38222552282842714;0.5798999468538962;224.44648849834238;;;;;
1988;6.72611833212615;1.0;0.3310008163581401;0.5078280138890086;305.85912564138084;;;;;
1989;6.917680303755413;1.0;0.299716332562276;0.4639260663896591;336.4928015679826;;;;;
1990;6.950449900547843;1.0;0.24454533943442847;0.3777215112612592;330.43709483314325;;;;;
1991;6.019438273149721;1.0;0.34084897320368857;0.5002595916156088;280.60935420397993;;;;;
1992;5.650156942418002;1.0;0.25874606059215477;0.40778115422497724;313.3978408157431;;;;;
1993;6.1648658331765365;1.0;0.4212596626842961;0.6442634348950924;216.52869547700493;;;;;
1994;6.399536359875068;1.0;0.21590167916795636;0.34384814159911703;441.8612036519825;;;;;
1995;5.370950036410201;1.0;0.3264005355798858;0.4935520817154078;319.3031927122102;;;;;
1996;5.399452337592118;1.0;0.2807306020316949;0.4251571760399269;397.0787877464458;;;;;
1997;6.397284515109291;1.0;0.29972069501112814;0.45411562626106206;207.13660490541616;;;;;
1998;5.795447968243288;1.0;0.31717592306137504;0.47606954002193486;508.090504354017;;;;;
1999;5.493411477138024;1.0;0.32747267994185003;0.4978641786959126;409.0888029326322;;;;;
2000;4.965526307661292;1.0;0.3041228386150321;0.4451203068582216;474.36826110771545;;;;;
2001;6.27575525895386;1.0;0.2758193808533651;0.420855738215399;423.0212124080021;;;;;
2002;5.525813291144749;1.0;0.27864570954774576;0.4217641565280126;308.07532674050697;;;;;
2003;5.298068865206766;1.0;0.33405514797591424;0.49090010043879406;370.4790484094282;;;;;
2004;5.681501556093739;1.0;0.28042653524195493;0.41621039208297445;397.91000294636154;;;;;
2005;6.192981457972406;1.0;0.27701005993654304;0.421218741439166;396.16592391283393;;;;;
2006;6.020933122109384;1.0;0.27416019353623433;0.41502634934049276;390.799084889192;;;;;
2007;5.776495152040856;1.0;0.28262989991996423;0.42894892920311145;383.101505404887;;;;;
2008;6.082715995802403;1.0;0.42603977097440243;0.6275938656829009;339.8312752285694;;;;;
2009;4.564934699961998;1.0;0.3509531378419613;0.5052782994672677;337.4280479049721;;;;;
2010;6.476624591951448;1.0;0.15555574938324118;0.2593169362437026;505.79194717003736;;;;;
2011;6.368654647215378;1.0;0.4549518914592813;0.6504887495512846;123.26926893235358;;;;;
2012;6.02737542416055;1.0;0.38036788007300737;0.5491282003315175;251.2152391051921;;;;;
2013;5.412431990023415;1.0;0.4119764526164684;0.6248241690568749;335.01082932158937;;;;;
2014;6.0590999128972225;1.0;0.2965619380996942;0.44272780225839015;423.377442661685;;;;;
2015;6.075236755258001;1.0;0.17966106197426734;0.2930510255971496;587.0876539269643;;;;;
2016;6.592093934392983;1.0;0.3950564562130793;0.5554215399711061;161.8383045714538;;;;;
2017;5.798317734545301;1.0;0.21752525537596692;0.34228120157819336;329.88786794536696;;;;;
2018;6.204548675257916;1.0;0.14846121193602432;0.2562670850322692;583.9961866974023;;;;;
2019;2.3901907567685354;1.0;0.3613820144197885;0.5068904934840485;273.7492020924979;;;;;
2020;4.094226011930869;1.0;0.43543871108258103;0.5910574494925603;123.50050754736021;;;;;
2021;5.4684521178845955;1.0;0.24696315825881315;0.3674342670140268;350.27611246162553;;;;;
2022;5.992716689842409;1.0;0.23875779047852544;0.3794421079855049;300.215193120053;;;;;
2023;5.652985417893454;1.0;0.25615510821429455;0.37901844502630466;410.5260226750072;;;;;
2024;5.861699258510987;1.0;0.3309488665236833;0.5061721102997639;312.10040066058383;;;;;
2025;7.08009897752695;1.0;0.23809889270588055;0.3739248255628523;310.46922498690884;;;;;
2026;5.948410399278861;1.0;0.45069953642895355;0.6483768283533607;185.48556130482058;;;;;
2027;6.642000239003693;1.0;0.20986977569413992;0.3320359855378868;353.7084308921756;;;;;
2028;6.1815119522131905;1.0;0.3338670339977605;0.5062222456088903;171.61582303781867;;;;;
2029;6.181419258772863;1.0;0.23445841532769257;0.36955692685716807;322.6064448210791;;;;;
2030;6.484007556283905;1.0;0.39817183058138145;0.5915062336803406;275.64088254447915;;;;;
2031;1.2804897904483017;1.0;0.3307507864443984;0.4925944491176027;369.01369860057935;;;;;
2032;6.651649942762849;1.0;0.3405745026364865;0.49977112817117025;366.9023880850583;;;;;
2033;6.495427428886773;1.0;0.19216761476120583;0.3209991874864386;515.9981570553592;;;;;
2034;6.749199652462805;1.0;0.3212115407076278;0.47433794086497705;319.9995533049651;;;;;
2035;6.217088060275567;1.0;0.297407726892453;0.45819382951999077;212.49501076461138;;;;;
2036;6.044703332597519;1.0;0.4104780153464789;0.6211768589013311;241.94992018036442;;;;;
2037;6.886017860182046;1.0;0.1633664932910846;0.276271779576436;461.93022380929284;;;;;
2038;5.57172628974215;1.0;0.2635920520318484;0.4138838830882805;616.0231671495209;;;;;
2039;6.302514193890909;1.0;0.22901851280762506;0.3796416118689178;513.4303489116575;;;;;
2040;5.9810009797766694;1.0;0.43622821700924325;0.6426889634566743;223.55401904028707;;;;;
2041;5.306935953585865;1.0;0.2578384149858884;0.38912675984651396;277.90354851691717;;;;;
2042;5.481859554612472;1.0;0.2425215504818231;0.37188372431135996;315.31891837108003;;;;;
2043;5.523718157274956;1.0;0.2180330804499077;0.35072598058038934;464.3430865719537;;;;;
2044;6.305875541552438;1.0;0.30616342448147005;0.4669745418845255;418.0699357000381;;;;;
2045;7.1182866537956;1.0;0.29344290300892145;0.4498658571097664;335.5804794119686;;;;;
2046;6.018172928283548;1.0;0.22778807459420036;0.350602776466579;429.20317970532744;;;;;
2047;6.145077564923152;1.0;0.25839485385582256;0.4145986979290745;476.49285722893563;;;;;
2048;7.089412253806708;1.0;0.2891481375251373;0.454497606023435;368.9547240399459;;;;;
2049;5.955424253828416;1.0;0.2480731152772981;0.37605049502589144;300.71222378462704;;;;;
2050;5.488757958765868;1.0;0.25462629528116504;0.4000261511611415;236.98236552774878;;;;;
2051;6.959748581819312;1.0;0.30644283060142363;0.45984357299047696;312.81089812620047;;;;;
2052;5.7874675172465375;1.0;0.3566643401071254;0.5323554490645491;296.5304832744176;;;;;
2053;5.163770279440495;1.0;0.2740807458402256;0.42822532260625257;421.4506543472872;;;;;
2054;5.411101422071484;1.0;0.3454711764647944;0.5369934792396821;317.52738135936227;;;;;
2055;5.884180557191151;1.0;0.2514233748669771;0.39268545769447755;438.36382013518295;;;;;
2056;6.036504501311822;1.0;0.2215841001956389;0.3529755945435076;414.5019712197366;;;;;
2057;6.293123031285749;1.0;0.20138027392897975;0.31305988069879065;452.32839726260954;;;;;
2058;6.562472409704943;1.0;0.29475383211649375;0.45257211866931685;218.016094823669;;;;;
2059;6.439234601881369;1.0;0.30835472275319553;0.47224464483252665;502.30909222215763;;;;;
2060;5.574101980698716;1.0;0.34220218538654085;0.5171148740104987;283.61837847749274;;;;;
2061;6.284686083170898;1.0;0.334854235373609;0.5177094102192781;325.754856734111;;;;;
2062;6.943567550532439;1.0;0.22206244228882546;0.3682948757719065;463.61535233401503;;;;;
2063;5.4599081481928735;1.0;0.2997436042282536;0.477565858054501;238.555327879143;;;;;
2064;6.153897808522874;1.0;0.3142505668981569;0.477262808383315;219.18667875027822;;;;;
2065;5.792023946930375;1.0;0.34872502292581625;0.5283954933041803;211.6439924853537;;;;;
2066;3.7481693164925693;1.0;0.3054165181550545;0.44396834792681866;208.1798793761967;;;;;
2067;6.049593511063641;1.0;0.2502526170325242;0.3884427924199143;418.85720656095896;;;;;
2068;6.338659460668432;1.0;0.20756598736780474;0.3240851345933672;396.39588689335403;;;;;
2069;5.579186624997304;1.0;0.23785987135416956;0.37345284538304685;391.43822450692613;;;;;
2070;4.396354859858666;1.0;0.32762154600167653;0.5054984408514975;378.7663057077594;;;;;
2071;6.861298370968042;1.0;0.25222819794313567;0.3921993784650073;259.58092346463695;;;;;
2072;4.650841944373635;1.0;0.30585857709844416;0.46938167814286774;392.5419094310775;;;;;
2073;5.665837584740374;1.0;0.27084881306227776;0.4168148291071915;578.3808669424506;;;;;
2074;5.856990249357173;1.0;0.24793606932594417;0.37140834509695136;322.7467174211339;;;;;
2075;5.2305602385652685;1.0;0.2994964779884108;0.4572456350041402;184.3119722936633;;;;;
2076;5.178714694596363;1.0;0.37540715306358463;0.5644317314811509;330.95545862175436;;;;;
2077;4.735899965761164;1.0;0.34730289882325216;0.5062460047388105;239.10279908138602;;;;;
2078;5.572737591560109;1.0;0.3417684138076299;0.5173068592587238;433.5966735372635;;;;;
2079;5.35153510675783;1.0;0.2107324182099125;0.33466094705815663;418.25256296149587;;;;;
2080;5.76548725598849;1.0;0.2641586617720491;0.41006045475717295;339.5378401930556;;;;;
2081;3.1560231555993288;1.0;0.16799175746254888;0.26932121144504895;375.58879123397367;;;;;
2082;4.847044104157835;1.0;0.28498501892180733;0.43209410070871557;385.3740682757049;;;;;
2083;6.004324702562135;1.0;0.2461120160055862;0.38553881642130655;426.41647494489933;;;;;
2084;6.335816466915385;1.0;0.25779868186599386;0.41094677352135744;442.17443848135775;;;;;
2085;3.074030822695651;1.0;0.238456667433312;0.37981870956306624;456.96766724080584;;;;;
2086;5.12931334904024;1.0;0.26010163952716153;0.4022441415361665;452.97369018164096;;;;;
2087;6.4009014689819566;1.0;0.35622400611453564;0.5373318181571318;394.72743438346254;;;;;
2088;5.41748889337109;1.0;0.27668299379324063;0.42197840329365527;494.1049010072467;;;;;
2089;5.763390042659806;1.0;0.2360056228822909;0.37817625571026375;468.1615967767405;;;;;
2090;5.652601507335126;1.0;0.24568185698416375;0.38437198486787727;380.4344061801826;;;;;
2091;5.207501986888456;1.0;0.2803117270740711;0.44339710117978576;299.3709269688993;;;;;
2092;5.3838308598539335;1.0;0.383521140501714;0.6028602254529168;291.96158044472463;;;;;
2093;2.2405896717761387;1.0;0.4496784671982454;0.6665461368274233;298.4002770210429;;;;;
2094;4.970437095285908;1.0;0.3273900803059895;0.5007176170751163;492.4072024590013;;;;;
2095;6.062094629259002;1.0;0.3046784253305555;0.46352183210959597;222.57786519698448;;;;;
2096;6.410123948368507;1.0;0.2448801101447948;0.38998821292984626;395.8786605769686;;;;;
2097;6.0969191429096;1.0;0.24307668568476754;0.3901790469404798;462.9428303983346;;;;;
2098;5.88643608780971;1.0;0.36917946082914316;0.5700441840892175;223.8094325553993;;;;;
2099;3.540708975874892;1.0;0.3220938677978804;0.4976962814887631;476.5984354648395;;;;;
2100;5.270719593533837;1.0;0.26513002913467365;0.41525714724241947;455.63072722410453;;;;;
2101;5.015459199072213;1.0;0.25410715543199075;0.4003201583364357;273.3041429431335;;;;;
2102;4.4756206933120755;1.0;0.19378082688360065;0.31688464097045577;469.69652247746535;;;;;
2103;5.843759069634531;1.0;0.2537230309915554;0.40717412391475555;365.3852657346681;;;;;
2104;6.462075618297385;1.0;0.28530749147108664;0.450791121254577;276.1388706127822;;;;;
2105;6.5021221527787105;1.0;0.24624996672158778;0.3773874146041785;306.59407126521467;;;;;
2106;4.137044698955975;1.0;0.18408597218064965;0.2995612415074612;518.9906960611463;;;;;
2107;5.432068753531932;1.0;0.2677353519834857;0.42785571669818473;418.0482162240477;;;;;
2108;5.476686838518275;1.0;0.28871483678831544;0.4603509366204579;199.54380552883646;;;;;
2109;5.809081858634654;1.0;0.2511210960679862;0.4004014240429975;387.51548926780606;;;;;
2110;4.571111469423017;1.0;0.24106424000397267;0.3753753605700182;345.27171961270807;;;;;
2111;6.272928076713827;1.0;0.26036241271454047;0.40160194580708436;299.4083646576851;;;;;
2112;6.3203566143436625;1.0;0.20151712235877095;0.32556428969978646;334.47020780811226;;;;;
2113;6.767972218902982;1.0;0.3238501575097098;0.5035673462728885;198.45541185932728;;;;;
2114;6.195884391489881;1.0;0.21399487929042724;0.34028970073225895;411.78552037312073;;;;;
2115;5.702157389438378;1.0;0.3113448866683939;0.4874177692819982;390.9542858873904;;;;;
2116;5.738868697690372;1.0;0.23650176985652271;0.3716448267820266;324.8724021991134;;;;;
2117;5.584120843557555;1.0;0.285288436747139;0.4478795626143466;249.6946429006516;;;;;
2118;6.392516141543476;1.0;0.46114882202863494;0.6897410641954614;243.85178769453898;;;;;
2119;6.115132708510907;1.0;0.3375480561153979;0.5196035937718321;146.31807520158887;;;;;
2120;6.3756622309362125;1.0;0.32441243362224614;0.49390261031858856;177.3012875463694;;;;;
2121;6.462599253464186;1.0;0.25541867754813996;0.41368282007125196;419.45423441133346;;;;;
2122;5.339728055435873;1.0;0.294934471460818;0.4676479979876454;375.5036726884919;;;;;
2123;6.187016476964956;1.0;0.27399326557180403;0.42361684356717694;377.6437191171703;;;;;
2124;6.025561359688929;1.0;0.38648912305595634;0.5628617114427579;232.0791229406768;;;;;
2125;5.885576605138331;1.0;0.448209768298948;0.6786125361262776;281.4409450388138;;;;;
2126;6.782298891359385;1.0;0.19016852234467657;0.31922126536984496;684.7650869061224;;;;;
2127;5.413207121118469;1.0;0.3337227373989687;0.5118294661941862;347.92818158525614;;;;;
2128;5.774745901038904;1.0;0.26204928508666064;0.4087882359708379;380.2055051403906;;;;;
2129;6.01091381698015;1.0;0.272547066136056;0.4325433030858552;408.1044560534418;;;;;
2130;6.604356939043434;1.0;0.21900446972944934;0.3509299036779972;343.11925971077926;;;;;
2131;6.740713914758367;1.0;0.15858977836223653;0.2721222368161074;501.75698340781656;;;;;
2132;6.815870449017363;1.0;0.2714155913666476;0.41592826930097326;235.942857239208;;;;;
2133;6.6750974135478085;1.0;0.23931693125171427;0.39093805596177034;585.8591770080604;;;;;
2134;6.118184962541139;1.0;0.4881318630940877;0.7141804748828695;202.8854006495262;;;;;
2135;6.984248432207426;1.0;0.3025064773251395;0.4771010499418339;237.43668682625537;;;;;
2136;6.71407586293121;1.0;0.3464402870195193;0.5271746562527492;427.98920249913107;;;;;
2137;5.967954241298203;1.0;0.19212870550610114;0.3141518371428545;330.6931249415492;;;;;
2138;5.661089015699593;1.0;0.29647903451574653;0.45949266355790946;298.67734066841706;;;;;
2139;6.609413575205801;1.0;0.19636411381767171;0.3228383306292882;362.0827631860302;;;;;
2140;5.435531670032464;1.0;0.3767904326390378;0.5598280552313846;412.10370973752174;;;;;
2141;5.128473002347232;1.0;0.49978573438388657;0.7328266902271269;167.3560098341582;;;;;
2142;6.288557376434687;1.0;0.2682150391653682;0.4240668126646257;350.62232756107704;;;;;
2143;5.867298431778838;1.0;0.2865662950810402;0.44220143586676286;288.3496642329651;;;;;
2144;5.478466020468868;1.0;0.36405329938131226;0.5549346510031313;249.10338342652605;;;;;
2145;6.008090462876376;1.0;0.29777565402279815;0.4570832064036789;535.0252405666928;;;;;
2146;5.5112319084240395;1.0;0.35209439646424123;0.5325868265057403;222.22610838584856;;;;;
2147;5.765205223294992;1.0;0.29042778880559134;0.4445667072488079;356.9626516479273;;;;;
2148;5.618043566723801;1.0;0.23289445835974107;0.3586601269271095;333.1991596947368;;;;;
2149;3.7449780249497184;1.0;0.26123204453471893;0.41269745746727704;413.1816021082092;;;;;
2150;6.374275423292758;1.0;0.25735170523032114;0.40739353278205814;390.00591025926553;;;;;
2151;5.347495294632899;1.0;0.3092548064904091;0.4645473743242649;359.94823228507414;;;;;
2152;5.242342905990079;1.0;0.27588585297252005;0.4272329668211751;441.9144503511376;;;;;
2153;5.824588514149738;1.0;0.23574396340795986;0.3703417216341173;463.416516776064;;;;;
2154;6.011225045539028;1.0;0.31018135126572466;0.4656124011639073;519.4406600421086;;;;;
2155;6.4445021697833464;1.0;0.27905082867187075;0.421965199025601;416.1524309616544;;;;;
2156;5.568927522910265;1.0;0.24761444822915907;0.3853325694339769;334.7077100416403;;;;;
2157;5.381194695499891;1.0;0.20242026841762573;0.32298956439011983;300.54123107586736;;;;;
2158;-0.7201683359752553;1.0;0.3603641276722464;0.509294290587797;452.0203310102094;;;;;
2159;1.850295907966363;1.0;0.29555930854105805;0.432852296034022;293.25469951415334;;;;;
2160;5.559185922765178;1.0;0.3386657019230762;0.5044259969979419;282.5201569333466;;;;;
2161;5.90983841975804;1.0;0.2800639511080506;0.4181340695819066;384.5494710773798;;;;;
2162;5.864180871688604;1.0;0.2639727512381053;0.4055374163553181;505.84637264752917;;;;;
2163;4.943915883135634;1.0;0.310639096524893;0.48220450186289365;297.4037017838958;;;;;
2164;6.35348042318239;1.0;0.39395829773196295;0.5901358406184846;300.1193777865508;;;;;
2165;5.730405180912114;1.0;0.3105258783042027;0.4712821613413759;445.1530461840622;;;;;
2166;4.932216811964665;1.0;0.28590265450345553;0.45771854984850263;290.14141026118745;;;;;
2167;5.130944037708515;1.0;0.2776291484063776;0.43640369155979497;397.3170112667723;;;;;
2168;5.094388802622173;1.0;0.284639256555458;0.4461586958882249;396.29838356424375;;;;;
2169;5.189836493284516;1.0;0.2709756865666065;0.43011672067726714;234.86678829991322;;;;;
2170;5.2756823041638;1.0;0.20653559693802445;0.33552664678367866;433.1367905432551;;;;;
2171;5.4937467922673875;1.0;0.22022214268732235;0.3521484860418597;357.0111252150878;;;;;
2172;5.754150655991284;1.0;0.32594796856540587;0.5038124524118929;510.4629718817272;;;;;
2173;5.823012199839564;1.0;0.427297110832765;0.6561114848534457;270.9313162026546;;;;;
2174;5.61060444211289;1.0;0.3330600128239194;0.5069720239404031;491.44718187870683;;;;;
2175;4.981496672507133;1.0;0.27587303012745334;0.4320662977266559;493.89651849214226;;;;;
2176;5.279617630018205;1.0;0.283018312808108;0.44436681078945184;459.4148984298064;;;;;
2177;5.042725409877068;1.0;0.23785159778530707;0.37729212149584485;268.26498420105884;;;;;
2178;4.907407575067918;1.0;0.21311626897140198;0.34415692085964605;344.8758517642112;;;;;
2179;5.802935606926578;1.0;0.20012926483592022;0.32325926801978533;350.16735412855684;;;;;
2180;5.334225007294209;1.0;0.21866085471452149;0.3498865411213946;358.38331602307807;;;;;
2181;5.143757110511199;1.0;0.23904954787521285;0.3789947401036759;373.54768304136314;;;;;
2182;5.737044720660923;1.0;0.300331706021944;0.47131066837906055;493.3921413058104;;;;;
2183;4.832046643158973;1.0;0.5145640041961954;0.7527840187478996;261.6826257054345;;;;;
2184;3.995580251565163;1.0;0.32673215049903115;0.503783027912539;407.0290869158849;;;;;
2185;5.903523199898041;1.0;0.2953075598511149;0.4637538638587738;453.39850497512515;;;;;
2186;5.030377225555271;1.0;0.20404822309582332;0.33251705884552973;399.6031487858712;;;;;
2187;6.54548016865345;1.0;0.4974112389060836;0.7205761472205439;111.28121808821142;;;;;
2188;5.0741107614461125;1.0;0.3714549538456127;0.5718688245553436;326.7319183653787;;;;;
2189;5.883504229215672;1.0;0.2898072633442854;0.4522517286708568;434.4639956583544;;;;;
2190;5.770109106714972;1.0;0.13726266903020784;0.2336635096632763;563.5610190443223;;;;;
2191;5.98543972339645;1.0;0.13316628463883967;0.22688853228900419;538.9265473677083;;;;;
2192;3.0604257964137247;1.0;0.2971379146468092;0.46582229598088704;489.373959103151;;;;;
2193;5.316471454174185;1.0;0.36105694744507677;0.5522443989198047;336.59319899210453;;;;;
2194;4.947770611264693;1.0;0.24604296777621532;0.3952038614818332;299.0373847008298;;;;;
2195;5.90952951496296;1.0;0.3480139970225459;0.5382969401274806;404.4077327063431;;;;;
2196;5.579897161630634;1.0;0.2618082050981341;0.41313251031936515;381.63240977154766;;;;;
2197;3.317995754072344;1.0;0.49451053315371446;0.7043884013441579;118.74329749596693;;;;;
2198;5.069382244346139;1.0;0.34467250140578976;0.5414479632013283;466.7104129622081;;;;;
2199;5.168744900454547;1.0;0.2858493128563576;0.461873693813615;266.3605415211962;;;;;
2200;5.945584598769138;1.0;0.17023626496749966;0.28705653891844657;534.5732716459107;;;;;
2201;4.06922543314315;1.0;0.22521127508685004;0.3607494544161963;438.9397883875914;;;;;
2202;4.0382521682091435;1.0;0.4436004357614117;0.6359888055355678;316.12314442731883;;;;;
2203;5.804144009732397;1.0;0.1948160300455267;0.316342051183398;387.7452877891204;;;;;
2204;6.061199715573992;1.0;0.2631131433640098;0.40840836444260253;566.0468273071237;;;;;
2205;5.728639610949886;1.0;0.28255344548499395;0.4350954799970021;426.95001194671187;;;;;
2206;5.608985008246647;1.0;0.28820181588572796;0.4448678256471625;448.96538289607867;;;;;
2207;5.117433635280517;1.0;0.28225585210826365;0.4528961333581168;299.9311594533186;;;;;
2208;3.733519983350768;1.0;0.28410163859315124;0.45000444476231816;487.000099340933;;;;;
2209;5.151934715617001;1.0;0.37152717886031006;0.5698576703867456;316.83561529453317;;;;;
2210;4.71033270080999;1.0;0.4421056574647024;0.6592428594304199;327.8368652002161;;;;;
2211;5.900244954098007;1.0;0.2830426630457251;0.4466479995005772;465.37660158614153;;;;;
2212;5.588788663143442;1.0;0.15048668576994023;0.248461799430468;510.9285463881575;;;;;
2213;6.862882751470705;1.0;0.28623462518614945;0.4369581565260539;304.387921203652;;;;;
2214;5.796034690828209;1.0;0.3655940163553218;0.5647676183544541;448.94094770806754;;;;;
2215;5.572891431054401;1.0;0.320654867685152;0.5157940950223678;212.61735969716798;;;;;
2216;6.290348788512016;1.0;0.2886592267016088;0.4536563443536855;391.48244033701377;;;;;
2217;5.271698342271302;1.0;0.2072606037202107;0.331638772212418;491.32511708556194;;;;;
2218;7.1679128767257385;1.0;0.31425346777823454;0.4820680501364818;211.57035792820764;;;;;
2219;5.1129222339764;1.0;0.3408863644401558;0.5320107188667265;373.5208583397003;;;;;
2220;5.7249628707272695;1.0;0.2966511445020901;0.46151908494873906;515.2696497949154;;;;;
2221;5.52616362002545;1.0;0.26939543287494633;0.4333012866308578;348.12973379590267;;;;;
2222;5.709477027713412;1.0;0.1460035718187585;0.2458575053907369;564.2693214355542;;;;;
2223;4.907607901161604;1.0;0.3227277853468094;0.5021651039199224;490.32050600081527;;;;;
2224;5.2520743576023845;1.0;0.2545344904060538;0.4033235444031493;308.30434454813314;;;;;
2225;5.677432932537865;1.0;0.3041444872834666;0.4791191628533306;480.9920287463232;;;;;
2226;6.125809706120032;1.0;0.18789433114342452;0.31033986505701794;379.79249325608924;;;;;
2227;5.6471694412774465;1.0;0.23122533050095906;0.3727960596133716;314.4074171832732;;;;;
2228;5.4108363170021185;1.0;0.31129708131948863;0.4753661970855343;533.8523165919345;;;;;
2229;5.871356662254793;1.0;0.3103567107614574;0.4839636943672623;453.0282138282558;;;;;
2230;5.984905722922559;1.0;0.4006259495072468;0.6108963992989865;303.5227727534192;;;;;
2231;6.7755763114167245;1.0;0.267404433604956;0.416922699903465;250.8593902212068;;;;;
2232;5.460807169506078;1.0;0.45550574123544596;0.6660584472592647;269.8746946684618;;;;;
2233;5.985425188925414;1.0;0.27839819904252;0.439040938403877;287.28588749373284;;;;;
2234;2.7931278119487355;1.0;0.3249940346558153;0.5073433429471778;352.1690495402585;;;;;
2235;4.223864653780294;1.0;0.21897058462966928;0.35318627667102803;345.5991995617662;;;;;
2236;6.532713792318685;1.0;0.3321504489072647;0.5115707471726696;325.7461579336712;;;;;
2237;6.566677189125096;1.0;0.20398777132867818;0.33368467502594695;442.75084065279486;;;;;
2238;5.33411098040793;1.0;0.28385728823568124;0.45405497258990424;438.93414759561045;;;;;
2239;5.971380216744514;1.0;0.3824069124843276;0.5687196244584785;255.63978785487194;;;;;
2240;5.045674954172528;1.0;0.33887708651108006;0.5363217091704818;305.44284837082455;;;;;
2241;5.579576910017478;1.0;0.3210167247142718;0.4980088824070311;465.6147115220498;;;;;
2242;6.77532350524937;1.0;0.3355602942786974;0.528198460858357;375.14079663326544;;;;;
2243;5.737912658742813;1.0;0.31306034103005087;0.49790819330105934;293.8342405623176;;;;;
2244;5.66422198833232;1.0;0.27298207896867377;0.4291388238491359;363.2887702888624;;;;;
2245;5.337654224443051;1.0;0.3298506035839236;0.5264479382993194;288.97230212207376;;;;;
2246;5.477401020638239;1.0;0.33821649815782007;0.5341375751778656;365.56650961501873;;;;;
2247;6.2561481443461915;1.0;0.21070241511695173;0.340191006983383;410.9112422944295;;;;;
2248;3.797843038312158;1.0;0.3654432849278174;0.5677283333687936;446.0117233309364;;;;;
2249;5.71695030492975;1.0;0.3186474022172049;0.49272071840900716;495.7003658057431;;;;;
2250;5.894031302055717;1.0;0.3003312075633018;0.47305842380144536;535.971216516684;;;;;
2251;6.046492449268069;1.0;0.22950281266220526;0.37029548876882995;346.3446577047425;;;;;
2252;1.4244873677269152;1.0;0.26812387188741693;0.4240200807353209;589.7451141817298;;;;;
2253;5.648334422910421;1.0;0.32096272888028177;0.5034334970147383;528.2853785036522;;;;;
2254;5.962574454122063;1.0;0.4785661150206287;0.7318046660969394;169.92610410426113;;;;;
2255;6.159720346530143;1.0;0.24280920913590884;0.38786744775899684;432.7896368754474;;;;;
2256;6.030668058044004;1.0;0.26467573732628347;0.4203734138192893;247.49746334067922;;;;;
2257;5.463675874700176;1.0;0.559817550723169;0.8259983040565341;105.9416130029551;;;;;
2258;5.810893947573879;1.0;0.3182653388946501;0.49716050529580846;522.7536694895672;;;;;
2259;5.619095240705969;1.0;0.40119542047990575;0.6301243545060143;154.76360132208822;;;;;
2260;5.914951346468131;1.0;0.2601757576400338;0.4183218237671136;302.70641831225566;;;;;
2261;5.840804877940713;1.0;0.3220334974338303;0.5018571438732274;305.74907634532536;;;;;
2262;6.285964399025129;1.0;0.2252507648521575;0.3597602857766936;366.9243208706585;;;;;
2263;5.3765305258586;1.0;0.23821358573823911;0.3919420337492208;246.7443985520801;;;;;
2264;4.931485595652866;1.0;0.31356404160785484;0.4831308152732039;233.6566526381217;;;;;
2265;4.757912485232519;1.0;0.3340779267970843;0.5036075625402646;311.70951599801475;;;;;
2266;5.772299956012578;1.0;0.20689210593211904;0.3339475715028954;433.19290590777354;;;;;
2267;5.892548326165364;1.0;0.3235618573936787;0.5113999221555683;446.3433472833885;;;;;
2268;5.722042661625781;1.0;0.22525096656157415;0.36035643226185615;390.87713785838145;;;;;
2269;6.395064738430718;1.0;0.5438439474977846;0.8118500462307379;112.99440904163153;;;;;
2270;6.126183945851295;1.0;0.28302287759921035;0.4432651700828089;342.89986863061085;;;;;
2271;6.541027091716289;1.0;0.1641743143616144;0.2766093726452314;624.5382948479331;;;;;
2272;6.655000697226363;1.0;0.4874721359445488;0.7234981220968939;252.52532480370903;;;;;
2273;5.259567060475818;1.0;0.255442561344676;0.40555218884698485;408.55929132997767;;;;;
2274;6.625258336347404;1.0;0.2801495513899534;0.44292006412690965;427.7313035103154;;;;;
2275;6.176531292348107;1.0;0.3484765301198903;0.5282772038488983;354.49735325412394;;;;;
2276;6.05843706797037;1.0;0.25142010820857624;0.39105237053501596;361.37580281144363;;;;;
2277;6.500148980033551;1.0;0.4855834241665181;0.7146014688266228;259.02677751238565;;;;;
2278;6.447735666371001;1.0;0.504579768233665;0.7320871502715592;175.2352578605809;;;;;
2279;6.482994174688481;1.0;0.3068614119235261;0.47628799266292277;269.09679265314173;;;;;
2280;6.770296976828115;1.0;0.2659521365277679;0.4165085321668564;364.0274554099667;;;;;
2281;5.563493282445485;1.0;0.21269346958625535;0.34194943548315593;471.61082907334935;;;;;
2282;6.846765582574505;1.0;0.4282028208143818;0.6355577649914915;327.2570743147116;;;;;
2283;5.46514972879984;1.0;0.3632281488079495;0.5544945362243738;148.32333007330465;;;;;
2284;6.227362504222583;1.0;0.39911891415142314;0.6095585510987661;223.838973873207;;;;;
2285;5.986994049756368;1.0;0.31931879034399174;0.5079297351928488;247.3811660133293;;;;;
2286;5.925377754037822;1.0;0.4268129117118507;0.6547767389584117;160.9934110830543;;;;;
2287;6.0425260357916475;1.0;0.37176423533704406;0.5740348430166555;153.4116982649355;;;;;
2288;6.248208077968535;1.0;0.47100655033593064;0.7095193050681566;215.58893469656482;;;;;
2289;6.681716082866604;1.0;0.5359864223366695;0.7709930814221859;135.14498906327532;;;;;
2290;6.543587855247232;1.0;0.3985315658738029;0.5971688815758468;170.68702277042993;;;;;
2291;6.8570306503693566;1.0;0.23847070261326955;0.3796376751831267;534.5257358466241;;;;;
2292;7.262078643958284;1.0;0.3646148125770529;0.5525114939700041;403.34102227678255;;;;;
2293;6.27483596630705;1.0;0.46426170976335973;0.7031786337734856;234.46935105885885;;;;;
2294;6.875632323654203;1.0;0.1957169009309063;0.32232105894905744;496.08824627979516;;;;;
2295;5.937626996240222;1.0;0.34251357333764937;0.5323312141692045;274.34760818350486;;;;;
2296;6.368254874452642;1.0;0.3419231997915792;0.5252065326658336;389.28884113822687;;;;;
2297;3.0530460851870647;1.0;0.3846110632518657;0.5654783557729884;256.6898440104131;;;;;
2298;6.263486575768777;1.0;0.4625639745487726;0.6790298143756822;282.71311676327315;;;;;
2299;5.011394487836082;1.0;0.22554455107843288;0.3617825573364852;384.85511678643576;;;;;
2300;6.013551210371906;1.0;0.18920907456349453;0.305437093529595;357.0154666393599;;;;;
2301;0.9096762910719174;1.0;0.3108087200064735;0.4668019244595286;478.6091437697754;;;;;
2302;5.973576164374481;1.0;0.3368539246967454;0.5172026326174424;391.73266925817495;;;;;
2303;6.7740768966058615;1.0;0.3477129004401371;0.5236329905941628;250.32946128003184;;;;;
2304;6.942768592187829;1.0;0.18538329681766266;0.306974330172232;464.6930199940785;;;;;
2305;6.122736436286443;1.0;0.20395020171412293;0.32966222297659586;329.60380700260146;;;;;
2306;2.592972842394091;1.0;0.3361689862044882;0.5017593458403098;402.19505110556474;;;;;
2307;4.64002756779157;1.0;0.23463843059582754;0.37546324018986293;314.69304296643423;;;;;
2308;7.034896064424944;1.0;0.4152358307773484;0.6157401408006321;331.519482818535;;;;;
2309;6.568786556139271;1.0;0.24285396737461515;0.38783385287290884;528.1853061933654;;;;;
2310;6.990284343127407;1.0;0.47095058671240003;0.6673324504115453;138.97276818720874;;;;;
2311;6.397497682946957;1.0;0.3680935729285128;0.5711691090539669;279.825969160356;;;;;
2312;6.1810955290465515;1.0;0.2672696576446925;0.42207575652059154;446.45998262301947;;;;;
2313;2.639014232440446;1.0;0.28859573053958837;0.4468642149519216;606.6363048498697;;;;;
2314;6.267652299677492;1.0;0.2732135583992117;0.4364351890025858;238.6501095135997;;;;;
2315;6.248678222876196;1.0;0.3121936316534401;0.49663248275022553;181.024460149931;;;;;
2316;5.899000907044105;1.0;0.194208062660828;0.3091496818748081;418.9059882053211;;;;;
2317;6.267424450833646;1.0;0.44466451268773005;0.6670948193938001;107.73836286046856;;;;;
2318;6.369416149580002;1.0;0.40550958496364087;0.6013597858284593;408.9805248851892;;;;;
2319;6.211838438446705;1.0;0.3212147305565948;0.49518008563005617;326.16245861824734;;;;;
2320;6.2179706885365125;1.0;0.18984637694645687;0.3059469452248028;394.4454758909064;;;;;
2321;5.19535170039768;1.0;0.36976944373308296;0.5711253403518461;243.47017159669568;;;;;
2322;6.341239759087595;1.0;0.28095142871851086;0.43997510640029147;350.4702879152735;;;;;
2323;6.524397724279861;1.0;0.18727995589058163;0.31234628726772873;428.6134936562077;;;;;
2324;6.402416966892552;1.0;0.27222756681899235;0.42399951592242635;313.03770712143813;;;;;
2325;5.593472208840149;1.0;0.3923516048649526;0.6046425524786516;386.8716963327416;;;;;
2326;6.3629048838802;1.0;0.4334456921481739;0.6614376109615855;293.10995064263784;;;;;
2327;7.181722920283493;1.0;0.288857716315683;0.4433204439081;444.689057602893;;;;;
2328;6.742908385879118;1.0;0.5328383805547245;0.767050482144486;112.48601718715624;;;;;
2329;6.348457503273158;1.0;0.3350395981112181;0.5125334203035713;184.71236980638122;;;;;
2330;5.674588936859747;1.0;0.2457539415149951;0.39026050617803976;256.3747643163681;;;;;
2331;4.774071578637722;1.0;0.35392783874529493;0.5387450310104157;220.6596543959779;;;;;
2332;6.970623903638084;1.0;0.358217376297696;0.5315459020073935;342.99233395979485;;;;;
2333;6.186080090202621;1.0;0.4930375278303929;0.7276778110939216;216.53705759913203;;;;;
2334;5.89054098387515;1.0;0.32618058296675967;0.49061901112737333;224.53966152241514;;;;;
2335;6.76388962552448;1.0;0.34178899560638;0.5143363098597411;399.9886878771551;;;;;
2336;4.4960522447433915;1.0;0.27673560494435273;0.42283820785032705;332.54139398112756;;;;;
2337;6.617321620358947;1.0;0.2736272750011616;0.4333631211040783;313.36350821543533;;;;;
2338;6.52614386864051;1.0;0.48126294707609857;0.7193256149600132;207.0349755352603;;;;;
2339;4.144039404599003;1.0;0.44410949078037454;0.6536463155764384;309.2749687437946;;;;;
2340;6.060219170068995;1.0;0.37145923925249824;0.5779465753547547;248.01052169473505;;;;;
2341;6.029093167842282;1.0;0.1867788790318069;0.30342664700215494;406.9884074467846;;;;;
2342;6.910321967238691;1.0;0.38746978395186554;0.5870917450974696;351.23763183002484;;;;;
2343;5.707323381918194;1.0;0.2764784355519512;0.43174579966152227;471.9997430690366;;;;;
2344;6.564531114195133;1.0;0.3841291619916311;0.5812135747304471;387.71531267870745;;;;;
2345;5.162722403153994;1.0;0.5035831930018392;0.7387159385836479;264.7668719283676;;;;;
2346;6.681335925029431;1.0;0.36947218995087394;0.567833697158088;390.0573173636188;;;;;
2347;7.246245209752625;1.0;0.3345382868060651;0.5120229568730559;320.9169358857802;;;;;
2348;6.7981956234823375;1.0;0.25864215552073205;0.4143138905917719;287.55781157756206;;;;;
2349;5.846628901184477;1.0;0.4396720480001782;0.6606797200238712;274.29021066491373;;;;;
2350;6.00162294792964;1.0;0.35085057203949704;0.5510065944233243;261.6439260323318;;;;;
2351;7.043478282607422;1.0;0.34879919117677094;0.5331507151430843;455.6959723971212;;;;;
2352;6.559254842738039;1.0;0.26822185995073333;0.41740270019549125;249.19177398482086;;;;;
2353;7.203234263080102;1.0;0.22711941688202972;0.36787799191166975;365.9677508120613;;;;;
2354;6.468330262067454;1.0;0.4999143493530117;0.7363845926364423;278.27020650753343;;;;;
2355;7.160448968254091;1.0;0.3531760787870662;0.5526416893502191;313.3645735253766;;;;;
2356;3.008619929372691;1.0;0.35618353176851286;0.532313763388838;412.7312721862755;;;;;
2357;6.230464556487171;1.0;0.2161113429738339;0.34288465457122735;356.2953575935238;;;;;
2358;6.58227911767419;1.0;0.2722791976534022;0.4300917455680073;454.0845170563731;;;;;
2359;6.6220441801589995;1.0;0.4519743587981276;0.6531963387407358;178.67166807252067;;;;;
2360;7.409771054082784;1.0;0.18831006777332154;0.3092741403833626;379.3907919011398;;;;;
2361;7.094348238809202;1.0;0.3402605721518615;0.5199240797209765;394.9774611252941;;;;;
2362;6.889991175161251;1.0;0.2578129235565;0.4151985905738831;262.14149305947524;;;;;
2363;6.236167305399853;1.0;0.4884189723533215;0.7512744618440355;167.32886614815402;;;;;
2364;7.209328461364948;1.0;0.32158877506147476;0.4970321824676612;299.2416422340355;;;;;
2365;6.658195546646353;1.0;0.30850249382790546;0.4865457005739702;389.38165822524843;;;;;
2366;6.5532771877939595;1.0;0.26358348649510666;0.4219630259112449;272.57073633662833;;;;;
2367;6.513875438454875;1.0;0.46504415245102887;0.707338976439859;192.30884505063742;;;;;
2368;6.666836023613958;1.0;0.38858514769256686;0.6048116853044205;335.9720293346629;;;;;
2369;7.060988736992914;1.0;0.26653045971846845;0.4084586763389155;240.83485615981147;;;;;
2370;6.680205671931363;1.0;0.5535872030664163;0.8307972635958979;76.79017784590839;;;;;
2371;6.578212498874014;1.0;0.21677147315480863;0.35331629616709054;419.7583152656466;;;;;
2372;6.552519150307966;1.0;0.29884134852843713;0.4656985866140775;371.3474672506001;;;;;
2373;6.85866355752655;1.0;0.415168211046017;0.6223351894612064;333.5061954970799;;;;;
2374;6.642915300638805;1.0;0.4635567951909064;0.6848397497824589;144.41949559752786;;;;;
2375;6.242178792315967;1.0;0.4089509150969928;0.621030002191184;196.2963078353229;;;;;
2376;7.0703942059119225;1.0;0.39937409003685187;0.6171375801231507;234.83540952577863;;;;;
2377;5.423161548297145;1.0;0.23159235430493036;0.3763145239672562;358.00540073717355;;;;;
2378;6.188593824211765;1.0;0.5107970539435284;0.7687813289231732;233.7288735078034;;;;;
2379;5.6460281721791485;1.0;0.36637916614527855;0.5719225086091604;305.05727115830643;;;;;
2380;6.982434560871091;1.0;0.19760941654541053;0.32065259019954434;342.646566886159;;;;;
2381;6.679507432903284;1.0;0.3294832108131211;0.5228034453416702;455.04726726782775;;;;;
2382;0.2959468845557951;1.0;0.332572788926195;0.51575034120348;347.0234312740718;;;;;
2383;6.906373117189549;1.0;0.3138854916171415;0.5015926615341344;424.238053889625;;;;;
2384;6.511441586171006;1.0;0.32048837788380735;0.5082788903051936;355.0615033227082;;;;;
2385;5.965150936496275;1.0;0.3505142666026615;0.5428232694662536;468.63487979130093;;;;;
2386;4.16813099492096;1.0;0.3765060542804458;0.5571843147567962;222.34047718836578;;;;;
2387;7.067373636111728;1.0;0.24701961153704502;0.4033346726724497;379.2382310717634;;;;;
2388;6.022859163914514;1.0;0.3292550541219323;0.5220286604132492;311.0819891882612;;;;;
2389;6.686634827156319;1.0;0.29427902523851285;0.46659155543106345;449.5201382634477;;;;;
2390;6.078198585064577;1.0;0.3612769982206775;0.5340203512960069;206.60423926433788;;;;;
2391;6.4183971742154515;1.0;0.2829513250124771;0.44664875126201936;358.1461736769857;;;;;
2392;6.493176711997479;1.0;0.3600155065880709;0.5577377628592568;317.7662326198755;;;;;
2393;6.627478917675397;1.0;0.26874682814820866;0.4275124162709598;419.82411494376066;;;;;
2394;6.372974190911365;1.0;0.27768559910131435;0.4286358061473178;423.1987360383207;;;;;
2395;5.89756814857721;1.0;0.1636129072768075;0.2693646101595007;461.5004148340154;;;;;
2396;6.459878629967532;1.0;0.3583737245529906;0.5501340986565161;225.9509079746725;;;;;
2397;6.229881147971694;1.0;0.41968843066652906;0.6737812894667622;187.48959701124573;;;;;
2398;6.266204921995025;1.0;0.33218119898443305;0.5131099937395456;388.3371656108403;;;;;
2399;6.522624178301474;1.0;0.26168265322569284;0.420926530445833;484.1382845471107;;;;;
2400;5.888229456285356;1.0;0.30090696212017665;0.47030570865590055;309.2764050676691;;;;;
2401;6.194818017707632;1.0;0.42079196570242167;0.6509870175521283;321.031649131627;;;;;
2402;6.488924089979826;1.0;0.3745864168289063;0.582437801278118;284.9091730967963;;;;;
2403;6.336361616578003;1.0;0.3510203383604561;0.5532292457687092;362.62103723883996;;;;;
2404;6.010506022687721;1.0;0.32321671072953445;0.509599592316112;250.04182756578754;;;;;
2405;5.36314672848015;1.0;0.22144644556952192;0.3578171055752839;393.2903822393051;;;;;
2406;5.541603471049468;1.0;0.3895675306275709;0.6025719101562648;302.62605403882526;;;;;
2407;6.249237540619383;1.0;0.4403755941206716;0.6747055256514445;291.66485336329595;;;;;
2408;6.2198981585528506;1.0;0.393067812713202;0.5982160323306792;318.91569319931335;;;;;
2409;2.8293739316101685;1.0;0.30299594218439263;0.4482113408093787;315.6561772769174;;;;;
2410;6.39143792394376;1.0;0.3061579427146427;0.46867906634800155;536.4725766014351;;;;;
2411;6.0483827792375;1.0;0.3633021062608821;0.5679818298235417;447.8772179623115;;;;;
2412;6.446071031324714;1.0;0.24837154697501362;0.39091516365784684;316.2056751018828;;;;;
2413;5.912428048346907;1.0;0.40705640253526454;0.6361472847664427;377.0160060271366;;;;;
2414;6.262685733480535;1.0;0.17675637269685132;0.29123630009885204;409.48840553164183;;;;;
2415;6.094037340798188;1.0;0.3916857784417132;0.6077990600166355;265.0893340779922;;;;;
2416;6.821198333023481;1.0;0.19909165972520554;0.32806132227226964;416.7135863277588;;;;;
2417;6.1203715721985485;1.0;0.5017676415589654;0.762719801167594;277.6237649023463;;;;;
2418;6.888929202591237;1.0;0.37457335421550064;0.5675213868426746;197.85257507096654;;;;;
2419;6.546644222838751;1.0;0.39468219279659533;0.6067321493749362;301.07663608356114;;;;;
2420;2.344610792549406;1.0;0.44289718780021664;0.6460568896160342;211.00969969535305;;;;;
2421;5.9857209856577835;1.0;0.4562346727713854;0.6767737514235599;164.80793426794912;;;;;
2422;6.302962238774803;1.0;0.265952785305364;0.42594924655880007;358.88648511764416;;;;;
2423;6.228043688700232;1.0;0.5004234930457844;0.7489840616424972;287.4735127405191;;;;;
2424;6.410202064651932;1.0;0.30000859022371373;0.47835388089550857;271.4670450342633;;;;;
2425;6.448813938136762;1.0;0.5146813553871398;0.7739198374661106;232.2901034290282;;;;;
2426;6.2813174857465155;1.0;0.4588363425859228;0.7149558644276808;156.8926734553711;;;;;
2427;6.745113152062867;1.0;0.24295697334528893;0.3908379373317253;378.85429556992483;;;;;
2428;6.5059511524892955;1.0;0.40830658843634143;0.6238240539614328;327.04115894457055;;;;;
2429;2.9640387787143094;1.0;0.40193935293851446;0.5685123325838453;215.48994594543794;;;;;
2430;5.921959578715192;1.0;0.3574411892245889;0.5505914980564189;453.58201683918287;;;;;
2431;6.37927767509918;1.0;0.2884177662110592;0.45169069023100406;361.616382773392;;;;;
2432;7.028100667620189;1.0;0.37943117750729516;0.5282332150128857;155.19637074960906;;;;;
2433;4.0672805346953655;1.0;0.318919166508696;0.5082731953740104;474.67404385022905;;;;;
2434;4.018392572089125;1.0;0.3892615734791828;0.5903382143052005;323.3440639266881;;;;;
2435;5.957477989693906;1.0;0.3931976250237078;0.5932549720107974;193.27701994306963;;;;;
2436;6.031576317798571;1.0;0.35160109813007695;0.539563698330671;494.89718445125726;;;;;
2437;6.7151124979876275;1.0;0.3605682705060417;0.5423113826918818;186.02163393517907;;;;;
2438;6.049485763604772;1.0;0.33964981349834655;0.5253417064793519;360.70155995951853;;;;;
2439;6.10832631533364;1.0;0.23358465410313162;0.38156857484032297;445.2344481608909;;;;;
2440;6.282674246844103;1.0;0.18657935375403242;0.298680016567341;391.5771762235203;;;;;
2441;7.017045840761829;1.0;0.2847019207631525;0.4288798320092819;393.1635972767306;;;;;
2442;6.268590033049963;1.0;0.2652196965905289;0.4266891213909243;520.405595978608;;;;;
2443;6.234047636483712;1.0;0.2318044178837149;0.36307549892273316;357.61495464853374;;;;;
2444;6.312053477562744;1.0;0.2944126720073125;0.46845596522100985;301.520397731188;;;;;
2445;6.045837772266449;1.0;0.33256245672566004;0.5091218419476538;216.78218487927933;;;;;
2446;6.500514338098208;1.0;0.27234288760166014;0.421368312902586;374.90721312868703;;;;;
2447;5.953544141467588;1.0;0.42481268859992;0.6435844119963016;200.11044519198532;;;;;
2448;6.501896151241345;1.0;0.2983549752615916;0.4512313277733915;279.919014049137;;;;;
2449;5.77301934117314;1.0;0.27982802124157713;0.44619235554593356;320.77302239246046;;;;;
2450;5.981985599677953;1.0;0.35354657883350254;0.5737427683694637;182.61753916582188;;;;;
2451;6.484877596433852;1.0;0.44595655466618644;0.6685137441987427;206.71665890297533;;;;;
2452;5.634583006153189;1.0;0.3471884187747537;0.5428623715209482;352.1795169992576;;;;;
2453;6.289508612691666;1.0;0.23395820238785034;0.37294926560718866;387.6128128371269;;;;;
2454;6.333125703249102;1.0;0.26874341807491176;0.4279159328823968;347.54754175235183;;;;;
2455;6.877253720212488;1.0;0.3523926112770365;0.5290370103653771;376.83645951612283;;;;;
2456;6.575757041692789;1.0;0.2951723340818404;0.45703457115749246;433.0599716738764;;;;;
2457;5.866931600815508;1.0;0.36325070011149013;0.589906123500903;178.63729671899458;;;;;
2458;6.630198585486703;1.0;0.3641102498931607;0.5475343664714823;229.5571867053649;;;;;
2459;5.631173593153761;1.0;0.3783084213747262;0.5763365566098887;447.9298528947738;;;;;
2460;6.679237124692163;1.0;0.5174293588903874;0.7608347423713167;250.91379643525042;;;;;
2461;5.114857881717466;1.0;0.3038547661445973;0.46270653849303334;305.06160970835225;;;;;
2462;6.911232397397563;1.0;0.286523658579196;0.4693132037755723;222.50841297468335;;;;;
2463;5.7921062489168325;1.0;0.3511819418826099;0.5373381626794932;247.27509118922038;;;;;
2464;6.804910487754902;1.0;0.30792820941778537;0.49279275944412726;467.67138372717363;;;;;
2465;6.8734594298829546;1.0;0.42694052650599834;0.6470008398493665;360.05787465549946;;;;;
2466;4.986831309803997;1.0;0.46598675649354704;0.6992040432172124;265.3417598916304;;;;;
2467;5.799912162900441;1.0;0.21274767219763038;0.3365040602085227;356.47920912185447;;;;;
2468;3.0098871991843965;1.0;0.157283904342154;0.2652695517288852;538.7710511968552;;;;;
2469;6.126333760520218;1.0;0.22298775162305604;0.3529614707942524;355.88787118686423;;;;;
2470;6.441471766481698;1.0;0.2693572185071126;0.4156467779340187;371.2395082883373;;;;;
2471;7.192918265958266;1.0;0.2641267005050285;0.4173596431499706;291.1655055257629;;;;;
2472;6.064698850969329;1.0;0.2636702234894473;0.41209875155974934;302.9614147425486;;;;;
2473;5.445488695525844;1.0;0.47569766318072515;0.6967464698724133;136.84383739478812;;;;;
2474;6.873307859317051;1.0;0.18180043279778285;0.2916259249514315;398.16239355298706;;;;;
2475;6.362568643436564;1.0;0.43105245297346867;0.6441113668439735;188.2248864360002;;;;;
2476;6.73460651097284;1.0;0.29166435248209216;0.4569727604465174;546.3638136336574;;;;;
2477;7.121983179557553;1.0;0.29696185761949195;0.4721189793791624;374.52819075401044;;;;;
2478;6.638504726496556;1.0;0.4293303154401858;0.6618698008784463;223.5139036284013;;;;;
2479;6.241443615379007;1.0;0.3801722487346883;0.5864012432873669;320.4957304504178;;;;;
2480;6.079848058668123;1.0;0.3353556868848851;0.5381977805219721;228.55327899253177;;;;;
2481;6.647429597354593;1.0;0.39219685578233743;0.6218336263568442;243.05970191403674;;;;;
2482;6.3997869336676025;1.0;0.2826955414342857;0.4417159733055008;330.51070622569824;;;;;
2483;5.932877569421278;1.0;0.4002504485869108;0.6355051793941008;191.23741439810365;;;;;
2484;6.361580182699496;1.0;0.32892971422041256;0.5150513056017858;213.78817999604124;;;;;
2485;6.685610969749414;1.0;0.44449962669981713;0.6503264993541743;161.18909496180635;;;;;
2486;7.17178232005277;1.0;0.3204515246666959;0.5013429414561861;412.54822487757156;;;;;
2487;6.258991435540925;1.0;0.3368169673082505;0.5400306671299617;226.98964313586953;;;;;
2488;6.477303273653381;1.0;0.41018704068238476;0.6340276013532872;277.5260394217123;;;;;
2489;6.253531118054944;1.0;0.19986340484208898;0.3214761391516263;499.5405348521915;;;;;
2490;6.676157906226554;1.0;0.25802107798634694;0.4188546057354253;492.8627665124428;;;;;
2491;5.876872863421879;1.0;0.28103758189424766;0.4340049500350241;396.8219212133456;;;;;
2492;4.0611518452295226;1.0;0.24812937321067058;0.3923229960968492;285.9406895913812;;;;;
2493;6.9863947383292135;1.0;0.21672578780577184;0.3452841082091916;428.47588842376484;;;;;
2494;6.5549249138545544;1.0;0.4288792881878967;0.6459150757875766;139.60539131451424;;;;;
2495;6.907517478021833;1.0;0.19984670660731677;0.3286654899546431;442.47563955396856;;;;;
2496;6.354624027406182;1.0;0.47562918820623457;0.7149384169236577;119.91941404771586;;;;;
2497;6.543129308261635;1.0;0.3610038565593284;0.5680444653930479;276.4444516117557;;;;;
2498;5.779944707343427;1.0;0.2796092199297999;0.4413113174328882;366.3417737852865;;;;;
2499;6.361179125208109;1.0;0.3797654201992138;0.5891806865606876;280.48777168410345;;;;;
2500;6.081186929936216;1.0;0.3832970546720028;0.5975130316716794;163.91515477785958;;;;;
2501;6.792134838536597;1.0;0.47879817938383773;0.6951982947658847;149.33885722680296;;;;;
2502;2.773455216102583;1.0;0.29094025807816354;0.45429695703940504;581.7519528453012;;;;;
2503;6.424431528188974;1.0;0.44838040876239493;0.6939003635091793;191.19080659785445;;;;;
2504;6.517856719133649;1.0;0.3150131101428143;0.5049467833257251;388.4611817901231;;;;;
2505;5.9960268695508;1.0;0.30982623792864217;0.5108592653830835;184.31779405476377;;;;;
2506;6.984036795561901;1.0;0.43428644467765154;0.6505505531808907;360.3776425507983;;;;;
2507;7.147720165763038;1.0;0.33194099217495365;0.5160327036632164;475.8791575596786;;;;;
2508;6.748192883110994;1.0;0.36722597168264653;0.5767441109349516;253.85308349760237;;;;;
2509;6.810878720081754;1.0;0.2733533280858606;0.4384410383932504;483.75527065435057;;;;;
2510;6.633841986534243;1.0;0.3367955296110492;0.5494878540973623;195.66337134241132;;;;;
2511;6.278937086344843;1.0;0.26631687413760685;0.4243488841909233;428.56537471633845;;;;;
2512;6.984638304445735;1.0;0.3175551222156406;0.4953027488998996;350.60960912024876;;;;;
2513;6.2419396545040975;1.0;0.4267014326168255;0.6256708764613198;272.2342289205899;;;;;
2514;6.271792591203236;1.0;0.4949097709238474;0.7672341950183208;156.23150417768588;;;;;
2515;6.801331903935863;1.0;0.23896605541985522;0.3788861316777034;350.2838481803431;;;;;
2516;6.55258611930641;1.0;0.2906997883780364;0.47404918757248443;356.59698651672113;;;;;
2517;2.9482179635715107;1.0;0.36207392296927;0.5398483969527444;304.5587521646083;;;;;
2518;5.743781815462315;1.0;0.3535053119890457;0.5588796089081715;251.77920900710595;;;;;
2519;5.504091248150549;1.0;0.30374995486631545;0.46537741946838823;255.013566962099;;;;;
2520;6.2958210108880035;1.0;0.2059448711882322;0.3280322418053201;410.8267217711624;;;;;
2521;6.478006390397483;1.0;0.49835966553685007;0.74697305665027;103.78546906213425;;;;;
2522;6.772726763518666;1.0;0.4320874360170145;0.6560350365227574;207.3105087811886;;;;;
2523;4.2945469202268685;1.0;0.3051775094597324;0.472886998870783;414.50122040079185;;;;;
2524;-0.20099161090585893;1.0;0.47815186403135346;0.6676634453227762;274.0321717785726;;;;;
2525;6.832106855752873;1.0;0.40780118510205715;0.6260640557519666;335.2537799429545;;;;;
2526;0.9076131697447303;1.0;0.4873281905275859;0.7030989050192782;280.40486425386626;;;;;
2527;6.120786942069255;1.0;0.2192704496741034;0.35926181862256024;432.2621477520598;;;;;
2528;6.114560365324565;1.0;0.2863970482751151;0.46128558563862476;302.48469755795975;;;;;
2529;6.315282744906364;1.0;0.21042312635875063;0.3393146946829233;358.85448857740965;;;;;
2530;5.622731088533435;1.0;0.300077375148203;0.49199566838127334;330.44955180803936;;;;;
2531;6.471778232836497;1.0;0.45620175141505737;0.7030597259457473;216.8178815335692;;;;;
2532;7.07096872114883;1.0;0.3089472206241148;0.48854491956345325;375.30228761512154;;;;;
2533;6.567450562379247;1.0;0.3411574771625228;0.5299721122529991;362.3657741195832;;;;;
2534;7.371872593517649;1.0;0.3070003002183706;0.48216977264973093;373.9965973295461;;;;;
2535;3.955397229468547;1.0;0.4117313939742062;0.6374711795817495;266.1773255433806;;;;;
2536;6.670139183321557;1.0;0.3505426785712251;0.5491727643815221;411.53545347333863;;;;;
2537;2.244982608347241;1.0;0.24927548213975578;0.3972122930610853;363.5754651097668;;;;;
2538;6.876340423684537;1.0;0.4213801520833138;0.6460216383914147;291.19946515236796;;;;;
2539;3.9338068745524337;1.0;0.34260664988250855;0.5411452446460356;497.6223562210072;;;;;
2540;6.032660954281104;1.0;0.30849966484092867;0.4889744364019811;291.39588408794594;;;;;
2541;6.7946946907646195;1.0;0.2985916572718682;0.46987830736307734;260.89821822413444;;;;;
2542;6.689264190650557;1.0;0.5043243474156849;0.7806726227188179;242.0884970207618;;;;;
2543;5.976387094756462;1.0;0.45185892622897733;0.6857165612408808;217.05428403960337;;;;;
2544;6.719229217386809;1.0;0.24405869023235563;0.39194412550974583;308.71960034928713;;;;;
2545;6.254082718273468;1.0;0.3795690754278859;0.5833798408995184;357.3548066565205;;;;;
2546;1.9406522585401342;1.0;0.3691937233614323;0.5567246670367578;229.48625928726568;;;;;
2547;6.901638657603289;1.0;0.30895731545441923;0.49211514224938296;458.4197006133228;;;;;
2548;6.548927330022018;1.0;0.2223381006086326;0.362919900414404;355.903435111652;;;;;
2549;6.281797043520436;1.0;0.41535890993086233;0.6707416907553333;279.76742062151607;;;;;
2550;7.247362435128636;1.0;0.3028625587990077;0.4878550178437885;442.5613215352962;;;;;
2551;6.623129302665474;1.0;0.5236728558565361;0.8070967085595919;83.96672629758545;;;;;
2552;6.312725809406118;1.0;0.4324890727738326;0.6889331950825883;143.05102407933123;;;;;
2553;6.250397413480771;1.0;0.4368710688018342;0.6975235531270986;247.79903057090985;;;;;
2554;6.32128237976408;1.0;0.30815723189619176;0.4623499792963382;246.38645361902678;;;;;
2555;7.24034149768595;1.0;0.3172400115181861;0.498487978706906;424.1173252226496;;;;;
2556;7.4282118072782355;1.0;0.2754280324347231;0.4388521706106625;256.17555686788523;;;;;
2557;-0.6707400130515113;1.0;0.41734583466416303;0.6143962184490932;325.1257817948103;;;;;
2558;6.7108354582641105;1.0;0.27028399629452393;0.42552874784658135;325.7027710332385;;;;;
2559;6.7044496457859175;1.0;0.4573131705709696;0.6927480735364409;266.70367356963936;;;;;
2560;6.990198274533473;1.0;0.34148294759563086;0.5410489721135523;415.8326432884423;;;;;
2561;6.290322290735288;1.0;0.37983479221574795;0.5983045999018146;342.9285921248585;;;;;
2562;6.088854517160014;1.0;0.36879228486840626;0.5500787351043165;219.2658798143968;;;;;
2563;6.564508364207883;1.0;0.5457971150289983;0.8291433557674887;117.2560766042036;;;;;
2564;6.969477224357501;1.0;0.25708321947575546;0.41969426509511093;348.44375799344976;;;;;
2565;1.4578227823378107;1.0;0.4059994930978301;0.5860604843366789;267.17977963086565;;;;;
2566;6.331496817142725;1.0;0.3876136320067111;0.6159567398689578;310.16566634798835;;;;;
2567;6.794370187714551;1.0;0.28528926026534907;0.463754462625872;282.40601815637916;;;;;
2568;5.877364158296497;1.0;0.30416909155055216;0.4620549517264467;230.6341249983006;;;;;
2569;6.425690348812884;1.0;0.422587326721503;0.6443255080625839;240.11311740148278;;;;;
2570;6.04880691804575;1.0;0.4516588384415205;0.718471050902742;276.9615846381258;;;;;
2571;6.98341722772501;1.0;0.4586912836015833;0.6955625757114292;269.0507768451248;;;;;
2572;6.369309585020707;1.0;0.5046225897216099;0.7829020811506584;126.81953406821185;;;;;
2573;6.107339056733728;1.0;0.4297811789756902;0.6728405980793246;276.6660921577123;;;;;
2574;6.379809524549569;1.0;0.2609601523973284;0.41477668003521506;291.12696990385183;;;;;
2575;2.1637179453564976;1.0;0.3522279952147861;0.5456143277637961;376.66686224404606;;;;;
2576;6.827802447121579;1.0;0.3939417679010646;0.6278081100833892;249.77523368347318;;;;;
2577;7.044389207169012;1.0;0.3016505986010951;0.47843236253382415;520.3693999317306;;;;;
2578;5.13775082184795;1.0;0.4247682743347736;0.6362932012761287;226.48650790147929;;;;;
2579;6.3693949097402065;1.0;0.23377823282610805;0.3784424328288122;353.7160402858065;;;;;
2580;6.316438810398461;1.0;0.17662113378150932;0.2960777739731702;394.34503456267913;;;;;
2581;7.105990296495744;1.0;0.3606542994293813;0.5526733216381058;323.0596525762248;;;;;
2582;4.8472256098570785;1.0;0.4162826950801633;0.6555862046015194;143.40353381655538;;;;;
2583;6.40380966635704;1.0;0.23661152019402906;0.3877253292340882;570.8315167704636;;;;;
2584;6.743548518401084;1.0;0.42277087839692334;0.663911315394683;221.55345143655566;;;;;
2585;6.79866580875836;1.0;0.31561915190682893;0.512210410852978;293.3059684653704;;;;;
2586;7.428042957192412;1.0;0.2257218557888247;0.37827833939534855;340.7698313477371;;;;;
2587;6.730991321710574;1.0;0.4217604525713553;0.6388935749656383;265.61680187058676;;;;;
2588;7.398029283345516;1.0;0.20551518916523043;0.33969845128738707;376.01985173983996;;;;;
2589;5.841285333095828;1.0;0.3346313799091287;0.5287158742717039;313.2842991250534;;;;;
2590;6.6014812067707105;1.0;0.31225510570966497;0.48611930664194014;274.7773221733683;;;;;
2591;6.10270212038335;1.0;0.3412696235596099;0.543128892250461;212.50691626565808;;;;;
2592;6.99423139455326;1.0;0.24309470349028173;0.39325800314822734;375.86527580218586;;;;;
2593;6.718775628076465;1.0;0.42135770356404945;0.6492504488378903;331.3621143332803;;;;;
2594;6.343112008899933;1.0;0.40436939074262596;0.630068463408367;166.53165666196284;;;;;
2595;3.959948850923794;1.0;0.34418282579398024;0.55222330759746;371.76362568018834;;;;;
2596;7.053101836130604;1.0;0.19293321420768939;0.3231388593493079;628.531958914092;;;;;
2597;6.802370686514486;1.0;0.33349007006310427;0.5236448049726061;291.002096969915;;;;;
2598;6.724311563373261;1.0;0.5866265941291118;0.8326698014365344;79.5131968780025;;;;;
2599;6.726875510486657;1.0;0.4719479334124831;0.6695351093216275;142.99704996713177;;;;;
2600;7.291487354347057;1.0;0.28436334228843546;0.45866418957746397;314.1713348988145;;;;;
2601;6.322552236917855;1.0;0.5053248991791812;0.7739916036147323;170.0243920712998;;;;;
2602;6.59528984365008;1.0;0.561704381467906;0.8331190611592991;89.60695464404473;;;;;
2603;6.258612859695808;1.0;0.4543441465995977;0.7036249080534092;243.81227201428808;;;;;
2604;7.282066085371477;1.0;0.24440494485980768;0.3892631941870523;276.7212818498147;;;;;
2605;6.501682672010338;1.0;0.3207567644102183;0.49938385300018023;195.39729011979776;;;;;
2606;7.089584041682198;1.0;0.2706734239973687;0.42619020045452377;311.6100494968231;;;;;
2607;6.819017327884312;1.0;0.25856658636537216;0.40901679187903894;270.8001548997113;;;;;
2608;6.288563044349373;1.0;0.3865312804839157;0.6191773634703116;293.10337620924906;;;;;
2609;7.071892140397583;1.0;0.3267330611603591;0.5117130644128565;402.10202508512606;;;;;
2610;6.7069679856483475;1.0;0.3005898942098253;0.48358239760381344;247.20195807876377;;;;;
2611;6.430712992683729;1.0;0.47438137482279036;0.7300750731259467;241.57728989931232;;;;;
2612;6.742077460077849;1.0;0.44622518688180896;0.6704215151671457;213.39398793556413;;;;;
2613;6.5954247997545075;1.0;0.5079146714652646;0.7493078542100275;147.63206235079042;;;;;
2614;6.15086525710174;1.0;0.31325074055473706;0.4939109843914352;219.32801242983504;;;;;
2615;6.852993942008082;1.0;0.42313642099606397;0.6474256059917015;337.98421408360383;;;;;
2616;5.202042594826574;1.0;0.4243263788284937;0.6675686204459118;301.99280561917595;;;;;
2617;4.1457813924768585;1.0;0.3532318737346535;0.5204832712112012;270.6061114973544;;;;;
2618;7.013076039338732;1.0;0.24467628938550207;0.3985558764736454;319.1028975248892;;;;;
2619;6.338230706266206;1.0;0.507615821042984;0.7787071263624334;183.56652224002255;;;;;
2620;6.722379579520901;1.0;0.44404295471099037;0.6661868356878653;311.40729428506614;;;;;
2621;1.9680869231322333;1.0;0.3544993042464765;0.5379037082085117;443.8587196813556;;;;;
2622;1.7243618580987703;1.0;0.4680983358290268;0.6644806174855704;298.59019559822866;;;;;
2623;6.512223435149895;1.0;0.5589865428254297;0.7995566595094882;81.69678256103607;;;;;
2624;6.779092504971397;1.0;0.4289060233698553;0.4162921472700681;141.63372838173984;;;;;
2625;6.834636754690409;1.0;0.4663985507305932;0.663685588692501;170.36648572316537;;;;;
2626;7.158054772325647;1.0;0.38821126432784664;0.5833822294087271;345.16596030836797;;;;;
2627;6.540754736651875;1.0;0.2267289323440546;0.363217553282095;341.9607663428051;;;;;
2628;6.570218870124124;1.0;0.5084128922723956;0.7321256184676095;269.63484880977256;;;;;
2629;5.576881118048983;1.0;0.3019576784325495;0.4709242301384832;476.35965694976534;;;;;
2630;7.130034683489132;1.0;0.3310048241958208;0.5168278849953609;339.312961817328;;;;;
2631;6.232841018647921;1.0;0.36429769225179887;0.5483482204587958;298.2184395438382;;;;;
2632;6.641102421878922;1.0;0.4509712992473922;0.6760874157640855;215.5632058235348;;;;;
2633;6.251360985373038;1.0;0.4804052910794564;0.7093907741421854;154.44097581380007;;;;;
2634;6.971267414407649;1.0;0.2726118066010555;0.44128327426092034;468.93600331144734;;;;;
2635;4.781623676760801;1.0;0.4192568531402517;0.6350839901673155;243.53314863174683;;;;;
2636;6.378980922759652;1.0;0.30805458872901165;0.4487515971013971;224.16245027575815;;;;;
2637;5.531609304397659;1.0;0.22625598937680436;0.36165064670133645;334.40768707685254;;;;;
2638;6.771758444001824;1.0;0.2961644273281252;0.466282049811001;274.2296147854934;;;;;
2639;7.020989024537267;1.0;0.3934213819291838;0.6078434197073982;227.8349699015699;;;;;
2640;6.283727389308545;1.0;0.2465587176132033;0.3795889118217206;309.84216765316415;;;;;
2641;6.487888553214315;1.0;0.38840872127023457;0.5868556445623841;289.5862411275974;;;;;
2642;6.940651552288419;1.0;0.4236597085241428;0.6248922245768559;256.5510201265748;;;;;
2643;6.722410905900913;1.0;0.31187968228136115;0.4555928172553261;237.15528111655115;;;;;
2644;7.052735994726737;1.0;0.3631445157991364;0.5569522190778073;458.57936566258815;;;;;
2645;7.172083023012428;1.0;0.32329936011261023;0.5028898226112752;284.4888753327607;;;;;
2646;6.461580791826983;1.0;0.48902870855986574;0.7090988695507924;211.53551732055143;;;;;
2647;6.636576324173557;1.0;0.5925180907787205;0.8358820021229655;68.50543366282172;;;;;
2648;6.9408618839719685;1.0;0.2721616706921124;0.43506436952807803;385.7654795418872;;;;;
2649;5.241310079075939;1.0;0.29888153276385687;0.47084703495379765;244.39863750274213;;;;;
2650;6.715453714223909;1.0;0.4611114390436038;0.6783979394170282;210.05007467467698;;;;;
2651;7.4235669839439264;1.0;0.32875494206164757;0.4962824244740546;221.1529130186103;;;;;
2652;6.196148639742085;1.0;0.24751166431871943;0.3767184317203218;269.7550952689116;;;;;
2653;7.2025606125076065;1.0;0.3382099524240595;0.5310875643953207;404.0504339441087;;;;;
2654;6.253026029750731;1.0;0.31602034549699237;0.5055545705680643;243.96296386507458;;;;;
2655;6.618925493900613;1.0;0.4073448688398128;0.6170911311834375;386.7576319760507;;;;;
2656;7.38188999506836;1.0;0.2885691555038404;0.45150673015139225;257.4137501628769;;;;;
2657;6.905756079589682;1.0;0.2405196186644693;0.3920013853858162;501.1616268730939;;;;;
2658;6.296124791616176;1.0;0.45597360551308164;0.6981504372124439;197.55080046977827;;;;;
2659;6.755141636764537;1.0;0.48556730171576995;0.6877670867411583;200.52437605685705;;;;;
2660;6.491934506449459;1.0;0.46219864956374973;0.65576569623113;155.9166412068088;;;;;
2661;6.089597979675103;1.0;0.2780715043085858;0.43847774380050397;228.21471797258488;;;;;
2662;6.174108783075493;1.0;0.3213036618589541;0.5018796841275892;270.2008031846421;;;;;
2663;6.645680714136718;1.0;0.3140262753601257;0.49533912278810716;310.20612036104137;;;;;
2664;6.484591023046532;1.0;0.48046882755472337;0.7240924506247078;274.3662134126946;;;;;
2665;2.65795774084223;1.0;0.3901197443568354;0.5879966191168404;363.57361412142194;;;;;
2666;6.771463965191261;1.0;0.43719706298864314;0.6286274186906928;201.4398972501463;;;;;
2667;6.645578370217862;1.0;0.28799498577430976;0.4543343712338506;386.88253670098294;;;;;
2668;5.236366486947121;1.0;0.24436282346748237;0.38704102021850256;300.38652790071524;;;;;
2669;6.219759375714631;1.0;0.5326145400078476;0.7840172332783892;239.20541837770543;;;;;
2670;6.5239604137968765;1.0;0.22446197436926474;0.35097471089257976;385.2290291557562;;;;;
2671;6.184229341499053;1.0;0.46220448299652145;0.6840225464937183;226.61081728209686;;;;;
2672;6.986005495694933;1.0;0.30970463834581935;0.47237105857205164;267.940242645652;;;;;
2673;6.340793772819773;1.0;0.2531214686459924;0.3806270677406092;410.3737291260314;;;;;
2674;6.208617394855768;1.0;0.25855354839890843;0.38499418075694664;496.057850857121;;;;;
2675;6.4586645659395625;1.0;0.29981255015276237;0.46902113747313395;420.5832783424079;;;;;
2676;6.313768675416799;1.0;0.2511751955061626;0.3985909564323952;331.282480245822;;;;;
2677;6.510113194267136;1.0;0.2969851756712048;0.4509860553075375;369.9634874396717;;;;;
2678;6.763518046498642;1.0;0.427135298125876;0.6332401487785314;275.6105610956286;;;;;
2679;5.05516630281458;1.0;0.2711747765376017;0.4275182728890835;437.0956090230123;;;;;
2680;6.148300065605372;1.0;0.441973874206297;0.66502586165627;112.09184889748005;;;;;
2681;6.928170620323026;1.0;0.38815965150351744;0.5626439243299558;241.48439401102635;;;;;
2682;6.248479535799266;1.0;0.2043683780193012;0.32758553213691294;390.86227141141626;;;;;
2683;6.552989564066182;1.0;0.3890263539953205;0.5745147522443835;279.6244931623566;;;;;
2684;6.746499224614114;1.0;0.606982244637487;0.8634662080526234;74.69358826957026;;;;;
2685;6.4284879706700035;1.0;0.2581770633304215;0.3749857534820514;276.73097959170025;;;;;
2686;1.617742126987657;1.0;0.39508855599470666;0.578998457716265;355.6968061003045;;;;;
2687;6.755470927937548;1.0;0.22775564379012833;0.364904369314439;338.47994435741924;;;;;
2688;6.942629738053347;1.0;0.31989548258857986;0.495408360168793;337.7081612333214;;;;;
2689;3.317866288426188;1.0;0.40293283895620163;0.5826779831673732;261.85881370409413;;;;;
2690;6.973119077604299;1.0;0.3097671537878006;0.476901443209698;480.2683817562058;;;;;
2691;6.270516402692609;1.0;0.526594519113239;0.7786318404521427;194.92272018484255;;;;;
2692;6.432365065016132;1.0;0.4805521047387929;0.7057167454506081;290.15390786196315;;;;;
2693;6.375774516364363;1.0;0.42644884638699176;0.6520786850343022;284.8863557175665;;;;;
2694;4.39461527831404;1.0;0.27162411843798745;0.40174712810276686;338.5730353895146;;;;;
2695;6.896009641934748;1.0;0.30485415392812615;0.4164143625582816;214.4407701543276;;;;;
2696;6.443643853273089;1.0;0.5095680541607153;0.7562600266265822;195.9511378874337;;;;;
2697;6.052815026959033;1.0;0.2708254606472526;0.42047287625674934;254.61637451799845;;;;;
2698;5.559596410097537;1.0;0.39342457190065505;0.6203018269294898;263.73532196027696;;;;;
2699;5.95970577122593;1.0;0.3593735703534038;0.5456366131869917;333.2493508143666;;;;;
2700;6.8496712507801245;1.0;0.3023237183130685;0.46439571636500493;313.4046844085708;;;;;
2701;3.8001217891852273;1.0;0.3569836314998032;0.5453348926526095;245.57533430506876;;;;;
2702;7.122827664656464;1.0;0.2683189608469863;0.4106937193788878;303.27657922428693;;;;;
2703;6.134226408791638;1.0;0.3246034670063447;0.49560588979055076;492.62313869284753;;;;;
2704;5.42766920058674;1.0;0.2826010497260196;0.46522010044126344;297.3004424989591;;;;;
2705;6.213804419790464;1.0;0.3378364126443878;0.5278095052343902;406.9859647597421;;;;;
2706;7.186912276037317;1.0;0.32170657165636585;0.4965902798324354;338.6026222330591;;;;;
2707;5.970726580089964;1.0;0.33116170262652045;0.5148268510412068;461.48236123010804;;;;;
2708;5.675682872467131;1.0;0.30266753834576005;0.4892279949551111;258.22891849627314;;;;;
2709;6.286031739701026;1.0;0.29131584136069283;0.4485714596831701;557.6830237807627;;;;;
2710;5.844415081184553;1.0;0.30102186589191277;0.471319125257846;340.16015166113397;;;;;
2711;5.038633288975766;1.0;0.42470661277833227;0.632488881503504;253.2136166781346;;;;;
2712;6.831016690862162;1.0;0.34800534534690697;0.5324480275021906;409.7074781188449;;;;;
2713;6.428621792108096;1.0;0.3408738311674243;0.5324952588155267;405.5770597861213;;;;;
2714;5.997940621781478;1.0;0.31271458963924015;0.4822572751584198;301.6373369272692;;;;;
2715;6.97248848685042;1.0;0.5237395080657867;0.7369926815580744;171.7723888976234;;;;;
2716;6.803621768997594;1.0;0.4248259436265165;0.6525458618443924;315.3802757385276;;;;;
2717;6.041990038549387;1.0;0.3092871301355432;0.4774894667298346;400.75898931833694;;;;;
2718;6.504960660684386;1.0;0.528957078391552;0.7434654891209324;113.19042652144684;;;;;
2719;7.065218830047565;1.0;0.33367747693134026;0.5138068030308685;333.0053697613117;;;;;
2720;6.601204949518075;1.0;0.2288225420376048;0.35934811225380153;349.10102641504875;;;;;
2721;6.855737231882115;1.0;0.4280389239151858;0.6223868014525366;183.09700326389188;;;;;
2722;4.505358400596054;1.0;0.36690835185531806;0.537023568072146;221.02546300320898;;;;;
2723;4.733326933903491;1.0;0.4105096176808299;0.6452277405346404;296.11599120885796;;;;;
2724;6.872324525447798;1.0;0.46025840881484326;0.6852280634327335;279.14928631777565;;;;;
2725;6.456604382546035;1.0;0.48268462971161713;0.734555621459391;239.8859536645791;;;;;
2726;2.9104564761248417;1.0;0.3925902076933048;0.5950089634058722;406.5109223731562;;;;;
2727;6.537303270701996;1.0;0.34673440994016536;0.5322911429632867;456.1456726434715;;;;;
2728;5.806725931808858;1.0;0.4655817015308451;0.7175523643070478;233.38459691645366;;;;;
2729;4.0870592057925315;1.0;0.3436664506445378;0.5333322644738139;319.10842483085406;;;;;
2730;6.287001989469255;1.0;0.5657716113223247;0.819663098593024;143.29361578802346;;;;;
2731;7.00671890807185;1.0;0.3990415432937334;0.6348758548572092;284.59596592147335;;;;;
2732;6.942326698431147;1.0;0.435517502769427;0.6477940583791121;254.739630926622;;;;;
2733;6.255594203817212;1.0;0.5240078568989378;0.7791314403681637;210.0932938174764;;;;;
2734;5.970270887851157;1.0;0.3006437596317831;0.4713742069188585;271.8838037684096;;;;;
2735;6.260556804860479;1.0;0.38493180975648295;0.6033982430035035;315.0382596879341;;;;;
2736;6.942825223296533;1.0;0.38430822349623245;0.5989348654871418;255.4605915913726;;;;;
2737;6.010530223104473;1.0;0.43639635773218327;0.6641096212692154;255.04101473396346;;;;;
2738;6.3577020034937375;1.0;0.27796863031558505;0.43604799693124313;227.68189848007336;;;;;
2739;6.540812528808269;1.0;0.2881992747421361;0.4451116623671219;234.6500602677799;;;;;
2740;6.616924189092288;1.0;0.4837539930062521;0.7213049858763075;179.0221467180973;;;;;
2741;6.5831825645538595;1.0;0.4275983708788464;0.6509685731073962;316.7415226597651;;;;;
2742;7.358618452813976;1.0;0.2775355691419271;0.43954037258880074;407.78549864360195;;;;;
2743;6.598789887768952;1.0;0.220184926292564;0.359013505543422;444.1054955820494;;;;;
2744;4.017249436034066;1.0;0.39331737444450854;0.5867222539220388;297.64349924238735;;;;;
2745;5.469344892030831;1.0;0.23512625006977014;0.38392289921648953;423.53118577686905;;;;;
2746;6.461252475886939;1.0;0.23002289618781127;0.36878431857693866;522.7730575706046;;;;;
2747;4.420165398924413;1.0;0.26213070126696236;0.4019820585493177;343.25130828287297;;;;;
2748;7.246337788454876;1.0;0.36808577716660684;0.5631376396907426;420.66927464142674;;;;;
2749;6.606578226607461;1.0;0.3454333098945252;0.5317759154394768;211.7077660643262;;;;;
2750;6.186224194000646;1.0;0.49694532766491495;0.7541303457541215;181.3338646089898;;;;;
2751;6.850789614278271;1.0;0.32212387302355344;0.4960090678812458;309.4204339289787;;;;;
2752;7.194190909241706;1.0;0.26803578519597726;0.41436702389855634;252.44249928504038;;;;;
2753;6.81668373946782;1.0;0.39073849827631374;0.592842975745403;274.27385771708424;;;;;
2754;6.0902356766625;1.0;0.306485049312568;0.49972184900227834;217.33427126583032;;;;;
2755;4.598153290662939;1.0;0.3741376731557748;0.5775007025821661;406.4571813392449;;;;;
2756;6.067501340233552;1.0;0.38182944896370963;0.5899015286695589;375.00571383637515;;;;;
2757;6.287005576061812;1.0;0.24489605212459117;0.3876481489802758;399.0627411836206;;;;;
2758;6.505789488442842;1.0;0.41130915703549953;0.625352669240518;205.60782506661243;;;;;
2759;4.613818337431688;1.0;0.38687956740762236;0.5940556709722644;271.13560432667566;;;;;
2760;6.765313769562114;1.0;0.2839758617837614;0.44590278843495645;387.5911148707396;;;;;
2761;7.15345405692096;1.0;0.2843866920828847;0.4421463587237876;412.9776042283184;;;;;
2762;6.362330591524721;1.0;0.35837342499653246;0.566354898686122;275.2858570222226;;;;;
2763;6.1357261260026235;1.0;0.4132232125846138;0.6322177410802836;197.2003171589057;;;;;
2764;6.930573051648201;1.0;0.2462398579499092;0.39411791363698995;354.7214675944006;;;;;
2765;6.745978743387587;1.0;0.3928812885062336;0.5973617275232428;372.21347841950615;;;;;
2766;6.5594414076521925;1.0;0.2991557088158464;0.45942436557279126;269.6250841633712;;;;;
2767;6.842292521298246;1.0;0.3460771178608348;0.5401183542894099;405.0667879440083;;;;;
2768;6.671664732172177;1.0;0.405896241207711;0.6267796172475408;397.55312401241997;;;;;
2769;6.193410740852773;1.0;0.3603694984214682;0.5489322217411344;220.54632913579488;;;;;
2770;6.892234810282941;1.0;0.4453799494850615;0.6516186288331618;135.4546459062442;;;;;
2771;3.300250747461214;1.0;0.32577010795666345;0.5009974520841557;410.48070312007803;;;;;
2772;6.733661289744596;1.0;0.4126695890747267;0.6352822648058689;332.2600052782071;;;;;
2773;7.001491803753621;1.0;0.25153507513568846;0.4012951897878481;357.6772342488654;;;;;
2774;4.675739621363465;1.0;0.43894262612225926;0.6503687872345818;305.2814590789063;;;;;
2775;6.325841682728557;1.0;0.5238041351895291;0.7893078384867454;207.9408652768226;;;;;
2776;6.051083084338771;1.0;0.44528815683333606;0.6890510922043757;314.9297578908663;;;;;
2777;6.108560982567498;1.0;0.446430202024053;0.659022335458556;299.0099799991033;;;;;
2778;6.771356179078721;1.0;0.27676067116783154;0.43937306169556434;339.07397855070036;;;;;
2779;7.118798871330615;1.0;0.3287971543002573;0.5053180524642434;203.25676323795324;;;;;
2780;4.514844562271763;1.0;0.3153623953061152;0.4806201666509805;272.63696384769077;;;;;
2781;6.754454691620724;1.0;0.45354704942039326;0.648418312097006;143.31182482765664;;;;;
2782;6.90933689234773;1.0;0.4741251889796135;0.6634006328121519;114.80478077841447;;;;;
2783;6.318414329156139;1.0;0.41607540863982184;0.6484158174042041;277.9709891405353;;;;;
2784;5.736442239998789;1.0;0.3954766508600226;0.6131691391472085;386.36654615483695;;;;;
2785;6.361896965073351;1.0;0.3669108493052117;0.5601325788840955;237.10183610159186;;;;;
2786;6.443372847799425;1.0;0.28080582228263384;0.4504618415926848;381.2797366321781;;;;;
2787;5.53033005783967;1.0;0.3723161641018683;0.5764116141676039;375.4451026082634;;;;;
2788;6.4448270374194925;1.0;0.5035264509769495;0.7607009560075453;125.4008368469139;;;;;
2789;6.282838555260067;1.0;0.33321984569393376;0.5182164775665815;302.2609196968436;;;;;
2790;5.969418893445532;1.0;0.4749916199502148;0.7307181286250874;228.58988237913698;;;;;
2791;4.90433696093632;1.0;0.27611412242753613;0.4331151136916434;477.61883888249895;;;;;
2792;2.7675091734096187;1.0;0.33738902111895436;0.5138441761727937;371.20157808211263;;;;;
2793;6.472526187311418;1.0;0.43824319682025964;0.6665726969088273;137.2426758426145;;;;;
2794;6.612867711088173;1.0;0.3319177883123561;0.5185749310056081;372.93870381431;;;;;
2795;6.00937216993624;1.0;0.27315738381317345;0.41974686087078794;269.08049708473175;;;;;
2796;6.058300849886212;1.0;0.3796624591400165;0.5892009306781876;168.3171851528403;;;;;
2797;6.429122505425983;1.0;0.3267886338944611;0.5085121606008183;269.7303714354412;;;;;
2798;6.465943761566468;1.0;0.36940751985274556;0.566377692981907;246.0473572945561;;;;;
2799;7.123215433262238;1.0;0.2549431757611071;0.40774685227738533;307.0616811087983;;;;;
2800;6.649189911330781;1.0;0.5335984926837051;0.7785349272726783;133.25942575020795;;;;;
2801;5.011176229935378;1.0;0.37584321403061777;0.5718396795287629;177.71334413336257;;;;;
2802;6.476166523605622;1.0;0.4299755886606512;0.6583135266432979;219.21341316453007;;;;;
2803;7.221261635597198;1.0;0.3035887100546313;0.47174784867207514;313.0867104889105;;;;;
2804;6.837842318675568;1.0;0.39351026128612326;0.599993582011626;256.1545744368567;;;;;
2805;5.769172994588069;1.0;0.42515997964857344;0.6001099792215514;141.06640880300208;;;;;
2806;6.494350600348808;1.0;0.37131851954741313;0.5692113925130425;223.39446919764652;;;;;
2807;6.547303493284906;1.0;0.45536728800739246;0.6602276304224315;160.71051011042482;;;;;
2808;7.129647363829384;1.0;0.2779916278561718;0.4411959361732867;332.4197379064847;;;;;
2809;6.341527778362712;1.0;0.4497246459563624;0.6908205229023431;253.73228678799154;;;;;
2810;5.153103682472669;1.0;0.3973385753440098;0.6166712869423384;228.67900506395384;;;;;
2811;6.428886180404406;1.0;0.5054690508964317;0.7528863229896108;169.25187689405627;;;;;
2812;3.6256921015841224;1.0;0.4051507017260528;0.6082720183755193;298.2730173969671;;;;;
2813;6.6338067021127545;1.0;0.5757148827597869;0.8341882404104648;161.3605012289903;;;;;
2814;6.877207317947123;1.0;0.45216743481105703;0.6717116255735006;182.44609250709735;;;;;
2815;6.880288023443917;1.0;0.31890376578200536;0.5027543381017042;407.8490209109963;;;;;
2816;6.666163185284468;1.0;0.5832494691970919;0.8404085406333045;88.38725707222312;;;;;
2817;6.820215563656429;1.0;0.32622738255610695;0.5035609473099817;300.18583827992086;;;;;
2818;7.307963927688766;1.0;0.36715417619643276;0.562754574664099;282.3913554431798;;;;;
2819;6.33931654522479;1.0;0.45976609211670033;0.7047448428227051;133.65779244861588;;;;;
2820;6.65740640620119;1.0;0.57237103365448;0.825339265712415;108.06455109803922;;;;;
2821;7.297513373567788;1.0;0.2472268590418115;0.3877774853458746;288.2058019406513;;;;;
2822;7.134273416709204;1.0;0.22387849357272266;0.3539264936732962;336.30469208051585;;;;;
2823;5.102883507045193;1.0;0.3837357434313847;0.5762049816928556;350.6535820120614;;;;;
2824;6.862507733141917;1.0;0.27259032582104775;0.42689008982347343;277.68474199313863;;;;;
2825;7.6017903812372545;1.0;0.20426117575003244;0.329778199277308;317.7743274733481;;;;;
2826;6.842831427178703;1.0;0.4064708475832642;0.6337828374012281;313.0038971014185;;;;;
2827;6.002224558246154;1.0;0.30580579767667654;0.4854973163154015;221.64275827925215;;;;;
2828;7.064977743349459;1.0;0.26752658745100194;0.42426222521928614;278.8698934207144;;;;;
2829;6.801610618273019;1.0;0.3968884919038705;0.6076553817385627;311.8538542962117;;;;;
2830;6.692048639528119;1.0;0.4791126619109882;0.7280158100663604;281.5683490438231;;;;;
2831;7.291200705228112;1.0;0.34868625028804723;0.5347605278353323;286.438565050853;;;;;
2832;7.4405053050617385;1.0;0.33776738358092756;0.5134069247457494;303.04265036038737;;;;;
2833;3.8028396628639842;1.0;0.40564865287948665;0.5904504110256928;335.49879095324036;;;;;
2834;6.592341026204552;1.0;0.42929487363431834;0.673115415230969;123.37816621530324;;;;;
2835;4.355810000117838;1.0;0.3796834074867944;0.5857449921049908;395.20328885973703;;;;;
2836;7.193834805865028;1.0;0.30357689445565506;0.4663345166373356;288.1923259307958;;;;;
2837;7.386830922281263;1.0;0.3382525368341763;0.5110360165241188;218.29408848133653;;;;;
2838;7.006302211021284;1.0;0.46020969234247255;0.7035164779529567;323.53255043861355;;;;;
2839;6.7298210723701235;1.0;0.3769146086512244;0.593470952701162;219.22964220370753;;;;;
2840;7.49288289039084;1.0;0.2468464396706569;0.3879014309612379;328.52455679232713;;;;;
2841;6.5121209411341665;1.0;0.4301618419748879;0.6512010849855273;233.8294291054646;;;;;
2842;7.1193812471323366;1.0;0.46054678577420766;0.7003379540771847;277.71554439825314;;;;;
2843;6.801922630966589;1.0;0.4899835818082645;0.7104640962307988;99.775970989571;;;;;
2844;7.4680423635871165;1.0;0.35159819490012684;0.5430234379760114;338.01703023826633;;;;;
2845;6.8303607893954;1.0;0.3865005445424913;0.582375303702188;224.19442381465504;;;;;
2846;6.7082111926125005;1.0;0.3427731515397784;0.524724256854498;221.2240007525908;;;;;
2847;6.82044857943713;1.0;0.4247689977326446;0.6477767783193604;271.39818369484396;;;;;
2848;6.618058169171795;1.0;0.5642597330800452;0.8479767659392282;114.65415390094125;;;;;
2849;6.562695415219328;1.0;0.3600642946821636;0.5575708017216146;281.53705976825114;;;;;
2850;5.812839140002335;1.0;0.379642774773973;0.5929001421523521;188.16177528769626;;;;;
2851;7.155578790528213;1.0;0.43581215073249724;0.6800028597351943;312.9551025524974;;;;;
2852;7.006751475518942;1.0;0.2739894029775292;0.4424350547719613;448.3186918120312;;;;;
2853;6.456389643862142;1.0;0.27869442947552253;0.43960484913145254;292.0871263478086;;;;;
2854;7.247002868860694;1.0;0.369586199230861;0.5715479811884392;310.21080525533;;;;;
2855;5.700188444966045;1.0;0.45336585680608005;0.6784326896234621;177.3517994922262;;;;;
2856;7.160976090191605;1.0;0.333378185483852;0.5098431342609081;228.567944083623;;;;;
2857;6.403575505800087;1.0;0.41044100531841526;0.6077584743027126;202.97742935397144;;;;;
2858;6.795472116999756;1.0;0.30886912132479616;0.48586707525943706;295.32955346359824;;;;;
2859;6.048456179454012;1.0;0.4490062701454183;0.673873529280348;309.0585073166629;;;;;
2860;6.723611485443314;1.0;0.582309847773105;0.8638752710756928;122.57293536855266;;;;;
2861;7.112544261002984;1.0;0.2194872191528413;0.3482329416621493;314.87910810371665;;;;;
2862;5.2877382614628745;1.0;0.34597238793828206;0.5360232879250808;299.59376778103075;;;;;
2863;7.481098933786809;1.0;0.2921704573286525;0.45304494706754733;314.03084220783813;;;;;
2864;6.3478822888930715;1.0;0.32107953761986924;0.5015214007432082;224.65484273726392;;;;;
2865;7.062972767775271;1.0;0.4377474623529449;0.6457661325448307;226.4689348006044;;;;;
2866;7.039895138726141;1.0;0.38173690540997324;0.5908749232653648;272.46239508060523;;;;;
2867;6.422984403370441;1.0;0.4364343956748384;0.6856096235338667;335.4485491066452;;;;;
2868;6.1623595697659495;1.0;0.22773888597787817;0.35501132436052957;302.4958891936889;;;;;
2869;5.515984112499914;1.0;0.3997649056053093;0.623808588875254;236.67817083147335;;;;;
2870;6.816493294308698;1.0;0.2673565663780967;0.42709031255925883;382.68868687959986;;;;;
2871;7.085703151294691;1.0;0.39239553441769515;0.6087617319968525;367.55336261898634;;;;;
2872;6.08425985734303;1.0;0.2621837800921225;0.3839712765457478;268.78885276133695;;;;;
2873;6.697333648512728;1.0;0.5283259399660843;0.789515949909839;150.04934441752036;;;;;
2874;7.123880748348242;1.0;0.2253357763496775;0.3653203367975894;311.79755977718463;;;;;
2875;6.802504985293115;1.0;0.41353325587209117;0.6271815646224466;246.9423464224457;;;;;
2876;7.063847888197095;1.0;0.47492742480697975;0.7290279815606403;287.1261959313827;;;;;
2877;7.31359892625241;1.0;0.3828512075649606;0.596660416234164;353.9263648658921;;;;;
2878;6.643550239783355;1.0;0.2758227625259719;0.4407350087865319;346.68181162954926;;;;;
2879;7.258764394703515;1.0;0.2783377197372081;0.44482574515950035;373.9476158899848;;;;;
2880;6.921861053234217;1.0;0.3694986945143057;0.5765375487222117;267.927451782723;;;;;
2881;6.799563292108562;1.0;0.5300859213335268;0.7732515440471627;148.7456410095442;;;;;
2882;6.837884736380989;1.0;0.4882514501232361;0.7231089778582529;211.1074962523407;;;;;
2883;7.089284886804222;1.0;0.3516452403048219;0.5563323561107597;249.9420088036871;;;;;
2884;6.213842854922988;1.0;0.4383504871251907;0.662062484574313;139.33535109964583;;;;;
2885;6.385971830458095;1.0;0.30433915816622403;0.4785466294973424;341.69273988361374;;;;;
2886;7.165109013975582;1.0;0.4025252709693495;0.6173435945546257;288.3895648439232;;;;;
2887;6.830121131760684;1.0;0.5527348899611602;0.8247740996739433;118.90358338060003;;;;;
2888;6.9377835535204255;1.0;0.22231474528300074;0.3581264318758487;333.2940684084649;;;;;
2889;7.344010637516273;1.0;0.267821281663299;0.4268082902777923;423.6741497778018;;;;;
2890;7.295998660125622;1.0;0.27872755811528527;0.44609838309945815;376.97474409363076;;;;;
2891;7.416650050671463;1.0;0.30626563335116963;0.4858887410686246;289.64818044396486;;;;;
2892;7.012279925840394;1.0;0.35928249268332385;0.5566754016904893;339.575736197781;;;;;
2893;6.855451729467355;1.0;0.441132811338467;0.6702993072623702;239.48792167364832;;;;;
2894;6.920714706796771;1.0;0.42810448681126134;0.6343716267030767;197.2654837653839;;;;;
2895;6.8799152382510425;1.0;0.35724320732512854;0.5346573819184317;180.72754528217072;;;;;
2896;6.840486596014212;1.0;0.4416723866677858;0.7013814271533714;326.750533938379;;;;;
2897;7.107543707614063;1.0;0.23207504286009892;0.38063165745191296;416.7244915045136;;;;;
2898;7.179714758089096;1.0;0.24844305938497363;0.39364042076797207;296.5057951988823;;;;;
2899;7.038787027946654;1.0;0.3741859021578236;0.5842995237945405;408.6760767832482;;;;;
2900;7.206860904182047;1.0;0.3889639500035448;0.6011896662965829;320.5012133796584;;;;;
2901;7.119803771005978;1.0;0.3961757435918547;0.6058905420016455;364.17531326638914;;;;;
2902;7.242486097549463;1.0;0.3129682547738631;0.5057915761715506;283.60107957278746;;;;;
2903;7.066368395889673;1.0;0.38803076759464905;0.5507303009578288;193.77113116091726;;;;;
2904;6.631875370887903;1.0;0.5585771210570422;0.7995014532912227;126.83220334631594;;;;;
2905;7.170524802583181;1.0;0.2819740422745718;0.4397422451903325;355.517724535251;;;;;
2906;7.480813371448827;1.0;0.2837193482613186;0.44271517143833716;344.71456824819256;;;;;
2907;7.253950202501321;1.0;0.3536800582152813;0.5428897769304025;343.4199645722323;;;;;
2908;6.397736256906454;1.0;0.4095592746015968;0.6077681914972692;298.6636101940711;;;;;
2909;7.114978154355477;1.0;0.38326635475432225;0.5961314533185929;358.62953974607257;;;;;
2910;7.354582482600739;1.0;0.4061756081066136;0.64147452740246;341.8095305235001;;;;;
2911;7.155780636117747;1.0;0.3253443512407745;0.5149525988231425;370.1784530452977;;;;;
2912;6.828355510079387;1.0;0.4910228147844676;0.7473191893175046;298.2425636182306;;;;;
2913;7.011714870087755;1.0;0.2328849582111647;0.37472776895865406;433.36601948733124;;;;;
2914;5.486999834109081;1.0;0.33705183712628894;0.5219454404519426;207.64901631311503;;;;;
2915;6.93473196003207;1.0;0.22916203560735873;0.37923787291635014;485.6348024883446;;;;;
2916;6.9566459400110965;1.0;0.395586758962335;0.6399650396305001;318.18468674930784;;;;;
2917;7.2566664674296995;1.0;0.28194413102291976;0.451551702597735;349.3865594612726;;;;;
2918;7.256854062835489;1.0;0.39064553563372;0.5702212664015175;256.85758291173465;;;;;
2919;7.124885846993509;1.0;0.40972672698343293;0.600658047111798;177.7579882500654;;;;;
2920;7.070253927126027;1.0;0.3843584910253895;0.602083575455313;379.04684360531627;;;;;
2921;7.377364223091497;1.0;0.33673388076025285;0.484147291907666;242.30772140284736;;;;;
2922;6.510726315151849;1.0;0.45180945491691865;0.6346930051734071;199.91790046711247;;;;;
2923;6.770078352236194;1.0;0.25665059638021115;0.37419880878638284;272.3701795911719;;;;;
2924;4.677905614438596;1.0;0.39026539799265836;0.6039003238324429;326.9337566051219;;;;;
2925;6.7103680226603934;1.0;0.5365415760774386;0.7866472355435052;157.2332647380845;;;;;
2926;7.174287296023898;1.0;0.33443187643483946;0.5258339498274918;411.53775441389985;;;;;
2927;7.217057197241025;1.0;0.3729174926549417;0.5805853018240633;385.20517287191245;;;;;
2928;4.883904021198295;1.0;0.383696732764248;0.5730663268076785;298.0819280710774;;;;;
2929;6.430654410197195;1.0;0.30605919823837274;0.45641453660417325;379.13957767995623;;;;;
2930;7.4578212986634;1.0;0.31342403455266427;0.5090908202988487;383.4061086570916;;;;;
2931;6.961380442727158;1.0;0.49035954709205143;0.6835579188521496;150.20331784691518;;;;;
2932;6.2157002170858355;1.0;0.47425638450223534;0.7579441004522206;296.02383834709883;;;;;
2933;6.504070613385226;1.0;0.24136735825791908;0.37771090236660126;296.010400801335;;;;;
2934;6.7707037167853965;1.0;0.3017491784305972;0.48437795294655883;311.66898773725916;;;;;
2935;3.135513651532784;1.0;0.4286811644353225;0.6467377539805365;336.00734749402716;;;;;
2936;3.3324180109022814;1.0;0.5683042951135749;0.7514728063329169;130.73731252058968;;;;;
2937;7.290461571735772;1.0;0.29539836997964475;0.475724044503018;378.3277073846997;;;;;
2938;7.266600095731589;1.0;0.4455636126233985;0.6489225434237568;162.54922271652475;;;;;
2939;6.210112604459347;1.0;0.3958137707622514;0.5776339061884159;247.3670293741819;;;;;
2940;5.819130594947004;1.0;0.29087680014622425;0.4514115893197757;207.38622094636114;;;;;
2941;6.52877880793819;1.0;0.3553735872744706;0.5717326416792538;374.4471468821465;;;;;
2942;6.006541838893809;1.0;0.44935769949944143;0.7038289536066251;201.87928057939888;;;;;
2943;5.91104630053655;1.0;0.5249087407613473;0.8007941743271056;214.69641719641717;;;;;
2944;6.204451717291654;1.0;0.297960336186728;0.47855110569997694;264.0240916670774;;;;;
2945;6.4522167826941015;1.0;0.2390972462411474;0.35602308028490676;307.49367245315995;;;;;
2946;6.9169393711329725;1.0;0.43709145436236774;0.6447873072587197;174.83429697336294;;;;;
2947;6.23982677347494;1.0;0.3520667387820334;0.56543155939304;236.3309141109604;;;;;
2948;4.745785563901501;1.0;0.31659799139249106;0.4659001842835949;335.78763860376046;;;;;
2949;6.185583746289352;1.0;0.24961221324309116;0.3786317349589272;320.32922557939185;;;;;
2950;6.780631718916046;1.0;0.27261143856817194;0.4210203395820405;351.6943898246329;;;;;
2951;6.427940648235555;1.0;0.48299698843231104;0.7476725887650889;254.985765085373;;;;;
2952;7.476704373895853;1.0;0.27539270633930213;0.45135410947121946;298.540210333994;;;;;
2953;7.272732041236521;1.0;0.3507158036866712;0.5626885522354976;417.355948963887;;;;;
2954;4.79843941318222;1.0;0.4336322095925882;0.631171582973723;289.65548750852037;;;;;
2955;6.434768638337175;1.0;0.5139942675965563;0.7958531603472169;129.90053295179482;;;;;
2956;6.524527496608242;1.0;0.4185580796021737;0.6773330551431076;311.68632099293217;;;;;
2957;6.939951540739115;1.0;0.4172458565514818;0.6769458322816905;335.63339305669473;;;;;
2958;6.672741641128287;1.0;0.42602940135353873;0.6901660074617588;260.92165498351534;;;;;
2959;6.769921973968197;1.0;0.3897204830716221;0.6220991853585924;360.0846910593552;;;;;
2960;7.491584261891697;1.0;0.2337347814616581;0.3827385730378354;319.17548503981135;;;;;
2961;6.389231249460778;1.0;0.3508379845656167;0.5533349791502878;317.3090691879695;;;;;
2962;5.710556515253958;1.0;0.3563687494412217;0.5756322355574757;205.89049290657243;;;;;
2963;6.459333975828252;1.0;0.3838972907619294;0.595038967612188;265.20674598757665;;;;;
2964;5.931649435648968;1.0;0.41191084976201875;0.6320507458759275;178.12968771288206;;;;;
2965;6.614837027693332;1.0;0.24909807486655605;0.4156747195593;261.27192281599395;;;;;
2966;4.755706208934086;1.0;0.4921335014690768;0.7312350014156209;215.11703072497582;;;;;
2967;6.125797831075427;1.0;0.3580697117196717;0.5630485231109926;223.7246387592316;;;;;
2968;6.2938852807713435;1.0;0.36682428964359554;0.561263828372515;432.002390943027;;;;;
2969;6.898057362797649;1.0;0.3681574275767171;0.5845371504876953;367.1676890225446;;;;;
2970;5.8231995484849115;1.0;0.3459386764855077;0.5647843578301457;168.358976556069;;;;;
2971;1.9239481472870885;1.0;0.4318874284396395;0.6406501788943827;348.5883143015946;;;;;
2972;4.957907336102823;1.0;0.33541761116856766;0.526272465245837;274.2104640304414;;;;;
2973;6.994536364099337;1.0;0.3705508616190256;0.6055214575056951;229.8654025080649;;;;;
2974;6.506943173811242;1.0;0.4179487710482844;0.6457001008284192;255.02047512796167;;;;;
2975;6.847238360144564;1.0;0.3682310659926039;0.5903871159462254;381.65604450714903;;;;;
2976;6.4433595350721795;1.0;0.328990925279877;0.5310620556676549;290.3758471433187;;;;;
2977;3.16646726199898;1.0;0.3145304902444254;0.47245981363623485;387.98246581616854;;;;;
2978;6.542679459027849;1.0;0.3755688676461677;0.6047235711845032;228.80286775548925;;;;;
2979;6.6420172557001305;1.0;0.36314517732031804;0.5713586750632395;291.4743211350721;;;;;
2980;6.233491793596199;1.0;0.4405984258277873;0.709673007166432;362.84178980727904;;;;;
2981;6.241662612920478;1.0;0.45635184783691835;0.7185378099444407;227.04592621232493;;;;;
2982;7.023781961902416;1.0;0.3205872460079809;0.523552728978585;507.82303274564487;;;;;
2983;6.920184937291001;1.0;0.2770381564630064;0.4416076796273486;288.5151088285212;;;;;
2984;6.255840233275892;1.0;0.35881142752979417;0.5557580350927243;350.34596277987015;;;;;
2985;7.197706684994337;1.0;0.2931552204472729;0.4763748392042766;257.3004215296488;;;;;
2986;6.759876630148733;1.0;0.2457820216382869;0.41177206792370236;632.9346674608579;;;;;
2987;7.029615491854274;1.0;0.3611029393752101;0.5805245422363721;419.16130673946196;;;;;
2988;6.896721437105937;1.0;0.37435711406277433;0.6025943755589838;228.15421280021772;;;;;
2989;6.395646258134086;1.0;0.3458382971800423;0.5694334772147545;272.2204461514887;;;;;
2990;6.348367523743592;1.0;0.24241573947594605;0.38740197285706807;287.16576818678095;;;;;
2991;7.478731038157191;1.0;0.3383049332557266;0.5438752240496706;299.1135213757793;;;;;
2992;7.188212935470954;1.0;0.37331172053397355;0.6063564021470403;309.2206965745943;;;;;
2993;7.07864241584847;1.0;0.41447274365068304;0.6435691846948608;295.741510369183;;;;;
2994;6.891402412816637;1.0;0.4351830127071109;0.6984595131349794;275.61037690558516;;;;;
2995;6.734384257508525;1.0;0.25701833773857824;0.4160187865370777;362.82386953536275;;;;;
2996;7.5658191538956485;1.0;0.252620398510281;0.4167287263045689;330.9459105601818;;;;;
2997;0.8842521649565538;1.0;0.35637113208495486;0.5366645073649757;340.07446803384556;;;;;
2998;6.70003949600814;1.0;0.41178061280065686;0.6335410813026551;265.0557109575263;;;;;
2999;2.147457773210319;1.0;0.3850008534660276;0.5795181451121796;328.375115674575;;;;;
3000;7.26469166232237;1.0;0.37053776859765064;0.6099637331382027;389.4836268496362;;;;;
3001;6.388149408959121;1.0;0.49396125454825546;0.7701977646201;98.43207783338325;;;;;
3002;6.6087584261943215;1.0;0.3801607995858588;0.6130249303293684;240.33832901791163;;;;;
3003;6.390967974262394;1.0;0.4436171338662036;0.7271099436499971;241.45565915472238;;;;;
3004;6.087197416792686;1.0;0.3539641170552142;0.5324576941650384;186.14463000158239;;;;;
3005;6.660546315578797;1.0;0.5740683895253528;0.8648798017240567;150.02438419822778;;;;;
3006;6.273654507911998;1.0;0.2659352640079626;0.43840715880024417;436.80606952174725;;;;;
3007;5.493212822782986;1.0;0.38908018930301397;0.5967654333005302;238.31968793804336;;;;;
3008;0.20949635902796038;1.0;0.3634116898233756;0.561206641831598;394.1354355178145;;;;;
3009;6.371324823926395;1.0;0.26377100588542673;0.397775487857782;361.7652885616303;;;;;
3010;6.6885674872583945;1.0;0.29988000514903834;0.4722186054100493;260.25408761779266;;;;;
3011;6.390421249632485;1.0;0.250380886081709;0.40788573190377314;375.3625891220116;;;;;
3012;7.281694182820109;1.0;0.34094974303478814;0.5520570742608389;374.4661775146741;;;;;
3013;6.698362715598462;1.0;0.5346705049368525;0.8155792231527288;108.18120128304712;;;;;
3014;6.541149725647997;1.0;0.42094103699609203;0.6957479342082854;356.38705035344174;;;;;
3015;7.144867045102499;1.0;0.30065393116855027;0.4813027491064573;375.9477555978638;;;;;
3016;5.590980519188449;1.0;0.526504526300689;0.819033139965069;260.53285773927735;;;;;
3017;4.449309359623395;1.0;0.3089817896739658;0.4743088141759716;318.39536850706037;;;;;
3018;6.929678816972704;1.0;0.20632140481116512;0.34253982138106226;424.60019818464946;;;;;
3019;4.6805796384075595;1.0;0.38475202472761777;0.5791881593233208;287.990047374751;;;;;
3020;6.241552209398539;1.0;0.2582100618223764;0.3986179614742071;292.52604509984667;;;;;
3021;6.92811479441632;1.0;0.3529096233141402;0.5775705727569941;276.61147857249415;;;;;
3022;6.705623872450905;1.0;0.42868736072861374;0.6940658846565668;318.5759172444831;;;;;
3023;6.0559118460361745;1.0;0.3290590707257507;0.535838084221456;197.6136537822949;;;;;
3024;6.676745735897111;1.0;0.5217917742789052;0.7850625923569685;202.8054402328677;;;;;
3025;4.88644780148699;1.0;0.3113488002652;0.49978754012896714;280.4549928559948;;;;;
3026;6.804110921311883;1.0;0.3225076661243694;0.5349161311031924;298.6322097612909;;;;;
3027;6.863413989849194;1.0;0.44764994016708537;0.7261801338665966;330.29757398440574;;;;;
3028;6.6071796642595295;1.0;0.4099644252565009;0.6347484937168908;234.21003073483752;;;;;
3029;6.420785508677728;1.0;0.24591911969795885;0.4131074741302211;474.14877880106576;;;;;
3030;6.019803880416325;1.0;0.4433273206970922;0.698068814604849;210.1978117618045;;;;;
3031;6.509477127763709;1.0;0.5121864226018011;0.8176239293747878;134.7676535172147;;;;;
3032;5.695889140014924;1.0;0.3930978838332276;0.6473140751309236;224.75381138307782;;;;;
3033;6.204974667758955;1.0;0.2770111654244418;0.4488295700256767;293.6141569715025;;;;;
3034;6.301843027606943;1.0;0.41141870116110446;0.6170724680600034;262.13295442975596;;;;;
3035;7.564091912786962;1.0;0.24590881251665128;0.3859168304976049;280.98617765889884;;;;;
3036;6.720802727099877;1.0;0.4154623731966001;0.6630224897376427;348.89543793268564;;;;;
3037;7.251845641196791;1.0;0.36294490036092375;0.5102856576091878;184.1607046518458;;;;;
3038;6.4033309109308085;1.0;0.30033560838216783;0.44384178078666375;260.38875206176004;;;;;
3039;6.8565306274458235;1.0;0.44321288057860897;0.6972126737937119;336.9201973248951;;;;;
3040;6.629932560804956;1.0;0.4704750017375015;0.7553294015490367;302.26071496675684;;;;;
3041;7.219411935204957;1.0;0.3206200998164652;0.5218578816684635;352.07786567874075;;;;;
3042;6.619603274824975;1.0;0.4088096531562626;0.6616585422531528;323.74519977092234;;;;;
3043;7.0375746063259985;1.0;0.22924893687233686;0.3715404426705227;415.9967055727909;;;;;
3044;6.259727183569586;1.0;0.22724163217675414;0.37415060517696785;350.31036175724;;;;;
3045;6.659359556721926;1.0;0.3938688194480822;0.6493294719852603;196.90562325628628;;;;;
3046;7.071158197384616;1.0;0.30008668271189953;0.4858825122655475;321.2195894060099;;;;;
3047;6.758444867096049;1.0;0.5636676090564454;0.8543746003040364;149.2400215476951;;;;;
3048;7.031254449265672;1.0;0.40231644484046325;0.6574693534685436;303.54179370363113;;;;;
3049;6.869113721024044;1.0;0.5168180901821048;0.8135912703334263;204.65310338745252;;;;;
3050;6.531362521973183;1.0;0.4400140446022357;0.7149800708570044;379.41439524368576;;;;;
3051;7.0266130595091045;1.0;0.23494517971147805;0.39033700213737055;389.91399735202714;;;;;
3052;7.235507211124563;1.0;0.23295290541102065;0.38039670266401543;348.4882650352309;;;;;
3053;7.146139208293296;1.0;0.39507161779137434;0.6353439574310722;409.68902299177074;;;;;
3054;7.351863027437499;1.0;0.35641337297808323;0.5667271150536722;347.76929019696723;;;;;
3055;7.196633301296568;1.0;0.32301566745104543;0.5236716461861364;360.699108810283;;;;;
3056;6.741239921994133;1.0;0.32588450935354324;0.5209621306818766;242.85420530902644;;;;;
3057;6.425780917534432;1.0;0.5510551139678084;0.8687435582728763;211.35428634786967;;;;;
3058;6.8551595964642935;1.0;0.4354805952566345;0.6621162176074622;224.67495982906215;;;;;
3059;7.149435787255162;1.0;0.37314679660257677;0.6052732720767761;337.0166215791206;;;;;
3060;7.062038356499929;1.0;0.3596966442124656;0.5785620128879775;345.63720198386403;;;;;
3061;7.24958450236704;1.0;0.3212129307964439;0.5248568017330584;296.0369440683229;;;;;
3062;6.947044552740358;1.0;0.33646691728773653;0.5541257240368579;286.2872090182656;;;;;
3063;6.525331556985742;1.0;0.23265825133912096;0.3781852718161454;352.2219396405914;;;;;
3064;7.56736693128701;1.0;0.33693328619533813;0.526655964764158;273.521724628764;;;;;
3065;7.138659588924428;1.0;0.4392916366344928;0.6764095649247122;232.32496295246764;;;;;
3066;6.930546030462052;1.0;0.3724451647703193;0.5865456233769655;289.5895402137572;;;;;
3067;6.539190381395819;1.0;0.3878407464641791;0.6393749671386922;254.1359961206314;;;;;
3068;6.330939307142326;1.0;0.2633293440620568;0.41902491536253866;281.2812888549128;;;;;
3069;7.430351583790667;1.0;0.32368145228379924;0.5352178275613219;368.61965888499753;;;;;
3070;7.419419574124772;1.0;0.30698871939350747;0.49183946934408196;348.7488634722165;;;;;
3071;6.498517149931107;1.0;0.504045275989134;0.795899943649861;235.0038239720012;;;;;
3072;7.080006779362755;1.0;0.3888743153661614;0.5882284738718203;258.1970943187558;;;;;
3073;5.715743858860817;1.0;0.2615492378151054;0.40303667323901643;336.93476866653015;;;;;
3074;7.332534724035648;1.0;0.3844439083804367;0.6243312584234315;354.85008284310396;;;;;
3075;6.478519686132263;1.0;0.28469695640183845;0.4703951516183176;400.14349242660717;;;;;
3076;7.304538962442777;1.0;0.3559454088876546;0.5812545568633102;342.1095888211306;;;;;
3077;6.709615210116808;1.0;0.4009632228223695;0.6219641867243081;242.34286217335406;;;;;
3078;7.031640915174291;1.0;0.24380586678240893;0.3930187723591292;385.60555079480025;;;;;
3079;6.940395513188685;1.0;0.24974617028323948;0.40519566121411105;389.05488652770555;;;;;
3080;7.114402528473548;1.0;0.4473867784906946;0.6919073071260708;296.527023398865;;;;;
3081;6.265751295613777;1.0;0.4665973837896382;0.7204280866174896;183.53039546082843;;;;;
3082;5.7604065040612396;1.0;0.2498330392774043;0.376722900916037;301.75646614005296;;;;;
3083;7.211313477538926;1.0;0.37055082212897994;0.6124496862162094;302.530407294226;;;;;
3084;4.590100300821764;1.0;0.4200639024073145;0.6383977420349114;372.64114472467696;;;;;
3085;6.322926657379526;1.0;0.32106178364398424;0.49350671135435026;361.8068429046652;;;;;
3086;6.096701800846732;1.0;0.31658092503060614;0.513882538069583;330.92826559246;;;;;
3087;6.343737213372984;1.0;0.2945555861568846;0.4753704260452323;288.55986185811406;;;;;
3088;3.0086238230466344;1.0;0.32175514374038455;0.49713367287585275;264.49282609230204;;;;;
3089;7.135800551285469;1.0;0.3776062223845303;0.5886631634406719;358.4685277368205;;;;;
3090;4.576559739713602;1.0;0.25923052408003805;0.4248240889680387;371.98590710776915;;;;;
3091;6.295083009234301;1.0;0.5129397680837003;0.8224859346742242;219.83179604992966;;;;;
3092;6.585285549687233;1.0;0.22169917422733035;0.35965495869074926;373.07082665987423;;;;;
3093;4.040285491124211;1.0;0.43919113404989124;0.6858628049276517;179.66932158853396;;;;;
3094;6.573734890796486;1.0;0.4292139372090414;0.6792756178920424;376.2416800761562;;;;;
3095;7.156455948633454;1.0;0.2597007805290142;0.4150607523527193;396.5998785980807;;;;;
3096;6.0872659625843255;1.0;0.47466719437383587;0.7617468504696976;219.37002913482655;;;;;
3097;6.8721707671617684;1.0;0.32652952284423625;0.520400938298415;386.52970905330403;;;;;
3098;6.832791677660257;1.0;0.49852586377101366;0.791126107698973;303.3295837728428;;;;;
3099;7.025597411501842;1.0;0.31555000351069074;0.4788540998498397;271.7855902961514;;;;;
3100;6.1628759709306316;1.0;0.5068260011308652;0.801867410455416;286.836352135934;;;;;
3101;7.303683433045874;1.0;0.23399044036647;0.3741996004447507;326.7154200368469;;;;;
3102;6.810314018359597;1.0;0.26055626031318163;0.42114868972978026;324.26200855771896;;;;;
3103;6.270836020109497;1.0;0.4844166777562934;0.7882082116150377;185.57454370581198;;;;;
3104;2.3966215692672517;1.0;0.3567294911478806;0.5635672310543635;386.60243945952567;;;;;
3105;6.497196103162848;1.0;0.5366846562409955;0.8342273084138959;106.78920625600443;;;;;
3106;5.857815322331807;1.0;0.2878281305006356;0.4552362119990873;305.9780619215832;;;;;
3107;6.608023696033644;1.0;0.3952117815043014;0.623013762186734;180.52120461244752;;;;;
3108;5.84965376653116;1.0;0.1972848063188279;0.3307502488303307;401.75627725643693;;;;;
3109;7.015924372504923;1.0;0.4837070115891995;0.7457785788863939;238.87826703975023;;;;;
3110;7.0061453256641855;1.0;0.33863020360310864;0.5578915277904667;478.0269805251696;;;;;
3111;6.216876279813089;1.0;0.41140096358032324;0.680692482594395;174.37026526580857;;;;;
3112;7.218675525220117;1.0;0.33501238666279837;0.545892287124667;339.1279323017839;;;;;
3113;4.292125434826397;1.0;0.2677271299913152;0.43046117069437323;275.96486748762214;;;;;
3114;5.544106284982794;1.0;0.46856649969539965;0.709156013495624;240.88237597476896;;;;;
3115;6.84869286454656;1.0;0.35547430248433803;0.5819194750044323;403.03917912972133;;;;;
3116;5.902890751499408;1.0;0.38699419308061844;0.6063197728371944;308.2592896183323;;;;;
3117;7.455431725536215;1.0;0.2965264683418935;0.48044766824621093;290.7527364055534;;;;;
3118;7.534760545257599;1.0;0.2596139565825151;0.43450474363599206;375.9448035878519;;;;;
3119;7.000672406215923;1.0;0.36834075767383473;0.6143347879563062;332.02285492223257;;;;;
3120;7.0148852993000865;1.0;0.34070867047726183;0.5582239102169902;504.16011603608297;;;;;
3121;4.9172955292799365;1.0;0.2627699342595473;0.4175515609290226;237.037243273176;;;;;
3122;6.980660535053033;1.0;0.410120182286762;0.6454014938786672;305.21122876380474;;;;;
3123;6.386444628030443;1.0;0.4186720129469756;0.7026541810870719;227.53935691935845;;;;;
3124;6.321363557566855;1.0;0.26469630168397;0.44299775437372585;265.40444001129237;;;;;
3125;6.864911611303713;1.0;0.39640061759054973;0.6599082879504744;414.0552229716277;;;;;
3126;6.741447225002608;1.0;0.34255609140166104;0.5669315408759222;291.49333587398127;;;;;
3127;6.880634467814238;1.0;0.2812348163597696;0.4717968506406617;315.1471655447317;;;;;
3128;6.717840082761281;1.0;0.36137203735166545;0.5918534499233316;482.17358253702696;;;;;
3129;6.2486050105467985;1.0;0.45207582917420885;0.7549840147292649;239.34970917317656;;;;;
3130;6.223628934057588;1.0;0.3737856852598029;0.5803701317043578;234.24649009043318;;;;;
3131;4.241689189449611;1.0;0.4189313419711337;0.6736154557466797;278.99384027218144;;;;;
3132;6.793286277960741;1.0;0.38869634818498533;0.6453906771277157;346.1004845671523;;;;;
3133;6.350261822323891;1.0;0.4255861848617934;0.7155447870366699;230.01777384263977;;;;;
3134;3.2623006309577005;1.0;0.42192968124526836;0.6804608383936805;312.47629619266496;;;;;
3135;6.5875007472638885;1.0;0.5149160878494883;0.8232494698013435;102.6023725423843;;;;;
3136;6.417110934316634;1.0;0.3098198472324999;0.5319096854291996;286.5051058256338;;;;;
3137;6.3439710326371355;1.0;0.4321314629645948;0.649440601340829;188.7444238464429;;;;;
3138;6.193624831204659;1.0;0.3189088972948872;0.43947262254985353;235.9854050318738;;;;;
3139;5.730712238068353;1.0;0.3524181920970915;0.5452793926889901;238.59560531597123;;;;;
3140;6.425541359300428;1.0;0.2171896230452973;0.3655996002111521;332.9431429900626;;;;;
3141;6.612935496270339;1.0;0.24152316389850098;0.3908133196018705;400.82028071234924;;;;;
3142;5.929891628428848;1.0;0.39375710327300895;0.5974288500806259;177.27194884505678;;;;;
3143;6.401697769286169;1.0;0.23066327568056944;0.33387387105414423;349.77161227233194;;;;;
3144;6.608880874544755;1.0;0.39716831106197537;0.6579301416251763;309.5088907300364;;;;;
3145;6.636810492979116;1.0;0.28784258523852746;0.4795036271582365;239.38073432024993;;;;;
3146;6.465376675363363;1.0;0.4127082714263583;0.6469603524558095;330.7732487834747;;;;;
3147;7.0957082078016285;1.0;0.3534720436841033;0.5769142796011836;339.92222785562075;;;;;
3148;6.62134551675568;1.0;0.3270453751299414;0.5064891386607243;271.3155688501118;;;;;
3149;6.505626747668147;1.0;0.47730354035845546;0.7811720512783875;136.0688747367359;;;;;
3150;6.854106426918438;1.0;0.40027928277892233;0.6408449119868176;404.9921531877828;;;;;
3151;6.963025487148609;1.0;0.3087913608293505;0.5097586058088249;274.6928633313709;;;;;
3152;4.79592311627396;1.0;0.21152359653037883;0.3298932148625869;343.80554412140793;;;;;
3153;6.236140337811966;1.0;0.31498508505635253;0.515431874217259;494.0998079694479;;;;;
3154;7.04033913630319;1.0;0.3892535800056156;0.6383250303387308;374.2775336531295;;;;;
3155;6.29626175253652;1.0;0.2357801240730751;0.40167034203913143;301.24684794602445;;;;;
3156;6.734138496911439;1.0;0.490325150210705;0.7729218478930937;240.04911487944779;;;;;
3157;6.345609241162967;1.0;0.1635277677635125;0.28115972142312073;500.9060957164429;;;;;
3158;6.936754532596133;1.0;0.577552177260244;0.8025248041332639;93.02246831237916;;;;;
3159;6.761761219322295;1.0;0.38677573969744466;0.6110566103007545;383.5716646411169;;;;;
3160;6.443936080573584;1.0;0.33120578923943217;0.533677473781837;301.181224228905;;;;;
3161;7.2815598851856;1.0;0.34659243303141;0.5419907376243434;234.49733607582866;;;;;
3162;6.313395532092947;1.0;0.2745448288282473;0.42759452877401516;388.3890807340225;;;;;
3163;6.831787791769304;1.0;0.2570179367306403;0.42870740342235336;280.6617406226846;;;;;
3164;6.301464340178099;1.0;0.3401736971263417;0.5416199009209587;211.65929570979796;;;;;
3165;6.308816930379489;1.0;0.3496080785391642;0.5934057015337862;201.79892954938202;;;;;
3166;6.7912592265237395;1.0;0.4515245528782237;0.7390906458331583;207.77737579652688;;;;;
3167;6.97108045298532;1.0;0.28980640674970365;0.47279625277339293;413.6552609990593;;;;;
3168;6.794798937726122;1.0;0.3690451689332865;0.6027420926872215;482.65686787891906;;;;;
3169;6.45661158550746;1.0;0.5191862102968502;0.834827200534989;268.7617062026878;;;;;
3170;7.031768660559325;1.0;0.34736402468292443;0.5288923364865737;275.0702155465223;;;;;
3171;6.570002415974162;1.0;0.18592871103395814;0.3015179260851372;444.9931743171427;;;;;
3172;6.577104286042664;1.0;0.4323155475215192;0.7199516084624267;270.90066184678585;;;;;
3173;7.169264151332802;1.0;0.3750104498331743;0.6202141683377247;342.6873073741845;;;;;
3174;6.870442837862786;1.0;0.5639074660032823;0.8084085296744984;120.41459837070961;;;;;
3175;6.6834187034075665;1.0;0.5787439659545511;0.8372927250698785;92.71076270873665;;;;;
3176;7.289338063862859;1.0;0.3053750840249648;0.4983612550354855;465.39029509530974;;;;;
3177;6.911848520584407;1.0;0.284552799687452;0.46367709223378867;320.75550195442594;;;;;
3178;7.075404304133526;1.0;0.3467255570065373;0.5394453214578865;218.5586164173853;;;;;
3179;6.897154599223509;1.0;0.38952256322472095;0.6518800218326413;346.80083287664223;;;;;
3180;6.416958643572083;1.0;0.40394793537078183;0.6368117372590657;399.98229033188335;;;;;
3181;6.69300205667944;1.0;0.5706346675564702;0.9167627018164425;83.61318792373886;;;;;
3182;5.563397510162507;1.0;0.3774472402769773;0.6175775005131828;244.43223082032114;;;;;
3183;6.807294351050357;1.0;0.2769533507469488;0.4380528670449241;358.7152897653324;;;;;
3184;6.58997179479949;1.0;0.5199845507362608;0.8090944422130247;290.6322976554129;;;;;
3185;4.863360464105149;1.0;0.39193792497023283;0.6089079999122374;263.0224951787916;;;;;
3186;6.657400737897689;1.0;0.25775336026155965;0.4339998245878;293.2052070926913;;;;;
3187;7.11486459477787;1.0;0.33182933628175393;0.5348765830118977;433.68954405413564;;;;;
3188;6.565965359583827;1.0;0.27997350579809016;0.4638999181394515;408.8135204721768;;;;;
3189;6.878175595810541;1.0;0.30617082682811764;0.475767703704494;288.4482453582657;;;;;
3190;6.0139303151717165;1.0;0.291271965789867;0.4772312523081544;294.3834981430721;;;;;
3191;6.505533296179319;1.0;0.2407221746051781;0.4077426730213719;335.4111324106102;;;;;
3192;7.46479773014636;1.0;0.29336358663820017;0.4641855856908938;327.43490928460506;;;;;
3193;6.448827979506398;1.0;0.3616168825487449;0.5758678437930866;223.63915724515311;;;;;
3194;5.442187565110627;1.0;0.2903935795628847;0.46508011675136124;255.89391718815128;;;;;
3195;5.963074446212591;1.0;0.30451973263530535;0.44137932802048957;241.2577543357136;;;;;
3196;6.733023126130034;1.0;0.31135619063126035;0.5118915375921325;313.1522127769843;;;;;
3197;6.9662175126853345;1.0;0.48592085641446897;0.7707846486069717;309.05811329569866;;;;;
3198;6.656719939430115;1.0;0.5242471297281193;0.8267060186999274;102.31019056665862;;;;;
3199;2.06648491410252;1.0;0.3455619395625068;0.5395160429258468;349.93968838905045;;;;;
3200;7.132974340347588;1.0;0.38790879748025564;0.6302719717357633;320.79470928544845;;;;;
3201;7.184523866617898;1.0;0.3366719327851204;0.5563991386605308;387.5000732115842;;;;;
3202;1.9574378702195339;1.0;0.4042454874522366;0.6211822966500293;409.82576117608284;;;;;
3203;6.909409793070714;1.0;0.43365658377701466;0.6913841560253522;400.7887655059808;;;;;
3204;7.28508250577415;1.0;0.2828044642895052;0.47558570459290767;464.683473742745;;;;;
3205;6.76953751386551;1.0;0.5349684595189985;0.8330383301441898;187.39358675622623;;;;;
3206;7.317779570583292;1.0;0.3350060878576088;0.5534776345882322;301.9596260996401;;;;;
3207;7.335928493957946;1.0;0.35559479946522926;0.5912305051909719;350.3314604577633;;;;;
3208;6.598087438670077;1.0;0.5130310418614467;0.7652277425681752;145.19824359289538;;;;;
3209;5.7752813858194365;1.0;0.4237930519538394;0.6797829251990298;399.2796341087155;;;;;
3210;6.114421475844054;1.0;0.38693550344369215;0.6144537565380794;218.39606379504502;;;;;
3211;6.335267233880504;1.0;0.3783511409162543;0.6169967456435544;234.62864345548755;;;;;
3212;6.590455029564133;1.0;0.4370105260473104;0.642215019206788;242.83480063597062;;;;;
3213;5.921821655995434;1.0;0.568366232040422;0.859008456390519;203.53392343816867;;;;;
3214;6.369200600786334;1.0;0.44948602444200814;0.7059599368131209;153.70831760651265;;;;;
3215;7.503044311947177;1.0;0.2426726386278332;0.40885982916558883;346.15152354124245;;;;;
3216;5.523640155190694;1.0;0.41523057956993403;0.6595190106121837;379.18897769552365;;;;;
3217;5.045237785525541;1.0;0.33497320724478497;0.5410643759192146;319.4055643945884;;;;;
3218;6.447280928380554;1.0;0.20932809057348037;0.3474162353240224;349.14905995928905;;;;;
3219;5.973776570293469;1.0;0.2693326213877798;0.4418772730468701;284.54420655700994;;;;;
3220;5.229480502182735;1.0;0.46467498496386617;0.7270914726828671;260.96204399728236;;;;;
3221;4.04009304837165;1.0;0.45641512409480456;0.7084910521247191;366.4043235596629;;;;;
3222;7.2567029863437895;1.0;0.38672873186354095;0.6072800671439574;328.67830940430264;;;;;
3223;5.857271015081689;1.0;0.3502921677192378;0.5072471452770895;206.57457430953528;;;;;
3224;6.240982554497958;1.0;0.44826083170588193;0.7386720115003108;180.55228869126955;;;;;
3225;6.53909556105096;1.0;0.4225616659984621;0.7055884296491634;330.47243476072015;;;;;
3226;7.294637732446929;1.0;0.3722307700938179;0.5912451524786447;398.752530909229;;;;;
3227;6.4429799281452045;1.0;0.23025647467851293;0.38273721408667694;381.01819756151457;;;;;
3228;6.318433121864343;1.0;0.21007713474754522;0.35263457960575667;394.0739984009985;;;;;
3229;5.819396403230801;1.0;0.2661557741047112;0.41594555568674035;256.3697426877841;;;;;
3230;5.0559535675672205;1.0;0.2551904613357261;0.4136331692707769;320.2805403989347;;;;;
3231;6.265357559097024;1.0;0.5209234537823043;0.7485048211749266;135.9365064713425;;;;;
3232;5.781263554888589;1.0;0.37955240809364177;0.5877836022513043;317.3509191913377;;;;;
3233;3.2789286550692807;1.0;0.4770613286742599;0.7322057916795743;303.9996334837926;;;;;
3234;6.382051440355945;1.0;0.3901439337892685;0.6521617110422238;212.2670535782182;;;;;
3235;6.674701803047098;1.0;0.22177171827606246;0.3609158150778589;381.92673999102686;;;;;
3236;7.0160761754240175;1.0;0.4218205723881852;0.6860223544295557;338.4966147094389;;;;;
3237;4.484400331508691;1.0;0.27923968568471247;0.4295419024539419;248.47222042905327;;;;;
3238;7.540438768999135;1.0;0.23882622810046913;0.40448993917799936;330.2020695759782;;;;;
3239;5.196561985214757;1.0;0.16920087052241378;0.2667207484393179;511.6035934076126;;;;;
3240;6.53664124409767;1.0;0.28374791296025836;0.4570612079848017;323.0545542614882;;;;;
3241;5.925523393889484;1.0;0.4186282826315269;0.6522674576078535;280.17897789820984;;;;;
3242;6.273178896433597;1.0;0.3603776037504222;0.6131144139809519;164.909561176345;;;;;
3243;6.358747163342818;1.0;0.4802804506101036;0.803923175411341;220.9214060465571;;;;;
3244;6.234477403546366;1.0;0.2938357381056576;0.4561373096993632;346.4067739836138;;;;;
3245;6.558663803738183;1.0;0.5268068875732355;0.8076278035588086;120.19237975348871;;;;;
3246;6.391596737614952;1.0;0.2848959847533846;0.4767962467015926;309.69668900541285;;;;;
3247;5.382802031975076;1.0;0.3291546086070099;0.510886802161265;278.6547277327758;;;;;
3248;6.428569453374182;1.0;0.47285827937902547;0.7964167233014703;184.23140705768498;;;;;
3249;7.037409947714643;1.0;0.31569968109177976;0.5351591116966221;254.69983437636037;;;;;
3250;6.0164763020812355;1.0;0.3567325864826612;0.5953704685080793;297.3329304944172;;;;;
3251;6.3623688230688185;1.0;0.3919581971794816;0.5942732295491439;286.8485428453509;;;;;
3252;7.07025816339262;1.0;0.40645844041235796;0.6685421280842583;323.2093439136305;;;;;
3253;6.376113623519968;1.0;0.5369682766083014;0.8315305451365091;100.22963769574685;;;;;
3254;3.7834513803748266;1.0;0.42503596875604704;0.6664923814545303;153.69474959985428;;;;;
3255;5.968825529558448;1.0;0.24171862161909233;0.3994334442973607;325.21517069041823;;;;;
3256;5.972512225694656;1.0;0.36923534823665355;0.6051442440749719;301.4734510441779;;;;;
3257;7.5384529947160335;1.0;0.24088055108083561;0.40567560862793384;361.51981665747815;;;;;
3258;7.005460310064063;1.0;0.37683678319552844;0.6223992857468881;469.64993248660954;;;;;
3259;6.103868309674183;1.0;0.3396581444611869;0.5621778247940349;274.9509164232988;;;;;
3260;6.704815508807263;1.0;0.6031934555203544;0.9027281915308439;108.2553059532388;;;;;
3261;4.765436707029024;1.0;0.463218727602217;0.6914773270607617;282.52031437070735;;;;;
3262;6.498809575182525;1.0;0.33826195138362886;0.5303370936162681;237.93379218934405;;;;;
3263;4.105783491078507;1.0;0.40645352582768535;0.6512806219323545;387.6549523713161;;;;;
3264;7.372858944110851;1.0;0.31406598816878717;0.5313707512486214;321.8767499025558;;;;;
3265;6.081549213328519;1.0;0.35024247938281894;0.5282950983781188;394.7544697118783;;;;;
3266;7.215986260020556;1.0;0.4055496993891652;0.6468774931783926;381.9923973324048;;;;;
3267;6.901747255924715;1.0;0.41538940619689924;0.6558341642296013;300.82148406915394;;;;;
3268;6.140588549129575;1.0;0.37258297492707726;0.5612089370659185;185.16449995869573;;;;;
3269;7.237236794765852;1.0;0.44155586644289524;0.6755905836191226;253.15378792671206;;;;;
3270;6.286170603513015;1.0;0.5119508911722248;0.8254156347303477;251.71307499526148;;;;;
3271;7.288595031643377;1.0;0.36289043762067363;0.5869789423242088;434.62304546473666;;;;;
3272;6.840635257135828;1.0;0.46301759622550115;0.7483221249254662;254.25635907141213;;;;;
3273;6.2955585079866285;1.0;0.2523365392506843;0.39841976686829067;308.5890413585102;;;;;
3274;6.03920415123173;1.0;0.39231851502172915;0.6550285486616556;193.66591846731862;;;;;
3275;6.326901746660364;1.0;0.23853775820566822;0.38579565942860894;416.86543791175666;;;;;
3276;2.775737705764901;1.0;0.3765287628108913;0.5389353203845182;232.04474452531494;;;;;
3277;4.766446679917999;1.0;0.3215555266562333;0.4944163171135582;260.92543355907867;;;;;
3278;5.873732416356477;1.0;0.39818327614825744;0.6507255058638073;228.5994900753708;;;;;
3279;6.575484897995155;1.0;0.22792818885787805;0.38371025814571696;340.55561836344;;;;;
3280;6.2189070427215665;1.0;0.26644427312078595;0.42337902035776737;314.6914833744547;;;;;
3281;6.731403676101082;1.0;0.4014027574135609;0.6193231645060445;185.8963735811479;;;;;
3282;5.990932911586199;1.0;0.4037354895466851;0.6186363022278898;164.00778956691533;;;;;
3283;6.205542749423612;1.0;0.3806017438336791;0.5680000739481657;279.83902646747316;;;;;
3284;6.655330718256763;1.0;0.5728020418930263;0.8628745605243069;139.2895965071996;;;;;
3285;6.1009206123895225;1.0;0.49640465200363776;0.813048039693838;275.1233118197323;;;;;
3286;6.6107913640114795;1.0;0.28966640959967255;0.4655827036651015;340.74727976314574;;;;;
3287;6.36182382003533;1.0;0.51161313121874;0.7856355009690449;143.24639730975107;;;;;
3288;6.978931642558264;1.0;0.41406956879202783;0.6126481860269412;173.19740210263706;;;;;
3289;7.43497949821194;1.0;0.2973009710624236;0.495130846608925;392.00412489603013;;;;;
3290;6.248110274421796;1.0;0.42203883557424926;0.7013162361763277;282.2229713727287;;;;;
3291;5.17627988482822;1.0;0.3182588816553483;0.47718628049603057;368.70052319849117;;;;;
3292;6.550894851218304;1.0;0.38160372602816345;0.5887683813729049;231.80834552278367;;;;;
3293;3.927766196321671;1.0;0.2516875909892965;0.41278240758725143;319.79821689603574;;;;;
3294;7.276178429735996;1.0;0.2577464709165042;0.42077060184357434;314.5207545722972;;;;;
3295;6.444603714839477;1.0;0.45003333534590206;0.7292100094847674;252.16300107467592;;;;;
3296;6.172479218497081;1.0;0.46269742083825716;0.7499212691934248;247.78709605310945;;;;;
3297;6.692736767727563;1.0;0.26157979994142827;0.4180725467161487;434.88787303407406;;;;;
3298;4.359998294175404;1.0;0.41842709139718065;0.624079249519697;325.52779474839105;;;;;
3299;6.195942581714545;1.0;0.29250469050149286;0.4516353565701544;302.00994276235645;;;;;
3300;5.5279429976496415;1.0;0.4410112256117256;0.6907134577236488;184.3108469920563;;;;;
3301;6.919904036794303;1.0;0.35269918707551123;0.5894310993363694;341.076714986069;;;;;
3302;4.746941246164707;1.0;0.2976581520409121;0.44526677891054783;351.71460736770524;;;;;
3303;7.01556373939375;1.0;0.410054324430693;0.6496075306928477;312.3736863660175;;;;;
3304;6.53987756442074;1.0;0.40955275589695117;0.6198624874580902;287.1379763579807;;;;;
3305;6.171697728425247;1.0;0.37300912389732155;0.5822534381200455;282.9722522881511;;;;;
3306;6.835734635638294;1.0;0.328701502431338;0.5389590716151169;527.6936261289829;;;;;
3307;5.177399794397958;1.0;0.42751124626552106;0.6885218757683548;134.89464932900296;;;;;
3308;7.155973844121152;1.0;0.463336497877269;0.6872503651781205;168.76396230808123;;;;;
3309;6.551177185823196;1.0;0.5197442287111491;0.8072953378358182;131.87806983777938;;;;;
3310;5.912172092786575;1.0;0.29605254631340117;0.47505146193499076;343.46068472341875;;;;;
3311;6.347730060283126;1.0;0.5494590796434662;0.8873574244003903;159.55318999213935;;;;;
3312;7.004258270816408;1.0;0.3534603899758741;0.5785958892936134;291.2197837592542;;;;;
3313;6.449203311355362;1.0;0.4237367717592949;0.700458622413183;357.77697885015795;;;;;
3314;7.00852693875144;1.0;0.2854507297542441;0.4678781331054379;363.7123690662128;;;;;
3315;5.281779247418028;1.0;0.3117017152651664;0.47506246474009256;416.2010563970712;;;;;
3316;7.357776957227958;1.0;0.3730927705003531;0.5597518790473058;202.77735458747065;;;;;
3317;6.634042052338927;1.0;0.29791547719365874;0.46923790206725613;375.23436031411387;;;;;
3318;7.152899681637567;1.0;0.36388728368854517;0.6067696223936793;387.9534551023074;;;;;
3319;6.292744086548132;1.0;0.4701172504317533;0.7605840859359171;342.48049206223345;;;;;
3320;7.388633842081894;1.0;0.3101352424152667;0.49762184236802126;402.01107748061906;;;;;
3321;5.850743316075564;1.0;0.3799069957503589;0.5906079148144895;376.22671151961174;;;;;
3322;6.584442466650598;1.0;0.37047934078653477;0.6246709653473038;317.99394371241266;;;;;
3323;7.365336261303321;1.0;0.3899006649290211;0.6018157366743995;413.0714924295389;;;;;
3324;6.070210130989858;1.0;0.4278671125621006;0.6525199648892409;191.00579474021274;;;;;
3325;6.345810397361156;1.0;0.5111351454953207;0.8299397039275246;208.98937432551458;;;;;
3326;6.919564207598606;1.0;0.3814728981474605;0.6060694321177136;341.55720733871357;;;;;
3327;3.0930550633581593;1.0;0.20350790152988132;0.32771489341518895;496.0845816070273;;;;;
3328;7.008094904124546;1.0;0.3750328979239348;0.5916953772911885;369.9059289097789;;;;;
3329;5.11048046619156;1.0;0.34097051779444326;0.5292071889516248;375.6066873614936;;;;;
3330;6.556100399166146;1.0;0.5517161202812529;0.89231915965776;110.85246660718555;;;;;
3331;6.512574742964173;1.0;0.325333504728824;0.5148697944887068;259.2816315461925;;;;;
3332;6.884183156880783;1.0;0.3356579624050836;0.5309326997127247;264.66949980484895;;;;;
3333;6.214834110990065;1.0;0.2392923785992196;0.36090393522777053;325.94892005634586;;;;;
3334;7.063383288255684;1.0;0.29910949679787885;0.4512439246878304;266.79192414633434;;;;;
3335;5.878733315978706;1.0;0.38180685826528343;0.6192043066267907;386.4685617082618;;;;;
3336;5.9865064953676805;1.0;0.4040786957516493;0.5990927355350154;223.1294696148875;;;;;
3337;5.153230815517583;1.0;0.26868705700639034;0.45198610710218257;489.9525384937294;;;;;
3338;5.666019267534444;1.0;0.3200772263401999;0.5206781969349383;347.3590761517944;;;;;
3339;3.290274587032723;1.0;0.34611710777545973;0.5454600380897525;332.26604912886734;;;;;
3340;6.659360334663494;1.0;0.505540008964383;0.8130273228970143;97.75838195090729;;;;;
3341;6.470797891906411;1.0;0.3805358879366092;0.6306087027096514;347.1885220494417;;;;;
3342;4.16251670548242;1.0;0.16526867528877642;0.27066405149912875;458.4593021426186;;;;;
3343;6.753578838014727;1.0;0.4140275798026885;0.6939085829350067;267.97594503557417;;;;;
3344;6.0394208400712195;1.0;0.4731383274710394;0.7822553565230408;277.66982998269987;;;;;
3345;7.274886251275916;1.0;0.31552163116215093;0.47185643276492134;221.76979332139288;;;;;
3346;7.2856483857952;1.0;0.2847295537299729;0.47253724544652015;312.56219334629117;;;;;
3347;7.178477411607636;1.0;0.21632636626510743;0.3458060918814772;393.3545587114202;;;;;
3348;6.37319140928207;1.0;0.3781804915704424;0.5893235457344043;209.41473525539794;;;;;
3349;5.8168026795874805;1.0;0.4391907726633891;0.7256235630821792;307.57086057336346;;;;;
3350;6.1040946285336535;1.0;0.32377947218316533;0.4865027483416572;323.5206439376638;;;;;
3351;2.07655242632216;1.0;0.16894729318378512;0.27299162408843103;495.46933341879765;;;;;
3352;6.660049216941621;1.0;0.22389769444404536;0.37564836273229096;334.70350310789513;;;;;
3353;6.33192310824503;1.0;0.30468060563225213;0.46846052261419424;367.23107611045924;;;;;
3354;6.760062816877108;1.0;0.36718656209227696;0.610860872230032;341.8415803773649;;;;;
3355;6.904841031566502;1.0;0.2433867191413601;0.3990715098262873;400.7882792597232;;;;;
3356;6.663768811221599;1.0;0.3468706264211751;0.5664197719856897;336.67608594117803;;;;;
3357;6.046306711427237;1.0;0.5011466519630515;0.7820607814889452;211.2270252390675;;;;;
3358;6.050793956188334;1.0;0.5236817586051765;0.8512315911419367;241.49852054187622;;;;;
3359;6.158426640144636;1.0;0.30369392063589845;0.47002296405141225;376.93963532661866;;;;;
3360;6.564516546133573;1.0;0.4542892351324172;0.7277896039613182;297.69277048981735;;;;;
3361;6.220906058297312;1.0;0.3947589674949809;0.6201629511245164;286.4159356009848;;;;;
3362;6.481012360400735;1.0;0.2910895541805056;0.4597772548915442;382.3137890964639;;;;;
3363;6.833953821203966;1.0;0.25190756658689123;0.3814254429741394;381.8916159678716;;;;;
3364;1.8896589039526623;1.0;0.2939134554344418;0.4567283818383471;404.3678228827546;;;;;
3365;6.460556301277897;1.0;0.534382737597;0.8332589934651484;245.3334670092967;;;;;
3366;6.068350361949832;1.0;0.34131750001915917;0.5487394206543998;419.3596550634891;;;;;
3367;6.199864320379149;1.0;0.3792178337984044;0.61485733313487;411.66333673899754;;;;;
3368;6.63206638731814;1.0;0.31537611928201587;0.495640638916592;233.56469813510625;;;;;
3369;6.204303997764689;1.0;0.48334738110450604;0.8019858931571013;245.43952378437265;;;;;
3370;4.71988215168678;1.0;0.2341869104885539;0.3755353926893336;361.90798805818105;;;;;
3371;6.379110758045069;1.0;0.4796759410847285;0.8009651192932493;172.2799709328563;;;;;
3372;6.853317889994459;1.0;0.4636370779846769;0.6870529078908395;131.56640458640052;;;;;
3373;7.0298447798188395;1.0;0.3574828258506513;0.59582509172498;359.74687834894854;;;;;
3374;4.6715030792868975;1.0;0.3840630976302177;0.5960737141467263;398.5480694012374;;;;;
3375;-2.163804313736172;1.0;0.35795016091047877;0.5349784011471874;309.2853471092987;;;;;
3376;6.177944411526453;1.0;0.20627242083971703;0.3339860009360017;408.4588531241014;;;;;
3377;5.91020246996374;1.0;0.5101774782634002;0.7732906108290145;148.77444727215303;;;;;
3378;6.256489882533012;1.0;0.4530519956343671;0.7571431805029606;250.12400862698752;;;;;
3379;6.974624961741592;1.0;0.41306755229300957;0.6514711238114985;283.17268517238756;;;;;
3380;6.993610447071424;1.0;0.24745047220362054;0.393038277607071;314.60245607757577;;;;;
3381;6.981102792197635;1.0;0.23966057060700097;0.3836438930459385;324.6529222922445;;;;;
3382;6.652853061329246;1.0;0.34328199120051567;0.5628680094908075;272.28348476022546;;;;;
3383;6.67627716861426;1.0;0.30992076817205216;0.49466319303592726;472.3448559321272;;;;;
3384;6.428661419643307;1.0;0.26252947689419925;0.438467539585556;559.161290244803;;;;;
3385;6.370259820528531;1.0;0.26936197432543235;0.4224436881752136;332.74132769552307;;;;;
3386;6.259964509657338;1.0;0.39932789460991386;0.6523218524003549;273.76671147668344;;;;;
3387;6.25573566464261;1.0;0.40827341722348287;0.6412924068682977;255.16340277043477;;;;;
3388;6.759767276606139;1.0;0.20242396325180367;0.3277035010122934;405.6837748054704;;;;;
3389;4.085844890473571;1.0;0.354983976955776;0.5595296441975198;233.47858027509872;;;;;
3390;6.6633368914162645;1.0;0.3573298027511311;0.5713361838441059;359.8988482395822;;;;;
3391;4.960810106317722;1.0;0.36178056454713864;0.5866650780740509;257.49168320322303;;;;;
3392;7.141463597498665;1.0;0.23536663806216948;0.38956667371298104;315.512265494615;;;;;
3393;6.342183794157671;1.0;0.2803091405450712;0.4348375176949073;239.77962797834033;;;;;
3394;6.185140155066462;1.0;0.3166102543769023;0.5229326194911327;252.23270953018175;;;;;
3395;7.113963043987551;1.0;0.3644394866962728;0.5935322130617021;230.86013328583238;;;;;
3396;6.085903176811589;1.0;0.47430234615649874;0.7460921903750122;326.6749259375343;;;;;
3397;6.646074204882899;1.0;0.3239980404841399;0.5336186944614112;265.4447644327848;;;;;
3398;6.502778245107175;1.0;0.3874931412376472;0.6136430109093894;225.1684810006596;;;;;
3399;6.643705597425573;1.0;0.25133623324894494;0.3941379196380272;287.48667022385956;;;;;
3400;6.531344130602813;1.0;0.3821811969816923;0.5994692544198309;194.94141350633228;;;;;
3401;6.590348186173312;1.0;0.23200848362072976;0.38635752012077035;312.0638788581573;;;;;
3402;6.58273033208904;1.0;0.41707442937036304;0.6452737635895858;171.77900301397534;;;;;
3403;6.669672005659253;1.0;0.31538346519383986;0.5131036964984483;304.04833630300766;;;;;
3404;6.3305534535227395;1.0;0.5124828485731278;0.7943284967793313;221.92867863500837;;;;;
3405;6.883696354343295;1.0;0.47937693306571233;0.7736207855273387;227.29687173725648;;;;;
3406;6.18599930402613;1.0;0.3869702045150898;0.6409631917522356;300.74466192463706;;;;;
3407;6.956222588421834;1.0;0.4982408662311489;0.7931827824104873;217.16960174493593;;;;;
3408;7.3597503795853;1.0;0.24662852759365703;0.41054196621377004;300.7626845749739;;;;;
3409;7.003108409085085;1.0;0.17204060100370683;0.28397573379858426;509.3858001088933;;;;;
3410;6.167911935577931;1.0;0.3421906170675476;0.5678860525965159;271.1353760677197;;;;;
3411;5.202487951681405;1.0;0.5300207791687602;0.8414493469657282;188.98162016973782;;;;;
3412;6.411082769357362;1.0;0.3191217720702183;0.4850621789675049;215.2512421426839;;;;;
3413;2.321098257628362;1.0;0.37711284764911507;0.5905669305357416;364.5719960780952;;;;;
3414;6.362181979902548;1.0;0.47156432294018735;0.7715803640920241;168.44640958113942;;;;;
3415;5.627511472685504;1.0;0.26803830901442216;0.421154872694605;331.46355809828844;;;;;
3416;3.425643009671068;1.0;0.1899808739418027;0.31370173091549985;457.9109297476629;;;;;
3417;6.798438115807404;1.0;0.3970287840802083;0.6204922979459542;361.15652957623104;;;;;
3418;6.217598373311986;1.0;0.33069899559701144;0.4878033055641392;332.8088814103338;;;;;
3419;6.579214545594716;1.0;0.40164357441162624;0.668195671442989;274.587427656955;;;;;
3420;7.09944663752843;1.0;0.319465608423812;0.5198615846983387;369.7379703280028;;;;;
3421;7.436851586894847;1.0;0.2431819336485789;0.4049659648217861;355.70431625852007;;;;;
3422;6.75817366768834;1.0;0.4812554361941451;0.7085702765140002;126.94980279937091;;;;;
3423;6.695027234055034;1.0;0.2576401676364226;0.3969869964168011;390.2758458254137;;;;;
3424;6.989156691132797;1.0;0.3774146332899066;0.6042334791219083;353.6875321843865;;;;;
3425;6.282224332332147;1.0;0.28031830912287053;0.4558911769681422;223.9862903085382;;;;;
3426;6.336075607847151;1.0;0.43540959233216814;0.7085561845542335;304.14016219295564;;;;;
3427;6.460514601940513;1.0;0.32081418439648185;0.5139705991197532;405.1079135918794;;;;;
3428;0.7786481767513149;1.0;0.42330865162899006;0.6329671709792669;353.92794791789356;;;;;
3429;6.718007530490105;1.0;0.3421433118220983;0.5354294833750959;302.2259963137658;;;;;
3430;6.892752518181843;1.0;0.15521827141181427;0.2579794725653236;512.7032425993722;;;;;
3431;6.6650807356465664;1.0;0.29968777684742304;0.47860786744894807;292.99897603354765;;;;;
3432;6.222464941658378;1.0;0.3423568616323918;0.5643844639873374;197.328205972375;;;;;
3433;6.916698284536554;1.0;0.43454655689575794;0.6783249560623772;249.1273870920939;;;;;
3434;6.625706451565289;1.0;0.4394274744800648;0.6610370713257515;192.41711739512306;;;;;
3435;6.335275895513467;1.0;0.44021561063362635;0.7389404357493444;144.86045243525174;;;;;
3436;6.512866737019671;1.0;0.3507838314156575;0.5495097171385589;313.50907950889706;;;;;
3437;5.401692421383486;1.0;0.39950755065904053;0.5942393905850294;174.67210198331557;;;;;
3438;6.635766357475719;1.0;0.31863374001679207;0.5006454070427211;291.48566210034437;;;;;
3439;6.111605141463056;1.0;0.5063378859378748;0.8367677466635357;260.0681885661193;;;;;
