index;reward;success;path_efficiency;effective_speed;zigzag_penalty;policy_loss;value_loss;entropy;approximate_kl;clip_fraction
1;-1.7952695984690514;0.0;0.0;0.0;0.025576746802028295;-0.0015636465046554803;0.024817661894485355;2.197131395339966;8.208900690078735e-05;0.0
2;-1.852971136917215;0.0;0.0;0.0;0.12312430888197061;0.003042590105906129;0.004571091977413744;2.1968214750289916;4.560393281280994e-05;0.0
3;-2.255076289581956;0.0;0.0;0.0;0.12512094207698465;0.0012172324350103736;0.0018497606681194157;2.1964473962783813;5.555883981287479e-05;0.0
4;-2.5184864375968457;0.0;0.0;0.0;0.0;-0.003937974106520414;0.0011027866858057678;2.196037459373474;5.632033571600914e-05;0.0
5;-2.6550529617672605;0.0;0.0;0.0;0.0;0.004838047362864017;0.0011587415152462198;2.1958227872848513;5.146681796759367e-05;0.0
6;-2.6111094344949977;0.0;0.0;0.0;0.24786523815633543;0.001059303432703018;0.0010467957123182713;2.195406103134155;7.426667725667358e-05;0.0
7;-2.701054003774381;0.0;0.0;0.0;0.23661435237776798;-0.004080079682171345;0.0009942981821950525;2.1944424867630006;7.200641557574272e-05;0.0
8;-1.7699604292843496;0.0;0.0;0.0;0.1423014402623228;-0.003347173798829317;0.000892999250208959;2.193476450443268;8.264560019597412e-05;0.0
9;-2.1387170600189678;0.0;0.0;0.0;0.05870105256950737;-0.006864477670751512;0.0008090855757473036;2.192115104198456;9.020202560350299e-05;0.0
10;-2.0937382691746187;0.0;0.0;0.0;0.4414041725049813;-0.003842641576193273;0.0008453702495899052;2.1908772826194762;0.00012395386584103109;0.0
11;-2.377699065444662;0.0;0.0;0.0;0.2450639740302567;0.001475532166659832;0.0008888489974197;2.1884603023529055;0.00015470044454559683;0.0
12;-2.53798623894552;0.0;0.0;0.0;0.2401824867782493;-0.003409884497523308;0.0007558106648502871;2.185367488861084;0.0001602834207005799;0.0
13;-2.5128561229795627;0.0;0.0;0.0;0.0;-0.00021354383789002896;0.000949639591271989;2.183371031284332;0.00014251279644668103;0.0
14;-4.4839796773805105;0.0;0.0;0.0;0.0;-0.0008010955993086099;0.0008518967835698277;2.1779081225395203;0.00030921335564926267;0.0
15;-1.4100602644080047;0.0;0.0;0.0;0.0;-0.004896164312958718;0.0009498439205344767;2.173837971687317;0.0002061126520857215;0.0
16;-1.77793299367871;0.0;0.0;0.0;0.10089473897411544;0.0008618506137281657;0.000744039157871157;2.166846978664398;0.00030409767059609295;0.0
17;-6.054601124916377;0.0;0.0;0.0;0.12225369533346983;-0.007398149697110057;0.0009497954219114035;2.1550418019294737;0.00038178599206730726;0.0
18;-1.6015730622106679;0.0;0.0;0.0;0.23538890815503152;-0.006183311948552728;0.0009362007636809722;2.1468922972679136;0.00043608801206573844;0.0
19;-1.6076599730670345;0.0;0.0;0.0;0.4727369673136615;-0.002573358407244086;0.0010714846255723387;2.137799823284149;0.00045908481115475297;0.0005859375
20;-4.7819317450654815;0.0;0.0;0.0;0.0;-0.005239076446741819;0.0018246755236759782;2.1189045190811155;0.0006717788754031062;0.0
21;-2.0355445676175563;0.0;0.0;0.0;0.19980440743134598;-0.006222683098167181;0.0013620315410662442;2.1159141182899477;0.0003011904773302376;0.0
22;-1.4133633122073095;0.0;0.0;0.0;0.21726348493924663;-0.005563095537945628;0.0016244371712673456;2.1238474369049074;0.0004082424333319068;0.0
23;-2.037613954028088;0.0;0.0;0.0;0.2605933125197044;-0.0042319383006542925;0.0010662058251909912;2.119044280052185;0.0002614296041429043;0.0
24;-3.2843947338802293;0.0;0.0;0.0;0.0;-0.004677391424775123;0.0008729166293051094;2.119641089439392;0.00016375654377043247;0.0
25;-1.2523092242181963;0.0;0.0;0.0;0.08861512648165189;0.000505624944344163;0.0007877701835241168;2.1232859969139097;0.00017072489717975258;0.0
26;-2.0216134660139713;0.0;0.0;0.0;0.09266324488092564;-0.00010200180113315583;0.0009724684641696513;2.1237531185150145;0.00034607367124408486;0.0
27;-2.313016246304163;0.0;0.0;0.0;0.09852129330608239;-0.006122990744188428;0.0010686978755984455;2.1116032242774962;0.000587062572594732;0.0
28;-5.895830305815486;0.0;0.0;0.0;0.0;-0.012040746305137873;0.001265192124992609;2.0937806963920593;0.0003808196983300149;0.0
29;-2.7144028537446605;0.0;0.0;0.0;0.5347260603712234;-0.0010142412967979908;0.0032882576808333395;2.097631585597992;0.00018566850339993835;0.0
30;-2.5437382588782196;0.0;0.0;0.0;0.0;0.005905793746933341;0.005527893267571926;2.0979050397872925;0.00034701647236943243;0.0
31;3.3073723906233456;1.0;0.3191493377450126;0.31555504042331517;0.3824252851250665;0.004405621066689491;0.002757974300766364;2.111936354637146;0.0001591383945196867;0.0
32;2.703777835049303;1.0;0.2993445664747716;0.258374984249555;0.1830196308951911;-0.0021537655033171178;0.003881741431541741;2.123445463180542;0.00014978746185079217;0.0
33;-3.912759756443548;0.0;0.0;0.0;0.22162533789169944;-3.349431790411472e-05;0.0034197799977846444;2.11903520822525;0.00025965939275920393;0.0
34;-2.4693119428857813;0.0;0.0;0.0;0.04862323500155377;0.005952625814825296;0.0021067714085802438;2.118615996837616;0.00017564528388902545;0.0
35;-1.3221718733235097;0.0;0.0;0.0;0.11783715723005289;0.003016754612326622;0.002127129433210939;2.1213010787963866;0.00012296831700950862;0.0
36;-1.5949487238013829;1.0;0.24383934747738845;0.21668561209685774;0.09493589306019722;0.008090919628739358;0.0012023878720356152;2.1235026121139526;0.00022151080192998052;0.0
37;-2.4789560797598504;0.0;0.0;0.0;0.1633845107660747;0.004008217365480959;0.0011354345129802822;2.114230823516846;0.00018321049865335226;0.0
38;3.1357777988208575;1.0;0.4056074646869572;0.38304859595730045;0.17179694764371287;-0.008387906453572213;0.001231149595696479;2.1065549731254576;0.0001660076784901321;0.0
39;-3.403242413567068;0.0;0.0;0.0;0.31287400002460775;0.00012682126834988593;0.0009602447011275217;2.0970760941505433;0.00022726961178705097;0.0
40;4.173353011441096;1.0;0.6589993956474174;0.7050829840725139;0.0871181777226661;-0.007892715511843562;0.001001284591620788;2.0951957583427427;0.00024255684111267327;0.0
41;-5.013337828666143;0.0;0.0;0.0;0.22242731580789513;-0.00021159304305911063;0.0011089841049397365;2.096066975593567;0.00021177384769544005;0.0
42;-0.34219288888483984;0.0;0.0;0.0;0.06125205229878204;0.0057440549600869415;0.004817123175598681;2.097155046463013;0.0002831533085554838;0.0
43;-7.946903555334551;0.0;0.0;0.0;0.23802473313313252;-0.008676460757851601;0.0028005176864098758;2.089345872402191;0.0002627382287755609;0.0
44;-7.816723083891837;0.0;0.0;0.0;0.23214269434152832;-0.011861711228266358;0.0014502333884593098;2.094131577014923;0.0003201608546078205;0.0
45;-4.210870308432628;0.0;0.0;0.0;0.04069523164348252;-0.0007643001154065132;0.0017587549751624464;2.077763628959656;0.0002949856221675873;0.0
46;-6.389458024472955;0.0;0.0;0.0;0.15115554494532363;0.00045312659349292515;0.0008955393685027957;2.0560194134712217;0.0004754173569381237;0.0
47;-8.21947652860845;1.0;0.2722591566396322;0.22470861244490933;0.12641478070077575;-0.004680587910115719;0.000984375228290446;2.049117934703827;0.0006886213552206755;0.000390625
48;-2.192434882711378;0.0;0.0;0.0;0.10924995953080437;-0.005885394010692835;0.0008645369991427288;2.039752018451691;0.0003908430109731853;0.0
49;-1.3714341437467368;0.0;0.0;0.0;0.04225014609931376;-0.007830703258514404;0.0007583793892990797;2.0284911036491393;0.0002756483037956059;0.0
50;3.6214698757780144;1.0;0.5653100200752882;0.45596619118771425;0.24113446798996085;-0.011438376642763615;0.03775813546963036;2.033293092250824;0.0010105399065650999;0.0029296875
51;3.5525937180485445;1.0;0.5705645974115147;0.46813869505692207;0.05111814516070794;0.0015837513841688634;0.0029781486198771747;2.0208046555519106;0.0008999180048704147;0.0017578125
52;2.81730698495367;1.0;0.21301413074841372;0.1743642168430034;0.01433670396120891;-0.007888487353920937;0.04312663534656167;2.022147512435913;0.00016637977678328751;0.0
53;3.174744895811041;1.0;0.5630960583983798;0.48020426345332884;0.22810090720736964;-0.007131047407165169;0.0022465681948233398;2.0082566022872923;0.00024124962510541081;0.0
54;-5.10715122979838;0.0;0.0;0.0;0.27810585215757333;-0.0026698599103838205;0.0016144355875439941;1.9656678795814515;0.0008545156102627516;0.0013671875
55;-2.219243915876908;0.0;0.0;0.0;0.08156641386682123;-0.009733721148222685;0.0006717724172631279;1.9648948192596436;0.0006890740245580673;0.0
56;2.1882527957409232;1.0;0.32076618686530406;0.22734082686998325;0.12923653831324827;-0.006972162192687393;0.034910625545307994;1.930565869808197;0.0008836697554215789;0.00078125
57;3.2547718831495134;1.0;0.5166636013889659;0.43399413294132727;0.19057917268501118;-0.00305488258600235;0.0016687520634150132;1.9181391775608063;0.000562528194859624;0.0
58;2.5293134526932204;1.0;0.39330237418211994;0.3217747914591578;0.08520803985851046;-0.011986542865633965;0.0009497325401753188;1.9256995022296906;0.0011466901400126518;0.00625
59;2.1949213147939273;1.0;0.5244448607648815;0.43643688869930014;0.14881479582119825;-0.01090118451975286;0.0011732725834008306;1.87975971698761;0.0007791208568960428;0.0
60;3.607726232900207;1.0;0.5506350296071523;0.5046950113081754;0.17476692400458585;0.001833265833556652;0.035527913738042115;1.8854654848575592;0.0009597382508218288;0.0001953125
61;3.1673408967422314;1.0;0.25091734861866793;0.2341625614487952;0.11310150581745443;-0.007170859724283218;0.01257924661040306;1.859048420190811;0.0004918282385915518;0.0
62;2.579745428610438;1.0;0.1897222737751036;0.20259724315521227;0.07565218732491022;0.0022101091220974923;0.01089297051075846;1.8807223677635192;0.0006144071579910815;0.0
63;-14.022649361397631;0.0;0.0;0.0;0.08800540919125575;-1.3561546802520752e-05;0.006718360399827361;1.9053025126457215;0.0006188034778460861;0.0
64;-3.9360710971078317;0.0;0.0;0.0;0.11556751235790184;-0.005434807087294757;0.04472822700627148;1.8982078015804291;0.000643154070712626;0.001953125
65;2.7935090045546116;1.0;0.5278856105736948;0.5145443622269359;0.18644740556142983;0.0013954245019704103;0.011005087569355965;1.9350915610790254;0.0003474065801128745;0.0
66;2.8665382146113267;1.0;0.18428208151426675;0.18739577902520424;0.04822258734578382;-0.004476164560765028;0.008064029994420708;1.9160601675510407;0.0009343820856884122;0.002734375
67;-1.3180453785777972;0.0;0.0;0.0;0.0854271161830522;-0.004321009013801813;0.0040363272069953385;1.917619103193283;0.0014642537687905132;0.005859375
68;3.9737736068325957;1.0;0.4636343417912562;0.5339495879247684;0.10424401381336224;-0.006927543831989169;0.0024829528876580296;1.926332175731659;0.0018997269449755549;0.0083984375
69;-19.431001232760853;0.0;0.0;0.0;0.0023519100737603303;-0.00032515067141503096;0.0013771432568319142;1.908703351020813;0.0011447779252193868;0.00390625
70;-14.244274048140214;0.0;0.0;0.0;0.18289423112601808;0.0003800374921411276;0.0014822835539234803;1.8878654778003692;0.0006099715828895569;0.0
71;-1.2877575447607963;0.0;0.0;0.0;0.11335019810318789;2.1061627194285393e-05;0.0010309545963536949;1.8233668029308319;0.00022487685782834888;0.0
72;3.559291249285374;1.0;0.3689200578302699;0.3788502747122483;0.071147925507591;0.0019482970703393221;0.03499081553891301;1.8631444871425629;0.0004321026965044439;0.0
73;4.065159780244523;1.0;0.5281057681687152;0.606074148591261;0.10509639944779557;-0.004912640573456884;0.002270499314181507;1.873625385761261;0.000605206866748631;0.0
74;2.621761388578451;1.0;0.250138606128269;0.2708621924561816;0.0;-0.006495393253862858;0.0014400081185158343;1.8800671875476838;0.00116253646556288;0.003515625
75;-1.5484845402798437;0.0;0.0;0.0;0.0;-0.015294219693168997;0.0009483057074248791;1.9076103627681733;0.0021584800560958683;0.019921875
76;3.216085459940397;1.0;0.40181711732470204;0.4219328384707865;0.20006230943204886;-0.005536378687247634;0.0007944149052491412;1.9000860810279847;0.0019343972322531044;0.00390625
77;3.868814369972016;1.0;0.6200995609356371;0.6910295200820842;0.15872745938925023;-0.006686480017378926;0.0007215596488094889;1.883191454410553;0.001196674641687423;0.0029296875
78;-1.466225133124009;0.0;0.0;0.0;0.05148667514344539;-0.0056625851429998875;0.02739041391760111;1.8448202431201934;0.00048178874421864746;0.0
79;-2.1204115184845973;0.0;0.0;0.0;0.0081195306085259;-0.0023651192896068096;0.001617578655714169;1.8411934852600098;0.0007970489794388413;0.0001953125
80;-1.995701714352723;0.0;0.0;0.0;0.16336833116206237;-0.0004048133618198335;0.0006676142002106644;1.808830052614212;0.0013232285156846047;0.003515625
81;-4.256625585182969;0.0;0.0;0.0;0.09569443093473105;-0.002910667611286044;0.08065677676349878;1.801019161939621;0.001029887271579355;0.0015625
82;3.454002731289531;1.0;0.4869880762035867;0.4429832600358979;0.1533518286363486;0.004001308092847466;0.058193128742277625;1.7852748215198517;0.00027268059784546494;0.0
83;-3.4931551074856766;0.0;0.0;0.0;0.16255603990173179;-0.00607026913203299;0.02190878337714821;1.8048820853233338;0.00035541880642995236;0.000390625
84;3.5892973534852857;1.0;0.5249394236245047;0.5456680806497283;0.09372626423780776;-0.0057271952275186775;0.008891442557796836;1.8139581382274628;0.0006991507252678275;0.0
85;-20.643605210704212;0.0;0.0;0.0;0.15273960012358792;-0.007340625859797001;0.014705741591751576;1.8161209762096404;0.0005778273683972657;0.0
86;3.964916918271083;1.0;0.5199961863460688;0.5952055201246561;0.07275955608614919;-0.006004191422834993;0.006277467426843941;1.8364526569843291;0.0005260726204141975;0.0
87;2.865841430267967;1.0;0.5143406501256711;0.5458001309954801;0.0383687852584066;-0.001161182764917612;0.03687753260601312;1.8520199239253998;0.0006099461345002056;0.0
88;3.2784884355719544;1.0;0.5203045608029092;0.6415303168849472;0.19953117619641675;0.0009299617260694504;0.0015618400706443937;1.8547294080257415;0.0008759197778999805;0.0
89;3.332314934935378;1.0;0.2601273197480888;0.3267899673276946;0.17820066289538172;0.002328062616288662;0.016205937386257575;1.8113278806209565;0.0007813108037225902;0.0025390625
90;2.975017226307844;1.0;0.39425282919867494;0.45913330760125204;0.13298523924512545;-0.0037275779992341994;0.0012400983134284616;1.810873943567276;0.0004271811805665493;0.0
91;2.6934929361609594;1.0;0.336348956925385;0.40107830874946493;0.23252531435014026;-0.0049146150005981324;0.0008676477009430528;1.7944955229759216;0.0007192050921730697;0.0001953125
92;-22.93251342456242;1.0;0.25059447967451537;0.24765845121148083;0.09665232199687257;-0.000920157041400671;0.052941135969012974;1.76736159324646;0.000472479104064405;0.0009765625
93;3.8929297219355887;1.0;0.47940706042449943;0.6177774801108303;0.03841628052818925;-0.00385045544244349;0.04244453702121973;1.7831444680690764;0.0005683892639353871;0.0
94;2.6766249198401875;1.0;0.4203275020365753;0.49081849543747336;0.1394862920288928;0.00013742148876190187;0.05216159941628575;1.7656500458717346;0.000436407676897943;0.0
95;-14.244389016101216;1.0;0.21725620701290682;0.23732547226897427;0.48152893827795656;-0.00574724362231791;0.015565849514678121;1.7922913134098053;0.0009309218847192823;0.0
96;3.5757553891292413;1.0;0.4924986226951363;0.6083543092397281;0.13721872033699836;-0.0008432993199676275;0.007756552984938025;1.8171721756458283;0.0003737828461453319;0.0
97;-10.4884619039092;0.0;0.0;0.0;0.05759283256832413;0.0047672933898866175;0.01875022752210498;1.8291129350662232;0.00018384638242423533;0.0
98;-19.5815480984199;0.0;0.0;0.0;0.07269350626570162;-0.0024396296590566634;0.04378954414278269;1.8476899683475494;0.00037416599225252866;0.0005859375
99;-4.508383878798595;0.0;0.0;0.0;0.0;-0.00456443359144032;0.006138931168243289;1.8613283932209015;0.0005539017845876514;0.0
100;-8.45755091484947;0.0;0.0;0.0;0.08541727703541582;-0.01520587275736034;0.003217477863654494;1.8294027984142303;0.0010595797444693743;0.0005859375
101;2.425509642773643;1.0;0.31989728030546705;0.39508141929420687;0.2305417407495549;-0.003595271985977888;0.005820550990756601;1.815962678194046;0.0004690678557381034;0.0
102;-24.494374393728396;0.0;0.0;0.0;0.0;0.0024852117290720343;0.025718671223148703;1.8689769148826598;0.0011047111358493567;0.0033203125
103;-3.5804169025221757;0.0;0.0;0.0;0.0;0.0033719126135110856;0.0028652055887505414;1.8863618850708008;0.0005036146263591945;0.000390625
104;4.014980448777453;1.0;0.5163950375619424;0.6892499767494017;0.05727509105889996;-0.009353754576295614;0.04405281392391771;1.8787501335144043;0.0005825403612107038;0.0025390625
105;-2.171332729693435;0.0;0.0;0.0;0.03429615076257025;-0.005531881283968687;0.041015428677201274;1.866649514436722;0.0006001721951179207;0.0005859375
106;-1.743602263392939;0.0;0.0;0.0;0.0;-0.001148436451330781;0.0020419241103809328;1.8578091084957122;0.0003194744698703289;0.0
107;4.201880174683808;1.0;0.5826472446705099;0.8201087631496426;0.032765482438222554;-0.004811494913883507;0.0011389373015845195;1.8345558166503906;0.0014349718810990452;0.00078125
108;-0.08556114655081215;1.0;0.19406343741377674;0.24139372045922516;0.05762741392472543;-0.002772559644654393;0.004790194262750447;1.815575075149536;0.0006543091731145978;0.0001953125
109;-24.181210062754122;0.0;0.0;0.0;0.261448491358648;-0.0031657520681619643;0.0030091436579823493;1.8078925251960754;0.0004770017461851239;0.0
110;-1.461229486001603;0.0;0.0;0.0;0.0;-0.01036514611914754;0.010021444130688905;1.787803542613983;0.0003347777994349599;0.0
111;-0.9284271087455505;1.0;0.5606345015379695;0.5804233682159256;0.0027890426232624814;-0.004042813275009394;0.003355417202692479;1.8340846240520476;0.0005850542220287025;0.0
112;-2.732266109413451;0.0;0.0;0.0;0.11937104892755152;0.0023815826047211886;0.06707014720886946;1.8212094485759736;0.00046881558373570444;0.0
113;-2.0391434849031547;0.0;0.0;0.0;0.13493901704715702;-0.008136482071131467;0.044906631531193855;1.7990596890449524;0.0006782395881600678;0.0
114;-2.4740398656157185;0.0;0.0;0.0;0.013028102738122755;-0.007855481514707208;0.027906891144812106;1.7940358579158784;0.0013044750317931174;0.0041015625
115;-3.707473297495256;1.0;0.21465382452918808;0.24122046643149134;0.0030937290323830957;0.002644635550677776;0.008006244502030312;1.8007348239421845;0.0008051341283135116;0.0009765625
116;-22.942372683414934;0.0;0.0;0.0;0.07069293532213075;0.0008797162212431431;0.00815255034249276;1.7902985036373138;0.0006643725209869444;0.0
117;-6.346342061954631;0.0;0.0;0.0;0.0;-0.004957143310457468;0.016911923326551913;1.763053870201111;0.0004559815977700055;0.0
118;-2.8961424603864043;0.0;0.0;0.0;0.24478248970419478;-0.0038224397692829372;0.014966741809621454;1.7940772294998169;0.0007433910970576108;0.0
119;-1.6635570703267646;0.0;0.0;0.0;0.0;-0.0013417136855423451;0.04539930643513799;1.7917807817459106;0.00044017462059855463;0.0
120;-0.9098568643836846;1.0;0.29627400774471585;0.355487012307131;0.10219205083126816;-0.006987151131033898;0.009749987907707692;1.7880787134170533;0.0006190623971633613;0.000390625
121;-0.6115248071046473;1.0;0.31777638174061945;0.37411490750006576;0.1520722152634746;-0.010016524023376406;0.06195404455065727;1.7821956753730774;0.0005385235184803605;0.00078125
122;-4.389272367583548;0.0;0.0;0.0;0.001347980134033974;-0.006596105080097914;0.05827387254685164;1.7916754484176636;0.00035769313108175994;0.0
123;-4.740999332247655;0.0;0.0;0.0;0.0;-0.00028391601517796516;0.01235181074589491;1.78269162774086;0.0007056106347590685;0.0001953125
124;-13.049383059572236;0.0;0.0;0.0;0.08240745820310415;-0.004861873504705727;0.04715342107228935;1.765376752614975;0.0006678657024167478;0.0001953125
125;-12.222347386258217;0.0;0.0;0.0;0.0;0.0011534963734447957;0.007171837682835758;1.7747868418693542;0.0005753968725912273;0.0
126;-1.1291694438271778;0.0;0.0;0.0;0.06319638100796945;0.00010655834339559078;0.0953584374859929;1.7650540232658387;0.00046239455696195364;0.0
127;-1.1126481124143373;0.0;0.0;0.0;0.0;-0.004669373435899615;0.013125477870926262;1.7902188420295715;0.000301736150868237;0.0
128;-1.0214154887751121;0.0;0.0;0.0;0.1342108854558224;-0.0016658493783324956;0.014258340513333679;1.7908361673355102;0.0006105511100031435;0.0
129;2.305514157019874;1.0;0.2531731261119004;0.2732684273435013;0.06457865747142166;0.004495126660913229;0.05474953968077898;1.7675604462623595;0.0005432317149825395;0.0009765625
130;2.191094630176913;1.0;0.3321657834070904;0.3540920721157866;0.1416644879716623;-0.008236556476913393;0.05991727216169238;1.8016699194908141;0.0005538653815165163;0.0
131;-1.9544956699742952;0.0;0.0;0.0;0.09421504306650727;0.003482535807415843;0.02291218559257686;1.8222856760025024;0.00029373548459261657;0.0
132;-2.5432571706941762;0.0;0.0;0.0;0.18673819384311915;-0.008245071256533265;0.03504797853529453;1.7950404465198517;0.0004115394898690283;0.0001953125
133;-2.9932363922016862;0.0;0.0;0.0;0.05785140464165577;-0.004555792035534978;0.009546762751415371;1.7970956087112426;0.0008361021755263209;0.00078125
134;3.1125236027938463;1.0;0.1451611919547432;0.1817620414000961;0.03326734535242784;0.0011938290204852819;0.010194261046126484;1.7885224401950837;0.0007252460112795234;0.0
135;-2.0034343347101147;0.0;0.0;0.0;0.008833502058108622;-0.0046766296494752165;0.0050477541168220345;1.7765229225158692;0.0007237590383738279;0.000390625
136;-1.5069688997198776;0.0;0.0;0.0;0.016461482569664173;0.0026821914594620465;0.04739433955401182;1.768029022216797;0.001057103427592665;0.0
137;-1.9377999607354612;0.0;0.0;0.0;0.007172800174392606;0.0019328739494085313;0.004080915101803839;1.7366207778453826;0.0005458331084810198;0.0
138;-2.937217196380972;0.0;0.0;0.0;0.020098210539944424;-0.005121375061571598;0.002193733543390408;1.7130026817321777;0.0007376139983534813;0.0005859375
139;-2.7428949542648025;0.0;0.0;0.0;0.0;-0.006034406833350658;0.003725831024348736;1.7477415680885315;0.0014152596122585237;0.01015625
140;-1.6177189563552794;0.0;0.0;0.0;0.0;0.0038607290014624597;0.002140684629557654;1.7070656895637513;0.000682288350071758;0.0
141;-1.092215245782636;0.0;0.0;0.0;0.001570691518023689;-0.0019285171292722225;0.04723421144299209;1.7166098415851594;0.0003933485597372055;0.0
142;3.356267472723142;1.0;0.30900412918776277;0.3151418237252901;0.012304261544554865;0.00017941431142389774;0.05461509618908167;1.713484275341034;0.0003926748759113252;0.0
143;-1.1459462747130076;0.0;0.0;0.0;0.022599500318295843;0.0015770189464092254;0.001892433367902413;1.688336396217346;0.0004983391845598817;0.0
144;1.6603767808482575;1.0;0.21550940454650097;0.20379607806127234;0.024491173080470455;-0.010555520141497254;0.049877697881311175;1.6832455754280091;0.0007639482500962913;0.001171875
145;-0.11989532233355416;1.0;0.3227951620728586;0.3254447398071097;0.0;0.0007381503470242024;0.00809890916571021;1.660286682844162;0.0004422148922458291;0.000390625
146;-0.5655725378738232;0.0;0.0;0.0;0.012338387238529496;-0.004634635476395488;0.005621435237117112;1.7114766836166382;0.00031871674582362175;0.0
147;-0.8499330142582913;0.0;0.0;0.0;0.013580960956930866;-0.0010532766114920377;0.009517383179627359;1.686503541469574;0.0004258540575392544;0.0
148;2.4577199613454153;1.0;0.34885801624755985;0.388029298427213;0.0;0.011253035767003894;0.004952403751667589;1.696981531381607;0.00029248816426843407;0.0
149;-0.8800160951646123;0.0;0.0;0.0;0.07829383040185646;-0.004830687772482634;0.01292297882027924;1.666434121131897;0.0004439908312633634;0.0
150;-0.545755120254507;0.0;0.0;0.0;0.0;-0.002618112904019654;0.007925379928201437;1.676277083158493;0.0004117128206416965;0.0
151;-4.890074416082167;0.0;0.0;0.0;0.0;-3.3495016396045685e-06;0.018211480136960743;1.694645094871521;0.0011615854920819402;0.0060546875
152;-1.7511382148718835;0.0;0.0;0.0;0.08308566848724085;-0.000134238600730896;0.04732163199223578;1.7351521611213685;0.0006331537384539843;0.0
153;-2.154959636330997;0.0;0.0;0.0;0.0;-0.00406549833714962;0.004643536207731813;1.7318941056728363;0.0010387853719294072;0.00703125
154;0.9788968321595655;1.0;0.5130330094442482;0.5609623877421611;0.0;-0.005643542483448982;0.009034176962450147;1.7488815844058991;0.0008516153320670128;0.00078125
155;0.71789061820912;1.0;0.4786610309023253;0.4447760016568055;0.0;-0.003808679198846221;0.04631474518682808;1.7428627967834474;0.0006929928320460021;0.0017578125
156;-1.7127123720237818;0.0;0.0;0.0;0.0;0.003423044830560684;0.0038126756204292177;1.747913473844528;0.00027060805587098;0.0001953125
157;-6.201397133764223;1.0;0.20570524744945792;0.21549328863713288;0.0323776938279785;-0.01003780560567975;0.0049573058378882704;1.768673938512802;0.000744491012301296;0.0017578125
158;1.3519752589814902;1.0;0.18576913083607954;0.20539851366540748;0.1956902845160552;-0.009591344895306974;0.0025855594081804155;1.7536669611930846;0.002042888035066426;0.01953125
159;-2.9265037300894274;0.0;0.0;0.0;0.0;-0.003006139234639704;0.0015864225395489484;1.7413122951984406;0.0008214766741730273;0.0
160;-4.925679548629041;0.0;0.0;0.0;0.002122283594429633;-0.002287268918007612;0.0018330178514588623;1.7321800410747528;0.0007543282932601869;0.0
161;-3.4020849581500507;0.0;0.0;0.0;0.0;-0.008048028126358986;0.070312918163836;1.6807659268379211;0.0013635982642881573;0.0044921875
162;2.6694059416942513;1.0;0.5269640596002295;0.53040372413005;0.10196540120285086;-0.0036733839195221664;0.0034497890155762434;1.6654354512691498;0.0013877008808776737;0.0046875
163;2.1138451149115665;1.0;0.33467825354665803;0.36819228884929955;0.021552315306304342;-0.009167502890340984;0.001265955634880811;1.6627564489841462;0.0019185696495696903;0.01328125
164;-2.4149791772595544;0.0;0.0;0.0;0.004266626750383774;-0.0008546921890228987;0.001292341377120465;1.607231616973877;0.0013089136802591384;0.001171875
165;3.0538484658492995;1.0;0.538760205658683;0.6676549295495722;0.01681187417196481;-0.002142300200648606;0.0013623967475723474;1.5711274802684785;0.0004972629016265273;0.0001953125
166;1.6168029659160659;1.0;0.5323058179447053;0.526265076159961;0.0016977302466770438;-0.007543934602290392;0.0013554521603509784;1.5301413238048553;0.000771314196754247;0.0037109375
167;-2.313896583938166;0.0;0.0;0.0;0.017024710792151773;-0.0034521973226219415;0.00078870244033169;1.5187751233577729;0.0005833256989717483;0.00078125
168;2.784148327495646;1.0;0.22280598023624676;0.262776183960992;0.02953423116947942;-0.002277629217132926;0.001806430984288454;1.5021974623203278;0.00119476089021191;0.003515625
169;1.552941148426;1.0;0.22232400205130626;0.2412656633310042;0.09340319836549031;-0.004977131448686123;0.0007115308777429164;1.5490820348262786;0.0005036070011556149;0.0
170;-2.327567728317585;0.0;0.0;0.0;0.003842937904504804;0.0028642524965107443;0.005271650198847055;1.512199229001999;0.001197927980683744;0.0068359375
171;0.9858350707525259;1.0;0.22025652193316633;0.23302769892717762;0.11737141796410452;-0.0009161475580185651;0.004108075937256217;1.5502387523651122;0.0013815692975185812;0.0017578125
172;-1.8570151336058205;0.0;0.0;0.0;0.014698026020137216;-0.007103625731542706;0.0009734192921314388;1.5923375189304352;0.001377134840004146;0.0029296875
173;-4.505000310187244;0.0;0.0;0.0;0.032412084116486176;-0.0018365757539868354;0.0012665791902691126;1.5926599264144898;0.0013864422217011452;0.0017578125
174;-1.2121486353925408;0.0;0.0;0.0;0.007536918363936481;-0.0028732608538120986;0.0006588811811525375;1.5948072850704194;0.00044613135978579523;0.001171875
175;-1.9573047201395801;0.0;0.0;0.0;0.056106503081593734;-0.0020083877258002757;0.0006985037151025608;1.6348823070526124;0.0016758298152126372;0.0166015625
176;3.1369155592758644;1.0;0.3461974350053334;0.3747346491763715;0.07474530624194176;-0.00763088590465486;0.0007902683486463502;1.6317128360271453;0.0012714614975266158;0.00078125
177;-2.4470341861184806;0.0;0.0;0.0;0.010915435958202048;-0.012721054768189789;0.0009881600562948734;1.6123560905456542;0.0016768394387327134;0.01171875
178;2.332959801310084;1.0;0.22454456272624776;0.24991949258435023;0.08172749806377934;0.0017815326806157827;0.07409163927659393;1.5831555068492889;0.001032684335950762;0.002734375
179;-1.04379236608589;0.0;0.0;0.0;0.05720058630167666;0.001756637543439865;0.0024668041529366746;1.6187270820140838;0.0013660170719958843;0.010546875
180;0.0598632405390882;1.0;0.21549167040254633;0.21911978832212273;0.11744521729197703;-0.007287091272883117;0.0007807343383319676;1.6320161402225495;0.0014489889494143427;0.0138671875
181;-1.7502588912014327;0.0;0.0;0.0;0.0;-0.004020313010551035;0.0012114299286622554;1.6227401494979858;0.001006445661187172;0.0005859375
182;-3.1940992336544247;0.0;0.0;0.0;0.05585254949337268;-0.004760960605926812;0.001611449010670185;1.5895593881607055;0.001022931409534067;0.0
183;-1.6591626555437373;0.0;0.0;0.0;0.0;-0.010511727211996913;0.0009163858107058331;1.5707587957382203;0.0002863318077288568;0.0
184;-6.206637770649671;0.0;0.0;0.0;0.024212358129360033;0.0028574269730597735;0.0011051786801544949;1.5914053320884705;0.0005924828932620585;0.000390625
185;-1.149976722465482;0.0;0.0;0.0;0.0;-0.00508119179867208;0.0007243600732181222;1.5893703877925873;0.000555496581364423;0.0
186;0.7308935633723923;1.0;0.2539541053963481;0.2483764175769364;0.0014584889455394416;-0.00386911416426301;0.038610258046537636;1.5414720475673676;0.000856698618736118;0.0025390625
187;-0.9483978392050685;1.0;0.2871341572574948;0.32959156796408867;0.08355576047531259;-0.0024054313078522684;0.0017685803119093179;1.5769443094730378;0.0018081583781167864;0.00703125
188;3.085856091254292;1.0;0.2277302810641706;0.2360561116950793;0.06572038520501486;-0.0060450241435319185;0.0009022106038173661;1.6115904331207276;0.0004612105200067163;0.000390625
189;-3.364570995872316;1.0;0.3110020080543128;0.28960855659030976;0.010890652017398608;-0.014359508967027068;0.001255141943693161;1.6079066336154937;0.0019271981320343912;0.016015625
190;1.5453865803366653;1.0;0.2120556642240552;0.2313290243531353;0.0;-0.011305078538134694;0.0011710192426107823;1.609672600030899;0.001501309615559876;0.0091796875
191;3.796345031842805;1.0;0.3824693749007217;0.4298470830533384;0.0017648623700316796;-0.004879931733012199;0.0011761870700865984;1.5859702408313752;0.0005415554624050856;0.00078125
192;2.5420493096427546;1.0;0.542399053070106;0.6140143293150797;0.01834751688290499;-0.007024704199284315;0.0013569524860940873;1.5529924094676972;0.002935093629639596;0.0330078125
193;-0.38012184615369593;0.0;0.0;0.0;0.0;-0.008936351444572211;0.0016693990037310869;1.6002932727336883;0.0012656905688345431;0.005859375
194;-2.405090507476411;0.0;0.0;0.0;0.009825518520562754;-0.013020925456658006;0.0007377892296062782;1.6439908146858215;0.0016311708721332252;0.003515625
195;-1.753164179020932;0.0;0.0;0.0;0.000739908851241312;-0.009246481000445783;0.000813816234585829;1.66165069937706;0.0024018774274736643;0.02109375
196;-2.4018804057489938;0.0;0.0;0.0;0.06407196781873717;-0.004950716905295849;0.0007805363333318382;1.6571069002151488;0.0007694842875935137;0.002734375
197;-1.2861394145242835;0.0;0.0;0.0;0.002073702006040735;-0.0034049353562295437;0.0019518623943440617;1.653345787525177;0.001076099881902337;0.001171875
198;-1.4561979188172;0.0;0.0;0.0;0.0;-0.00010920977219939232;0.06586811589077116;1.6207086861133575;0.0004848953918553889;0.0
199;-2.298542650110403;0.0;0.0;0.0;0.029021905262652407;-0.011464513186365367;0.0322221738868393;1.6181357145309447;0.0006333978031761945;0.0
200;-1.584523495436912;0.0;0.0;0.0;0.0;0.000584602274466306;0.0015014820848591626;1.614517045021057;0.0005330026382580399;0.0
201;-1.3702460574594753;0.0;0.0;0.0;0.0;-0.007198994792997837;0.0017426702135708183;1.6145275056362152;0.001203004061244428;0.0052734375
202;-0.2082508181685574;1.0;0.21193387603584962;0.23003237105453056;0.0;-9.597931057214737e-05;0.0010938195278868078;1.570343166589737;0.0011378163355402649;0.0009765625
203;3.879730585877269;1.0;0.4991075563200626;0.47721675244466294;0.08769290531352701;-0.01517535038292408;0.03769796504639089;1.5458644866943358;0.0009316607727669179;0.00234375
204;2.965124214505657;1.0;0.28750208418789697;0.31467998549005843;0.015293143827162322;-0.008550792327150702;0.002094706817297265;1.5570283651351928;0.0002595184021629393;0.0
205;2.64046846447666;1.0;0.20788883051109486;0.23966197878498827;0.0;-0.006317371304612606;0.0012970646668691189;1.5158399939537048;0.0009438107837922872;0.0056640625
206;-6.420900233379294;1.0;0.3941356854629605;0.4644062689518657;0.06181909573575162;-0.010146421287208796;0.0013860277482308446;1.5071046650409698;0.0006715918658301234;0.000390625
207;-2.0278626600135956;0.0;0.0;0.0;0.0018532806297836117;0.006756057869642973;0.0006788202823372558;1.5441737473011017;0.0005155917489901185;0.0
208;3.187695300595278;1.0;0.508512049144494;0.6192444336248082;0.05202323372993504;-0.005301483767107129;0.0006994918774580583;1.5514524221420287;0.0010954491328448058;0.00625
209;-1.488444023579909;1.0;0.21408601988048503;0.22644454622825436;0.00328039451003423;-0.007246478833258152;0.0006615270394831896;1.520902681350708;0.0010030904435552658;0.00546875
210;0.08722649921386916;1.0;0.19633274793554803;0.2125050258635018;0.0;-0.0018457902129739522;0.0005967570701614022;1.512131154537201;0.0007179799722507596;0.001953125
211;4.083070354822288;1.0;0.4270674056890129;0.4705447881909079;0.0;-0.0036698624491691588;0.0006320353510091081;1.5278178453445435;0.00048016037326306107;0.0001953125
212;-0.5104859325450095;0.0;0.0;0.0;0.07331082487292773;-0.010089730168692768;0.0010237575421342625;1.5408730149269103;0.0010107006761245429;0.0033203125
213;-4.430236227912891;1.0;0.3363181605985725;0.3767442369473031;0.06318690540151506;-0.006104815751314163;0.001963826344581321;1.6164170861244203;0.00039757714839652183;0.0
214;-2.9783645492715567;1.0;0.28761084854027996;0.2912032873182447;0.038006099745398925;-0.0011761860689148307;0.001372123003238812;1.6086991369724273;0.0007570843445137143;0.00078125
215;0.6342581396896678;1.0;0.2359477763913977;0.2690643173741398;0.1064082556880139;0.00208699069917202;0.04015344837680459;1.6547732174396514;0.0007542097591795027;0.0
216;-0.8906536819696126;0.0;0.0;0.0;0.0;-0.002844111854210496;0.04024230784270912;1.6517029464244843;0.0007488210219889879;0.001171875
217;3.0388877843404356;1.0;0.19334626451963516;0.23314060377786536;0.021994625851837764;0.003656278271228075;0.004484450246673077;1.5759723782539368;0.0003500489634461701;0.0
218;0.20534641587136182;1.0;0.45793411032194636;0.4799962952633501;0.030127172707956326;-0.0035639175213873385;0.00365896828006953;1.463668316602707;0.0007299203774891794;0.0041015625
219;3.062544097000095;1.0;0.39839016254622545;0.33823619868162663;0.03779061675710823;-0.002846528170630336;0.0006872902682516724;1.4971831917762757;0.0003937487374059856;0.0001953125
220;-1.1653207404161066;0.0;0.0;0.0;0.001403974842854103;-0.0010912340600043534;0.0703044910915196;1.5042058825492859;0.0009954159730114042;0.0056640625
221;4.144285074530136;1.0;0.5843285398620078;0.6687817438930166;0.04648846571858183;-0.005622916249558329;0.0014037506247404964;1.4786438167095184;0.0013327553286217153;0.0087890625
222;2.814203310038274;1.0;0.3648641122432457;0.34064922750534576;0.021993617464402166;-0.0005772258620709181;0.004823217878583819;1.4431960821151733;0.0007705022813752294;0.00390625
223;3.5101295202706275;1.0;0.5091122064837522;0.4619221991681174;0.002433069719092699;-0.01454129503108561;0.0005979499503155239;1.4624724745750428;0.001504398521501571;0.01015625
224;3.92641046457133;1.0;0.6518134552771548;0.7836677955641257;0.027704274364797842;-0.0015295172575861215;0.00044247268087929117;1.508022290468216;0.00153075463604182;0.0099609375
225;-4.291663366366368;0.0;0.0;0.0;0.0096986741294319;-0.006354618445038795;0.03715742306085303;1.5473334848880769;0.0010789656080305576;0.008984375
226;-1.6464195790585172;0.0;0.0;0.0;0.009240314976018765;-0.012260817969217897;0.0011531060008564964;1.486072725057602;0.0018046901212073862;0.0125
227;3.3541683901059507;1.0;0.4608068252769119;0.530113415097255;0.0;-0.0036836782470345496;0.0119757713022409;1.346573132276535;0.00047459950437769296;0.0
228;-3.471457218525979;0.0;0.0;0.0;0.0;-0.004221106204204262;0.0005912663968047127;1.375872015953064;0.0004772243439219892;0.0005859375
229;-0.6283191622919956;0.0;0.0;0.0;0.0;-0.0035555203910917045;0.03269989709369838;1.4361794590950012;0.0008251089951954782;0.0005859375
230;-1.468012892964356;0.0;0.0;0.0;0.0;-0.003403560956940055;0.00471775463083759;1.4650097250938416;0.00037104099756106733;0.0
231;-2.6182687738791115;0.0;0.0;0.0;0.010514645168042411;0.0006002979353070259;0.03029771668370813;1.4878321290016174;0.0015912478556856513;0.0162109375
232;-0.7975024195826405;0.0;0.0;0.0;0.0;0.002834008471108973;0.0011489022406749427;1.3806113421916961;0.000424020504578948;0.0
233;4.07740038124982;1.0;0.36017536553378765;0.4728037802499415;0.07241452198980103;0.0007050839252769947;0.0008750893379328772;1.425443297624588;0.002193760883528739;0.024609375
234;1.4958014422123116;1.0;0.26980567227278374;0.31669288428649917;0.1011440930873599;-0.0009887385182082652;0.000556421757210046;1.4024403750896455;0.0007348168292082846;0.00390625
235;-2.741178999530884;0.0;0.0;0.0;0.009083556004037666;-0.004677834082394838;0.0007523960346588864;1.4330411791801452;0.000540488411206752;0.0
236;-3.1586594060325024;0.0;0.0;0.0;0.020551518937211646;0.001623920165002346;0.0006727833242621273;1.4384341835975647;0.0009514295030385256;0.0025390625
237;4.363948464312593;1.0;0.6507132568182906;0.9088069253360446;0.01827074852779568;-0.005189862428233027;0.0006669972106465138;1.4636108160018921;0.00045217585284262896;0.0
238;-0.8981040933860788;0.0;0.0;0.0;0.0;-0.004419258562847972;0.0005325617516064085;1.4955920279026031;0.0005954516236670315;0.0
239;4.314638586683645;1.0;0.5244457472063827;0.702329295014749;0.0;0.000989186391234398;0.007669989587157033;1.4572141230106355;0.0002622892381623387;0.0001953125
240;1.102521681961465;1.0;0.343357444201675;0.3913541622359471;0.04664970248857578;0.0009222641587257385;0.0003829905908787623;1.5070785641670228;0.0003853245987556875;0.000390625
241;3.3492983983802467;1.0;0.31996985469383527;0.20410368283228772;0.0012254098453843038;0.0007832311559468508;0.0003233239913242869;1.4918872475624085;0.0012772651738487185;0.01015625
242;3.9283607109169028;1.0;0.491397523648795;0.6024392334560859;0.009687123458659427;-0.006457975041121245;0.06708711963146925;1.4459037959575654;0.0005680368863977492;0.0
243;-2.0534130184945485;0.0;0.0;0.0;0.0;0.0009103741496801377;0.000870592865976505;1.463752019405365;0.002075490599963814;0.0224609375
244;-1.0867606448773688;0.0;0.0;0.0;0.026490279230637608;-0.007575575402006507;0.0009507098176982254;1.4625317692756652;0.0008470194414258003;0.003515625
245;0.2738966462439607;1.0;0.598647047401496;0.6720533855373019;0.034285935072398396;-0.00888009280897677;0.0006387582194292918;1.4711733400821685;0.003254525805823505;0.0365234375
246;-2.514156088718668;0.0;0.0;0.0;0.0;-0.0035389911383390425;0.0004645251523470506;1.3977397501468658;0.0004437189898453653;0.0001953125
247;-1.7929351452974553;0.0;0.0;0.0;0.0;-0.010712056420743465;0.000341019504412543;1.3743471562862397;0.0012985898181796073;0.002734375
248;-4.099139025490471;0.0;0.0;0.0;0.0;-0.0009388317354023457;0.0003953786494093947;1.4089246928691863;0.0024759604595601557;0.0255859375
249;4.384023551589417;1.0;0.6503363546985538;0.9262422427200284;0.03020210337770466;-0.009067170135676862;0.0004250539393979125;1.4134719908237456;0.0015182917937636375;0.00859375
250;-0.8393373835139863;0.0;0.0;0.0;0.0;-0.007082377420738339;0.00035670625074999405;1.468267798423767;0.000414956989698112;0.0
251;-20.491299156557314;0.0;0.0;0.0;0.010954980696084502;-0.0033177276141941547;0.0005846999512868934;1.4605727910995483;0.0013267624541185795;0.008203125
252;-1.4550689099194347;1.0;0.46479280034483567;0.4487641240690513;0.0;-0.0028379631228744985;0.03746586088091135;1.501645278930664;0.0011748125427402556;0.00546875
253;3.4599005955202973;1.0;0.5230490908167853;0.6206660791825261;0.003012871519221686;-0.007877273438498377;0.0009303597500547767;1.4032173097133636;0.001161482057068497;0.0064453125
254;-0.9241922713557963;0.0;0.0;0.0;0.0;-0.005960994074121118;0.0008898097585188225;1.409474778175354;0.0016631524078547955;0.003125
255;2.7915204730863845;1.0;0.41708005667462106;0.49487921210009767;0.0;-0.008620529156178235;0.0005619227667921223;1.4279123842716217;0.0008077762555330992;0.0021484375
256;3.5376526705824145;1.0;0.2721254123788371;0.27659532778931617;0.0015845752592803155;0.005255379807204008;0.00039244831423275174;1.4496118605136872;0.0011861581820994615;0.0041015625
257;4.014297808377046;1.0;0.5454806066540744;0.7194425844704567;0.038141488199412106;-0.009226160123944283;0.00046561935159843414;1.454318118095398;0.0036635264987125993;0.040625
258;-0.8230355348639322;0.0;0.0;0.0;0.003934190995269108;0.0007986115757375956;0.03633342212997377;1.46102996468544;0.000851452152710408;0.0005859375
259;4.188140621852032;1.0;0.4202583188983037;0.5638885622675828;0.02729766463185465;0.0034374543465673923;0.034438990894705056;1.4277545750141143;0.0004959514830261469;0.001953125
260;-2.249590183837087;0.0;0.0;0.0;0.0;-0.004509400005917996;0.0008363357483176515;1.3762965440750121;0.0006531107937917113;0.00234375
261;-0.9640654657345272;0.0;0.0;0.0;0.0;-0.005819309595972299;0.006313438597135246;1.3606409311294556;0.001968932128511369;0.0142578125
262;-2.298802666392366;0.0;0.0;0.0;0.0;-0.0038583884481340645;0.003327813738724217;1.3683747887611388;0.0008901339373551309;0.0025390625
263;-3.1077029312480686;0.0;0.0;0.0;0.09076174740799219;-0.007085981639102101;0.003684711561072618;1.3737916827201844;0.002961110416799784;0.0326171875
264;-0.8553923919887321;0.0;0.0;0.0;0.0;0.0022545714862644674;0.0019615990575402977;1.3773434519767762;0.0034723969991318883;0.039453125
265;-4.9934289513152175;1.0;0.5702010780738568;0.6644473474794601;0.04336419587602199;-0.0077020568307489155;0.001146921716281213;1.3825701117515563;0.0005616239504888654;0.0
266;-1.8819140165334713;0.0;0.0;0.0;0.0;-0.003518383763730526;0.000716592074604705;1.4029928207397462;0.0015408288571052253;0.00234375
267;-5.465898661826917;1.0;0.4965961294275671;0.5741802774537668;0.0;-0.012877575121819973;0.0004285384449758567;1.3927600145339967;0.00228359509492293;0.0220703125
268;-8.40580655659291;0.0;0.0;0.0;0.0;-0.007339633582159877;0.07227940773591399;1.4140037059783936;0.0020309581188485025;0.0134765625
269;-1.1689059767339347;0.0;0.0;0.0;0.0;-0.00693207485601306;0.0011195197730557993;1.4256169497966766;0.0007589091779664159;0.002734375
270;-3.0286352013313382;0.0;0.0;0.0;0.0;0.006277927290648222;0.09113928051665425;1.3982399642467498;0.001387044577859342;0.005078125
271;-3.5402482800236292;0.0;0.0;0.0;0.015257085980344757;0.0030595798511058093;0.030089422455057503;1.3287849605083466;0.0005872431444004178;0.0
272;-1.2354719010245796;0.0;0.0;0.0;0.053878694188029354;-0.00878164852038026;0.033600186835974453;1.3401807248592377;0.0006980652105994523;0.0017578125
273;-0.9638660115662662;0.0;0.0;0.0;0.027235903924371592;-0.0008519806433469057;0.0009990892780479045;1.326878809928894;0.0007655096938833595;0.0025390625
274;-2.7474552809677855;0.0;0.0;0.0;0.0;-0.0038576820399612187;0.0006038631428964436;1.3159100353717803;0.0023479996132664384;0.0232421875
275;-0.8191478071509736;0.0;0.0;0.0;0.0;-0.00676919836550951;0.000533837650436908;1.3233241021633149;0.0011241596657782793;0.0087890625
276;-1.1487721930430241;0.0;0.0;0.0;0.0;-0.006252795038744807;0.00042446146690053863;1.360979151725769;0.0014576608198694884;0.0060546875
277;2.73871295990308;1.0;0.22617145952907527;0.24586983632651335;0.0;-0.009388587553985417;0.00046402496664086355;1.3532401621341705;0.001455508335493505;0.001953125
278;-7.477195718706298;0.0;0.0;0.0;0.0028277071647382934;0.0016844099387526511;0.000562082405667752;1.4731496393680572;0.0012960973544977605;0.0068359375
279;-0.3280040072331859;0.0;0.0;0.0;0.08811434589387321;-0.00887323715724051;0.00035079000663245096;1.457243138551712;0.0015388496802188456;0.016015625
280;3.710352280159261;1.0;0.4466144035107798;0.4680796617881313;0.001496565962758858;-0.010300738364458084;0.0012055635219439865;1.531044864654541;0.005128478934057057;0.0740234375
281;3.022624162208591;1.0;0.3657056107616721;0.4361181016585757;0.0603006912601231;-0.008145236223936082;0.0005236305587459356;1.4717673659324646;0.001716092601418495;0.0140625
282;-2.0977262457330124;0.0;0.0;0.0;0.014394325550657817;-0.0006574254017323256;0.0005343790588085539;1.392980009317398;0.0006075497716665268;0.0
283;-14.450796896669218;0.0;0.0;0.0;0.0025110969049801667;0.00035583330318331716;0.0004018561841803603;1.4547550439834596;0.0007991414982825518;0.0025390625
284;2.5887747788280766;1.0;0.5820168248765084;0.7024557032692578;0.0;-0.0021234845742583277;0.000378972603357397;1.479819405078888;0.0016275450354442;0.0068359375
285;-2.15189332631868;0.0;0.0;0.0;0.015147189323908275;0.0006842134054750205;0.0005735642640502192;1.4673948347568513;0.001301236217841506;0.0060546875
286;-1.6675500824576226;0.0;0.0;0.0;0.013880036920329516;-0.005232801148667932;0.00027675400633597746;1.505734783411026;0.0033413023687899114;0.0412109375
287;1.2586025143167396;1.0;0.2480473729642386;0.22307796434329363;0.057211622406986906;-0.00021550538949668407;0.0002960426885692868;1.5105585038661957;0.001959250052459538;0.01953125
288;-9.74960614292654;0.0;0.0;0.0;0.0;-0.006696352269500494;0.0012528439925517886;1.4490727305412292;0.0009896983741782607;0.0044921875
289;-1.7884973346995827;1.0;0.2908345999197485;0.30418400420097125;0.1880190407934734;-0.007454133150167764;0.0005490549097885378;1.3721570134162904;0.0029432383715175094;0.0201171875
290;-2.3881782773554754;1.0;0.23232607558646964;0.23353918501169574;0.08193719372982676;0.0009385947603732347;0.00046435260155703874;1.396449589729309;0.003474534605629742;0.04765625
291;1.871616804899042;1.0;0.3428103229182195;0.34622215457999683;0.08761748204976105;-0.0018119697459042072;0.0047391388681717215;1.3814330697059631;0.0006103079300373793;0.0
292;1.665568249996185;1.0;0.20478655390484715;0.22651368055099197;0.0019690835014238373;0.004064211063086987;0.007929800939746202;1.3862173676490783;0.0014937953441403807;0.00234375
293;-1.8716856331702765;1.0;0.23393874570932532;0.23246173624833147;0.07466502030890548;-0.007293339679017663;0.0067651042016223075;1.4438279688358306;0.0024570561246946452;0.0228515625
294;-0.4604697166675051;0.0;0.0;0.0;0.0;-0.002481553144752979;0.07220160765573383;1.4173560976982116;0.002080927579663694;0.0181640625
295;-2.086692714393736;0.0;0.0;0.0;0.0044039035997194996;-0.0020637583918869497;0.03206415637396276;1.3361289739608764;0.00093975750496611;0.000390625
296;-3.787263682332318;0.0;0.0;0.0;0.10260830809006069;-0.0001585664227604866;0.06932893963530659;1.3997738122940064;0.0018188566202297807;0.0083984375
297;-2.3432054999571936;1.0;0.35397875902140574;0.40876865585021327;0.0;0.005110472347587347;0.0012744760315399617;1.4298395574092866;0.0005314215435646474;0.002734375
298;-7.192096016497562;1.0;0.6113599099556027;0.5208480787543436;0.0;-0.0005841886159032583;0.0009371089719934389;1.4334153056144714;0.0015292802127078176;0.008203125
299;3.940578111272031;1.0;0.6041575352616417;0.819337819662208;0.024767789573830065;-0.009510676539503039;0.06544741783291101;1.4246729016304016;0.0019400692195631563;0.0134765625
300;-4.086966619147003;0.0;0.0;0.0;0.0213110883559737;-0.007469125185161829;0.06130635160952806;1.3440206408500672;0.0007791677489876747;0.001953125
301;0.9109796868876381;1.0;0.20972747522626925;0.2447064816762365;0.0669249052665196;-0.006998732034116983;0.007092275680042804;1.3548745036125183;0.001864828704856336;0.01484375
302;-4.11106791519512;1.0;0.2544858744938752;0.26114559558757905;0.0;-0.008336390741169453;0.013488150481134654;1.4000632226467133;0.0013128656661137938;0.0083984375
303;-2.214214280114262;0.0;0.0;0.0;0.02413209570772181;-0.0034429772756993772;0.009748724335804582;1.4293319523334502;0.0018580448580905796;0.013671875
304;-1.4068077742726344;0.0;0.0;0.0;0.01758673264519748;-0.0017077818978577853;0.025121149478945882;1.3633982837200165;0.0009498707600869239;0.005859375
305;-1.8045639281066679;0.0;0.0;0.0;0.0;-0.0054636405664496126;0.035762565676122904;1.4618215084075927;0.0014165721018798648;0.0126953125
306;-3.986559376615142;1.0;0.4678886073932294;0.4831939222726049;0.0;0.004687438905239105;0.0006233462219825015;1.36526420712471;0.0013160376925952732;0.0107421875
307;-3.86970540545431;1.0;0.5010102975769526;0.5213101040231237;0.0025963073926175842;-0.009172749612480402;0.0005645091165206395;1.4139227449893952;0.0020290995948016644;0.0228515625
308;-0.49794189879933004;1.0;0.607889115988646;0.7275626252076774;0.0;-0.002069865819066763;0.03615828496403992;1.4169062316417693;0.0004066011286340654;0.0001953125
309;-0.9141859235308172;0.0;0.0;0.0;0.0;-0.0024073304142802955;0.0346160760615021;1.31907057762146;0.0007423663046211004;0.001953125
310;-5.7622259277235495;1.0;0.2155448115195001;0.22814635920192308;0.10193003536315277;-0.009126895805820823;0.0007811145042069256;1.2363612711429597;0.0005235310411080718;0.0005859375
311;-15.035253779208494;1.0;0.2146328490996022;0.22891414072170002;0.0;-0.006280088890343904;0.00047012620489113034;1.306769460439682;0.0008999597746878862;0.0017578125
312;1.8545854293925914;1.0;0.22994934244651788;0.23163897076381607;0.0456359952370617;-0.0016085233073681593;0.06580740259960294;1.2838818609714509;0.001479527389165014;0.01171875
313;-2.5581474464047984;0.0;0.0;0.0;0.000777700361156054;-0.009142540604807436;0.0012830519117414951;1.2548073410987854;0.00039584832265973093;0.000390625
314;3.579469206989846;1.0;0.19717619798717917;0.1985368452704057;0.0011973128474526667;-0.010922921681776642;0.04393928302451968;1.2374226927757264;0.0012127952999435366;0.009375
315;3.648087198024655;1.0;0.5558720707678912;0.6660765059253352;0.046036296381942544;-0.00485846777446568;0.001521998568205163;1.2808170914649963;0.002943197137210518;0.0400390625
316;-5.1366241976966895;0.0;0.0;0.0;0.0;0.004558168817311525;0.0010818231326993554;1.3083362102508544;0.0012312423437833785;0.003515625
317;3.518173205880035;1.0;0.47265551329659367;0.48114985673550253;0.0024973959995218545;-0.005653539625927806;0.0008060974563704803;1.3294852733612061;0.00195778050692752;0.0220703125
318;2.8458715269556976;1.0;0.3280197982394736;0.31557559710290645;0.14042759968847232;-0.0063804020173847675;0.07212048303335905;1.347156047821045;0.0008377943187952042;0.0015625
319;3.938278243910605;1.0;0.5001682097068659;0.6146865442009019;0.0701500488336511;-0.011123435292392968;0.0020255477633327247;1.2479659378528596;0.0008843582938425243;0.006640625
320;-0.20342172371162312;0.0;0.0;0.0;0.0;-0.0004385423380881548;0.0006636421647272072;1.2672855973243713;0.0012227338505908848;0.0125
321;-1.7354525839077444;0.0;0.0;0.0;0.08553980347378315;-0.0036335236858576537;0.0005518093559658155;1.333344691991806;0.0011420111171901227;0.0087890625
322;3.8051628382004736;1.0;0.5528666594611712;0.60143046462079;0.028623146034272275;-0.005833690729923546;0.0011828250047983603;1.2598544180393219;0.000825469649862498;0.00078125
323;-1.8339002880889974;0.0;0.0;0.0;0.0;-0.0007484838832169771;0.0010097023914568126;1.3028668880462646;0.0008986064582131803;0.0033203125
324;1.0349929329253775;1.0;0.29576050462420744;0.31386772451678235;0.0;0.0019194317748770118;0.033603027416393164;1.3062281727790832;0.000665781379211694;0.000390625
325;3.7006844655732727;1.0;0.3827481115944164;0.34825101749498666;0.0016303048473859567;-0.005277358077000827;0.002201331814285368;1.2331568896770477;0.0010364224901422859;0.0072265625
326;4.071316311189596;1.0;0.6062712446449966;0.8653153407596235;0.09124892530062137;-0.00450686076655984;0.0007588393724290654;1.2541656076908112;0.0013378392206504941;0.0091796875
327;-1.4193199176035511;0.0;0.0;0.0;0.006495092550283417;-0.001027419464662671;0.00041859864722937346;1.2836966574192048;0.0011743121780455113;0.005078125
328;3.9146394342670185;1.0;0.48884338738382516;0.6049913687369906;0.03846637259577926;-0.00903267115354538;0.0006422691119951196;1.2495407521724702;0.003814953635446727;0.0423828125
329;3.230134602291743;1.0;0.6149970004896692;0.7524017187253822;0.09413562512784793;-0.005524831032380462;0.0006304833106696606;1.238876646757126;0.0012368754134513438;0.0107421875
330;3.51476631619963;1.0;0.5097629145241674;0.570336368648982;0.017295866935785924;0.0035863905679434536;0.0005557718992349692;1.2114425480365754;0.0007645239820703864;0.00234375
331;-0.5973504288099852;0.0;0.0;0.0;0.0;-0.0023331287782639267;0.0005992803067783825;1.2660444378852844;0.0008926942595280707;0.003515625
332;3.9263728115825614;1.0;0.612480607994226;0.7381105767070827;0.022463540881063705;-0.008847379684448242;0.0006391218208591454;1.338663512468338;0.0013123139855451883;0.009765625
333;4.046984240805376;1.0;0.3986727536973244;0.47000344578709247;0.08706894934040924;-0.0029530828353017567;0.0006703670893330127;1.2400886416435242;0.0013025261112488806;0.0130859375
334;-1.1016921199902303;0.0;0.0;0.0;0.007289969905256268;-0.0002984518185257912;0.06780210044234991;1.287673944234848;0.001282379450276494;0.008203125
335;2.5021999321044226;1.0;0.22112383184959122;0.22460569998851942;0.0007148555165670953;-0.00634267795830965;0.0011050776520278305;1.2713147342205047;0.0009106045705266297;0.0017578125
336;-1.5166293433970544;0.0;0.0;0.0;0.009031522183573646;-0.0012132687959820032;0.001140330170164816;1.3065640389919282;0.0018796693417243659;0.0140625
337;4.007885459806006;1.0;0.6362026487939902;0.8536040801299567;0.09666254538581133;-0.001117763016372919;0.03523658360354602;1.297809374332428;0.0013426080695353448;0.00390625
338;-0.3697183153224783;0.0;0.0;0.0;0.001795189035678945;-0.0025037718471139668;0.027267777407541872;1.237414425611496;0.0006231956533156336;0.0
339;3.159277235667281;1.0;0.5342291816024956;0.4743010971489161;0.0870466698134574;0.004000962851569057;0.03149300825316459;1.2621962487697602;0.0006809981889091433;0.00078125
340;3.780254221451826;1.0;0.5614495030014731;0.5304418890791065;0.060759879817794016;-0.004738638177514076;0.002707447169814259;1.2825023233890533;0.0005539606208913028;0.0013671875
341;3.529452819485534;1.0;0.5295103571531081;0.507040396257011;0.037342549887868774;-0.0034997723530977966;0.004734630580060184;1.3153342664241792;0.0014762401347979902;0.0119140625
342;4.155526065146454;1.0;0.6782505330031435;0.8792139739255477;0.023439223989122845;-0.005730445962399244;0.03971139956265688;1.3414353609085083;0.002885051758494228;0.0337890625
343;3.6744000101538266;1.0;0.6198535621896164;0.7004287725462065;0.01875699376296306;-0.0017805477138608695;0.0035368472337722777;1.341685038805008;0.0008213750435970724;0.00234375
344;3.9622743178798636;1.0;0.6623338587854298;0.8446733819965908;0.04940727526909626;-0.004511858732439577;0.03687792341224849;1.311225211620331;0.0003663517185486853;0.000390625
345;-0.778369717077289;0.0;0.0;0.0;0.0;0.007322925864718855;0.0038325732573866846;1.3447046756744385;0.000599233596585691;0.0
346;3.7245641542793555;1.0;0.586125060480271;0.6320220551786208;0.06863475721736328;-0.007641845010221004;0.0013009863672778011;1.4398987889289856;0.001621250226162374;0.0119140625
347;-1.316452693770531;0.0;0.0;0.0;0.0;-0.0042070179712027315;0.04166924152523279;1.3130790948867799;0.0010690726106986404;0.003125
348;2.543461585385038;1.0;0.5085578322092738;0.5683454930669558;0.008667083497138097;-0.0023745536105707287;0.013260672520846128;1.249539577960968;0.0003772438270971179;0.0
349;-2.0160405601730833;0.0;0.0;0.0;0.0;-0.004403761913999915;0.012792332377284766;1.271205335855484;0.0009385424898937344;0.001171875
350;3.7309088817981966;1.0;0.7395176661409106;0.9668080668467091;0.02739322020324797;-0.0054850542917847635;0.04260534937493503;1.336322194337845;0.0007089841994456947;0.0
351;-0.43945140300758384;0.0;0.0;0.0;0.0;-0.0031907971948385238;0.0012292705388972536;1.3797802925109863;0.0011126248515211045;0.003125
352;-18.448820779087406;0.0;0.0;0.0;0.0;0.00016202144324779512;0.0008160312107065692;1.4390217900276183;0.0015506502357311546;0.0138671875
353;-1.377936085712076;0.0;0.0;0.0;0.020527188298696087;0.0001456154393963516;0.0019480564980767668;1.3588217079639435;0.0004963236744515598;0.000390625
354;-1.606193551676154;0.0;0.0;0.0;0.053826864773522345;0.006807284243404865;0.06704088777769357;1.4135540783405305;0.0005317613715305925;0.0001953125
355;-0.3792028142167351;0.0;0.0;0.0;0.0;0.005399839114397764;0.0015706515521742403;1.44477476477623;0.0005901992204599083;0.0
356;-0.8957362228888763;0.0;0.0;0.0;0.0;0.001166267693042755;0.0313595934654586;1.4617581605911254;0.0010687049943953753;0.0017578125
357;-4.856948543944531;0.0;0.0;0.0;0.027677682896311347;0.004254205105826259;0.06817903127521277;1.4442781567573548;0.0005078872083686293;0.0009765625
358;-0.7435069854187893;0.0;0.0;0.0;0.0;-0.004866673285141588;0.0019988062616903336;1.4366390883922577;0.0015048932982608676;0.0060546875
359;-0.8931789288034679;0.0;0.0;0.0;0.0;-0.009344470128417015;0.001999520912067965;1.4060053884983064;0.001318200258538127;0.00703125
360;3.883453908234415;1.0;0.5749436464072631;0.6072535486510904;0.03030776324296826;-0.010395510424859821;0.0019042962754610925;1.395921540260315;0.0019449938321486116;0.0208984375
361;4.3288749060582905;1.0;0.538181753088111;0.6800136762544138;0.028592815846731935;-0.008623676281422377;0.0009157457854598761;1.48053520321846;0.0008537211222574114;0.0052734375
362;1.4999144057673544;1.0;0.36900846714412044;0.327701218293401;0.0;-0.005294013349339366;0.04718702165409923;1.5089970111846924;0.0005546255502849817;0.0
363;3.949309683135712;1.0;0.6540612371337997;0.7807181088397371;0.06178834501134782;0.00046687223948538303;0.005322844942566007;1.4538074016571045;0.00031807441264390944;0.0
364;-1.2567870934131826;0.0;0.0;0.0;0.004539633017204911;-0.0018946807831525803;0.0086196584161371;1.420849746465683;0.0009131485829129815;0.00078125
365;1.9880295486716413;1.0;0.2140467721343582;0.23568257601197526;0.00881718631338393;-0.004839317873120308;0.0068174639716744425;1.3308814764022827;0.0030799237196333707;0.034375
366;-0.37506581420249535;0.0;0.0;0.0;0.0;-0.004891160409897566;0.0031782653531990945;1.2859705805778503;0.0013537218561396002;0.0078125
367;4.140696142966358;1.0;0.5641788412212613;0.7318900104951537;0.0010382229416941173;-0.0005968847312033176;0.03487837421707809;1.1957221150398254;0.000378421600908041;0.0
368;-4.811297018741158;0.0;0.0;0.0;0.0;-0.011039744317531585;0.03346059648320079;1.1550227761268617;0.0008010942954570055;0.0037109375
369;3.094058661962216;1.0;0.2034262632466509;0.1814294017542873;0.0;-0.006170739838853479;0.002345499751390889;1.1505277514457704;0.0025443091639317573;0.0302734375
370;-1.4796522817001534;0.0;0.0;0.0;0.004637686097219479;-0.0008659547194838524;0.0018583887547720223;1.2506750047206878;0.0003450515097938478;0.00078125
371;3.6813198527294535;1.0;0.5923201115742185;0.5231964500603161;0.029832194049033308;-0.004333085240796208;0.003294618136715144;1.2987529456615448;0.0009183214278891683;0.0017578125
372;3.853561030817064;1.0;0.6250480377832486;0.8499752881422354;0.009975493951070587;-0.005341678205877542;0.0008277699438622221;1.3122162699699402;0.0005660464172251523;0.0033203125
373;3.9375842253899727;1.0;0.6932045651795292;0.9207826148048271;0.028283545659086775;0.002589133707806468;0.0023140227189287544;1.329960036277771;0.0004096580087207258;0.0013671875
374;-0.990141584115781;0.0;0.0;0.0;0.038349388781749434;-0.006431938707828521;0.0016540806973353028;1.3613121151924132;0.001266787969507277;0.00546875
375;-3.9223944797885073;0.0;0.0;0.0;0.02910535129142809;0.0004441104829311371;0.003781998681370169;1.4534987926483154;0.0013227784540504218;0.0060546875
376;-3.066900296008013;0.0;0.0;0.0;0.07161563501388929;-0.005915868142619729;0.00508259740890935;1.439904409646988;0.002598021808080375;0.0216796875
377;3.9319872380412497;1.0;0.3922253576275144;0.38933019069021035;0.047865789414913096;-0.004490500595420599;0.002194019441958517;1.4904158890247345;0.0014112336095422507;0.00625
378;4.401613456335251;1.0;0.7042343673312933;0.9642747986358357;0.01571459959426744;-0.0057203069562092425;0.002652365725953132;1.573541021347046;0.0013915099669247865;0.005859375
379;3.972093752754347;1.0;0.6674431093472091;0.9047737731805445;0.03238060846804085;0.0010583140421658755;0.0016237385745625943;1.6150906801223754;0.0011664421181194484;0.0017578125
380;-1.4125373801988552;0.0;0.0;0.0;0.03336800169398303;-0.003451761556789279;0.0010141240141820162;1.6066293895244599;0.0010898856562562287;0.0048828125
381;-1.7550716652957246;0.0;0.0;0.0;0.00160298007745599;-0.003657789248973131;0.0007673027081182227;1.633124876022339;0.0020296631962992253;0.018359375
382;-17.10854612764055;0.0;0.0;0.0;0.012741990617619688;0.0026690346421673894;0.0005466320901177824;1.5927331686019897;0.0010157880373299123;0.004296875
383;3.349540692383389;1.0;0.40136804318867697;0.3740237079643814;0.019578418191247383;-0.009053804120048881;0.0008425114239798859;1.6165447473526;0.0024615042610093953;0.0271484375
384;3.695195875603632;1.0;0.5869297179944775;0.724994348592701;0.11208305550437217;-0.008203319134190678;0.000544557993998751;1.4559706330299378;0.0010790368658490479;0.00625
385;3.778213510557914;1.0;0.4965560870278197;0.5431098272604967;0.0;-0.008656879561021924;0.0005058558890596032;1.4233608961105346;0.0011552338139154017;0.0056640625
386;1.9715430056914487;1.0;0.2100953951548341;0.2247353133364548;0.02443127132635942;-0.007940957020036877;0.0010866614320548251;1.507084810733795;0.0007017161231487989;0.00078125
387;-1.866430788697237;0.0;0.0;0.0;0.0013923707780633602;-0.0014765908010303975;0.0010569875128567218;1.459527027606964;0.0007118029869161546;0.004296875
388;3.2895367711398316;1.0;0.6001683850067501;0.7107283740951523;0.05551598409012485;0.0016036434099078178;0.03538218790199608;1.456387311220169;0.0006136623327620327;0.0
389;-2.4279085734056336;0.0;0.0;0.0;0.06172552104141645;-0.006726805027574301;0.0012465019535738975;1.443569588661194;0.0020104793249629436;0.0193359375
390;3.640884764912457;1.0;0.5926366187305064;0.6188112742307539;0.05548202227360519;-0.005272477166727185;0.0005777294427389279;1.37309929728508;0.001021668699104339;0.003515625
391;3.962450630531456;1.0;0.5126546213047836;0.56452275612015;0.0817777380100006;-0.003776485379785299;0.03502271790057421;1.3864562153816222;0.0008179826545529068;0.0033203125
392;-0.1945945116488561;1.0;0.48883523059496714;0.5700081819995311;0.010978415181011189;0.0024133327882736922;0.000752431430737488;1.4407636284828187;0.00152920096879825;0.01328125
393;4.096410659710287;1.0;0.6172610190394744;0.7809294011565421;0.06301494054152594;-0.010075398371554911;0.03563168803229928;1.4952719271183015;0.0004600703832693398;0.0
394;-0.8184701574916787;0.0;0.0;0.0;0.0445674531068321;0.0005344805307686329;0.0006320589571259915;1.467205035686493;0.0011890748399309814;0.00859375
395;3.5082461899562993;1.0;0.5807044089270235;0.5999368504064266;0.07335462817903944;-0.002313779853284359;0.0006973871379159391;1.4836912155151367;0.001746387395542115;0.012890625
396;3.873350070252319;1.0;0.5795817788817696;0.7405745927100857;0.03597146360704831;-0.006506940256804228;0.0009948059829184785;1.5616406977176667;0.0008878897991962731;0.004296875
397;3.536789013338735;1.0;0.558215954438279;0.68996084808057;0.015534618843372273;-0.006147448904812336;0.000472774519585073;1.5383161544799804;0.0017485758755356074;0.0111328125
398;-1.5196058979984932;1.0;0.26596322591307214;0.2823608813618934;0.0;-0.0004207022488117218;0.0004164154233876616;1.4743951082229614;0.0009713035193271935;0.0001953125
399;3.2696064304130643;1.0;0.46212556782444264;0.46476752401668825;0.03269348715916176;-0.006705884356051683;0.0005738222767831758;1.4819338023662567;0.0013615846983157098;0.0052734375
400;1.4490909853786302;1.0;0.5650858979058326;0.655042013030588;0.011009764755373977;-0.005253942217677832;0.0010653312638169155;1.5157190263271332;0.0010385434492491187;0.0044921875
401;3.615743150339256;1.0;0.4788351306934967;0.5004488548672007;0.04844848672672833;-0.009171973424963653;0.0012226618331624196;1.4975183308124542;0.001517709088511765;0.012109375
402;3.997396859679661;1.0;0.4881891571428283;0.5570864377043437;0.0661556578567938;-0.008369446918368339;0.045754287578165534;1.54381143450737;0.0008096269215457141;0.0015625
403;3.7206131310250097;1.0;0.346066003661888;0.33552331319939327;0.06071320291925154;-0.008968973136506974;0.002297869330504909;1.5807478070259093;0.0014742853119969368;0.0091796875
404;-0.4540923894912222;0.0;0.0;0.0;0.0;0.0015631345100700854;0.0017301246058195829;1.6188409745693206;0.0016095980885438622;0.0083984375
405;4.132705994529993;1.0;0.5581187920380698;0.7355845622301764;0.06705053872242082;-0.005291034933179617;0.008488939818926155;1.687409096956253;0.002464045479428023;0.0240234375
406;3.3294700501848795;1.0;0.5006552201891314;0.6483596073755068;0.06793199500739348;0.000704734306782484;0.001146836209227331;1.7110841810703277;0.0015103006502613426;0.010546875
407;0.26162477261206973;1.0;0.5712103325319071;0.7087128152593154;0.005893439624078422;-0.003954698098823428;0.0021224813302978874;1.68689204454422;0.000733039272017777;0.001953125
408;3.2451210859558004;1.0;0.5939021956204382;0.6999856489812019;0.12599020688305665;-0.006525270966812968;0.0012633004400413484;1.7212905764579773;0.0011509287869557738;0.0083984375
409;-1.5489599029216217;0.0;0.0;0.0;0.0056718879312010785;-0.002106732106767595;0.0023902851913589983;1.7097208738327025;0.0011423329240642488;0.001953125
410;4.021596624793834;1.0;0.5318951934582509;0.5583900157685293;0.042115667293529495;-0.005178400361910462;0.0018202166334958746;1.6823205947875977;0.0023626480484381317;0.0234375
411;0.6195703122679519;1.0;0.7204068378989289;0.880339676204994;0.027116360840138576;-0.0017811696976423263;0.0005577466668910347;1.6597854256629945;0.0011721549904905259;0.0048828125
412;-2.181005990979704;0.0;0.0;0.0;0.020606502872074432;-0.007097346009686589;0.07072541462257505;1.605626654624939;0.0013946678722277285;0.004296875
413;3.1594453701423766;1.0;0.4559687271653097;0.46935901270760483;0.0649200433067019;-0.014372719870880245;0.06605355311185121;1.5782342433929444;0.0021759928204119205;0.019921875
414;3.2105977287515404;1.0;0.5471249055712709;0.648375715194276;0.09582343543298015;-0.013545182230882347;0.07022623885422945;1.546026599407196;0.0010278419824317098;0.0029296875
415;2.7286124349487766;1.0;0.3298600351634668;0.3552587961027054;0.029939453021148293;-0.00330461785197258;0.0017195354856085032;1.501937460899353;0.0012446816312149168;0.0052734375
416;-2.593624743050659;0.0;0.0;0.0;0.16303813998825575;0.002990391245111823;0.005815600068308413;1.5181485533714294;0.0008048172923736275;0.00390625
417;2.7896370644278914;1.0;0.23073429951072436;0.22379820283329052;0.015154475092446997;0.0032733417581766846;0.005250150116626173;1.483926683664322;0.0009732551756314933;0.0037109375
418;3.376287787824663;1.0;0.5903906194526998;0.6921707815117837;0.05576360772426128;-0.007043777825310826;0.003977641439996659;1.5008663356304168;0.0013890477479435504;0.0119140625
419;3.1015149754697657;1.0;0.30108773186926757;0.3016765515935524;0.009466269126777551;-0.012076608231291175;0.008974174782633782;1.5329603731632233;0.0029267039615660908;0.033203125
420;2.8100135013701806;1.0;0.3294227559220243;0.3575772833411981;0.01967868323607757;0.008778674993664026;0.003910517995245754;1.5074296414852142;0.0006478943396359682;0.0
421;2.9596744271908833;1.0;0.5831516491089709;0.6781477541769113;0.024566119167949096;-0.004050784697756171;0.003833582578226924;1.541480016708374;0.0006486663362011314;0.0
422;3.7866786623330753;1.0;0.6268703232661257;0.8656752751186454;0.02842109511690869;0.0030375992879271506;0.03890475525986403;1.5991466999053956;0.0005781149840913713;0.0013671875
423;4.235344889987747;1.0;0.5920411161002739;0.809763200139637;0.02323061654853225;-0.005771302687935531;0.03236611941829324;1.5932067453861236;0.0018219929770566523;0.019921875
424;2.7897206417951024;1.0;0.36695996862239083;0.381838380578502;0.03898340726354384;-0.005030566640198231;0.0453183310572058;1.5866563260555266;0.001078788551967591;0.003515625
425;4.39915796104912;1.0;0.7571395845292105;1.052854848386414;0.03512947607447988;-1.0624248534440995e-05;0.01280572502873838;1.578362476825714;0.0011939581832848488;0.001953125
426;4.2606544835298354;1.0;0.6739078646127908;0.9594660342256776;0.03194489951036944;0.006087439134716988;0.00453536455752328;1.591442835330963;0.0008762667654082179;0.00390625
427;3.739088160160592;1.0;0.5785730024321373;0.7572055376623643;0.06406541225058847;-0.006407654192298651;0.0013296419027028605;1.6189720571041106;0.001055581634864211;0.0072265625
428;3.8185995211330157;1.0;0.4600939558960686;0.5308496335253732;0.04169870354787201;-0.010672430926933884;0.04428635477088392;1.563319319486618;0.0009399356087669731;0.0029296875
429;2.9893389755138;1.0;0.3887644366484982;0.43091225272009165;0.03341849239390942;-0.002012212248519063;0.009388908126857132;1.4762806177139283;0.0008301977883093059;0.0013671875
430;-1.7556055638882158;0.0;0.0;0.0;0.014400509355818167;0.007297765556722879;0.0009684199874754995;1.4388305366039276;0.0010683026514016092;0.0037109375
431;-1.1222054045298742;0.0;0.0;0.0;0.02011515950322309;-0.004948028083890677;0.0006402297469321639;1.4966822624206544;0.0005854460643604398;0.001171875
432;-0.39005600977964194;0.0;0.0;0.0;0.0;-0.0008545959834009409;0.0006840191446826794;1.4913529217243195;0.0013462582603096962;0.011328125
433;-1.5724440377896844;0.0;0.0;0.0;0.0;-0.005604989500716329;0.0010995158925652504;1.5232027530670167;0.0007297351257875562;0.0025390625
434;-0.33628673807578774;0.0;0.0;0.0;0.0;-0.0028623638208955526;0.010619828943163157;1.5537878453731537;0.0007083621458150446;0.001953125
435;-1.1015791263960955;0.0;0.0;0.0;0.007093184566135556;0.003147777367848903;0.04995748410001397;1.6089645087718965;0.00032370488625019787;0.0
436;-2.8698617137380737;0.0;0.0;0.0;0.0;-0.003368740575388074;0.004501966421958059;1.630697762966156;0.00044407843379303815;0.0
437;-1.5242924625670558;0.0;0.0;0.0;0.011906734684946178;0.0030717034824192524;0.0023578082502353935;1.6517884731292725;0.001715951901860535;0.0125
438;3.896063326588039;1.0;0.46130051422923307;0.44866938878691076;0.024854275817719238;-0.0019079845631495118;0.04186470359563828;1.7003670811653138;0.0005409092525951564;0.0
439;4.3621814938881105;1.0;0.6631714927087745;0.859378867656687;0.033437223760318845;-0.0010098795406520366;0.03735101497732103;1.7071839988231658;0.0005250196089036762;0.0
440;3.6630405951053127;1.0;0.5167393540829606;0.7210503443070608;0.07411284551439198;-0.0008317863568663598;0.03484558325726539;1.6734853863716126;0.0007333865505643189;0.0
441;3.6767406711517907;1.0;0.5034275148118796;0.4845629040476581;0.010522255731812178;0.0018717036116868257;0.002946578513365239;1.6673756182193755;0.001957059092819691;0.01640625
442;0.8885363597196032;1.0;0.6697617693407588;0.8711086359190631;0.021865150467156546;-0.005050512915477157;0.0007882595469709486;1.635977554321289;0.0014463647035881876;0.01171875
443;3.958827738821396;1.0;0.42095691004481633;0.6320027079399287;0.06388402324031585;-0.00557306557893753;0.03637899194145575;1.6777439773082734;0.0020181815489195287;0.0162109375
444;3.935780172768854;1.0;0.5436054794896844;0.7811813350174157;0.09754305722349271;-0.010746967629529536;0.0005043077311711386;1.7281887173652648;0.0010736003867350518;0.001953125
445;-0.48368892444872;0.0;0.0;0.0;0.02341239731800294;0.004259951086714864;0.03181382659822703;1.6681965589523315;0.0007608902058564126;0.001953125
446;3.9315984371869472;1.0;0.6294734688609027;0.8385329886235607;0.016022039914113717;-0.012277494743466377;0.0011942129262024538;1.6760693669319153;0.0005964782554656267;0.00078125
447;-4.796699717078263;0.0;0.0;0.0;0.044968637629472556;-0.0006499373354017735;0.03650162264239043;1.6711825132369995;0.001982589717954397;0.0130859375
448;3.6176844485339346;1.0;0.5677375101963829;0.6079558674625613;0.02100483225698154;-0.004093656037002802;0.06607438791543245;1.5390687704086303;0.00044950390001758934;0.0
449;2.7767974848855017;1.0;0.24500785457865756;0.2845613256024872;0.0;-0.008341076178476214;0.002331163320923224;1.4756427943706512;0.0007800431805662811;0.0025390625
450;1.7770713407644145;1.0;0.17161874621283832;0.20932468900674917;0.15302277507727846;-0.001984427869319916;0.03423348953947425;1.5642159819602965;0.0007235549506731332;0.0
451;3.393622069181085;1.0;0.2447958098684322;0.28265638791553516;0.0;-0.0006819944130256772;0.032151859160512684;1.57702397108078;0.0010019376990385354;0.005078125
452;3.870678837394649;1.0;0.5445460441154472;0.6276921038734672;0.0033503628546365234;-0.0006620245054364205;0.0331817323807627;1.443931758403778;0.001068187935743481;0.0052734375
453;-10.009140132556047;0.0;0.0;0.0;0.0;-0.0063178063137456775;0.002655552886426449;1.4573247492313386;0.0013817333267070353;0.0125
454;3.211272433348406;1.0;0.2081998000457165;0.2251648485171615;0.0;-0.006437431834638119;0.03259210707619786;1.4663646936416626;0.001423602958675474;0.008984375
455;2.5481379837578113;1.0;0.39972397507952484;0.5172420605869932;0.05041736074045951;-0.014516419917345046;0.03488236330449581;1.4341583967208862;0.0009322078432887793;0.0033203125
456;2.5880856890731536;1.0;0.32284030696699106;0.34400862846088964;0.06463197076216767;-0.002126881992444396;0.03297615279443562;1.4178535878658294;0.0015881917905062437;0.009375
457;4.0068374994205165;1.0;0.5805778996222023;0.6236295394953196;0.021215228083063028;-0.0005013430491089821;0.001471262180712074;1.4739445328712464;0.0005711038364097476;0.0009765625
458;3.782350892481399;1.0;0.5385938991044836;0.7651029426549222;0.10490715715215587;-0.0043198734289035205;0.06143318880349398;1.5306965708732605;0.0007591246510855853;0.0009765625
459;3.832946687140872;1.0;0.5760143106258915;0.7240307346089703;0.006423449008786857;-0.0009529453236609697;0.03057694579474628;1.4576404988765717;0.000794115976896137;0.00078125
460;-3.804735713143713;0.0;0.0;0.0;0.021710822415257326;-0.005887649860233069;0.0015275248966645449;1.4316021502017975;0.0007726545329205692;0.003125
461;3.82488909852265;1.0;0.5061136966138167;0.5138282235651133;0.01479713054747271;0.005123534705489874;0.050063394894823435;1.4128373920917512;0.0010727660031989218;0.00703125
462;3.3013830980446772;1.0;0.5781204475371869;0.8228817503895898;0.02608611273116791;0.00016948606353253126;0.0034530276665464044;1.4300711929798127;0.001327689760364592;0.0111328125
463;4.1297531048372615;1.0;0.4569204606371564;0.5877305587950661;0.0;-0.00015774359926581382;0.0014136236772174017;1.5198772847652435;0.0007572339382022619;0.0001953125
464;3.475560581206244;1.0;0.49045636832612327;0.5865591247072572;0.0;-0.001017089979723096;0.001165024284273386;1.5483852863311767;0.0007664983510039747;0.001171875
465;4.366277969302743;1.0;0.6404490759601441;0.9046053295770659;0.014925352391347157;-0.0030498131178319453;0.031985690258443354;1.5503601372241973;0.0013822377659380436;0.00390625
466;3.882465003911329;1.0;0.6133427235172273;0.8743897468157764;0.024620435821746098;-0.00572021552361548;0.03117609196342528;1.4644805550575257;0.0014885895769111812;0.0123046875
467;1.7397519021499062;1.0;0.38107345082701105;0.5127934737554302;0.07037223904352857;0.0030066366773098705;0.02874382680747658;1.4331111550331115;0.0016776376985944807;0.0107421875
468;0.9686628203274701;1.0;0.7060058937148567;0.9510259856678027;0.05857473710747192;-0.0019775799475610254;0.030306704249233006;1.4472324192523955;0.0010151979397051037;0.008203125
469;3.8198631646894365;1.0;0.5855978543711418;0.8222109353885222;0.0009149513569086846;-0.007750124717131257;0.001336993052973412;1.46173038482666;0.0010881074471399189;0.00859375
470;-1.637235879504516;0.0;0.0;0.0;0.02578987302674774;-0.00016174367628991605;0.015832024754490703;1.4544488430023192;0.0004844610346481204;0.0005859375
471;-1.7662205704167144;0.0;0.0;0.0;0.026266455753121157;-0.0013232674449682237;0.03007799170445651;1.5099290788173676;0.001110319246072322;0.0125
472;4.0108955377149105;1.0;0.3835413029157101;0.43825977128353394;0.022117762235472568;-0.004900910658761859;0.0010090326162753628;1.5286187767982482;0.0006599655491299928;0.0
473;3.0129799767050494;1.0;0.4087009073822432;0.47444413283761017;0.0;-0.01168273901566863;0.0008814925764454529;1.5539157927036285;0.0008164782309904694;0.0001953125
474;3.3430038647450524;1.0;0.5161459068278015;0.6287655637617768;0.0031500343248102207;-0.004170095175504684;0.06117462478578091;1.5962760388851165;0.001328099169768393;0.0052734375
475;-0.8876653634404461;0.0;0.0;0.0;0.0;-0.006300254026427865;0.034907731832936405;1.5698186159133911;0.0014339970774017274;0.00625
476;3.9488876756630487;1.0;0.526631623998223;0.797821005560658;0.14689404150102447;0.002034920314326882;0.0021252264792565255;1.5674444019794465;0.0012391697382554412;0.00546875
477;3.7973275148286545;1.0;0.44985330732482337;0.46847232464839955;0.01635519017715298;-0.0005572238471359015;0.0017460155009757727;1.574305784702301;0.0011610915535129607;0.0
478;3.638433843986021;1.0;0.5785665600624545;0.8133793579065928;0.018922505046126952;-0.0008934366051107645;0.001741230144398287;1.6136746883392334;0.001514786423649639;0.0029296875
479;3.393136614737483;1.0;0.453921597590247;0.5860975694673034;0.0;-0.003340721467975527;0.030596074485220014;1.6230811059474946;0.0010998121695593;0.00546875
480;-3.400815415526867;0.0;0.0;0.0;0.06654937190208103;-0.004345147218555212;0.0021452216955367477;1.6326183378696442;0.0033892303588800134;0.0419921875
481;3.00385129940276;1.0;0.3613130470614434;0.5022865927305682;0.06197496949008328;-0.005332302721217275;0.0456679092720151;1.6201524496078492;0.0022627631202340125;0.0125
482;-0.6339698005568635;0.0;0.0;0.0;0.0;-0.006167955906130373;0.011910833790898323;1.5788983225822448;0.0019497678033076227;0.0142578125
483;-2.8828866613654123;0.0;0.0;0.0;0.016940059455642757;-0.009262852766551078;0.006414774642325938;1.63939425945282;0.0015704563935287296;0.0123046875
484;4.098640999094553;1.0;0.6118562637816155;0.8049194756233001;0.05302900859499621;-0.01130685005337;0.001405648625222966;1.6589824378490448;0.0038236185442656278;0.0421875
485;4.068722411930687;1.0;0.4139801293362684;0.46976450969310546;0.042667314607368396;-0.0022509397938847544;0.0012717918987618759;1.5775038778781891;0.0031900933012366296;0.024609375
486;4.0472710019580305;1.0;0.5480770357767323;0.7071616138773644;0.05289125649408578;-0.005350769113283605;0.0010683371830964461;1.4974959790706635;0.0006357025238685309;0.0009765625
487;4.002250476340501;1.0;0.4118309658896028;0.4412587997745867;0.02397965582181002;0.0025048765353858473;0.0012289201084058731;1.4655731678009034;0.0005012146662920714;0.000390625
488;4.028292196686897;1.0;0.4956622146379142;0.6049156111398016;0.009330396078654718;-0.006354968901723624;0.0009088784980122;1.4338318169116975;0.0005245379055850208;0.000390625
489;3.89292654825865;1.0;0.5179412666024241;0.5911180820964299;0.07037344349831395;-0.008158732554875314;0.0013557625468820333;1.4812548339366913;0.0015631592134013772;0.0080078125
490;3.5636625093408383;1.0;0.42791635412390316;0.4143740378147016;0.04354450976290823;-0.003035403788089752;0.0013868785521481187;1.4512882590293885;0.0020825591403990985;0.0072265625
491;-1.2563505965997068;0.0;0.0;0.0;0.0;-0.0005114060360938311;0.0013295362005010247;1.420994907617569;0.0011325593339279294;0.0068359375
492;4.0773376909158605;1.0;0.5696525492850677;0.7897073901009425;0.03900622619127989;-0.008790812408551573;0.014465890353312716;1.3999616503715515;0.00141170077258721;0.012109375
493;0.8805219807160225;1.0;0.3759374705868199;0.4693132708335298;0.05150783788116314;-0.008650521095842124;0.0011426389624830335;1.4982534110546113;0.0016109152464196085;0.0083984375
494;4.269111095328274;1.0;0.6234811254209783;0.8782573245182712;0.0;-0.012585435714572667;0.1017073381692171;1.482907521724701;0.0006716161617077887;0.0005859375
495;4.193059817870327;1.0;0.46472122771467644;0.5909683735144237;0.0;0.0007478807121515274;0.03137338240630925;1.3803181886672973;0.0014259261079132557;0.00625
496;4.339365511092255;1.0;0.6228333238531434;0.9378593795741578;0.03614632855734718;0.001101184356957674;0.0012769496504915878;1.3576983511447906;0.00041456049075350165;0.0
497;3.384557799050901;1.0;0.4685070302880259;0.6766140444826936;0.11372401569174212;-0.004546710569411516;0.001199187754536979;1.3840371012687682;0.0010463425773195923;0.005078125
498;3.0851209387277794;1.0;0.5330831373405801;0.6646434546131933;0.029301172892819426;-0.007931428076699377;0.0012213067762786522;1.3936307072639464;0.0010000825976021587;0.0041015625
499;2.8571975898809603;1.0;0.364206414371865;0.4696504323911078;0.025054249624638068;-0.008717489405535161;0.003948131407378241;1.4652306616306305;0.000699359574355185;0.0005859375
500;-1.2235435605119154;0.0;0.0;0.0;0.03456891245085478;-0.0033124771900475023;0.034592763241380456;1.5196866810321807;0.0010866112774237991;0.0095703125
501;4.025398967417144;1.0;0.3972063081429672;0.4856737283689875;0.0;-0.005746507830917835;0.002241611055796966;1.5197012841701507;0.0008005905547179282;0.0013671875
502;-0.42627556703348696;0.0;0.0;0.0;0.0;-0.0005711577832698822;0.0014728167501743884;1.5093875348567962;0.0007817259174771607;0.00078125
503;4.224565955853185;1.0;0.5361215899711888;0.7572346421585302;0.01666223115120417;0.0022038941737264396;0.034216703427955505;1.5056833028793335;0.0007799874409101903;0.0
504;-1.2342052536603771;0.0;0.0;0.0;0.16440864483708173;-0.0028317516203969716;0.00094649403472431;1.44132080078125;0.0025441723759286107;0.02109375
505;3.207830010979455;1.0;0.357738521472503;0.3748023831303278;0.0011545589014944292;0.005352237727493048;0.032283801678568126;1.4568495810031892;0.000636902533005923;0.001171875
506;3.647061252325546;1.0;0.45699382630214563;0.5576611353571378;0.009813050503070672;-0.007480519148521126;0.0007244790394906886;1.5357135713100434;0.000969451351556927;0.003125
507;-1.1370544263522442;0.0;0.0;0.0;0.0018613534625209005;-0.00039519905112683773;0.06923387348651885;1.5506330907344819;0.0008400334743782877;0.005859375
508;2.487290272887727;1.0;0.17957336247614863;0.19826864707352093;0.03446268703365176;-0.0038514223881065844;0.003979144175536931;1.5777876734733582;0.0008838236564770341;0.0048828125
509;3.819174206205896;1.0;0.5261007801080765;0.6977125348402891;0.028040052766758704;-0.00011833896860480309;0.006363892648369074;1.5161514699459075;0.0011633964837528764;0.00078125
510;-0.45620757424400166;0.0;0.0;0.0;0.0;-0.006154595711268485;0.004496625671163201;1.494682252407074;0.0014666194911114872;0.0126953125
511;-1.778842033937342;0.0;0.0;0.0;0.0;-0.008738314267247915;0.06974693844094873;1.5121583878993987;0.0013564422726631165;0.0068359375
512;3.384442669511327;1.0;0.545467711319871;0.69601392282285;0.0;-0.0011976522859185935;0.009367093164473771;1.4448004066944122;0.001485222193878144;0.0111328125
513;3.817596457257511;1.0;0.548846680788785;0.7201258474187485;0.03583530231607483;-0.005582971917465329;0.03976205880753696;1.4415525555610658;0.000960377766750753;0.00390625
514;-0.09793372120457233;1.0;0.24843908102101311;0.30535384645582236;0.0;-0.010930949961766601;0.005747935094404966;1.4335392951965331;0.0005212351330555976;0.00078125
515;4.021542989680594;1.0;0.523096388646353;0.5778248032518912;0.02116286321957123;-0.008479081373661757;0.006953084422275424;1.483993899822235;0.0017834305297583341;0.0125
516;3.775878925427187;1.0;0.5658729993578788;0.6141615427275753;0.021627011250827364;0.0055861602071672675;0.0012842253490816802;1.522460263967514;0.00136273909593001;0.00078125
517;2.7707635807695152;1.0;0.2168158621515692;0.225176814256303;0.022181635695981767;-0.009346706606447697;0.0013088126201182605;1.5209929645061493;0.001395356561988592;0.01171875
518;-1.270018579366576;0.0;0.0;0.0;0.029588459464409633;-0.006194387376308441;0.07004990000277758;1.5099021553993226;0.0008753687841817736;0.001171875
519;3.6145409330627816;1.0;0.5188803371015166;0.5884516791525507;0.04935942628084775;-4.275138489902019e-05;0.06592729203402996;1.4513157904148102;0.001415813120547682;0.0087890625
520;2.112297321163708;1.0;0.5622362441541844;0.703254214779708;0.05306292620881908;-0.004103502724319696;0.01974595676874742;1.4499653697013855;0.0007658649585209787;0.002734375
521;3.0340475701467886;1.0;0.2301636164678969;0.26200867295096736;0.0022481451549116543;0.0025542345829308033;0.031002460164017975;1.3720355331897736;0.0004953592433594167;0.0001953125
522;2.8172244218780773;1.0;0.3743364018769028;0.4757940531571709;0.03142803305992074;-0.004711258318275213;0.031865129619836806;1.3469354808330536;0.000856243446469307;0.0001953125
523;3.5777853378488347;1.0;0.2988640698492831;0.338402867563972;0.01366588188793009;-8.854770567268133e-05;0.001553496706765145;1.36722851395607;0.0006941841449588538;0.0
524;3.7788410843636178;1.0;0.3868465445031159;0.3632487392534603;0.03582698846848289;0.007023756019771099;0.061370697198435666;1.3889419317245484;0.0008486606529913843;0.0005859375
525;3.5495262953534588;1.0;0.25552170927083656;0.2812346944488777;0.02181207982082834;-0.0032977089285850525;0.010138475173152982;1.434676957130432;0.00042183420155197384;0.0
526;4.287093098273575;1.0;0.6339912737796557;0.88845013466297;0.02456658241912449;-0.009044325770810246;0.002562753134407103;1.4290509700775147;0.003074228740297258;0.034765625
527;4.15950960892322;1.0;0.5528730978912736;0.6675974797440362;0.03554630599199362;-0.005501680355519056;0.033582548680715266;1.4976170539855957;0.0010463685728609561;0.005078125
528;3.5641134209411636;1.0;0.413574822649456;0.40364992013588497;0.045568898669780485;-0.006399537343531847;0.05968651296570897;1.459204763174057;0.0005796805606223642;0.001171875
529;3.5246153001463427;1.0;0.22764925419314785;0.2514933147769655;0.013743587381463314;-0.0003556482493877411;0.029301178926834835;1.4484313070774077;0.0010232044383883475;0.0005859375
530;4.0768087847758485;1.0;0.37752110422275764;0.4639597638147812;0.05123983982177275;0.00645581386052072;0.0011109542625490575;1.4400023698806763;0.0006646330235525966;0.000390625
531;3.7057801995390998;1.0;0.4916601466007904;0.557098928866459;0.1297088305617709;-0.010389482881873847;0.04494069330394268;1.449398112297058;0.0005678566871210933;0.0001953125
532;4.25236488876351;1.0;0.5575650482477792;0.7407617787163853;0.04415511420738059;-0.0014865672215819358;0.0017236223735380917;1.495311290025711;0.0014038302237167955;0.003515625
533;-0.71304163542595;0.0;0.0;0.0;0.048037193842650684;-0.013378141541033983;0.03229142753407359;1.5192468166351318;0.0008714508381672204;0.0037109375
534;3.2896970678118347;1.0;0.5185436128832434;0.664397015299665;0.0009316859250305578;-0.010484861303120851;0.05430669505149126;1.51545107960701;0.0019681832171045245;0.0125
535;3.8837640631498442;1.0;0.5101663684667013;0.6859728680302657;0.09712721796519261;-0.007810689974576235;0.031260480848141016;1.5186657845973968;0.0010304576717317104;0.00546875
536;3.269750488954873;1.0;0.2702284587034451;0.2969689553000372;0.0;-0.006421260116621852;0.057694480661302804;1.4728013455867768;0.001052556640934199;0.0064453125
537;4.393699488025498;1.0;0.6866680338723226;0.9739600365867633;0.007886318425939256;-0.0014858749695122243;0.0025921767053660007;1.3567961275577545;0.001462617958895862;0.005078125
538;3.574182398010646;1.0;0.41657758334761663;0.44469309703064847;0.049068870368994155;0.0003424886148422956;0.002998303319327533;1.3991918325424195;0.0004980952711775899;0.00078125
539;3.948152265610903;1.0;0.5123404352217598;0.6943852222370235;0.017886527267153906;-0.002892667334526777;0.0303389502922073;1.437651163339615;0.00040151061257347463;0.0
540;4.1585895321304225;1.0;0.6547192536845691;0.9526412524520252;0.013629992238625571;0.001328108669258654;0.030613294010981916;1.4394902288913727;0.0005180204170756042;0.0009765625
541;3.642419759381384;1.0;0.27960063524266343;0.31573908547135976;0.0;-0.005907489731907844;0.0026714650739450008;1.4302054464817047;0.0012017194298096002;0.00546875
542;-0.8268352551264111;1.0;0.5150685129349647;0.6089635860389855;0.036213716751095346;-0.008807957964017987;0.0008638957020593807;1.468352335691452;0.0017394346999935807;0.0076171875
543;2.2208687341420417;1.0;0.5707834200793737;0.8294431046306605;0.005798163941899507;-0.0015378368319943548;0.030409972928464413;1.4512970864772796;0.0010860270238481462;0.0037109375
544;3.83673443593922;1.0;0.4431303177888657;0.5089617747237335;0.013131367973266646;-0.007544713630340994;0.0010981582541717216;1.4759151816368103;0.0017971956986002624;0.012890625
545;4.2428365165275475;1.0;0.5676676934408216;0.8442525236942255;0.0017070349803788103;0.00014811214059591294;0.05688664996996522;1.4338034808635711;0.0016019461792893708;0.003515625
546;-4.5886702680366245;0.0;0.0;0.0;0.03582041875383649;-0.0037415319588035346;0.02555177982430905;1.3742766559123993;0.0008631866425275802;0.0013671875
547;-4.573055596082657;0.0;0.0;0.0;0.08957503933466492;-0.01607929649762809;0.0013807760551571846;1.366973453760147;0.0009142985567450523;0.0017578125
548;-2.714820193929677;0.0;0.0;0.0;0.04164534687471481;-0.0048369581811130045;0.029147829674184323;1.3623808681964875;0.001719062018673867;0.00703125
549;3.305655850930168;1.0;0.4426833942533961;0.6491877698908012;0.1612062041370678;-0.00618585585616529;0.058432030864059924;1.3543551206588744;0.0014222044032067061;0.0017578125
550;-2.237576258324354;0.0;0.0;0.0;0.0;0.0008354175370186567;0.025997854402521624;1.383092188835144;0.0019540524226613343;0.0087890625
551;-1.9483059125134528;0.0;0.0;0.0;0.2507506363277245;0.002410640986636281;0.053049223497509956;1.3317586004734039;0.0009993784362450242;0.0052734375
552;4.178377904163021;1.0;0.5325596901385041;0.7913835892732207;0.0;-0.01071594818495214;0.0025946489186026156;1.3378436326980592;0.001960739796049893;0.015625
553;2.277689171147355;1.0;0.4676415239182962;0.6159152825296769;0.010395670128823165;-0.0038437912706285717;0.055340446159243585;1.3056684195995332;0.0007348547107540071;0.0005859375
554;-0.9808483142993376;1.0;0.6054251016361927;0.8161782315241113;0.11870787170000607;-0.0039788362802937625;0.027779479557648302;1.4020494222640991;0.0014040350331924855;0.0080078125
555;-4.329428218407262;0.0;0.0;0.0;0.06521221526342214;-0.0019210169091820716;0.027250714250840247;1.3919241309165955;0.0013522890745662152;0.0017578125
556;3.8410734169825758;1.0;0.274090054635741;0.32306745067663895;0.004390904254009006;0.0021165011450648306;0.0017813929065596313;1.3450185179710388;0.001002850488293916;0.001953125
557;1.7498914983550942;1.0;0.5576814307288556;0.7900606842341328;0.021754373498742145;0.003932902868837118;0.002406884456286207;1.353090238571167;0.0021863744012080135;0.01484375
558;3.936676196060611;1.0;0.5069095261564734;0.6824676870452883;0.03629606550533234;-0.0007871025474742055;0.001698901818599552;1.3572215020656586;0.0014386745519004763;0.0041015625
559;-0.49799449377925864;1.0;0.712475558975088;0.9030280210104795;0.02290255279712906;0.002675919281318784;0.0015897910459898412;1.3301880538463593;0.0018199357786215843;0.0001953125
560;3.177603553385876;1.0;0.49768007191532576;0.6000635197810894;0.00375043533811091;-0.0058460160158574585;0.0013911699934396893;1.3400415122509002;0.0017909224960021674;0.0033203125
561;-1.748218813240025;0.0;0.0;0.0;0.0;-0.0028872693656012416;0.031015551788732408;1.3042334198951722;0.0008966366178356111;0.0013671875
562;-0.27514410057921795;0.0;0.0;0.0;0.0;-0.009106636047363281;0.06112010981887579;1.2897284924983978;0.0010556647670455278;0.0
563;-2.0397256668322212;0.0;0.0;0.0;0.0;0.006436146749183536;0.002700250718044117;1.2953925490379334;0.0012939782696776091;0.0048828125
564;-1.701179012269573;0.0;0.0;0.0;0.0;-0.010853065503761172;0.0019512235186994076;1.3243861854076386;0.0016344357747584582;0.005859375
565;0.7815045620010062;1.0;0.6601863728898962;0.8257788751430396;0.004673215262469846;-0.0023649062495678663;0.0023084488057065755;1.2179433286190033;0.0009215367841534317;0.0037109375
566;4.152865308889461;1.0;0.6538960153929348;0.9492669337894033;0.05950968607830116;-0.008451119624078273;0.001982550817774609;1.2321381747722626;0.001477993733715266;0.011328125
567;3.560096414698312;1.0;0.3972782306978525;0.5488368749214648;0.0;-0.0042342687724158164;0.001826628774870187;1.267559564113617;0.0014189273584634065;0.0041015625
568;-2.244573762406602;0.0;0.0;0.0;0.001994393129891168;-0.0100285752909258;0.0017057507473509758;1.2652024805545807;0.0007856495678424836;0.0048828125
569;-0.9035927602344503;0.0;0.0;0.0;0.0;0.001877866219729185;0.033872322924435136;1.2743820905685426;0.0008994313073344528;0.00390625
570;-1.5667427242700824;0.0;0.0;0.0;0.027766718303128657;-0.0013402752578258515;0.0027070642448961736;1.2163793861865997;0.0007779495324939489;0.00390625
571;4.059379600301786;1.0;0.6527211075538542;0.9715198708175362;0.03198245437436165;-7.539637736044824e-05;0.06289065070450306;1.2336764812469483;0.00013877340825274587;0.0
572;4.239339314050352;1.0;0.6435878268706315;0.9807501645780957;0.09403061710674225;-0.008821213012561202;0.0020585314370691775;1.2710903227329253;0.0009998051566071809;0.0076171875
573;-1.4480139886935153;0.0;0.0;0.0;0.0;-0.009270698670297861;0.06058215820230543;1.30739483833313;0.0008944787667132914;0.0125
574;-0.5025082937854625;0.0;0.0;0.0;0.0;-0.0021981594152748586;0.040343818021938205;1.2981921911239624;0.0008160461089573801;0.007421875
575;4.169917692477858;1.0;0.5512814597523383;0.7991609354137876;0.005707349530956725;-0.003633271157741547;0.004845213086809963;1.2903155267238617;0.0013482763431966304;0.0099609375
576;-15.951588551702063;1.0;0.26586254941189386;0.3266989621086144;0.09478346444913632;-0.0006823220755904913;0.0037222539307549597;1.3083183765411377;0.00035084786359220745;0.0
577;-1.535214816918772;0.0;0.0;0.0;0.003235687996765939;-0.0018921989016234876;0.010362137760967016;1.3214793741703033;0.0007720890804193914;0.001953125
578;-2.537664539616725;0.0;0.0;0.0;0.0028468821192086475;0.0030429077800363303;0.03379015321843326;1.2684940218925476;0.0010437800781801343;0.0041015625
579;3.9420202120160024;1.0;0.6612049340170836;0.8836412212374292;0.03149881001488599;-0.0021080962382256986;0.0011395436071325094;1.2613154709339143;0.0014124686131253839;0.0119140625
580;3.7371489744138287;1.0;0.4513451980605058;0.5542810882996059;0.0017355651605713922;0.001724881399422884;0.02273917304701172;1.2082936942577363;0.0004483665688894689;0.0005859375
581;-1.9303980867283659;0.0;0.0;0.0;0.0;-0.0005473379977047443;0.024903981754323467;1.201275211572647;0.0008776638307608664;0.0064453125
582;4.334310359622494;1.0;0.6602822557804167;1.063833323910397;0.040753383270664044;0.003299118927679956;0.0015689917607232928;1.2355092108249663;0.0016408374765887856;0.01796875
583;2.264097157092759;1.0;0.6521150795164878;0.931210759069265;0.025821978803654888;0.0012307827826589345;0.06053296579048038;1.2706421494483948;0.000664714421145618;0.00234375
584;-2.8325253688867935;0.0;0.0;0.0;0.0;-0.008457964938133954;0.0014335247920826077;1.2190099477767944;0.0009436662774533033;0.004296875
585;4.087706675269692;1.0;0.48173440135298295;0.7651265008708845;0.08490573591078067;-0.0026473991805687548;0.030493332725018262;1.2126435577869414;0.0010021314723417164;0.0046875
586;-1.9358504600224609;0.0;0.0;0.0;0.0029483848475491893;0.007110838079825044;0.07744865845888853;1.2070164740085603;0.0005025746882893145;0.0001953125
587;-2.2068416847977157;0.0;0.0;0.0;0.006115539824972028;-0.004988500941544771;0.002410224633058533;1.1730240106582641;0.0010695636505261064;0.01171875
588;-1.998490125547975;0.0;0.0;0.0;0.0070290693302518924;-0.0008817194029688835;0.001504898993880488;1.1595300436019897;0.0011173073085956275;0.0076171875
589;-0.3777373598126757;0.0;0.0;0.0;0.0;-0.009613036829978227;0.031799841485917565;1.2158884465694428;0.0009895156370475888;0.0078125
590;-1.9725746879902042;0.0;0.0;0.0;0.004392065443605019;-0.00757998013868928;0.02930622638668865;1.259024578332901;0.001390495989471674;0.0087890625
591;3.206282253990927;1.0;0.503198413805512;0.5632225745176214;0.04787102180564111;-0.0007876439951360226;0.022531942930072546;1.2653728485107423;0.0007755150785669684;0.0021484375
592;-2.178322158038618;0.0;0.0;0.0;0.0005870458793101143;-0.005260642664507031;0.0009949979867087677;1.1952315390110015;0.0007469456060789526;0.0044921875
593;2.073964273722381;1.0;0.2036265084884178;0.2726426264210788;0.0;-0.005457174382172525;0.02979608045425266;1.2672886490821837;0.0018334859400056303;0.019140625
594;-0.9969985488123072;0.0;0.0;0.0;0.0008394645652248541;-0.00040810098871588705;0.02977691642008722;1.2876574754714967;0.0012113254517316819;0.00859375
595;2.4062507603418113;1.0;0.1480182325410001;0.1925662601482941;0.002425290050409245;0.0021979193203151225;0.04971070860046893;1.2541395246982574;0.0007820398081094026;0.0046875
596;3.3634305874049892;1.0;0.2558154700494766;0.33113235782283024;0.043200574045497465;-0.001931473333388567;0.029778949823230504;1.267190009355545;0.000744423980358988;0.00234375
597;-1.3550564701004222;0.0;0.0;0.0;0.0;-0.004580417298711836;0.029647326935082673;1.2949442207813262;0.001385613705497235;0.0177734375
598;3.592225747303742;1.0;0.574713759642852;0.7216611027936497;0.06804976422251055;-0.006616907240822911;0.0022217649850063024;1.3319335579872131;0.0015616443706676364;0.01015625
599;-1.1239447097187354;0.0;0.0;0.0;0.0;-0.003417144203558564;0.0024919460935052483;1.3450153827667237;0.0014480249374173582;0.0052734375
600;3.5926179371831406;1.0;0.578224097421232;0.8078801905242717;0.14738848199021304;-0.003927274234592914;0.04901102790609002;1.4064582645893098;0.0013134178123436868;0.008203125
601;3.681071087244375;1.0;0.36701381260131394;0.42760355164151503;0.007092692114020264;-0.004468240612186492;0.029234610334970056;1.35323725938797;0.0008651330834254622;0.0029296875
602;4.122689367561278;1.0;0.5238166851939142;0.6994305615723596;0.03092675771696803;-0.00276656411588192;0.001830339594744146;1.3364615976810454;0.000678930594585836;0.00078125
603;2.9392375715864447;1.0;0.2658768481464016;0.3466977199882392;0.05174696678133799;-0.007243556436151266;0.03132017077878117;1.3332766473293305;0.0007012830348685384;0.0001953125
604;3.794044426373228;1.0;0.501991496964626;0.680038547403379;0.04989161107845064;-0.004385559121146798;0.03155597769655287;1.27591792345047;0.0015675214817747474;0.01328125
605;-2.4519905322791047;0.0;0.0;0.0;0.0;-0.006200535362586379;0.0019126088416669517;1.2528694212436675;0.0009000449441373348;0.0068359375
606;4.350159037780942;1.0;0.4857984964174634;0.698741725704055;0.0;-0.001500238198786974;0.0293522123422008;1.2754799365997314;0.0005557673866860569;0.00234375
607;-1.2771848059671709;0.0;0.0;0.0;0.05423917558161492;-0.006274587148800493;0.0010759121738374232;1.3222926735877991;0.0024208038579672576;0.0248046875
608;3.967338743126231;1.0;0.5511745605233351;0.7172256121332574;0.04701391422064391;-0.000947638344950974;0.0009920321404933929;1.351071012020111;0.0031340946443378925;0.0390625
609;3.9725002983971884;1.0;0.4861407861839097;0.5504489984526967;0.04207132763568745;-0.00662363525480032;0.08611644618213177;1.3797654867172242;0.0009390245075337588;0.003125
610;-7.846679854516042;1.0;0.2895682876269656;0.3386963492615391;0.06187085838808142;-0.005805018497630954;0.030134353716857732;1.332434618473053;0.0007185526541434228;0.0009765625
611;4.174071576393956;1.0;0.600865962754159;0.9681581335750726;0.14298540474418797;-0.007338697975501418;0.016329699446214364;1.2563008725643159;0.00047628543106839063;0.001171875
612;-0.5814203914430783;0.0;0.0;0.0;0.040742733322576184;-0.0032098101917654278;0.0022764842375181614;1.3312230944633483;0.0014270226587541402;0.009765625
613;4.119112717365831;1.0;0.5060317218135856;0.7739515876146043;0.04632152472422298;-0.004901734832674265;0.0016047547396738082;1.3009203374385834;0.0011667102458886801;0.0048828125
614;-3.261283750461387;0.0;0.0;0.0;0.00039785769678803043;0.001138483826071024;0.05351710943505168;1.3376008927822114;0.0006832515588030219;0.00078125
615;3.919789562109974;1.0;0.40509963584398095;0.5417028536210003;0.016018050019501247;-0.005228553176857531;0.02768437978811562;1.356153231859207;0.0013520174426957965;0.011328125
616;2.936987656943168;1.0;0.24516957697524575;0.3621625658268066;0.055640832396396216;-0.0007669549435377121;0.027580683305859565;1.3839630424976348;0.0009707470540888608;0.00546875
617;3.5450927920980746;1.0;0.3737439911353235;0.45449476097678987;0.004467445801742887;-0.005929779028519988;0.0642173245549202;1.3952171742916106;0.0013253929559141398;0.0056640625
618;3.8299295991659883;1.0;0.42585596465928244;0.5416358514294048;0.059416967339432865;-0.001439258991740644;0.002434454852482304;1.3981093645095826;0.0015596756478771568;0.0125
619;-2.5247450635916304;1.0;0.23682108270432226;0.29013779335542833;0.06863718517411299;0.00025197342038154604;0.02724086637608707;1.412680548429489;0.0010352416080422699;0.0029296875
620;2.3746634321087625;1.0;0.36753204177265447;0.511518548664793;0.0018218113483186378;-0.0002780649811029434;0.02704540032427758;1.4039922833442688;0.0008104067528620362;0.00234375
621;-0.9665776944521732;0.0;0.0;0.0;0.026165856002463985;-0.004503038292750716;0.05072015998885036;1.4203968703746797;0.0008210569503717124;0.00234375
622;4.127714381598902;1.0;0.5750792869000421;0.913646240444436;0.04585307739149798;-0.007745029497891664;0.02740519568324089;1.4135188519954682;0.0011375095462426543;0.0041015625
623;-0.9900897837389954;0.0;0.0;0.0;0.0;0.0007168048294261097;0.02618413367308676;1.480491006374359;0.0016264635254628957;0.0044921875
624;2.6412111706392736;1.0;0.3534181275702434;0.37868399821210347;0.048366570034058254;-0.003371196519583464;0.05228078532963991;1.4313861787319184;0.0019225190626457334;0.0181640625
625;3.7269743371835777;1.0;0.49932718701547957;0.6456575840114069;0.026983432569680367;-0.0012160870479419827;0.0016001053096260875;1.3076896250247956;0.0024914489360526202;0.009765625
626;4.247299086531488;1.0;0.5130727265089996;0.7794500054713659;0.05287754712922623;-0.00302218752913177;0.001709085557376966;1.3673652112483978;0.0006543331663124263;0.0021484375
627;4.108463590783797;1.0;0.6048258248286421;0.9825029394154066;0.06017786583917378;-0.00688336999155581;0.0011255525110755115;1.3567618787288667;0.001323593163397163;0.0029296875
628;-0.7944134340581694;0.0;0.0;0.0;0.04854060042563566;0.0008509523468092084;0.050703765777871015;1.403484308719635;0.0015823850641027092;0.0076171875
629;-2.564675919249183;0.0;0.0;0.0;0.03456202708624218;0.0013850898016244174;0.0015796432795468717;1.4061763107776641;0.0009509920608252286;0.0025390625
630;3.1589488606499665;1.0;0.5775261123671438;0.7886054832346935;0.06947449202450917;-0.0037790811620652676;0.0012363444577204064;1.3895634174346925;0.0011446716729551555;0.0078125
631;-2.655324765332299;0.0;0.0;0.0;0.03734439789280115;4.490455612540245e-05;0.0014392421493539588;1.4361120223999024;0.00193832436343655;0.0150390625
632;4.381615286730497;1.0;0.4761980791891121;0.6366666402859683;0.0;0.003964607138186693;0.05666028941050172;1.4370585441589356;0.0019446786958724261;0.0189453125
633;4.038172719317058;1.0;0.36750226535688973;0.4455030762985128;0.04246621040846159;-0.006365083111450076;0.03232671529985964;1.3760567903518677;0.000974294519983232;0.0025390625
634;-0.8298322024229485;0.0;0.0;0.0;0.0;0.003204329265281558;0.027012774301692844;1.3811870753765105;0.0010398697224445641;0.0044921875
635;2.0868342147228987;1.0;0.15552729283782102;0.20474670684854787;0.0005794834353855641;-0.005130121810361743;0.0018442486296407878;1.3648417711257934;0.0020232791197486223;0.0203125
636;3.9254766719637035;1.0;0.6513375256331259;0.9716740804510924;0.07470574777642033;-0.006520604994148016;0.0014747236797120421;1.355028009414673;0.0006665628519840538;0.0013671875
637;3.8062442025372016;1.0;0.4399858970070835;0.47574593878576743;0.06721856965014944;-0.005028041405603289;0.0010945215763058513;1.3502905368804932;0.0013166610384359955;0.007421875
638;4.18736309613491;1.0;0.6238611048559511;0.9183576213562084;0.06228586665174441;-0.007889725547283889;0.05291889305226505;1.315505611896515;0.0024509641458280384;0.025
639;3.978753423938038;1.0;0.5704997812639303;0.8152089615382953;0.0307686930493405;-0.003600228577852249;0.001577375951455906;1.2750533461570739;0.0011751065030694008;0.01015625
640;3.9123714483209096;1.0;0.29360147569350276;0.3343969870433716;0.01223386126331163;-0.005570603325031698;0.05735771134495735;1.345961582660675;0.0007720015477389097;0.0021484375
641;3.705843528817811;1.0;0.5313044649938881;0.6506014977826053;0.04855642289436606;-0.003275371715426445;0.001159624382853508;1.3948984265327453;0.0015548229916021229;0.010546875
642;2.2776001178761938;1.0;0.2663392296860449;0.32128514743556774;0.04433379824899316;-0.01951258713379502;0.043134958809241654;1.4045866012573243;0.0016338528133928777;0.0146484375
643;2.754672887052861;1.0;0.321265963321627;0.41237303030869954;0.0604020115735545;-0.0017058156430721284;0.014947346068220213;1.390543633699417;0.001116216997615993;0.0115234375
644;3.2047241329679577;1.0;0.6679166851639939;1.0144980530530885;0.058167947221293315;-0.0007353450870141387;0.0014259061601478607;1.3369527459144592;0.0008907185983844101;0.0064453125
645;-4.699798213666275;0.0;0.0;0.0;0.038204365946915335;-0.000654494110494852;0.02677822196856141;1.4015807569026948;0.001802103908266872;0.01953125
646;2.3157435120551506;1.0;0.28381576955611415;0.3479628716321334;0.018803322345968605;-0.002272838354110718;0.07331260973587632;1.4518063962459564;0.0025664641172625123;0.0216796875
647;-4.084588446751198;0.0;0.0;0.0;0.0;-0.005270761507563293;0.03002838948741555;1.412334144115448;0.0014469071757048368;0.00625
648;1.5011539397509432;1.0;0.37265229036624686;0.4855961900894435;0.00961966091937245;-0.010748304380103945;0.001346000813646242;1.413660454750061;0.0029076207778416575;0.03359375
649;4.046493237852799;1.0;0.5327402291268235;0.6580473425304966;0.05027420793526454;-0.0009846442379057407;0.023962452355772258;1.4565324068069458;0.0009557192912325263;0.001171875
650;4.49406809741049;1.0;0.7389901158965688;1.1629414940357818;0.018694156881351346;-0.0025628462433815004;0.05376012399792671;1.483769851922989;0.0010585530661046505;0.0033203125
651;-6.75389444407234;1.0;0.2520057442871761;0.3259797001547565;0.07462112708593376;-0.002289436268620193;0.044644935289397836;1.46177396774292;0.0006502792937681078;0.0017578125
652;3.614048970311941;1.0;0.5321829629968892;0.6935184524084537;0.0784963108236321;-0.003216899419203401;0.0026922476652543994;1.476396119594574;0.0015656272182241083;0.013671875
653;-21.0147874551544;0.0;0.0;0.0;0.04812669615226287;0.000938638485968113;0.0276191639713943;1.465602207183838;0.0007184170535765588;0.000390625
654;2.697170915734052;1.0;0.5188182034000532;0.7261065645092757;0.11303084628443434;-0.002916431985795498;0.052619945351034404;1.438478034734726;0.00044492420274764297;0.0
655;3.798556640415628;1.0;0.3929717132543916;0.4614671543508422;0.011850580729315524;-0.0027325758244842293;0.0024432593665551392;1.387996608018875;0.0007176000508479774;0.0021484375
656;0.7698567918294223;1.0;0.7186685010008871;0.9914515449924988;0.07520388974856364;0.0027624540030956267;0.049120988324284555;1.3366169393062592;0.0010059278341941536;0.00546875
657;-0.6694299054011403;0.0;0.0;0.0;0.024837633320035333;-0.0017441331408917903;0.01975572542287409;1.2627063155174256;0.0012836265843361617;0.0134765625
658;-1.4224462450110846;0.0;0.0;0.0;0.02238841019331952;-0.005779787711799145;0.027529451996088028;1.308631956577301;0.000450020469725132;0.0013671875
659;3.354675843667017;1.0;0.43226698503498273;0.5006858415564522;0.11340040639960101;0.003282431047409773;0.024989475146867335;1.3469650030136109;0.0019396928721107543;0.017578125
660;3.6037399344390186;1.0;0.3595447119871092;0.4079293681493172;0.010756337874484634;0.0014516158495098352;0.030083880899474023;1.4055425763130187;0.0017617122386582196;0.013671875
661;-14.862811285211224;0.0;0.0;0.0;0.10949773755209252;0.0001512089278548956;0.02915422888472676;1.3315539598464965;0.0008393810014240444;0.001953125
662;-1.756882284797425;0.0;0.0;0.0;0.0687745114701614;-0.003578866412863135;0.02167957308702171;1.3015758454799653;0.0012476122123189271;0.011328125
663;3.8431148616865864;1.0;0.39203915504012454;0.48873192712386215;0.04761203789676944;-0.004593952093273401;0.002609865023987368;1.3495931088924409;0.0013219402404502033;0.007421875
664;-5.153758100469966;0.0;0.0;0.0;0.04139553524948269;0.0008060297928750515;0.0017025420267600567;1.2922498643398286;0.0021834802348166702;0.008984375
665;3.818794901475743;1.0;0.49400808619141673;0.7119665758285687;0.1245240790248532;-0.0017285750713199378;0.103681530803442;1.3669418275356293;0.0020105062518268823;0.01171875
666;0.4322587919247418;1.0;0.17677127506432322;0.22011371295809284;0.20524751801746474;-0.0006786920130252838;0.00589254624210298;1.3433521330356597;0.0006440798053517938;0.001171875
667;3.8148934275790967;1.0;0.6006969681922875;0.9044506076691042;0.13052193776659582;-0.004688928881660104;0.002373997593531385;1.3177771806716918;0.002912520489189774;0.032421875
668;-2.1513471435321487;0.0;0.0;0.0;0.06093577773502226;-0.00873829359188676;0.0027744882681872696;1.3096333622932435;0.003458001569379121;0.0330078125
669;1.5746983672449688;1.0;0.1420028971508582;0.1898955478957926;0.012516563696627628;-0.003631758503615856;0.002121106261620298;1.2907256186008453;0.0015429620165377856;0.01328125
670;3.092574602640708;1.0;0.3710127742066354;0.4226033024896163;0.025926852682760487;-0.009083246998488902;0.0030750498524867;1.2886879026889801;0.001472602505236864;0.0095703125
671;2.3638484504319974;1.0;0.22179758978521708;0.2759437412437246;0.08676278172824867;-0.007765727816149592;0.0011876245582243428;1.3491265892982482;0.001515417150221765;0.0087890625
672;1.802918391365195;1.0;0.18969471883015854;0.23055330624278741;0.0;0.0029071913566440346;0.02806391199119389;1.417884111404419;0.0006412386661395431;0.0
673;3.7440469008382067;1.0;0.30938195954014047;0.3507337959929599;0.07197799234542503;-0.0046988680958747866;0.0025399416277650743;1.3983100831508637;0.0024405263364315035;0.0205078125
674;-4.887131834382592;1.0;0.22718261986725272;0.2431045446433499;0.13053306726270347;0.0022932639811187984;0.035336322616785765;1.4058136820793152;0.0014380590291693807;0.00390625
675;-5.210151611489549;1.0;0.20223847186474686;0.24380305164523985;0.05040441335405821;-0.0019394943956285715;0.0052604634081944825;1.4261570394039154;0.0019733951077796517;0.009765625
676;3.7109872235627273;1.0;0.5645878482328558;0.8170569604593858;0.07645765240941897;0.002814823854714632;0.031238068430684506;1.4070263385772706;0.0006021701381541788;0.001953125
677;3.5591791674985505;1.0;0.5160621681207134;0.7606953067460113;0.09455075398127691;-0.004744291398674249;0.03232715262565762;1.3686444282531738;0.0006137765478342772;0.0005859375
678;-0.6963467187579745;0.0;0.0;0.0;0.1901147007627044;-0.009370232070796191;0.001328911553719081;1.3738200902938842;0.004231020947918296;0.0666015625
679;-1.2016583787049075;0.0;0.0;0.0;0.013911506931922767;-0.007225691271014511;0.003005191806005314;1.3497894942760467;0.0019147425307892263;0.0138671875
680;-0.6331482940863372;0.0;0.0;0.0;0.0;-0.007622761977836489;0.06861249506473541;1.364033055305481;0.0013939758879132568;0.0126953125
681;3.089166757758915;1.0;0.5258507879581287;0.6710797991462973;0.17403113432296738;-0.0028443071525543926;0.001483795343665406;1.3330572128295899;0.0011671361746266485;0.0041015625
682;3.7895365718987546;1.0;0.5001474681123231;0.6652767660372476;0.020411431674824582;-0.0012160080019384622;0.05616070833057165;1.3597400844097138;0.0017338313744403421;0.00625
683;-3.6963115513897584;0.0;0.0;0.0;0.0006729725901540103;-0.010909086698666215;0.030406966991722583;1.3320089101791381;0.0016460840124636889;0.01484375
684;-1.210177513446811;0.0;0.0;0.0;0.14145237286472181;-0.004559326684102416;0.0019474817556329072;1.3236038088798523;0.001986499689519405;0.0212890625
685;3.9538780102393063;1.0;0.37454168261076115;0.5801895821636738;0.0;0.0002077860292047262;0.0050448169466108085;1.3470916211605073;0.0013530972762964665;0.0041015625
686;3.6022260763696696;1.0;0.3762768052976495;0.4416227167009633;0.02532784907771722;-0.0051143056945875285;0.0016659240296576171;1.3284357249736787;0.002254419948440045;0.026171875
687;-0.7669798941188171;0.0;0.0;0.0;0.003000341777855315;-0.005749630928039551;0.001152868932695128;1.3859010100364686;0.001804018870461732;0.008203125
688;-0.6589775759696324;0.0;0.0;0.0;0.0014572169419984457;-0.0018014675006270409;0.027248447574675084;1.37812642455101;0.001294931722804904;0.0056640625
689;4.250433951699325;1.0;0.5689353603621252;0.9791240013685639;0.09134937018121247;-0.0048250152030959725;0.032283752429066226;1.3318966388702393;0.0006271663936786353;0.0021484375
690;4.4019522836133955;1.0;0.47585051965996206;0.7988911688117395;0.0020928162237988943;0.004346288554370403;0.023830758046824486;1.2767930030822754;0.0013060496654361486;0.0150390625
691;-0.683328731705324;0.0;0.0;0.0;0.135216050696039;0.0007011216599494219;0.0013924226339440792;1.2361151039600373;0.0014761884114705027;0.005078125
692;3.8616997146640504;1.0;0.6025039326246053;0.8805634636429167;0.03280571141240846;-0.009762523835524917;0.0009024113678606227;1.2246381640434265;0.002142690238542855;0.014453125
693;4.170846492080927;1.0;0.41066756959014056;0.6147398679567375;0.017477084792887638;-0.0026653791312128304;0.001042620959924534;1.2384714245796205;0.001142548630014062;0.0095703125
694;-1.9448727929940601;0.0;0.0;0.0;0.00533017344035181;-0.0077629792504012585;0.0011299192905426026;1.311584609746933;0.0010532491374760865;0.0044921875
695;-0.7403647665568543;0.0;0.0;0.0;0.0;-0.0037122133653610945;0.0008407670742599293;1.3502541303634643;0.0019477185094729065;0.0158203125
696;3.720063354692707;1.0;0.5359207163914682;0.7468582944419138;0.07796779454295347;-0.0015328645007684828;0.040222810208797456;1.4158039331436156;0.0009813286364078523;0.0052734375
697;-19.272611881999005;0.0;0.0;0.0;0.07390906802668512;-0.006875378172844648;0.041183076705783604;1.3804976880550384;0.0010778987314552068;0.0037109375
698;4.0135726137079475;1.0;0.4385861557343224;0.6333862277886038;0.025010628255788193;-0.0022967607248574494;0.01391015136614442;1.3381523609161377;0.0008215512265451252;0.0009765625
699;4.328711573095226;1.0;0.5351643560107224;0.9039164427238837;0.12514080551554788;-0.006586564658209682;0.012987666414119303;1.319595342874527;0.0012054083403199912;0.0052734375
700;-2.307393914242455;0.0;0.0;0.0;0.0;-0.00044538588263094426;0.013849865226075054;1.2845910251140595;0.0012063786387443542;0.0029296875
701;3.6426150966401294;1.0;0.47088703887365463;0.690588149120079;0.0033917496773086197;-0.007326162047684192;0.06762223672121763;1.304140043258667;0.0009143755189143122;0.0025390625
702;3.593354894557877;1.0;0.3061134543176249;0.38574411327149716;0.0;-0.0066149188205599785;0.0012319964385824277;1.302727210521698;0.001690306467935443;0.012109375
703;-1.324919198535452;0.0;0.0;0.0;0.006007036539670657;-0.0037823825608938933;0.031598120694980025;1.3315609455108643;0.0008882032940164209;0.006640625
704;3.516833251486465;1.0;0.46890481187463356;0.6835674910660136;0.017978537554928634;-0.003998103039339185;0.03687496315687895;1.3306407988071443;0.0009233925607986748;0.0044921875
705;-0.45591598939485806;0.0;0.0;0.0;0.0;-0.008891176152974366;0.06628162264823914;1.2954335629940033;0.0015423608943819999;0.007421875
706;4.1395718409143365;1.0;0.43866495454055154;0.661904037748466;0.021999030563430434;-0.004129310464486479;0.0019977268122602252;1.2683386385440827;0.0011988154030404985;0.0037109375
707;-15.218386779017738;0.0;0.0;0.0;0.015047816945619557;-0.0013490717392414808;0.0011311856826068834;1.3014966368675231;0.001572863571345806;0.0125
708;3.9849730490444983;1.0;0.46488791490905806;0.7319754978148189;0.016120626371521223;-0.0046609794488176705;0.001026322616962716;1.341281348466873;0.00111439157044515;0.001953125
709;-0.20203894507156278;0.0;0.0;0.0;0.0007048818027783804;-0.003302431292831898;0.0008524425822542981;1.3918768107891082;0.0013880818034522236;0.0076171875
710;4.2052812882707755;1.0;0.4459478764960245;0.7059423854501681;0.0;-0.001327265612781048;0.03230892035644502;1.4647378504276276;0.0010813170578330756;0.0015625
711;3.732762133281928;1.0;0.2264973223282994;0.2631413689403223;0.020770813800808755;-0.008685179078020156;0.0008366252179257572;1.4602694153785705;0.0017342734499834478;0.0146484375
712;2.7258977748552105;1.0;0.47502508245106445;0.6754096420264961;0.04474102220599843;-0.000908130593597889;0.0007382536248769611;1.5172183573246003;0.001451731496490538;0.005078125
713;4.3220450250261555;1.0;0.6347477434223661;1.0541980706914296;0.11741227710919616;-0.009353722631931304;0.0007819835678674281;1.5272938013076782;0.0017395482398569583;0.004296875
714;4.0516614945670435;1.0;0.3521169771249265;0.5632890424270015;0.09743249121121433;-0.0173713322263211;0.0009230289346305653;1.3984766960144044;0.002000310958828777;0.0185546875
715;3.680857009712745;1.0;0.46256574170773107;0.7342749569915479;0.014281795601220395;-0.004864170937798918;0.001063539696042426;1.382280457019806;0.0008468107203952968;0.0037109375
716;4.144061611055428;1.0;0.5368210222144869;0.8719427484050247;0.11894858110577346;-0.010451021883636714;0.000764845049707219;1.4013695299625397;0.0012457579490728677;0.005078125
717;-2.0186538030282732;0.0;0.0;0.0;0.028304732250132778;1.586414873600006e-05;0.0011479953653179109;1.4292796194553374;0.0015281877247616648;0.012109375
718;-1.7667967618685776;0.0;0.0;0.0;0.006748426980839313;-0.0034604874439537526;0.0010828544152900576;1.4109829187393188;0.0005440401379019022;0.00078125
719;3.39973475919868;1.0;0.47588369170038225;0.7365997862716771;0.02296216861844739;-0.007081588543951511;0.0007740499946521595;1.380123633146286;0.001506863790564239;0.0119140625
720;3.9172966012780392;1.0;0.5128754664149932;0.8280879899330985;0.17013486781778248;-0.00547398179769516;0.0007323133613681421;1.3952202320098877;0.0009567693807184697;0.00234375
721;1.388619301234485;1.0;0.23779754664591246;0.31882806148804943;0.016911384281405376;-0.008166545210406185;0.031756914092693475;1.4189720690250396;0.0009094570064917207;0.005859375
722;-0.8635251996416539;0.0;0.0;0.0;0.034447511655750454;-0.004991761827841401;0.05294582103379071;1.3308690369129181;0.0008450333145447076;0.00234375
723;-2.025196019699861;0.0;0.0;0.0;0.054340507250976985;-0.004554920736700297;0.03476682878099382;1.3782201647758483;0.0006351424497552216;0.0005859375
724;2.2613774514018807;1.0;0.1429785956902783;0.21399547754037213;0.010089117658380399;-0.008309147180989384;0.0012466112995753065;1.3072056293487548;0.00185206028399989;0.017578125
725;3.873368618603638;1.0;0.6107339592312949;0.9783839068472547;0.0817360072665312;0.0005369821097701788;0.029160804371349512;1.350067037343979;0.0023486609337851406;0.0236328125
726;4.27999627675668;1.0;0.4603422353669462;0.6871408190521436;0.0378573346239863;-0.009119998849928378;0.0012439974263543264;1.2819131374359132;0.0010331572499126195;0.0076171875
727;-1.5160401829435495;0.0;0.0;0.0;0.0;-0.0008738594595342874;0.0008650564617710188;1.3421972453594209;0.001993536134250462;0.0203125
728;-0.7634241431611168;0.0;0.0;0.0;0.0;-0.00042628427036106586;0.0013624738639919087;1.4044880211353301;0.0013075352879241108;0.007421875
729;4.067271766379639;1.0;0.520684416082236;0.7930152825593632;0.008697639203797698;-0.0027719211066141725;0.0935823330655694;1.4158704698085784;0.0014473552582785487;0.010546875
730;2.7506601716702463;1.0;0.24167734636791344;0.31434092207705494;0.08066463206851913;-0.009724278841167689;0.061861608922481534;1.423374778032303;0.0007445231196470559;0.0033203125
731;4.355333929143136;1.0;0.5460658936355562;0.8560695466676177;0.018773161963797233;-0.004447490535676479;0.004489519901107996;1.3230197489261628;0.0012775668990798294;0.010546875
732;3.4948350321947252;1.0;0.27458190286267203;0.3736970367933084;0.05932305923812647;-0.013646694552153348;0.001964197703637183;1.3002864718437195;0.0042651102761738;0.04765625
733;0.5142434991222435;1.0;0.2060078364966182;0.28895228514959803;0.0007071531368202756;-0.003721516998484731;0.03979047695174813;1.3062363862991333;0.0010761544690467417;0.00390625
734;3.5194538793780916;1.0;0.21416358005304087;0.24158289853113196;0.01642244840625343;-0.011380493408069015;0.0386560196056962;1.344527244567871;0.0015148723963648082;0.0099609375
735;2.955888522841294;1.0;0.2363826844387369;0.31174691824609985;0.10061079425008575;-0.0027266978984698655;0.0325751565862447;1.3996648073196412;0.0026063183089718223;0.0267578125
736;3.6466130310651215;1.0;0.40743353352698053;0.55797469445032;0.09508233881078362;-0.007746935449540615;0.06257116310298443;1.393081647157669;0.0020807410357519983;0.0197265625
737;3.5132714995544605;1.0;0.2860449222856417;0.3692439766441218;0.06588525938998226;-0.0004934486001729965;0.0014315265929326416;1.4703555941581725;0.0013574193813838064;0.0052734375
738;3.657309173698886;1.0;0.2971778487801321;0.3732281384817957;0.0563704300234156;0.0018617695197463036;0.02915518279187381;1.4501852989196777;0.0011098367162048818;0.002734375
739;3.2085416870185313;1.0;0.33322609935744113;0.4202510567117446;0.03808469972183522;-0.011218201136216521;0.002038859901949763;1.293255376815796;0.0015508743235841393;0.0099609375
740;4.2548798562399135;1.0;0.5918031696973571;0.9104590227457311;0.04845448848495538;-0.001341388002038002;0.023159828159259634;1.2676871597766877;0.0008663266315124929;0.0037109375
741;3.1069408619702084;1.0;0.34639069173647746;0.47856150500057104;0.09462759713848701;-0.004106422606855631;0.0012794305628631264;1.3523828089237213;0.0009402190102264285;0.00390625
742;4.366388520755633;1.0;0.5727771557311769;0.7914474103602624;0.019874298518620676;-0.0009624108206480742;0.0296914387261495;1.348912388086319;0.0010343578876927495;0.0046875
743;2.8691529085736978;1.0;0.2922625584374746;0.358723556645101;0.11726759057181813;-0.010541958874091506;0.03862509508617222;1.3936608493328095;0.002081893989816308;0.01640625
744;2.942778507571582;1.0;0.28062700216580433;0.33167049610696686;0.06020861608800595;-0.010314688459038735;0.0033176402910612525;1.400364476442337;0.001129388774279505;0.0056640625
745;1.3490476300113567;1.0;0.4324652832662831;0.5578664344261589;0.06276449181674595;-0.007210735371336341;0.0024896534741856158;1.4557730078697204;0.0016447759116999805;0.0109375
746;4.3827654108158365;1.0;0.5762829248261491;0.8891379822688902;0.029533258371969583;0.0046825113240629435;0.05455289827659726;1.3966008365154265;0.0004278658772818744;0.0
747;4.487267305697458;1.0;0.7315684360240382;1.1426964947268736;0.027945114553812947;0.0004796058870851994;0.031055878638289867;1.2863821029663085;0.0006977541954256595;0.00234375
748;3.363274016156706;1.0;0.30031454852499984;0.40874139800190196;0.09943918242679169;0.002333108987659216;0.030024080909788607;1.2251193523406982;0.000549337174743414;0.0029296875
749;2.909226879709091;1.0;0.26236840692136587;0.3013718828811611;0.03182359854555105;-0.0035073320381343366;0.001730609015794471;1.2509322226047517;0.0007029325002804399;0.001171875
750;4.3388830346244145;1.0;0.5609249757011243;0.8049602032519955;0.005711430299957831;0.0016830417793244124;0.0011258399841608479;1.2590382158756257;0.0007890016539022326;0.005859375
751;2.496913049397836;1.0;0.30826031601254666;0.35137226134917765;0.08995011329852577;-0.011868142848834395;0.11995822731405496;1.2853503465652465;0.0018266571336425842;0.01484375
752;1.759344165779431;1.0;0.2484919913198746;0.3071692357376677;0.058070926209604024;-0.007171121030114591;0.030362058151513337;1.373527419567108;0.0017177186091430485;0.01640625
753;-14.033670739807265;0.0;0.0;0.0;0.0;-0.003996495995670557;0.0016973814868833869;1.3751195192337036;0.0011132688145153225;0.005078125
754;-0.5758617476342036;0.0;0.0;0.0;0.026760321955880254;-0.0071849255356937645;0.033210160303860904;1.3447994470596314;0.0011348807020112872;0.008203125
755;-1.1354093771064624;0.0;0.0;0.0;0.01084087320681269;-0.008550661575281993;0.0018694054801017047;1.2879940629005433;0.001579271722584963;0.01796875
756;-1.2267713811308347;0.0;0.0;0.0;0.04084937015535531;-0.002622110303491354;0.03248383025638759;1.27880699634552;0.0010520774638280272;0.0060546875
757;2.6573461967851095;1.0;0.19777842550058441;0.29345250988012694;0.05686189729402734;-0.007429328095167875;0.041088808234781025;1.3214082181453706;0.001516435295343399;0.0103515625
758;4.019414234550117;1.0;0.3536825619948335;0.48211935622771923;0.013786869114901915;-0.0016178395599126816;0.03031520051881671;1.3303027272224426;0.0014895469648763537;0.0052734375
759;-0.8976317612007205;0.0;0.0;0.0;0.05738645164190801;-0.005774224689230323;0.004303665389306844;1.3403690099716186;0.0018147025955840945;0.0142578125
760;3.3912432452684342;1.0;0.3171969113367832;0.45834980261929054;0.060479818135772724;-0.009146423311904073;0.0024096693145111204;1.3316308557987213;0.001281650667078793;0.0111328125
761;3.3118209663843508;1.0;0.2147693407953548;0.30603686512810435;0.02261735841076881;-0.00859266947954893;0.0019665239669848233;1.3596239387989044;0.00124463124666363;0.006640625
762;4.266541769307294;1.0;0.4715442777141398;0.7073751032124334;0.021747339340342856;-0.005223292019218206;0.03118786900304258;1.384898203611374;0.0025707028224132957;0.0302734375
763;4.178932586084686;1.0;0.3771420420308575;0.5231443455385368;0.015325179858620782;-0.002349913865327835;0.026794112427160142;1.3549758791923523;0.0007900972035713494;0.007421875
764;3.6263411607828933;1.0;0.381813084920022;0.5754644224431388;0.06609321081051371;-0.003128089336678386;0.029811005899682642;1.3377662420272827;0.00045516665559262035;0.000390625
765;4.371305743710727;1.0;0.6934028606049111;1.0827709476453202;0.03825439948841924;-0.0011810302734375;0.062114288471639155;1.3004578232765198;0.0005105116171762348;0.0001953125
766;3.717952280674834;1.0;0.35099440913578756;0.5266874796833312;0.050159668214467996;-0.0076197398826479915;0.01395146008580923;1.2887230515480042;0.0020259813754819334;0.016796875
767;3.336953464127441;1.0;0.46547577829744835;0.677039642333938;0.069388469572551;0.0026157291256822647;0.02952945460565388;1.2889714896678925;0.0005639991955831647;0.0009765625
768;-0.602060336799119;0.0;0.0;0.0;0.05341516134851417;0.0019326551584526897;0.023671198880765586;1.2048383355140686;0.0005130588659085333;0.0
769;-1.4608713489567746;0.0;0.0;0.0;0.03202866538717162;0.0022255069576203822;0.06894173994660377;1.2137120723724366;0.0005146478186361491;0.0001953125
770;3.531441038019775;1.0;0.33805968355620614;0.4177575642870039;0.031208095163672792;-0.0034738452173769473;0.012200434505939484;1.185368037223816;0.001327865954954177;0.0091796875
771;-0.21530069920201478;0.0;0.0;0.0;0.0;-0.0020008526742458345;0.04240953717380762;1.2673649668693543;0.000971988239325583;0.0046875
772;2.8520314702832934;1.0;0.24438706602080443;0.3088441449237224;0.04306700656916467;-0.0025779722724109887;0.012248465744778513;1.3087891817092896;0.001724353665485978;0.01875
773;-2.149215338500301;0.0;0.0;0.0;0.04706377287232851;-0.010903064347803592;0.02702568834647536;1.3373056471347808;0.0017987518687732518;0.0162109375
774;0.8252228209839654;1.0;0.16072738061803415;0.2292076475363717;0.0786114215062948;-0.005013918410986662;0.016449210001155734;1.4096870839595794;0.0019160493975505233;0.012109375
775;-2.121200449197772;0.0;0.0;0.0;0.07541966377446664;-0.004085509292781353;0.04668023446574807;1.4260887444019317;0.0007091736886650323;0.0029296875
776;3.934813286851062;1.0;0.39479079513640475;0.48979755822784765;0.02446557874580028;-0.014057958777993918;0.0427316952496767;1.4710743844509124;0.0019447101280093194;0.017578125
777;3.155613647148687;1.0;0.15300461092986112;0.16673594558948834;0.003917071244771492;0.004339593159966171;0.005392406834289432;1.3926877915859222;0.0008828999940305948;0.001953125
778;3.1624664336421193;1.0;0.18780164844122035;0.21504694757425943;0.029819909754430305;-0.002660582587122917;0.001496206352021545;1.4228920996189118;0.0008308985619805753;0.0029296875
779;3.0016126951050306;1.0;0.37412461495496435;0.4457579596205809;0.03771681875628235;-0.004637606116011739;0.0010733172326581552;1.4162673652172089;0.0011785401962697505;0.0060546875
780;3.8665874068338764;1.0;0.4091240521387512;0.5356895326048892;0.041295211509824716;-0.004631643916945904;0.069483532756567;1.3723474323749543;0.0005653452244587243;0.0
781;3.148799658655654;1.0;0.4431658153477443;0.5031585742325517;0.08076932835350509;-0.0036487683188170194;0.0018807744549121709;1.3246513783931733;0.0008381191059015691;0.002734375
782;3.493921041438567;1.0;0.38737438853192707;0.5061956146911901;0.03620901096310114;-0.005670382385142147;0.001245431217830628;1.3100044131278992;0.0009539289399981499;0.0064453125
783;2.455435228597575;1.0;0.4199578197996639;0.4795746889999764;0.070551616578034;-0.007915087975561619;0.0012119898456148803;1.3685801208019257;0.0015414606081321836;0.0103515625
784;3.4766232169619147;1.0;0.35496549403863015;0.46695939360841665;0.04907546755282985;-0.0015121152391657233;0.06568547915667296;1.4281478345394134;0.0009377580834552645;0.0025390625
785;3.641146549036922;1.0;0.3146477175745065;0.35038574356105145;0.023543735998817823;-0.006728030694648624;0.0023513248015660793;1.4278875887393951;0.0015380146214738488;0.0095703125
786;-4.704014092763338;0.0;0.0;0.0;0.010779586933573188;0.00275117140263319;0.0027133632625918835;1.3681523561477662;0.0013438456342555582;0.0044921875
787;2.972671133551066;1.0;0.3108522253352012;0.37497597879588995;0.062117743827279845;-0.004099730681627989;0.03691362203098834;1.3399992167949677;0.0006984729086980223;0.0
788;3.26942489210089;1.0;0.37996916256210583;0.45056220410448533;0.036225255105791825;-0.002290783729404211;0.0074708702275529506;1.3721686840057372;0.0006591449491679668;0.001953125
789;3.5277481540653017;1.0;0.2978829664215326;0.35826758792489505;0.027440577938212075;-0.00956841385923326;0.017999744025291874;1.3305217742919921;0.0006344514200463891;0.0046875
790;1.7054677149234139;1.0;0.2542315172121373;0.3285431537700966;0.02006746267014524;-0.008719271677546204;0.00804480934748426;1.3060542941093445;0.0009924760437570513;0.0060546875
791;3.8915836194252043;1.0;0.29515761713748695;0.36345994427140754;0.014086231583301089;-0.00999872898682952;0.0021754012850578874;1.315985119342804;0.000585528532974422;0.001171875
792;3.1836168697398923;1.0;0.4989484413323536;0.6184000261364652;0.0697063044992904;-0.010216719098389148;0.001293482823530212;1.341120684146881;0.0010679972707293927;0.0029296875
793;1.9282645231739006;1.0;0.24401068487377536;0.2904376052176074;0.07453792364839604;-0.0016110199503600597;0.03385811168700457;1.468022984266281;0.0010501790675334632;0.0033203125
794;3.840902433176516;1.0;0.27272376995757;0.33220300941601455;0.02484887601745955;-0.0038081999402493237;0.003168026136700064;1.434452188014984;0.0013704235781915486;0.006640625
795;3.649526427559803;1.0;0.3391032649979872;0.41651353174998723;0.020757240591051575;-0.0083728380035609;0.004774078581249341;1.4747180461883544;0.0024094436201266946;0.025390625
796;3.1616710674415813;1.0;0.4196855643175646;0.514175946753659;0.03599702065812314;-0.0012726765591651202;0.06943305432796479;1.4675285577774049;0.0008240848663263022;0.0041015625
797;3.57616715718922;1.0;0.2816564022980778;0.3509345285678148;0.01630880167007947;-0.004954552464187145;0.030144114047288895;1.4911316156387329;0.0008144661434926093;0.0025390625
798;3.27302849464353;1.0;0.3353069559952829;0.39412592121524076;0.027957928720909665;-0.0028905681101605296;0.0014720982144353911;1.533583390712738;0.0017923341249115766;0.016015625
799;-0.7746218562790055;0.0;0.0;0.0;0.016334125238558653;0.0036691053304821254;0.03142539181280881;1.485634446144104;0.0025175369111821054;0.03203125
800;2.900018749896992;1.0;0.42009043610192665;0.48204803498007676;0.056097628550060175;-0.01111431922763586;0.03447109723929316;1.4524444937705994;0.0013859338941983879;0.00703125
801;2.815854041881213;1.0;0.2597489173795783;0.3380750514022582;0.06472205673592117;0.005097813066095113;0.05817211102694273;1.370033222436905;0.0004231413826346397;0.0
802;3.0705117626797254;1.0;0.19349728174525394;0.24060854228272657;0.018747772513711954;-0.0087853908771649;0.002262584847630933;1.3491363108158112;0.0027860543923452497;0.0353515625
803;3.5814582016916208;1.0;0.3413199149845274;0.5026309422791935;0.043950148623783145;0.003242235630750656;0.03000775957480073;1.3761080145835876;0.0016595656634308398;0.0111328125
804;2.495927831255183;1.0;0.326029708264042;0.4407081636081848;0.06435838110639767;-0.00879578604362905;0.0009606037492631003;1.3893235087394715;0.001950336596928537;0.0171875
805;2.1728310817743695;1.0;0.16189222075545479;0.20503525145229567;0.01487846848425282;-0.011745036905631423;0.03156991549767554;1.308641266822815;0.002350179199129343;0.0265625
806;-0.38494059452001256;0.0;0.0;0.0;0.03059571028331858;-0.0032559796934947373;0.0014329676865600049;1.2780636072158813;0.0010047745308838785;0.0064453125
807;3.207337789584488;1.0;0.32818023041497374;0.4270249191129943;0.03735423519574094;-0.002731097140349448;0.000968171947170049;1.2823611855506898;0.0021641250932589173;0.0177734375
808;2.3655166413770883;1.0;0.20439512895659392;0.28685802960736406;0.02518690925453845;-0.008366826688870788;0.0010713611292885617;1.304544413089752;0.0010734233423136176;0.0048828125
809;-5.217351464640885;1.0;0.208647621513201;0.25417289171310503;0.042423881616299654;-0.004588451469317079;0.03180393159855157;1.3847146511077881;0.0010757252224721015;0.004296875
810;2.583493310675693;1.0;0.16994185344823312;0.2316179295444897;0.03355813572012877;-0.003507384529802948;0.0016550913627725095;1.4374926686286926;0.0016881713061593473;0.01328125
811;4.127215111058444;1.0;0.4281706342568729;0.5677672582061573;0.02688797424984572;-0.004241557605564594;0.0010258878028253093;1.3934218645095826;0.001471230771858245;0.012890625
812;3.904045920291486;1.0;0.2707385468251635;0.38354827832962946;0.009222511843487331;-0.005549510614946485;0.03825362604111433;1.3871937334537505;0.001297395455185324;0.0078125
813;4.385324056603665;1.0;0.5432332637005014;0.823883889864891;0.010595374488614811;-0.012776258820667862;0.007812146190553903;1.3696906685829162;0.001440647873096168;0.008203125
814;3.996733910278312;1.0;0.47277869807042516;0.6043402395101939;0.032120013472231555;-0.0022148963296785952;0.008460844820365309;1.3363630890846252;0.003538942022714764;0.045703125
815;-2.8154883893924203;0.0;0.0;0.0;0.048246930876611825;-0.0030266596004366875;0.0013198897067923099;1.365138167142868;0.0008663464454002678;0.0037109375
816;-1.6873597036272443;0.0;0.0;0.0;0.0413536280685619;-0.0034184388816356657;0.028550137230195106;1.2873521447181702;0.0009149613906629384;0.002734375
817;2.708574802951215;1.0;0.2429782280551011;0.3366738496271201;0.026656867702736443;-0.006136979348957539;0.0010757575306342914;1.2820824921131133;0.0018196700373664498;0.0154296875
818;-1.2138456509963578;0.0;0.0;0.0;0.032353376552197215;-0.0015770558267831803;0.0662328471429646;1.2786340534687042;0.0015617914730682969;0.012109375
819;-3.7138590924390305;0.0;0.0;0.0;0.08916106986086787;-0.0033888532780110836;0.003447739384137094;1.3265400767326354;0.0009531298652291298;0.003125
820;3.385103525225369;1.0;0.362287230186623;0.5026991487397979;0.10683202079361045;-0.012300072051584721;0.06965637691318989;1.3373407900333405;0.0012718807440251112;0.0078125
821;-11.68691978332547;0.0;0.0;0.0;0.0;-0.008477194793522358;0.0025556299835443495;1.3519826054573059;0.001252335263416171;0.009765625
822;3.571467842864325;1.0;0.2298252719211924;0.29613769041317983;0.03503327107069973;0.005680084135383368;0.005394833686295897;1.2961400985717773;0.0006047316361218691;0.0009765625
823;-2.3503060952471704;1.0;0.2106471534463991;0.2775697923905231;0.07793501465109684;-0.002963989321142435;0.037305667996406555;1.2624905467033387;0.0014460513251833619;0.010546875
824;3.269591207168648;1.0;0.1680072370704784;0.22462728825942163;0.011691672894110956;-0.006125000678002835;0.0026987530989572408;1.2903001308441162;0.0014867701102048159;0.0158203125
825;-8.115138128041037;1.0;0.21212924821103304;0.2773326885132884;0.04649094240858045;-0.001155092054978013;0.034655813267454504;1.2304853081703186;0.0014199009165167809;0.0111328125
826;2.887587621346623;1.0;0.37034694955505726;0.4465211724926654;0.02766515365546492;2.870539901778102e-05;0.0042250600061379375;1.2737833201885223;0.0012703109765425324;0.005078125
827;3.464332878227366;1.0;0.4175409916997273;0.5467079174448879;0.04594580271469123;-0.00396672748029232;0.038549013528972866;1.3521288633346558;0.0003428671043366194;0.0
828;1.9614630857976474;1.0;0.24416306605172447;0.308662210069157;0.04905394257095989;-0.003572634793817997;0.03958965712226927;1.388477522134781;0.0017596481717191636;0.0169921875
829;3.222718676006165;1.0;0.34801482904024655;0.44555441564766796;0.022738728671376406;-0.0029407224617898466;0.004209969122894108;1.3982010662555695;0.0012883750488981605;0.01171875
830;3.7345057020744123;1.0;0.34612047328826684;0.4294593373717548;0.012758420582911042;-0.007174973376095295;0.03939648065716028;1.3458300709724427;0.0006140351528301835;0.0001953125
831;3.8396121243609214;1.0;0.3221046160442559;0.3919881805747654;0.011752711276678231;-0.006129716453142464;0.007365160621702671;1.3245196163654327;0.0015181809896603227;0.0138671875
832;3.8314934192251826;1.0;0.32852541117153966;0.418734763273634;0.0035768908309257307;-0.004097978980280459;0.03476586854085326;1.2665761947631835;0.0007988614728674292;0.003125
833;3.855084668013291;1.0;0.3741096422352223;0.49516953988426105;0.01624918604835068;-0.007216857001185417;0.03605752526782453;1.2943789780139923;0.0007361256284639239;0.003515625
834;3.495476040505414;1.0;0.43184910386989633;0.6140008442926945;0.056552131868851566;-0.000961986742913723;0.029824945842847228;1.3210982978343964;0.0008964155451394618;0.005078125
835;3.575174799326641;1.0;0.3680028461089408;0.4954241120125006;0.029612644217648924;-0.0042384805157780646;0.07989460360258818;1.3331582248210907;0.0011387436068616807;0.0046875
836;3.6280096707517226;1.0;0.3979787607100291;0.5244505786695357;0.02396232051386544;0.0010396422352641822;0.005895141302607954;1.2581502497196198;0.0013862824416719377;0.006640625
837;-1.1257253772950504;1.0;0.37571083529920624;0.491206707060441;0.03825240572164186;-0.0043532064650207754;0.011973135225707665;1.2230867922306061;0.0011008861707523464;0.0052734375
838;3.4632815709299423;1.0;0.27878649724890736;0.33924500462743357;0.03835143502830646;-0.011632925504818559;0.0016972597688436509;1.2572112500667572;0.0005299338605254889;0.0015625
839;3.9702236617060245;1.0;0.36055446563577087;0.5139756842068829;0.03058173978191706;0.005973920458927751;0.03157497993670404;1.267688363790512;0.0005216964404098689;0.000390625
840;3.3567490268955265;1.0;0.19287299307535982;0.21985021411823094;0.011571606228254972;0.0010651553981006145;0.02907403400167823;1.3576153934001922;0.0012300080619752408;0.012109375
841;3.353957228149771;1.0;0.44174294214598725;0.5812798582124091;0.07359102207531613;-0.0005313177593052387;0.012584081490058453;1.326189213991165;0.0008486828650347888;0.00234375
842;4.2596084250519075;1.0;0.47013490377741657;0.5909009191295309;0.02703399707857648;-0.0021110687404870985;0.002915603294968605;1.3065116286277771;0.0010506648453883828;0.005859375
843;2.673705677954564;1.0;0.38408185190114863;0.4725220876778377;0.06756202089449849;0.003586244909092784;0.0015128229162655771;1.2747194051742554;0.001478652935475111;0.0146484375
844;3.7526264501038287;1.0;0.34015924395298863;0.438384123862124;0.02057124918211694;0.0003128569573163986;0.0012355207931250335;1.2881105303764344;0.0014547394821420312;0.0115234375
845;3.779325748931324;1.0;0.2810753970831275;0.36720100855690463;0.019018799968450264;0.00014471104368567466;0.0012807336985133587;1.326681250333786;0.0007080572773702443;0.0001953125
846;3.4757180187764067;1.0;0.3057115489023034;0.36886591734003255;0.023556768742702513;-0.008244544686749577;0.04863835277501494;1.356635969877243;0.001501807977911085;0.004296875
847;1.1639894035161085;1.0;0.4342796913044182;0.6093825062292675;0.014245824313114538;-0.003404558217152953;0.03222710830159485;1.3060231029987335;0.0011743545066565276;0.0056640625
848;3.9523275627531915;1.0;0.2816445669804795;0.36224838314052477;0.006864517205226042;0.00047887181863188745;0.0016394897655118256;1.2664263069629669;0.0013344823964871466;0.0048828125
849;-0.3289832089069398;1.0;0.22672566345716658;0.260352500451405;0.036676052071185516;-0.004827460972592235;0.06327844252809882;1.2881707012653352;0.0015096625895239413;0.012109375
850;3.034558492286534;1.0;0.2549762390135417;0.32613515994870007;0.034858672354563636;-0.002248094603419304;0.03305703224614263;1.2627651751041413;0.0014688998693600298;0.0103515625
851;3.3104943738687895;1.0;0.19708330000006316;0.2697712831978077;0.016292571452203735;-0.0032131695188581944;0.05774481389671564;1.1890702962875366;0.0011248389375396073;0.0033203125
852;3.4213797882148405;1.0;0.3477043373977022;0.4445569033884218;0.02776669110452595;-0.01102272504940629;0.031192735116928817;1.162731444835663;0.0007254673400893807;0.0052734375
853;2.652673766670638;1.0;0.40907339963862044;0.5403165449055753;0.039897476079785645;0.000978935114108026;0.004032805107999593;1.1456076383590699;0.0009050902561284601;0.0033203125
854;3.6344746646753916;1.0;0.2726618619439201;0.35859666568899057;0.02884821077930414;-0.015847483463585377;0.05829700818285346;1.1972730040550232;0.0014853253727778793;0.012109375
855;3.0188542570430115;1.0;0.6593365918862951;0.9248557984145439;0.058152760881629684;-0.0039529493544250725;0.0023482603544835003;1.2459912955760957;0.0009100443217903376;0.005859375
856;2.5934351437899346;1.0;0.2582021366526555;0.32833004866892973;0.04790041180758285;-0.007661116309463978;0.0017752188490703703;1.2266711235046386;0.0015586090041324497;0.009765625
857;2.8684074409191385;1.0;0.6777874912051723;1.025250116359932;0.1057451803888438;-0.0032172085018828513;0.02833328302949667;1.2089396595954895;0.0008827653364278376;0.0041015625
858;1.6108495418247903;1.0;0.20755006230276107;0.2700478802676129;0.028411648178636957;-0.001666841935366392;0.055795092787593606;1.20567085146904;0.0006120951729826629;0.000390625
859;-1.7533791305053497;0.0;0.0;0.0;0.026618265526104353;-0.0043553571915253995;0.008486925082979723;1.274789184331894;0.0004941955907270312;0.0
860;3.733132640935359;1.0;0.30068078526981423;0.40580465648029207;0.020733572097933223;0.0022205887362360954;0.02861305708065629;1.283357435464859;0.0002837822074070573;0.0
861;2.3114222926114025;1.0;0.2916013099768448;0.38650405792290277;0.03318719217508356;-0.011428780225105583;0.03433315698057413;1.2616985619068146;0.0007482193876057863;0.0
862;2.8965015096878184;1.0;0.41484333290278824;0.5333091273225197;0.03807346144511997;0.0019744748249650003;0.001884110877290368;1.2046182572841644;0.0005533177522011101;0.0005859375
863;-0.5360749697054396;0.0;0.0;0.0;0.02844572921125612;-0.0011084748897701503;0.020572388800792395;1.2250039875507355;0.0005791236646473408;0.0009765625
864;3.00209790229628;1.0;0.366609828901208;0.4773062709440759;0.07166630660747175;-0.0014503218699246645;0.07515246346592903;1.298805683851242;0.0012237096321769058;0.0056640625
865;2.7357091472803106;1.0;0.18841719308515933;0.24673828955242358;0.03322435972883027;0.0010187990963459014;0.004853028920479119;1.3189178943634032;0.0008844454539939761;0.000390625
866;3.0278292146320314;1.0;0.36450691682625297;0.43252740520611466;0.0323451547701373;0.003992990404367447;0.02771761263720691;1.3459547877311706;0.0011036820127628745;0.00234375
867;3.9965714438796316;1.0;0.29564682424074745;0.36874747227556237;0.0011311746620524666;-0.004193909233435988;0.017549405805766582;1.2865683138370514;0.0015241454006172717;0.001953125
868;3.6020109625837886;1.0;0.4283351230952693;0.5704952487228463;0.04338026491714259;-0.006260933727025986;0.09270436614751816;1.1849235773086548;0.001207781583070755;0.0087890625
869;1.925025138508219;1.0;0.17146564314706375;0.21875011060503877;0.03404342736690225;-0.003125444706529379;0.015864258026704194;1.17958145737648;0.0012747703352943064;0.0109375
870;3.518512719446809;1.0;0.32676321359526905;0.42888016106304894;0.0;-0.0031241233926266434;0.05861349776387215;1.1557114481925965;0.0013506453018635512;0.0109375
871;3.752151078398234;1.0;0.3936639027752242;0.5639415795837397;0.04802107947379119;-0.0034943418577313423;0.0035575403599068522;1.1478042542934417;0.0017302769934758543;0.016015625
872;3.6089436281514087;1.0;0.351278535048246;0.532666869751752;0.04800352871735356;-0.0009936569724231959;0.027179532055743038;1.0705882251262664;0.0012388614472001792;0.003515625
873;-1.244660657368729;0.0;0.0;0.0;0.032834754474138604;0.0008292336016893387;0.0029867822071537376;1.0078051000833512;0.0008047614013776183;0.0037109375
874;-3.349402283574646;0.0;0.0;0.0;0.044807131889601504;-0.0030616252217441796;0.002184344100533053;1.0498414099216462;0.0003895085770636797;0.00078125
875;3.3842911114668963;1.0;0.341020733352224;0.42144373286558307;0.050499510931949376;-0.0027801665477454663;0.0019808576616924256;1.0128174364566802;0.001060786982998252;0.0046875
876;3.389687192456382;1.0;0.3501863191810292;0.5170937862807801;0.05097504816159786;0.0016275066882371902;0.0021728494844865053;1.0636893689632416;0.0007714118459261954;0.00390625
877;3.0032421246667464;1.0;0.39833419306018336;0.5276076309637121;0.06312901651450176;-0.004446196462959051;0.002909650339279324;1.142830491065979;0.002630871476139873;0.02578125
878;3.3498102848583544;1.0;0.3890268795707567;0.5382723068876216;0.04484812349700189;0.005721562914550305;0.001524585735751316;1.0221484631299973;0.0003863658756017685;0.0009765625
879;3.1717636077910067;1.0;0.21096214352960715;0.30604169953463717;0.03792472876869593;-0.011642766697332264;0.06278439955785871;1.0590291440486908;0.0007290782523341477;0.0060546875
880;3.522547088980964;1.0;0.24320695481976456;0.3049986490747287;0.03482965241519897;-0.0030506286770105363;0.06045879386365414;1.019808179140091;0.0013008402194827795;0.0103515625
881;3.3927420572609606;1.0;0.3547412417777398;0.4822221821855934;0.05453830557335348;-0.01298080300912261;0.0024525300425011663;1.0261277288198472;0.0032582289073616265;0.04453125
882;2.099680875402396;1.0;0.3758383015500243;0.4806298462622419;0.07981943657597722;-0.00243886923417449;0.0320945147657767;1.005494436621666;0.0006823159870691598;0.0044921875
883;3.4318444977368743;1.0;0.39917295776663386;0.5541573152131769;0.05593501376251944;-0.006701665371656418;0.03273416259326041;0.9950538605451584;0.0007855972973629833;0.0029296875
884;-1.1703256703556508;0.0;0.0;0.0;0.04398866575758008;0.00022259114775806664;0.001860567822586745;1.060499769449234;0.0025712675880640743;0.0236328125
885;2.47497866694113;1.0;0.24939340791085277;0.3108625355955646;0.04656106274888383;-0.003252276708371937;0.061676185484975575;1.091764611005783;0.0015494695864617825;0.0126953125
886;4.279028309677656;1.0;0.5304151754931005;0.7755057657153588;0.04682663278123648;-0.00602345666848123;0.002821595035493374;1.208726066350937;0.0002651351853273809;0.00078125
887;3.4829772812859745;1.0;0.35974715503993676;0.47534631586414855;0.03462006197937974;-0.00667329435236752;0.027534667868167162;1.1550422668457032;0.0006659268168732524;0.0052734375
888;3.261136678908387;1.0;0.41072020827477396;0.5399475960543325;0.050022305831743434;-0.007392717129550874;0.03118290102574974;1.0865665197372436;0.0006495512323454022;0.0
889;-2.7843843754841893;0.0;0.0;0.0;0.05590940396568631;-0.007407244853675365;0.002863998233806342;1.0939970195293427;0.0014084267430007457;0.006640625
890;3.2879031602185322;1.0;0.3165396311534119;0.3992336906037256;0.05932900842349114;-0.004684221558272838;0.0015600240556523203;1.1236882150173186;0.0015646595042198897;0.0177734375
891;3.3267063164817463;1.0;0.5471681382290394;0.6936904293048977;0.05760511482283151;-0.0032972325570881367;0.0012411965115461498;1.0833920240402222;0.0015503773232921959;0.0146484375
892;3.0384633022602165;1.0;0.3811668454390741;0.46669441130018163;0.043829488996323614;-0.0068067301530390974;0.03144912365823984;1.0677422642707826;0.0022938774316571655;0.025
893;2.8499491877115353;1.0;0.4177053210685088;0.5842394344231626;0.05138773179499104;-0.0034758660942316054;0.0022489048540592195;1.0827670574188233;0.0004973011906258762;0.001953125
894;4.225385994659309;1.0;0.5773016615690159;0.7035454627954761;0.03872241079395495;0.003328976407647133;0.0592466052621603;1.131634736061096;0.0003598724026232958;0.0
895;4.415809475007837;1.0;0.5672743989567774;0.9056377508864776;0.015929074194893776;-0.004620492341928184;0.031170032708905636;1.0871720671653748;0.0009699656860902905;0.008203125
896;3.165497043646861;1.0;0.39998174947303367;0.5167793702181118;0.03762063729604418;-0.005962555622681975;0.0014531873865053057;1.0085654526948928;0.0006944564171135426;0.001171875
897;3.370997319443842;1.0;0.3583766182719715;0.44767926215997633;0.06380150881459613;-0.004958753334358334;0.05586070735007524;0.9934617668390274;0.00199340817052871;0.0220703125
898;4.344139985183316;1.0;0.5147663458269711;0.7386638844464843;0.016850810786169436;-0.008041913900524379;0.0035172221483662724;1.0197088301181794;0.0007472224300727248;0.0025390625
899;3.306303434964213;1.0;0.4021963884141493;0.5679859431357434;0.033292527139780544;0.003913459787145257;0.02758704894222319;1.178459346294403;0.0007657910464331508;0.007421875
900;4.423852358951299;1.0;0.647470187652233;0.9983558312652138;0.030393228113024206;-0.0090838156407699;0.007354350155219435;1.3320158302783967;0.0019078470184467732;0.0201171875
901;3.3566374993484374;1.0;0.2943566834435037;0.37726957302275793;0.046545172636400706;-0.0007526177214458585;0.01867541400715709;1.2761256754398347;0.0009453545440919698;0.0013671875
902;2.262176015065224;1.0;0.31931528022100536;0.4566457267153645;0.09126043117504523;-0.015173633513040841;0.0020621887873858214;1.1946618497371673;0.0009370416053570807;0.0009765625
903;4.147721394201143;1.0;0.48803393391902056;0.6460169976072325;0.03030845598047822;-0.008730093622580171;0.029535207757726313;1.0806724429130554;0.0012580146081745624;0.011328125
904;3.5281505237248387;1.0;0.43724809432175077;0.6208465751213121;0.04726223662502424;0.003491883212700486;0.053471751301549374;1.1001579403877257;0.0005024734768085181;0.0
905;3.3186398303414544;1.0;0.32225167811296734;0.42400594620574333;0.04716495026971962;0.0013202061876654626;0.0554183361120522;1.1674724876880647;0.0008682999643497169;0.00234375
906;4.064778276897388;1.0;0.4593085029975749;0.5490853552644468;0.010791073882526037;-0.006768174562603235;0.003041748743271455;1.1165393352508546;0.0007533016731031239;0.0044921875
907;2.9496386161378405;1.0;0.3652522674626185;0.47625428418711346;0.07689657639568863;0.00037700552493333814;0.0279407718218863;1.0743191063404083;0.0006340657360851765;0.0013671875
908;3.33477413929592;1.0;0.3578516850909484;0.4974500455522213;0.04109185083454462;-0.002647083904594183;0.074671390093863;1.0982144594192504;0.0004510534694418311;0.0
909;2.933947201684232;1.0;0.40287785524360603;0.5407910919744106;0.08328565115203568;-0.004201676906086504;0.004527123714797199;1.1381526291370392;0.0006122879683971405;0.0013671875
910;-0.5948950166769184;0.0;0.0;0.0;0.0301083429456891;-0.0075292062480002645;0.02888718438334763;1.0017282575368882;0.001963076798710972;0.0208984375
911;-1.1454531357470967;0.0;0.0;0.0;0.02850424989947707;0.0003364826552569866;0.0021999260759912433;1.0143335282802581;0.0013713004416786134;0.0076171875
912;3.963091985485692;1.0;0.37827212931693643;0.55630437876024;0.05295115934578734;-0.0049272137461230155;0.047452346235513684;1.1068021476268768;0.0009377654991112649;0.0017578125
913;3.7219766255644497;1.0;0.2432999778698118;0.30946237072446403;0.015259283566479992;-0.0019941034726798533;0.0021944342937786133;1.2034304082393645;0.002808311872649938;0.0357421875
914;3.7401825273625677;1.0;0.3732405665817029;0.497393153288207;0.06759470867093575;-0.007574252225458622;0.0017454022541642188;1.151564598083496;0.00086969108087942;0.002734375
915;3.4950818953444385;1.0;0.4146577477549748;0.588846412431688;0.0389380539803407;0.007032049912959337;0.05129200364463031;1.0972845077514648;0.0005277993157505989;0.0015625
916;3.182295102978855;1.0;0.47981118813332363;0.6587417730604178;0.062493558555480416;-0.0020326153840869664;0.026575133041478693;1.1254528999328612;0.0003453010809607804;0.00078125
917;3.622431567528286;1.0;0.3572316731871207;0.422093508194342;0.03620681950759082;-0.01220350838266313;0.02787730931304395;1.1037735223770142;0.0013836814090609551;0.0134765625
918;3.764245504833083;1.0;0.26916228222614236;0.32105042251761623;0.029143343176529776;-0.006205635971855372;0.030311061069369316;1.0110285490751267;0.0016615491709671914;0.015625
919;3.061794249773099;1.0;0.32057929812147795;0.41496667238246077;0.06420285412951539;0.0005838162265717983;0.03465969995595515;1.0475379168987273;0.00045077366521582005;0.0013671875
920;3.18253550091013;1.0;0.3486710021731536;0.4939532761841599;0.0037719743194809235;-0.0023002666886895893;0.009399016061797738;1.175145196914673;0.001029765116982162;0.0060546875
921;3.4596451274587716;1.0;0.4666945891102874;0.660640083029999;0.07683474335786437;-0.0007390806917101145;0.0043601821991614996;1.2081659018993378;0.0008533719344995915;0.0005859375
922;3.2445113849861027;1.0;0.4783910842383063;0.6706419105051945;0.06580235867347933;-0.0008802706841379404;0.030306721292436122;1.2381509304046632;0.0011024808278307318;0.00390625
923;2.9406107274016677;1.0;0.26368626094055303;0.3258587670674273;0.042821805650430395;-0.004743937728926539;0.0030538182356394826;1.1365378856658936;0.0012100142892450094;0.0041015625
924;4.036933644671333;1.0;0.3372059498711675;0.5122818293591834;0.03869986919388073;-0.00921784033998847;0.005478770029731095;1.0814121961593628;0.0009177297819405794;0.0064453125
925;3.9412781025513897;1.0;0.4668603678649469;0.5665845927535628;0.06408365509879801;-0.006130864867009223;0.0034853719698730856;1.1019984126091003;0.0022374377818778156;0.0248046875
926;3.1857191268453326;1.0;0.37003239300184676;0.46053212490080647;0.05103323424906217;0.0008436959702521563;0.030666238511912525;1.1916496276855468;0.001494630693923682;0.0107421875
927;3.5273858101201787;1.0;0.3229395744069543;0.42722553258262713;0.04066747331718103;-0.008288069954141974;0.06541279796510935;1.2167454421520234;0.0009219213388860226;0.008984375
928;3.302509543150303;1.0;0.4616643762535235;0.6540804396420427;0.07317286119089463;-0.012012681341730058;0.0024500875966623425;1.2498972117900848;0.001433965505566448;0.012109375
929;2.8570832703927733;1.0;0.41904022188889123;0.5576968837931169;0.07918313484074746;-0.0016865983605384826;0.08384262733161449;1.2595414876937867;0.0015773072722367943;0.0138671875
930;3.9216939903808443;1.0;0.25946725180588753;0.3784934147102526;0.017436830739088825;-0.010348498076200485;0.022323528840206563;1.1485514700412751;0.0005556687014177441;0.0
931;3.621123885873547;1.0;0.33516933735904986;0.5195579611175966;0.06530497021963932;-0.0018311208812519908;0.0023456626513507217;1.0603972136974336;0.0011263234307989478;0.0072265625
932;3.9848723832132853;1.0;0.4126050161694078;0.5455873875333529;0.07415555654432872;-0.0019177863840013742;0.0311384717002511;1.0908552348613738;0.001829151704441756;0.017578125
933;3.896079184039361;1.0;0.5765805382438979;0.7838983756364004;0.07622999381721897;-0.006285666185431182;0.015254409296903759;1.1799585461616515;0.0014179802499711513;0.01015625
934;3.029185192250923;1.0;0.36628391163839435;0.45860984366527957;0.04028218288529718;-0.004725088737905026;0.001857466355431825;1.2599532306194305;0.0006293617771007121;0.00078125
935;3.4750693746906567;1.0;0.36913446704685327;0.5117810056229837;0.04400653647458767;-0.0036319307051599025;0.06960479784756898;1.21788609623909;0.0010290702106431127;0.0056640625
936;3.881770711052665;1.0;0.3157554052899282;0.44785510553011776;0.05583119562782614;-0.002445503603667021;0.00957996950019151;1.2624303698539734;0.0029395455843769015;0.033203125
937;4.435471309688537;1.0;0.5657352576396139;0.9201422853228325;0.0012615146179135292;-0.007650242373347283;0.005357754603028298;1.2175464510917664;0.0018820644356310368;0.019140625
938;1.285412795889359;1.0;0.3444339820403402;0.4750839167721044;0.06946773308734447;-0.01289573237299919;0.007192467874847353;1.21436607837677;0.0021746814134530725;0.020703125
939;-0.8924028484713974;0.0;0.0;0.0;0.03647484255416851;-0.007294695638120174;0.00483356041368097;1.2278449714183808;0.0009338956791907549;0.005078125
940;3.9360276584244995;1.0;0.45953873502953085;0.6586616873281935;0.05390762414113901;-0.0015066792024299503;0.01042768380139023;1.2045333623886108;0.0008279785048216582;0.0021484375
941;1.9997191849657725;1.0;0.3616790850335268;0.5417640970932766;0.041059335412137306;0.0019770190585404633;0.04392461013048887;1.2334003448486328;0.0011992848012596369;0.00703125
942;3.1372942813013203;1.0;0.33099349081720175;0.4973009487819168;0.0697302089567978;-0.011218674527481199;0.003012030350510031;1.2695207834243774;0.0013216821709647775;0.00234375
943;2.7624451598277537;1.0;0.3988627406095796;0.6040496196437226;0.08529298508628538;-0.0017664880491793157;0.0025020714499987664;1.2610561072826385;0.0015375786228105427;0.0072265625
944;-0.33665480301785367;0.0;0.0;0.0;0.0;-0.006199315842241049;0.0024516202392987907;1.24919136762619;0.0024948470992967485;0.0232421875
945;-2.7520020471826534;0.0;0.0;0.0;0.03301110405893974;0.0007577808573842049;0.05193493792321533;1.1807957589626312;0.0022495761979371308;0.0146484375
946;4.060269804525163;1.0;0.45251949182027096;0.7237514303488523;0.06116049664330342;-0.006548022013157606;0.12070061042904853;1.1679774701595307;0.0010232406668365002;0.00703125
947;3.7442908077786834;1.0;0.5358948020350104;0.7506090263643921;0.126733157887573;-0.0006380698876455426;0.055577765312045814;1.1340497791767121;0.0010911169927567243;0.008203125
948;-0.6523088474822758;0.0;0.0;0.0;0.0;-0.004422301147133112;0.025397923390846698;1.0690325915813446;0.0010574403451755643;0.009375
949;4.124009955095696;1.0;0.4161876242553538;0.595747243848945;0.006724756473737561;-0.002675120858475566;0.0020065611402969807;1.0376133114099502;0.0016508431755937636;0.01171875
950;-3.6030399665186565;0.0;0.0;0.0;0.012023605044656079;-0.008365809079259634;0.0384569336194545;1.0754487276077271;0.0006710672401823104;0.0025390625
951;1.7730642592422379;1.0;0.5657773063526264;0.7387320835868241;0.047627276804559256;-0.008717767288908362;0.01168041625060141;1.212306648492813;0.0017854524543508888;0.01953125
952;3.8200365618329712;1.0;0.5340901223979969;0.7155820072910566;0.05708735412548327;-0.006440822186414152;0.03124666060321033;1.324161124229431;0.0010376281104981899;0.0099609375
953;-2.4739145599789465;0.0;0.0;0.0;0.04148789907973901;-0.009547983016818761;0.001903767284238711;1.2967933595180512;0.0009277744567953051;0.0044921875
954;-12.208433947663583;1.0;0.17595172480430332;0.24182875221523428;0.04396622825180667;-0.002192903868854046;0.02928052977658808;1.2692100524902343;0.0008522420888766646;0.00703125
955;4.125087414224604;1.0;0.6033566288198333;0.9089185043934158;0.08102506188770824;-0.00320390947163105;0.1419165302067995;1.1821343660354615;0.0004696844378486276;0.0005859375
956;-1.5172739079522604;0.0;0.0;0.0;0.05982601562442845;-0.009311524825170637;0.004343555157538504;1.116028904914856;0.0010857749613933266;0.00703125
957;-0.3982291362520787;1.0;0.2661710164955758;0.3409381529645711;0.09926538123854077;0.00242783494759351;0.05022062314674258;1.1336737036705018;0.0010956879588775337;0.0033203125
958;-4.2733516975723775;0.0;0.0;0.0;0.07377791688718514;-0.0016652973368763923;0.02793227699585259;1.0282740384340285;0.000685030804015696;0.002734375
959;-1.3585200400952857;1.0;0.2051554989710517;0.29214318768506314;0.0;-0.0009596578776836396;0.030105256661772727;1.0174011051654817;0.0005836115800775587;0.00078125
960;-0.582392103336556;0.0;0.0;0.0;0.0;-0.006038726842962206;0.02684541647322476;1.0638203859329223;0.000501349929254502;0.0029296875
961;-1.9043251822988503;0.0;0.0;0.0;0.06603138528477502;-0.007181487791240215;0.0038085941865574568;1.157346922159195;0.0019516900298185646;0.0212890625
962;4.16042474157711;1.0;0.5666179991227275;0.7637964397487863;0.04387053450159266;-0.0007823755498975515;0.027456293103750796;1.2434834361076355;0.0009740701294504106;0.0033203125
963;3.345971843446599;1.0;0.4164528435073365;0.5839865503553666;0.03882056846148106;-0.002835380844771862;0.0018493875802960246;1.196412593126297;0.0008760377764701843;0.0033203125
964;4.0469868252708565;1.0;0.2879828635702928;0.36430334607462433;0.0;-0.0036360782105475664;0.002180464053526521;1.1894828796386718;0.0010655991733074187;0.005859375
965;-13.92112824375935;0.0;0.0;0.0;0.08082925526757141;0.003123714216053486;0.031107170134782793;1.2396303474903108;0.0007477093138732016;0.0013671875
966;3.7278133694656077;1.0;0.6088222768101618;0.8625772548370553;0.1174648792857098;-0.0033739414997398854;0.03952277302742004;1.2114336907863616;0.0003934042644686997;0.0
967;3.232535064553315;1.0;0.20010367347489727;0.27243868707472224;0.0;0.0030466394498944284;0.026701016281731427;1.1997043251991273;0.0005021921242587268;0.000390625
968;1.43244935238818;1.0;0.6146646608744784;0.8354939308353342;0.009908260435495515;0.004486040212213993;0.0021662439801730217;1.1185452938079834;0.000892573338933289;0.0037109375
969;-0.8435522608214119;0.0;0.0;0.0;0.0;-0.005023454176262021;0.07672710306942462;1.022810435295105;0.0008961742161773146;0.0044921875
970;3.5716186581430436;1.0;0.4313798457908702;0.561793311068469;0.05784923739322069;0.00552708450704813;0.02687128740362823;1.0065712571144103;0.0007422086549922824;0.0017578125
971;3.9632466919931466;1.0;0.5669858462049883;0.7078873465767831;0.05372097206298378;-0.006628709565848112;0.027224063070025294;1.0551174730062485;0.0006999239092692732;0.00390625
972;4.01180381302264;1.0;0.3897154669202153;0.5452746699002489;0.031119038443159906;-0.0032871338538825513;0.027459781849756837;0.977455872297287;0.00220370494062081;0.0287109375
973;3.8567220300522314;1.0;0.5619391108811947;0.6913674789892633;0.04785642370495683;-0.0034182074479758738;0.027746562496758997;1.0287997394800186;0.0008905345108360052;0.009765625
974;4.380141714497928;1.0;0.6910649022195454;1.0370254172321742;0.016158543973695236;-0.006336696213111281;0.0026663378230296075;0.9854772239923477;0.0007452469668351114;0.001953125
975;2.3433911814989465;1.0;0.5018819113380296;0.5814521955069919;0.013184608019194532;-0.0033512961119413374;0.00242567872046493;0.9903724133968353;0.0005730633740313352;0.0005859375
976;3.8744324063897175;1.0;0.5299051316108115;0.6971584214518217;0.04921436757633085;-0.000322401151061058;0.027809413574868814;1.0209697216749192;0.0014938617474399506;0.0126953125
977;2.1785079743245475;1.0;0.37777074657822785;0.5019920815375615;0.07467048614440405;-0.005273878155276179;0.0019268991774879396;1.0493309259414674;0.0013506052899174392;0.014453125
978;4.04490772515353;1.0;0.5610169718815441;0.8263892652185739;0.007471905090394118;-0.002345710340887308;0.0017605010070838034;1.025385719537735;0.0016708269482478499;0.0169921875
979;3.884053550523897;1.0;0.544112819031102;0.7775624424222775;0.00421167271079627;-0.0012206640094518661;0.002156647929223254;1.0950160801410675;0.001745728123933077;0.012890625
980;3.447927580059198;1.0;0.4489704645693111;0.6078088678707642;0.0;-0.0035714744590222836;0.03325704927556217;1.179896342754364;0.001293001463636756;0.0060546875
981;4.234000110170557;1.0;0.6023438236367157;0.8870268076399419;0.04079276303478267;-0.0004746327642351389;0.0017983977682888507;1.143092292547226;0.0023571830010041595;0.0208984375
982;2.580676452718857;1.0;0.5757626178308577;0.7935732549191659;0.04124658309666635;-0.0007106328383088111;0.08350602630525827;1.1350403368473052;0.0014983731904067098;0.0072265625
983;4.458015405596309;1.0;0.7404511057457897;1.1643893307681759;0.038658658812526364;0.0026606136932969095;0.028943113214336336;1.0384500205516816;0.0014132720301859082;0.0103515625
984;2.48016962800242;1.0;0.19487140289949798;0.260491497807928;0.06329304828062939;-0.011193756689317524;0.05980588980019093;1.1045139908790589;0.001614794903434813;0.01015625
985;4.24925035773337;1.0;0.4074678863702994;0.5139401155776867;0.006521203585567769;0.0010802195407450198;0.048598102480173114;1.0665447115898132;0.001393371436279267;0.005078125
986;4.344203633563989;1.0;0.48370628699051316;0.6638738866056255;0.0428791131654879;-0.0016678226180374621;0.002184724196558818;1.02699334025383;0.0011534341843798756;0.012890625
987;4.174009794257428;1.0;0.676580574459533;1.0323334248394307;0.04778030234442958;-0.0059661126462742685;0.02816680083051324;1.0011911779642104;0.0010457570431753993;0.007421875
988;3.706408110563891;1.0;0.2386597065165414;0.33407861707985315;0.0016681361259511841;-0.004377617035061121;0.028167310543358325;1.0247662752866744;0.0006757173105143011;0.003515625
989;4.473224794715404;1.0;0.7033749640278582;1.062453747510969;0.03744789864847478;-0.007424479257315398;0.002176574955228716;0.969231367111206;0.001312880136538297;0.01015625
990;4.180284659425566;1.0;0.6820151464857168;1.0094403355670596;0.08242878231052747;-0.004384104209020734;0.0020468816685024647;1.05734041929245;0.0009180153836496174;0.0046875
991;3.9326633516726863;1.0;0.6607970682143026;1.0138870687953192;0.0820534381934241;5.941684357821941e-05;0.029028064920566976;1.0487526863813401;0.0004905530484393239;0.0009765625
992;3.8148778625229687;1.0;0.5884005750970869;0.7770423821649977;0.03387510487846702;-0.006867522280663252;0.002286547899711877;1.0965103209018707;0.0036066637258045375;0.051171875
993;3.854858446854241;1.0;0.23197552586470402;0.31080190337144403;0.0;-0.004447974148206413;0.0014310428639873862;1.0035206079483032;0.0017615602118894458;0.021875
994;-1.472592756748413;1.0;0.44374226738493694;0.6184128062132285;0.04588137964950725;-0.004121947288513184;0.08277440667152405;0.9699689269065856;0.0007297166739590466;0.004296875
995;4.2490163815092625;1.0;0.4413464225530838;0.5496454804262335;0.029213836189741646;-0.007540450058877468;0.0523105913773179;0.9624909609556198;0.0008383007952943444;0.0048828125
996;3.313865413967403;1.0;0.35402181121789233;0.451427454487499;0.04893055202845159;-0.0010907556861639023;0.003778159827925265;1.0740857660770415;0.00242206584662199;0.026953125
997;4.034446168973986;1.0;0.6364148061245768;0.9463386379160963;0.10427305453903653;-0.0065598160494118925;0.0019527130236383528;1.0788513600826264;0.0011769042001105845;0.009765625
998;3.061812836509579;1.0;0.3564143484365177;0.4778317118494023;0.047353752999221566;0.00041262311860919;0.0015736097120679915;1.0893812477588654;0.0002726121223531663;0.0
999;3.9963716311079764;1.0;0.5727937112780445;0.7366951555053833;0.03435771489018889;-0.0024449325632303954;0.0015495819156058134;1.068733960390091;0.0005837811273522675;0.00234375
1000;4.0518844650924395;1.0;0.4917316516515202;0.6279722297670387;0.010474404326387498;0.0001366996206343174;0.030611933395266532;1.0744279026985168;0.0008742259116843343;0.001953125
1001;4.0096472854702405;1.0;0.41970397876391624;0.49153466043818933;0.034759921198043255;-0.0012988457921892405;0.03046134130563587;1.1561449348926545;0.0009828001260757447;0.0044921875
1002;4.121473222341308;1.0;0.6008034938573943;0.7697363052126628;0.038695468495303184;-0.0035618704743683336;0.05564926601946354;1.150117188692093;0.00048450143076479436;0.0
1003;4.18257360788186;1.0;0.5855970998510264;0.8404843847226933;0.03149352097276161;-0.004998550098389387;0.029728860966861247;1.1773649394512176;0.0005626977770589292;0.0009765625
1004;-0.2038943067089396;0.0;0.0;0.0;0.031214916808580746;-0.0009607256855815649;0.05344909373670816;1.1117234647274017;0.0006647997186519205;0.0017578125
1005;4.034026217728501;1.0;0.45966609347146326;0.5955832224418225;0.054653401847752754;-0.0011012895964086055;0.05097115654498339;1.020863351225853;0.0011855667107738554;0.0111328125
1006;3.85951137272779;1.0;0.6474035715855441;0.9736272858456637;0.030623899964786514;0.002757849753834307;0.04791717976331711;0.9907506942749024;0.0005252816481515765;0.0015625
1007;3.3926294415616356;1.0;0.5507882848944502;0.7355612154163667;0.08109632104340693;-0.00773427034728229;0.05004097037017345;1.0380585074424744;0.0008891724050045013;0.0046875
1008;-3.663279133840863;0.0;0.0;0.0;0.05065570584358211;-0.005020942771807313;0.028643745370209216;1.0794171392917633;0.0004758547525852919;0.0021484375
1009;0.6898866688907694;1.0;0.28498800184160106;0.37828191613282175;0.05473880882886411;0.0005473823286592961;0.002433706447482109;1.054651665687561;0.0007924717734567821;0.0060546875
1010;4.360103551237741;1.0;0.7034516466846887;1.0723615230447763;0.041284118231389666;-0.002110377373173833;0.002274168620351702;1.0719584047794342;0.0003653976018540561;0.0009765625
1011;0.7546752419406162;1.0;0.129129124821592;0.1785502502968821;0.0;-0.012009630515240132;0.0756747261621058;1.0888832092285157;0.001665462285745889;0.00859375
1012;3.813091543077685;1.0;0.5523004376623915;0.7718602528335996;0.008442446099521493;0.0013496153289452196;0.004047559655737132;1.144675874710083;0.0003982703434303403;0.0
1013;3.8756469867874945;1.0;0.29876663396653125;0.391155630029666;0.0;-0.00859513464383781;0.027500218711793423;1.089650410413742;0.002812305756378919;0.0326171875
1014;2.862222376842173;1.0;0.3358626328747669;0.45714210584228;0.017334798312101666;-0.007159948302432895;0.029743095859885216;1.0216479748487473;0.001552454533521086;0.011328125
1015;-0.8083959402799662;0.0;0.0;0.0;0.04542503851745462;0.003264270117506385;0.028266853210516273;1.011527067422867;0.0009385196957737207;0.0064453125
1016;2.6662712465490555;1.0;0.1390668658168946;0.18646886928060102;0.0;-0.000747368624433875;0.1162144385278225;1.0302761375904084;0.0005073332809843123;0.000390625
1017;-1.1653085673566035;0.0;0.0;0.0;0.034012770093330646;-0.0011444037780165672;0.02407335382886231;1.0134037107229232;0.00039345426484942435;0.000390625
1018;4.3830758220238994;1.0;0.5424753282046268;0.7582210573816919;0.0;-0.003519728546962142;0.0030903718317858873;0.9621302872896195;0.0011559141566976905;0.005078125
1019;3.820791451053159;1.0;0.5491981343349112;0.7835544611034915;0.01477857237047394;-0.00462162985932082;0.046002133004367354;1.037881436944008;0.0006371516035869717;0.0015625
1020;4.23112194074686;1.0;0.548229243809266;0.7283175608713612;0.026887082756202028;0.0015790915116667748;0.003874148381873965;1.0064062237739564;0.0007874663919210434;0.0048828125
1021;2.466552687691903;1.0;0.6201519903677213;0.7066462066009183;0.009555635976335236;-0.008842725958675145;0.0029244114470202477;1.003084084391594;0.001281146507244557;0.0103515625
1022;1.6421775323314447;1.0;0.1570564565809536;0.20963347422202108;0.08085223258111776;-0.0028482820838689805;0.05044878777116537;1.0184772193431855;0.001146759232506156;0.0052734375
1023;-0.2926953744199668;0.0;0.0;0.0;0.0;0.003758072340860963;0.024380393128376456;1.0778448641300202;0.00034366912441328166;0.0
1024;3.797097235316408;1.0;0.5985669231136092;0.8301615383996238;0.03064563503103288;-0.004537628218531609;0.0025315822975244375;1.0506848126649857;0.0005520697101019323;0.0009765625
1025;4.344347258312014;1.0;0.6725598039182406;1.0072702001117104;0.04990584544726568;-0.0006221729330718517;0.06964088939130306;1.0952083230018617;0.0017452352214604617;0.015625
1026;3.872506680435389;1.0;0.4948833365006412;0.6241820310360445;0.013700699705365138;-0.004976554494351149;0.0033538778661750257;1.0971475064754486;0.0011442427290603518;0.00859375
1027;4.088551631310126;1.0;0.429427244671795;0.497267273742689;0.031977795502175145;-0.0031167867593467234;0.02701523182913661;1.1087930560112;0.0011765059432946145;0.00234375
1028;4.2798156740697975;1.0;0.5888893812725025;0.8780325328829683;0.03923044115571407;0.0018390852026641368;0.045706252194941045;1.0724998235702514;0.0010674164863303305;0.00625
1029;3.6218548529558263;1.0;0.19863698272183386;0.2608496197477608;0.0;-0.0035986172035336493;0.060659334808588025;1.1005930244922637;0.0008844836847856641;0.0025390625
1030;-0.932700416360499;0.0;0.0;0.0;0.004473085839924604;-0.0039205418433994055;0.02533278849441558;1.024075123667717;0.0005272832349874079;0.0017578125
1031;4.418052735299634;1.0;0.5647176581545852;0.7377438986290005;0.012368749754794305;-0.002129504270851612;0.015268027293495834;0.9778923749923706;0.0009301407844759524;0.0056640625
1032;4.131097260400403;1.0;0.6962048071977238;1.0207272646760888;0.049747950624066346;-0.010758047178387641;0.04911566385999322;1.0968823313713074;0.0018073462648317217;0.015234375
1033;3.493558984095978;1.0;0.5606751524193793;0.710390837048147;0.023680730340257437;-0.0008769140811637044;0.003686216042842716;1.0932156145572662;0.000585609907284379;0.003125
1034;4.185962744941046;1.0;0.6032466538436299;0.865722582916198;0.017540113113654138;-0.006006716145202517;0.0033815955510362984;1.0674330681562423;0.0012399559956975282;0.0072265625
1035;3.9829689817966307;1.0;0.6028304734523704;0.8498326920021586;0.07465365331682236;0.006020436226390302;0.0657142709940672;0.9891867339611053;0.0009161562658846379;0.003515625
1036;4.225126526611952;1.0;0.4025752839462989;0.49889999925719564;0.008140143106321284;0.00044130180031061174;0.0199435404734686;1.0821103930473328;0.0011501411907374858;0.008203125
1037;4.378429514185546;1.0;0.6596207011604882;0.9786796635832802;0.031584060097123355;-0.0020148986019194125;0.004670614853966981;1.0278757989406586;0.0017056660843081772;0.0166015625
1038;3.5987088806517664;1.0;0.5736684519635864;0.7317687028352311;0.028714681458999088;-0.003247990063391626;0.044632982648909095;1.0034309327602386;0.0006601589149795473;0.000390625
1039;4.117982322357957;1.0;0.5218405404869969;0.6824727536892639;0.001464419280507343;-0.004388582520186901;0.02528447173535824;1.020166701078415;0.0009459501365199685;0.0033203125
1040;3.7707193436281417;1.0;0.6044217574284053;0.8526775531742901;0.032193988615642044;0.0028555693570524454;0.02404921008273959;1.0038154423236847;0.0012385248206555842;0.01328125
1041;4.303696566289091;1.0;0.6457215749324017;0.9531525308874709;0.03758126729989821;-0.0012627975549548865;0.0033690508687868716;1.0049962848424911;0.001155047945212573;0.0060546875
1042;4.282342359176512;1.0;0.4821791880935827;0.648532585806565;0.0;-0.006517300056293607;0.05206194808706641;1.0827382624149322;0.001664968638215214;0.012890625
1043;4.382314533674073;1.0;0.685430195403245;1.0034859485333014;0.033758255442039725;-0.00753975729458034;0.0052771755727007985;1.1262898564338684;0.0025753185036592185;0.030078125
1044;3.81034135934598;1.0;0.524604177341167;0.5953448640760413;0.01811866920443994;0.0006960242986679077;0.02460682059172541;1.105476301908493;0.0008241112227551639;0.0021484375
1045;3.7033463772923527;1.0;0.5509460363406024;0.6810524562206562;0.021413183785889477;-0.005663194879889488;0.02966717048548162;1.0949550867080688;0.001407643558923155;0.0142578125
1046;4.427236430330646;1.0;0.677065065424245;1.0379181616844044;0.031618108081687225;0.005045064282603562;0.07130649443715811;1.101637327671051;0.0008687554625794291;0.003125
1047;-0.8874659316840919;0.0;0.0;0.0;0.03149363765635449;-0.01065111136995256;0.004175657266750931;1.080234295129776;0.0006796805886551738;0.0013671875
1048;4.013376251205935;1.0;0.6191130060241972;0.886242675668645;0.027532398410428194;0.00035933214239776136;0.003026889415923506;1.0359871208667755;0.0006254432955756783;0.0017578125
1049;-0.8943901043659185;0.0;0.0;0.0;0.0399269551630957;-0.006704378686845302;0.0034668699256144462;1.0612661719322205;0.000997514824848622;0.006640625
1050;-0.45022738400723533;0.0;0.0;0.0;0.0;0.003785177646204829;0.002119398565264419;1.1505364239215852;0.0008795670117251575;0.0009765625
1051;3.9830004406485777;1.0;0.4761579745463811;0.6281742955454291;0.004191974499661726;-0.003183700842782855;0.031023310497403145;1.232927405834198;0.000903247797396034;0.003125
1052;4.002663343128922;1.0;0.5375550958731928;0.6896072268235021;0.012305220468708978;0.0034152507781982423;0.005130773363634944;1.216714346408844;0.0010314295068383217;0.00546875
1053;4.12927060249087;1.0;0.5783369472360422;0.8635973270501088;0.00417566755526152;-0.01115350597538054;0.04113051407039166;1.2043127834796905;0.0022449514945037663;0.0232421875
1054;0.003274219944414458;1.0;0.23024006578846823;0.28559783642768766;0.010694486279061204;-0.010146461706608535;0.008637176477350295;1.236381870508194;0.000810099858790636;0.001953125
1055;3.5110866211119536;1.0;0.547834816880046;0.7216530076112609;0.007812050131796611;-0.009014664497226477;0.03390938993543387;1.270024824142456;0.001223270525224507;0.0060546875
1056;4.24489166360384;1.0;0.5726176392261343;0.8339574042391341;0.01112106503783532;-0.00288787055760622;0.01075305244885385;1.279940915107727;0.0014388763927854597;0.005859375
1057;3.9246925326411466;1.0;0.6379027558253582;0.9214219822893154;0.016208979215871767;-0.009732504864223302;0.012046257825568318;1.3309525907039643;0.0018651748774573206;0.0115234375
1058;4.159815260747441;1.0;0.6493946242385796;0.9476866718387862;0.008113056747406021;-0.01279773348942399;0.005487339058890939;1.334006404876709;0.0015414814581163228;0.006640625
1059;3.367626625693136;1.0;0.5671694528983029;0.7736322025675644;0.010497767154870056;-0.004726472916081548;0.00693926103413105;1.344896173477173;0.001031482615508139;0.004296875
1060;3.914442873473926;1.0;0.5969527765332534;0.8470512311757585;0.02182753541753508;-0.006542035634629429;0.004421378695406019;1.3423647046089173;0.002108862204477191;0.0177734375
1061;3.554272736212746;1.0;0.5365684302844786;0.6540560333577365;0.0;-0.013642619410529733;0.046489083068445326;1.3773045301437379;0.0006101407809183002;0.000390625
1062;-1.7479487063035768;0.0;0.0;0.0;0.03315792853981298;-0.005191435478627682;0.036573288729414344;1.358134037256241;0.0013267365284264088;0.0068359375
1063;4.433612142158466;1.0;0.7073759820166494;1.0405303056719726;0.0180138308843164;-0.007031302247196436;0.00513171658385545;1.3590642035007476;0.0020574218942783773;0.0234375
1064;4.192939673484762;1.0;0.5866421349998283;0.832758874542316;0.04994557680158969;-0.005033818213269115;0.003138370078522712;1.3661028563976287;0.000924924376886338;0.00078125
1065;4.282963532181679;1.0;0.6538297191000367;0.9492630240239652;0.00468087719003593;-0.0014057312626391649;0.0025817536050453784;1.3488072276115417;0.0007954342057928443;0.0017578125
1066;4.089876683123311;1.0;0.4199391002763592;0.5304308561457898;0.0625136298899618;-0.00492391143925488;0.037044328171759844;1.3657821714878082;0.0009565159329213202;0.0009765625
1067;3.4940803987445204;1.0;0.509023553245684;0.6851380399807507;0.03448487399541114;-0.004978481750003994;0.09786535166203976;1.3312816560268401;0.0009990295977331698;0.0037109375
1068;4.069358445706731;1.0;0.5499258244711989;0.7737761002461282;0.021703713413246565;-0.006186537235043943;0.003661707160063088;1.2215625047683716;0.0006232364452444017;0.0015625
1069;3.944134794868993;1.0;0.562643794014009;0.7800235649318304;0.005653297053051351;-0.0017681031487882138;0.0027511742897331714;1.1967942595481873;0.0007088489248417318;0.0009765625
1070;4.159502179329425;1.0;0.670308358103739;0.9739433518277075;0.042187565537225045;-0.006784133380278945;0.0019020669511519372;1.1822945296764373;0.0007648039958439767;0.0001953125
1071;3.270514393632337;1.0;0.5621278375555667;0.7950554531878059;0.011851734598341686;-0.0087336718570441;0.061625339463353156;1.1983226180076598;0.002137623110320419;0.0203125
1072;3.041473557660808;1.0;0.31035925643837176;0.37307613234351134;0.0;-0.004861382953822613;0.03392865895293653;1.1897191762924195;0.0016632917686365545;0.0140625
1073;3.4660277836362683;1.0;0.5486398757545305;0.772090112155724;0.03268418683650157;-0.0005412934347987175;0.00372977132210508;1.2046200692653657;0.0012455743504688143;0.0060546875
1074;4.1339082085828975;1.0;0.47940538298561386;0.7072782225285102;0.0009789088321438626;0.0002954526571556926;0.0572629489004612;1.192643642425537;0.000868438242468983;0.0001953125
1075;4.174958231399245;1.0;0.5751169916289727;0.8325403079868149;0.0014944601389855936;-0.011793654749635608;0.03052254773210734;1.1582902371883392;0.0013645898317918182;0.00859375
1076;-1.355184792967252;0.0;0.0;0.0;0.0006723952827572665;-0.005277411383576691;0.0013058375800028444;1.15977703332901;0.0014707377646118402;0.0072265625
1077;3.1512344308470106;1.0;0.631782693178852;0.8660134344413701;0.007058225702252473;-0.0022940239869058132;0.052092677587643264;1.168235820531845;0.001772495557088405;0.0134765625
1078;4.260098137279221;1.0;0.5907511595296819;0.8321528910257863;0.007518935612592605;-0.009111393056809903;0.05222599795088172;1.187676864862442;0.0029378349776379765;0.0306640625
1079;3.9248951569598054;1.0;0.5084049802389816;0.6946051702436725;0.004953517123926837;-0.003072257526218891;0.04684705380350351;1.1764831483364104;0.0010630302014760673;0.0072265625
1080;-0.5605905881189165;0.0;0.0;0.0;0.005033621218966585;-0.005232696421444416;0.03225288949906826;1.1906377613544463;0.001208876189775765;0.00546875
1081;2.7289973867965744;1.0;0.14212550651127442;0.1884446070599463;0.038701862254688725;-0.008003838500007987;0.11561608165502549;1.2162454783916474;0.0010418848600238562;0.0029296875
1082;3.905688388448513;1.0;0.22186636719789157;0.27717484216369787;0.002497968725001779;-0.0041112751234322785;0.04516312154009938;1.1485690593719482;0.001851135236211121;0.0205078125
1083;-3.640435542549353;0.0;0.0;0.0;0.0;-0.006811156775802374;0.02294541250448674;1.1028224050998687;0.0011049811611883343;0.003125
1084;4.303787415863316;1.0;0.4771389863697161;0.6447699519840846;0.01205444160705704;0.0012797931674867868;0.0028896502568386494;1.1414588749408723;0.0008649028721265494;0.00234375
1085;4.300588133524112;1.0;0.5136721668830436;0.6204207931741899;0.009728574669333268;-0.008777150604873895;0.06787254270166158;1.2285104513168335;0.0012442916049622;0.0080078125
1086;3.6751921996734707;1.0;0.6779048423056405;0.9836092542732024;0.0425031549716993;-0.009289375646039844;0.02584421494975686;1.2794275343418122;0.0012216249364428223;0.0099609375
1087;-0.9817592815110348;0.0;0.0;0.0;0.0;-0.007129994709976018;0.024939314043149353;1.323151844739914;0.0011940024443902076;0.0060546875
1088;4.120322019128556;1.0;0.6188532799135236;0.8562748028847971;0.019067446109185635;-0.007561605889350176;0.07068552710115909;1.3299957811832428;0.0011661809403449297;0.0095703125
1089;-0.18052576007289675;0.0;0.0;0.0;0.0;-0.014534410182386636;0.04246855014935136;1.2011243522167205;0.001204098085872829;0.0103515625
1090;4.306337032481285;1.0;0.6357033457519699;0.9360704217110013;0.0;-0.0006912122014909982;0.010850657871924341;1.210887598991394;0.0018768619163893163;0.0212890625
1091;-1.3577803279564444;0.0;0.0;0.0;0.0024610254700433336;-0.0027869250625371933;0.023446278320625423;1.2227302730083465;0.0004878628998994827;0.000390625
1092;3.9303067692855063;1.0;0.5958082673907302;0.7475567489437448;0.03823287013492088;-0.010027405875734984;0.002847332117380574;1.224065262079239;0.001039649557787925;0.001953125
1093;-1.0277496781102018;0.0;0.0;0.0;0.0;-0.00656366350594908;0.04626903105527162;1.2624304294586182;0.0015297461301088332;0.0146484375
1094;4.284093680336786;1.0;0.5368181337229189;0.6953207428780735;0.0029447154032991108;-0.011524765007197856;0.03212345889769495;1.3124215960502625;0.0007969377678819;0.005078125
1095;2.194754036586315;1.0;0.19408040749817693;0.24790309273572922;0.001215968200285933;-0.0011300165671855212;0.024387648934498428;1.284849625825882;0.0003992327372543514;0.001171875
1096;4.038958081352421;1.0;0.5097830544536283;0.6618407499696595;0.0029494813043523353;-0.014826141949743032;0.0030475288862362505;1.265866333246231;0.0005943676573224365;0.0
1097;4.070302292452739;1.0;0.53940153142776;0.7268764695525096;0.010770923623466062;-0.007547817146405578;0.0035083546070382;1.282969945669174;0.0019820775371044872;0.017578125
1098;4.151201165697058;1.0;0.49499030294948193;0.6358347585818422;0.025344787272679647;0.003632043581455946;0.002630790520925075;1.289444088935852;0.001722952735144645;0.0138671875
1099;3.9383660590000833;1.0;0.48549674338916354;0.5521834661733985;0.039711754748429674;0.0037715929560363294;0.04827606650069356;1.281048882007599;0.002199517609551549;0.025
1100;4.20925110537942;1.0;0.6227244550824366;0.9894158508304733;0.024066083490188236;-0.0007129060104489326;0.02701757326722145;1.2418985545635224;0.0008127254317514598;0.005078125
1101;2.4867807145421867;1.0;0.32887006957317894;0.42201011117906184;0.015429148059619096;4.0530448313802483e-05;0.003103545447811484;1.2754885852336884;0.0013917401782236993;0.011328125
1102;4.033689657719325;1.0;0.5073914808955837;0.7895215958886027;0.0329344531137863;0.00400494581554085;0.004181875032372773;1.2900040686130523;0.0009083693148568273;0.0048828125
1103;3.884513131973881;1.0;0.5677066254328118;0.7506681614990783;0.007788841826219573;0.0006984747946262359;0.028768271091394126;1.3059333980083465;0.0012800104450434446;0.0046875
1104;3.31076676726009;1.0;0.19174105552094894;0.25055994387673836;0.020649690973738432;-0.0012015951797366142;0.0033491026842966676;1.267141431570053;0.0015411458094604313;0.0083984375
1105;-0.07671582698173725;0.0;0.0;0.0;0.0;-0.006779134273529053;0.0019094848132226617;1.2896186113357544;0.004160317208152265;0.0533203125
1106;1.1596542859702528;1.0;0.16803911652097422;0.21691304869881026;0.001101806044523597;0.001958483993075788;0.05732211470603943;1.2960492610931396;0.001283994212280959;0.0087890625
1107;3.9902914072106674;1.0;0.4746589779158774;0.5851436111226705;0.02802911247619269;-0.002621458610519767;0.08044230248779058;1.2504360973834991;0.0014645603951066732;0.0033203125
1108;4.351742783917016;1.0;0.6002765789377122;0.9165115707124157;0.007969502250707663;-0.004638243280351162;0.002683349687140435;1.194005984067917;0.0008361846790648997;0.0037109375
1109;4.452245741771679;1.0;0.7399439799285262;1.2070091759208552;0.038800061207923855;-0.004433180252090096;0.027466726396232842;1.146223145723343;0.0007258521975018084;0.0021484375
1110;3.9507436992638745;1.0;0.5344015845551499;0.6792783912186684;0.012147159469899145;-0.003617515880614519;0.02955565301235765;1.1736281275749207;0.0005960400565527379;0.001171875
1111;4.0719154161510875;1.0;0.6712266611517191;1.0253795490248674;0.04740794775410154;0.007471016468480229;0.06490299538709224;1.1423156440258027;0.0005896162940189243;0.000390625
1112;3.9982524991044435;1.0;0.5053616751510964;0.572651834010867;0.024214316338071192;0.003944794833660126;0.026179188396781683;1.1170880317687988;0.0007933243992738426;0.001171875
1113;4.230315955488;1.0;0.4729582018186143;0.6261521096906814;0.00460742980413012;-0.0074910244438797235;0.02449505217373371;1.063731199502945;0.0005155773949809372;0.000390625
1114;3.8894794000986073;1.0;0.6255196564429475;0.8331958980202271;0.02821814553587077;-0.013646580930799245;0.08232422359287739;1.032447224855423;0.0005304341204464436;0.00078125
1115;3.89724661093138;1.0;0.6374568583722098;0.9664102119213741;0.030487103712673557;-0.00036717243492603304;0.023822933598421515;0.9936987370252609;0.0004488095990382135;0.00078125
1116;3.7231359708271867;1.0;0.5771148223901738;0.7472977870469566;0.02443905992381902;-0.004382762569002807;0.0025624271831475197;1.0442526429891585;0.0023302653222344815;0.028125
1117;-7.182367103887299;0.0;0.0;0.0;0.0023065316744357895;-0.0027283110190182923;0.04631682513281703;1.0606331884860993;0.0007351551903411746;0.00234375
1118;4.396612560962515;1.0;0.6398409996006081;0.8891513941650258;0.005773720992306494;-0.0015229125507175922;0.04174358216114342;1.108620035648346;0.0010807387065142394;0.0080078125
1119;4.253751330677922;1.0;0.4271934976244586;0.4987817542242508;0.012463198078776983;-0.0016675989143550396;0.02211699530016631;1.0786704659461974;0.00046239226358011363;0.0009765625
1120;3.625542139731648;1.0;0.5187433530898286;0.623652337822529;0.03780279566564726;-0.008273399015888572;0.00372207056498155;1.0944978535175323;0.0012447710614651442;0.005859375
1121;4.167991516248428;1.0;0.5097685219557501;0.7111934005808515;0.00874180071828858;-0.01107659200206399;0.04629881028085947;1.1369118690490723;0.0016849440988153219;0.01484375
1122;3.9396749425593383;1.0;0.4823773543873636;0.5662713419147765;0.0032791297762242585;-0.001936757517978549;0.003262886987067759;1.0970998287200928;0.0009523605578579009;0.0060546875
1123;4.302378114923172;1.0;0.501892642367227;0.6770252480212687;0.015575164055710917;-0.0005532032810151577;0.02821102007292211;1.1286970794200897;0.0005707453121431172;0.00234375
1124;3.9724515352396157;1.0;0.4797642647659472;0.6513108408699421;0.030467040104493043;-0.005133524304255843;0.024272453878074883;1.1587198853492737;0.0007778241764754057;0.00234375
1125;3.771567667102427;1.0;0.5921203568821903;0.8216507827686713;0.03163868247477554;-0.0037705371156334876;0.046160164009779694;1.214067965745926;0.0009738010703586042;0.00625
1126;3.4025661611619418;1.0;0.5231513556442693;0.7132088526258735;0.027984730290942395;-0.005389295611530542;0.05825336957350373;1.194725102186203;0.0012475156807340681;0.00546875
1127;4.226525964476602;1.0;0.4184282511646029;0.5323922730044309;0.020628865204862113;0.005567532870918513;0.026693563722074033;1.204425460100174;0.0012197745963931084;0.008203125
1128;4.222379221705777;1.0;0.5319135730842782;0.6725790390579793;0.02510190705683579;-0.009611985553056002;0.02875770819373429;1.1640504062175752;0.0011227645329199732;0.0083984375
1129;4.344427684803646;1.0;0.5499201906860357;0.7809036339561264;0.003550158012352112;-0.00563040254637599;0.003909492841921746;1.1107421100139618;0.0008096061064861715;0.003515625
1130;4.063802806606606;1.0;0.6028313726055731;0.8446983522264183;0.023091700315766434;-0.0062580286292359235;0.002204095694469288;1.0740039467811584;0.001224370754789561;0.0060546875
1131;4.273588117621376;1.0;0.5861605995950329;0.8341124107405623;0.012708350666615468;-0.007087927893735468;0.02428609593771398;1.1232271850109101;0.0018610018771141768;0.0169921875
1132;3.8158160493330864;1.0;0.6072692493097822;0.8119977638068011;0.0;-0.004109496250748634;0.023469687975011765;1.157056736946106;0.002327079512178898;0.012890625
1133;4.1745507190558815;1.0;0.7089858917829325;1.0569101794734401;0.07324737179961953;-0.00140552525408566;0.022964797634631395;1.1813441276550294;0.0011185027891770006;0.0046875
1134;3.960410196570289;1.0;0.43733821173065934;0.5395587608820969;0.003029210385558866;-0.0032343270257115366;0.048587756045162675;1.2012793719768524;0.0008937592501752079;0.004296875
1135;-1.8333673315493824;0.0;0.0;0.0;0.02344368447973926;-0.0014155984157696367;0.0688527099788189;1.206047886610031;0.0014276278321631252;0.00703125
1136;3.531992136590188;1.0;0.5576766562286645;0.7541304267596046;0.031177844021316386;0.0026557501405477524;0.022238722047768535;1.172412097454071;0.0016699675703421234;0.01640625
1137;-15.156322681775888;0.0;0.0;0.0;0.0;-0.005346335610374809;0.024893909180536865;1.1276422560214996;0.0008545241667889059;0.0021484375
1138;3.659734563026051;1.0;0.594406482036642;0.7795631200805986;0.039949907885842066;-0.0038284705951809883;0.05801627486944198;1.1311830639839173;0.0008808458340354263;0.004296875
1139;3.2764116458632517;1.0;0.6922549889927174;0.9888493898914654;0.022723169543099078;-0.006861033104360104;0.00502017920371145;1.129348486661911;0.001156168046873063;0.0056640625
1140;4.359572416744867;1.0;0.6226552308391112;0.8373735665727396;0.023609557704991315;-0.007680229796096683;0.0213403295725584;1.1966001272201539;0.001538880297448486;0.0076171875
1141;2.0815326824575147;1.0;0.20968180605642825;0.26775990714076714;0.046130502501011854;-0.008604367636144162;0.04137739082798362;1.2361396968364715;0.0007914321031421423;0.002734375
1142;-1.4880694896091484;0.0;0.0;0.0;0.005149242337200624;0.0013289491878822445;0.02562585175037384;1.183065664768219;0.00042948806658387183;0.000390625
1143;4.291006016320161;1.0;0.7133949120214427;1.082748558632408;0.03584334964466516;-0.001199733791872859;0.026933625526726245;1.17220379114151;0.0012281102244742215;0.0015625
1144;3.684773348776454;1.0;0.5883703581533782;0.7572006938465735;0.07578536755591884;-0.004665777576155961;0.0023553430277388544;1.14215686917305;0.0016858260380104185;0.0125
1145;4.354467617022648;1.0;0.5903674194743395;0.9010459635828578;0.020947757965533553;-0.0012081565335392952;0.0017762863193638624;1.1740729331970214;0.0004965039202943444;0.0001953125
1146;-1.1330155609918267;0.0;0.0;0.0;0.050185483448939375;-0.006125071039423347;0.044832792971283196;1.1825713574886323;0.001377122534904629;0.014453125
1147;-0.6383409046690147;0.0;0.0;0.0;0.03261464830042542;-0.00010117422789335251;0.00494610007153824;1.2140334308147431;0.0006499586161226034;0.0037109375
1148;3.22456200227092;1.0;0.31873900452098797;0.4069135806311544;0.042181531238555614;-0.00401323577389121;0.002775140543235466;1.1972563862800598;0.001970268052536994;0.017578125
1149;3.0784685995901455;1.0;0.19600828276312285;0.2845851895848023;0.0;-0.005800268799066544;0.026113682659342885;1.208266282081604;0.0007040869561024011;0.0
1150;3.134386359700059;1.0;0.2288489421662614;0.2973996795895924;0.021482570736807767;-0.011549099814146757;0.003318690275773406;1.214611291885376;0.001643829105887562;0.0078125
1151;-0.900295728339349;0.0;0.0;0.0;0.017283871751090557;-0.003817679639905691;0.0022303541307337584;1.2164531707763673;0.003495658899191767;0.037890625
1152;3.133952058521708;1.0;0.4035206268432842;0.5488193100914412;0.07627292560061386;-0.0029305889271199702;0.0017460657225456088;1.223636394739151;0.0022318186704069374;0.019921875
1153;-1.325577459600229;1.0;0.3153645037455343;0.40571270163307543;0.054706037550877294;-0.009697847161442041;0.08524487167596817;1.2243765413761138;0.0014280007686465978;0.0076171875
1154;3.9982177186233407;1.0;0.2511239267220289;0.33218654755167865;0.0;-0.0073849104810506105;0.0030497080995701255;1.2144337236881255;0.0006562126218341291;0.0021484375
1155;3.2450651076284633;1.0;0.33147330467598174;0.41187603217565555;0.024781465679312123;-0.006934024742804468;0.021911631035618485;1.1974970996379852;0.0013508032308891416;0.0109375
1156;2.6138757237390773;1.0;0.34484738183263713;0.4269950806062221;0.046309653074443076;-0.003335325373336673;0.0024056456924881784;1.1615697860717773;0.0011094907415099442;0.0052734375
1157;-0.38577924987621537;0.0;0.0;0.0;0.025557442528673976;-0.0017460393719375134;0.048367716604843736;1.1744615852832794;0.001183160487562418;0.004296875
1158;3.6349157886189314;1.0;0.31431220750901323;0.4261006422605917;0.05254058499555071;-0.0025959220249205826;0.05042936559766531;1.2063503324985505;0.0015379681368358432;0.015234375
1159;1.099821339809122;1.0;0.25823707030855714;0.33835870450624395;0.0443795919949533;-0.007237047469243407;0.005228998919483275;1.1825742363929748;0.0017791324993595482;0.0099609375
1160;3.723398189562668;1.0;0.2788776649565856;0.35834180202182064;0.02547437804202374;-0.011014457698911429;0.02326278609689325;1.140834593772888;0.002245383174158633;0.019140625
1161;3.890094113317119;1.0;0.24748858116969266;0.31746979834543193;0.015416722424553992;-0.011203581118024886;0.030029116896912456;1.1085798561573028;0.0013487079995684326;0.0072265625
1162;2.5461199458709887;1.0;0.16950858045104578;0.2209508694497118;0.02507039620617066;-0.008796635083854198;0.028283052053302525;1.1236131072044373;0.0010293141938745975;0.0068359375
1163;3.9345378815534264;1.0;0.34911843992144065;0.4832065299719475;0.029333777288552465;-0.0008008978795260191;0.04105053972452879;1.1129287302494049;0.0002588129718787968;0.0
1164;3.4969569901373365;1.0;0.3441600770132332;0.44500451437187105;0.062225909926462195;-0.0009313827846199274;0.0269813260063529;1.0785949051380157;0.0015864819288253784;0.01640625
1165;2.8502798442415704;1.0;0.38139439010368664;0.47415199685827997;0.052229262859950255;-0.009464875049889087;0.008669583033770323;1.0947811722755432;0.0012217576033435762;0.007421875
1166;1.4019214136897729;1.0;0.16578644926984507;0.2115336378208393;0.028162107309217053;0.0030153457075357435;0.028700119396671653;1.1026845753192902;0.0007714125094935298;0.0009765625
1167;3.3070473314082474;1.0;0.3761258125467907;0.495194279370697;0.0403294328097139;0.004996836511418223;0.02576785635901615;1.1365337908267974;0.000789305695798248;0.00546875
1168;4.265153877852859;1.0;0.698677996188197;1.0634611868168768;0.07535883543076949;-0.009610498137772084;0.07844597268849611;1.1443951904773713;0.0005506663001142442;0.0013671875
1169;3.345615093948254;1.0;0.29802337848716853;0.39363448260632555;0.05999812661917897;0.001053730770945549;0.025515748537145555;1.0806879878044129;0.0003071176819503307;0.0
1170;3.399153197270819;1.0;0.3203121773259466;0.4344854437516033;0.0749393899062381;-0.007843329478055239;0.04854702604934573;1.0657219588756561;0.000697617488913238;0.002734375
1171;-2.7396125279233763;1.0;0.30513431972469485;0.3836455112129878;0.04148179151280399;-0.014719976298511028;0.046792305447161196;1.0870361804962159;0.0014163497369736433;0.0087890625
1172;-1.043018276630824;0.0;0.0;0.0;0.027105799003904373;0.0019222584087401628;0.005152319720946252;1.0250625729560852;0.0010539042646996676;0.0060546875
1173;2.483713862298601;1.0;0.3037467232108292;0.4042208809172721;0.03121858572056223;-0.0037919261725619436;0.031359814060851934;1.049239182472229;0.0018378947745077312;0.0171875
1174;4.001082294727874;1.0;0.5139380389573789;0.6899988865804119;0.05094395074372201;-0.000657523307017982;0.0471009312197566;1.1385757327079773;0.000407186197116971;0.001171875
1175;3.8456229776411623;1.0;0.24545862945185334;0.3198824463663501;0.013327560964372447;0.0034335249569267035;0.054807639122009276;1.1428321063518525;0.001009049778804183;0.007421875
1176;-4.764603673892147;1.0;0.1668854627011289;0.19984250895437392;0.0;0.0004902447573840619;0.02386156595312059;1.123081660270691;0.0007731220335699618;0.003515625
1177;3.697208689121537;1.0;0.30788921820636317;0.4170984657552244;0.009513303498855596;-0.0032405786216259;0.011730397143401206;1.0997621774673463;0.0008766678394749761;0.003515625
1178;-3.433830305962243;1.0;0.2806299977679097;0.3700807671958943;0.06313986064258093;-0.004202143847942352;0.026998634543269874;1.1135053157806396;0.0006913467077538371;0.0013671875
1179;3.7139022190447335;1.0;0.2590655336712719;0.35359414401419115;0.010172950615369606;-0.0007651332300156355;0.10547879785299301;1.1545922100543975;0.0005597566138021648;0.0001953125
1180;4.191505705263656;1.0;0.43895449772995193;0.5982562364362538;0.006471386856799154;-0.00038899686187505723;0.025714713102206587;1.1639253973960877;0.0009044626727700234;0.0033203125
1181;3.578141847322622;1.0;0.29087152596222166;0.3919490879968684;0.030010372855345944;-0.0008972917217761278;0.021294297464191914;1.113155770301819;0.0010367460665293038;0.005078125
1182;3.82814574423548;1.0;0.21978795342432395;0.29234880258327056;0.009541014562343587;0.0005041258409619331;0.022676353761926293;1.107494294643402;0.0014640102861449122;0.013671875
1183;0.7376517066345345;1.0;0.22681338775251883;0.30594118786491015;0.004890736758233716;-0.0016045017167925836;0.04554709969088435;1.1603160679340363;0.0011510508018545806;0.0041015625
1184;3.3263318395327506;1.0;0.21337479186426195;0.29044172220849823;0.02637701223165927;-0.012814788613468409;0.026288315327838062;1.1361960113048553;0.0008545164833776653;0.0046875
1185;3.3325862926433216;1.0;0.2242033636030948;0.3018108236045413;0.005884155892426012;-0.0043985319789499044;0.033851906377822163;1.1262852013111115;0.0011993676424026489;0.007421875
1186;4.347023309134275;1.0;0.5581237790229973;0.7601645663841486;0.021034905628161696;0.003065128903836012;0.006426178081892431;1.1713567554950715;0.0010562459472566843;0.0052734375
1187;-0.984712127593021;0.0;0.0;0.0;0.05570815529955884;-0.0037300446536391975;0.027301721274852753;1.1280583024024964;0.0011078804382123053;0.0021484375
1188;2.4069926419194485;1.0;0.32203391356101757;0.40720863948456015;0.033461894843603825;-0.0035549939842894674;0.07169133778661489;1.157187271118164;0.0007990151992999017;0.00625
1189;0.7423451639998069;1.0;0.17346298557664175;0.21610565939995482;0.05112424663010909;-0.007451596949249506;0.004279841436073184;1.1580258548259734;0.0019459326402284205;0.0169921875
1190;-0.5311646111372674;1.0;0.20605191329942718;0.2579723696691086;0.0;0.0015306947287172079;0.0027820724644698203;1.1187276005744935;0.002607214928139001;0.028515625
1191;-2.374477388267671;0.0;0.0;0.0;0.021303327111698436;0.005110316677019;0.0681787297129631;1.159919911623001;0.0020343152689747514;0.0232421875
1192;1.787073784585278;1.0;0.16280744707677475;0.20829688387068226;0.04775716030283724;-0.005209512589499354;0.029919471917673947;1.1590681433677674;0.0006585454102605581;0.0037109375
1193;3.117399613458614;1.0;0.24449195977537383;0.32043022513948827;0.0459102998028394;0.0006206594873219729;0.004638599697500467;1.1163320779800414;0.0011247474118135869;0.0109375
1194;3.523469049956471;1.0;0.4131473111528359;0.5376772256240856;0.034449892634848774;-0.00039822973776608704;0.004504015378188342;1.1134353935718537;0.0006075124721974135;0.000390625
1195;3.505160105031852;1.0;0.3665842733616336;0.491471504984515;0.06649621837972149;-0.00596591557841748;0.003140308032743633;1.1592511594295503;0.0017832327634096146;0.0177734375
1196;2.0610607003027974;1.0;0.3349090067922165;0.44858390341507726;0.030949455911968505;-0.005826637847349048;0.04792118901386857;1.1602750599384308;0.0011507426388561726;0.0052734375
1197;3.0595565184878564;1.0;0.21654528384721902;0.2671459534923411;0.03565102908375185;-0.006077237986028194;0.003862553392536938;1.1908999621868133;0.001581320189870894;0.009375
1198;2.049988602308236;1.0;0.2945470968914874;0.37202702979231284;0.07348957264752284;-0.0026597359217703344;0.02553919836645946;1.1791339576244355;0.0017857166356407105;0.0142578125
1199;4.092669685964876;1.0;0.3472436362115361;0.4394119942654729;0.004174737113841837;-0.00103319282643497;0.008661675825715065;1.1760421633720397;0.0008312870864756406;0.007421875
1200;3.48704794640868;1.0;0.28303106739407907;0.3818903011755234;0.008076367954173522;-0.015147134684957564;0.04032807871699333;1.19122633934021;0.0015846995171159505;0.0126953125
1201;3.5024656434879793;1.0;0.4621990848197671;0.5948473749396496;0.04853127813347496;-0.0018473157309927047;0.05488057658076286;1.2014803469181061;0.0008577404893003404;0.0048828125
1202;1.9634350066559667;1.0;0.30942615081518055;0.36296884398905394;0.003989075847150409;-0.007310807099565863;0.004261452856007963;1.1968606889247895;0.0008015698054805398;0.00390625
1203;3.4438890944315808;1.0;0.510605808215568;0.6526934659557426;0.046290569479290174;-0.0016777255572378636;0.031171794957481326;1.221182781457901;0.0010985795059241354;0.0015625
1204;3.4643226343495743;1.0;0.32587057272062114;0.3843755764791269;0.045891129113018334;-0.007878373260609806;0.004717305151280016;1.1897760391235352;0.00036898721009492874;0.00078125
1205;3.263053744237543;1.0;0.44694021666173045;0.5655576743819657;0.03304791823116056;0.006689196825027466;0.07488962542265654;1.2043761074543;0.00043823261512443423;0.0005859375
1206;3.150600379373075;1.0;0.32465302383742317;0.40078477752629754;0.05912225306042006;0.0024812923511490226;0.004047228244598955;1.2194180965423584;0.0010580669506452978;0.0037109375
1207;3.574064562621137;1.0;0.6113023903887724;0.7892314252341764;0.06311680641101974;0.001611533761024475;0.025715705286711455;1.2105244040489196;0.0010721241007559002;0.0013671875
1208;3.983269947958865;1.0;0.4803003170764628;0.5969819608079528;0.02016868161248868;-0.002456779917702079;0.03091162075288594;1.2496555387973785;0.001282782293856144;0.0025390625
1209;-6.251653759766946;1.0;0.2807198675719321;0.36086770825902365;0.09914283502472458;-0.0021216840483248233;0.02615971169434488;1.227590560913086;0.0008370499592274428;0.0048828125
1210;3.2490164185322463;1.0;0.29103370971836373;0.37284880163711054;0.017595696665530212;-0.005938534764572978;0.00301584250992164;1.1993382275104523;0.0008124400512315333;0.0083984375
1211;3.657665399442069;1.0;0.25746877906015253;0.32413335920923236;0.05182971571560096;-0.0024654156994074585;0.029500546399503946;1.219240415096283;0.0007257805555127561;0.001171875
1212;-0.5541436878254838;0.0;0.0;0.0;0.014419225521495202;-0.005847995262593031;0.027061741752550005;1.207459706068039;0.0011786471121013164;0.0091796875
1213;3.73211683660951;1.0;0.5263591622592854;0.650259841167907;0.015778374251411563;0.003453769674524665;0.005251557449810207;1.251165235042572;0.0013354872702620924;0.0123046875
1214;3.425057522794129;1.0;0.25075062884784655;0.3141404176606658;0.004212481637505646;0.0007767365779727698;0.03145976075902581;1.2334452509880065;0.000691157067194581;0.0013671875
1215;3.4196854475008673;1.0;0.3501697566736246;0.45740999794859694;0.027290340691615164;-0.011847613286226988;0.09186924155801535;1.2424979746341704;0.0012615863117389381;0.0021484375
1216;2.722003754098297;1.0;0.288760645555459;0.36893775014559094;0.0028678294007652904;-0.005023679812438786;0.04065378969535231;1.2413444101810456;0.0006120793172158301;0.000390625
1217;3.5080553587283037;1.0;0.23866719373894862;0.2979022298143502;0.009919247924195901;-0.0007480212254449726;0.03316962947137654;1.2435572028160096;0.001384945574682206;0.0154296875
1218;-0.7527361490433773;0.0;0.0;0.0;0.019778477483431672;-0.004530569259077311;0.030566186434589325;1.1926807940006257;0.0009309461922384799;0.0056640625
1219;4.269866531053807;1.0;0.7239750999976589;1.0192738813314726;0.023498957777291992;-0.007675897097215056;0.02768807006068528;1.1990398287773132;0.0013703008531592785;0.01484375
1220;3.00495821586912;1.0;0.6234561198066739;0.8184840939134743;0.040872212059494116;-0.00414423868060112;0.05189220821484923;1.2182677447795869;0.0004239344270899892;0.0
1221;-1.024992772166092;0.0;0.0;0.0;0.023719206854684382;-0.008355990052223206;0.05659327246248722;1.2723690450191498;0.0006632344215176999;0.0009765625
1222;-1.0537060040897803;0.0;0.0;0.0;0.038985305497821886;0.001416138675995171;0.025083572487346828;1.2132990896701812;0.0007885396247729659;0.0046875
1223;-3.8962639336324227;0.0;0.0;0.0;0.03207009425686778;0.0029903097078204156;0.026543441019020973;1.2289670646190642;0.0005791331292130053;0.0001953125
1224;2.5679993634552347;1.0;0.32071143232226534;0.41854216037342895;0.03212556425829299;-0.008010834502056242;0.005084720044396818;1.288624918460846;0.0008526367950253188;0.0060546875
1225;-1.342769475324516;0.0;0.0;0.0;0.03157470585491829;-0.0026014495873823763;0.0306043297983706;1.2631002366542816;0.0022536121774464845;0.01796875
1226;-0.34351373778515615;0.0;0.0;0.0;0.0;0.004636143334209919;0.009146090596914291;1.2357091546058654;0.0017290223622694612;0.0169921875
1227;0.41355934627793545;1.0;0.24691940338997376;0.31488664093051416;0.02689855149768069;0.0006604519207030535;0.012333923391997815;1.287572729587555;0.0009443798451684415;0.00390625
1228;0.9643758071759305;1.0;0.20922915045931087;0.26100486455218697;0.029336283651193108;-0.003500476712360978;0.010413086949847638;1.2782120645046233;0.000998929247725755;0.004296875
1229;2.034290976496611;1.0;0.16392873063360847;0.21161339130320878;0.022950119412148792;0.0005422614398412406;0.04796656910330057;1.2757185518741607;0.0009619002463296056;0.003125
1230;4.256576016073875;1.0;0.6910000858955412;0.9829087406409689;0.037648642949495985;0.0009361146483570337;0.07801185809075832;1.2512067437171936;0.0013804252725094558;0.0146484375
1231;3.207659349655052;1.0;0.3381736310481897;0.4675540012312879;0.033301903456983785;-0.0038465327816084027;0.026567729096859692;1.2351860880851746;0.0006194680347107351;0.002734375
1232;2.9942762563596075;1.0;0.23040492186869602;0.3052727716888605;0.027044282787710715;-1.7396314069628717e-05;0.01129396860487759;1.2060008347034454;0.0008623134810477496;0.005859375
1233;2.34337400890485;1.0;0.2977827054817891;0.3882405111655706;0.09124678417841346;0.007224542275071144;0.027785965404473246;1.2038630843162537;0.0008266351534985006;0.0041015625
1234;3.4868328194001115;1.0;0.41957062462630057;0.5617298546757845;0.04630089661786621;-0.0020593269262462856;0.023943452397361398;1.2276031613349914;0.0007301780860871077;0.0013671875
1235;0.9783233246687519;1.0;0.18637422506310258;0.22947706959699912;0.02693656480093622;-0.004747660038992763;0.0025357374048326164;1.230628627538681;0.0017993259709328413;0.00703125
1236;3.5319940008324227;1.0;0.3481135225288823;0.4498868295335739;0.03138691848406445;-0.0077623763587325815;0.0038535639410838484;1.203384816646576;0.001087769994046539;0.0017578125
1237;2.6402679812756933;1.0;0.2442978391097075;0.30656552033470097;0.0;-0.007200660067610443;0.0023337026592344045;1.203599750995636;0.001050305727403611;0.0046875
1238;3.4753520776768916;1.0;0.3115912659316862;0.42655905286302226;0.04193775441173414;-0.003981516882777214;0.0024203483713790773;1.2331177830696105;0.00098210871219635;0.005859375
1239;3.48802624452153;1.0;0.32412409843631723;0.41837446083738783;0.033713467903739365;-0.01258977698162198;0.0016449450922664255;1.2383083701133728;0.0016600011847913265;0.0080078125
1240;3.0770344507510803;1.0;0.3354978443974199;0.43758597390595827;0.09342466070011836;-0.006572381965816021;0.001665347901871428;1.240054839849472;0.0017432149266824125;0.01015625
1241;2.901959273012587;1.0;0.4299660979734892;0.572247477257667;0.06126639982225229;-0.003156010527163744;0.08593230247497559;1.223847794532776;0.0021112130139954387;0.0208984375
1242;2.955565890953087;1.0;0.4322421395456883;0.5902742777617506;0.1243080625209349;0.0004715653834864497;0.03147277305833995;1.2112613260746001;0.0002168581588193774;0.0001953125
1243;2.999369801953365;1.0;0.3702918141145775;0.48946588482023434;0.061270900993226976;-0.004767351923510433;0.08133661970496178;1.1633874356746674;0.0011723124422132968;0.0021484375
1244;-1.347535751763984;0.0;0.0;0.0;0.0;-0.01111969854682684;0.029960397048853338;1.182794016599655;0.0007775934296660125;0.0046875
1245;4.472675386109931;1.0;0.7030829411410128;0.9733387218288796;0.005791915961460162;0.0007094950415194035;0.024028119631111622;1.1248124301433564;0.0010628396878018976;0.0056640625
1246;-0.7883638674638769;0.0;0.0;0.0;0.028315843295579683;-0.005663793138228357;0.02668785131536424;1.1146658480167388;0.0003762563341297209;0.000390625
1247;1.826884671338825;1.0;0.17809979301092874;0.23478406530511808;0.14879921122508;-0.006442673970013857;0.003356693731620908;1.1937894463539123;0.000713093183003366;0.0017578125
1248;4.316626660394453;1.0;0.5954251097994298;0.846512932597836;0.01590814518620421;-0.007693316321820021;0.02731843162328005;1.1803365767002105;0.0017022229498252273;0.0095703125
1249;-3.0794611426439515;0.0;0.0;0.0;0.016003453410403837;-0.0010611794190481306;0.02573975776322186;1.1492133498191834;0.0005041809403337538;0.000390625
1250;4.2761232216972935;1.0;0.47723824365247886;0.6197865087172784;0.03330079767340716;-0.0016235417686402797;0.0030682570766657593;1.1626869440078735;0.001103937067091465;0.00546875
1251;2.945860355659202;1.0;0.39530247154657183;0.49096387513007883;0.05798409557565617;-0.011807980900630354;0.04495047377422452;1.1936201930046082;0.0006779569084756076;0.0001953125
1252;4.398519713539042;1.0;0.7019942619845174;1.0382823410049262;0.07314722249906197;-0.004740774468518794;0.028170631872490047;1.236224216222763;0.001250982005149126;0.003515625
1253;2.1459867338674745;1.0;0.19749569135562198;0.25071269109077726;0.011934882097349445;-0.005118456250056624;0.03559514163061976;1.2240730583667756;0.0012092563090845942;0.0080078125
1254;2.85361747498473;1.0;0.15198435610298822;0.1931361114901886;0.034706187283704545;-0.008518886577803642;0.058435258269309995;1.2200075089931488;0.0019234460778534412;0.0189453125
1255;2.286010909669235;1.0;0.2376855831477787;0.3110127588185937;0.05620875078998997;-0.002280621603131294;0.054703438002616164;1.199978756904602;0.00039293778827413916;0.0015625
1256;2.666762314909871;1.0;0.41732559920523216;0.5343230670205381;0.09817155738086494;-0.002709192840848118;0.019916493748314678;1.186456286907196;0.00015046671032905578;0.0
1257;2.6366336724348396;1.0;0.17159339684459096;0.2203593013256713;0.061334174993351365;-0.006074457475915551;0.038337326236069204;1.1741797029972076;0.0008043943904340267;0.0009765625
1258;4.428546234173997;1.0;0.7419448463240834;1.1031961002112316;0.043748354984895314;-0.00798504864796996;0.0035737021127715705;1.1902551114559174;0.0010793711175210775;0.004296875
1259;4.3166777420041145;1.0;0.5523150509982642;0.7640102073809965;0.008031885963055738;-0.0003014216665178537;0.027570871403440833;1.1995587944984436;0.0006414812291041016;0.0009765625
1260;4.00238590572272;1.0;0.3963534588016102;0.5007731341455417;0.0058375193391307905;-0.003906148485839367;0.02441614312119782;1.181199324131012;0.0016610696213319898;0.017578125
1261;3.822478059575335;1.0;0.5560660147467915;0.8352847617897792;0.14818586430148048;-0.008215166185982526;0.0019228940771427005;1.1786946535110474;0.0008914879756048322;0.0044921875
1262;2.5159284946697236;1.0;0.38522754216464905;0.5149601171747807;0.09799167678736818;-0.0059990471228957174;0.0017993605695664882;1.2152011156082154;0.0021947615663520993;0.024609375
1263;-2.284477700468848;0.0;0.0;0.0;0.031135743291527254;-0.0070393632631748915;0.0024730765260756018;1.238642555475235;0.0010370560339652002;0.0041015625
1264;3.7833071903938276;1.0;0.6023025099932507;0.8531461395474491;0.024852852427281844;-0.0051848635543137785;0.05940674804151058;1.2164967596530913;0.001421500404831022;0.005859375
1265;-1.5298567778779182;0.0;0.0;0.0;0.019132022054582642;-0.004983693221583962;0.006629886839073151;1.1871949195861817;0.0013676846283487976;0.0107421875
1266;3.898412811110825;1.0;0.5507683675481923;0.7365748753226464;0.012655308210312346;-0.006060984544456005;0.002126830822089687;1.1674388706684113;0.0013372062239795923;0.01328125
1267;4.23121598502963;1.0;0.5774478972728118;0.8290990882460686;0.05606424740663728;-0.0042664262233302;0.0018026316654868424;1.1948518395423888;0.0010558832669630646;0.0029296875
1268;2.688579494917903;1.0;0.3529301418359832;0.44246907396173096;0.12783974315073307;0.0008072804659605027;0.0566638027317822;1.1707412600517273;0.0008948583505116403;0.001171875
1269;2.5650304042940437;1.0;0.1401946969276562;0.19021368788810952;0.0;-0.0056357936467975375;0.003499788313638419;1.1611520528793335;0.0029929302516393365;0.0310546875
1270;4.3277944124550825;1.0;0.5641566461703005;0.8604522190144068;0.06387549445509522;-0.0017531343968585134;0.0026106494362466036;1.1713366568088532;0.0018264708458445966;0.01328125
1271;3.897648712236186;1.0;0.6290868284478732;0.9011081193909726;0.06752498817649104;-0.0021831878228113057;0.00260169361717999;1.1984832763671875;0.0017228279612027109;0.01328125
1272;3.0716857467511147;1.0;0.2668130640113903;0.36713421778727323;0.05160934461781554;-0.007383410213515162;0.003747426997870207;1.190649825334549;0.0018826386891305446;0.02421875
1273;1.6446389677651467;1.0;0.20796478842426147;0.26870533228264915;0.033159551854926174;-0.0043996131047606465;0.0038539000786840917;1.2067927062511443;0.0017030651215463877;0.0119140625
1274;2.3055980581094078;1.0;0.1735566610085444;0.22988330120114325;0.10814527643755269;-0.004781100666150451;0.0015067185508087278;1.2151020765304565;0.0037193367374129594;0.0384765625
1275;2.254021755453398;1.0;0.36946003639667396;0.49530437206788147;0.2330087562907165;-0.011974137206561864;0.0028454835526645185;1.2202460765838623;0.004050742043182254;0.06328125
1276;3.3767838178108494;1.0;0.5578569980613826;0.7296985843507507;0.063929457298438;-0.002268349565565586;0.003251086943782866;1.202337646484375;0.0015780769172124565;0.01015625
1277;4.32481011416459;1.0;0.6568694329091506;0.9901398732822816;0.037464603559510784;-0.007505979109555483;0.03601843002252281;1.2234007656574248;0.001923335820902139;0.018359375
1278;4.169445442760468;1.0;0.5751013031454484;0.8987439915587153;0.0956011833734881;-0.0008049274794757367;0.03389704169239849;1.1638620257377625;0.001401253929361701;0.0033203125
1279;2.1973513171183985;1.0;0.23388497239899436;0.2953236134560727;0.11181577508832252;-0.0042842152994126085;0.033058035653084517;1.194583886861801;0.002522510034032166;0.0232421875
1280;4.050380460336999;1.0;0.48125119038406167;0.6280458607443743;0.04674577387744605;-0.007543185725808144;0.06051251534372568;1.1481483817100524;0.001365814369637519;0.013671875
1281;4.244671687142118;1.0;0.48714472247727686;0.6570151639161427;0.011217327195215248;0.003439758624881506;0.05582779343239963;1.1131017744541167;0.00048714512959122656;0.0005859375
1282;4.032767426138081;1.0;0.4412019893182402;0.5419583946671536;0.06662641257393453;-0.00989210233092308;0.041568510606884955;1.0628160238265991;0.0005203705513849854;0.001171875
1283;4.165037814426625;1.0;0.37635413880110424;0.5131905079248765;0.07816354213670482;0.0004461773205548525;0.02850038935430348;1.0319464176893234;0.0007047900464385748;0.002734375
1284;3.6340901214748946;1.0;0.3992476333823817;0.5672254838390917;0.05533777338688567;0.002819607686251402;0.0031151008093729614;1.1166761636734008;0.001070810854434967;0.0064453125
1285;3.4423767468153237;1.0;0.26214019745035894;0.3373255122466864;0.04445338908647808;-0.007695994921959937;0.003953122545499355;1.2197793304920197;0.001219116826541722;0.0076171875
1286;3.22880724311554;1.0;0.4023073593065423;0.5545915367634909;0.0949041185100623;-0.00159986293874681;0.003105571016203612;1.2355368733406067;0.001166696031577885;0.0078125
1287;3.376824324089029;1.0;0.3916499374026784;0.556495374830515;0.08656340727303753;-0.0018828744534403086;0.02881768315564841;1.2645322620868682;0.0014831127831712366;0.0099609375
1288;2.917775407078759;1.0;0.23362596075887662;0.2906039827633124;0.07779924463061301;0.0009436826454475522;0.025141244847327472;1.285050880908966;0.0011308378889225423;0.0087890625
1289;3.4042128864516585;1.0;0.4085495565748874;0.5594830384202223;0.05487152502573551;-0.0022444024216383696;0.05044209398329258;1.2062795221805573;0.0015945208957418799;0.0166015625
1290;3.1470663597433957;1.0;0.31275562817464103;0.40608679385402635;0.06338872200266246;-0.005320490209851414;0.07286249808967113;1.1634469330310822;0.0013907277025282383;0.010546875
1291;4.289574041065715;1.0;0.5426413060194801;0.670262350429659;0.01883453089784797;-0.007830121694132686;0.0039057345129549503;1.0959945619106293;0.0005767203634604812;0.0021484375
1292;4.28775217017075;1.0;0.48504851934404725;0.6189987245836456;0.014130853722875474;-0.00806247373111546;0.002580148971173912;1.1714620113372802;0.0015207738033495843;0.0109375
1293;3.1058599990872255;1.0;0.3709308548476604;0.5129145527773715;0.14356876761118004;-0.0024441272486001252;0.0022665283700916915;1.2255851089954377;0.001770230196416378;0.0130859375
1294;3.8132120455941045;1.0;0.41076639067703385;0.5863867101684308;0.02343668546241605;-0.009704180131666362;0.008259243296924979;1.2797667622566222;0.0014599086251109838;0.0087890625
1295;4.211945226121089;1.0;0.5028105961271804;0.6569413881327772;0.035099572809693357;-0.004637266648933292;0.0021793256513774396;1.2046801030635834;0.000649079424329102;0.0009765625
1296;4.234712880345967;1.0;0.4783552165704385;0.6649780382913646;0.039267976946599364;-0.014457690436393023;0.0014978915394749492;1.220107340812683;0.0017730641993694007;0.0140625
1297;4.209501842421848;1.0;0.631837362991088;0.8381463876270521;0.04219801643153601;-0.0036096948897466063;0.0013378017116338014;1.2223620414733887;0.001195448508951813;0.0111328125
1298;4.138938990734982;1.0;0.5426436944060854;0.7064495190084971;0.01468763362723503;0.0003027966944500804;0.012044953956501559;1.2029106497764588;0.0009847436915151775;0.0001953125
1299;3.5055802359905637;1.0;0.19704477717690874;0.288057722275564;0.002457908143201006;-0.0024376579094678164;0.001957877381937578;1.2310958325862884;0.0016257519950158895;0.0072265625
1300;3.9316717893186737;1.0;0.5244341049925195;0.6711482295115282;0.03982207815726458;-0.0021979175042361023;0.030313443252816798;1.299538105726242;0.001990667649079114;0.0158203125
1301;3.3457365549749656;1.0;0.30832101455091726;0.40496088225314014;0.046720974588568186;-0.006350466003641486;0.03164809574373066;1.2509814739227294;0.0009201603941619396;0.00234375
1302;3.8936521750846884;1.0;0.26119150853143946;0.36223962580404157;0.03374423285524785;-0.0046726037748157975;0.0015663290512748062;1.2255570828914641;0.0017103633959777652;0.0142578125
1303;4.165952202893815;1.0;0.6643462627304794;0.9606985489891255;0.06005277408013551;-0.0013014293741434812;0.10375261679291725;1.2199294090270996;0.0015197002911008894;0.012109375
1304;4.348472173089455;1.0;0.5429368406788547;0.780224275714975;0.0;-0.004933923855423928;0.03545551095157862;1.1481163561344148;0.0005987402750179171;0.0015625
1305;3.2832179288712258;1.0;0.2307127610006416;0.3164102607472659;0.03076342040138644;-0.005496415309607983;0.05314056249335408;1.1935498058795928;0.0011892540846019984;0.0056640625
1306;4.266593515990317;1.0;0.4311140490689491;0.6153512985194797;0.0;0.0045699757989496;0.029156812210567297;1.1865331470966338;0.0012383317691273988;0.0076171875
1307;-4.183850814618841;1.0;0.3386717893193411;0.4508570613108105;0.07833039159729578;-0.005842927284538746;0.027913936413824558;1.1621404826641082;0.0022582909208722413;0.01875
1308;1.7063179764680951;1.0;0.31093562888204607;0.40844473347906196;0.03505104848136554;-0.007370098331011832;0.002185858419397846;1.1177933812141418;0.001174712914507836;0.0076171875
1309;1.4851164938594899;1.0;0.3380264583020365;0.43574718904892085;0.05456013279388451;-0.0074595189653337;0.027519377041608097;1.1063466191291809;0.0006507182028144598;0.003125
1310;4.116958189479775;1.0;0.5352953655885695;0.7273412111022521;0.07981274512490014;-0.009032220719382167;0.002877920283935964;1.1099087715148925;0.001241189253050834;0.0109375
1311;2.2187732226172585;1.0;0.6046336833617213;0.775986348549077;0.09395821094611297;-0.005486326571553945;0.05170954409986735;1.164014756679535;0.002607926039490849;0.0296875
1312;-7.648685547873828;0.0;0.0;0.0;0.0;0.00035766344517469407;0.002001621061936021;1.1781939566135406;0.0006207425496540964;0.0009765625
1313;3.809504055014796;1.0;0.6214381736143159;0.9628023514022;0.051350390410126553;-0.002367349760606885;0.0019979208533186465;1.1899817943573;0.0005412640515714884;0.001171875
1314;3.850829922863919;1.0;0.6152605790050643;0.9013351434858201;0.09060512056577112;-0.0003726968541741371;0.02700225617736578;1.2267459273338317;0.001041215704753995;0.008984375
1315;-1.9855582666345;0.0;0.0;0.0;0.06406344956233544;-0.009724065335467458;0.0024173622659873217;1.224007785320282;0.0008377379970625042;0.0029296875
1316;4.287805584707134;1.0;0.6266686403923118;0.9506385049134409;0.0048613107476949665;-0.0024533682968467473;0.0018644085677806288;1.1820229470729828;0.0023998222895897925;0.0224609375
1317;3.869812300934221;1.0;0.503449330166167;0.6766226984096368;0.04681266521414788;-0.002519277762621641;0.0010664152883691712;1.2205150365829467;0.0023513987078331413;0.02578125
1318;2.7749417339902047;1.0;0.3126579217165069;0.42256200709668446;0.06387530574713064;-0.009666161192581058;0.11078497804701329;1.2862735450267793;0.0013954268884845077;0.0072265625
1319;2.3606509812798335;1.0;0.37671571619138594;0.4905547354130202;0.15935746076650129;-0.010435593803413213;0.07896052822470664;1.2162502586841584;0.0008903899113647639;0.0048828125
1320;2.3357411991006845;1.0;0.18287881425919236;0.25467438382160057;0.04407452120957454;-0.005463780835270882;0.059157056361436845;1.1451140582561492;0.0011215558159165084;0.00546875
1321;2.268734353027522;1.0;0.4165157355966807;0.5589922744063377;0.08740310274337797;-0.007127604493871331;0.024568142462521793;1.110807377099991;0.0013279909966513515;0.0099609375
1322;4.354124784810792;1.0;0.6907061393095338;1.0711525356963345;0.04245817300404409;-0.009001008328050375;0.046566634066402914;1.0508602738380433;0.0012762667727656662;0.0099609375
1323;-0.7157802576966931;0.0;0.0;0.0;0.0;-0.007491984078660608;0.0035331947263330223;1.0847514390945434;0.0011347496998496353;0.0107421875
1324;3.9953281512354035;1.0;0.5455508857876739;0.7118409428427646;0.09800939198313706;-0.0007814522599801421;0.036585536180064084;1.1304387867450714;0.0005956001696176827;0.00078125
1325;-0.7369288861334178;0.0;0.0;0.0;0.023097027309435633;0.0036020859144628046;0.003496367624029517;1.175641906261444;0.0007539785816334188;0.0041015625
1326;3.672321688405982;1.0;0.3647611779006952;0.4843488402262296;0.059198354688090545;-0.00739911450073123;0.026511435094289482;1.2191897869110107;0.0012561479932628572;0.003125
1327;3.517913101352269;1.0;0.38806100157636675;0.5570157679032403;0.05217678244062622;-0.009357201308012009;0.02724299083929509;1.2580029845237732;0.0016823027282953263;0.005859375
1328;3.7318635980859716;1.0;0.3470221251058606;0.46333608427444584;0.0431183699452673;0.0026395612861961127;0.04289418114349246;1.2560834527015685;0.0005522237857803703;0.000390625
1329;3.599100456983907;1.0;0.6510466023269903;0.9408490474936796;0.08073657685430223;-0.007771987747400999;0.06915378049016;1.2277880907058716;0.0012171457055956125;0.003515625
1330;2.909083489633309;1.0;0.6184012948888408;0.8360797926642126;0.03283520054438455;-0.005028474517166615;0.025075175426900388;1.2108342707157136;0.0011153484811075032;0.0080078125
1331;2.8187704405618756;1.0;0.15973436941455535;0.22940016045869796;0.04612839253535374;-0.009732959233224392;0.10850016735494136;1.1472670495510102;0.00038929644506424665;0.00078125
1332;3.376874439905113;1.0;0.35316586771241965;0.47817792256636843;0.0474416531420446;-0.004827120946720243;0.003671779145952314;1.1517871081829072;0.0013008096953853964;0.009375
1333;3.625925882525222;1.0;0.518835776813153;0.6068819381267702;0.05778423664360578;-0.003820649953559041;0.021407367498613893;1.0853543043136598;0.0011275336728431284;0.0048828125
1334;4.097470660728912;1.0;0.30241998945278725;0.4021603467472158;0.0010350014948662034;-0.010417103336658328;0.004170419566798955;1.0615971624851226;0.0011494727106764913;0.00390625
1335;4.06052736954607;1.0;0.4168227588417521;0.5496953678558028;0.021239502357931213;-0.006865780800580978;0.041221515834331514;1.076081669330597;0.0006382338935509325;0.0009765625
1336;3.265282620746584;1.0;0.18094270137074367;0.26535343589251814;0.0;0.002293421281501651;0.025884099863469602;1.0852030277252198;0.0005123782088048756;0.0037109375
1337;-6.218433920197214;1.0;0.1396181041907475;0.2077034331431954;0.0008784674580192651;-0.0019005157053470611;0.032246044278144835;1.0934678554534911;0.0007971012848429382;0.0029296875
1338;3.220995871097917;1.0;0.28070189415723223;0.4131087626533721;0.038667239962165166;-0.005228224094025791;0.03265453092753887;1.1109359920024873;0.0010711242561228574;0.0076171875
1339;2.0209808732265597;1.0;0.28520201894794084;0.35077600058825603;0.09823717297647357;-0.001341488817706704;0.06774902381002904;1.1530892074108123;0.002686241513583809;0.03515625
1340;3.125384926248258;1.0;0.19884393259354424;0.30500394394856933;0.04835673716972713;-0.013910476304590701;0.03574804707895964;1.1408152043819428;0.0009003132698126137;0.0048828125
1341;3.586258987662021;1.0;0.6108371242169433;0.8183082701663423;0.07199091101551569;-0.00427294687833637;0.030882500996813177;1.0832771599292754;0.001374207716435194;0.009765625
1342;4.08352844012294;1.0;0.3387621144006557;0.4655787509135692;0.015203617668749187;-0.0014522915706038475;0.0036867560702376068;1.0608164846897126;0.0007063702098093927;0.0005859375
1343;3.564013576492485;1.0;0.571525363054877;0.9065129544446145;0.257746163113746;-0.005983680626377464;0.01635007341392338;1.0550514161586761;0.0003799024852924049;0.0005859375
1344;4.058704923131183;1.0;0.3973374735031219;0.5009875023016073;0.0023181959830733266;-0.005353682022541761;0.044409558782353996;1.0531437993049622;0.0007340054609812797;0.0021484375
1345;3.8319324332214775;1.0;0.42610602419561494;0.5413433394482929;0.0;-0.006587214034516365;0.0025476117676589637;0.990076693892479;0.00171687948750332;0.0123046875
1346;3.815275908689647;1.0;0.580501596268581;0.7503541595017265;0.10493203488187881;0.002659009979106486;0.026027928513940424;0.994140213727951;0.0013461869093589485;0.006640625
1347;3.9251914122471057;1.0;0.5878256910263903;0.8805787448779128;0.09298371798016127;-0.010546244774013757;0.028089603339321912;1.0312200844287873;0.0008270595455542207;0.00390625
1348;2.434648964257976;1.0;0.19090412054246064;0.2883735899304974;0.10525565590707102;-0.008395413658581674;0.0025727920816279947;1.012601062655449;0.001750980829820037;0.01953125
1349;1.7494911928484411;1.0;0.1951617060074431;0.2591235564244113;0.13641493058281734;-0.001912793004885316;0.002536843210691586;1.0616150975227356;0.0016447355155833066;0.009765625
1350;2.617399118516422;1.0;0.31544678501593637;0.4086496333178675;0.06778815922566729;-0.006146000698208809;0.05460104448720813;1.118014931678772;0.0019756302004680037;0.0166015625
1351;3.9417280307153644;1.0;0.4042472810370359;0.4836552831232537;0.0;-0.0034418479539453984;0.02771517145447433;1.1161321699619293;0.001523408421780914;0.016015625
1352;-0.9745663750022903;0.0;0.0;0.0;0.0032500600354120742;-0.00717315012589097;0.052876535896211864;1.113421869277954;0.0009783736197277904;0.002734375
1353;3.9629185527970208;1.0;0.6063248189406742;0.942056813893042;0.09925062815789243;0.002480188338086009;0.008640151179861277;1.0630040347576142;0.0014207397354766727;0.00859375
1354;4.02587422196258;1.0;0.6471903453047909;0.8567464476660973;0.014789662642982671;-0.006226870114915073;0.05111780264414847;1.0806195557117462;0.0010183686390519142;0.003515625
1355;2.6156576686599142;1.0;0.1807394975981061;0.2624113384033168;0.004756554568552611;-0.0041387869045138356;0.0025376806734129786;1.1471302390098572;0.0012831530766561627;0.00625
1356;-1.3747029171658784;0.0;0.0;0.0;0.011706705278162343;-0.002981782611459494;0.045742058334872125;1.186306858062744;0.000477217510342598;0.00078125
1357;-0.5176055696701244;0.0;0.0;0.0;0.0;-0.005057158088311553;0.003894786711316556;1.1977215170860291;0.0009949093800969422;0.007421875
1358;2.1017751937008526;1.0;0.18348963021617237;0.25045547127382345;0.0010303254806434384;-0.0007118839072063565;0.022759059304371478;1.060918492078781;0.00046650024596601726;0.0015625
1359;3.9762844133735245;1.0;0.6197483449697042;0.9122579768989229;0.17143079450370538;-0.003204328357242048;0.03351313453167677;1.0360540628433228;0.001806947123259306;0.0150390625
1360;-2.190821383457668;0.0;0.0;0.0;0.010683760674418886;-0.014553643390536308;0.054658863320946695;1.1239257216453553;0.001584011223167181;0.0060546875
1361;3.631672745510683;1.0;0.573782268449531;0.6342088644164194;0.09699840099238086;-0.009209468448534607;0.01952278323005885;1.2224652588367462;0.0017557006911374628;0.0146484375
1362;3.7634619670403304;1.0;0.6396900144305573;0.90836578334421;0.08667356932318665;0.0010942282155156136;0.02599600884132087;1.1623987555503845;0.0014278284274041654;0.0111328125
1363;-2.4786370187973343;0.0;0.0;0.0;0.08586972316309646;-0.0067337639164179565;0.002051213348750025;1.09283567070961;0.0018953869817778467;0.019140625
1364;4.259122886634625;1.0;0.7251057549000378;1.0373688019213534;0.0474979706221239;-0.0017165381461381913;0.07183032184839248;1.1161338806152343;0.0010399246355518698;0.0041015625
1365;2.807926909304432;1.0;0.19680208476555602;0.23464712256564202;0.0;-0.0014112836681306363;0.002751355606596917;1.1213312327861786;0.002192677545826882;0.0287109375
1366;4.11894087075254;1.0;0.3620975421350505;0.4145209583891412;0.0;0.0021766565972939135;0.04760617511346936;1.0630468487739564;0.001670405501499772;0.0158203125
1367;2.5671536376045854;1.0;0.401957445091118;0.4835637114098939;0.24689281926970427;-0.007241018582135439;0.06608580444008112;1.0826458632946014;0.0011105075594969095;0.0072265625
1368;-2.506125830100091;0.0;0.0;0.0;0.1932806234415579;-0.0017044795211404562;0.02307456573471427;1.1391221046447755;0.0007709811092354357;0.0033203125
1369;3.5250288327964805;1.0;0.431110011420158;0.592127059870575;0.062472225381496146;-0.005624909792095423;0.052160796243697405;1.084427297115326;0.0015858820057474076;0.013671875
1370;3.9819289788459216;1.0;0.5701627329852629;0.6562470627532778;0.009249768106194349;-0.004379689553752541;0.003642918320838362;0.9727471709251404;0.0023548244033008816;0.0197265625
1371;4.298491201869776;1.0;0.6381322686299299;0.9215921231194351;0.008552402162058118;-0.0016486886888742447;0.0024179604719392956;0.9248777538537979;0.0011076683993451297;0.0044921875
1372;3.8219188439310425;1.0;0.6296647931754126;0.8054859532576975;0.0976396811815557;-0.0065990308532491325;0.02449004220543429;0.9544462561607361;0.0009671690291725099;0.00546875
1373;4.2077619611305686;1.0;0.5625682863698253;0.7548585482225303;0.001956934690848772;-0.0022055764216929673;0.0023727014719042926;0.9753042370080948;0.001575421483721584;0.0103515625
1374;4.101121143258847;1.0;0.4691479534676975;0.4987211088875335;0.037862671986677;-0.004826120566576719;0.026271753548644482;1.0562735319137573;0.003155506798066199;0.03046875
1375;3.3182273287781716;1.0;0.20407415205290108;0.2538102291782848;0.0;0.0021048587281256915;0.04863547850400209;1.1064815163612365;0.001213492639362812;0.0013671875
1376;4.139916566299201;1.0;0.5542278977574128;0.8045616315147105;0.005204269770341502;-0.007230562675977126;0.00278556871926412;1.1088990330696107;0.0008300638874061406;0.0021484375
1377;3.963083674634809;1.0;0.6260584715092736;0.8255568307011458;0.05585729548935839;-0.011064032814465464;0.0025073216937016697;1.0929814279079437;0.003350341133773327;0.037109375
1378;3.9584077258324015;1.0;0.555563176460259;0.7017440193575725;0.0040013411793284204;-0.009884547186084091;0.028411986166611315;1.0680192828178405;0.001580221951007843;0.0140625
1379;-1.5241152800496383;0.0;0.0;0.0;0.0026971661723249733;-0.0031701129861176013;0.0025207855040207507;1.026788482069969;0.001645084738265723;0.01953125
1380;3.9332565854111086;1.0;0.6320537982364923;0.8915634345958612;0.09851525322052954;-0.008835911424830556;0.054005840606987474;1.0561745285987854;0.0012676202808506788;0.010546875
1381;2.7452405485783595;1.0;0.14240106555001975;0.18165789296785662;0.054247294415581404;-0.008560532378032804;0.029265784425660968;1.045860493183136;0.0010198376839980483;0.0107421875
1382;3.4238405686103146;1.0;0.4161318666351019;0.6416193812013787;0.17073232355407064;-0.00429633054882288;0.0036147468839772046;1.0760820508003235;0.0018403874477371574;0.014453125
1383;3.0451789439186454;1.0;0.41852715615806907;0.4924318925157291;0.0;-0.0034926231717690827;0.0018045162432827055;1.043302071094513;0.0006560428533703089;0.002734375
1384;3.856565374730459;1.0;0.5996746352266692;0.9601233023607015;0.0914151129418752;-0.011463690176606178;0.029750435100868344;1.0734530329704284;0.0026398905669339;0.028515625
1385;-1.678049579916316;0.0;0.0;0.0;0.09034234814225219;-0.0015229091979563237;0.027114421594887972;1.0554022371768952;0.0014552517794072628;0.0130859375
1386;-0.7435176656540303;0.0;0.0;0.0;0.0;-0.0018419002648442984;0.03000235112849623;1.0178553074598313;0.0002378687961027026;0.0
1387;2.809584711066514;1.0;0.5008177366879356;0.5641987861714142;0.0028253708167541905;-0.005449256859719753;0.0019149367697536945;0.9767701625823975;0.001206506323069334;0.0015625
1388;4.341506922057315;1.0;0.5496506982746563;0.757029843814771;0.0028317454635971243;0.0038974982220679522;0.0016016558394767344;0.9909292757511139;0.0013790226075798273;0.0115234375
1389;2.945195766678407;1.0;0.44713694442496327;0.5194752148288548;0.0;-0.01421285925898701;0.001602532691322267;1.0143173515796662;0.001460562797728926;0.0107421875
1390;-0.5939961777578759;0.0;0.0;0.0;0.0;-0.0024011639412492513;0.0017335674085188657;1.0152568995952607;0.002981859853025526;0.0375
1391;3.615237964444263;1.0;0.4694156305989044;0.5531838499743752;0.0012236790634512738;-0.003476886684074998;0.040286879520863295;1.0205103367567063;0.0006889710202813148;0.0029296875
1392;-2.143611121989987;0.0;0.0;0.0;0.0442419652870481;-0.005484067182987928;0.058176569920033214;1.0587078273296355;0.0002163071185350418;0.0
1393;4.193908788964293;1.0;0.6080818530832179;0.8898251472462169;0.008864403900413528;-0.004958185972645879;0.003196356713306159;1.030251497030258;0.0006760098272934556;0.0041015625
1394;4.095872737659146;1.0;0.6377924615424966;0.8855347447162286;0.007943425572146615;-0.007728844974189996;0.03318980378098786;1.0666767418384553;0.0007372485240921378;0.0033203125
1395;4.15769769089089;1.0;0.6974941832876865;1.0918507460018108;0.11395667603204745;-0.0022996248910203574;0.07969529442489147;1.0331364095211029;0.0012186619802378117;0.01171875
1396;4.066964822611932;1.0;0.41910829882219974;0.4832061272784525;0.014238462053971727;-0.003180637303739786;0.0026975158601999284;1.050504171848297;0.0015119118033908308;0.0083984375
1397;-5.585662601578511;1.0;0.21236187374208745;0.2843589485755402;0.22144409498959397;-0.005199778405949473;0.0024435499333776535;1.0243492364883422;0.004031537228729576;0.0552734375
1398;1.6691919608214094;1.0;0.16658782134875735;0.2211270720843424;0.0;0.003429579269140959;0.07354986649006605;1.0697382926940917;0.0016288159182295202;0.0095703125
1399;4.324864843349486;1.0;0.6753564145390897;1.0068463198462736;0.020375314998712955;-0.007156853843480348;0.0020793870207853615;1.0797439634799957;0.003133221424650401;0.03984375
1400;3.6173025420396883;1.0;0.27208424805249776;0.36090814925838555;0.0;-0.010885786125436425;0.09246193766593933;1.1410170674324036;0.0033113727462477983;0.03359375
1401;-0.5762287157989866;0.0;0.0;0.0;0.0;-0.003882133634760976;0.002530891023343429;1.08844136595726;0.000609392742626369;0.0021484375
1402;4.234350392639497;1.0;0.448543448433876;0.5680150995098404;0.0;-0.0023312659468501806;0.02347391783259809;1.042712891101837;0.0004705779254436493;0.0
1403;-0.8917474841926456;0.0;0.0;0.0;0.00044516580928421334;-0.0009617417585104704;0.004867317772004753;1.035460603237152;0.0017374432994984091;0.0197265625
1404;4.031026531604673;1.0;0.6316058180343727;0.9126840720468724;0.0416048232606788;-0.00410430058836937;0.050989283993840215;1.0795869052410125;0.0009006059844978154;0.005078125
1405;3.9525903226488364;1.0;0.6081072151706093;0.8401343143314378;0.04298450496025672;-0.006120767910033464;0.02819023858755827;1.0535998046398163;0.0024862734135240316;0.0265625
1406;4.246094746494579;1.0;0.4239965021613878;0.538623588384043;0.004125275268175821;-0.00826452486217022;0.002158250712091103;1.064789628982544;0.0008972809300757945;0.0048828125
1407;3.0408470362934272;1.0;0.4089811440653305;0.5821397529911696;0.14862026110008655;-0.0023718245793133974;0.002836687315721065;1.0390089333057404;0.0012621828471310436;0.0068359375
1408;3.912298029673014;1.0;0.316363308720141;0.4565410424562015;0.03627097761127797;-0.0018012260319665075;0.02862574817845598;1.0130758821964263;0.0008084374712780118;0.001953125
1409;4.1842998830362506;1.0;0.6208298095521111;0.8709563853943936;0.030861866573004694;-0.0029085511108860374;0.047855566581711174;1.0195114612579346;0.0020463389926590027;0.0169921875
1410;2.963274423140614;1.0;0.12326368630944753;0.1756918902253444;0.0;-0.0034216489177197216;0.0027468128362670543;1.0150645136833192;0.0017736356472596525;0.022265625
1411;3.5757354598152653;1.0;0.5509977280684409;0.766563302189454;0.010029139580349558;0.00011863384861499071;0.025197756267152725;1.009154772758484;0.0012105395551770925;0.0078125
1412;-1.0011889932014326;1.0;0.17883178006463574;0.24429468499417822;0.031501869409371386;-0.0014941995963454247;0.0027985247201286257;0.9762623518705368;0.0020125288749113677;0.0126953125
1413;-0.8420393811064898;0.0;0.0;0.0;0.0;-0.010936651611700654;0.012020887527614831;1.026200294494629;0.0031811465276405217;0.030078125
1414;-4.670388705809573;1.0;0.13225705474633623;0.1811483963332245;0.0;-0.0007786126108840108;0.09041815772652625;1.061807519197464;0.0009233438759110868;0.0056640625
1415;2.7426323945142954;1.0;0.13447855999650377;0.18667417617688656;0.006257767266593759;-0.0037615911569446325;0.004447683470789343;1.0117122143507005;0.000989544705953449;0.0029296875
1416;-8.977771274535243;1.0;0.1785962107928084;0.2423007494479702;0.0;0.002784007415175438;0.02951127034612;1.0126242071390152;0.002052556851413101;0.016015625
1417;2.3054896787894235;1.0;0.4146015074947165;0.5383214382508572;0.017130600275687323;0.003946935757994652;0.0020281850069295616;1.0247977465391158;0.0012575621716678143;0.00859375
1418;-4.832326309655091;1.0;0.1876849835342029;0.2654288458057873;0.05877476860325471;-0.001292490167543292;0.0033851750777103007;1.084085363149643;0.002116560912691057;0.023046875
1419;2.7935201476761984;1.0;0.2095009007527454;0.30328612948973316;0.1251861866631961;-0.0034576309844851494;0.1097518514841795;1.115190428495407;0.0014503973070532084;0.012890625
1420;3.622248779346404;1.0;0.5241053918704522;0.6484793676673001;0.07523117233297207;-0.0036237539723515512;0.026202270505018534;1.0914578795433045;0.0005078748217783868;0.00234375
1421;-0.5260949819350289;0.0;0.0;0.0;0.006036192557860173;-0.012163279764354228;0.030943082412704825;1.0914362668991089;0.0008997763274237513;0.0064453125
1422;3.659450237150563;1.0;0.531546948732856;0.6855754784638395;0.05408160138793565;-0.0021261273883283137;0.05206019701436162;1.1046724021434784;0.0015487056225538254;0.007421875
1423;1.5586397228290154;1.0;0.1937273533958823;0.26082896067209865;0.0764011682097182;0.003763971687294543;0.03110346095636487;1.182801330089569;0.0003106332616880536;0.0
1424;3.963259563614506;1.0;0.2577500226528192;0.3769104922227292;0.024106404349410967;0.005951788928359747;0.02856041395571083;1.137880790233612;0.0002958120312541723;0.0
1425;4.095362647046263;1.0;0.5962029460192022;0.9484243970359136;0.10046501526217233;-0.003955355705693364;0.02772670784033835;1.1040617942810058;0.0009616898139938712;0.0072265625
1426;4.082997867172594;1.0;0.5060366178098428;0.6837488920756174;0.03956342382071258;-0.0014212770853191613;0.0506121514365077;1.1063641130924224;0.0006586618605069816;0.0029296875
1427;2.5445283555217397;1.0;0.13597463098339369;0.19332392395434594;0.0;-0.0022867078427225352;0.06600082647055387;1.191817730665207;0.00124616987304762;0.0126953125
1428;4.217806112733716;1.0;0.48001575572180627;0.6250704368821925;0.017999655426704026;-0.0017568166134878994;0.004431446245871484;1.1664637327194214;0.0014969135401770473;0.0123046875
1429;3.8233876176628754;1.0;0.4760728448899925;0.5837708235865102;0.07281527076774016;-0.004071697150357068;0.007190239476040005;1.1169543325901032;0.0010716887190937996;0.004296875
1430;4.002956395880846;1.0;0.680402893890935;1.0467866761429512;0.025911776321279535;-0.00015631094574928284;0.01256350176408887;1.0929058730602264;0.001014131703414023;0.00703125
1431;4.0680994296211335;1.0;0.5297764000312184;0.7119839059236369;0.010318007562280561;-0.0022843377199023964;0.010368575365282596;1.1239211201667785;0.0006334425648674369;0.00234375
1432;4.255493705247435;1.0;0.5968318206197392;0.856751299633573;0.036129410108063746;-0.0036709436215460302;0.0354707557708025;1.1903273999691009;0.0008365877089090646;0.0048828125
1433;3.355209580497973;1.0;0.283540673352419;0.42683388596881877;0.12766432455129262;-0.0008861271664500237;0.03539582374505699;1.2749811291694642;0.0013837601873092353;0.0138671875
1434;3.7886723728205696;1.0;0.6451360475636115;0.9813976859950269;0.07335262383444976;-0.009147441922686994;0.004661549266893416;1.31967391371727;0.0013811992481350898;0.009765625
1435;4.494882964499646;1.0;0.7326063345276704;1.1328960608803036;0.028339588558128355;-0.007777232304215431;0.0034078828524798156;1.2482174813747406;0.00150513838743791;0.014453125
1436;0.523779637090759;1.0;0.5876416474149239;0.7116329188843155;0.049700059509618685;-0.005548734473995865;0.004089422570541501;1.2379942536354065;0.001122552144806832;0.008203125
1437;4.46602142436392;1.0;0.7307115364616346;1.0985435470805136;0.015826816155215487;-0.010206681280396878;0.0363880711607635;1.2180922150611877;0.0005320212920196354;0.00078125
1438;3.9956059919497475;1.0;0.6485672768330178;0.9878243126107118;0.024304496816407818;-0.0006533447187393904;0.09473596997559071;1.2171381771564485;0.0014416440040804445;0.009765625
1439;3.5501713575278315;1.0;0.3026674377051977;0.4095312778843092;0.028518024911747104;-0.007246953272260726;0.03484275620430708;1.2085975646972655;0.0007725185132585466;0.005078125
1440;4.031119094373225;1.0;0.6580324778720471;0.9137060374345917;0.0230581646849022;0.0019508934114128352;0.061387352831661704;1.1572846472263336;0.0009721986367367208;0.0005859375
1441;3.7665010842133624;1.0;0.3378348429125922;0.4644363906910775;0.02942339387574852;-0.008647208008915186;0.02337302272208035;1.1358096480369568;0.0006013939389958977;0.00078125
1442;3.6942850795726594;1.0;0.38939699288575486;0.5659163342808171;0.08263864759929157;-0.006865067733451724;0.05288418885320425;1.018969938158989;0.0011548406444489955;0.0091796875
1443;3.2992706257521163;1.0;0.29311599603597643;0.41398114298664934;0.12033245132367938;-0.002903126832097769;0.04986805934458971;1.0705268561840058;0.0006080956081859767;0.003515625
1444;3.6675489678587194;1.0;0.4227088344304232;0.5872971192217114;0.01890605317311132;-0.005572067853063345;0.04868679698556662;1.0626488208770752;0.0008358622668311;0.002734375
1445;3.649977544143035;1.0;0.45236569221046097;0.6520405362693827;0.05068583522136641;0.0024464956019073724;0.023119196156039835;1.0119202345609666;0.0011583163286559284;0.0099609375
1446;2.8269801162362573;1.0;0.3005388777507165;0.39417034606100837;0.04161546493527627;0.0021937885787338017;0.044106347113847734;1.042207133769989;0.0007106187287718058;0.0017578125
1447;3.5136005035155535;1.0;0.18305973706697246;0.24618552301268948;0.024264423751503138;-0.004215119872242212;0.039660669350996616;1.0525342106819153;0.0015630310284905136;0.01484375
1448;3.8390141541589626;1.0;0.41316943158322084;0.5844270581173003;0.03599991636960211;-0.007682517729699611;0.05037348158657551;1.07443066239357;0.0017490121303126217;0.016015625
1449;-3.5810975747160003;1.0;0.1395651754822043;0.1903818205607555;0.0;0.0004890347830951214;0.010403711907565593;1.1065806210041047;0.0011805792222730816;0.0072265625
1450;4.140150411669485;1.0;0.5480885763734045;0.6546287890831565;0.019637573557289442;0.0012496215524151922;0.02913304171524942;1.1617553770542144;0.00205620356136933;0.0150390625
1451;3.7788082706442663;1.0;0.24357764551034983;0.31124549871629614;0.01319074061117308;-0.014437913289293646;0.028029731241986156;1.1787749469280242;0.0016899892245419324;0.0150390625
1452;3.675084013873705;1.0;0.3359156218706115;0.44242148941216625;0.011872822083268857;-0.004107452603057027;0.00283695796970278;1.2229180037975311;0.0011181389330886305;0.008203125
1453;2.596930686935288;1.0;0.25693275955341516;0.3373109907121166;0.0;-0.004546843143180013;0.026122629875317216;1.1932803452014924;0.0020223626866936683;0.0140625
1454;1.7649500044448632;1.0;0.23886954332674723;0.32557380056871105;0.053457557436700616;-0.005341683723963797;0.07233393713831901;1.2500806629657746;0.0006370150018483401;0.0033203125
1455;3.0765090745605823;1.0;0.40617053145761284;0.486014905346611;0.0476386933618579;-0.007112104631960392;0.04646153366193175;1.2129172921180724;0.0003871590248309076;0.0009765625
1456;3.501373618982127;1.0;0.44674732540850887;0.5586734935868687;0.027265691044991467;-0.011779586900956929;0.021801816509105267;1.1145355761051179;0.0012097295024432243;0.0107421875
1457;3.3986675400977058;1.0;0.4222847442598427;0.5259904583985257;0.037406889324998076;-0.01095233829692006;0.06673656441271306;1.094809001684189;0.001772939378861338;0.016796875
1458;3.600724440220362;1.0;0.3391599633112134;0.4312497710441101;0.02652124939406718;0.0007650145329535007;0.005010302201844752;1.1616429746150971;0.001315431494731456;0.003515625
1459;3.661730778170065;1.0;0.3560430978317382;0.4831753763039179;0.05165469594683172;0.0006231261882930994;0.023594428203068674;1.1454379677772522;0.0011997672263532877;0.0072265625
1460;3.4065892440010828;1.0;0.36581580689238596;0.45710308850895315;0.04660870727448637;0.000377980200573802;0.005602037464268505;1.070382535457611;0.0013336558011360466;0.0056640625
1461;2.9135790732692795;1.0;0.42927280740676615;0.5078963714980366;0.032131801846061944;-0.0044271106831729416;0.02662516152486205;1.10973379611969;0.0006290119257755577;0.0033203125
1462;3.27227863786599;1.0;0.37223143510658063;0.4779785316124584;0.08197849293606412;-0.012990965507924557;0.05523147061467171;1.137101411819458;0.0005463520064949989;0.0033203125
1463;3.8702753249892177;1.0;0.3818805601109969;0.5027079562608511;0.027199046918186576;-0.002538186265155673;0.025894360383972526;1.1344466149806975;0.0013781968620605767;0.0123046875
1464;3.588184304072674;1.0;0.39081916309428755;0.4904737600735458;0.02922628595656399;-0.004028629139065742;0.024828191241249443;1.190417182445526;0.000990064349025488;0.00546875
1465;3.840234053743458;1.0;0.35350143874710316;0.4411299404462283;0.01579885000006299;0.0020305435406044125;0.030359605560079217;1.2480396270751952;0.0006565000978298486;0.0021484375
1466;-4.8021836624134995;1.0;0.250675259052356;0.3057448013067879;0.0006646668616096013;-0.0034500609152019026;0.02676019920036197;1.2159802317619324;0.0013175129890441895;0.0080078125
1467;3.2689816413349893;1.0;0.2832126425855885;0.38496996473969775;0.06313826983050574;-0.005007113702595234;0.06851487047970295;1.2360596537590027;0.00117678017122671;0.0078125
1468;3.8119625274176205;1.0;0.314784701654084;0.38272292438084365;0.010624567826504755;7.611927576363086e-05;0.026011338201351465;1.235899180173874;0.0012688024435192347;0.010546875
1469;3.3483410986021642;1.0;0.4232809964378294;0.5222146473342563;0.06118511039102177;-0.008684862917289139;0.026407565968111158;1.135067081451416;0.001149303570855409;0.005078125
1470;3.8170143077481917;1.0;0.23931940814559224;0.30212679849812796;0.014848286954544864;-0.0010010631754994392;0.02312199615407735;1.1179928123950957;0.0008783044409938157;0.0064453125
1471;3.645036841361731;1.0;0.36094421365732693;0.47125400743190626;0.03207725333828632;-0.004294966137968004;0.006790712475776672;1.1793897926807404;0.0009375444729812443;0.0029296875
1472;3.8390505482182657;1.0;0.2766722115592919;0.3442252085615452;0.029255675497476784;-0.0027497812174260617;0.025264005456119776;1.1975514233112334;0.0010721338330768049;0.004296875
1473;3.0886050198722588;1.0;0.3879201109046745;0.4866512066120522;0.07587211791153535;-0.00862676277756691;0.03485247422941029;1.2441666841506958;0.0009962193318642676;0.00546875
1474;3.447187686546906;1.0;0.43430113942798887;0.5415761687606643;0.03710754730760651;-0.0070165968500077724;0.004452116158790887;1.2462692618370057;0.0007335950620472431;0.0015625
1475;3.557423011500215;1.0;0.23658285895166958;0.30144308062280745;0.004159291729668995;-0.0063747766893357035;0.024621512088924647;1.1717465281486512;0.0017223885166458785;0.0107421875
1476;3.672131248737985;1.0;0.2958342177454714;0.3695162094552638;0.018697067415207536;-0.0018790240865200758;0.045662360917776826;1.1824659645557403;0.0004722605226561427;0.0
1477;1.873159913606405;1.0;0.2550920234870099;0.3220276648900679;0.21336018925368436;-0.0019312393385916948;0.046061115339398384;1.1333088397979736;0.0006466551916673779;0.0015625
1478;2.6740939058714477;1.0;0.21346374217320024;0.26702945022292923;0.060703656474238775;-0.004833438247442245;0.003044260758906603;1.168692934513092;0.0009195186081342399;0.0056640625
1479;3.26899664452408;1.0;0.29476276546856517;0.36860763716133105;0.05831905002792617;-0.002602723054587841;0.02332372646778822;1.1723623871803284;0.0007399018271826207;0.0001953125
1480;3.3781809945234804;1.0;0.3243789638355664;0.4110400219852128;0.02773267438919312;0.0018538630101829767;0.0030001487932167946;1.2346591293811797;0.0020275217480957507;0.0162109375
1481;3.8110411918620075;1.0;0.3832437219277717;0.5067785758856052;0.017520629309354586;-0.010323958564549684;0.07061943970620632;1.274785143136978;0.0011356110451743006;0.004296875
1482;3.688064357658552;1.0;0.4109264742731173;0.530891823366527;0.03455781719160362;0.002763980347663164;0.004300749732647091;1.2852198362350464;0.0010274406289681793;0.003515625
1483;3.754556915710733;1.0;0.30053788438567075;0.3798207226087751;0.013439459542929782;-0.008455715794116258;0.046281981840729715;1.2067452251911164;0.001150579156819731;0.01015625
1484;3.583324985861466;1.0;0.423476574065771;0.5891928078502675;0.05859394809338022;-0.0064565248787403105;0.044244482275098564;1.2264942944049835;0.0007604241720400751;0.001953125
1485;3.41114368387993;1.0;0.3587182223592782;0.4646198753699844;0.05670186401918624;-0.004546976927667856;0.04231031453236937;1.2335189700126648;0.0009990223799832166;0.004296875
1486;3.8978020223878596;1.0;0.3302448355831755;0.3906282257863205;0.009447715525593483;-0.009884827351197601;0.024936965643428267;1.2035269677639007;0.0012535590212792158;0.011328125
1487;3.035066048228415;1.0;0.31326334435379827;0.36947395926602405;0.02254496888690641;0.005765856942161918;0.0046010299469344314;1.2759080231189728;0.0016036670538596808;0.0154296875
1488;3.6994686438631983;1.0;0.22277941782177044;0.26398025380893037;0.024250609554901013;-0.0009598905220627785;0.04116469942964614;1.2280075430870057;0.0009075502981431782;0.002734375
1489;3.293383204473557;1.0;0.44274874899721284;0.5618387135292504;0.02662847101406374;-0.00588679825887084;0.022283165855333208;1.2233677804470062;0.0017651639645919204;0.015234375
1490;2.7109441708367026;1.0;0.1930901699488804;0.24948416062174425;0.0011829620389498417;-0.006028230674564839;0.004898731596767902;1.195815497636795;0.001953545631840825;0.0177734375
1491;4.036493920430312;1.0;0.3144866573689737;0.4053562120534959;0.0010647924139361932;-0.00265159101691097;0.0038652711780741813;1.1782430112361908;0.002260589913930744;0.021875
1492;1.6153502823634458;1.0;0.4410370263387273;0.5471842002167366;0.018090394173764346;0.0034433799562975766;0.022458608075976372;1.2305258214473724;0.0010888922377489507;0.0078125
1493;3.8054623819265;1.0;0.3622960055330168;0.4475062306914211;0.0097316927658855;0.0030157370027154686;0.024649760313332082;1.2455000042915345;0.0008612031233496964;0.002734375
1494;3.0449173213542156;1.0;0.2149930718881111;0.25743874350670704;0.016515847698371607;-0.005288665089756251;0.045400787610560656;1.1778927624225617;0.001564579748082906;0.017578125
1495;3.096175530234407;1.0;0.2551546992257665;0.31523933042769575;0.023378692644950197;0.0003045197343453765;0.04231909066438675;1.158537459373474;0.0005831745686009527;0.0005859375
1496;3.048528973337809;1.0;0.26051235548734264;0.34078609087374256;0.02427567695768296;-0.00906977558042854;0.02402639449574053;1.0701751410961151;0.0019535930012352766;0.0203125
1497;4.478982436614634;1.0;0.7832495696078159;1.1312661533532788;0.02052833155334275;-0.011433193157427014;0.044302465347573164;1.0255071878433228;0.0015278379898518324;0.007421875
1498;3.2166013597094065;1.0;0.42127706842918433;0.5302320457598723;0.03361454625108886;-0.0008056696970015764;0.019720708020031452;1.0463702142238618;0.0013175339787267148;0.0052734375
1499;4.099432538589756;1.0;0.4142205582492515;0.5313261678333885;0.007745795503674209;-0.005411203810945153;0.043082983372732996;1.070942085981369;0.0007081385818310082;0.001171875
1500;4.275281472192194;1.0;0.546987329047624;0.727035823312231;0.007434024510601244;0.0007225991692394018;0.03503596596419811;1.0688222229480744;0.0022685566451400518;0.025
1501;3.717359317344564;1.0;0.6087863904590773;0.7411237174829495;0.04131778372861582;0.006533398805186152;0.028932537138462066;1.0143139392137528;0.0006240460206754506;0.0015625
1502;4.155288876158725;1.0;0.34466154624358714;0.43782631378058673;0.0;-0.004345372738316655;0.0026279328390955924;1.0469614446163178;0.0007493451121263206;0.0056640625
1503;0.6526455127583461;1.0;0.38095092577410694;0.47781793547520873;0.05373494195388027;-0.0018024457618594169;0.07501497343182564;1.067659193277359;0.0009328852058388293;0.0025390625
1504;-1.0407257513530368;1.0;0.1876025217805219;0.23578706947910313;0.10959831331845113;0.0015772617887705564;0.03748682052828371;1.0968967854976654;0.0005897505907341838;0.000390625
1505;4.293873222441387;1.0;0.6476572261024764;0.8640494000822406;0.015448866015539844;0.0009080084972083568;0.032503693574108185;1.0716997981071472;0.0010203770943917334;0.0072265625
1506;3.9561000358876615;1.0;0.38787945983222055;0.4418507093012936;0.0034219605923835293;-0.003797874553129077;0.019427423551678657;1.0237290740013123;0.0005194945610128343;0.0041015625
1507;4.048670134670813;1.0;0.6975560144779113;1.0360793477324022;0.03674214124694617;0.0015041621867567302;0.005184182885568589;0.9754533290863037;0.000475664995610714;0.0
1508;2.458354131431772;1.0;0.3242389845545979;0.4459505224688209;0.10664471324374539;-0.0017323631094768644;0.04142621960490942;1.0357406437397003;0.0011931392014957964;0.008203125
1509;3.8265264308261293;1.0;0.27044037774485646;0.3616924650429229;0.015223809674006186;-0.0011284950189292431;0.0502709124237299;1.0722086369991302;0.000740753416903317;0.002734375
1510;4.097671168410539;1.0;0.5521505975884725;0.6769300795183771;0.02417460237340397;0.0025868307799100875;0.017246422171592713;0.9841242372989655;0.00033024082658812405;0.0
1511;4.250854892616147;1.0;0.6432101313179822;0.8872944121969588;0.015560310667943637;-0.007552043837495148;0.003078468848252669;0.9817487508058548;0.0010646926704794169;0.0017578125
1512;4.133724426052258;1.0;0.47972367233420765;0.5570744314967956;0.008988078145087732;-0.0033031193539500236;0.0455418499186635;1.0050524652004242;0.0006957878940738738;0.0017578125
1513;3.9502953216953838;1.0;0.6371140791499608;0.8562131189401617;0.007440862212975708;-0.005138554936274886;0.0412771366070956;1.0049483150243759;0.0018236838397569955;0.0216796875
1514;-0.7509364537202339;0.0;0.0;0.0;0.011120881579916168;-0.013224435783922673;0.03748318795114756;1.0153309911489488;0.0010889582801610232;0.0033203125
1515;4.154715013749016;1.0;0.38879272806122106;0.5213057847272706;0.0;0.002333276765421033;0.04632537281140685;0.9334493547677993;0.0003985687857493758;0.0005859375
1516;4.117802969165157;1.0;0.43980579878741743;0.569226327069824;0.0;-0.0060387528501451015;0.006233121757395566;0.8856814593076706;0.0020248824846930804;0.0224609375
1517;4.13156669463494;1.0;0.6218317834336669;0.8760039246447097;0.0009889425493182853;-0.005171450972557068;0.016418056539259852;0.8778204619884491;0.0005366278695873916;0.001953125
1518;4.088087282109609;1.0;0.5463833983814337;0.6920576530194283;0.006580101013221155;-0.011456505162641406;0.03167614000849426;0.9285320788621902;0.0007923172088339925;0.00625
1519;3.925808647885366;1.0;0.5810567622509281;0.8144632396892912;0.047746817391751475;-0.003991451766341925;0.04082720810547471;0.9392228275537491;0.001146995066665113;0.0111328125
1520;4.128401621489138;1.0;0.4413716394264505;0.5869065243685666;0.0;-0.01212656321004033;0.009250228246673941;0.9544815331697464;0.0011758847744204105;0.0060546875
1521;2.5381087440661174;1.0;0.2105513275604964;0.26950578661667984;0.02301635602467718;-0.0007438352797180415;0.02316580358892679;0.972381466627121;0.0014412537682801485;0.0056640625
1522;3.1996184460771393;1.0;0.5128803319836761;0.6875898468046734;0.160256806239036;-0.002726938808336854;0.03444343656301498;0.9821261376142502;0.0014706098125316202;0.0115234375
1523;4.188051596817841;1.0;0.5942774719445125;0.8179725822633327;0.010852943096000739;-0.011364729143679142;0.04115130389109254;0.9754846572875977;0.001446708559524268;0.01015625
1524;3.910289449089832;1.0;0.6452268783769052;0.9073667723315264;0.06037826537740639;-0.013877176167443394;0.006041321321390569;0.9699007034301758;0.0011183732072822749;0.0095703125
1525;4.15232368786151;1.0;0.46752956070549434;0.5755228408958725;0.007011331130178891;0.0010181371122598647;0.035697049694135785;0.9780537605285644;0.00062573536997661;0.001953125
1526;3.6954675361028597;1.0;0.5949139131393932;0.8529783247779734;0.009983779185584487;-0.003149049263447523;0.004165633535012603;0.9974214315414429;0.0008900435175746679;0.001953125
1527;4.190827024836324;1.0;0.7044254926879279;1.0277913358748916;0.0880415191573184;-0.0048460978083312515;0.02623221739195287;1.0002673834562301;0.00027680046623572706;0.0
1528;4.016806572661407;1.0;0.6308577595183911;0.8553106472464389;0.007382952236839036;0.0063843454234302046;0.05173739013262093;1.0046357572078706;0.0008914221660234034;0.01015625
1529;4.221212093634627;1.0;0.5774731233268199;0.75498156084804;0.010191290049760651;-0.00881585879251361;0.003364259994123131;0.9776666641235352;0.0010333938873372972;0.0099609375
1530;4.124358146346414;1.0;0.637712073629544;0.9072896455308198;0.002890833599714034;0.0056664574542082844;0.019673291221261026;0.9981800705194473;0.0005207636510021985;0.0
1531;3.7570178520041133;1.0;0.5152880138155591;0.6885124521003081;0.03397019934611848;-0.007150216167792678;0.005731633887626231;1.0685729920864104;0.002379127871245146;0.0255859375
1532;4.02138577877772;1.0;0.5132717076642184;0.6257401535521994;0.00973131524529103;-0.00153702637180686;0.07966583780944347;1.0822929918766022;0.0003540998790413141;0.0
1533;4.395550545151567;1.0;0.767165827149313;1.130454521606548;0.015551051492592526;-0.005248055141419172;0.005514018749818206;1.0390992164611816;0.000638567574787885;0.0009765625
1534;4.015806089220988;1.0;0.6456619710019788;0.909124351183942;0.02867790164473743;-0.005382396979257464;0.003698252944741398;0.995345053076744;0.001721851318143308;0.0134765625
1535;4.328929527490538;1.0;0.5999247650034054;0.8556137887688704;0.004491339133152659;-0.004679091740399599;0.02457668646238744;1.0105206400156022;0.0014517884701490402;0.003515625
1536;4.311851864829624;1.0;0.7524909944356727;1.1158943208731205;0.027505452172910932;-0.010978455469012261;0.025378246465697883;1.0367363512516021;0.0021359393023885785;0.0169921875
1537;3.871161135114804;1.0;0.6043952585933026;0.828443067933425;0.01527247459011912;-0.0015250186901539565;0.04118715184740722;1.0177190333604813;0.0012990525458008051;0.007421875
1538;3.9155849257012374;1.0;0.5934917122081959;0.8087607521448101;0.03251682845167056;-0.017127082264050842;0.02684710086323321;1.029270350933075;0.0008799338131211698;0.0072265625
1539;4.011950608811743;1.0;0.588799718949874;0.7464322933251363;0.0015426242826911349;0.007154999906197191;0.02399130668491125;1.035627681016922;0.0007316033937968313;0.003125
1540;3.778365952037403;1.0;0.5709618603159594;0.738643715725332;0.006142207378442148;0.0002626422792673111;0.0031413016840815544;0.9652918815612793;0.0013016982353292405;0.0099609375
1541;3.7863629183232925;1.0;0.6336273439815492;0.8977506394773883;0.01661340868845418;-0.0018792254617437721;0.047478036396205424;0.996371591091156;0.00087089758599177;0.00078125
1542;4.111524673838139;1.0;0.676017261842672;0.9106782027354794;0.02547959853145469;-0.0015564694534987212;0.022829270642250776;0.9959295332431793;0.0007746726158075034;0.000390625
1543;3.625674476824532;1.0;0.5946622722208605;0.7941676614598616;0.060647215561646185;-0.0026161217130720614;0.0030798151507042348;0.9812008708715438;0.0010168997920118271;0.0033203125
1544;4.1880177622949795;1.0;0.5287339802884395;0.656740719584833;0.0;-0.003064535092562437;0.04793128678575158;0.9873712509870529;0.0007944544777274132;0.002734375
1545;4.037323826836797;1.0;0.3721577729786959;0.4391190764398284;0.0;-0.0015328260138630866;0.026224052393808962;0.986261397600174;0.0007134071667678655;0.0029296875
1546;3.3063176967173407;1.0;0.37098292264181965;0.46232085373454446;0.03127640075703343;-0.00782901314087212;0.006766636692918837;0.9622459381818771;0.0010624126298353076;0.008203125
1547;3.911100770249873;1.0;0.6203566358279641;0.7590056211526479;0.022563747521935906;0.0007754100486636161;0.005043318739626557;0.9518719643354416;0.0012937953928485514;0.005859375
1548;4.05190018237708;1.0;0.6280500251483322;0.8910014988060947;0.03458256653285566;-0.004874555580317974;0.026640031160786747;0.9863608002662658;0.0013425130280666053;0.0087890625
1549;4.139451714039395;1.0;0.5540928801492603;0.6718220907169866;0.012953369502952143;-0.0069024319062009456;0.004668333369772881;1.0357541918754578;0.001200626650825143;0.0111328125
1550;3.999605338824882;1.0;0.6691491467960137;0.9030787248097886;0.016703919218420887;0.00294657233171165;0.006664050952531397;1.0463771760463714;0.0009809683891944588;0.005078125
1551;3.8961196402317313;1.0;0.6549694083468603;0.8780927409847433;0.010995468051678985;-0.001323150284588337;0.025856204424053432;1.0598531067371368;0.0031646661343984308;0.03984375
1552;-7.641607926523796;0.0;0.0;0.0;0.023309149756348152;-0.001437801169231534;0.004754337284248322;1.0931413173675537;0.0014079616637900471;0.011328125
1553;3.842557099242224;1.0;0.5109644575678094;0.6255364592407809;0.022272163068248606;-0.010008476860821246;0.004560682736337185;1.100426548719406;0.0013991978368721903;0.007421875
1554;2.0493021782406915;1.0;0.4339160668062214;0.5500732200361328;0.021892631635726103;-0.0043613920919597145;0.0026760835549794137;1.1265507996082307;0.0018609982682392002;0.0146484375
1555;0.8939161868922652;1.0;0.147463433099085;0.18574506462303503;0.01940015853216103;0.0012202692916616798;0.007378307834733278;1.1118367493152619;0.0029772038920782506;0.03125
1556;4.257049204616836;1.0;0.7195173647783263;1.0118879190136267;0.01425927613475805;-0.0029079772997647525;0.06218635803088546;1.1118855774402618;0.0004631019663065672;0.0005859375
1557;3.4116467872499925;1.0;0.5716188575524515;0.7161974216020972;0.03383045508728112;-0.0070343819912523035;0.0343818673864007;1.1082686126232146;0.0006569578777998686;0.003125
1558;4.1993783929337924;1.0;0.488397771307682;0.5951798668121553;0.0;-0.013635483104735613;0.03141738069243729;1.0448558628559113;0.001259191334247589;0.0140625
1559;4.135452491108879;1.0;0.6296953261583298;0.8486182117259177;0.02588548643811167;-0.00997231099754572;0.003203521913383156;1.051901739835739;0.0021690444671548905;0.02109375
1560;3.598811801122139;1.0;0.5704418805488688;0.752811263345276;0.014140121809359871;-0.01025790679268539;0.030338947474956513;1.1061645984649657;0.0033773288363590837;0.0392578125
1561;-1.9653065317224179;0.0;0.0;0.0;0.00579474744071442;-0.00850584339350462;0.05706414757296443;1.1121977865695953;0.0009043980040587485;0.00390625
1562;3.9089243980832977;1.0;0.5260009853810306;0.6499603739273978;0.001186989560992494;-0.0047443114221096035;0.00669165903236717;1.1143532514572143;0.0013849824550561606;0.0125
1563;1.2112421648989766;1.0;0.6532860724836447;0.8911807506657073;0.0015551518797710462;-0.004959031799808144;0.0311184064950794;1.117669701576233;0.0019467408419586718;0.0173828125
1564;-0.5712413807270429;0.0;0.0;0.0;0.0;0.004156215349212289;0.0296665002591908;1.1013580322265626;0.002074857312254608;0.0208984375
1565;4.110725825323106;1.0;0.42113283861911893;0.5555280195412423;0.0;-0.0021219987655058505;0.0026699839043430986;1.119436001777649;0.0006468413514085114;0.001171875
1566;3.69628293506349;1.0;0.6859785566744064;1.0302620304062227;0.01726833048218328;-0.0011969147250056266;0.054679784923791885;1.1410189270973206;0.0008976004086434841;0.0017578125
1567;3.5840870428930565;1.0;0.5705091566299607;0.8142522081672959;0.0;-0.010115596977993847;0.05626225508749485;1.1109731078147889;0.0030245685949921606;0.0294921875
1568;-0.6407982251535475;0.0;0.0;0.0;0.018615522581904898;-0.004700035392306745;0.05559653919190168;1.0641902327537536;0.0006907726055942476;0.003125
1569;-4.215275708272164;0.0;0.0;0.0;0.011246378499843012;0.005171584850177169;0.04763284968212247;1.0530352771282196;0.0004896768950857222;0.00078125
1570;4.085865227281975;1.0;0.4704217850522851;0.6607013565574844;0.0;-0.002777858986519277;0.026802590768784284;1.011028692126274;0.0005448917858302593;0.000390625
1571;3.9165942995249603;1.0;0.39908976416940334;0.5685236959986579;0.0;-0.008898145298007875;0.0332978586666286;1.0522014677524567;0.0008022572612389923;0.0037109375
1572;-0.9218777101713984;0.0;0.0;0.0;0.0;-0.005045671248808503;0.003027618094347417;1.0650861620903016;0.002127739763818681;0.01875
1573;3.9560264300350916;1.0;0.5752670922673678;0.8289212713519301;0.019093609551318877;0.0019065555650740861;0.004040633351542056;1.063903284072876;0.0012876133434474469;0.0095703125
1574;3.804165419410745;1.0;0.586161151947749;0.8298154451626432;0.03238085329666961;0.00018376228399574757;0.026963112549856304;1.0514738619327546;0.000938420812599361;0.0076171875
1575;-1.7121392655824994;0.0;0.0;0.0;0.04961708435391047;0.0011297639925032855;0.026266488758847118;1.073127955198288;0.0002440395299345255;0.0001953125
1576;2.057137206892214;1.0;0.5963398958205064;0.8605951359071861;0.0;-0.010523393424227834;0.03014821298420429;1.045374149084091;0.0008448526030406355;0.004296875
1577;3.9564722135273636;1.0;0.4578674461066463;0.6316643150025226;0.0;0.00042350906878709795;0.027129149017855524;1.0421623528003692;0.0006923178792931139;0.0005859375
1578;2.1037947777479085;1.0;0.27444669575340586;0.40661275648823536;0.10087203269850542;-0.0016868122620508075;0.004113602463621646;1.067956691980362;0.0019354064716026187;0.0205078125
1579;2.5727263102002045;1.0;0.15263669634747912;0.2085328129171997;0.0;-0.009656020905822515;0.002923652157187462;1.0405678629875184;0.002786676795221865;0.030078125
1580;1.6629070509276942;1.0;0.16888969405594112;0.23899965629927786;0.0039395910627753215;-0.002793162129819393;0.03064876808784902;1.0654658019542693;0.0006414672825485468;0.003515625
1581;-1.3183811276554136;0.0;0.0;0.0;0.0;-0.00032249088399112226;0.053563908021897075;1.1147141873836517;0.0009252075571566821;0.00703125
1582;2.3722239240413647;1.0;0.630018043013707;0.9277439484546828;0.013264750271393991;-0.007031981972977519;0.005965040787123144;1.0570064246654511;0.0017689512227661909;0.0162109375
1583;2.4155864505842395;1.0;0.24464881572551614;0.3441490640214546;0.0;-0.007873316947370767;0.0339040745049715;1.1217643082141877;0.0006380325183272361;0.001171875
1584;-3.5477359964060344;0.0;0.0;0.0;0.04059576336094225;-0.010044853459112347;0.030363297532312573;1.078632754087448;0.0009788631345145405;0.0044921875
1585;4.168407096243909;1.0;0.4100801288209559;0.5724998302423776;0.06641205848829543;-0.0030651630833745;0.11542832404375077;1.0243134409189225;0.0016837052651681006;0.016796875
1586;4.257436722379357;1.0;0.4931050199215756;0.6978886766178407;0.006586681565060065;0.0016900675371289253;0.0223655209178105;0.9833047658205032;0.0009848756832070648;0.00703125
1587;-0.8526679729297291;1.0;0.2354944408715197;0.32088562378626456;0.0;-0.0071809640619903805;0.023655084846541285;1.0602963387966156;0.001272828970104456;0.01015625
1588;-0.40303772337950017;0.0;0.0;0.0;0.021665115775864538;-0.005984181025996804;0.025744614843279123;1.0441782981157304;0.0006344012683257461;0.00234375
1589;3.7121432229438605;1.0;0.3154984135076327;0.4756525664270526;0.0656723864331374;-0.0009919776581227779;0.025497185345739127;1.0614368796348572;0.0006505070487037301;0.0017578125
1590;4.063179024874695;1.0;0.4719055137683987;0.6760309399697486;0.04755552949068842;-0.008330566016957164;0.025347930565476417;1.037140667438507;0.001962219225242734;0.023046875
1591;3.03098938900968;1.0;0.34048195289870226;0.482162967076715;0.04108305466062087;-0.002923891064710915;0.004177345929201692;0.9991015642881393;0.0007944675395265222;0.0013671875
1592;3.0548032785979937;1.0;0.3573860447050979;0.5124999804828175;0.0485646019325352;-0.006839652871713042;0.045828259596601126;1.0326351761817931;0.001721182046458125;0.0146484375
1593;1.633311033158272;1.0;0.16478282450731094;0.22445768293559926;0.0;-0.0035708861891180278;0.02990980870090425;1.1125179529190063;0.0021124959923326967;0.023046875
1594;3.5684677641469342;1.0;0.3569738419756661;0.521015928408174;0.016362655960514186;0.00048451232723891737;0.029084732010960578;1.0422184765338898;0.000622886058408767;0.003125
1595;3.8758732299941068;1.0;0.48655628686209884;0.7037853801360592;0.027406422446539114;0.004655149718746543;0.003660623263567686;1.066660261154175;0.0006621666834689677;0.0046875
1596;3.666829179658502;1.0;0.3055588520827931;0.4470666880569366;0.02408405049355184;-0.007150641898624599;0.0034507417702116074;1.0840616583824159;0.0007883199607022107;0.003125
1597;3.983152939880315;1.0;0.6447396181901615;0.9392084223619664;0.054629060217236215;-0.002170144021511078;0.03024016902782023;1.0691533386707306;0.00056417400483042;0.0029296875
1598;3.592831594951343;1.0;0.42528492577666877;0.5801734850795737;0.006353092245653084;0.0015026711858808993;0.07068962715566159;1.0872850954532622;0.0015038936748169363;0.0091796875
1599;2.8639923402653142;1.0;0.3872075431172361;0.5477414070360788;0.031234618794029508;-0.0014369679847732186;0.00444828144973144;1.0998184978961945;0.000978884962387383;0.0080078125
1600;-11.118044658521828;0.0;0.0;0.0;0.0;-0.00023579774424433708;0.09475984629243613;1.0430759370326996;0.0009827446890994906;0.0076171875
1601;4.0238785670650286;1.0;0.5487262207674162;0.7628250029517395;0.026910133757710994;-0.010318170348182321;0.005064977041911334;1.033080169558525;0.0012803244055248797;0.012890625
1602;3.290917288078309;1.0;0.28746759227728186;0.42256389561996394;0.021122323668013126;-0.005100201023742557;0.0279444279614836;0.999881312251091;0.0004477167734876275;0.0013671875
1603;3.4955832814492247;1.0;0.27234790219075056;0.39362568272393816;0.0434614296937482;-0.001665499247610569;0.003460567723959684;0.9821533799171448;0.0008700426085852086;0.005859375
1604;3.9289222399027053;1.0;0.3601340393027888;0.5207391904110588;0.016067769227657708;-0.006047840975224972;0.027370093483477832;1.0189776688814163;0.002094072103500366;0.0255859375
1605;-1.8643887543229571;0.0;0.0;0.0;0.025166183724348985;-0.0034095967188477517;0.0049124339828267695;1.03214470744133;0.0014766183332540095;0.0142578125
1606;-0.2492750645422041;0.0;0.0;0.0;0.00859649476040874;-0.008734976034611463;0.0037405303446576;0.9828933924436569;0.002191161655355245;0.0208984375
1607;3.592136249839699;1.0;0.33707655311289586;0.4807767113293213;0.02524427274539612;-0.008714719023555518;0.0028363797930069266;1.0407328069210053;0.002370717783924192;0.0294921875
1608;3.823587331868176;1.0;0.2581508806629752;0.3576546950278897;0.014064761684333396;-0.009811046347022057;0.08944439571350812;1.0337757498025895;0.0016140914871357382;0.0119140625
1609;2.2867109166652178;1.0;0.21914455779439398;0.3090248200395984;0.09524773791041831;0.0024545780383050443;0.027538452902808784;1.0080081790685653;0.0017721017939038575;0.013671875
1610;3.290910981191717;1.0;0.45015029264175443;0.6475429385278098;0.038638550096797564;-0.0006028263829648495;0.07327107824385166;0.9954262018203736;0.0008236400899477303;0.0052734375
1611;2.119983272675066;1.0;0.17213502897416777;0.2410116741386414;0.03452798639401825;-0.0005686994874849916;0.0062710459809750315;1.0448855221271516;0.0007986175362020731;0.0033203125
1612;2.49750890202162;1.0;0.16135450478630756;0.21971809467622253;0.03231421475101734;-0.007594398013316095;0.025881662406027316;0.9639615654945374;0.002478057588450611;0.027734375
1613;1.756764762074427;1.0;0.32622728830167974;0.46053575879486003;0.051599794777783155;-0.008962240163236856;0.002331493585370481;0.9592515856027604;0.001475814392324537;0.0095703125
1614;3.5493453541882025;1.0;0.3258188411313559;0.4717768501835644;0.04452550251992397;0.00036878641694784167;0.025715654203668236;0.9515654772520066;0.00044488884741440416;0.0009765625
1615;3.3068483671959212;1.0;0.25855513527329294;0.39760145339067343;0.018365943539981503;-0.00829199911095202;0.0035809040418826044;0.9452025413513183;0.0011221149004995822;0.008984375
1616;3.169327721265364;1.0;0.32698180758043716;0.457732433456296;0.021740721959620932;0.0030651628971099854;0.07343594394624234;0.9743512779474258;0.0008656571735627949;0.005078125
1617;3.902384944032646;1.0;0.3812625789114943;0.5691859660353747;0.029031532526640435;-0.0065900734160095455;0.003143896104302257;0.9881617784500122;0.0015639347024261952;0.011328125
1618;3.342286115526687;1.0;0.18592702831002483;0.2614503464894843;0.009002611891730006;0.00450080381706357;0.002601310086902231;1.0316004365682603;0.00096087014535442;0.0056640625
1619;3.6172332751551504;1.0;0.35656499969352534;0.5215965582724446;0.04503020714396279;-0.006111145648173988;0.05158029366284609;1.0666422486305236;0.0009973126230761408;0.0041015625
1620;3.7177492444247084;1.0;0.3421924955230906;0.48890864788402316;0.02134731674014505;-0.007810909952968359;0.0495476727373898;1.0385242402553558;0.0014561732998117805;0.012890625
1621;3.9848868350595312;1.0;0.3439999395819685;0.504607793865604;0.02359747373584197;-0.0008688997942954302;0.06888344222679735;0.9996295124292374;0.0009190288023091852;0.00703125
1622;3.7409487076697;1.0;0.2763597933130535;0.41668569354445784;0.014496858504300967;-0.0009583187755197286;0.0037616260815411806;1.0068924486637116;0.0020139253698289394;0.0107421875
1623;3.4713375690190373;1.0;0.3474610021004168;0.510670738929664;0.03575208391127701;-0.008473405963741243;0.02544722016900778;1.0247511476278306;0.0014233778580091893;0.0115234375
1624;2.990845918589551;1.0;0.24060769381706879;0.3621553694293855;0.005376665666672462;-0.005231056176126003;0.0504847576841712;1.0628815472126008;0.000599432922899723;0.0017578125
1625;3.4638457109366922;1.0;0.15716811795990066;0.23657038559901084;0.019895957884384256;-0.008538540638983249;0.0258083502529189;1.0385162651538848;0.0013755572610534728;0.0115234375
1626;3.8344759778824264;1.0;0.31843995254032215;0.49155831177686055;0.026445872184666964;-7.141795940697193e-05;0.011181898665381596;1.0117994338274001;0.0004527596407569945;0.0
1627;-0.6534894318687718;1.0;0.3601326062742299;0.5101210841534873;0.042951490779149275;-0.00275369449518621;0.02523325146175921;1.046083915233612;0.0014151497860439121;0.01015625
1628;2.972796132949456;1.0;0.30984991561365954;0.46608883655913586;0.027366040224304784;-0.003946265508420766;0.046828583162277934;1.0551150679588317;0.0013809892698191106;0.015234375
1629;3.3018188233915167;1.0;0.30078164922381917;0.45532175213911635;0.046057064454612995;-0.008023725682869553;0.048146992642432454;1.0383392721414566;0.0012684221495874227;0.0095703125
1630;3.263798414487858;1.0;0.26475164306684107;0.39339998388933506;0.02514944395390219;-0.0032151803839951753;0.004161952529102564;1.006146603822708;0.00289073227904737;0.0341796875
1631;3.6770131587153823;1.0;0.23988804396627836;0.3526939750060399;0.026869452814152265;-0.0009829921647906304;0.0022789405775256455;1.007142361998558;0.0018044038210064174;0.0138671875
1632;2.4793558062608136;1.0;0.26996971290869143;0.4090615651008077;0.1043295647627323;-0.007657879102043808;0.028313752030953765;1.0350043833255769;0.0006912483717314899;0.001953125
1633;3.465666575544682;1.0;0.16822173922918182;0.25952405956287095;0.02900003173872226;-0.00373883240390569;0.00553029851289466;1.1002341628074646;0.0005308995023369789;0.0015625
1634;-0.9748645647643035;1.0;0.21673733399957823;0.3208329426414865;0.026859933957805306;-0.0034873769618570805;0.02140102406265214;1.046738463640213;0.001201934926211834;0.00859375
1635;3.2285578723888375;1.0;0.39679547389781816;0.579858696856342;0.025098170291590654;-0.004664073814637959;0.0034453002968803047;1.0229285776615142;0.0025839566602371632;0.029296875
1636;-2.126698283425587;0.0;0.0;0.0;0.01991727581970178;-0.0012199430726468562;0.0061186521081253884;0.983532902598381;0.0024247702909633516;0.026953125
1637;4.164674165287211;1.0;0.31475924529183635;0.47027287681525126;0.004452951856936632;-0.0046359549276530744;0.002315153647214174;0.9769378751516342;0.002651901112403721;0.0359375
1638;2.019876600427295;1.0;0.14290101603944858;0.20409865813573183;0.006228137745733989;-0.00905324243940413;0.002801989309955388;0.9972679495811463;0.0011402989854104816;0.004296875
1639;3.639271826099215;1.0;0.25867151967237395;0.37575986648924103;0.017366250643408743;-0.0006174246314913035;0.0017015147488564253;0.972175395488739;0.0020602925680577753;0.019140625
1640;3.3873184320077354;1.0;0.44131029379762915;0.6554366475077171;0.09662872777607277;-0.011317947600036859;0.09320530891418458;1.0229386419057847;0.0011397532769478857;0.001953125
1641;2.9930221704253013;1.0;0.36217696866057775;0.5417554088461953;0.12430168470087129;-0.007827592408284545;0.002242871280759573;1.0200166523456573;0.001644706935621798;0.0150390625
1642;3.112631130404333;1.0;0.40045826338660084;0.5655390596728221;0.032094701146459396;-0.004281517583876848;0.001945680339122191;0.9650733292102813;0.002644212660379708;0.03359375
1643;1.3302314426982726;1.0;0.17221731812488653;0.24617351972447443;0.025311569621723796;-0.006629682891070843;0.0010915027640294283;0.972996124625206;0.0026596625568345187;0.029296875
1644;-4.034095694539232;0.0;0.0;0.0;0.006500211136631731;-0.002441493794322014;0.057080349698662755;1.0426250964403152;0.0020414577913470565;0.0248046875
1645;1.244540466402161;1.0;0.3277130884884738;0.4613114456986318;0.07155771340673944;-0.008710689796134829;0.085390355437994;1.0647692799568176;0.0012108885450288654;0.009375
1646;2.2315932606107456;1.0;0.3063319716106141;0.4347267270714854;0.023916678376274585;-0.006220039678737521;0.004428458632901311;1.0260746896266937;0.0015885920496657492;0.0123046875
1647;2.7649071384236956;1.0;0.34370970915772786;0.4900233284412028;0.022901297308817053;-0.0036419651471078394;0.002811685821507126;1.001012447476387;0.0007095940061844885;0.0041015625
1648;3.726947823994842;1.0;0.28161090207854717;0.4096434921206787;0.016694554227121218;-0.0016539338510483503;0.05657024160027504;1.0219628721475602;0.001006045693065971;0.0046875
1649;3.607472698909638;1.0;0.289950867674735;0.42060179530766795;0.010083651744495879;-0.004795536259189248;0.02559433481656015;1.021532988548279;0.0014113690005615354;0.01328125
1650;3.633308892224324;1.0;0.3567704069247083;0.5044448163225953;0.023887133689622336;0.002774582616984844;0.05103341098874807;1.048038077354431;0.0008438866585493088;0.0033203125
1651;2.5147158197861987;1.0;0.33228908877662977;0.4563766338242704;0.02165464604434803;0.0028374568093568085;0.030571207171306014;1.0160079509019853;0.0018051703460514545;0.0150390625
1652;4.20929223407959;1.0;0.52809556824064;0.6959256722507623;0.017071461230924758;-0.002766494872048497;0.0030438986490480603;1.0579911530017854;0.0013097592629492283;0.005859375
1653;3.227287485773937;1.0;0.4529431078260138;0.6017768365465144;0.03400400620115959;-0.006975066685117781;0.054704994149506095;1.0318555295467378;0.0015371269197203218;0.012890625
1654;3.030546197710305;1.0;0.6311502320301845;0.8495571498311885;0.06355261428650916;-0.00462799547240138;0.029509772174060346;0.9990960717201233;0.0017997859860770405;0.012890625
1655;3.03408125764555;1.0;0.3739058989149294;0.506541237321232;0.026238596548071428;-0.013156179036013783;0.006472000584471971;1.0188955307006835;0.002115649601910263;0.0234375
1656;4.003701399759134;1.0;0.6130345135849623;0.8200905892655609;0.04324044994738246;-0.00556644625030458;0.003060311847366393;1.0216075956821442;0.0005605460377410054;0.001953125
1657;-0.9541917293238062;0.0;0.0;0.0;0.0016242007279326405;-0.0007083642994984984;0.0031697295722551643;1.040069395303726;0.0021344840875826775;0.025390625
1658;4.416797764633978;1.0;0.5652937862679782;0.8378227877240478;0.0;-0.016597324656322597;0.002809591533150524;1.0485890626907348;0.000811092322692275;0.003515625
1659;4.140982252248821;1.0;0.6637696779311036;1.022517527093232;0.04448961822013917;-0.0029098956845700743;0.0782163755968213;1.0529867112636566;0.000962093030102551;0.0013671875
1660;2.6461279161768685;1.0;0.3326865082823489;0.4896079476866879;0.12396180840401771;-0.001562274992465973;0.028173177503049374;1.0842670023441314;0.0004813347361050546;0.0
1661;4.197037424713582;1.0;0.5313973665772426;0.7048518642631723;0.01788755941789634;-0.008848571358248592;0.053296071104705335;1.043592244386673;0.0010384315275587142;0.01015625
1662;4.04050543765677;1.0;0.5397826205708497;0.7415539534119405;0.03789027411308209;-0.005795551417395473;0.004202508321031928;1.028098863363266;0.0032261711196042596;0.0392578125
1663;3.665585877957177;1.0;0.5586535442473322;0.712544274354959;0.024365230264014017;0.0004668094450607896;0.02147115903208032;1.0305676460266113;0.0011056707822717725;0.004296875
1664;4.247385900689045;1.0;0.5350664801843407;0.7384878389790227;0.007461059306638814;0.00018675774335861207;0.05238054222427309;0.9928040921688079;0.0010423430474475026;0.0041015625
1665;4.30461370761203;1.0;0.48587572330962975;0.6682280010264806;0.007350695559497108;-0.00428395583294332;0.003389728895854205;1.0807676017284393;0.0016913367551751434;0.016015625
1666;3.9691300169199333;1.0;0.6598687639534577;0.9562068630691486;0.058260395235559516;-0.004958848422393203;0.029131805012002587;1.1085762560367585;0.0012544057797640562;0.009765625
1667;4.073758789925899;1.0;0.6050703046418793;0.844112842165035;0.03262664109105698;-0.0021408931352198124;0.0860822742804885;1.0961052119731902;0.0007962824660353362;0.0064453125
1668;4.2172638455643945;1.0;0.6394304910712861;0.8746917086982727;0.019732823255437796;-0.013343409355729818;0.0343071433249861;1.03935763835907;0.0015362089034169912;0.013671875
1669;4.234316015292539;1.0;0.684683794645278;1.0034535146747967;0.021420148184787213;-0.002985842991620302;0.00289001592900604;1.0508736073970795;0.0007740009110420943;0.002734375
1670;4.154681251635208;1.0;0.6839899036235276;0.9282823422275372;0.025821231843038757;-0.009460656624287366;0.02793990899808705;1.0864518761634827;0.0013170873280614614;0.01484375
1671;-0.4383209151700667;0.0;0.0;0.0;0.021324872596853596;-0.007789851538836956;0.047550305258482695;1.0818266868591309;0.0015906715649180113;0.01640625
1672;3.785049536731812;1.0;0.4930064259345895;0.6578704166436661;0.016077412821635696;0.0026207319111563264;0.0508843295276165;1.0410447418689728;0.001005617098417133;0.00703125
1673;-2.945405776162854;0.0;0.0;0.0;0.01755396663061009;0.0008787876926362514;0.0035235225805081427;1.0472829222679139;0.0013435389613732696;0.011328125
1674;-0.9062746616371706;0.0;0.0;0.0;0.03710172794854828;-0.006097899610176682;0.024909033346921204;1.0472261309623718;0.0009888833155855536;0.010546875
1675;-2.343701190378751;0.0;0.0;0.0;0.0253287982701176;-0.01249227048829198;0.04975202325731516;1.0778274834156036;0.0015577219775877893;0.0123046875
1676;4.229597465673692;1.0;0.5263808569947364;0.6503117638649766;0.012171398492887635;-0.007315246970392764;0.02626912179403007;1.0616811692714692;0.001969883276615292;0.0189453125
1677;4.162110678986272;1.0;0.6437657408949271;0.8902822674682376;0.030014386527333535;-0.005718237883411348;0.02668556817807257;1.0727751910686494;0.002097354689612985;0.0208984375
1678;4.257197195103294;1.0;0.5207590039920248;0.6981369964867943;0.01587290697051626;-0.002314139879308641;0.023308538226410748;1.1285838901996612;0.002320240519475192;0.023828125
1679;3.452693635955872;1.0;0.42659379937050107;0.5549373092030527;0.02423374017518276;-0.006609280942939222;0.004179787985049188;1.1013468682765961;0.0012777597061358393;0.00546875
1680;3.205027649614861;1.0;0.3968203515892628;0.5043886445194595;0.034435442408973484;-0.0037243852857500315;0.003648677293676883;1.1023936986923217;0.0006064025918021798;0.0005859375
1681;0.5277050897189777;1.0;0.17334344302911067;0.23194922688407835;0.028591992121708865;0.0011888457229360938;0.02849309486337006;1.1008189916610718;0.0012367956456728279;0.0078125
1682;2.200551865584576;1.0;0.1925384638464816;0.262957568035702;0.015867953309369;-0.006977855088189244;0.03336147228255868;1.06766157746315;0.0018785730819217861;0.017578125
1683;3.5787004869699905;1.0;0.23617351201655254;0.30332240970063357;0.020435941662662452;-0.007451504119671881;0.002454068686347455;1.0716045498847961;0.0024324044003151356;0.024609375
1684;-4.591995267026043;0.0;0.0;0.0;0.04152577410443743;0.0015497459098696709;0.004848359245806932;1.1057912409305573;0.0007874087314121425;0.001171875
1685;3.653907484697493;1.0;0.3348835849846507;0.4567448064349043;0.012766412405045093;-0.0016162076033651828;0.030459411127958448;1.1147680282592773;0.0028106249868869782;0.03671875
1686;2.467236048675147;1.0;0.2749790938271894;0.36365726048857494;0.021686879719182265;-0.002618664596229792;0.08351604957133532;1.098302775621414;0.0010388308437541127;0.0091796875
1687;-0.5146453013211312;0.0;0.0;0.0;0.019542080299230175;-0.004052412044256925;0.05385012882761657;1.0620376408100127;0.002285574341658503;0.0275390625
1688;3.5705214202230118;1.0;0.43994428492631116;0.5958777278430513;0.018917160164389313;0.003565050195902586;0.02517419420182705;1.020108848810196;0.0009555092896334827;0.00546875
1689;3.305444146100971;1.0;0.40181110323535874;0.5727619765312599;0.05899208680431202;-0.005669319117441773;0.05257902331650257;1.0428976356983184;0.0014438302023336291;0.009765625
1690;3.943543070625203;1.0;0.3441465748152935;0.48774234278552514;0.027765211230051868;0.0015186780132353307;0.02605153595795855;0.9977778524160386;0.0011970644700340927;0.0064453125
1691;4.301055266920814;1.0;0.5938334717669619;0.6896567273946562;0.013085887229152236;-0.008468087273649871;0.027620601188391446;0.9964851826429367;0.0012395021272823214;0.008203125
1692;4.172258975101493;1.0;0.7851014423544223;1.128881981284485;0.04034678583419316;-0.004561978159472346;0.05032781250774861;1.0285382866859436;0.0011267276480793954;0.0072265625
1693;3.61778465707073;1.0;0.19383723745229633;0.27138497572907727;0.009881271557449844;0.0030426851473748682;0.026232314412482083;1.0572384536266326;0.0016230699373409152;0.0126953125
1694;2.6600266564735877;1.0;0.3002632804519758;0.4171319079032974;0.054974606035326744;-0.004746305290609598;0.052019504457712175;1.061030238866806;0.001079956372268498;0.006640625
1695;3.303051666645555;1.0;0.35862177239043425;0.4746233496769131;0.024576677835544833;-0.001563651766628027;0.050154704786837104;1.0223874688148498;0.00027962846215814354;0.0
1696;-3.053689226026745;0.0;0.0;0.0;0.01593048556180065;-0.003248618682846427;0.026427581952884794;1.048250788450241;0.0019278051680885256;0.0173828125
1697;4.20262522807176;1.0;0.5418166819265484;0.6978525935663316;0.01614092742023905;0.0014418095350265502;0.025442317523993552;0.9919010758399963;0.0003077133093029261;0.0
1698;3.539270332331292;1.0;0.1840083131943287;0.24449211988159023;0.006985501839481165;-0.001750003104098141;0.01742094729561359;0.9833780467510224;0.0015310320886783302;0.0142578125
1699;3.4737107825693045;1.0;0.26481138788779524;0.3367446552713389;0.011617386198065875;-0.0019280620850622653;0.03891071329126135;0.9721250683069229;0.0010100740822963417;0.0064453125
1700;2.92774054964167;1.0;0.2919989727988543;0.407407536888505;0.03356246535293958;-0.0010699588805437089;0.0644797369837761;0.9754120022058487;0.0013057741685770451;0.009765625
1701;3.152974242338722;1.0;0.3739423458713965;0.45060752501189333;0.0554497163372108;-0.006738383928313852;0.027035682182759046;0.9657196611166;0.000737261469475925;0.00625
1702;-1.826778301109647;1.0;0.32071807832524957;0.4239520782482469;0.0;-0.0016898084431886673;0.011673561984207482;0.982695534825325;0.002158684958703816;0.0203125
1703;4.3948217217764425;1.0;0.7460611235122296;1.1313507234456435;0.03197097966642353;-0.007516709389165044;0.04195005567744374;1.0054659366607666;0.0012906904798001052;0.01171875
1704;-1.200749439901139;0.0;0.0;0.0;0.013073428055913454;-0.0070890671573579315;0.004330178815871477;0.9945940911769867;0.0016795868519693612;0.0095703125
1705;-0.7666206902463618;0.0;0.0;0.0;0.019808277045157127;-0.006509897904470563;0.04589447481557727;1.0375061213970185;0.000816531467717141;0.0017578125
1706;3.184458644870773;1.0;0.26644117289448477;0.34545588855916554;0.03039321499736234;-0.00804688297212124;0.07586317621171475;1.0971364617347716;0.0016801991849206388;0.0146484375
1707;1.435086180789119;1.0;0.1758837030355261;0.23947459098645618;0.035158752330672324;-0.0013833950273692609;0.008056340529583395;1.0748152494430543;0.001052407140377909;0.0091796875
1708;3.8587444974092326;1.0;0.3466092931305424;0.4892107986050603;0.0407943511707017;-0.0018243819940835238;0.028983910288661718;1.1126339137554169;0.0013555576442740858;0.0099609375
1709;3.172325513279403;1.0;0.34435019633462627;0.48722407616602786;0.07781519775368048;-0.006759392842650413;0.02920964900404215;1.0901433110237122;0.001268448866903782;0.006640625
1710;3.699204289664021;1.0;0.28928596917725546;0.38669400133741305;0.02159828423460694;-0.006903328001499176;0.05906043313443661;1.0657531440258026;0.0030123203177936375;0.0357421875
1711;4.310917222563042;1.0;0.6148486508183123;0.8341079059844827;0.034040093729232807;-0.006160680088214576;0.01113581140525639;1.0497599303722382;0.0016103504807688297;0.0169921875
1712;3.7341494379415776;1.0;0.5815301177904879;0.6851005964893717;0.03601042456507014;-0.00623808573000133;0.03690715888515115;1.0418819785118103;0.0015986065845936537;0.0140625
1713;3.085488353034285;1.0;0.26346868744722324;0.37834064206017154;0.033098293376409245;0.0013216189108788967;0.025485753547400236;1.0278267085552215;0.002193493163213134;0.0267578125
1714;4.045298631892688;1.0;0.5840510604423736;0.8870722769070626;0.08932317419260684;-0.007423185324296355;0.028175751119852065;1.0611199021339417;0.0009619398741051554;0.00625
1715;3.543152750785337;1.0;0.32812320069673573;0.4280397055157767;0.01209470620159591;-0.0012689006514847278;0.025737718236632644;1.0363729447126389;0.0005077273119241;0.0005859375
1716;-0.3636169073610933;1.0;0.37021438819193;0.502517667965144;0.04133329037194015;-0.011621511727571487;0.0059018844272941354;1.05468430519104;0.0013865414191968739;0.015234375
1717;4.0795879647061835;1.0;0.6043060585055434;0.7956423589392172;0.03297609947377048;-0.003524958062916994;0.028960762592032552;1.0550451636314393;0.0013519082916900516;0.008984375
1718;3.320453573483505;1.0;0.20850591057234721;0.2817075082926182;0.002850173131532706;-0.0038030629279091955;0.02146223171148449;0.9961090117692948;0.0007047857390716672;0.0033203125
1719;3.1852469625648205;1.0;0.20377925685255296;0.2622400616473968;0.01870900120017371;-0.0064222350716590885;0.007346973521634936;1.0516824007034302;0.0016315464861690998;0.0201171875
1720;3.1864418284224474;1.0;0.1324547374249684;0.16911079196847803;0.0;0.00037041124887764453;0.006360043352469802;1.0582167863845826;0.0010035969666205347;0.0048828125
1721;3.4575392618204015;1.0;0.3669220096653381;0.46303247324571506;0.015712504735732543;-0.007553589274175465;0.03093766630627215;1.060740876197815;0.0010961199644953013;0.00859375
1722;3.2844442973798227;1.0;0.6070638499781891;0.7823937389308167;0.054548919904574104;-0.007620340073481202;0.004064671625383198;1.0726069867610932;0.0014235445647500455;0.007421875
1723;-0.37264472794431436;1.0;0.24456468576370674;0.3192495403901216;0.05092992245197485;0.0027469367953017352;0.11517041511833667;1.0777196824550628;0.0025117976241745056;0.0265625
1724;2.8250832845818055;1.0;0.29263804998160914;0.38662466488434866;0.015406023082025336;-0.004490073816850781;0.005699328612536192;0.9886036723852157;0.0007458341657184065;0.000390625
1725;3.3176612451737366;1.0;0.573198059476518;0.7896504288739646;0.01943132587270009;-0.0018795692827552556;0.0047226859722286465;0.9874958723783493;0.0014287601690739394;0.0076171875
1726;4.36094763471482;1.0;0.7112157143870586;1.006387681261846;0.03837895898929301;-0.0020272397436201573;0.0016525123501196504;0.9136237382888794;0.001492591481655836;0.013671875
1727;2.591608571926608;1.0;0.19380091014074427;0.2416316648822464;0.02771878134100055;-0.003647055523470044;0.0015832604898605497;0.9225818455219269;0.0010203004465438425;0.0078125
1728;-0.7914838112209844;0.0;0.0;0.0;0.016945081180514247;-0.0038579779909923674;0.0018790247442666442;0.9737992495298385;0.0013103867881000043;0.0080078125
1729;4.092921274521124;1.0;0.2976712870422851;0.4120108606557416;0.0;-0.007017734367400408;0.08903421498835087;1.0379748582839965;0.0004195031011477113;0.00078125
1730;3.305885358621282;1.0;0.15407453260303997;0.1988340989303974;0.008511957593951595;-0.0044303856324404475;0.032639320380985735;1.04133443236351;0.0009113197913393379;0.003125
1731;3.2154559851106206;1.0;0.20291697377148052;0.27119444602868664;0.007159618627736347;-0.004219690850004554;0.006491530127823353;1.0419596672058105;0.0004965308122336865;0.001953125
1732;1.7375111426698773;1.0;0.3461608487954158;0.4606301991630425;0.15297375972251318;8.456548675894737e-05;0.0034252550336532294;1.0446271002292633;0.001373726676683873;0.0138671875
1733;0.9928876826974946;1.0;0.362359273457922;0.4566742534114015;0.007001402275852293;-0.006283089239150286;0.007246385375037789;1.0761196553707122;0.0008227994781918824;0.0033203125
1734;4.287788391195057;1.0;0.5826751618762349;0.8082712461711257;0.015938082654538336;-0.0005419185385107994;0.1312281910330057;1.1029914379119874;0.001217464078217745;0.0134765625
1735;-2.6939502671026316;0.0;0.0;0.0;0.03375950002303493;0.0029233342967927454;0.010053372359834611;1.0756723940372468;0.0014926697011105716;0.01328125
1736;4.3812258269747435;1.0;0.5730605410842018;0.8006995826272498;0.010414290197391896;-0.006355148705188185;0.02161568133160472;1.017205834388733;0.0030684494297020136;0.03203125
1737;4.239418473835505;1.0;0.7417984425429885;0.9814352741596256;0.040214153241936834;-0.01101069780997932;0.05487505178898573;1.0566172122955322;0.0011672456050291658;0.0072265625
1738;4.115798293057781;1.0;0.6134195660879698;0.7671658943459767;0.026625447042885574;-0.005159780755639077;0.03861786890774965;1.0543672621250153;0.0015927223954349755;0.016015625
1739;4.293601113042662;1.0;0.4778693142206211;0.6409961120027821;0.021695245336932602;-0.004052568972110748;0.006267894781194628;1.0097385853528977;0.001409168215468526;0.0158203125
1740;3.9955427489804425;1.0;0.3986491303865776;0.5453055186863216;0.03263954072376801;-0.0014667121227830648;0.012600922677665948;1.0120172441005706;0.001903550827410072;0.0150390625
1741;3.7633444860535397;1.0;0.6613676273513304;0.8130841730747146;0.0478218113541549;-0.01348797269165516;0.03656045999377966;1.0532968997955323;0.0009662552620284259;0.0052734375
1742;4.341076015719123;1.0;0.6978973961976994;1.0121800963001548;0.02738251728735385;0.005037805391475558;0.05733800940215587;1.0309713721275329;0.0009718439192511142;0.00625
1743;4.457864548692445;1.0;0.7021865644621785;1.0289908294125385;0.019511293947977786;-0.005654742941260338;0.006279694847762585;1.0671006202697755;0.0014230834087356925;0.0099609375
1744;3.979255019549094;1.0;0.5658217025870662;0.7178482166880884;0.024921603585907146;-0.005725576891563833;0.0052813344402238725;1.0481364965438842;0.0019674077746458353;0.0171875
1745;3.9438591894516524;1.0;0.5483604362819994;0.6673306972893673;0.024535486612293943;-0.0011035926174372435;0.06059539299458265;1.026520112156868;0.0009193504811264575;0.005859375
1746;-1.8879951656537923;0.0;0.0;0.0;0.07939726681803648;-0.0028890442103147508;0.003775287966709584;1.021066665649414;0.0022026262944564224;0.02265625
1747;4.326604394552111;1.0;0.6582415006250575;0.8744006969189809;0.013874346342168421;0.0028812595177441836;0.0036205087904818355;1.0359135210514068;0.003027947968803346;0.0384765625
1748;4.467339529681691;1.0;0.7569343118114625;1.1157495637629586;0.018304867673855273;-0.008748742658644915;0.00239167008548975;1.0338598966598511;0.0005092258332297205;0.0015625
1749;4.042986763975529;1.0;0.5358681307586218;0.7007221368635582;0.036380404239477;-0.0072402182500809435;0.0021240845322608947;1.080913096666336;0.002322944672778249;0.0220703125
1750;4.466165928105078;1.0;0.7572492323788804;1.064809216088824;0.023011439960375413;-0.0006901029031723737;0.05868834564462304;1.1235175371170043;0.0011247079353779554;0.00625
1751;3.1720955043822308;1.0;0.3287414573684518;0.4343430289564473;0.024975511891809396;-0.0023728836793452503;0.035667819622904065;1.1200319349765777;0.0006059329956769943;0.00078125
1752;4.140560261731943;1.0;0.4675924343878836;0.6062913986781712;0.027352095937322064;-0.006253545079380274;0.005667971190996468;1.0138072669506073;0.0031789732980541884;0.0458984375
1753;3.963671359663443;1.0;0.5464835027444025;0.7407305791970481;0.03039750553000722;5.330285057425499e-06;0.002737655153032392;1.0057717204093932;0.0011966933263465763;0.0119140625
1754;3.915362311516512;1.0;0.5573163712357476;0.7006264476870813;0.048355582891632574;-0.011243755370378495;0.0032242310582660137;1.0509444653987885;0.0018914801068603993;0.0193359375
1755;-2.8377424844773635;0.0;0.0;0.0;0.13777294007323984;-0.006621538428589702;0.03245344329625368;1.079026222229004;0.000652174255810678;0.0005859375
1756;4.2483795893829415;1.0;0.7182517018269138;1.024452891842076;0.019552646839802568;5.9523480013012885e-05;0.03073781356215477;1.0634909689426422;0.0008579853572882711;0.002734375
1757;4.265599234383407;1.0;0.7515862229540281;1.0789320312301003;0.030557560948565474;-0.013414830202236772;0.03794899033382535;0.9735755681991577;0.0010053564561530947;0.00625
1758;4.421461586356381;1.0;0.7270534128991741;1.0209123901508408;0.03334375390060895;-0.003081042692065239;0.03531267505604774;1.042190831899643;0.0005347271682694555;0.000390625
1759;4.1414694272065;1.0;0.7237036932204217;1.0339443244313238;0.04269696528644178;-0.0003603348508477211;0.06143455663695931;1.0150762349367142;0.0010469260741956532;0.00703125
1760;-1.1894082701792739;0.0;0.0;0.0;0.01835963773956525;-0.003142931265756488;0.004090099455788731;1.067191281914711;0.0019390005501918495;0.023046875
1761;4.320548519108105;1.0;0.6224910455237994;0.8541691272024291;0.01336393716472808;-0.005897711822763085;0.02561308953445405;1.0472125172615052;0.0007834230316802859;0.0052734375
1762;4.064647948455562;1.0;0.2902292057935779;0.4012255140003931;0.00840036400978604;-0.007046187645755708;0.05322818607091904;1.072225272655487;0.0007378070731647313;0.002734375
1763;4.403104265027135;1.0;0.5572526007782901;0.7551542276271654;0.00135451034836023;-0.0022069109603762628;0.005298439948819578;1.0439474940299989;0.001714617235120386;0.014453125
1764;4.377501724751353;1.0;0.6742228256005036;0.8974293631689477;0.0151901479492683;-0.0041940182913094756;0.032360918703489006;1.040104016661644;0.0010757427429780365;0.00390625
1765;1.9687015670118837;1.0;0.19908816520395892;0.24860293432473587;0.032854571028451;-0.0021413628943264484;0.054249906167387965;1.0957129716873169;0.0012253310182131828;0.0083984375
1766;4.0936212165055235;1.0;0.6481952119809395;0.8226854099753219;0.028232421197674405;-0.009808838367462158;0.02854777597822249;1.067071682214737;0.002037010935600847;0.0236328125
1767;-7.256324577474949;0.0;0.0;0.0;0.25245800703735494;0.0021369729889556765;0.0032283294247463347;1.0388510763645171;0.0011718909139744938;0.00546875
1768;2.5911385314935904;1.0;0.4018643217635349;0.5109696099924428;0.044033669942806074;-0.005508360685780644;0.0032397834002040327;1.089251548051834;0.0016138390987180174;0.01171875
1769;4.454096752004231;1.0;0.6967427511071488;0.9994042947427424;0.01622959267596895;-0.0015800407622009517;0.004922203719615936;1.081146627664566;0.00099098717328161;0.003515625
1770;3.275688013371835;1.0;0.3637841695349814;0.45662143915281955;0.03721114824843266;-0.010996343428269028;0.07639439590275288;1.1056891322135924;0.0012754252878949047;0.0078125
1771;4.169265909821864;1.0;0.5627945493805678;0.7239770574454392;0.053398034069474645;0.0013497959822416305;0.004492148815188557;1.164598822593689;0.001346360519528389;0.0068359375
1772;3.8135007799274474;1.0;0.3385308390450925;0.43925677787883394;0.02008766918546749;0.0047775390557944775;0.054475790448486806;1.1024550259113313;0.001041790982708335;0.00703125
1773;3.748154214294007;1.0;0.2925024003923501;0.37253568724587677;0.020151641304873635;-0.0029389176052063704;0.035175785259343686;1.115047425031662;0.0010032739024609326;0.006640625
1774;3.9398903308051874;1.0;0.48553822581274025;0.6041588334396281;0.025868094397101207;0.002350181294605136;0.023765231820289046;1.0542876064777373;0.001276389101985842;0.0095703125
1775;3.8934878600563447;1.0;0.6878665698472451;0.9435100742464877;0.026777094843841647;-0.000808954075910151;0.05328510086983442;1.0314863443374633;0.00036327808629721403;0.00078125
1776;4.142507443725288;1.0;0.35384397710338894;0.48378819666343104;0.0;-0.008216999936848879;0.0034853938152082263;1.0808501541614532;0.001329126220662147;0.009375
1777;3.7492470565634948;1.0;0.5795006952388929;0.7770163236876675;0.023995624687000883;0.0012136611621826887;0.06570110730826854;1.0223125785589218;0.0007722812821157277;0.004296875
1778;-0.690942063181729;0.0;0.0;0.0;0.0;-0.0057837173342704775;0.0025902526103891432;1.0093529939651489;0.0012437480152584612;0.0091796875
1779;4.3123868674278105;1.0;0.7679625584582952;1.1058597352787927;0.024099186989879236;-0.015058537572622299;0.04465011227875948;1.0335041612386704;0.0010889457073062659;0.0052734375
1780;-2.380190633811593;0.0;0.0;0.0;0.1219984455404493;-0.0072946717031300064;0.04565872885286808;1.0578576505184174;0.0005977510823868215;0.0041015625
1781;4.067639558577814;1.0;0.609296857759221;0.8593554224895068;0.005549964929455369;-0.004724757978692651;0.004525501502212137;1.0726211071014404;0.0020666882512159644;0.02265625
1782;3.689306573444689;1.0;0.6398313749841521;0.8852430169451622;0.026304771595894786;-0.0017269064439460636;0.07852728208526968;1.1104584515094758;0.0013659349060617387;0.00625
1783;1.8674820512008978;1.0;0.19993587698731408;0.24752921247961154;0.02520199794976297;-0.009955422068014742;0.025656573846936225;1.0460858464241027;0.0016433363780379295;0.01328125
1784;4.270331517172922;1.0;0.7064703025743371;1.0204751368949638;0.020802032329282343;-0.002706168673466891;0.02279559310991317;1.0387346923351288;0.000971490889787674;0.008984375
1785;2.0537412669723794;1.0;0.1699183403164499;0.21450879883416488;0.01676670369223605;1.4281761832535266e-05;0.02277344944886863;1.1343553721904756;0.00043563026702031493;0.0
1786;-1.9969632965953747;0.0;0.0;0.0;0.017590705967886377;-0.0021755523281171917;0.04355970025062561;1.0927956223487854;0.0020899514434859156;0.0220703125
1787;-14.74441446150107;0.0;0.0;0.0;0.021024845445430013;-0.0036010270938277244;0.026154827140271664;1.1204929411411286;0.0016099914209917188;0.016796875
1788;-1.2629273398939203;0.0;0.0;0.0;0.0;-0.0011373087530955673;0.03866677237674594;1.131849366426468;0.0004468411090783775;0.0005859375
1789;3.9539486253736187;1.0;0.6312699819396156;0.8750583756450465;0.02074633086176726;-0.012234168499708176;0.04252300700172782;1.1357087194919586;0.0016250313492491841;0.007421875
1790;3.8726506959137432;1.0;0.6063603107981637;0.8229000914959502;0.047285602443668535;-0.008423812966793776;0.03953644330613315;1.1053957045078278;0.0014080848428420722;0.0140625
1791;4.167122803740522;1.0;0.5815158639648824;0.8196369873766567;0.010998169632925462;0.004324688110500574;0.04984930632635951;1.092483788728714;0.0011968141538091005;0.00390625
1792;3.873188469667657;1.0;0.6433586697418086;0.8857041958793094;0.02229283060196464;-0.012552666058763862;0.005683794233482331;1.0870479762554168;0.0006451375549659133;0.0017578125
1793;3.3721407401907344;1.0;0.6481658567106207;0.9078141292978912;0.010349393979278905;0.0005045707337558269;0.036497540585696694;1.0607150554656983;0.0013533200835809112;0.0138671875
1794;1.5165280995694037;1.0;0.7545137951539113;1.0138913903045912;0.025392623416921684;0.00028864135965704917;0.04514334406703711;1.0912676870822906;0.000609972735401243;0.001171875
1795;1.1033128967349224;1.0;0.16952756358230384;0.22090160017179075;0.005041745276185157;-0.004305856581777334;0.02153607872314751;1.0494230091571808;0.0015366904204711317;0.01328125
1796;4.084978863833607;1.0;0.567293497588499;0.8068922438639814;0.016050224283596287;-0.000391617976129055;0.0030842225649394097;1.0113177716732025;0.0013445646036416292;0.0076171875
1797;4.079153274582978;1.0;0.7056605251310308;1.0261711765893717;0.02189683663684206;-0.0033256416907534005;0.05247939340770245;1.0176141560077667;0.0016334879561327397;0.01484375
1798;-13.027488388822992;0.0;0.0;0.0;0.0872347162443778;-0.0031174028757959605;0.04447996383532882;1.0423667490482331;0.0005050924140959978;0.003125
1799;4.1883180261931425;1.0;0.764031631358182;1.0983669229538593;0.04716129121156124;0.00172619316726923;0.018632481340318918;1.0142415761947632;0.0013703665928915143;0.009375
1800;-0.9196838927942578;0.0;0.0;0.0;0.0;-0.0077834936324507;0.018170787813141943;1.0341331750154494;0.0012287476914934815;0.00859375
1801;4.377206844126206;1.0;0.5722329587986902;0.8008612284084664;0.013243735024823169;-0.000822177529335022;0.03225005357526243;1.0294700384140014;0.001285879861097783;0.0119140625
1802;4.345691329527902;1.0;0.5732282007750411;0.7952106742613951;0.005774408879600952;-0.0035918918903917072;0.021716012014076115;1.058026283979416;0.000524119520559907;0.0005859375
1803;4.259220575269289;1.0;0.7337076365009068;1.0661540455284833;0.030879344139338072;-0.002062566496897489;0.02907070186920464;1.015591913461685;0.0009465890820138156;0.001953125
1804;-0.8339429742340969;0.0;0.0;0.0;0.0;-0.005983133660629391;0.02397989691235125;1.0425985753536224;0.0005117752123624086;0.0001953125
1805;2.715537239728583;1.0;0.5621976616520328;0.7629548378052932;0.04181343977092695;-0.0031720753526315094;0.0187362820841372;1.062477135658264;0.001157801365479827;0.0048828125
1806;-3.0421102879373465;0.0;0.0;0.0;0.03867643192290445;-0.004626257531344891;0.050336995907127854;1.017417573928833;0.0006866844487376511;0.0033203125
1807;3.655399903047619;1.0;0.6242488055776081;0.8588532377395963;0.022633411996549765;0.0010205204132944345;0.02008221603464335;1.0414577454328537;0.0007568180095404387;0.003125
1808;4.200380324450707;1.0;0.5567443593086343;0.759238703633483;0.010438054456793112;-0.013305617962032557;0.020235252403654157;1.065112042427063;0.001201151474379003;0.0080078125
1809;-17.230076706608326;0.0;0.0;0.0;0.005287822688682476;-0.0047687218524515625;0.004727302934043109;1.0740514993667603;0.0009288964327424764;0.004296875
1810;4.344318930897895;1.0;0.6978735692906926;0.9871870850622073;0.022906576622774816;-0.009982239035889507;0.04871342275291681;1.0498334109783172;0.001135827018879354;0.0064453125
1811;4.2598134928076625;1.0;0.6387312757068394;0.8864832633981097;0.01895561421137038;0.0011227236362174153;0.019381677452474832;1.0712551593780517;0.0006978445337153972;0.00078125
1812;-0.5292292911434996;0.0;0.0;0.0;0.0;-0.009185184165835381;0.006562882685102522;1.0610056936740875;0.0011885563377290963;0.0029296875
1813;3.5413088967386184;1.0;0.6008153264091834;0.8581569100626291;0.050664347250697635;0.0030442508053965867;0.02383008594624698;1.0316304385662078;0.0006969920825213194;0.00078125
1814;4.076374841702825;1.0;0.6265602388480829;0.8842790836387505;0.009010148177065587;0.0009189494419842958;0.03808687310665846;1.040968894958496;0.0008392742834985256;0.0037109375
1815;3.4460139985518983;1.0;0.5589102127865072;0.7638764370644751;0.03170033963778412;-0.010272435238584876;0.011116564413532615;1.0575373888015747;0.0026749363518320025;0.026171875
1816;-6.577025411742561;0.0;0.0;0.0;0.02859235289002626;-0.0035048393066972492;0.02322465442121029;1.0398863017559052;0.0008183753350749611;0.0052734375
1817;-0.19719836187825787;0.0;0.0;0.0;0.003461087770718244;-0.000459153251722455;0.021820126613602043;1.0371282994747162;0.0008485199185088276;0.00390625
1818;1.54440877319267;1.0;0.14771389234062174;0.1922368008885138;0.0;0.006209320947527885;0.014713034313172103;1.0237148225307464;0.0005850719520822167;0.000390625
1819;-1.263602967786541;0.0;0.0;0.0;0.013626290454302898;-0.007686392311006785;0.0031272515072487293;1.0160890877246858;0.0015238216379657387;0.0169921875
1820;-17.060381574795976;0.0;0.0;0.0;0.08163109783731244;-0.011310178181156516;0.01741643559653312;1.0225584298372268;0.001811488764360547;0.01328125
1821;3.9267849636110963;1.0;0.3108957842931389;0.4314993277854988;0.02410690827993186;-0.0020056905224919317;0.05097676385194063;0.9761095404624939;0.0010341309243813157;0.0056640625
1822;3.9245891260245624;1.0;0.6593138816328583;0.9176036255871989;0.04629238086768943;-0.0037177086807787417;0.023651740839704873;0.9835365027189255;0.0013358476688154041;0.00625
1823;4.200911653866962;1.0;0.6795988323554002;0.9492330819590338;0.027664655523567117;0.001525972387753427;0.02597388606518507;1.051431381702423;0.0002992623019963503;0.0001953125
1824;-0.00111974883673982;1.0;0.2359730544165692;0.2974347180730771;0.3068910985561116;-0.0024411239195615054;0.04412081567570567;1.0357881873846053;0.0025232768966816366;0.0328125
1825;4.293318653858218;1.0;0.6276660413047113;0.8131388984215835;0.004178286180873449;-0.005653631128370762;0.03822426116093993;1.0359274297952652;0.0016307242447510361;0.0138671875
1826;0.9789531057725496;1.0;0.2607975508963708;0.34891080146645487;0.32469443973523315;0.0021053371019661427;0.023854601476341487;1.052226823568344;0.0010991103830747307;0.006640625
1827;4.235475928018287;1.0;0.6722794028109018;0.954625400144367;0.023122456719245097;-0.007471263082697988;0.029199370509013535;1.0452859580516816;0.0014663259731605648;0.00625
1828;3.8803757363410303;1.0;0.5491554987507935;0.7552233590065939;0.038609012825253655;0.000733782397583127;0.023445342574268578;1.0728253841400146;0.00039607518119737505;0.0005859375
1829;3.7185671208496944;1.0;0.6381185416771344;0.8991151831199063;0.03658837631826097;-0.002270581992343068;0.04154077870771289;1.065918081998825;0.0009605276864022017;0.0013671875
1830;1.2113914836949136;1.0;0.22930488906059773;0.31075208704773916;0.34418864518984554;-0.011917266226373614;0.006175453122705221;1.0162289589643478;0.0014782712794840335;0.0099609375
1831;3.505557725974671;1.0;0.42848867268405416;0.5807711159325216;0.1545144711098533;-0.006625601975247264;0.003060231730341911;1.0228053092956544;0.0014554086606949567;0.01640625
1832;3.8838781393025426;1.0;0.534729688426059;0.7282708032374298;0.05586526956822027;0.0033902524039149283;0.005477577168494463;1.0184005230665207;0.0011680034454911946;0.0083984375
1833;3.1865564552074117;1.0;0.5943664996531197;0.8057331707397061;0.03574212066783999;0.0019958104472607373;0.04322899337857962;1.040177619457245;0.0005927266669459641;0.001171875
1834;-1.227645491521719;0.0;0.0;0.0;0.08881696665764978;-0.003793729655444622;0.017211208248045295;1.055353820323944;0.0004398783086799085;0.00078125
1835;2.230738624758172;1.0;0.5732279740426045;0.6754792438007822;0.012101035725594473;0.006720959721133113;0.004663984570652246;1.009840041399002;0.0009199258754961192;0.005078125
1836;-0.17799280883809257;0.0;0.0;0.0;0.0;0.002818845631554723;0.08099569976329804;1.022276270389557;0.0004182634525932372;0.000390625
1837;3.51986869363683;1.0;0.4361525347608476;0.595969671169293;0.04308725673317126;-0.011822131369262934;0.030367732141166927;1.028667965531349;0.0015920058824121952;0.0134765625
1838;3.706539318114595;1.0;0.2748982604320358;0.35536049880603465;0.0365814266658148;-0.001472864719107747;0.0394488263875246;1.0280062437057496;0.0010753405978903175;0.003515625
1839;3.7985299989380468;1.0;0.554245213870584;0.7455967201960548;0.0968030655976018;-0.004765758896246553;0.014172044536098837;1.0003317773342133;0.0019934463081881402;0.0193359375
1840;2.0830536944797906;1.0;0.3638381118635282;0.4806343361262741;0.09675292720831663;-0.0052545321173965934;0.03575437357649207;1.0027251541614532;0.0010226772050373257;0.0064453125
1841;3.8867408841001403;1.0;0.593164554413449;0.7725281300115903;0.07791975243338968;0.0036366886226460336;0.017327966960147025;1.0271995037794113;0.001448816037736833;0.0150390625
1842;4.2580793663811916;1.0;0.6421485457737403;0.911089481663669;0.003261084472977626;-0.004685444035567343;0.02669061115011573;1.032424548268318;0.0013847242225892842;0.00625
1843;3.353115295674588;1.0;0.5376134770542239;0.7160668365641059;0.07676878356640439;0.0002654270268976688;0.05127403549849987;1.0444471955299377;0.00026164064183831215;0.0
1844;3.9853275280709397;1.0;0.578281756092504;0.7907332807879686;0.11866748258898571;-0.0060806010849773886;0.02616091843228787;0.9701629281044006;0.00046916514402255415;0.0017578125
1845;1.3005746206357267;1.0;0.16509241256313711;0.20699388674649719;0.13948460016571548;-0.006696091266348958;0.07803963925689458;1.004496455192566;0.0009348689927719533;0.00703125
1846;0.31422410707739745;1.0;0.18243018281097706;0.23754550201536964;0.044246991404294694;-0.0017365426756441593;0.03534272480756044;1.031209072470665;0.0008284715004265308;0.005078125
1847;4.213525738795594;1.0;0.6144759659376537;0.8287962063171431;0.021231960548141825;-0.006814347580075264;0.03090180642902851;1.0280589818954469;0.0012536340160295366;0.007421875
1848;3.7586566072376537;1.0;0.564383955920436;0.7832330290399077;0.02866414585239642;-0.002728202426806092;0.0056849425309337676;1.0119757890701293;0.0019098471966572106;0.0162109375
1849;4.0874423827468345;1.0;0.3495994329984165;0.4907335663081412;0.04375171774044828;-0.008223499171435833;0.027069109631702302;1.0203632652759551;0.0013089319108985364;0.0099609375
1850;3.4244203775202435;1.0;0.19362170910357146;0.23809654489575544;0.017156154761007632;-0.004982748907059431;0.02871250924654305;0.9776128739118576;0.0006669030175544321;0.00234375
1851;-2.0103036639080436;0.0;0.0;0.0;0.017642723525887635;0.0009788316674530506;0.004924081289209426;0.9957077354192734;0.00108157325303182;0.01171875
1852;3.802005498542627;1.0;0.5832431501936137;0.8042253608377089;0.027835500564443366;0.004128812160342932;0.04683402888476849;1.0257714509963989;0.0008571074111387133;0.0080078125
1853;4.124051700699047;1.0;0.6644128969809155;0.9239139262698198;0.01665317290507466;0.0013066367246210575;0.045173799619078636;1.0234461218118667;0.0008676906465552748;0.0044921875
1854;4.2522464773673665;1.0;0.6825448289330448;0.9801080938008978;0.025218471170878987;-0.006869213026948273;0.0052781397942453625;0.9729574739933013;0.0009563678293488919;0.0072265625
1855;4.158663415784421;1.0;0.413092218685316;0.5621839182463386;0.005646095855025767;-0.0009106089361011982;0.023202655534259976;0.9550074517726899;0.0009472257341258227;0.0029296875
1856;4.336718204815074;1.0;0.7017580416006897;1.0137101741527232;0.028858209661221032;0.0006559387780725956;0.041018074145540595;0.9522546827793121;0.0004941209102980792;0.00078125
1857;2.5124976168487883;1.0;0.4087161694052464;0.5402233026021478;0.007279196478456548;0.0077326406724751;0.05855039395391941;0.9518158972263336;0.0006531904335133731;0.0029296875
1858;4.1278369528233725;1.0;0.6168811000238241;0.8619576681225056;0.023716889903120146;-0.00022313729859888554;0.03894375106319785;0.9534797519445419;0.0016478075296618045;0.0189453125
1859;1.277010477248036;1.0;0.6170247366728185;0.829727496270378;0.00506566651011929;-0.002630438096821308;0.004305799340363592;0.9371276259422302;0.0008271554950624704;0.005078125
1860;4.139885858630498;1.0;0.6476068031987128;0.9314043521237905;0.012212064664063467;-0.015586784249171615;0.006694036675617099;0.9457341820001602;0.004130465374328196;0.057421875
1861;4.252510157593758;1.0;0.67856337068707;0.9355858089683289;0.020585626644993027;0.006860786699689925;0.03817534260451794;0.9158660799264908;0.00043414777610450983;0.00234375
1862;3.9357182984784416;1.0;0.582852615161191;0.7915424064974227;0.013373498809790597;-0.0023353634867817165;0.02175117270089686;0.9541428327560425;0.0005509792710654438;0.0025390625
1863;4.128609683696451;1.0;0.5015786242600843;0.7300435410356734;0.013993959314025748;-0.0029118997510522602;0.06513816229999066;0.9151683688163758;0.0008997082128189504;0.00546875
1864;4.491169546723619;1.0;0.7099970205418354;1.0470661944027115;0.007988304241504656;0.0005370237864553929;0.035307194013148545;0.9539795339107513;0.0014414442121051252;0.01015625
1865;3.6922748002345624;1.0;0.5588999801740038;0.7501882482841217;0.0162497598510152;0.0015419756062328815;0.021838255878537893;0.9411770850419998;0.0003390879835933447;0.000390625
1866;1.9896306220235225;1.0;0.6566638411640392;0.8742490072536725;0.019003248462143428;-0.00044037769548594953;0.014085492584854364;0.9190162211656571;0.0007513626362197102;0.00234375
1867;4.352044116309141;1.0;0.49976074025879536;0.666021414299671;0.01035403867072701;-0.004445470497012138;0.003636857296805829;0.8957566112279892;0.0011680274968966843;0.0080078125
1868;3.8359515837221068;1.0;0.38865873974051407;0.5575447525585775;0.036122917018575056;-0.00779167921282351;0.02237954754382372;0.906902602314949;0.002407760010100901;0.0296875
1869;3.952916235888372;1.0;0.46425851195342754;0.6430020595282233;0.030628460510312053;-0.0005883418954908848;0.04234272241592407;0.9457875072956086;0.0017383244703523815;0.0134765625
1870;3.9145119562473303;1.0;0.5163078280939075;0.6707212125524018;0.05121816734888609;-0.01473130532540381;0.02950880266726017;0.922469687461853;0.0014605194912292064;0.014453125
1871;2.579599131416993;1.0;0.24050980980662987;0.32379684600202147;0.005667214455826084;-0.0037554406095296144;0.02273435671813786;0.9340514689683914;0.0007406847202219069;0.00625
1872;4.157432556049776;1.0;0.41536914577750456;0.5729919997554934;0.016897813846553495;-0.008335071988403797;0.005430271243676543;0.9648793756961822;0.0011487533571198582;0.0125
1873;4.288023142496467;1.0;0.6870449305973946;0.9908448117879943;0.0054847472287526;-0.00467547420412302;0.09458743445575238;0.949670284986496;0.0007282733917236328;0.006640625
1874;4.151104859849009;1.0;0.6762582760794941;0.9693189261670246;0.013822166312583676;-0.009006272908300162;0.02188766598701477;0.9620542734861374;0.0011791767552495002;0.01328125
1875;3.8930868676257555;1.0;0.49743475739578563;0.6894235472773996;0.010098987792309161;-0.006313550961203873;0.02225962656084448;0.9300268828868866;0.0010810054605826735;0.004296875
1876;4.184759663072102;1.0;0.5057843884206786;0.7052928830084109;0.025405019014844325;-0.00308072273619473;0.004898592317476869;0.9087595492601395;0.0007672247127629816;0.0033203125
1877;4.02070110343401;1.0;0.5632211120409457;0.7477477624766687;0.010254438381497156;0.0005976289976388216;0.028181995311751962;0.899028342962265;0.0013608064618892968;0.012109375
1878;4.248435424195814;1.0;0.7537205883725386;1.0465729608130019;0.01704699918216259;-0.003745813760906458;0.03963523712009191;0.8839016675949096;0.0017117248848080636;0.0169921875
1879;1.524185677014096;1.0;0.1608032237962001;0.20532319429312015;0.026572092882885562;-0.005012339446693659;0.006078815530054271;0.9174151599407196;0.0013058981508947908;0.0140625
1880;3.955507715801475;1.0;0.5348852798175198;0.7059597159786503;0.02457847162246386;0.0012106831651180982;0.028609749395400286;0.9206938594579697;0.0006523795193061233;0.0029296875
1881;3.929655508630912;1.0;0.6431888235097085;0.896655225928352;0.020388216175949665;-0.0071881175972521305;0.059527522418648005;0.9116272687911987;0.0009913303656503558;0.0068359375
1882;4.2421001993702205;1.0;0.4232079973988095;0.5868983219997898;0.00879624023447551;-0.005306370556354523;0.04006443433463573;0.9689641505479812;0.00210071112960577;0.020703125
1883;3.970905256888075;1.0;0.5373103911271018;0.7598475095728738;0.019075263791832373;0.0014436847995966673;0.0032612421084195374;0.9651365011930466;0.0009048737003467977;0.0068359375
1884;4.170973365099585;1.0;0.6045717994155889;0.8319914996781212;0.021806063757789994;-0.00876317210495472;0.07047611605376006;0.9857072621583939;0.0008029523422010243;0.001953125
1885;3.659603696974932;1.0;0.584389195074178;0.7673119575619717;0.029019269341645042;-0.0030393616762012243;0.00618142772000283;0.9780655294656754;0.0022565319668501616;0.0263671875
1886;-2.016691019183824;0.0;0.0;0.0;0.031551308544462316;0.0007536767749115825;0.03983463640324771;1.0084312170743943;0.0013506646850146354;0.0125
1887;4.226821221597926;1.0;0.4979663772971232;0.6839614042019102;0.027878457756649586;-0.013727953378111123;0.004511572245974094;0.9765652269124985;0.0013217070256359876;0.010546875
1888;3.942811388657091;1.0;0.5752867740720322;0.7820645893275813;0.026676146633409253;-0.0038690581917762757;0.025271791964769363;1.0112866818904878;0.0006517500616610051;0.00078125
1889;3.853350821989493;1.0;0.652942239876812;0.902391789653131;0.038080949278491594;0.0013976003974676132;0.02207167181186378;0.9488580018281937;0.001311206992249936;0.0109375
1890;4.210388439127903;1.0;0.6384533663652348;0.9196830597621769;0.012836128824560826;-0.00335618716198951;0.020589096657931804;0.9526894003152847;0.0003727040602825582;0.001171875
1891;4.105546112478316;1.0;0.6292064846333301;0.911682911277274;0.027947007103418384;-0.0007102980511263013;0.007274208171293139;0.9581247955560684;0.0010949760559014975;0.002734375
1892;4.0624168287270095;1.0;0.5618817064554864;0.7766464121440996;0.018096981409644483;-0.0002063080668449402;0.025783085729926825;0.9673327684402466;0.0007711838348768652;0.0033203125
1893;4.109361457683155;1.0;0.6273124367480291;0.8562141144468134;0.008955825968527224;-0.01075933650135994;0.04098081989213824;0.9145889788866043;0.0009442997397854924;0.001953125
1894;4.065857751022932;1.0;0.6759012941774409;0.9111619728394388;0.037708822478386715;-0.0005413191858679057;0.021880795364268124;0.9756894737482071;0.0012090211152099074;0.0046875
1895;0.6628003223074161;1.0;0.583044317916256;0.7763728851155347;0.008871448504176743;-0.004202854819595814;0.06397454338148237;0.9676411211490631;0.0014382156427018345;0.0103515625
1896;-0.6968474561338196;0.0;0.0;0.0;0.0015058000952902985;-0.012227249518036842;0.0065923181362450125;0.9888584941625596;0.0006707579945214093;0.0013671875
1897;3.807128573895539;1.0;0.5421817771430827;0.7787589394385629;0.020383608203237178;-0.003765079192817211;0.022949264058843254;1.0013528615236282;0.0013375100214034318;0.0078125
1898;4.172152392693251;1.0;0.6776850896933871;0.954106853961561;0.016725458803338866;-0.000954136997461319;0.0035478971898555756;0.995696410536766;0.0016108122770674526;0.0142578125
1899;4.301666986672126;1.0;0.6347597906751303;0.8705864023813323;0.0194232609811908;-0.008892787247896194;0.024243869725614785;1.0063639014959336;0.0011093241279013454;0.00546875
1900;4.413078173421551;1.0;0.7662475981264952;1.1232783490132547;0.019648348626923502;-0.0077530915383249525;0.07348734680563211;0.9707595646381378;0.0015016169869340955;0.0138671875
1901;3.577101417612657;1.0;0.5138919394977928;0.7303368863677575;0.03227153988833854;-0.0002535706385970116;0.036619389243423936;0.9586797654628754;0.0018483825027942658;0.0138671875
1902;4.364723391061016;1.0;0.5235128820239865;0.7195650331472102;0.0019917357204325536;-0.010830440931022168;0.003641765029169619;0.9587096810340882;0.0019156074151396752;0.01953125
1903;3.925803294142961;1.0;0.6307944130239326;0.8755468448173899;0.037065774182707366;-0.004936519777402282;0.03917167112231255;0.9779730319976807;0.0017412490909919144;0.016015625
1904;4.331541473485092;1.0;0.5654340681392735;0.7984838964794156;0.020093710598587944;0.0065432287286967036;0.020264933072030544;0.9707565188407898;0.0002461357391439378;0.0
1905;3.549677179916941;1.0;0.6231267043744151;0.861252877121793;0.0265089803619677;-0.00046327514573931696;0.02934337730985135;0.9788838714361191;0.0005984579096548259;0.002734375
1906;4.248346159684434;1.0;0.7458673952574851;1.0691733588091046;0.023402982779867437;-0.005839266208931803;0.05809906143695116;0.9524373114109039;0.0013150222948752344;0.0083984375
1907;4.416071661130362;1.0;0.5889535390294137;0.8612621817117908;0.008470618153209646;-0.002830472541972995;0.02187117962166667;0.937386354804039;0.0012560487957671285;0.01171875
1908;3.456651365983991;1.0;0.5743928934286402;0.7586561956912122;0.06678112578389983;-0.008417589170858265;0.03501318683847785;0.9648063272237778;0.0010147143970243634;0.0041015625
1909;3.8277768759332353;1.0;0.5985347188491856;0.8583879400058304;0.1384096356847896;0.00033670500852167606;0.018336933851242066;0.9708834409713745;0.0011370127205736936;0.004296875
1910;-1.25905539099482;0.0;0.0;0.0;0.0148246425829074;-0.0038701016921550034;0.017730575753375888;0.9699474185705185;0.001415094779804349;0.013671875
1911;4.446407375328962;1.0;0.6754366500069118;0.9716286497115207;0.007235867031459957;-0.004717998439446092;0.05099667506292462;0.937592613697052;0.0012960852473042905;0.0095703125
1912;-2.416508868614036;0.0;0.0;0.0;0.0;0.0014821263030171394;0.03145034005865455;0.9378966957330703;0.0008084426866844296;0.00546875
1913;-0.44095278343724154;1.0;0.6117065670774509;0.8016078576580076;0.018494246654175414;-0.0053654473274946215;0.0371577076613903;0.9539344608783722;0.00033386374125257137;0.0005859375
1914;3.8061003718345234;1.0;0.6074812931409415;0.8554198222210105;0.01796005924340677;-0.008679710794240236;0.02865540995262563;0.9399122655391693;0.0010689536691643297;0.0046875
1915;4.3005276931734;1.0;0.5068319699850801;0.7179563612074312;0.004177452501485212;0.0005982487462460994;0.027375035732984544;0.9601399838924408;0.0008267916971817612;0.006640625
1916;3.758206819947988;1.0;0.5898612722715826;0.8272727949839211;0.009477827272467989;-0.002625072281807661;0.05360282901674509;0.9553837299346923;0.0012129138805903495;0.0056640625
1917;3.928347699267108;1.0;0.6654471158095647;0.9693489461275911;0.0029573157310255715;-0.0027356954757124185;0.020383513625711204;0.9876779466867447;0.001577708579134196;0.0158203125
1918;3.9681888706168493;1.0;0.6736984261270063;0.9331588409683399;0.0503327965762182;-0.008470910647884012;0.006783712981268763;0.9756914258003235;0.002269042935222387;0.0232421875
1919;-1.5183436408430808;0.0;0.0;0.0;0.023657321536286104;0.0004697065334767103;0.016894347965717316;0.9471368312835693;0.0009896591771394014;0.003515625
1920;2.0263300474452732;1.0;0.3158396546586614;0.4286374067081928;0.009093090304354973;0.002537756320089102;0.07544110491871833;0.9493279606103897;0.0010218918323516846;0.00703125
1921;3.9212346570677528;1.0;0.7024654955190087;1.0128666223470497;0.028017768495098287;-0.0023606537841260435;0.01973204230889678;0.977110069990158;0.0010301648289896548;0.006640625
1922;4.357119014784669;1.0;0.551224875404647;0.7593755359842497;0.006582984732312637;-0.001389850676059723;0.006191353930626064;0.9932039350271225;0.0012475354131311178;0.00703125
1923;4.15493191615179;1.0;0.5770500641193111;0.8185171790224361;0.02117840820148037;-0.0026287305168807506;0.07492307722568511;0.9850260585546493;0.0012243993463926018;0.0048828125
1924;4.2736681322012435;1.0;0.7700310766866602;1.1237751466243269;0.021738495502932782;0.0003611462190747261;0.009051129571162164;0.987741670012474;0.0011212800163775682;0.0138671875
1925;3.6791119851329874;1.0;0.6078374037642982;0.8632349049189749;0.01150696818855373;-0.011382854683324695;0.02980401199311018;0.9694314271211624;0.0010045124334283173;0.00625
1926;4.303783723730331;1.0;0.5216323977847597;0.6959525403655582;0.009193830878804423;-0.011081786872819067;0.01867165118455887;0.9738541007041931;0.0010796302347443997;0.006640625
1927;4.398228066534134;1.0;0.7639413406946471;1.0959266693552405;0.022013422687140384;-0.001508755749091506;0.029046328086405993;0.9751280456781387;0.000957142177503556;0.00390625
1928;4.167939781605573;1.0;0.5927058952524725;0.8339764752306088;0.01880700434839758;-0.008965578256174922;0.058283991925418374;1.0032733142375947;0.0013433683896437287;0.0099609375
1929;4.287584316267633;1.0;0.4559620645892825;0.6587235572886648;0.014894923180210358;-0.012728879624046386;0.005728226806968451;0.9458252102136612;0.0013865951332263649;0.010546875
1930;-2.41887336824414;0.0;0.0;0.0;0.02553110811454591;-0.005560879362747073;0.004563828941900283;0.9514097392559051;0.002535115019418299;0.028515625
1931;3.6578703879426366;1.0;0.6835269048831356;0.9886761654284733;0.007715930354604348;-0.005283427331596613;0.004778265219647438;0.971790012717247;0.0013722829171456397;0.0107421875
1932;-1.64751054501577;0.0;0.0;0.0;0.014594200450962517;-0.005767746269702912;0.053322828374803066;0.9216413080692292;0.0020332088111899792;0.0166015625
1933;-1.7235047157473298;0.0;0.0;0.0;0.054174562896665085;-0.0007981301052495838;0.03181344969198108;0.9346329808235169;0.0010266555938869715;0.0041015625
1934;4.334206009638713;1.0;0.5341033158897214;0.7253749080555921;0.015630043870603176;0.00516035663895309;0.021406891103833914;0.8953859031200408;0.0008557593449950218;0.0021484375
1935;3.7526717623267016;1.0;0.3033623813464196;0.4181990123542541;0.019712171639072858;0.00021553016267716885;0.006971577904187143;0.9125965535640717;0.000648777827154845;0.00234375
1936;4.14730218612801;1.0;0.4734892618784243;0.69611394315322;0.00927410492296951;-0.006166922743432224;0.02368216933682561;0.9168223679065705;0.0008897743420675397;0.005078125
1937;4.008237775952375;1.0;0.709641552513388;1.031553896728619;0.020730765698376903;0.0019078459590673447;0.025519416248425842;0.9149213671684265;0.0014887451310642064;0.01015625
1938;3.5903017312519374;1.0;0.36538610568953467;0.502583666062672;0.020583031482501003;-0.011073912680149078;0.024351887730881573;0.9401601642370224;0.0011203090311028064;0.0072265625
1939;4.391319360786671;1.0;0.5217548046721814;0.7239289009727587;0.010169865359110675;-0.008474110788665713;0.009662910946644843;0.9718304932117462;0.0018137320410460233;0.0205078125
1940;-1.9708126419174377;0.0;0.0;0.0;0.005949670085656369;-0.001564947422593832;0.05325022116303444;0.9576717793941498;0.001627042586915195;0.009765625
1941;-0.5653267933905984;0.0;0.0;0.0;0.0015583546345208736;-0.005630116490647197;0.004351915093138814;0.9607598960399628;0.0010362784028984605;0.0080078125
1942;2.3001933957462897;1.0;0.32425547844185176;0.4395500231765007;0.01910271324377124;-0.0037693996797315775;0.024395424267277123;0.9483632206916809;0.00044356302823871373;0.0029296875
1943;3.6960203808939744;1.0;0.36067084978863284;0.47879611375325976;0.013681601733320324;-0.0028717336244881153;0.04416440576314926;0.9778304934501648;0.0015968121122568845;0.0154296875
1944;-6.332654663443539;1.0;0.23152016833038752;0.2925609975725048;0.01394065103666544;-0.005103541910648346;0.025822737207636236;0.9520144611597061;0.001615101587958634;0.0146484375
1945;-1.208837292049404;0.0;0.0;0.0;0.0;-0.0005486422684043646;0.0032199543318711223;0.9046658962965012;0.001870655920356512;0.019921875
1946;3.7537295955974708;1.0;0.28607401868642335;0.37969150102939553;0.00965775101255841;0.0037046461366117;0.0213419986423105;0.9545032262802124;0.0011286724708043038;0.0087890625
1947;3.484586961148076;1.0;0.46419579490363766;0.6244240464676881;0.07281844077938572;-0.0014994358643889427;0.03298861980438232;0.936592185497284;0.001282623573206365;0.0109375
1948;4.0589774790801965;1.0;0.30610198449309883;0.4159735943304447;0.007362802579608788;-0.015356066427193582;0.04684801883995533;0.9261806845664978;0.0015195473795756697;0.015234375
1949;3.9415004325655443;1.0;0.31158156173921786;0.41885216656091245;0.017332026111479222;0.007231520116329193;0.03258009732235223;0.8962978303432465;0.0003824027138762176;0.001171875
1950;3.762743454256456;1.0;0.3399274831988156;0.4466322482652376;0.015070658319199579;0.0037588458508253098;0.022683615051209926;0.8778910368680954;0.0011505610775202513;0.0080078125
1951;3.681588014607933;1.0;0.23805262571564123;0.3277922672573787;0.019931450491505125;0.0028712439350783827;0.006330821150913835;0.9343217611312866;0.001310334459412843;0.013671875
1952;3.584167756295992;1.0;0.4421619211260743;0.5866969643459553;0.028797215764019727;-0.0016680561006069184;0.022872247034683824;0.8945384502410889;0.0007003344246186316;0.001953125
1953;3.1876852648700655;1.0;0.3661574232811935;0.5059044766453319;0.01980515771232411;-0.004584629088640213;0.004445980524178594;0.9242551118135452;0.001678588637150824;0.018359375
1954;3.8582145539864205;1.0;0.4403878491363701;0.612121159985023;0.02629205105065971;-0.004618828184902668;0.031232463521882893;0.886794599890709;0.0009562775027006865;0.0052734375
1955;2.9328887110676956;1.0;0.3561451187085453;0.48222710767554505;0.03157400904099828;0.0022039572708308698;0.04166833832859993;0.898109358549118;0.0004422109574079514;0.00078125
1956;3.7340901905798547;1.0;0.36600257477124515;0.482846459123828;0.019428081381099093;-0.0021384099498391153;0.024783943919464944;0.9232698649168014;0.000519349449314177;0.0015625
1957;-15.980905011608705;0.0;0.0;0.0;0.0;-0.0008941423147916794;0.022904682159423827;0.9088906675577164;0.0006697155418805778;0.0013671875
1958;3.428653927527623;1.0;0.2850349983906151;0.3752619016792792;0.01918480944341527;-0.0017444335855543614;0.054876971803605554;0.9336684256792068;0.0008754349662922322;0.0046875
1959;3.8980668960520406;1.0;0.2994980146323738;0.3878436040181208;0.022741602712512386;-0.007717687077820301;0.006627732049673795;0.9747685700654983;0.0021673057461157443;0.0251953125
1960;3.5858557403560587;1.0;0.40748098997917215;0.5600628454830956;0.02975435898341333;-0.0003540658159181476;0.01284889322705567;0.9509091407060624;0.0006154536968097091;0.0013671875
1961;3.795955930854295;1.0;0.3092198146686236;0.393586098147403;0.016988343248470476;-0.00802911699283868;0.0043142626760527495;0.9202934980392456;0.0007032982655800879;0.0017578125
1962;3.680787270058084;1.0;0.2515712464569286;0.31961640667515745;0.015265571688214722;-0.0004006663337349892;0.04040227183140814;0.9276738852262497;0.0010890686418861151;0.007421875
1963;3.145432510393104;1.0;0.40212115189053144;0.5201281340553139;0.08851575670114463;-0.0022376620559953152;0.005337069975212216;0.9618103355169296;0.0008749449858441949;0.0048828125
1964;3.4392017979127005;1.0;0.3981095013411277;0.497541484200658;0.06202259643178842;-0.003024371131323278;0.042088854452595116;0.9354777038097382;0.0009196309722028673;0.0080078125
1965;3.569204625577341;1.0;0.38428860704593826;0.49850009260930594;0.020692042181859494;-0.012449875427410006;0.003616612695623189;0.9392945230007171;0.001340552733745426;0.009765625
1966;3.2055032694315173;1.0;0.38805266047781845;0.5244515518262519;0.047520532846551694;0.0019060974474996329;0.02182321739383042;0.9348771691322326;0.0018064405536279081;0.0177734375
1967;3.471194208807371;1.0;0.36746784018407247;0.4814623348083838;0.0699359433369701;-0.003548699337989092;0.02466075699776411;0.8730340033769608;0.0024090757593512534;0.0279296875
1968;3.1925376000901236;1.0;0.3191866217016026;0.4228469227097378;0.017051438009358284;-0.003972526593133807;0.005230406066402793;0.8960806965827942;0.0015691549982875586;0.0197265625
1969;3.2002926379452314;1.0;0.3936523266533246;0.5126688344267;0.04826396646973219;-0.01021132874302566;0.0027689704555086793;0.8777070671319962;0.0031784798251464964;0.03984375
1970;3.702280199395415;1.0;0.379766871976501;0.509720577033417;0.023294955479757684;-0.008587022917345167;0.02600043509155512;0.9406309962272644;0.0013094390160404146;0.011328125
1971;3.6839977337156755;1.0;0.33766281660557046;0.4434038379281731;0.009978536824673387;-0.00036491788923740385;0.043208325374871494;0.8753807544708252;0.0014432875323109329;0.011328125
1972;3.918421336925725;1.0;0.2808794917571907;0.3674958637105449;0.025840948002929368;-0.004551591211929917;0.02271628030575812;0.9378709137439728;0.0010133369476534426;0.0076171875
1973;3.719255521709511;1.0;0.3546544911739371;0.4932121111823059;0.034839888982454215;-0.006849014526233077;0.03416309752501547;0.9595284432172775;0.0006913858116604388;0.0037109375
1974;4.455312750837005;1.0;0.6118561439561284;0.8572079862534024;0.012117443991682086;-0.0013436946552246808;0.0330275216139853;0.9929858028888703;0.0005889003979973495;0.003515625
1975;3.520938635954132;1.0;0.3911581632120731;0.5076513946913598;0.029863442498744144;-0.00827228296548128;0.004046399251092225;0.980896720290184;0.0011314156348817051;0.006640625
1976;3.9545241570362664;1.0;0.2775867935702397;0.3592328422104903;0.02401276105822398;0.0009188539814203977;0.007431715284474194;0.9571562469005584;0.0008690501097589731;0.001953125
1977;3.948748964393263;1.0;0.3897890042097012;0.5163762105837726;0.014463044879061776;-0.001949919294565916;0.04819985195063055;1.001858964562416;0.0006735506467521191;0.003515625
1978;3.958463408015892;1.0;0.3177737469846362;0.40040774097074183;0.008568288543779518;0.0018872131360694766;0.04021826577372849;0.931336510181427;0.0005617519957013429;0.0017578125
1979;3.6849979129532473;1.0;0.36572026146713793;0.4909738798230272;0.028745312487817996;-0.0043672278057783846;0.006891989288851619;0.9492719262838364;0.0015110777341760695;0.005078125
1980;3.8007092371653237;1.0;0.32068990266320013;0.4241602946402403;0.012805359437529572;-0.0035693281330168246;0.02154464421328157;1.0195958018302917;0.0007925759069621563;0.003125
1981;3.31090757581955;1.0;0.38410759877084977;0.5085165487383195;0.022776347332902194;-0.015812201215885578;0.025072416896000503;0.9988739967346192;0.0011083243181928993;0.0078125
1982;3.5680056182182964;1.0;0.36998723769722264;0.49925316099671907;0.02035519100333995;-0.005582139757461846;0.04178824233822524;0.984389778971672;0.000671726034488529;0.0037109375
1983;3.6616473686842608;1.0;0.4300249711061145;0.6031574630397663;0.02406763194304689;-0.006303654436487704;0.02296026488766074;0.9924830108880996;0.0006729287910275161;0.00234375
1984;3.807086163085078;1.0;0.2509682691285063;0.3464060129791702;0.01834972079420284;-0.007565325521863997;0.039873698819428684;0.9598261713981628;0.0003970104269683361;0.0001953125
1985;4.199817530269476;1.0;0.3943010228638533;0.5634753666496068;0.015514881417857842;-0.001701838057488203;0.004791607626248151;1.03219054043293;0.00082943607121706;0.0064453125
1986;3.9133249777035464;1.0;0.29224391211142375;0.4215714243951317;0.0030970830625710894;0.003945582988671958;0.051920967688784;0.9876145780086517;0.000806746119633317;0.003125
1987;4.188015978836832;1.0;0.3612691499330451;0.537851282799242;0.022765642072163125;-0.004859461635351181;0.024173367163166405;0.9489513784646988;0.001264047308359295;0.0125
1988;3.2945711163844815;1.0;0.44637180565988444;0.6231234042654822;0.042181808908039825;-0.00011797351762652398;0.0038592362310737372;0.9809105187654495;0.0014586414094083012;0.010546875
1989;2.801538471384054;1.0;0.22163234550190594;0.30693216824402525;0.01684493298270777;0.0010469796136021615;0.07504109852015972;0.9791453540325165;0.002628174040000886;0.02734375
1990;3.245622798530273;1.0;0.44531006077775087;0.5852981639676288;0.03463592610484047;0.0050286395940929655;0.035630561877042055;1.0047043591737748;0.0006287916912697256;0.003515625
1991;3.3885132996098495;1.0;0.2451794107496193;0.32979399454185604;0.01745376875596098;-0.003127296199090779;0.020980018889531493;0.9769248276948929;0.001785819325596094;0.02109375
1992;3.3129237104550953;1.0;0.22525132431361478;0.3033917989648845;0.012215552977739609;-0.002025550045073032;0.026449614902958274;0.9417324632406234;0.0009493929916061461;0.0048828125
1993;3.3816984721102807;1.0;0.30919196972205837;0.4163977263670304;0.011122100668847801;-0.0015971117187291383;0.12167180068790913;0.9805505007505417;0.0008772941073402762;0.0076171875
1994;3.4310450673044692;1.0;0.1806859395692661;0.2338950769837265;0.02607589997393795;-0.0083951769862324;0.013897291850298643;0.9258258104324341;0.0007561495061963796;0.001953125
1995;3.453218481605594;1.0;0.3905799255989676;0.5387023417747797;0.01790672263276348;-0.0009570159949362278;0.004967033897992223;0.9303104251623153;0.0009633047739043832;0.0060546875
1996;4.379801050317235;1.0;0.5371923666983135;0.741731758820284;0.015031273862083049;-0.0031671594362705944;0.038033311069011685;0.9455734312534332;0.0017129867803305388;0.0138671875
1997;3.620864086458914;1.0;0.26223593391512984;0.3459762650412396;0.02256283723456307;0.0013048674212768675;0.021711854217574;0.9227062940597535;0.0014109160052612423;0.0119140625
1998;4.053260203633301;1.0;0.33394631485968085;0.4330387169944764;0.013150725573634961;-0.008231395669281483;0.043643725011497735;0.937499949336052;0.0021104571525938807;0.0216796875
1999;3.9513494709097126;1.0;0.5026547304328828;0.6692690034993445;0.022302656312565512;0.0009529291186481714;0.004510110605042428;0.9442421972751618;0.0008616121602244675;0.0029296875
2000;3.7915526629293494;1.0;0.21802075829197465;0.29930737626069465;0.008578682828836596;-0.010652297153137624;0.02795902299694717;0.9518082797527313;0.0012327443808317184;0.010546875
2001;3.5341569985474734;1.0;0.4283695552142464;0.5916710393259814;0.038333698687395716;-0.002848836686462164;0.007538529532030225;0.9077152013778687;0.0016922325943596662;0.0220703125
2002;3.24264423911311;1.0;0.2012542531543733;0.2682310541445398;0.020366576317092017;-0.0012780144810676576;0.03784020482562482;0.9032813727855682;0.0009721573092974723;0.0052734375
2003;3.7142047511324625;1.0;0.32851426236131565;0.4438246905775932;0.020854441227615046;-0.002050973940640688;0.004469439631793648;0.9276681929826737;0.0009359053918160498;0.0037109375
2004;2.2345506579299412;1.0;0.28853556633856453;0.3788207328043983;0.025613253693954133;-0.0004157089628279209;0.04351371368393302;0.9105559706687927;0.0010164192994125188;0.0078125
2005;2.485763985183351;1.0;0.3480523517526037;0.46473341448707345;0.05555868336358734;0.00011514676734805107;0.023052790947258473;0.9394880622625351;0.0019595112418755887;0.024609375
2006;3.4493528502084256;1.0;0.3165319734509352;0.43016702862926454;0.01535022947645415;-0.010668384470045566;0.022404020326212047;0.8790340811014176;0.0019096155767329038;0.0236328125
2007;4.020550379681046;1.0;0.3384906966145768;0.47458763607987964;0.009363471053459266;0.002665008744224906;0.024669726309366525;0.9022601008415222;0.0009761600405909121;0.0072265625
2008;2.9601753899787178;1.0;0.445459916929986;0.5878531297106528;0.03485294018483675;-0.004973266134038567;0.03275615954771638;0.9214693903923035;0.00041565102292224766;0.0
2009;4.177947658770657;1.0;0.5639036297220477;0.7674264441364224;0.011542470434453219;-0.006606933334842325;0.030747644091024994;0.947990545630455;0.002237233228515834;0.0228515625
2010;4.017960598050539;1.0;0.6512101923305436;0.8699905057687317;0.042368035149706364;-0.006093338876962662;0.04453957765363157;0.9620922952890396;0.0009216882288455963;0.0078125
2011;4.099080365022193;1.0;0.3671712747630627;0.48934434971129587;0.012080451031796027;-0.005441632843576372;0.00378291888628155;0.9571097195148468;0.0007674433873035014;0.0033203125
2012;3.2485987532373835;1.0;0.4029668282605317;0.5506628817213522;0.03655544337300443;-0.0049374551512300965;0.02350814735982567;0.9802916198968887;0.0007496679550968111;0.0046875
2013;3.230303223715468;1.0;0.296307590534915;0.395770986991237;0.019249005003570303;-0.0032479741610586645;0.03878585090860724;0.9440528899431229;0.0012753333779983223;0.0142578125
2014;3.7562522253280344;1.0;0.23562958921787425;0.3210186825029353;0.016740816982842275;-0.0002892965916544199;0.02629105495288968;0.9618607193231583;0.0011856308788992464;0.0068359375
2015;3.322890196579562;1.0;0.3280828568840447;0.4540876749921586;0.021029284435966626;-0.006052063079550862;0.00446598285343498;0.9580625742673874;0.0008808619459159672;0.0048828125
2016;4.380978447341287;1.0;0.6953398939300989;1.0328532140892421;0.043183507532155996;-0.007275026198476553;0.04279124578461051;0.9637263417243958;0.002038760669529438;0.0201171875
2017;3.766646028651672;1.0;0.5589450894493493;0.7597781982101997;0.040332450817298804;-0.009205946465954185;0.022948761051520706;0.9291337758302689;0.0011052621412090957;0.0044921875
2018;-0.41653804714815823;0.0;0.0;0.0;0.0;-0.008308853767812253;0.03440967239439487;0.9614551156759262;0.0014393235556781291;0.0126953125
2019;3.2133036429646644;1.0;0.14100669171295116;0.18330277808841364;0.04745115678344074;-0.007420725980773568;0.03537192004732788;0.9193580597639084;0.0017460257746279239;0.016015625
2020;0.6918658752730118;1.0;0.48442668098140546;0.6366066489448271;0.011960557077737037;-0.010259380470961333;0.021692949719727038;0.9116282820701599;0.002073641819879413;0.026953125
2021;2.1953694887500363;1.0;0.5869083772295955;0.7776918420774609;0.014569411318521817;-0.0054546129424124954;0.027624886576086284;0.922756227850914;0.0010003352304920553;0.005078125
2022;-0.1790168105013303;0.0;0.0;0.0;0.0;-0.0007619245443493128;0.006089129007887095;0.927552130818367;0.0009093139669857919;0.005078125
2023;4.353014442330424;1.0;0.7229838962589009;1.0001643294426457;0.05071783641883705;0.0034747565165162086;0.03910119533538818;0.9355585277080536;0.0005735068465583026;0.00234375
2024;3.7742569757389273;1.0;0.24863025631279662;0.3666990518888022;0.03192922343189522;-0.010125384852290153;0.005243416072335094;0.9190973758697509;0.0010927666444331408;0.006640625
2025;4.143764745620434;1.0;0.5699716393806609;0.8360747933301035;0.05265353413094247;-0.004255020059645176;0.0060090270126238465;0.9283131331205368;0.0014236025046557188;0.0125
2026;4.2588812479774045;1.0;0.4324588196705951;0.6032469699911848;0.010572750194851722;-0.013878151075914502;0.08261174745857716;0.9085081875324249;0.001979649788700044;0.025
2027;4.234529409131586;1.0;0.6418920710464723;0.920171513265092;0.011240995997396705;-0.002654840610921383;0.005473882355727255;0.9774829000234604;0.0006397148827090859;0.00078125
2028;-0.5810135090296269;1.0;0.3901973585706219;0.5047904196009688;0.02916290552602165;0.0026933682151138783;0.054031995497643946;0.9878143608570099;0.0007029066677205264;0.00234375
2029;1.1223785238363326;1.0;0.4460881279818809;0.569348479497007;0.017240990996673755;-0.0038278479827567936;0.022657802700996398;0.9998481631278991;0.0010403452441096305;0.008984375
2030;3.8253010118246666;1.0;0.5706893037839181;0.7840977740471219;0.028384705100846376;-0.006038959790021181;0.05386189632117748;0.94904023706913;0.0007175916573032737;0.0005859375
2031;3.8575578048327777;1.0;0.28723607789166433;0.39584821583449287;0.018599963707438334;-0.010094309668056667;0.03049339896533638;0.9687815070152282;0.0011300796642899514;0.0083984375
2032;4.412132579004437;1.0;0.7745476328525022;1.1049588419954037;0.037805351445343104;-0.007141395821236074;0.004483852244447917;0.9747292995452881;0.0011745976633392274;0.0080078125
2033;4.209813239749609;1.0;0.5779990871072589;0.8040413161335385;0.02202759075071935;-0.004477322031743824;0.01860836346168071;0.9745764553546905;0.0014809279586188496;0.0119140625
2034;3.6666855538959533;1.0;0.7361264660405079;1.048916695094912;0.007203379058854197;-0.004769107745960355;0.008447044366039335;0.9409065395593643;0.0012125157634727656;0.0041015625
2035;3.879775714359673;1.0;0.3595872160553208;0.4833324942279481;0.027646572549119206;-0.012090109474956989;0.0069021487841382624;0.9545217007398605;0.002161206176970154;0.0205078125
2036;0.9492411658979143;1.0;0.17266953049007885;0.22689277012469683;0.013007641189843884;-0.005868882266804576;0.04215130433440208;0.9897303849458694;0.002842160360887647;0.0373046875
2037;3.006783343274067;1.0;0.2756133864778638;0.38684895275478326;0.09149177713431318;-0.008320067171007394;0.005530242621898651;0.9981364011764526;0.0012326835538260638;0.00703125
2038;3.9677258905721584;1.0;0.37274771091053366;0.5306691718020686;0.037113791009337885;-0.001627260074019432;0.06483797878026962;0.9823984950780869;0.001715170859824866;0.009375
2039;4.332304425250863;1.0;0.6321580777017234;0.8893717478331615;0.017006599014081657;-0.0012945532333105802;0.021993707120418548;0.9904828339815139;0.0010165093000978232;0.00625
2040;3.0282370219508947;1.0;0.3754427686638978;0.48767552277924736;0.017946708647563817;-0.005616547167301178;0.05956779755651951;0.9478106498718262;0.0011534230899997056;0.0029296875
2041;4.466738255458353;1.0;0.687053254797092;0.9686440732041778;0.02115549674670627;-0.003229767084121704;0.024448643950745464;0.9527516633272171;0.0004934421507641673;0.0021484375
2042;3.6827841526110032;1.0;0.5505426817712898;0.7237498197247211;0.022973763731521536;0.00023835026659071445;0.023008766770362853;0.9105951219797135;0.0008045058115385473;0.0017578125
2043;3.798424557467104;1.0;0.21687806881973037;0.27829856048558926;0.005651346777292853;-0.0010035362094640732;0.003813930519390851;0.9379563868045807;0.0012368804775178433;0.005078125
2044;4.353037246846009;1.0;0.6962355723671468;0.9901345149674038;0.01849598226139239;-0.0002087507164105773;0.031092047644779085;0.927454587817192;0.0009297714568674564;0.0056640625
2045;3.987375334557372;1.0;0.6771004219477014;0.9454635955280916;0.021647980368501525;0.0022037768503651023;0.0204660230781883;0.9290261834859848;0.0008763124234974385;0.00546875
2046;4.14352659156525;1.0;0.31541749377061173;0.4697903909144872;0.0075125881442648645;-0.0041692960541695355;0.04050108324736357;1.0067014276981354;0.0012652995064854622;0.0125
2047;4.1354880055388;1.0;0.33647102242805316;0.4527369522199808;0.008143433180218427;-0.003638081531971693;0.03932833205908537;0.968620452284813;0.0008491991437040269;0.0068359375
2048;4.211618979928867;1.0;0.627329939659365;0.8536082537018291;0.02710412295555178;0.00021681240759789943;0.03887657159939408;1.013135525584221;0.0014353010803461075;0.01171875
2049;3.497958528603733;1.0;0.1985747584900635;0.2636717171570917;0.01320368846718266;-0.004637524578720331;0.03466211250051856;0.9503653228282929;0.0014772814931347967;0.0130859375
2050;3.9993580243711753;1.0;0.6044316840728886;0.8441047510273689;0.01712269538477536;-0.003273720759898424;0.004719882993958891;0.9349148631095886;0.002035456628073007;0.019140625
2051;1.970621658946647;1.0;0.38525110125607637;0.5111235134549221;0.025501259894598106;-0.011067156028002501;0.007107499474659562;0.9636269032955169;0.001153755292762071;0.009375
2052;4.0923169427938575;1.0;0.5985826686268578;0.8238155389634485;0.015813560005614;-0.0012990938033908606;0.011009360291063785;0.9646639287471771;0.0007366562844254076;0.001953125
2053;4.0727474255483544;1.0;0.5289677672163524;0.7334106231316826;0.010107849671600303;-0.0030716816894710065;0.10007460732012988;1.0003027766942978;0.0011272588395513593;0.0056640625
2054;4.190948980095829;1.0;0.6494189735192587;0.8740584005883678;0.03131211641847215;0.0006950100418180227;0.022545630228705704;0.9274211466312409;0.0005824910593219101;0.0001953125
2055;3.308736264788695;1.0;0.5888894252572978;0.7976220113272515;0.030490426561858762;-0.0020109237171709537;0.03864020346663892;0.9126641035079956;0.000345244724303484;0.0005859375
2056;4.277664396113925;1.0;0.65347116114963;0.9326741518090175;0.013530262907237014;0.004177408386021852;0.03295161121059209;0.9083752632141113;0.0013131225015968085;0.010546875
2057;3.447140197030938;1.0;0.31286703832367185;0.4017912678294089;0.026533852007497558;-0.0031900152564048765;0.01846015879418701;0.8880740374326705;0.0007489745155908167;0.0048828125
2058;4.440898727461388;1.0;0.5939523545589029;0.813773997000117;0.006179217472072923;-0.0012889903970062732;0.0433011987246573;0.873385289311409;0.0009065052145160735;0.0060546875
2059;4.343279912239463;1.0;0.6107525463013016;0.8661340078995243;0.011605846709468794;-0.010929090809077025;0.04346962748095393;0.9170350283384323;0.001054748462047428;0.0078125
2060;4.228283949928012;1.0;0.7069356972476141;1.0391917041682734;0.054362367791197276;-0.0007166045717895031;0.006147761200554669;0.8977711051702499;0.0007146380608901382;0.0013671875
2061;4.366069886358125;1.0;0.5271106190874117;0.7382724170210435;0.003629883314949386;0.0036990220891311766;0.006595540046691895;0.9086086094379425;0.0019556252402253447;0.021875
2062;4.377704055652264;1.0;0.5979930819940242;0.8742901242225656;0.00394843643294749;-0.005410288274288177;0.020388719742186368;0.8932181090116501;0.0011065073427744209;0.006640625
2063;4.238002294831457;1.0;0.7165282296936499;1.0215068022082363;0.01210460817429863;0.001662930939346552;0.017708239890635014;0.9236916661262512;0.0008132204995490611;0.0015625
2064;4.442073942109718;1.0;0.5864599409784865;0.8588147438879198;0.0;-0.005146511644124985;0.03596140630543232;0.8872418701648712;0.002552292379550636;0.0251953125
2065;3.6251577649778053;1.0;0.38850313653805635;0.5182681893565718;0.009838815864934458;-0.004055254347622395;0.004370504396501928;0.904578223824501;0.000834658311214298;0.0013671875
2066;3.9722699343053494;1.0;0.6756113569200206;0.9457205977099108;0.06605219748228451;-0.004093107348307967;0.0030923185171559454;0.8584906339645386;0.00212157869245857;0.0216796875
2067;4.233438683099079;1.0;0.6874982196914443;0.9929804747278542;0.011289526461356924;-0.0022892862558364867;0.06047429963946342;0.884283110499382;0.0007227097288705408;0.004296875
2068;4.134517805882913;1.0;0.6919356701855559;0.9686815955929478;0.02585577420103699;-0.00444109532982111;0.006004891428165138;0.8967186450958252;0.0021290977369062603;0.0228515625
2069;3.578611859153838;1.0;0.3246534792772828;0.42847042775998306;0.019434829460297644;-0.006183226057328284;0.004839257802814245;0.880612799525261;0.0012326127267442643;0.005859375
2070;4.133498200610886;1.0;0.5765737551551181;0.816170323252133;0.02224476645008167;-0.00226587257348001;0.04647796293720603;0.9249582529067993;0.0013983032433316112;0.01171875
2071;4.3945154136885245;1.0;0.6974678794029011;0.9937845308237497;0.04768010103186185;-0.0035468153655529022;0.02393882847391069;0.9542081952095032;0.0007875327137298882;0.0025390625
2072;4.329535801959139;1.0;0.5465751507415018;0.7134844605111328;0.012889173003992132;-0.0017944366089068353;0.006836901349015534;0.9637988299131394;0.0012166270171292126;0.0080078125
2073;4.433817693416117;1.0;0.6932915514542046;0.9485417258434493;0.025089529864700887;0.0016868546605110168;0.028775134403258563;0.9789787709712983;0.0007663333206437528;0.003515625
2074;4.248700484320446;1.0;0.5080730080878599;0.7445445397723836;0.0028557477947944326;-0.003807556629180908;0.005630029935855418;0.9802144438028335;0.0013623631093651056;0.0123046875
2075;4.326107175590123;1.0;0.43213233390735284;0.6096629511747976;0.0;5.6172022596001625e-05;0.029209499899297952;0.9667140364646911;0.0009451221209019423;0.0072265625
2076;2.695673595184203;1.0;0.30613078035322067;0.40338593960020525;0.03258684257072829;-0.003631259733811021;0.027086991304531693;0.9319471836090087;0.0010066252667456864;0.0044921875
2077;4.166021023453725;1.0;0.34767220685840283;0.49327281821063557;0.0;-0.003425422008149326;0.01625308976508677;0.9396820694208146;0.0012772058602422477;0.0060546875
2078;4.391787168078739;1.0;0.6057036706066098;0.8338888508363086;0.015494477620315554;0.00022262679412961007;0.02755444115027785;0.9292343378067016;0.001108801015652716;0.0037109375
2079;4.23892089438994;1.0;0.3993628221138686;0.5426394527898729;0.0;-0.005998607096262276;0.07779468726366759;0.9119849503040314;0.0010804717312566936;0.006640625
2080;3.748610572540871;1.0;0.4739104326404994;0.6553167161210921;0.005559796122573956;-0.010219949437305332;0.005745493108406663;0.8778865575790405;0.0016903761890716851;0.0169921875
2081;-2.5367293640121766;0.0;0.0;0.0;0.01660371243055981;-0.0002026398666203022;0.026802219031378628;0.9558773130178452;0.0004905387060716749;0.00078125
2082;-1.5760412141863451;1.0;0.2139215293552971;0.26634699827641034;0.01221354348463474;-0.0007378620561212301;0.02677618875168264;0.9321993827819824;0.0007758093066513539;0.003125
2083;4.069221697372672;1.0;0.6139822922317236;0.8360123495133998;0.016166059534722447;-0.0037326077464967964;0.03804652476683259;0.9192336916923523;0.000571475550532341;0.0025390625
2084;4.093738337365887;1.0;0.5861693192146036;0.8348615442448398;0.01297530266451308;-0.008246919326484203;0.06318278666585683;0.9337713450193406;0.0015205369680188596;0.0169921875
2085;4.321965609429606;1.0;0.6194367616953669;0.8648686902726689;0.016452835617320666;-0.002628639340400696;0.005982172884978354;0.9617192894220352;0.0012793060508556665;0.01015625
2086;3.81424131493976;1.0;0.6493132623794542;0.8876603274774891;0.02010405135059257;0.0026813512668013573;0.06057115718722343;0.9454440414905548;0.0012709636357612908;0.0109375
2087;-0.5136843091311982;0.0;0.0;0.0;0.0033321905661740175;-0.005799437267705798;0.006887770560570061;0.9422710835933685;0.0020807623048312964;0.025
2088;3.7096785017187486;1.0;0.5278620159075781;0.6925631341568974;0.04325061004912758;-0.00657170619815588;0.05691055310890079;0.8756610065698623;0.0011350420070812106;0.0041015625
2089;3.886424463481931;1.0;0.43369108886766566;0.6079348431591882;0.03377895701495496;-0.011158502427861094;0.035656000440940264;0.8314151912927628;0.0014305638382211328;0.010546875
2090;3.085238681550043;1.0;0.219539888932401;0.299546504673035;0.021552592741936768;-0.0007306312210857869;0.045582235883921386;0.8719229340553284;0.0018693200894631446;0.0154296875
2091;4.395988077067932;1.0;0.651713097935634;0.9375914828127996;0.012347608923588011;0.00023361535277217628;0.02940425490960479;0.9220239847898484;0.001293356530368328;0.0099609375
2092;3.4466009976006924;1.0;0.36044204727608187;0.4775245506248043;0.03533141542180084;-0.0005577720003202558;0.03888932559639215;0.9257384449243545;0.0006645705900155008;0.00390625
2093;3.669204931813847;1.0;0.3808627012681896;0.5171563231510223;0.02767213010187995;-0.007596968859434128;0.038815100537613036;0.9298686772584915;0.002646544389426708;0.0279296875
2094;2.9379752550720672;1.0;0.4688464055595353;0.5913306004358453;0.0940426358991894;-0.00010063620284199715;0.01233462211675942;0.9641027927398682;0.0004382425919175148;0.0005859375
2095;-2.772944679826216;0.0;0.0;0.0;0.023560295010355895;-0.00417285137809813;0.04403914995491505;0.9174866139888763;0.0010871072299778461;0.0099609375
2096;3.311757546004355;1.0;0.3521621394643881;0.4887233375110183;0.1849672599856706;-0.006129849469289184;0.0256572179030627;0.9601915687322616;0.0012344897142611444;0.0060546875
2097;3.3700013002632567;1.0;0.27704067946155714;0.37175926907186185;0.06901470222890767;-0.006358159519731998;0.01909815885592252;0.8984807699918747;0.0010505428886972367;0.006640625
2098;-3.3544703865137917;1.0;0.24355213244541615;0.3071011746350852;0.012433582982819626;-0.0043424353003501896;0.03761313473805785;0.9388595312833786;0.0005478453240357339;0.0025390625
2099;3.9176259056406986;1.0;0.2670322672802349;0.36753474451745444;0.000764748358812289;-0.010915083205327391;0.08474913556128741;0.9118523508310318;0.0008477021357975901;0.00390625
2100;3.5605463616036435;1.0;0.4336435852778395;0.5485780107933661;0.050077042226822736;0.0035329049453139303;0.018539361748844387;0.9519744962453842;0.0008336469414643944;0.00546875
2101;3.3661039485157174;1.0;0.2745530865184898;0.3480090585514571;0.009667670654191444;-0.00911360615864396;0.03991797314956784;0.8368956208229065;0.0005964631796814502;0.00390625
2102;3.751208376573782;1.0;0.3480492523040466;0.4536059690350182;0.015224877684881332;-0.008848248282447457;0.0035108914831653236;0.848264542222023;0.0010611878940835595;0.0056640625
2103;2.558850074982772;1.0;0.2497741373605727;0.31881181627345345;0.15018796026426842;-0.0028303804341703654;0.02621161062270403;0.876759335398674;0.0007036535767838359;0.0052734375
2104;3.7573030431020227;1.0;0.3725268436270668;0.47843657534482537;0.013432802039650787;0.001546322600916028;0.04326035203412175;0.8623159825801849;0.00045166935306042435;0.001953125
2105;-1.2825107826826674;1.0;0.23194218403334457;0.2917940159006666;0.00902786841302634;-0.004685775423422456;0.024238251289352773;0.9487142264842987;0.0010112922289408743;0.00625
2106;3.5785512429669635;1.0;0.22877707626226368;0.29144248955402313;0.016347198578357026;0.0018512547248974442;0.008343274239450693;0.9114240437746048;0.0005256016738712788;0.002734375
2107;2.5627788557461426;1.0;0.2464567970120997;0.31449453195971794;0.022092640854015872;-0.001118433428928256;0.036570418439805505;0.9313147127628326;0.00047903218073770405;0.001953125
2108;3.579079366036755;1.0;0.4024438744976366;0.5310949068200923;0.018554634747865825;0.0010375567711889745;0.014435728336684406;0.8796985447406769;0.0009868989465758205;0.00390625
2109;4.096970747113063;1.0;0.34551275150828137;0.46968180313056507;0.016910846530798943;-0.004512500483542681;0.014807611168362201;0.8733074635267257;0.0019659501616843046;0.0162109375
2110;3.430224563178536;1.0;0.40738578349515875;0.5280191264620268;0.0943421826603884;-0.0008170589804649353;0.023527663154527544;0.8701281636953354;0.0010975061682984232;0.0091796875
2111;3.075291305239607;1.0;0.4277726886809296;0.557718527047886;0.024490456461368583;0.003434036870021373;0.02398323533125222;0.8732034891843796;0.0013742160866968335;0.0087890625
2112;3.706544038116408;1.0;0.36572387133177614;0.4843652266224854;0.029670163784706754;-0.01114793298766017;0.039333175588399175;0.9403217107057571;0.0013918077573180198;0.0103515625
2113;1.9334552286472724;1.0;0.4469591863050283;0.5634192026339268;0.18164454938028948;-0.005246726993937046;0.005935277114622295;0.8844239294528962;0.0012644814676605165;0.0087890625
2114;3.9407060888118313;1.0;0.2833528590407557;0.36819109265894007;0.012610796976658598;-0.003002357203513384;0.023300220211967825;0.9040694624185562;0.0011613294249400497;0.0095703125
2115;3.42820997649516;1.0;0.2005630383310985;0.25301976146018795;0.006807187092341734;-0.001623970828950405;0.01711448256392032;0.9047767698764801;0.0009866626583971082;0.0068359375
2116;3.4706650535319805;1.0;0.2873225385905623;0.36421564819926233;0.0;-0.003143598255701363;0.018994323117658495;0.8188397943973541;0.001066486700437963;0.0103515625
2117;3.7129110475532823;1.0;0.4092155174608506;0.5323356942249566;0.02484026786635198;-0.01618917966261506;0.028909928677603603;0.8713473081588745;0.0022780738421715797;0.023046875
2118;4.00222941935247;1.0;0.34667927943486027;0.4567680908077827;0.02836976881760168;1.0890141129493714e-05;0.02706575533375144;0.8766549199819564;0.0003488815389573574;0.0
2119;2.6207774119670217;1.0;0.17800337395830057;0.232000796085422;0.01663635540714397;-0.0018466467969119548;0.026354885566979645;0.8697876036167145;0.0012192193418741227;0.01015625
2120;3.7010681499249793;1.0;0.26211865778865345;0.3423234596461554;0.020888892095868822;0.0005430056713521481;0.007705707289278507;0.9264416396617889;0.0015056659933179617;0.014453125
2121;3.706139433793221;1.0;0.2960068232787726;0.389215657524122;0.014432384854346508;-0.0008347647264599801;0.020625604083761573;0.9414001703262329;0.001822085864841938;0.016015625
2122;3.8631065462776752;1.0;0.21212303642005978;0.261381511588085;0.005178228878160572;0.0012498441617935895;0.01794203664176166;0.9121341586112977;0.0007950985454954207;0.006640625
2123;3.6584043305507907;1.0;0.30201162375032103;0.4099923113203055;0.016549517168127886;0.0012382466113194824;0.044019305054098366;0.9721193015575409;0.0005640337476506829;0.0017578125
2124;3.336543669481895;1.0;0.167161702126605;0.21931542206474505;0.010176657898099056;-0.0005534667521715164;0.03035402474924922;0.9478937536478043;0.0010954650351777673;0.008203125
2125;2.9016422806579167;1.0;0.2731746172300445;0.3657182140626405;0.027027051342907928;-0.009056076034903526;0.009767791908234357;0.9145819276571274;0.0022660090238787235;0.02109375
2126;3.2730867359129046;1.0;0.29761092895652275;0.39647163540153335;0.03192995119836788;0.0017626009881496429;0.005505216342862695;0.8445608794689179;0.0008724181563593448;0.0046875
2127;-1.8566836846513814;0.0;0.0;0.0;0.0377436131623123;-0.006329028867185116;0.01929002711549401;0.8327083647251129;0.000949456577654928;0.008984375
2128;3.7027631647977803;1.0;0.29181429883294857;0.41500947863101895;0.028436445679189785;-0.002250573690980673;0.01775305443443358;0.7983087062835693;0.0011164519120939076;0.0111328125
2129;2.9660348417991655;1.0;0.231797043347132;0.29492655240348564;0.013587177574704958;-0.002587324648629874;0.03212095433846116;0.8554514139890671;0.00038426254177466036;0.0009765625
2130;3.518764845171301;1.0;0.34459096290755065;0.45253032580243446;0.02155478741806367;-0.004505951562896371;0.006857866235077381;0.8480068981647492;0.0008586923708207905;0.0033203125
2131;1.7841212050438324;1.0;0.23992173181673238;0.3266386315158327;0.19215200679621197;-0.0071485818596556784;0.007704349886626005;0.8637540698051452;0.0016639253590255976;0.0162109375
2132;2.996396114451548;1.0;0.15946983637140474;0.20866773827730697;0.0;-0.0017762174364179372;0.018144260882399975;0.8465327471494675;0.0006943363696336746;0.00546875
2133;4.301974273619704;1.0;0.5646503557300204;0.777155361372131;0.01203959015400638;-0.0044878431595861915;0.03520651957951486;0.8266516506671906;0.000660677149426192;0.0033203125
2134;3.256992016305262;1.0;0.22705524271047733;0.29533289956287045;0.034692343000419706;0.0008052199147641659;0.005000051681417972;0.775428956747055;0.0009078543283976614;0.006640625
2135;3.9819370361846085;1.0;0.33827460107556423;0.42730473776239863;0.028992323616500542;0.0032393243629485367;0.07042845375835896;0.7316855728626251;0.001109547761734575;0.00859375
2136;4.4041676194181605;1.0;0.6173003724378852;0.8313582075137754;0.01711810672851043;-0.004552187654189766;0.013261333014816046;0.8482771158218384;0.0010417891200631857;0.008203125
2137;-3.2404776101022;0.0;0.0;0.0;0.02643809046942414;-0.009016881207935512;0.007275492162443697;0.8728153556585312;0.0015157942310906948;0.008984375
2138;3.759811945495281;1.0;0.26191503490661333;0.331346574390664;0.010811655344965658;-0.007298873318359256;0.029300837963819503;0.8645629525184632;0.0015027261804789304;0.0130859375
2139;3.2957434907600227;1.0;0.32378456912894615;0.43159383593444123;0.031018893986469516;-0.0034596896264702083;0.04892568308860064;0.8474490463733673;0.0007872891845181584;0.005859375
2140;-0.36433389600084926;0.0;0.0;0.0;0.017228495352167743;-0.008144082827493548;0.07405801825225353;0.8246779978275299;0.0019552327576093376;0.0201171875
2141;3.0587640059443473;1.0;0.20729022315886111;0.26810335300061927;0.012000689787371479;-0.0023099436424672604;0.011456871079280973;0.8659843683242798;0.0009192377794533968;0.0076171875
2142;3.7152004935814555;1.0;0.24439663378964796;0.30774966849625046;0.01890721079475356;-0.004871685476973653;0.05445759827271104;0.9372088193893433;0.0012299716821871699;0.0095703125
2143;3.985742913604934;1.0;0.4243760080338313;0.5714162804037469;0.03315489576557786;0.002647267561405897;0.01657176804728806;0.8849374443292618;0.0009716680156998337;0.0064453125
2144;3.4854220014158623;1.0;0.2631252182224021;0.3516349977603929;0.013024581634251558;-0.0012367523042485118;0.05445543890818953;0.8750985503196717;0.0008248798432759941;0.00703125
2145;2.364057000951182;1.0;0.4072463080043855;0.5245287026519222;0.03590072705727881;-0.011963785998523236;0.03794802036136389;0.9139631032943726;0.0015533926663920284;0.01328125
2146;3.055317322575292;1.0;0.32703659417621145;0.40979469688777265;0.029605130042100847;-0.009894304350018502;0.02039616284891963;0.9461601972579956;0.0016878241789527238;0.010546875
2147;3.9540608209168426;1.0;0.47658337257173555;0.6357155385360265;0.029777141506941537;-0.006550932582467794;0.015805914625525476;0.9145321309566498;0.0008924004738219083;0.0046875
2148;4.321098692878172;1.0;0.5575299396480773;0.8084234760313181;0.02773746862060025;0.003178772097453475;0.010639207717031241;0.8230363100767135;0.00039170641684904695;0.0005859375
2149;3.2628250518745245;1.0;0.34901836655468993;0.44999219546343855;0.023743926672227463;-0.002159656025469303;0.03276304742321372;0.8272677004337311;0.0004724133759737015;0.00234375
2150;3.6264640898731737;1.0;0.4042672075166069;0.5478657384451152;0.02804963264891672;0.00462325531989336;0.014437362155877053;0.817292445898056;0.0006049540592357516;0.0041015625
2151;4.149323370879542;1.0;0.5078619696277944;0.6769738216889565;0.024753753284716754;-0.003483618516474962;0.027390298899263144;0.7979651391506195;0.0008458811673335731;0.0064453125
2152;4.200728418945259;1.0;0.6006652030900045;0.8118195092310028;0.038695740994295465;-0.006711665657348931;0.008135639061219991;0.7470889300107956;0.0005235418328084051;0.0015625
2153;4.4533540910252984;1.0;0.6896722002358416;0.9523217177386014;0.01793431008486412;-0.013438791502267122;0.025267965206876398;0.8270621001720428;0.0007678086869418621;0.005078125
2154;4.043204432890827;1.0;0.5760419744676293;0.7699510923192624;0.04629390473267584;-0.008503561792895197;0.010213717981241644;0.8268630743026734;0.0008330838638357819;0.0076171875
2155;4.268059556511104;1.0;0.464683800967394;0.647682106060173;0.006529904316004204;-0.003706791624426842;0.019249504944309593;0.8213384002447128;0.001147980464156717;0.007421875
2156;4.30227998390483;1.0;0.5195056589125154;0.691425639344024;0.0176460049177585;-0.0019244217313826085;0.01262617188040167;0.7887398809194565;0.0014590440317988397;0.0181640625
2157;3.217253736791096;1.0;0.37036166819558314;0.4903058210389192;0.05883095658107317;-0.005631199339404702;0.017661111196503043;0.8551534742116929;0.0003115170751698315;0.0001953125
2158;3.1448489381783085;1.0;0.3098759670773127;0.40598630121010854;0.07210476427610475;-0.0009437355678528547;0.01503108604811132;0.8869262427091599;0.0014276293106377125;0.01328125
2159;4.41677240111455;1.0;0.5777676342580481;0.7916339232308451;0.02040712504832461;-0.005507545685395599;0.033248175494372846;0.8534104019403458;0.0011037137941457332;0.009375
2160;3.9746509218063846;1.0;0.5655087719737684;0.8246366674503388;0.028179685109173305;-0.009106797352433204;0.03569507282227278;0.7929653018712998;0.000981441861949861;0.0060546875
2161;4.356840398604028;1.0;0.45685894698493174;0.6349628307200055;0.017152180871266926;-0.003900160873308778;0.009055982786230743;0.8314888775348663;0.0008133949246257544;0.0037109375
2162;4.39200731933786;1.0;0.7352773901959957;1.0540186557743345;0.028117859380940444;0.000651103025302291;0.024496493674814702;0.8976078271865845;0.0009982938296161591;0.006640625
2163;4.273047585509882;1.0;0.5918264715779898;0.8319211539422278;0.027136954969523237;0.00047475621104240415;0.013411161280237139;0.8317239493131637;0.001401020830962807;0.0099609375
2164;2.0850777032095706;1.0;0.22365696519680905;0.28916541194202344;0.033252964034271;-0.0026781507302075626;0.025559963658452034;0.8591351747512818;0.0026699744630604982;0.0318359375
2165;4.163422342136408;1.0;0.4044870829039496;0.5146889612333198;0.01702020287521834;-0.0038647131528705358;0.02455586176365614;0.8772651374340057;0.0010566420969553292;0.0068359375
2166;3.2270167072244327;1.0;0.1920018501152602;0.26324948674861554;0.023620004583857775;-0.0014020218048244714;0.023648414900526403;0.859373751282692;0.001190644025336951;0.0095703125
2167;3.8270440072338774;1.0;0.22451132142113947;0.3077779784706924;0.0;-0.0007004813756793738;0.015821429411880673;0.8539355903863907;0.0010097862337715923;0.00390625
2168;4.353842493085222;1.0;0.7574036908133992;1.1318066448446944;0.040723192797667805;-0.00439583589322865;0.021027376316487788;0.8553283035755157;0.0009810084011405706;0.0015625
2169;4.273820338038573;1.0;0.47872628146027135;0.7026074622300659;0.030051708877719158;-0.004931555967777968;0.030014973459765316;0.8195287257432937;0.0011050657834857703;0.005859375
2170;3.8345327270849223;1.0;0.5839760902867411;0.7795561124658411;0.027258979706746657;-0.01033387053757906;0.005460659414529801;0.7782198965549469;0.0013965511810965837;0.0091796875
2171;2.4618762051164307;1.0;0.19457651177752563;0.26285946447122094;0.05625909019717984;-0.002933581778779626;0.021005197241902352;0.8019886016845703;0.0012769747176207603;0.0078125
2172;3.455578390400649;1.0;0.23155834489798385;0.32204329549839644;0.0;-0.004920488595962525;0.03176379781216383;0.8304763793945312;0.0008447687956504524;0.0064453125
2173;3.95068246384684;1.0;0.39831309619216543;0.5584500142489884;0.024996623265655295;-0.00948310618987307;0.04004399999976158;0.812544533610344;0.0009583475184626877;0.0078125
2174;-3.0657282595408732;0.0;0.0;0.0;0.034893710442829115;0.0008373249089345336;0.029906096681952477;0.8051275551319123;0.00033746606204658746;0.0
2175;4.141029468101603;1.0;0.5518226068820544;0.7409848822164997;0.04922046255735493;-0.0022669842932373286;0.016643182653933764;0.8249516367912293;0.0005446774302981794;0.005078125
2176;3.9378074781820045;1.0;0.3862620009218889;0.5492610776977602;0.04275261656467897;-0.0030998670496046542;0.016919225337915123;0.819837111234665;0.0014421878731809556;0.0169921875
2177;4.053425666067335;1.0;0.6253554865700977;0.8723055488499875;0.04096833699855113;-0.0018693268299102782;0.024979349225759506;0.828996804356575;0.0007540411781519652;0.005078125
2178;4.052755915674306;1.0;0.6659580499421653;0.8839661800089204;0.03338380033845405;-0.0074607890099287035;0.021201916225254535;0.8283619195222854;0.0010973831522278488;0.006640625
2179;4.376995968356718;1.0;0.5056523170558054;0.7353964689497432;0.02950648509467652;0.0009837838355451823;0.01787806865759194;0.8109463095664978;0.001477877574507147;0.0130859375
2180;-1.8777502948774745;0.0;0.0;0.0;0.013833821816152538;-0.003977270144969225;0.022103514289483428;0.8239553362131119;0.002360566286370158;0.0236328125
2181;4.27950877545509;1.0;0.5127081280135221;0.6720655940642252;0.02773779329590502;-0.0006002361653372646;0.033200455643236634;0.8363649725914002;0.0011995636974461376;0.0076171875
2182;2.247960413823747;1.0;0.35330721296881185;0.46879918515535396;0.043550140544465335;-0.0012561597861349583;0.023094059200957417;0.8795012712478638;0.0008182156598195434;0.0037109375
2183;2.8920638184037166;1.0;0.26886397070551404;0.3607165914562248;0.0410559501070349;-0.008189817378297447;0.026746274903416634;0.8835520416498184;0.0012555164168588818;0.0078125
2184;4.3588634088070695;1.0;0.5024169883829266;0.710252021368304;0.01430901499389569;-0.004752552602440119;0.006900213472545147;0.8394996970891953;0.0007563314167782665;0.0041015625
2185;3.1612126117627795;1.0;0.43105519419752525;0.5878940816465241;0.05542174945304289;-0.005871048616245389;0.02625482976436615;0.7941147923469544;0.0013784776092506945;0.014453125
2186;4.375914033873797;1.0;0.5499143197475265;0.7284937008000344;0.021002876431919244;-0.0009994855616241693;0.025033463211730122;0.8408071607351303;0.0017157742753624917;0.015234375
2187;-0.6049744658843355;1.0;0.2783189454496874;0.3690155472169516;0.03390425139205991;0.0014883145689964295;0.02690220666117966;0.7897973954677582;0.0009191524353809654;0.0068359375
2188;4.503722090409248;1.0;0.7356395018285247;1.0726139659841718;0.023746420816828318;-0.0016284065321087837;0.013841081829741596;0.8134091854095459;0.0009820813662372529;0.00703125
2189;3.613821103163834;1.0;0.5050090717108779;0.6654287122975436;0.064129733468401;0.0002657560631632805;0.01413822202011943;0.8256555914878845;0.0015192079241387545;0.0134765625
2190;3.1389773656824453;1.0;0.4084007601228933;0.5405273283426681;0.07141865993336179;-0.0032498267944902183;0.014104814780876041;0.8277575939893722;0.0006662091240286827;0.0029296875
2191;2.219657830871065;1.0;0.42455375750627483;0.5463241205435667;0.06143058800386258;-0.010612574312835932;0.027368783205747604;0.786265030503273;0.0013050467357970774;0.009375
2192;3.6524932431903134;1.0;0.3082238652083511;0.4017718066406615;0.05231815253077586;-0.0019070731475949287;0.04232436325401068;0.8827725529670716;0.0009854072704911232;0.0068359375
2193;3.5317394273981737;1.0;0.3223115767893293;0.44700514890249493;0.0513421601731522;-0.0033150290604680777;0.01787449363619089;0.8830043613910675;0.0024294771486893297;0.0265625
2194;4.000752055034122;1.0;0.6769014540584307;0.9372336713912943;0.045544498879310016;-0.005529850348830223;0.060498081333935264;0.8522275060415268;0.0008718789205886424;0.0021484375
2195;3.4099011944103976;1.0;0.2936041736232053;0.39906703702153395;0.010765927349065675;0.0021468655904754996;0.025955849699676035;0.8743908405303955;0.0013597453478723764;0.0134765625
2196;3.409092976972062;1.0;0.22394144865920976;0.28894832420691413;0.011244635499270284;-0.00010537467896938324;0.02716623293235898;0.9158578217029572;0.0011660428601317108;0.00859375
2197;3.9017418474562686;1.0;0.37902245439126137;0.4990153536278793;0.021440428405609304;0.002940159244462848;0.030812805192545055;0.8891558974981308;0.0004815543885342777;0.0017578125
2198;3.692899845672245;1.0;0.5196874626919583;0.6749524399760101;0.07469941995582814;-0.0031742784194648266;0.04981815228238702;0.93986094892025;0.0013521727290935815;0.0068359375
2199;3.570087456247907;1.0;0.32752906500422563;0.41584371393747316;0.052956497326097925;-0.004340717545710504;0.008227016846649348;0.9189122676849365;0.001681993599049747;0.0126953125
2200;1.962240068100472;1.0;0.45074969638627654;0.5630506126356082;0.06176135853129791;-0.0067781609483063224;0.024855923559516668;0.941118809580803;0.0009843496489338576;0.0080078125
2201;3.951423842316565;1.0;0.4206102515110995;0.586211792644722;0.038424001451739014;-0.0017588858725503087;0.007278910814784467;0.8860373586416245;0.0008876899024471641;0.003515625
2202;4.44245112992202;1.0;0.7148043320341614;1.0278808536603232;0.02744291649993837;-0.007535934401676059;0.046220242604613306;0.8782829463481903;0.00130575638031587;0.00859375
2203;3.651053247812002;1.0;0.5557402666098464;0.7332419824861539;0.0630762835882976;-0.009268711460754276;0.03312906161881983;0.9118649423122406;0.001074534351937473;0.0095703125
2204;3.905591020582313;1.0;0.6576832648396937;0.9089383624208841;0.03965839926016265;-0.00691772373393178;0.009404775220900774;0.9512016743421554;0.0017291827825829387;0.0150390625
2205;4.29952131678505;1.0;0.48614817360032564;0.6309467453221703;0.020362248711366833;-0.003845414868555963;0.06591716296970844;0.9215290904045105;0.0011154232313856482;0.00703125
2206;4.4152834283535745;1.0;0.6654269916790139;0.9238429819331918;0.017885562700792307;-0.0015588696114718914;0.02291425075381994;0.9488284945487976;0.0014268473139964044;0.0115234375
2207;2.8488256400867566;1.0;0.5540525722359785;0.629431739767514;0.1968170947559073;-0.003567036136519164;0.05769391926005483;0.9681806206703186;0.00041972417384386065;0.0013671875
2208;2.887497366010932;1.0;0.27557011977043716;0.36368570221002;0.031219369518610353;0.0040801236871629955;0.024594702897593378;0.8967390894889832;0.0007511491887271405;0.0044921875
2209;3.7415666156974137;1.0;0.2267113014760806;0.2998300590992142;0.01418476740634906;-0.009822808881290257;0.027113123517483472;1.0465173900127411;0.001254769810475409;0.0056640625
2210;3.9360690727461187;1.0;0.6360567601552628;0.9285277330548916;0.052555673701214514;0.0006204084493219852;0.017825361620634795;1.0183731138706207;0.002574401081074029;0.023828125
2211;2.6659587430331415;1.0;0.31476603968371036;0.41605493579811054;0.08995226050559822;-0.0053359980694949625;0.004576016182545573;0.9768979102373123;0.0021353313350118697;0.0146484375
2212;4.406394300897838;1.0;0.7092184862303241;1.0166473894544261;0.059769063413461714;-0.0055096752243116495;0.030238285008817912;0.8975777328014374;0.0013888017158024013;0.005859375
2213;4.022554326387856;1.0;0.4742179285380393;0.6392466476043306;0.028814282117746517;-0.004660962522029877;0.02325124004855752;0.9419716894626617;0.000993856613058597;0.0072265625
2214;4.2695767800688715;1.0;0.4821141232659293;0.6621838819155835;0.035236666129695074;-0.0035304159857332705;0.0235427547711879;0.8976048558950425;0.0023692202405072747;0.0294921875
2215;3.5367169127287137;1.0;0.2742276336410291;0.35948000838133026;0.013667711858014384;-0.008258275175467133;0.053197847492992875;0.8760037809610367;0.0008645877009257674;0.0083984375
2216;2.5823684584438324;1.0;0.20188072500187484;0.2677297332335005;0.03354279643044717;-0.0016890260390937327;0.015293589886277914;0.8940928906202317;0.0009164302027784288;0.0056640625
2217;2.5618833568811112;1.0;0.34193206627994577;0.43658164636417757;0.06176593246627768;-0.0036720650969073176;0.015758439945057035;0.9207380175590515;0.0010468323249369859;0.0091796875
2218;-0.3030093521101591;1.0;0.277271686553742;0.34750894848165614;0.08058109124976161;-0.007112930994480848;0.03340926934033632;0.9409005463123321;0.001227629533968866;0.0048828125
2219;4.33520927845789;1.0;0.702417769128965;0.9379855203561003;0.02771291108264857;-0.000769890658557415;0.0046009535668417815;0.8643487393856049;0.00034724106080830097;0.0
2220;-0.5414127878240782;0.0;0.0;0.0;0.027474587737960243;0.001404112484306097;0.03199019269086421;0.8277800172567368;0.0007074941066093742;0.0021484375
2221;3.499782022092449;1.0;0.2594754155126845;0.3530826299123958;0.025313586281156222;-0.00839636221062392;0.03459232160821557;0.8516013413667679;0.0007292095571756363;0.0037109375
2222;3.6790659409264603;1.0;0.3415322885305687;0.4663467826680562;0.036485709625751865;-0.005789525900036096;0.020175150129944086;0.8899836212396621;0.00040471598040312526;0.0013671875
2223;3.722389130679478;1.0;0.4075849164733502;0.5662764627778043;0.043599915333664474;0.004556962382048368;0.013296615239232779;0.8586188614368438;0.0012624616618268191;0.0052734375
2224;3.482673497218806;1.0;0.41065845107940785;0.5422066490665441;0.04384057171005295;-0.009574587875977158;0.013404818205162882;0.8722086727619172;0.0013639944489113986;0.0052734375
2225;3.7897807956208984;1.0;0.3187671288869453;0.43805355370931426;0.016510200957644043;0.003870001016184688;0.025692576076835394;0.8445040464401246;0.0013092838227748871;0.009765625
2226;3.6411218810603803;1.0;0.2663851197914737;0.35020914796374597;0.007814759746475941;-0.004134978866204619;0.010046808794140816;0.8979425668716431;0.0006440250785090029;0.0041015625
2227;4.333653172610556;1.0;0.4622713729492846;0.6443767806435576;0.02242487164964851;-0.008055174117907881;0.006970055541023612;0.8577858537435532;0.0010976002202369272;0.00546875
2228;2.7903088858364518;1.0;0.41841538568279585;0.5442124003910762;0.1611625258119465;-0.0009122752584517002;0.014572951523587108;0.8165325909852982;0.001761226647067815;0.015625
2229;3.3468229023698006;1.0;0.23077434941604674;0.3198917415336007;0.01122393721336889;-0.005446893349289894;0.027546611335128545;0.8643237292766571;0.0008673075120896101;0.0052734375
2230;3.3248986607459807;1.0;0.25629124954628935;0.3409194855734832;0.05141822892480754;-0.0013777931686490773;0.015420696791261434;0.8818699091672897;0.0018084670649841429;0.01484375
2231;0.4920167669351514;1.0;0.40904553277988687;0.5386179047286158;0.06507988263157369;-0.0008974073687568306;0.016224097553640605;0.8252829641103745;0.0007074649445712566;0.0029296875
2232;4.067275475876452;1.0;0.6699066181844462;0.9519246999581604;0.01704718202519798;-0.00831987897399813;0.020033466257154943;0.8935840547084808;0.0020421859459020197;0.0166015625
2233;4.28470558190392;1.0;0.6037773142802615;0.8236089713624005;0.020597962260768956;-0.008323001046665012;0.015804425743408502;0.9048029661178589;0.001223771693184972;0.00703125
2234;4.10038090994246;1.0;0.5416328904678549;0.7449713367587775;0.029225607918321538;0.0009505135938525199;0.014681968279182911;0.8953927367925644;0.001129170716740191;0.0064453125
2235;3.2221567920177328;1.0;0.2601158994335454;0.35220462337531194;0.017304635541688842;-0.00502999103628099;0.011968424078077078;0.8204035133123397;0.0011220385786145926;0.0083984375
2236;3.4526376134887653;1.0;0.3679758587538174;0.48917131511021555;0.04265279881366991;-0.0025085643865168095;0.030089167505502702;0.7941889017820358;0.0009282559971325099;0.003515625
2237;4.033154522242478;1.0;0.5888749323097063;0.8110657240833089;0.03899256439095585;-0.01154626184143126;0.012402479350566865;0.7923537641763687;0.0010464109131135047;0.0091796875
2238;3.621774238925308;1.0;0.33069574894631404;0.4450364383560209;0.046443122633238874;-0.008382598194293678;0.011223856545984744;0.8498183429241181;0.001037503348197788;0.008203125
2239;3.8010189910309293;1.0;0.36470715557796995;0.48216098927223633;0.030436965059081666;-0.003668209328316152;0.009420318761840463;0.8574283927679062;0.0012206062790937721;0.0115234375
2240;3.987139076618168;1.0;0.7246542470211176;1.0277357593002467;0.059425196582467546;0.0005153658799827099;0.011214496311731636;0.7772692322731019;0.0008259015623480082;0.004296875
2241;2.6905410854623995;1.0;0.21373491082025217;0.2878884320229695;0.0352796753497551;-0.0029139784397557377;0.007898830552585423;0.7570789009332657;0.0023594364058226345;0.0283203125
2242;4.10067233803695;1.0;0.33090444210153686;0.4641419145691151;0.015136717954744357;-0.0026165141607634723;0.022540594963356853;0.7820448189973831;0.0007390223909169436;0.0048828125
2243;3.287663806590742;1.0;0.4273859864442831;0.5726245657466074;0.05785456375045638;0.0009089604020118714;0.011904553603380918;0.8460682570934296;0.0014122003922238946;0.012890625
2244;0.4402984697410224;1.0;0.21961492324984078;0.29173460473732304;0.0;0.0012057099491357803;0.02143313018605113;0.753969332575798;0.0009397982619702816;0.0068359375
2245;3.919255518775072;1.0;0.6611456556399652;0.893568414529681;0.05733001843935851;4.4518429785966876e-05;0.014387827552855014;0.8274112313985824;0.000500705000013113;0.001953125
2246;3.996168138935002;1.0;0.6961791012247015;0.9934775822719819;0.07182062285568254;-0.003853369562420994;0.02085666637867689;0.845019468665123;0.0008292258018627763;0.0072265625
2247;3.736005446704228;1.0;0.5782486628731334;0.7877576739372333;0.04513242225815605;-0.01648890571668744;0.008021163428202272;0.8274635940790176;0.0009611108223907649;0.005859375
2248;4.103145619161172;1.0;0.6705068224687801;0.9253916321632494;0.034030173508504236;-0.006437214463949204;0.010555084142833949;0.8354442834854126;0.0012358836480416357;0.012109375
2249;3.8973601217988523;1.0;0.6081040192926054;0.8170882917744251;0.04250926846702953;-0.003959741571452469;0.019178626872599126;0.7660238891839981;0.0008092126809060574;0.0041015625
2250;3.8771878569432303;1.0;0.23690777902235138;0.3415266837674598;0.005087990355546785;-0.00042104142485186455;0.043687214329838756;0.8183558046817779;0.0007958725444041192;0.0056640625
2251;3.1554527041884155;1.0;0.25022508159173473;0.34727556480974336;0.0438468751484573;-0.003973581362515688;0.019890589360147714;0.8513065576553345;0.002033531945198774;0.021484375
2252;3.887920848522398;1.0;0.5378352843151569;0.7045450543510987;0.04229587512449859;-0.0027019636472687125;0.009075354877859354;0.8601039201021194;0.0018738094018772244;0.016796875
2253;4.366817530702532;1.0;0.6553717756613834;0.9240417503771008;0.024236315980353137;0.0021429480984807014;0.00928834332153201;0.8451518654823303;0.0008256147266365588;0.0056640625
2254;4.392357097521527;1.0;0.6415860118985133;0.8819337024170203;0.013510735307925566;0.0007230480900034308;0.03747164728119969;0.8859580785036087;0.0018726769951172173;0.0181640625
2255;4.169019024795257;1.0;0.5543495338251168;0.7708661986418537;0.03204389747831816;-0.008396058809012175;0.026198291452601552;0.8524906426668167;0.0008849975652992726;0.004296875
2256;4.368003198376727;1.0;0.6485846563097725;0.8976299605573167;0.02281902936676187;-0.0033587342128157615;0.029783672373741864;0.8971777647733689;0.001476158865261823;0.0134765625
2257;4.115456570188814;1.0;0.6229012950890711;0.8522253457261888;0.056869122890180916;-0.007965449523180724;0.010146183706820012;0.8888119757175446;0.0012644447735510767;0.0123046875
2258;4.0190837638369254;1.0;0.6125768664143115;0.8608908126908623;0.040255807295001056;-0.002652797941118479;0.05170114245265722;0.9367206990718842;0.0007889164611697197;0.004296875
2259;3.40928608893962;1.0;0.6407024083610963;0.827139191688635;0.04575444768361405;-0.0036112549249082805;0.0067971543408930305;0.9275283247232438;0.0005201022024266422;0.0013671875
2260;3.381333918106392;1.0;0.16116850004170744;0.21428540902901239;0.014965333915035121;-0.0016052873339504003;0.022798078833147883;0.9105077266693116;0.0007619069190695881;0.003125
2261;3.9974680294620173;1.0;0.7283200924347454;1.0270468484290873;0.04443890262302642;-0.003718614298850298;0.03387039341032505;0.8327647477388382;0.0009293649345636368;0.0064453125
2262;3.8457756496686075;1.0;0.6766355994136258;0.9265590177056042;0.07386290974156343;-0.002559967595152557;0.021391680696979165;0.9103184074163437;0.0010808665538206697;0.008984375
2263;4.162645617954371;1.0;0.7342709289127369;1.064283483106621;0.04537015521473355;-0.011948567104991526;0.022661230294033885;0.975522392988205;0.0024981860653497277;0.03125
2264;4.009531943386353;1.0;0.6413731359148361;0.8593752125758541;0.04974753651653126;-0.00016472670249640943;0.0156642863759771;0.891897314786911;0.0007932568667456507;0.0046875
2265;4.370220456834427;1.0;0.47950417502717807;0.6768606964301035;0.008808354777185527;-0.00571222750004381;0.04057321371510625;0.887641653418541;0.0014856210676953197;0.0091796875
2266;3.9037203089846546;1.0;0.48963784681739614;0.7133968867959465;0.022206866342925402;0.002573842694982886;0.031624238239601254;0.8578105747699738;0.0015357613330706954;0.012109375
2267;3.2376593468763555;1.0;0.2762416031083588;0.37471956844335996;0.021170345901263002;-0.004498558863997459;0.006687490292824805;0.862806910276413;0.0016147603513672949;0.010546875
2268;3.36749983655278;1.0;0.23983578874182596;0.33107204322071004;0.015475702817110488;-0.001747088017873466;0.027651124401018023;0.8323592126369477;0.0017850151634775102;0.01875
2269;-2.5730205233237986;0.0;0.0;0.0;0.03679975264255533;-0.004016797966323793;0.03055220698006451;0.8520296007394791;0.0009526208392344415;0.007421875
2270;3.7375402614601114;1.0;0.5915786473456363;0.8035802423137415;0.08373820069261657;-0.005455442052334547;0.005939744133502245;0.9102706611156464;0.001773587625939399;0.0169921875
2271;3.107893096802594;1.0;0.12804691328441833;0.18388396139036461;0.01901664777544191;-0.006229129305575043;0.020295967254787682;0.8124439209699631;0.0009755350300110876;0.0037109375
2272;2.935180363627933;1.0;0.26500439233420775;0.365937156212598;0.023591912922105378;-0.00227862736210227;0.0798034017905593;0.8227632433176041;0.0012004355434328319;0.008984375
2273;-3.3274272684352346;0.0;0.0;0.0;0.06396851071792733;-0.006350413186009973;0.0223313566762954;0.9397551447153092;0.0020000368123874067;0.0181640625
2274;3.6435251496468535;1.0;0.6350438669816704;0.8508302159181653;0.06059629173215585;0.0006370882038027048;0.03524929545819759;0.9018998056650162;0.0008503995602950453;0.002734375
2275;2.8883398629010815;1.0;0.2679872683101589;0.37504140017748416;0.03969490772537286;-0.004508617287501693;0.03603570768609643;0.8991665363311767;0.0008318841573782265;0.00234375
2276;2.0012881508805243;1.0;0.2819554177957914;0.3855722150696914;0.15430973878987286;-0.01131473733112216;0.006599072716198862;0.9179470330476761;0.001699096744414419;0.01171875
2277;2.5754198820075427;1.0;0.24413177823886534;0.3307774536906346;0.019565915772605073;-0.006380940228700638;0.05661408267915249;0.9193718492984772;0.0010911012417636813;0.003515625
2278;3.429132826293244;1.0;0.34472817709151327;0.4765323608845385;0.04116324391192512;-0.0073861989192664625;0.026061338651925326;0.8413806676864624;0.0016084646689705552;0.0130859375
2279;3.6395032772696996;1.0;0.17905144394382463;0.25292989226825885;0.0071325336462706454;-0.004069834575057029;0.05543358121067286;0.7969845920801163;0.0017242527799680829;0.0130859375
2280;3.713293764591273;1.0;0.4967427343928157;0.6647603795718517;0.048102454387918214;-0.0009348942199721933;0.047882456611841914;0.9112224698066711;0.0004715434042736888;0.00234375
2281;3.4927906164336724;1.0;0.27951963147989584;0.3993711786853754;0.04204910822881309;0.000829939404502511;0.006770698656328023;0.8644529223442078;0.001423197123222053;0.0130859375
2282;-1.8823415538131565;1.0;0.25460723950151376;0.3334406504892425;0.0037718313136975118;-0.005480839870870113;0.01023588334210217;0.9197245508432388;0.001631723705213517;0.01328125
2283;3.198007465967724;1.0;0.3382141852057496;0.48184035223070804;0.029063899031213723;-0.01022698157466948;0.01672795438207686;0.8902881860733032;0.0008453203015960753;0.003125
2284;4.42918346119768;1.0;0.6619236672502207;0.9002868214418842;0.01863271484971353;-0.006706306012347341;0.022703878302127122;0.9139819473028183;0.000704436528030783;0.0015625
2285;4.00856835064336;1.0;0.704386764540994;0.9886374367810146;0.058099076308876715;-0.002090560644865036;0.021165961166843772;0.9164515316486359;0.0020266710664145647;0.0212890625
2286;1.0318617307890314;1.0;0.22880719268396557;0.311160344057866;0.04290924449003034;-0.004688316886313259;0.018956764275208114;0.8659400880336762;0.0013583455001935363;0.0091796875
2287;4.1396864919298775;1.0;0.6483456482123404;0.8851381325010735;0.055337616152229874;-0.00946283785160631;0.03906549196690321;0.8177870571613312;0.0011892044451087714;0.0095703125
2288;4.028876664953888;1.0;0.48147987684624843;0.6737252830706388;0.03903966299313857;-0.006170087971258909;0.025443330872803926;0.89276162981987;0.0007088562240824103;0.0046875
2289;3.6757849593127716;1.0;0.6745052676134777;0.8883333425912637;0.06755944122518956;-0.0006600271910429001;0.009782158117741347;0.836425268650055;0.000518681202083826;0.00234375
2290;1.141224011530234;1.0;0.21350439110835534;0.28252737218182683;0.05996478327852576;-0.0026635010726749897;0.01988271069712937;0.8204342365264893;0.0008155773277394474;0.0052734375
2291;3.3407550997033204;1.0;0.24282219502219604;0.3328216375694546;0.0008832042259355494;0.001741652935743332;0.010862327693030239;0.9268304586410523;0.0012025541509501636;0.01171875
2292;3.813112520426909;1.0;0.46895897561332;0.6777766483586588;0.043550425793857026;-0.0048192072659730915;0.026536635449156167;0.86542027592659;0.0006885052658617497;0.0064453125
2293;4.040295912064541;1.0;0.5133587739022892;0.7304876424218515;0.06421613100030711;-0.002310042828321457;0.016641894029453395;0.8672410398721695;0.0010502371937036515;0.0056640625
2294;2.6286358827007072;1.0;0.14119778981889838;0.19131105348409247;0.025570618022863874;-0.010807163128629328;0.034405442094430326;0.8284460932016373;0.0010734909563325345;0.0056640625
2295;4.262556566196888;1.0;0.5046671947221306;0.682583307611468;0.014946658085854485;-0.005904256459325552;0.03186519742012024;0.79279525578022;0.0003728191484697163;0.0021484375
2296;-1.042900113555023;1.0;0.32584936700422623;0.4414100382557394;0.07083144392728154;-0.012647406850010156;0.01655880189500749;0.9012005031108856;0.0013695750385522842;0.0150390625
2297;2.4761020654705255;1.0;0.35291235591628495;0.4956466693945429;0.08963045718088827;-0.001707356097176671;0.018415531888604165;0.8722230881452561;0.0009113314794376492;0.009765625
2298;3.806809425794312;1.0;0.6919529579473147;0.9540527824968068;0.09371779940053862;-0.0040996928350068625;0.01101932479068637;0.8212615430355072;0.0020672579878009854;0.01875
2299;4.063636520558788;1.0;0.7415815807767678;1.017655348675689;0.039256235237839034;-0.0019107173662632703;0.027251865621656178;0.8028143793344498;0.0004993031383492052;0.001171875
2300;4.471132299763208;1.0;0.7068012710992716;1.0566540946484342;0.023642709998255695;0.003963378863409162;0.025254601892083884;0.8308077424764633;0.0005965132964774966;0.00390625
2301;4.198427106393244;1.0;0.5349866949303175;0.7205658765718854;0.027680609734138113;-0.0018089112360030412;0.028109788615256547;0.8460250347852707;0.001690371590666473;0.0177734375
2302;4.162065328389621;1.0;0.5943213813443949;0.814442813834127;0.04105207219310393;-0.010383454989641905;0.014300289889797568;0.8492009997367859;0.001467811455950141;0.0130859375
2303;3.76696963523293;1.0;0.5707542074083927;0.8129304421870654;0.050149794782777916;-0.002956107072532177;0.027483170852065086;0.8424523860216141;0.0007027612067759037;0.0013671875
2304;0.5860721549250183;1.0;0.28763619525144324;0.39142964742209796;0.04598665362463277;-0.0039256374351680275;0.0366780492477119;0.8783529192209244;0.0010097839636728167;0.0044921875
2305;4.281132193345175;1.0;0.5591216447204739;0.784407760016824;0.024620650614670544;-0.0024032924324274064;0.018794308323413132;0.8644821554422378;0.001116293855011463;0.0099609375
2306;4.151994022139078;1.0;0.7229127841004857;1.0695404525123602;0.06396722346148462;-0.006661066878587007;0.023895337153226136;0.8991622000932693;0.001857111882418394;0.0177734375
2307;2.751608209890428;1.0;0.5056617297173543;0.7088724109851923;0.04240243718605769;-0.006872302573174238;0.040130854770541194;0.8481119841337204;0.0005933039705269038;0.0025390625
2308;4.184611076698028;1.0;0.5982912021419726;0.8295793556835064;0.05861836962423519;-0.001954598177690059;0.02898998437449336;0.9664052695035934;0.0011574357282370328;0.0080078125
2309;3.805166129495975;1.0;0.6488189356682126;0.876160007397954;0.04822807709729771;-0.0018584494479000568;0.03273303937166929;0.8679266571998596;0.0004395368508994579;0.0001953125
2310;3.760158125635341;1.0;0.5086379063117392;0.7082208075928506;0.05870417774588597;0.0010729449801146983;0.0526820981875062;0.8929367214441299;0.0008235091459937394;0.0041015625
2311;2.3688512537634625;1.0;0.45660727528888967;0.5607985678331577;0.030267443331031124;-0.003171901125460863;0.033269109297543766;0.9571566879749298;0.001312000013422221;0.0083984375
2312;4.063391354989923;1.0;0.5906724066581668;0.8019873595246274;0.06230613911424838;-0.014400843670591712;0.00892125591635704;0.9309815555810929;0.0015935671515762806;0.01171875
2313;3.4568310413289565;1.0;0.33858294342109446;0.4582361157599323;0.06877880370314425;-0.008542369678616523;0.012743579456582665;0.8484172284603119;0.002780848543625325;0.0365234375
2314;3.1570432373672936;1.0;0.35472293116210785;0.5007525827772457;0.11075428514454745;-0.00014364402741193772;0.020607252838090062;0.8143958985805512;0.0013469903846271337;0.0126953125
2315;-2.272234214667619;1.0;0.16051383915868453;0.2192626785924984;0.0;0.0031349592842161655;0.020761232427321374;0.7997393339872361;0.0005853712209500372;0.00078125
2316;3.7673179691166476;1.0;0.5730213691689362;0.8003665015606389;0.041932694882766526;-0.007482007751241327;0.021692526852712037;0.8051210731267929;0.0013060783268883825;0.014453125
2317;4.199993163994508;1.0;0.5073561396664614;0.7165344790732103;0.04528384094811876;0.004585483390837908;0.04492659382522106;0.7445281922817231;0.0006773756234906614;0.0060546875
2318;4.412794646078437;1.0;0.6309796592833606;0.8570375954481599;0.014636135935792653;-0.00033735197503119706;0.028843284863978625;0.9241446882486344;0.0008791381958872079;0.00625
2319;3.1920407163395668;1.0;0.5404167981218331;0.7769229942863004;0.02956996233990338;0.0005237602628767491;0.018572812993079425;0.7795547634363175;0.0018681924673728644;0.0193359375
2320;4.0982529027350445;1.0;0.6593368855894061;0.9246346747185984;0.03954224698869369;-0.001372723444364965;0.029710076190531252;0.7876251101493835;0.0008303514798171819;0.003125
2321;3.665492614544377;1.0;0.2635371874672853;0.38373035190754573;0.015958795623894458;0.0007440129294991494;0.03490260671824217;0.8503077805042267;0.0007905160658992827;0.00625
2322;4.049316996206946;1.0;0.6466388044485945;0.886752719386698;0.0365889199869079;-0.011923234770074486;0.008760514855384826;0.7937431097030639;0.0009665873367339373;0.0064453125
2323;4.128977911308157;1.0;0.3837157948783516;0.5555213916269931;0.031374725718974004;-0.005796821927651763;0.021213663276284933;0.8321076899766922;0.0006004354450851679;0.0025390625
2324;4.155495457815557;1.0;0.5360957553894877;0.7518853020029693;0.05390482091008049;-0.005643986631184816;0.014611250045709312;0.7807098805904389;0.0004726301063783467;0.00078125
2325;4.1123897162656275;1.0;0.5866061367376861;0.8037002716430286;0.028691790684581147;-0.0006331660784780979;0.044452107045799494;0.8853681415319443;0.0008300026296637952;0.0072265625
2326;4.3653030566448034;1.0;0.7554718742105867;1.0851114412105145;0.029224602262575127;-0.011397413676604629;0.008739218697883189;0.8341425895690918;0.00234504584223032;0.02578125
2327;4.024045038166417;1.0;0.6027883205816092;0.8292093269790392;0.042454013497194375;-0.003394033433869481;0.04207653235644102;0.8571921855211257;0.0005846359068527818;0.0033203125
2328;4.258434187951105;1.0;0.6704238090952471;0.971377124832389;0.03502444715437576;-0.0037080008536577226;0.004474035650491715;0.9179511904716492;0.0019360878970474005;0.021484375
2329;3.851174243293664;1.0;0.5682701777433286;0.7766805912262064;0.035673904329786836;-0.010540745034813882;0.030047974735498428;0.8733347743749619;0.0005581156932748854;0.0015625
2330;-1.8073008207663588;0.0;0.0;0.0;0.06655049155713844;-0.008287509996443987;0.017215737653896213;0.9069468945264816;0.0018257346819154918;0.0173828125
2331;3.61245882498636;1.0;0.5383827449362725;0.7813049545073146;0.039231460674500326;-0.00806496674194932;0.01283988174982369;0.8739157408475876;0.0004244872368872166;0.00078125
2332;4.330794989083543;1.0;0.7920357362181116;1.1259112757893979;0.02816876670871068;-0.006057708105072379;0.032953674579039215;0.8858111172914505;0.0005907998885959387;0.0037109375
2333;4.36189925047092;1.0;0.5051200593219715;0.7048454769576676;0.010701002271823733;0.004186193272471428;0.012874553841538728;0.8469126343727111;0.0007693160441704094;0.0009765625
2334;4.380589761762771;1.0;0.6588735425001216;0.9173672923859314;0.026570202657246595;-0.0004198829876258969;0.028149673249572515;0.872822505235672;0.0009315454284660518;0.0048828125
2335;3.725241984514616;1.0;0.5639181672510054;0.7697595166451893;0.04672558497520692;-0.006815017061308026;0.026090602576732635;0.896763089299202;0.0011301839491352438;0.009765625
2336;4.028699438698373;1.0;0.4465437785891024;0.6498526966583545;0.04881610715515758;-0.006265178276225925;0.015124859986826777;0.935754832625389;0.001184798765461892;0.01171875
2337;3.9464425946404056;1.0;0.5935927339073289;0.8338092713720615;0.03432661181040323;-3.44814732670784e-05;0.01413661721162498;0.9620172649621963;0.001010811165906489;0.00390625
2338;4.247188962322139;1.0;0.6437360881068636;0.9108472518174484;0.023366410341907295;-0.003001879435032606;0.051614006608724596;0.8613236725330353;0.0019659639219753444;0.01953125
2339;3.9799019971015763;1.0;0.7535950984856793;1.0615402763269866;0.05548583083850593;-0.0072857048362493515;0.019064417481422423;0.8212684184312821;0.00089272849727422;0.0068359375
2340;4.249251060029143;1.0;0.6496234947702116;0.8819464695287866;0.02544718051621595;-0.006253110896795988;0.02241226453334093;0.7887389779090881;0.002020294952671975;0.0232421875
2341;3.49648963687411;1.0;0.41312855761736655;0.5396592909845476;0.05404737701278032;-0.01159913974115625;0.02707390086725354;0.7910104393959045;0.0013469321769662202;0.01328125
2342;4.09091985887961;1.0;0.7420338063924222;1.085302370448882;0.03348933635567467;-0.0032474320149049165;0.021901368629187346;0.7954788386821747;0.002168387931305915;0.0228515625
2343;-0.755110605409432;0.0;0.0;0.0;0.007566002729799696;-0.005234679277054966;0.01461449065245688;0.8208748817443847;0.000979515421204269;0.008984375
2344;3.616979890185029;1.0;0.5823732298085003;0.7781116524303572;0.01681948651328267;-0.0043956699781119825;0.01382128857076168;0.8086603164672852;0.0009547269903123379;0.007421875
2345;4.1042441979420285;1.0;0.5142960890685949;0.7347279285368503;0.025980214184684408;-0.0014485587365925313;0.015814408613368868;0.7903438717126846;0.0006811906932853162;0.005078125
2346;4.126667303953101;1.0;0.28877031542411397;0.4152669287167974;0.0017959941958933853;0.0038759544491767882;0.007174626714549959;0.7819763094186782;0.0004771929350681603;0.0005859375
2347;4.0803356593897;1.0;0.5695569342136408;0.8159478779129127;0.03240063959615666;-0.009919660072773695;0.01400901535525918;0.7687034279108047;0.0008504409110173583;0.00703125
2348;4.120704222367301;1.0;0.6570528545703478;0.9347278613641997;0.025667989920249688;-0.009405819093808531;0.012837729114107788;0.820341169834137;0.001787570700980723;0.0158203125
2349;2.8340672807130276;1.0;0.58910838436576;0.7992967639449723;0.04262064104413839;-0.0004609750118106604;0.01647572023794055;0.8487710654735565;0.0013610534486360848;0.010546875
2350;4.050826560740938;1.0;0.49278120658880165;0.722227421361987;0.0259290048331055;-0.010555388825014233;0.021968800714239477;0.810405045747757;0.0004236791399307549;0.0015625
2351;3.9691567030197104;1.0;0.5164365298104052;0.7347204116872474;0.028697267418018133;-0.0030376465525478124;0.018928957032039763;0.832604455947876;0.001040206290781498;0.010546875
2352;-0.9031767393023536;0.0;0.0;0.0;0.013055986182106192;-0.00047005973756313323;0.016679608169943093;0.8030105799436569;0.0015603631734848022;0.0138671875
2353;-0.8025732380391735;0.0;0.0;0.0;0.0;-0.007905713515356183;0.01039038272574544;0.8280090928077698;0.0009044592967256904;0.0052734375
2354;4.230273761234618;1.0;0.6238008721627337;0.8802123812645813;0.025046826009873346;3.0631152912974355e-05;0.012263830658048392;0.8515577614307404;0.0014777903095819056;0.0142578125
2355;4.098928818387135;1.0;0.6297355300744;0.8658590035316052;0.03455563048838305;0.0009076110552996397;0.010568706272169947;0.8012146085500718;0.0008672082680277526;0.004296875
2356;4.480344193568946;1.0;0.7110946292265995;1.0524152036402232;0.005917297499080803;-0.0072961091995239254;0.0124418456107378;0.8392069935798645;0.0011927064158953726;0.0072265625
2357;4.135578935588482;1.0;0.6710858909282555;0.9711670288387948;0.032957501125001704;-0.011209896486252546;0.007166622905060649;0.8440062403678894;0.0008550320751965045;0.0044921875
2358;4.203588289422676;1.0;0.7643042793877828;1.0803013679386615;0.03974192651923336;-0.0010793419554829598;0.01477326536551118;0.7942626804113389;0.0010603210073895752;0.007421875
2359;4.20790719550525;1.0;0.4458937468549911;0.6215513280919662;0.01756102910339598;-0.007353633735328912;0.024046307522803546;0.8311313629150391;0.0016726613743230701;0.0185546875
2360;3.9885426992056088;1.0;0.5183627255083385;0.7125737974031943;0.03198887077781608;-0.008138297963887453;0.03157086726278067;0.8129196852445603;0.0005626904545351863;0.003515625
2361;4.116931753967459;1.0;0.6011430326467612;0.8712091385392369;0.037153222717034064;-0.005136473756283522;0.012230171565897762;0.8055910885334014;0.0013587659574113785;0.012109375
2362;3.952738019771635;1.0;0.47537969411422143;0.6852716642636222;0.029965087494071282;-0.0018996684346348047;0.01056028448510915;0.8329267472028732;0.001716442033648491;0.0166015625
2363;4.1610924489923065;1.0;0.5414174450360032;0.7419369008514954;0.020947703587482693;-0.0051503695081919435;0.026267248019576073;0.783304825425148;0.00229238448664546;0.0220703125
2364;4.012791337642949;1.0;0.6222710637588623;0.8858843268293585;0.03968465696803932;-0.008189195767045021;0.018457029154524206;0.8120651751756668;0.0014603706542402506;0.01171875
2365;3.755425536787808;1.0;0.7015110938548216;1.0125191524240233;0.040760707690717504;-0.007595397019758821;0.02017908953130245;0.7983408510684967;0.0020589945605024697;0.0208984375
2366;3.990968510319064;1.0;0.6101733518905642;0.8286870620669369;0.030711553869734374;0.0022751103155314923;0.020916401641443372;0.8086952269077301;0.0006274341489188373;0.0021484375
2367;-1.111830565104956;0.0;0.0;0.0;0.020268066327535306;-0.0009299447294324637;0.01000872515141964;0.8340725809335708;0.0008028822951018811;0.0033203125
2368;-1.0146544209102537;0.0;0.0;0.0;0.0;-0.001994096813723445;0.01880544759333134;0.7580293655395508;0.0010245635523460806;0.0078125
2369;-0.8082261630063784;0.0;0.0;0.0;0.0;0.0023485102690756323;0.02364533543586731;0.7932176291942596;0.0012386038084514438;0.0080078125
2370;2.0666780055787592;1.0;0.3332039619900744;0.442902453700107;0.13136634100396685;0.0011514891870319844;0.01890668459236622;0.8429842591285706;0.0009314557770267129;0.002734375
2371;4.030175797621459;1.0;0.36042191116483674;0.5336234729774451;0.023209669274646495;0.003618192998692393;0.04695677030831576;0.8082088828086853;0.0008233673521317542;0.0078125
2372;4.159049820172477;1.0;0.38127884072616763;0.5677391402846427;0.024754392132903227;-0.005164876580238342;0.014096797956153751;0.8279908329248429;0.0009910998051054776;0.0080078125
2373;3.2883384369151387;1.0;0.5909960630213833;0.8151665732897888;0.06125907735373868;-0.0009221573360264302;0.016441272990778088;0.8360234349966049;0.0015598973957821726;0.015234375
2374;4.510447118304248;1.0;0.8149603992610603;1.1843675832858838;0.018150096708365784;-0.0021769302897155286;0.01382712395861745;0.8498277962207794;0.001164872373919934;0.0103515625
2375;3.897472746368501;1.0;0.6295827662470931;0.8625398904135534;0.04695789347138744;-0.00331403196323663;0.043744306266307834;0.8719514846801758;0.0006549254059791565;0.004296875
2376;4.230684714686823;1.0;0.7381186780262198;1.0700743207313985;0.03665648591094297;0.003674236498773098;0.025843338528648018;0.900119948387146;0.0009196667815558612;0.0078125
2377;4.192314714270725;1.0;0.6642145712623316;0.9141205786419253;0.033887703100293945;-0.006966550508514047;0.01126223742030561;0.9284062296152115;0.0006439112941734493;0.0025390625
2378;-0.6911248839573785;0.0;0.0;0.0;0.0;0.006709355348721147;0.03795507056638599;0.834038695693016;0.0006334598292596638;0.0033203125
2379;-0.7335675748134102;0.0;0.0;0.0;0.0012333116273769216;-0.0023650228045880794;0.010250152624212205;0.8268979549407959;0.0007057464681565762;0.003515625
2380;3.663686778615128;1.0;0.18323670843800338;0.25658002902330096;0.0;-0.0031224835896864534;0.01988657033070922;0.8636540979146957;0.0015656775562092663;0.0140625
2381;0.4178760454992152;1.0;0.3826401764861896;0.4830021495356205;0.027790240313886706;-0.004192210081964731;0.027406868617981674;0.9166032135486603;0.0008246271521784365;0.0046875
2382;3.7813305591922535;1.0;0.26888974800441995;0.3899310013917022;0.018952230118552876;-0.006073857098817826;0.018735569762066008;0.9067488074302673;0.000516859523486346;0.001171875
2383;4.173260948552022;1.0;0.6127990022600627;0.8607173587950159;0.03738595204545265;-0.0020010096020996572;0.015463676047511398;0.9231509566307068;0.0012450906564481557;0.005859375
2384;4.376970576026225;1.0;0.7785662446364713;1.120645124871883;0.030676188338365336;0.00045398538932204244;0.01956660030409694;0.8251027166843414;0.0015913062030449509;0.0177734375
2385;-4.8720903550545875;0.0;0.0;0.0;0.040578077140920606;-0.009740238729864358;0.006878748326562345;0.8562927544116974;0.000929904798977077;0.0037109375
2386;2.348047996290254;1.0;0.16051710016959536;0.21963608226348103;0.014382963321975046;-0.002387565770186484;0.01557400794699788;0.8637450128793717;0.0008547311415895819;0.0044921875
2387;4.487342206018663;1.0;0.7826190152222353;1.1243502794639244;0.017097681914668206;0.00576795432716608;0.020827923202887177;0.8001675188541413;0.0007602166617289186;0.001953125
2388;-1.8323105885059605;1.0;0.3495872433537108;0.46498963714332225;0.0021347084653928366;-0.008432601159438492;0.015499714715406298;0.9037831425666809;0.0013981913682073355;0.0119140625
2389;4.5100712394211;1.0;0.8028934128257561;1.1534960194201762;0.027615672277008535;-0.007427248265594244;0.014887306885793806;0.8267862617969512;0.0010293208295479416;0.0048828125
2390;3.825093797126573;1.0;0.5744184600199337;0.7772244945608257;0.05561396659826639;-0.004108190210536123;0.014230402559041977;0.8216277778148651;0.0011010457878001035;0.006640625
2391;3.1955619948461025;1.0;0.5626991194399052;0.7562798228126536;0.0668017395243684;-5.9633329510688784e-05;0.009847694146446883;0.827532222867012;0.0014656145358458161;0.00859375
2392;3.567765175905895;1.0;0.20329925663688853;0.2764330352350377;0.016250582474190516;-0.0017533412203192711;0.02614150969311595;0.8890270888805389;0.0012240879819728433;0.007421875
2393;3.535544729997075;1.0;0.2989602902126349;0.4097892127863294;0.02623582139975767;-0.0019022195599973201;0.008117081853561104;0.7810495525598526;0.0009259980288334191;0.0064453125
2394;3.047937942999557;1.0;0.5762556666280501;0.7836336555434503;0.04424338933721644;-0.008314236300066113;0.009426272101700306;0.8093188285827637;0.001223217649385333;0.0125
2395;4.219771518041016;1.0;0.7463469184623173;1.0494060196971313;0.06290943858243453;-0.0029054454993456603;0.009137895121239126;0.8010469764471054;0.0019750362494960426;0.024609375
2396;4.074965772671925;1.0;0.31012050775818256;0.45207175547397027;0.047458027425364264;-0.005221625580452383;0.010572899854741991;0.7789084762334824;0.002925519843120128;0.035546875
2397;4.1778057022895965;1.0;0.49005103926436017;0.6354584213723691;0.02332778029880091;-0.0006578776054084301;0.016823016991838812;0.8198415219783783;0.0012976364349015057;0.006640625
2398;3.637695663460013;1.0;0.5947426467828196;0.7973817476453344;0.05950364439754303;-0.00712396134622395;0.01131350223440677;0.8025937646627426;0.0017181302537210286;0.0193359375
2399;4.007972000001688;1.0;0.47681274701208853;0.638120527936456;0.04983095418047393;-0.011200228845700622;0.012783248024061323;0.8273990988731384;0.001363210508134216;0.011328125
2400;4.242893016337733;1.0;0.6687498482801175;0.9650569724575327;0.06593020816256685;0.0015923406928777695;0.008534399676136672;0.7727176040410996;0.0012905812356621027;0.0068359375
2401;4.432819197711035;1.0;0.7978205513682934;1.198779709698694;0.02977364149452119;-0.002260567806661129;0.004309364676009864;0.8482641130685806;0.001065080240368843;0.005859375
2402;4.447858485294983;1.0;0.6750629540219483;0.9537753689193786;0.018756605814758062;-0.004426475381478667;0.014001197880133986;0.8044370949268341;0.000991916237398982;0.005078125
2403;4.111037024208287;1.0;0.6003080007007137;0.8012055534981132;0.05253610778353924;-0.0070593309123069044;0.009300640388391911;0.8323014438152313;0.0011096157948486507;0.008203125
2404;4.120036111497059;1.0;0.4573771059388837;0.6457934920388504;0.02166061568711577;-0.0011038616066798568;0.013898643013089896;0.843598735332489;0.0010670151910744607;0.0052734375
2405;4.2161129381110625;1.0;0.7439970807109508;1.0562338056911431;0.04215306542783748;-0.002740550506860018;0.014935963042080402;0.798260074853897;0.0012446296401321887;0.0095703125
2406;4.0158470065541145;1.0;0.577081324912478;0.7845071632921671;0.05610860326255147;-0.0013766887597739697;0.005312873772345484;0.8061236441135406;0.0029343843343667686;0.028515625
2407;4.231216666932324;1.0;0.5584718996287285;0.7424604011835299;0.042266488233686055;-0.00980807663872838;0.008119232789613306;0.7265132009983063;0.004025918594561517;0.0439453125
2408;3.9542453961132846;1.0;0.5324363452843813;0.6994858340418799;0.04332084808590976;0.004279678966850042;0.009963540034368635;0.7941055089235306;0.0010368624469265341;0.0068359375
2409;4.418432148400852;1.0;0.630269572105224;0.8477846907212985;0.017833697511546787;-0.004385226359590888;0.02829622318968177;0.8849968940019608;0.0012003548326902092;0.0091796875
2410;4.214756456203482;1.0;0.5856665723825345;0.8358559566084958;0.0952896095393402;-0.0034848390147089957;0.015974180633202197;0.8233474731445313;0.0010716896620579063;0.0068359375
2411;3.9900279775875855;1.0;0.6029673534564366;0.7339218353863165;0.05622743091480441;-0.007083793962374329;0.008789412886835634;0.8167463064193725;0.001468160527292639;0.0099609375
2412;4.015172961939976;1.0;0.6435897667830697;0.8691135794515044;0.06804688676927886;-0.002394573681522161;0.009030788578093052;0.8079111605882645;0.002857496030628681;0.030859375
2413;4.215933740735535;1.0;0.6148293537169436;0.8491676074028307;0.0362609783053088;-0.006818107143044472;0.01913951844908297;0.8738360136747361;0.0011699777212925255;0.0107421875
2414;3.9905219745553415;1.0;0.5870456618074393;0.7794453188325258;0.040828820936914055;-0.0013931543799117208;0.011738715041428805;0.8714590460062027;0.0017699901363812387;0.0140625
2415;4.460658368939918;1.0;0.7635856225227587;1.1068755961248617;0.020169561790211614;-0.004267515428364277;0.0106275440659374;0.7560639441013336;0.0013422677991911768;0.0080078125
2416;2.244467999579026;1.0;0.5620934914174571;0.739336325462774;0.23574676201142894;0.00010863817296922207;0.011583029245957732;0.7849265068769455;0.000623765296768397;0.005078125
2417;4.252002805605567;1.0;0.6511859579587671;0.8164871895917011;0.029502972688419827;-0.004338469915091991;0.018456781934946775;0.8657502323389054;0.0014945186558179557;0.0119140625
2418;4.101823692347989;1.0;0.6278576509067009;0.8738302970531086;0.06459321324316708;-0.0019780139904469253;0.016639674082398415;0.866179034113884;0.0010088017792440952;0.0080078125
2419;4.29936176545677;1.0;0.6926068684240078;0.9761765171503894;0.03828945761550735;0.007548771798610687;0.010671274922788142;0.884782487154007;0.0005829246714711189;0.0037109375
2420;4.349152309883186;1.0;0.7427183211614569;1.016740292138072;0.04393495903712287;-0.003923344262875617;0.009427629481069743;0.8333566695451736;0.0010760065866634249;0.0078125
2421;4.005332960191884;1.0;0.5369363420210304;0.7147183610257926;0.033125098222137966;-0.0003001470118761063;0.01686803326010704;0.7929721087217331;0.00153727576835081;0.0197265625
2422;3.9448468497709355;1.0;0.3633873079298804;0.5539286676516739;0.03143125759700733;-0.004207608010619879;0.008665516739711165;0.8731878370046615;0.0015056982054375112;0.016796875
2423;4.266517319646337;1.0;0.7690874168713129;1.087565587840423;0.045002106654474267;-0.0038253070320934056;0.009900805819779635;0.8261717230081558;0.001552292052656412;0.010546875
2424;4.080168540139399;1.0;0.3020446796980685;0.4388743609481503;0.017888214156268997;-0.003654173784889281;0.0047643408877775075;0.8103261351585388;0.00178953786380589;0.015625
2425;4.328334314549316;1.0;0.7489135677424377;1.092226545942366;0.035901427216957445;-0.00749984891153872;0.01093266261741519;0.8532555937767029;0.001269895490258932;0.008203125
2426;3.8701347520348954;1.0;0.380049833484344;0.5544660027109638;0.042310634916144584;-0.0035206440836191176;0.007452907785773277;0.876255601644516;0.0007601610501296818;0.0029296875
2427;4.225707937171408;1.0;0.4146317031021076;0.5879914170300664;0.017256581038465647;-0.0009006727952510119;0.009597171493805946;0.782444390654564;0.001942510565277189;0.019921875
2428;3.879429264697536;1.0;0.47355096426460824;0.684436588588903;0.06127436541238709;-0.008433541236445307;0.010294377710670233;0.816833546757698;0.001372265664394945;0.0125
2429;4.066773278756993;1.0;0.48181844795890916;0.6909806042411747;0.03420932057705861;-0.0015791797079145909;0.006535306945443154;0.7834959387779236;0.0014385010465048254;0.013671875
2430;4.342216743022473;1.0;0.6776040189389637;0.9623705161004751;0.037150687333635225;-0.007546468172222376;0.013018308510072529;0.7398976981639862;0.0016599013237282635;0.012890625
2431;4.1179803958537;1.0;0.3678699925951193;0.5239568699281102;0.018603695545307473;-0.0049171126680448655;0.010037867445498705;0.7844552516937255;0.0010850869701243937;0.01015625
2432;4.064847439304338;1.0;0.4633481658861756;0.6693034682940242;0.03840084811435275;-0.004333319887518883;0.004315776808653027;0.7387636542320252;0.0007310750079341233;0.0056640625
2433;4.094760692293834;1.0;0.47389046823283804;0.6754811271653525;0.03547763119867493;0.0003930443432182074;0.0038340857485309244;0.6853734880685807;0.001678080076817423;0.015234375
2434;4.419384852598918;1.0;0.5694537952164115;0.7832409559728405;0.012480334191677961;0.0013905653497204185;0.00503416626015678;0.6549990475177765;0.0009045060724020004;0.009375
2435;3.819716206649707;1.0;0.5621785752125277;0.7719990659068825;0.11548220636890787;-0.004112745984457433;0.0051628524088300765;0.6388603389263153;0.0006912635988555848;0.00390625
2436;4.040896007062836;1.0;0.5117749660019503;0.6782954222543942;0.041065089390473875;0.00353630599565804;0.010196934454143047;0.718842151761055;0.0008837494417093695;0.0044921875
2437;3.4094755145407385;1.0;0.1629954631787663;0.23636622427779452;0.005013032118166323;-0.004809391812887043;0.010205016215331852;0.7657849609851837;0.0008980207843706012;0.0046875
2438;3.8009803105083324;1.0;0.569294584501411;0.8355966897216797;0.11419671003975579;-0.0054226195439696315;0.005342933489009738;0.8240058273077011;0.0008118930854834616;0.0029296875
2439;4.239392153455288;1.0;0.6246835106864828;0.9416509622961523;0.04204728894986829;-0.004221606999635696;0.004277659836225212;0.6525014638900757;0.0016706315684132278;0.0162109375
2440;4.134572064238501;1.0;0.4027958776071651;0.5580195431454259;0.02268184419402355;-0.007667479990050197;0.005238465988077224;0.643867114186287;0.0010340483277104795;0.0076171875
2441;3.989992572297824;1.0;0.5313045763493669;0.7701155436358966;0.04716691043576842;-0.01027098991908133;0.008324126922525465;0.7383590966463089;0.002325197006575763;0.029296875
2442;4.109938979120467;1.0;0.6520401720378605;0.934724809593519;0.0907239401546821;-0.009106388967484235;0.013791806250810622;0.7708401471376419;0.0012732431292533874;0.008984375
2443;4.191864359246076;1.0;0.526722200765993;0.6969726235496488;0.036215103515471685;-0.008587882993742824;0.012324364809319376;0.801945972442627;0.0014020136906765402;0.00859375
2444;4.0545725093522424;1.0;0.7150355662295764;1.074860018011971;0.06105986752527712;4.7272350639104846e-05;0.013585780840367078;0.7708814650774002;0.0005611309199593962;0.0017578125
2445;3.8985504925416246;1.0;0.46090448734744877;0.6621047392676691;0.0209159441416892;-0.012966501759365201;0.014549193764105439;0.7173824280500412;0.0016550743719562888;0.0203125
2446;4.0689120387243705;1.0;0.43347351331690387;0.5981972714112774;0.0237497237324292;-0.00903016331139952;0.009391347737982869;0.6934888005256653;0.001957023225259036;0.021875
2447;4.219924090382147;1.0;0.6247621794061493;0.8683222693803268;0.020246833597340832;-0.011962603963911533;0.01350540267303586;0.7418280333280564;0.0020049298065714536;0.02109375
2448;3.239863275432755;1.0;0.6299197950701525;0.8760508857983843;0.08928047728345237;-0.0038160210475325584;0.006076200120151043;0.7496382087469101;0.0008689176058396697;0.0052734375
2449;4.236308467370662;1.0;0.47885967956943876;0.7105858771835949;0.027933471711226662;-0.005737971211783588;0.0074999944772571325;0.7064102709293365;0.001299085875507444;0.010546875
2450;4.2823928054240525;1.0;0.4264175019651851;0.6574527352049063;0.01910484569188206;0.0014813832240179181;0.007415768480859697;0.7545526474714279;0.0007230999763123691;0.005078125
2451;4.306518969040372;1.0;0.7120748456581003;1.0275017909874817;0.023567528565130523;-0.004486923431977629;0.005457215872593224;0.7927211880683899;0.0008158403215929866;0.0021484375
2452;3.680957773728551;1.0;0.40300282580607766;0.5740461920545552;0.004268183265013411;-0.007588300039060414;0.0038409504923038185;0.7650047570466996;0.0015843655914068223;0.0109375
2453;3.891474527460759;1.0;0.42642480455774184;0.5920008063224022;0.040961548822564524;-0.003532947599887848;0.005805804510600865;0.6969584971666336;0.0004313729121349752;0.002734375
2454;-0.5292284689962834;1.0;0.21729934658478772;0.29776053583352463;0.05035494142788207;-0.0036482571624219416;0.00821603003423661;0.814727458357811;0.0008060253225266933;0.0060546875
2455;4.486616487401257;1.0;0.7519406138618181;1.233756152112974;0.034323013460224094;-0.005308661691378802;0.021149083971977234;0.7359406381845475;0.0018957720487378538;0.01953125
2456;4.167445185447563;1.0;0.5904075192615685;0.8525677466603642;0.04109960790681923;0.002570792566984892;0.00971869328059256;0.8324184089899063;0.0007340001524426043;0.003125
2457;4.274751139731028;1.0;0.673550082127131;1.0017536485710465;0.04212207966111331;-0.00435503339394927;0.00520739711355418;0.7541036427021026;0.0029810601030476392;0.044140625
2458;-1.7340091817409808;0.0;0.0;0.0;0.05969796148311874;0.00030131721869111063;0.004797283140942454;0.7553843021392822;0.002979883155785501;0.040625
2459;3.3477532990913286;1.0;0.5621191842140881;0.7196934994401725;0.12932511493100993;-0.008093883120454847;0.007908694981597363;0.7790093511343003;0.0014384633395820856;0.0150390625
2460;4.083852675340976;1.0;0.5693543794366348;0.8192820796194639;0.05664375195543206;0.0027954769320786;0.005669898446649313;0.7620337277650833;0.0005747306509874761;0.0013671875
2461;4.490566788680974;1.0;0.6667766692178267;1.0436903156056507;0.010307427024726297;-0.0016654749866575002;0.006212171399965882;0.7612437456846237;0.0009110865299589932;0.0048828125
2462;4.173628095418532;1.0;0.441923783601777;0.6553191819183749;0.02191863894401795;-0.00027741808444261553;0.007714064233005047;0.7649116575717926;0.0023761134129017592;0.027734375
2463;4.235247550498562;1.0;0.5342327094645145;0.7649792562500886;0.03557719876291944;-0.0035819248645566405;0.004866099695209414;0.7611661046743393;0.0014202045276761055;0.0158203125
2464;4.17310326369349;1.0;0.3405348912132934;0.5113663327182602;0.014550260637744663;-0.005216719396412372;0.005557415634393692;0.776853135228157;0.0011487673735246062;0.0099609375
2465;3.9991952682727367;1.0;0.4059861401403738;0.5719246506215977;0.026697629209446915;-0.006581981480121612;0.0026942726806737484;0.6994132280349732;0.0013127940241247416;0.0115234375
2466;-6.838464070172974;0.0;0.0;0.0;0.05369171590195066;-0.0006793128326535225;0.00814461128320545;0.7279764682054519;0.0006738611264154315;0.00390625
2467;4.076459354873427;1.0;0.492631000781768;0.7020288446213258;0.045573263200555714;-0.006641386938281357;0.0069334717001765965;0.8209452152252197;0.001663425366859883;0.0162109375
2468;-1.44032073177675;0.0;0.0;0.0;0.026416041323287107;-0.005724557582288981;0.007105925958603621;0.8415906101465225;0.0012205902021378279;0.010546875
2469;2.8236191418973857;1.0;0.6157899374864624;0.8334203891078963;0.08629298872700177;0.0003798252437263727;0.004768172290641815;0.7577942579984664;0.0007940674433484674;0.00234375
2470;4.32478276802503;1.0;0.4793667651639252;0.6950322677527704;0.02043238507781461;-0.0015147776110097765;0.004241746210027486;0.7717539757490158;0.0018732838216237724;0.0111328125
2471;4.064092399284872;1.0;0.3121211247610165;0.44256648117978553;0.02272391491750077;-0.006312543526291847;0.005340037192218006;0.7317646265029907;0.001208258722908795;0.0064453125
2472;4.179173601663532;1.0;0.4153422706185224;0.5903027478891943;0.02189929397733298;-0.006380314053967595;0.006197897088713944;0.7463864654302597;0.00183709665434435;0.01875
2473;4.098235810934299;1.0;0.42350792976819107;0.5976574878794498;0.022414073763358217;-0.0070974610047414895;0.004689753521233797;0.7572520911693573;0.0012627573451027274;0.012109375
2474;3.9841238496474403;1.0;0.6297262598856284;0.8720118698202303;0.06819148794760228;0.0027063437271863224;0.007589773298241198;0.7405561089515686;0.002201281243469566;0.0279296875
2475;4.419913467063244;1.0;0.748276728734796;1.1465933901375107;0.044110473096326715;-0.00092561524361372;0.016817696718499066;0.7853440523147583;0.0011304441606625915;0.0083984375
2476;-4.573938179275046;1.0;0.3458539904586291;0.4670441810211772;0.07152745784927092;-0.0026079813949763777;0.009513684269040822;0.7305000275373459;0.001325296680442989;0.0087890625
2477;3.8782860937905856;1.0;0.563369888351935;0.7508295823706785;0.08257240828011864;-0.0059984629973769184;0.007071911147795618;0.750219413638115;0.0010062203975394369;0.0072265625
2478;3.959316674224608;1.0;0.5749650388722786;0.7842558961912385;0.053580056106565695;-0.009764394396916032;0.016399645106866957;0.7563983142375946;0.0016756988712586462;0.0150390625
2479;-0.42947550106190135;0.0;0.0;0.0;0.005305344609188212;-0.0006445647217333317;0.010293998755514622;0.7987642854452133;0.0012583861709572375;0.011328125
2480;3.6277409995448027;1.0;0.603648411266224;0.8076521519449679;0.13208338812488984;-0.005474024242721498;0.013521190267056227;0.7763337433338166;0.0005885827238671481;0.0037109375
2481;2.645705672657005;1.0;0.1856155259909918;0.26180332478881296;0.0443812129922308;-0.010405942099168897;0.007779582985676825;0.7609469652175903;0.0012388601084239782;0.0091796875
2482;3.477453605207924;1.0;0.36738875210281946;0.5421529964026682;0.09803310405017311;0.004685290763154626;0.019441213784739377;0.7853185027837754;0.0010459388722665608;0.0080078125
2483;4.339502858956699;1.0;0.7460961595803651;1.1203042792210054;0.03317859505249601;0.0013699605129659175;0.01894847843796015;0.8307890087366104;0.0020134966121986508;0.021484375
2484;-0.5357112701684672;1.0;0.17773288635069912;0.2442926893960037;0.055504748627925725;-0.005827505560591817;0.017211049096658826;0.8098141729831696;0.0013051666668616236;0.011328125
2485;3.3321588248058838;1.0;0.31755337555443247;0.44650898718751714;0.014473402338998168;-0.011355421599000692;0.008296455768868328;0.7897878587245941;0.0009993024053983391;0.005859375
2486;3.1111069176354476;1.0;0.38508054304337186;0.5701271025272313;0.09904840595124817;-0.0024117080494761465;0.013186175841838121;0.7639903128147125;0.0006543479161337018;0.00390625
2487;3.324633783497172;1.0;0.39049117058161426;0.5595629057566478;0.09120562837930545;-0.011448546638712287;0.010852796118706464;0.9253660202026367;0.0014511670917272568;0.0107421875
2488;1.7557606151432266;1.0;0.37240729385131094;0.4917315785821167;0.13161609364351695;-0.005585672869347036;0.008007354056462645;0.8404017925262451;0.0014820409007370472;0.0123046875
2489;3.2585710256696006;1.0;0.32036767785243914;0.4500456437245937;0.08835791853718136;-0.004641697276383638;0.00930513315834105;0.8184044480323791;0.0018612654646858573;0.0177734375
2490;-0.9271264553657211;0.0;0.0;0.0;0.019525629941178044;-0.010011987737379968;0.012077388656325638;0.8094328343868256;0.0005609969375655055;0.0017578125
2491;-4.5414057214031756;1.0;0.20797661010864665;0.275333446070038;0.0225524139678633;-0.00020044054836034774;0.005599756445735693;0.7703157752752304;0.0009855077136307956;0.0037109375
2492;-5.231774413878683;0.0;0.0;0.0;0.038902649277112684;0.004299422632902861;0.0033675865386612715;0.7805126905441284;0.0007816984783858061;0.00390625
2493;4.225855537444626;1.0;0.51533812080495;0.7746119342071449;0.03305202505258065;-0.004278755537234247;0.006033237453084439;0.7503458648920059;0.0010037990985438227;0.0087890625
2494;-0.37506638479270193;0.0;0.0;0.0;0.012770560343682302;-0.002354743890464306;0.005765876884106546;0.7422899454832077;0.0018663866678252817;0.0220703125
2495;1.2824237216222893;1.0;0.262305578257783;0.363746185189739;0.023514067862456873;-0.004348729178309441;0.010219752578996122;0.7706911504268646;0.001311254850588739;0.010546875
2496;4.189120473631653;1.0;0.36556169777974207;0.4969912727065682;0.017047896626385034;0.0004166041500866413;0.0062371933367103335;0.7809577971696854;0.001095081225503236;0.01015625
2497;3.6962898620333084;1.0;0.2637324774889065;0.38512367625140664;0.007504286529538926;-0.009491013875231148;0.004309200192801654;0.776888507604599;0.0010822795797139407;0.00546875
2498;3.6822878464240025;1.0;0.3332489648548245;0.47890004772185696;0.022079788200293972;-0.00716225327923894;0.005831074248999357;0.7560202002525329;0.0021818561828695236;0.019921875
2499;3.188924539007801;1.0;0.1710545658935171;0.23363025381493133;0.023173346978925067;-0.004864932270720601;0.0064470406854525205;0.8059549301862716;0.0005623761913739145;0.0009765625
2500;3.5681530913527046;1.0;0.3740493179068734;0.5414926770694404;0.06503911362893977;-0.012005716795101762;0.005624937592074275;0.7930430889129638;0.0018106190720573068;0.01796875
2501;3.53462246478884;1.0;0.5298962758443053;0.7145418603497684;0.14517002425736877;-0.002165707666426897;0.004300799372140318;0.8039183527231216;0.001044832041952759;0.0076171875
2502;3.9838723997191448;1.0;0.6681126207648355;0.9481856313048842;0.0815082213837741;-0.004011251928750426;0.007592344889417291;0.7698863118886947;0.001148066227324307;0.0095703125
2503;3.791026758470136;1.0;0.3926320175527329;0.5639416321556797;0.03275150986707742;-0.0020858644973486664;0.005567213892936707;0.8086931884288788;0.0008565791649743915;0.0060546875
2504;-0.10476349645177585;1.0;0.40962574065287666;0.5395425254044428;0.1685316409343962;0.0025753496680408715;0.008320134971290827;0.7741096943616868;0.001801972824614495;0.0103515625
2505;3.6900718226635294;1.0;0.3592876089452851;0.49976487966016736;0.06371594284816161;-0.0012960179476067424;0.008108139282558113;0.7531824678182601;0.0011011893977411092;0.0076171875
2506;3.969491642919441;1.0;0.4952451718123355;0.6480570082908594;0.05762996415182493;-0.005869348160922527;0.006046800967305898;0.7811006903648376;0.0019150218809954821;0.0177734375
2507;2.1530455374429724;1.0;0.2284089285849827;0.28129763206716124;0.06303352357865766;0.0013519650790840387;0.005857310071587562;0.8020407348871231;0.0018709351890720427;0.0123046875
2508;4.274927193074365;1.0;0.46942582049220044;0.6377711611679263;0.02097032830302372;-0.006410103756934404;0.00910302964039147;0.7776120364665985;0.0012948137242347001;0.0083984375
2509;4.402880140509811;1.0;0.6751022022746154;0.9649105936600709;0.024613775512231137;-0.008244189247488976;0.0056025014957413076;0.7702209234237671;0.0019177566166035831;0.0203125
2510;3.5904792068550613;1.0;0.6642875118585566;0.8495951335966531;0.1055258000270607;-0.003563939034938812;0.005573739926330745;0.8193221151828766;0.0011362230405211448;0.0087890625
2511;4.272573122588609;1.0;0.597205925918982;0.7421014818437304;0.030542336769207697;-0.005262699886225164;0.004995326907373965;0.7780459374189377;0.0016410131007432937;0.0154296875
2512;3.3698574229025446;1.0;0.2855925696565243;0.394133269774981;0.0543016920684786;-0.002577541256323457;0.007601968920789659;0.7633953243494034;0.0010183826554566622;0.00625
2513;3.738002264973927;1.0;0.4955316022706633;0.6471705341678032;0.09609348126049032;-0.0028825631132349374;0.0031504671555012465;0.7797048896551132;0.0019483157549984754;0.0166015625
2514;3.714552198721668;1.0;0.3034119654927817;0.38705161040741537;0.03894321970530029;-0.004495535884052515;0.00661876758094877;0.7317328929901123;0.0015055394149385392;0.0150390625
2515;3.816516749099894;1.0;0.5422247153501849;0.6980470531186216;0.0743601962963702;-0.006273075146600604;0.007270333799533546;0.744329085946083;0.0007516491343267262;0.0048828125
2516;3.9364216547396302;1.0;0.6258342227532682;0.892143586779448;0.09397410277447178;-0.002994124707765877;0.00463413477409631;0.7552067279815674;0.0005973578314296901;0.0013671875
2517;4.006217113675089;1.0;0.6289794025071463;0.9113934752559927;0.09633766233208241;-0.001553567184600979;0.004510535637382418;0.7395957887172699;0.0013635794748552144;0.011328125
2518;3.3742330022330096;1.0;0.5624444530667507;0.6853078126014979;0.1557720019614215;-0.003695516474545002;0.003417840367183089;0.7527227431535721;0.0029196017421782017;0.0341796875
2519;4.356093945119858;1.0;0.561168839465555;0.8484655588687824;0.031342851953878315;-0.009493268746882676;0.0062325499719008805;0.7824263393878936;0.0010067417519167066;0.0076171875
2520;4.525709271305512;1.0;0.783432074037735;1.2374118736562247;0.01898578940022835;-0.004193610046058893;0.0054100500652566556;0.8002239286899566;0.0006093584466725588;0.003125
2521;3.913086255607196;1.0;0.6437521853136016;0.8630656915355442;0.11236601972416323;-0.007714358088560402;0.0037399414228275417;0.7484856247901917;0.001721487520262599;0.0150390625
2522;3.9923506632970787;1.0;0.49590030546832203;0.6896515480684178;0.06343404123905236;0.0030442473478615286;0.0037989560631103815;0.7760318487882614;0.0015888745547272265;0.0115234375
2523;4.0641837301837285;1.0;0.5078346524628734;0.7214488649880608;0.055920854259541145;-0.011411930434405804;0.004276363446842879;0.8034818142652511;0.0017278499668464064;0.01875
2524;3.0027949979887825;1.0;0.38096764810437095;0.45424095797544023;0.09264006216414018;-0.0022678062319755553;0.004781331343110651;0.7913053631782532;0.0011292720213532449;0.0064453125
2525;3.120533811351931;1.0;0.20104088274515958;0.275987734100857;0.06141063940681649;-0.009116820897907019;0.013924951083026826;0.7637404561042785;0.0013326810440048575;0.0068359375
2526;4.1204328021069365;1.0;0.5692720969242012;0.8418534717094597;0.042042650538197286;-0.00011036521755158901;0.008422184223309159;0.7706472039222717;0.0010977572994306684;0.005078125
2527;3.9168637660964594;1.0;0.6115310378837128;0.9074362127706235;0.11015817533158032;-0.011178424279205502;0.007405653945170343;0.771285817027092;0.0013420784031040966;0.0109375
2528;2.847195591083709;1.0;0.18472957328716705;0.20211280592134245;0.0329449912201882;-0.005730715114623308;0.0031329399440437554;0.8009788781404495;0.0010027479846030473;0.005859375
2529;4.363408515864789;1.0;0.7235977344171436;1.110090764853007;0.0351135880659982;-0.008129106438718735;0.003865299909375608;0.7992482960224152;0.0017881406005471946;0.015625
2530;3.470692704098826;1.0;0.5256016235517108;0.7148957935017956;0.09188283310321352;-0.006063615554012358;0.025060287583619355;0.8126877844333649;0.0008726830244995653;0.0060546875
2531;4.260742039214287;1.0;0.6899731600189248;1.0130558601118143;0.05050490216340611;-0.006322882976382971;0.016344760544598103;0.797240287065506;0.0023298826883547006;0.02578125
2532;3.8014499001979125;1.0;0.5267167311559808;0.7353704722887472;0.1128757112650454;-0.005170983355492353;0.008081426215358078;0.7127346813678741;0.001302771200425923;0.0064453125
2533;3.874622545806142;1.0;0.5303449936954094;0.7489525828103717;0.07934812866017162;-0.0014790929155424238;0.012356190802529454;0.7716430008411408;0.0015288752038031816;0.0140625
2534;4.4505616336591345;1.0;0.6791203037914478;1.0750942659322968;0.023953125157188518;-0.004778017802163958;0.014534297958016395;0.7416032582521439;0.0013142521493136883;0.0115234375
2535;4.044887219773919;1.0;0.44677818523318413;0.648822075643671;0.06505510234791886;0.0003242478705942631;0.01699782591313124;0.7724615335464478;0.0014447972760535776;0.012109375
2536;3.9232255688128697;1.0;0.6714739271257931;0.9414224044310995;0.07168031940999013;-0.0031361475586891173;0.01364047669339925;0.7460540801286697;0.0008483163197524846;0.0021484375
2537;4.216673946621894;1.0;0.6385773533250346;0.965972679077583;0.06992025670436686;-0.0073294141329824924;0.02298053726553917;0.833367520570755;0.0014918810804374516;0.011328125
2538;4.267407594291816;1.0;0.46928052270367693;0.6623868424437535;0.014751783626194196;-0.0038618015591055156;0.023672605538740753;0.7722059786319733;0.0009267577086575329;0.0072265625
2539;4.0007067958335405;1.0;0.5629230916738582;0.8142080650166822;0.07376844054505968;-0.0012799231801182032;0.020114996051415802;0.791604220867157;0.0014514587819576263;0.014453125
2540;4.034321824747477;1.0;0.40504149111961985;0.583597142644024;0.026282200904913063;0.004418237553909421;0.02398526491597295;0.7688116937875747;0.0008466993109323085;0.0044921875
2541;4.0695180663496995;1.0;0.7232193798519603;1.0964248558498917;0.10242042969171897;-0.005348146660253406;0.01982813267968595;0.775966688990593;0.0014877430046908557;0.01328125
2542;4.090334758485455;1.0;0.6337193986910757;0.9278864540059625;0.04018766358284642;-0.010650191083550453;0.01876800968311727;0.7510317593812943;0.0010639538639225065;0.0103515625
2543;3.584782989562312;1.0;0.5909391093448941;0.8158488067980315;0.03937094972080704;-0.00021722521632909774;0.022132075438275934;0.7935505956411362;0.0017646674183197319;0.013671875
2544;3.868071266384523;1.0;0.45628654834352966;0.6088253468780723;0.047857994361229894;-0.005133681325241923;0.031779071874916555;0.854278290271759;0.001617832516785711;0.018359375
2545;4.137855361851794;1.0;0.6663801800995292;0.9581276096392204;0.045832704564295314;0.0017197009408846497;0.018590074963867664;0.8092000365257264;0.001361630263272673;0.010546875
2546;4.057697466678487;1.0;0.5994581275139765;0.842147005676837;0.035363488889488134;-0.00940877739340067;0.014604249503463507;0.791985484957695;0.001407387910876423;0.0150390625
2547;3.6185307772762494;1.0;0.2765790862755143;0.3629338894672582;0.03114672662142115;0.0018009339924901723;0.03590351371094584;0.7788328468799591;0.0008685378241352737;0.0072265625
2548;3.593043990579978;1.0;0.6094148285718529;0.847251803100426;0.14093209876048068;-0.0006339246407151222;0.017193718766793608;0.7630005478858948;0.0007235834957100451;0.0033203125
2549;4.137977153369903;1.0;0.5919163743391167;0.8481293997729223;0.048213356189426654;-0.0033018745481967924;0.01776505084708333;0.7719034910202026;0.0009043782600201666;0.0083984375
2550;4.192291396277977;1.0;0.4659152791763982;0.7050703824302398;0.030928306391782005;-0.0015973797533661127;0.009554229187779128;0.814657661318779;0.0011653856257908047;0.00625
2551;4.3760489707746535;1.0;0.7182793352772409;1.1924332633559613;0.04884291908058876;-0.0019222094910219313;0.00864036069251597;0.7521958827972413;0.0012715006596408784;0.0068359375
2552;4.4927310095696695;1.0;0.7450251375653654;1.2195865201792897;0.025929964008852054;-0.003557306784205139;0.007469091634266079;0.7701875984668731;0.0009225691086612642;0.0076171875
2553;4.452884813643231;1.0;0.5862288054753793;0.9024808263912085;0.016184448684350365;0.004972098767757416;0.004898539872374386;0.7487060099840164;0.0017443923861719668;0.019921875
2554;3.97744285158526;1.0;0.5543371618184086;0.8025066965984741;0.04169308784316828;-0.005141847440972925;0.00855935534927994;0.7952647805213928;0.0016062174807302653;0.0142578125
2555;3.8836062256677453;1.0;0.578113299413972;0.8325958062188106;0.08288181689194701;-0.001367926551029086;0.04077663477510214;0.8157365173101425;0.0018828404019586742;0.0234375
2556;3.8974211471486497;1.0;0.64163923124853;0.9306939150417375;0.06565183943321147;-0.004633854283019901;0.010161696677096188;0.7457914590835572;0.000673797691706568;0.0044921875
2557;4.327174866468309;1.0;0.6165747474006705;0.9625895144401931;0.04420129699651496;-0.001203961344435811;0.022442035377025604;0.7508678615093232;0.0015153353568166494;0.0138671875
2558;4.356268905422334;1.0;0.5358665619818503;0.8078292304513855;0.019547448371747933;-0.007241273252293468;0.01586027522571385;0.7948267966508865;0.001552701450418681;0.0146484375
2559;4.394315337506338;1.0;0.7449266952310888;1.2380537177583737;0.043615302273363576;-0.0010846282821148634;0.01779231084510684;0.8184759229421615;0.0012960550026036798;0.01171875
2560;3.99465775093142;1.0;0.5053760965268659;0.7085104701235261;0.050024648119707235;-0.006186622940003872;0.007907315064221621;0.8049308270215988;0.001324198883958161;0.00625
2561;3.8135326522246347;1.0;0.5672928851834191;0.8267072300703658;0.06595895383138455;0.0006492665037512779;0.002913775423076004;0.7242796331644058;0.0019884326262399553;0.018359375
2562;4.15713157232447;1.0;0.39988286978660564;0.6014843333927193;0.025797025621238538;-0.0045082995668053625;0.007781842665281147;0.6620090991258621;0.0016223712475039065;0.0169921875
2563;4.344777146254619;1.0;0.7252784317777686;1.1101667494373804;0.04405052976184393;-0.005923077370971442;0.007943113427609205;0.675645324587822;0.0007193108554929495;0.004296875
2564;4.307928195951202;1.0;0.6308604817298233;0.9131304678543284;0.0313119065792096;-0.0048696744255721566;0.020118930842727423;0.6766293078660965;0.0019533379934728147;0.0248046875
2565;3.900392125623859;1.0;0.5826769818715797;0.8577404673183796;0.06275813738204095;-0.005575078120455146;0.00897042842116207;0.725524154305458;0.0009722484974190593;0.0091796875
2566;3.805126524331837;1.0;0.2945188352903718;0.34113842480273654;0.037524036906795476;-0.001143782865256071;0.01153223286382854;0.6684733331203461;0.0005605928134173154;0.0025390625
2567;3.977700276150949;1.0;0.5999524138095624;0.8702939275427364;0.02171685817587352;0.005917873699218035;0.006101329228840768;0.7224176347255706;0.001192654692567885;0.014453125
2568;3.9805487892672504;1.0;0.3362289707680014;0.4847683403752167;0.018323639125070363;-0.0021802522940561177;0.007570134103298187;0.7028188049793244;0.0019087493186816574;0.018359375
2569;3.997810390463392;1.0;0.5134526236666141;0.7754597196321029;0.050669722159761225;-0.008495780546218157;0.007808940892573446;0.7346322149038315;0.0010792526765726507;0.006640625
2570;3.952565491963903;1.0;0.35827764991659533;0.5522411394092133;0.025216258973532638;-0.00881617832928896;0.01015802992042154;0.7187208145856857;0.0009307950502261519;0.0060546875
2571;3.9268541491000404;1.0;0.548814539808589;0.8339263980504708;0.013169718002715547;-0.00015423211734741927;0.003454059548676014;0.7280371278524399;0.0022058685892261563;0.021484375
2572;3.9123243841260105;1.0;0.3512314130993728;0.5277609007701172;0.01861378708695559;0.0011613189708441496;0.008565030083991588;0.7043751388788223;0.0013836420606821776;0.0134765625
2573;3.623768447352293;1.0;0.5328956509173289;0.7681672077941764;0.038788476073102075;0.002755566965788603;0.00731042199768126;0.7317503571510315;0.0007985726580955089;0.0044921875
2574;4.208648445359771;1.0;0.5947423607890485;0.9364208424536077;0.04239749748868015;-0.004964731447398662;0.007998498296365142;0.7049050122499466;0.0010210580192506313;0.011328125
2575;3.471542329850219;1.0;0.46047730357102357;0.674072512053052;0.07106825396173369;-0.01588695836253464;0.010831045638769864;0.7446014106273651;0.001207056560087949;0.00703125
2576;-1.459779281088216;0.0;0.0;0.0;0.0415688690243093;-0.008126287441700696;0.00581126845208928;0.7053057819604873;0.0008686646935530007;0.00546875
2577;4.3775261687807765;1.0;0.5960634917471058;0.9220875749459643;0.023035405912063885;0.007057032641023397;0.014387096790596843;0.7633764117956161;0.0004242920782417059;0.0001953125
2578;4.046940249158223;1.0;0.5455025036152829;0.833023114271775;0.04079406098214085;-0.010632380284368992;0.013077219342812895;0.7610754817724228;0.000521126005332917;0.002734375
2579;4.220213331060236;1.0;0.5517391701934401;0.8151372662631812;0.03776566793924991;-0.006584883388131857;0.007989868079312146;0.7184712171554566;0.0012158472673036158;0.0099609375
2580;4.393681077209844;1.0;0.6770912278692602;1.095436061385548;0.04098813247262573;0.0038062821142375467;0.012331405282020569;0.706995764374733;0.0011491883429698645;0.0095703125
2581;4.383855185211614;1.0;0.6271955577167445;1.0030704595683855;0.02191209727708562;-0.0017209104262292385;0.013280598865821957;0.7290338307619095;0.0008815818000584841;0.0048828125
2582;4.00703155795171;1.0;0.6066032519991332;0.9432055235699701;0.06985558261533717;-0.00331385494209826;0.012259082682430745;0.7422064214944839;0.000643592025153339;0.0048828125
2583;4.039928606225578;1.0;0.6360524623196867;0.9931151289559065;0.0689201950210887;-0.0018668658565729856;0.012560333358123899;0.7561445593833923;0.001200579130090773;0.007421875
2584;2.310886484162831;1.0;0.23991894119229584;0.284800877857105;0.1087375896083223;-0.0016558406874537467;0.009657947230152786;0.7032694578170776;0.001418544736225158;0.015234375
2585;4.298974077682885;1.0;0.556458028131921;0.8572015980383548;0.031163891202199694;0.0006063268752768636;0.007893080613575876;0.7061005771160126;0.0010267669102177023;0.00625
2586;4.153558829351794;1.0;0.5884367119876128;0.938721468649435;0.044041696021239085;-0.0045972548890858885;0.015479390881955624;0.749762949347496;0.000984836823772639;0.0072265625
2587;-0.8003260110854179;0.0;0.0;0.0;0.0;-0.008976601005997509;0.00768075839150697;0.75922412276268;0.0010962588363327085;0.01171875
2588;4.0728579246896555;1.0;0.37797205366276776;0.5635784898721837;0.025284631527204542;-0.01294490173459053;0.0036639115074649452;0.6971406996250152;0.003826121345628053;0.0578125
2589;4.1983432848831175;1.0;0.6950928698018264;1.1021593725231562;0.0525312277600144;0.0011520832544192673;0.018517247540876268;0.7237161159515381;0.0009976412169635297;0.005078125
2590;4.087093729396816;1.0;0.5413222000152488;0.8377760348585225;0.05525449817749603;-0.007501627039164305;0.015958890737965702;0.7431382268667222;0.001908963976893574;0.01875
2591;4.175622143074638;1.0;0.3000504371061753;0.44337319335902137;0.011568543885937504;0.0037676362087950112;0.01972770821303129;0.7343480437994003;0.0006730063701979816;0.0044921875
2592;-8.120565713280497;0.0;0.0;0.0;0.015164334426402713;0.0011775727383792401;0.018525721179321407;0.7590150028467179;0.0010837982525117695;0.0087890625
2593;1.7749127908245095;1.0;0.18393564309688026;0.2777047470658498;0.003421323491773435;0.003186103794723749;0.014869384514167906;0.7746896058320999;0.0012311253463849424;0.0107421875
2594;-1.3885779533538045;1.0;0.16077948822047572;0.24036860220212394;0.006900020429083223;-0.00572822280228138;0.018496508616954087;0.763627228140831;0.0008063137182034552;0.001953125
2595;3.698638660630457;1.0;0.2781359455373567;0.4097372274645478;0.03425119767933008;-0.0042756999842822555;0.008218745840713382;0.7801679641008377;0.0016941286041401327;0.015625
2596;3.3367182842387364;1.0;0.30074509352177903;0.43596422511596;0.046473373710984256;-0.00011878553777933121;0.016657971846871077;0.7658824652433396;0.0010736476047895848;0.0083984375
2597;3.8922786386931225;1.0;0.5027471892039714;0.7219399942884248;0.04864511881702078;-0.006332650035619736;0.021630527311936022;0.7781653523445129;0.001783687644638121;0.0158203125
2598;3.812186683053741;1.0;0.6433802211151685;0.96831133977463;0.10580884248878973;-0.013304971158504486;0.02015020758844912;0.7937943547964096;0.001029283576644957;0.0080078125
2599;3.674263322004215;1.0;0.310899345258607;0.453044581108472;0.04751030833479623;-0.004741440666839481;0.015333942463621497;0.7502877146005631;0.0010728441993705928;0.0087890625
2600;3.8521302342271246;1.0;0.5035537196159844;0.7445070431615295;0.08548043061755105;-0.0038115398958325384;0.029067699052393436;0.7823624402284622;0.0007085251971147954;0.0021484375
2601;3.9276804935918896;1.0;0.611112444259201;0.9460119135085059;0.11849619788405415;0.001923551200889051;0.018107263138517737;0.748931610584259;0.0010856287321075798;0.006640625
2602;1.8776878308423581;1.0;0.172472845860094;0.2511338455186288;0.06374581666561209;-0.003823596937581897;0.016869345027953387;0.7512927711009979;0.002189974975772202;0.0212890625
2603;0.08416110338612004;1.0;0.20177298393127865;0.29079554466741897;0.08717188471623583;-0.005525448068510741;0.029187348764389755;0.7706057518720627;0.0012013054685667158;0.009375
2604;2.7063274773437467;1.0;0.39676947035952487;0.580395810187946;0.09625890001147681;-0.008392230607569218;0.02249006857164204;0.7280136168003082;0.0007370152627117932;0.0072265625
2605;4.01660248469828;1.0;0.3971328640419621;0.5187078645740845;0.05858528038892374;-0.0030306326458230614;0.03211338697001338;0.7416959851980209;0.0008181079756468534;0.0048828125
2606;3.4531854265242004;1.0;0.2059510280745407;0.2889780551911607;0.018536898752160365;-0.008384859887883067;0.028562138322740793;0.744038262963295;0.0009493304765783251;0.0064453125
2607;3.4446891320521376;1.0;0.3735852998822429;0.5290348062255673;0.09707356093403996;-0.006515600718557835;0.023084772238507866;0.7116742044687271;0.0010563121526502074;0.01015625
2608;3.646839076132835;1.0;0.3831600889987424;0.5396888597880786;0.04997005421464564;-0.006981042912229896;0.02428035894408822;0.7276417195796967;0.0006226233905181289;0.002734375
2609;2.8283912110460676;1.0;0.17893810747784758;0.25342480743858437;0.03591043310465279;-0.008980577252805233;0.021335761714726686;0.720377990603447;0.0004749639192596078;0.0013671875
2610;1.6028701361920674;1.0;0.37956141756193024;0.4951509903400393;0.1918538684221331;-0.004522443469613791;0.023362173791974784;0.7437175750732422;0.0013470365083776414;0.010546875
2611;2.5661826672201298;1.0;0.3895901535402951;0.5205958369516712;0.2961051058237444;0.003226718306541443;0.026504878187552094;0.7237174391746521;0.0007167378324083983;0.0064453125
2612;3.787318885542932;1.0;0.32511332339571464;0.4771066460324796;0.03393615579741236;-0.00043233693577349186;0.031903195567429064;0.6842128187417984;0.0005420893663540483;0.003125
2613;-5.0706492243322305;1.0;0.2080096380204723;0.2827903262103893;0.14727359137285792;-0.0021522754803299906;0.03198094069957733;0.6399478763341904;0.0004287632298655808;0.0029296875
2614;2.658004745236326;1.0;0.31932468299871336;0.4195206468468521;0.13324312190790866;-0.004428568296134472;0.010507997591048479;0.7004977315664291;0.0004922349122352898;0.001953125
2615;4.049860780636591;1.0;0.47972102179810966;0.6473005425700709;0.08676746217070591;-0.006783523317426443;0.028133961372077465;0.7566019028425217;0.0005503471707925201;0.0015625
2616;4.390849898619037;1.0;0.532444950282899;0.7897757918735067;0.02097101367566607;-0.0031931687146425245;0.009601826244033874;0.7753178507089615;0.0016918477951548994;0.01875
2617;2.005320887581429;1.0;0.3637673053863167;0.4978279683036372;0.08060864594806233;-0.005517525505274535;0.02590103796683252;0.7531991690397263;0.0016158164711669088;0.0142578125
2618;3.2250495044630427;1.0;0.2806131603582649;0.3694850411032393;0.04536531483544031;-0.002943715453147888;0.01897507249377668;0.7824444651603699;0.0010058442247100174;0.0064453125
2619;4.096436459916834;1.0;0.46150071098320716;0.6027634098793386;0.04150730005096056;-0.004174341773614287;0.014553889026865363;0.7394313454627991;0.0014222319354303182;0.0146484375
2620;4.156270002495283;1.0;0.5580210583918875;0.7974564878322283;0.05341404555509046;-0.002943480806425214;0.024189999466761945;0.7287322074174881;0.0005954452091827989;0.0013671875
2621;4.375026732043204;1.0;0.5804559972507888;0.8122982506113754;0.024800224427020276;-0.003977758483961225;0.020282306428998708;0.70305894613266;0.001386636565439403;0.01484375
2622;3.3582433753202117;1.0;0.29843763887428293;0.41453424132788536;0.10165661455744146;-0.008460507169365883;0.025203669210895896;0.781124472618103;0.0009322750265710056;0.0060546875
2623;4.010440217244911;1.0;0.5790435413240897;0.8519951345596628;0.10235401349349706;-0.007450195914134383;0.03638051608577371;0.737084087729454;0.0014866342535242438;0.014453125
2624;4.502265592077823;1.0;0.6644554923279283;1.0878600833654366;0.024320552448866287;0.0023688586428761483;0.03385230954736471;0.6992859691381454;0.0005061133415438235;0.003515625
2625;3.761046500069461;1.0;0.5165247121994482;0.7363079684103337;0.1175951230451638;-0.00795641033910215;0.03196921031922102;0.7632149964570999;0.0004474731744267046;0.0041015625
2626;4.314491504612082;1.0;0.6654858211106861;0.9693676364682189;0.03579420924913698;-0.011313187004998327;0.009564778581261636;0.7764349043369293;0.000658538844436407;0.0064453125
2627;3.999054311270189;1.0;0.7295344827361623;1.0983432643236113;0.09201749655135312;-0.0021430901484563946;0.018871633522212505;0.7654887735843658;0.0006914136931300164;0.0046875
2628;4.377350680194453;1.0;0.6803777342346056;1.092913580762795;0.06751637697393185;-0.004431131388992071;0.016626499639824033;0.8044696807861328;0.001329887961037457;0.0134765625
2629;3.513177844658352;1.0;0.5797752797183506;0.7883456229916268;0.15339393403089366;-0.0013060673139989377;0.039958887919783595;0.7682203382253647;0.0008842123672366143;0.007421875
2630;4.385469217796673;1.0;0.606104172480314;0.8767545226516019;0.029097739893092466;0.005479908548295498;0.021355803217738868;0.7309935569763184;0.0008427060092799366;0.0037109375
2631;3.620221881050579;1.0;0.5596809046259213;0.721256795005261;0.133462879171062;-0.003090997226536274;0.02471793470904231;0.7321962863206863;0.001190871768631041;0.008984375
2632;4.037683779600021;1.0;0.43191737190659596;0.5751344809088271;0.04274252545768716;-0.01034423839300871;0.024686284828931093;0.792813417315483;0.0023623245651833713;0.02890625
2633;4.320771084858199;1.0;0.5558635054143037;0.773578176167056;0.023137860171204973;-0.0065897884080186485;0.030290616070851685;0.7703145712614059;0.0013805127702653408;0.0103515625
2634;3.4628557042703094;1.0;0.5251861315433294;0.7042776691525048;0.01428571300021289;-0.003986793011426926;0.006373319262638688;0.7261788785457611;0.000892595446202904;0.0076171875
2635;4.379496742571795;1.0;0.641626012812615;0.9553406442947209;0.028931719799223897;-0.009717806987464429;0.02276132246479392;0.758065041899681;0.002838113671168685;0.0302734375
2636;4.297741212327036;1.0;0.6335044153841007;0.9434727463399701;0.0350347603421776;0.003179653827100992;0.010433436324819922;0.7265055298805236;0.0006524075055494904;0.0025390625
2637;4.242583578677042;1.0;0.5021671040565671;0.6998563442722867;0.026424071842233558;-0.008163217920809984;0.014641614211723209;0.7800386518239975;0.0012873693485744298;0.009765625
2638;4.215788818468892;1.0;0.5726247075078563;0.787114717355625;0.03268025599155991;0.004703056847210974;0.018215458514168857;0.7902140766382217;0.000892897101584822;0.0048828125
2639;3.925416281187174;1.0;0.5303014348593719;0.7054884667123731;0.06646073263108389;-0.008483788091689348;0.0106330337934196;0.761657926440239;0.0014190689311362804;0.01875
2640;4.08028760108592;1.0;0.44489522875560283;0.5972424246601505;0.036053011033525796;-0.00029000579379498956;0.017302554100751877;0.7812268137931824;0.0024914829176850618;0.0294921875
2641;3.9776618693790633;1.0;0.584112427034396;0.8505536239194931;0.07823730483154255;-0.007786613795906306;0.023334840033203363;0.8067093342542648;0.0016675453982315958;0.01796875
2642;4.011905324056597;1.0;0.5032504468533254;0.6919316920464709;0.04599530604069948;0.002037002728320658;0.02713008443824947;0.7792602062225342;0.0012383749475702644;0.0111328125
2643;3.591357465721535;1.0;0.5903985866485021;0.8354728900220373;0.13687865850488135;0.00030532279051840303;0.02082553645595908;0.7894519537687301;0.0008763353456743061;0.00703125
2644;4.282280836111302;1.0;0.4535974298855145;0.5872198246842407;0.024113879176367894;-0.004715851973742247;0.03435009038075805;0.7097766041755676;0.0011357216979376971;0.011328125
2645;4.292790016177321;1.0;0.5446417607857017;0.7781338294615235;0.021901318853433747;-0.007577152643352747;0.02542496398091316;0.7975907057523728;0.000786624161992222;0.0037109375
2646;3.4103406745345413;1.0;0.5100636989331031;0.6005084827421912;0.08561568072343465;-0.001314974157139659;0.0054945876123383645;0.8582847088575363;0.0029588407604023816;0.0392578125
2647;4.4028007427105535;1.0;0.6276288101474389;1.0094461232172687;0.03027573338358462;-0.0035764077678322793;0.01260481916833669;0.8066968321800232;0.0022715576575137674;0.0232421875
2648;4.035907188576478;1.0;0.47963435325942255;0.6971577634773047;0.05143750668293234;-0.0038974456023424865;0.022389718703925608;0.7714134067296982;0.0012010020669549703;0.012890625
2649;3.860317878975082;1.0;0.6496266779173436;0.9859911281998536;0.09401038322236274;-0.003287351876497269;0.016030409093946218;0.735985842347145;0.002522869373206049;0.029296875
2650;4.217627840939868;1.0;0.5554839269314039;0.8054500584522917;0.03347331330167501;-0.00029437239281833173;0.015440452937036752;0.7477250695228577;0.0015886812354438007;0.0181640625
2651;2.9676492346640764;1.0;0.4240114824199824;0.6577276821787164;0.06220205752011908;-0.0037701657973229887;0.013621985772624612;0.7686847686767578;0.0012246484402567148;0.0126953125
2652;3.9222314875956608;1.0;0.5598416680208338;0.8478405613523253;0.06895359213691991;-0.005216761771589517;0.012163717416115105;0.8301261365413666;0.0006977699813432992;0.002734375
2653;4.307386062776861;1.0;0.5751871801972568;0.8856287953156547;0.04075148303562834;-0.00634227239061147;0.007721792394295335;0.8012530714273453;0.001452699233777821;0.0099609375
2654;4.181255043092357;1.0;0.705629456634544;1.110808071768973;0.04609847785901508;0.00040259547531604765;0.01591028249822557;0.7889826595783234;0.0006771376123651862;0.004296875
2655;4.075488766844802;1.0;0.4279452741080813;0.645022913692581;0.0435325443667298;-0.008133597811684013;0.019748856546357274;0.8121465295553207;0.0007224736618809402;0.0046875
2656;3.761600243095698;1.0;0.4633484649859655;0.6580250691076227;0.038491113763892255;-0.0003065826371312141;0.01392996460199356;0.799273407459259;0.00027884137816727164;0.0
2657;4.253558002128109;1.0;0.43905675312225667;0.6240593032911799;0.02388617570609294;-0.012763302074745297;0.009200045722536743;0.8073000192642212;0.0024375102715566755;0.023828125
2658;4.056959306771608;1.0;0.5420811689115123;0.7938810124731671;0.04240353105996418;-0.0009278202196583152;0.010409927717410028;0.7514737397432327;0.0012241134070791304;0.0078125
2659;4.150210849355835;1.0;0.4516413213015039;0.6621931206819054;0.039152273130190735;-0.0015761309769004583;0.029127807728946208;0.7778969824314117;0.0005496303085237742;0.0048828125
2660;4.028292823421366;1.0;0.41911017307465936;0.528833794003173;0.030861724935730767;-0.00823621079325676;0.014403416961431503;0.7759762018918991;0.0012492406414821744;0.012109375
2661;4.475448218580032;1.0;0.6969095259619144;1.1818135762713509;0.027983820263256957;-0.0020778379403054714;0.01070851692929864;0.7649244934320449;0.0006181191885843873;0.00234375
2662;4.211359075374162;1.0;0.6099272460987577;0.9373857949203013;0.04675745291723476;-0.008296593325212598;0.01445422493852675;0.7718526065349579;0.0008683376829139889;0.006640625
2663;3.666766609941628;1.0;0.5771868405800167;0.8307124344168122;0.09482317929470746;-0.0022345618810504673;0.00666616577655077;0.7416880071163178;0.0008831798797473312;0.004296875
2664;4.345053755700323;1.0;0.4504298638229558;0.6628855896767991;0.011090515548596191;-0.0056091583333909515;0.011098471749573947;0.7435412228107452;0.0010470175999216734;0.0044921875
2665;4.305487966797443;1.0;0.6237609918085864;0.9678942463888632;0.029191206618194913;0.0019018071237951518;0.007788063655607402;0.7578716665506363;0.0014213718357495963;0.016015625
2666;4.419148118596083;1.0;0.5414316738573494;0.82371889561883;0.011399076060720128;0.000261700339615345;0.006968576763756573;0.7857491493225097;0.0009818509686738252;0.0068359375
2667;4.404254519413182;1.0;0.7370758369846229;1.1604220265499348;0.0367134627402691;-0.004940315056592226;0.013815500563941896;0.8196255743503571;0.0015653359470888973;0.014453125
2668;4.503711936328417;1.0;0.7575528348968072;1.1998796051761835;0.02036242032433725;-0.003951432416215539;0.016884230356663466;0.789553114771843;0.001848996605258435;0.0208984375
2669;3.960128174413454;1.0;0.6028852717489419;0.8970449610839735;0.07326182567958792;-0.006610525725409389;0.004690101754385978;0.7705869674682617;0.0024602126446552574;0.028515625
2670;4.210776014069907;1.0;0.7115136558979744;1.1332335174074948;0.05373774252271219;-0.002391565591096878;0.015760709112510086;0.7545567840337754;0.001754806051030755;0.0154296875
2671;4.012986700687902;1.0;0.524446126591846;0.7199292580824228;0.050904258433317806;-0.006765154749155044;0.015068844566121698;0.8088285863399506;0.0006618284503929317;0.0029296875
2672;3.4026724286441112;1.0;0.49474937602905955;0.7365180595531454;0.030115729127137534;0.0037617421709001063;0.009428477566689252;0.7570972800254822;0.0007769663585349918;0.0033203125
2673;4.322940356138096;1.0;0.4707725163536893;0.7063126893830578;0.01782455167773812;-0.006389283761382103;0.008662017271853983;0.7587887436151505;0.0020073352847248317;0.0220703125
2674;3.2785826738806003;1.0;0.5084620904899226;0.7177168058336648;0.029798977744126303;-0.003026816062629223;0.009665897581726313;0.7446114420890808;0.0014533409383147955;0.008203125
2675;3.8520321740693384;1.0;0.2937296594685438;0.42595685316510823;0.016921795138980573;-0.0046303252223879095;0.02269697217270732;0.748330295085907;0.0011802632245235146;0.0091796875
2676;4.0719848144036215;1.0;0.6474311583478741;0.9956500310009317;0.07690832746650067;-0.003935585613362491;0.008649813174270094;0.7445872336626053;0.001267505157738924;0.00546875
2677;4.4386827009873935;1.0;0.6786224957221318;1.0590993349575482;0.022325123305118294;-0.009712186641991138;0.008800839632749557;0.7251189142465592;0.0015215431340038776;0.01484375
2678;3.7125235581883276;1.0;0.6334614942093597;0.8784491976426148;0.06556275442456388;-0.0097204833291471;0.019866643706336617;0.7191811710596084;0.0019498728332109749;0.02109375
2679;4.531765629988616;1.0;0.8264533632472312;1.3169637050417593;0.017427698204988625;-0.010641179885715247;0.02662540804594755;0.7429982334375381;0.0013067294494248927;0.009765625
2680;4.083746848236671;1.0;0.5908762646867738;0.7942936637353281;0.04833791280191132;-0.0014776961877942085;0.007718344079330563;0.7992085754871369;0.0009880711557343602;0.0103515625
2681;2.4657127832727053;1.0;0.23378279695603235;0.3368805508269376;0.03896264658426941;-0.01167222554795444;0.030213039740920065;0.7973577439785003;0.001043422135990113;0.0072265625
2682;4.293133268601501;1.0;0.6183063716479404;0.9421931203603376;0.02546191353265806;-0.006402849266305566;0.011767899338155984;0.8339953273534775;0.0013498546788468957;0.010546875
2683;4.381474595295282;1.0;0.7317477191324927;1.183587347795686;0.04158800652666514;5.261814221739769e-05;0.020045482879504563;0.7609991550445556;0.00112125794403255;0.007421875
2684;4.457833349078015;1.0;0.7702808105252894;1.220619567637816;0.03776603377137684;-0.017109728697687388;0.020436746440827845;0.7891771763563156;0.0020255666924640535;0.0220703125
2685;3.6447248256844365;1.0;0.3731662300608967;0.5211514501586257;0.030457023732122213;-0.0036636081989854575;0.023667360236868263;0.769306555390358;0.0009472939767874777;0.0029296875
2686;3.8733639510647766;1.0;0.4680293581503001;0.6741098450537865;0.045727102488171474;-0.004018533695489168;0.011140069901011884;0.7199433237314224;0.0008951234747655689;0.01015625
2687;-11.121688760072711;0.0;0.0;0.0;0.09580356929923092;0.0017152798594906927;0.02585131679661572;0.8024849891662598;0.0007185357855632902;0.0015625
2688;3.898383084891838;1.0;0.41666015199591233;0.5822541596598534;0.028767067512908417;0.003209329827222973;0.00806687530130148;0.8053677648305893;0.000874968501739204;0.00390625
2689;-3.8097389391449603;1.0;0.22525127206917087;0.2875981730801193;0.013622636880908057;0.0008919104468077422;0.009587393142282963;0.7817655026912689;0.0007098295143805444;0.0044921875
2690;3.8026075317594143;1.0;0.6241048629718817;0.7802372155554473;0.05890299524570281;-0.0009879283839836716;0.015559285832569002;0.7837713271379471;0.00073527762433514;0.0048828125
2691;2.477151318718664;1.0;0.3318247069043086;0.4542378156859562;0.023090318329925832;-0.009898624289780856;0.013833226496353745;0.8078065097332001;0.0014317645225673914;0.0072265625
2692;3.909452769893895;1.0;0.344342647204891;0.47398098545522593;0.022309247372405392;-0.01192044175695628;0.006346224818844348;0.7801676511764526;0.0006538904970511794;0.003515625
2693;3.69881366131263;1.0;0.5517680214409529;0.7652176175034753;0.06979009236955437;-0.007705229660496115;0.011841860134154558;0.7937029242515564;0.001717314845882356;0.01328125
2694;4.409602714692497;1.0;0.6689568385861113;0.9005135021949932;0.020976284336407698;-0.005266314279288054;0.007547704363241791;0.7972288638353348;0.0021238320972770453;0.02265625
2695;3.1523819618884104;1.0;0.4226990838938437;0.5422096326160867;0.06888089316210137;-0.0012367048766463995;0.009796199039556086;0.776686429977417;0.0018592818174511193;0.01953125
2696;3.33536479544044;1.0;0.3815807935834681;0.5046270492774347;0.04800673129360789;-0.0054308222606778145;0.0056688261101953685;0.812883386015892;0.00075919299852103;0.0048828125
2697;4.214005532580755;1.0;0.4549372249351324;0.6005709498422284;0.021274498398779977;-0.0028733137529343366;0.018722853716462852;0.8125921040773392;0.0006244993419386446;0.0029296875
2698;4.2396256405941894;1.0;0.6514049605683764;0.9708158485679916;0.03415741472237272;-0.001975618675351143;0.007510463264770806;0.8056758016347885;0.001530080335214734;0.01640625
2699;3.878067915207442;1.0;0.5583598663357474;0.7027797608041008;0.04073567360522516;-0.009202963416464626;0.014587821951135994;0.7492082387208938;0.001229035051073879;0.0107421875
2700;3.8642233418486946;1.0;0.3135271355494253;0.4527669093692954;0.02248147660123906;-0.006496418127790093;0.019305715197697283;0.7778104573488236;0.0006991091882809997;0.0013671875
2701;3.7426259609363255;1.0;0.3603591148849052;0.48891248546952515;0.033490221771849925;-0.00599566325545311;0.011214496428146958;0.7916087478399276;0.001480857061687857;0.01171875
2702;3.6582667652510734;1.0;0.6397594412027786;0.8509385052664674;0.10046237289429284;-0.01138305531349033;0.018381150718778373;0.8545701950788498;0.0021522613475099205;0.0166015625
2703;3.847088495988025;1.0;0.2598015209527287;0.3843742953611119;0.0011139300464251857;-0.006349008623510599;0.01732864319346845;0.8125811100006104;0.0011589780100621284;0.00625
2704;3.242219793291328;1.0;0.467547862906196;0.6838447177973047;0.10304681460269575;0.0023193998727947473;0.014864923991262912;0.8200211942195892;0.0007768426439724863;0.004296875
2705;3.6277148563472474;1.0;0.41401733355430953;0.5663469798994034;0.027209384241902796;-0.004228195361793041;0.032036380376666784;0.7917905390262604;0.0021942124702036383;0.0251953125
2706;2.183428684017878;1.0;0.36659877197255136;0.5177875992397015;0.07660361580106903;-0.0008581222034990787;0.019017107086256146;0.7751044481992722;0.0020903216325677933;0.0279296875
2707;4.0711825557475265;1.0;0.5154260937855117;0.6752555978918973;0.030908426915600373;-0.008461792301386595;0.012743354681879282;0.8276148110628128;0.0011930192587897182;0.01015625
2708;4.441860835481053;1.0;0.7894341733575269;1.2299181860069255;0.0309211486426977;-0.004507898073643446;0.006875935825519264;0.7548039942979813;0.0019637513905763626;0.0115234375
2709;4.216110850179682;1.0;0.487310790361738;0.6090116096789634;0.016451847287270473;-0.0004469666630029678;0.018030412355437876;0.7652164906263351;0.0013464793213643135;0.0072265625
2710;4.172392355806988;1.0;0.5084026825548571;0.6599979510116092;0.022073756320425755;-0.0016066476702690125;0.02485891040414572;0.7478443086147308;0.0007757812622003257;0.006640625
2711;3.0448092210720787;1.0;0.2735959101829583;0.37899042880206385;0.04248469592364305;-0.003033049777150154;0.010277743800543249;0.7822929501533509;0.000906622875481844;0.00625
2712;4.183628494986007;1.0;0.7481684281052003;1.10466254592463;0.04002027052826848;-0.002552362554706633;0.012309577339328826;0.7753987461328506;0.0023843431612476707;0.0244140625
2713;4.165353717420281;1.0;0.695154047665832;0.9842844366663677;0.03136517727391384;-0.008644356485456228;0.016442017536610364;0.8140567451715469;0.0012021772330626846;0.0080078125
2714;3.6948603455944937;1.0;0.6766448910084247;0.8912750896110645;0.07326775985431858;-0.0010383005253970623;0.009400361473672092;0.8168893486261368;0.0018505543353967368;0.022265625
2715;3.528433056443271;1.0;0.39002887268289443;0.5254624816399759;0.03957725241570942;-0.009355314681306482;0.007902064779773354;0.7863828599452972;0.0010875739506445825;0.0091796875
2716;4.1324438107299795;1.0;0.6538000325562208;0.8939539023419886;0.033802480765776216;-0.006280460627749562;0.01320627136155963;0.7497660905122757;0.0011877576587721705;0.0068359375
2717;4.032236800695893;1.0;0.676052813775683;1.0299561495580574;0.09180287402519598;-0.0069320256588980556;0.01629721890203655;0.7932924777269363;0.0010223896126262844;0.010546875
2718;3.9170523670483686;1.0;0.6144025448246341;0.8013294763139237;0.05893076179347894;-0.006533010024577379;0.008875948144122958;0.748611319065094;0.001425032562110573;0.0103515625
2719;3.6082121483555287;1.0;0.38465890681943476;0.4469511738924315;0.034126082458645894;-0.0014184674248099328;0.011952039133757354;0.7874164044857025;0.0019347932073287665;0.021484375
2720;-0.21668898353772104;1.0;0.2005621185434673;0.26648992117809356;0.07233766915550158;0.0013218740466982126;0.005323668255005032;0.7791460543870926;0.0007685421733185649;0.0056640625
2721;4.056243723792356;1.0;0.5282021927560205;0.7118421139673567;0.03522999012608829;0.0004907505819573999;0.007145231030881405;0.7617429912090301;0.0005449703894555569;0.0046875
2722;3.253001322877557;1.0;0.3485341729296571;0.4371344644543296;0.04327337100872497;0.0020013698376715183;0.015001951763406397;0.7534834831953049;0.0008424569037742913;0.004296875
2723;4.080649925463108;1.0;0.658876203574141;0.8990506775195118;0.046560094242653706;-0.01154242716729641;0.008134231949225069;0.7555112689733505;0.0008459391305223107;0.0068359375
2724;4.212821483644095;1.0;0.6432974893248651;0.9242559376802708;0.028811411885674657;-0.009059639507904648;0.010898093692958355;0.7361494302749634;0.0019265944603830576;0.025390625
2725;4.026863170438137;1.0;0.6829533674531602;0.9298812013841853;0.04405759442517177;-0.00883792438544333;0.007469677180051803;0.7847071081399918;0.001099571178201586;0.00859375
2726;3.9212351803159873;1.0;0.7274144257388034;1.0232063442155954;0.05492061084954506;-0.003660216135904193;0.0048543671146035194;0.7500484764575959;0.0016280206735245883;0.008203125
2727;1.4842754933898754;1.0;0.2155971235267842;0.30074499921922304;0.0654549583730431;-0.007634468050673604;0.006606072071008384;0.773651123046875;0.0022162523004226387;0.0138671875
2728;4.0945904222603104;1.0;0.611278359401738;0.765891015682082;0.026854765470973485;-0.0029840359231457112;0.006856690626591444;0.7472761750221253;0.0011035738629288972;0.008203125
2729;3.692772206055677;1.0;0.6972422396886374;0.9838778812128328;0.091079902407116;0.0005635218229144811;0.008381737302988768;0.7620023787021637;0.0007579212309792638;0.002734375
2730;4.165098784567185;1.0;0.6735020148563317;0.9909890475943266;0.04853805355321237;-0.0023942860309034584;0.010814245790243149;0.7401802152395248;0.0011442903894931078;0.0041015625
2731;3.916285210194344;1.0;0.684190751557068;0.9471649937742936;0.044256116495266014;-0.004111488023772836;0.020751624228432776;0.7805954158306122;0.0008775729569606483;0.00859375
2732;4.290895995399358;1.0;0.4619102217631958;0.5933626262688254;0.012732797196897934;-0.007290090247988701;0.014251845190301538;0.7602860778570175;0.0011990910628810526;0.01171875
2733;3.2753220723930774;1.0;0.6905325538679655;0.928468970020235;0.11799604963323539;-0.0034043392632156612;0.007193242013454437;0.7361017435789108;0.0005836187512613833;0.0013671875
2734;4.44230505945337;1.0;0.5920165067559753;0.8207643724192766;0.011922882172745257;-0.007269105687737465;0.008175019454210997;0.7309940606355667;0.0011184666771441698;0.0056640625
2735;4.122715193515164;1.0;0.6422709052321716;0.8989510833665938;0.0318277890504023;-0.006723739625886083;0.006806514551863074;0.7307478994131088;0.0009007182321511209;0.0056640625
2736;4.108941475392449;1.0;0.6088732448344788;0.8358786744043564;0.04711645415427086;-0.006344871036708355;0.006689810333773494;0.7519692331552505;0.0023187499959021808;0.0287109375
2737;3.632912903337647;1.0;0.6578635641311754;0.8026717845889869;0.07008480754021737;-0.005450227856636047;0.004446217021904886;0.792921844124794;0.001469467265997082;0.0087890625
2738;4.429312464057169;1.0;0.6955375260666266;1.0058663306738538;0.020307192484224003;-0.0020725546404719354;0.004950028262101114;0.7834361672401429;0.001367475651204586;0.0080078125
2739;3.974867248575776;1.0;0.38401863755868465;0.5497531165707821;0.01667192544148169;-0.009208868630230427;0.004971523501444608;0.7584240585565567;0.0009064622339792549;0.00390625
2740;3.5448559041492542;1.0;0.20920129506280669;0.2916592004180533;0.0102097504993453;-0.004312677960842848;0.006043767579831183;0.7690767467021942;0.0010949293035082519;0.006640625
2741;4.313746798020342;1.0;0.5206350484777039;0.7029617758199902;0.02172246290848572;-0.0017395924776792526;0.01836046646349132;0.8034040570259094;0.0017360492493025959;0.015234375
2742;3.5128212513909;1.0;0.46082743912302543;0.5919501123596613;0.05032573850443315;-0.01103687509894371;0.024967183358967304;0.7900190711021423;0.0008354263962246477;0.007421875
2743;3.8640503177816714;1.0;0.6200337386142977;0.7896804530800614;0.05135135538066078;-0.0007044388446956873;0.010730018466711044;0.7776175230741501;0.0008231136482208968;0.00625
2744;4.263051123523619;1.0;0.49339621310392817;0.6645734276342407;0.01925305106313745;-0.003232249012216926;0.016121947159990668;0.7692140400409698;0.0013175819185562432;0.0126953125
2745;4.444764864588972;1.0;0.714873464440281;1.0554047499880022;0.014305972608727595;-0.013412158703431487;0.012832252820953727;0.7824809581041337;0.0010793952038511633;0.0083984375
2746;4.02565582230263;1.0;0.310587586810705;0.4426183929901525;0.010696483613848694;-0.0007341592572629452;0.011884167278185486;0.7305428177118302;0.0007286624517291784;0.003125
2747;4.394067149390165;1.0;0.7153479706727002;1.1044623493154193;0.028983377183239328;-0.000545905390754342;0.009729664796032012;0.8414561659097671;0.0011028661858290434;0.0083984375
2748;3.9001171084043547;1.0;0.38338155633712084;0.4705324567752794;0.020342825445033092;-0.0021992412395775316;0.011747506400570273;0.7682594567537308;0.0015639436431229114;0.0134765625
2749;3.6920780833792826;1.0;0.6623155219382542;0.8439275516266596;0.07611008525608522;-0.004912657104432583;0.006217197515070438;0.7936388939619065;0.0024045294732786713;0.025390625
2750;4.358311896461638;1.0;0.5358312992829213;0.8310897607276835;0.021320680438998256;-0.007666760589927435;0.0125855659134686;0.7871999830007553;0.0009132333681918681;0.00390625
2751;4.262919072324356;1.0;0.47037155647562956;0.62534087539071;0.018257096931390576;-0.004542656289413571;0.009544762084260583;0.7734193503856659;0.0005041262484155595;0.00078125
2752;4.185843122674042;1.0;0.5142700645941506;0.7058163051307342;0.023737810449074852;-0.009319815272465348;0.02122208271175623;0.844498535990715;0.0010157787473872304;0.00859375
2753;4.304471700284894;1.0;0.4202252490777968;0.6062579666619247;0.014886176370000932;-0.0014446420129388571;0.008738642348907888;0.803145894408226;0.0015520814689807595;0.01484375
2754;3.5781370630280054;1.0;0.44130068163316216;0.5808568326068128;0.051027144518398466;0.001763041503727436;0.008874374208971858;0.7919574111700058;0.001736929570324719;0.0150390625
2755;4.450462027030114;1.0;0.7320090987065497;1.088281462216646;0.013781677248353897;-0.004224341292865574;0.008803817862644791;0.7805553078651428;0.0005053402041085064;0.0015625
2756;4.230339192791021;1.0;0.6508832288468035;0.9322372791346505;0.03285673195524153;-0.0072792389430105684;0.013599451095797122;0.8135946422815323;0.002225553023163229;0.0251953125
2757;4.135869703434759;1.0;0.5500042144640446;0.666466665717633;0.015312697414285205;-0.00904582990333438;0.005275879928376526;0.7948785483837127;0.002207284572068602;0.025
2758;4.417211662092223;1.0;0.6280571281175987;0.951494589018256;0.01777308868631881;-0.005631185788661242;0.008618930727243424;0.790521827340126;0.0007810169830918312;0.0048828125
2759;4.232152671671578;1.0;0.6305647501349271;0.8508762992911947;0.022491022686835595;-0.00371461808681488;0.007956676580943168;0.7406722515821457;0.0010242473566904665;0.00625
2760;4.392997218799107;1.0;0.613497386168994;0.866112660948031;0.017696127500223615;-0.0047490959987044334;0.0027135207259561867;0.7758503466844558;0.0013426303630694747;0.0142578125
2761;4.029665458133488;1.0;0.554637441438648;0.6668271709862553;0.026187783056377735;-0.002114968979731202;0.002483888523420319;0.7644674777984619;0.001507577858865261;0.0119140625
2762;4.030416942407857;1.0;0.6413772701797644;0.879819920117411;0.046555911572555495;-0.008191421395167708;0.0046090757357887925;0.7202850759029389;0.0015962170902639628;0.0138671875
2763;4.09910946476168;1.0;0.639247652867632;0.9003734519765628;0.031256252164473135;-0.006213620095513761;0.008784232498146593;0.6842998206615448;0.00036180512979626654;0.0009765625
2764;4.463400384975222;1.0;0.7749322808168789;1.2173513895932873;0.02153269589998276;-0.0037041223607957364;0.008533041132614017;0.724112731218338;0.001395107782445848;0.0111328125
2765;3.5291338325425112;1.0;0.60325254994541;0.7137907953505473;0.05315931144927262;-0.007004109397530556;0.005517757649067789;0.7640448957681656;0.0006094311247579753;0.0041015625
2766;4.113466253593354;1.0;0.5870197089081384;0.8213089275033773;0.030716388186150627;-0.003305902052670717;0.012522990093566477;0.7529161810874939;0.0007531946641393006;0.005859375
2767;3.931840042763091;1.0;0.7277351000477424;1.0763102220872707;0.051499661145219214;-0.012045987485907971;0.004355441592633724;0.7595192015171051;0.0016866086632944643;0.012109375
2768;4.142241476690525;1.0;0.7335693092873973;1.1247791980346467;0.04847510990199283;-0.005368490144610405;0.004748890735208988;0.7962216258049011;0.0014835349982604384;0.0177734375
2769;2.8509763714687724;1.0;0.6333413734350795;0.8776288696808472;0.011059292586177258;-0.004534844076260924;0.0038265551324002446;0.7826015621423721;0.0014640220790170134;0.0130859375
2770;3.770660679820085;1.0;0.5203759853553933;0.7494312065876682;0.049220855963701564;0.0008989316411316395;0.009060966270044445;0.7585073441267014;0.000817465630825609;0.005078125
2771;2.4227220889504126;1.0;0.1765529218012315;0.25354213878678494;0.036025891374417404;-0.008121698535978794;0.009035258274525403;0.782790145277977;0.0015225903247483076;0.013671875
2772;3.913366072572816;1.0;0.5587086852468762;0.7998764086662186;0.03594782726229573;-0.001066193450242281;0.008965038461610675;0.8128760069608688;0.0011117376503534614;0.005078125
2773;4.216651955456616;1.0;0.5662587885985099;0.7809140068263078;0.022453915914993405;0.0002513498067855835;0.006322892010211944;0.7581136047840118;0.0007503649103455245;0.0046875
2774;4.46290332907803;1.0;0.7503943599613777;1.1294131859068102;0.011659375066175986;-0.003473608708009124;0.004833850159775466;0.762650939822197;0.0009317828575149178;0.0087890625
2775;4.003795873380806;1.0;0.42072233525896513;0.5458333757922275;0.01494209936040157;-0.001210591779090464;0.005915643321350217;0.7697436362504959;0.0008605931419879198;0.006640625
2776;4.203586016812986;1.0;0.6864857248128603;1.0448320192949863;0.01273990381766997;-0.004600535519421101;0.009843494929373264;0.7168444693088531;0.0007006037048995495;0.004296875
2777;4.4720514749542275;1.0;0.6587613033220248;0.9880989588544271;0.022069222127359595;-0.009313494339585305;0.006222442700527608;0.7309779733419418;0.0011221416876651346;0.0091796875
2778;4.133402175785819;1.0;0.5831486605559123;0.7741059963261772;0.029770895789423137;-0.004083301196806133;0.005128973280079663;0.7552570968866348;0.0007476330618374049;0.005078125
2779;4.033553009933186;1.0;0.6415491211821663;0.8756515107110556;0.03122804299686075;-0.004034850560128689;0.003658572630956769;0.7466084510087967;0.001944233023095876;0.0220703125
2780;4.303731121961473;1.0;0.5701560131950334;0.7636192406795782;0.014122702392154093;0.0008879408240318298;0.004280676727648825;0.7710397124290467;0.0013658843818120658;0.008203125
2781;4.475943065334103;1.0;0.8045512574731477;1.2723795608739508;0.024643710165303884;0.0032855742610991;0.004460140550509095;0.7521821856498718;0.0007478120154701173;0.001953125
2782;4.284910469208582;1.0;0.7957554463677878;1.168050228601935;0.04102879533114034;-0.01083089814055711;0.005226189328823239;0.7238232284784317;0.0017434650100767613;0.0169921875
2783;4.365932732327955;1.0;0.6491871580835809;0.9627017741854014;0.021532201484481903;-0.005472389236092568;0.006544093298725784;0.767645800113678;0.0013893680879846215;0.0087890625
2784;4.490669081952621;1.0;0.7541580409284615;1.2003570835713853;0.01956465322436469;-0.006727665197104216;0.004709399247076362;0.7548843741416931;0.001877633761614561;0.0193359375
2785;4.446430442726432;1.0;0.7300801716460033;1.1182131683241394;0.020529449489945263;-0.00031730588525533674;0.005955833639018237;0.7262578219175339;0.001594539312645793;0.0154296875
2786;4.224410065412753;1.0;0.7617808528199044;1.1457485401467509;0.05130950030956433;-0.007384762074798346;0.009505738248117268;0.773839607834816;0.0010603464674204589;0.007421875
2787;4.147823883760569;1.0;0.6218832672894058;0.8417588194910315;0.032643848821966664;-0.01003215522505343;0.008063370385207236;0.798257052898407;0.0006752369808964431;0.005078125
2788;4.311520867304626;1.0;0.7450426446951274;1.1425470142195022;0.025685699984850336;-0.0025268109515309335;0.01005469155497849;0.770449161529541;0.000519909686408937;0.0015625
2789;4.3810485565465624;1.0;0.6635406434460498;0.9541145330780276;0.018135223258857372;-0.007883846620097756;0.010055706789717078;0.781907033920288;0.0008859916590154171;0.0091796875
2790;4.224897246447263;1.0;0.5792673569434424;0.8819333259174941;0.03573277031545401;-0.007878869725391268;0.012145692342892289;0.7790213584899902;0.0017871462972834707;0.01953125
2791;3.5547912090482723;1.0;0.6497660264529268;0.8636787541665989;0.07838695591410513;-0.010414247610606253;0.0074121852871030566;0.7943807512521743;0.0022936056135222315;0.026171875
2792;4.1870524281708885;1.0;0.4931531911550955;0.7230623330384791;0.022802515067470483;-0.00648074671626091;0.016859275195747613;0.7923522233963013;0.0011218127328902483;0.0076171875
2793;3.4564788125915578;1.0;0.6472131547968454;0.882731232443017;0.09208908673885086;-0.012334055895917118;0.0054457978112623096;0.7774485379457474;0.001377555460203439;0.0138671875
2794;3.9718031148884685;1.0;0.6999788784163237;1.0307319540962974;0.051842205854942286;0.003375401580706239;0.011956151528283953;0.753150686621666;0.0015133050037547946;0.012890625
2795;2.7315197128390514;1.0;0.16323678016016946;0.2356720594897929;0.019371199314968193;-0.0024120199028402566;0.009002310433425009;0.7930465966463089;0.0011154522188007831;0.0078125
2796;4.128740963743603;1.0;0.660952616245157;0.9959135241742859;0.05383966324226858;-0.011452650045976042;0.009950919239781798;0.7201563090085983;0.0005911953863687813;0.0046875
2797;4.472053593804778;1.0;0.618436058882383;0.9896755889649704;0.013716658705105715;-0.003918487555347383;0.004272776131983846;0.7664149761199951;0.0018118942971341312;0.0166015625
2798;4.1565556741011385;1.0;0.6038952691783983;0.9034660463982439;0.02612168964172413;-0.011844505928456784;0.0058873645728453996;0.7130922347307205;0.001212812669109553;0.0076171875
2799;4.029016607357575;1.0;0.5242332437595721;0.680505398397047;0.03327567878294986;-0.011714000487700105;0.006899258075281978;0.7456715643405915;0.0011065910221077502;0.0083984375
2800;4.063904527662217;1.0;0.6277972752822734;0.9043091123695762;0.04386048700619011;0.004927314911037683;0.008565888088196517;0.8131285637617112;0.0006891116965562106;0.0046875
2801;4.359904777649518;1.0;0.4496842129020748;0.6760535344645626;0.021883324094713087;-0.00020435568876564503;0.01569512244313955;0.7690676271915435;0.0018308877479285002;0.02109375
2802;4.1128253998749855;1.0;0.6266485827718297;0.9549045258984418;0.02842046536278894;-0.0047656390350312;0.011130049265921116;0.7931117713451385;0.0013768645585514605;0.0138671875
2803;4.267764372710647;1.0;0.530752278836322;0.7949691276630813;0.031064740902371334;-0.0025707202963531016;0.012761162500828505;0.7779627978801728;0.0009354966343380511;0.00625
2804;4.241493874590047;1.0;0.7131270357816724;1.067577403839284;0.033414165947963016;0.0024518063757568596;0.007128430507145822;0.727978652715683;0.000518511002883315;0.0013671875
2805;4.173975314591995;1.0;0.7500784141070203;1.1380110196494777;0.04767109701425594;-0.00546249388717115;0.012601691647432745;0.7312000811100006;0.000969272805377841;0.00390625
2806;4.3415377426383035;1.0;0.6419546056643275;0.9695931817813215;0.026129309367628098;0.0022493347758427264;0.017722300672903656;0.7388332933187485;0.0011360119329765438;0.012109375
2807;4.281714616606961;1.0;0.7031967660768259;1.0488564023979785;0.019423559410970945;0.001129855844192207;0.007323759677819908;0.756348505616188;0.0011853789910674095;0.0123046875
2808;4.017421546259965;1.0;0.5833663041433715;0.8159389762988386;0.03853811933493793;0.00035509304143488407;0.014111597510054707;0.7429196268320084;0.0007853241870179773;0.005078125
2809;4.34571278005365;1.0;0.7769466059528621;1.2175220920492846;0.03123163848950513;-0.0039109136443585156;0.012615804048255085;0.7462632179260253;0.0010666021495126187;0.009765625
2810;2.7012399742088573;1.0;0.29625029170890177;0.4302482684033508;0.06433750016010154;-0.004223570274189114;0.011862175771966577;0.7548590928316117;0.0020268937689252196;0.025
2811;4.104666665238941;1.0;0.6531646779582829;0.9459607464891191;0.038157258436956394;0.006087599135935306;0.009952003671787679;0.7954222798347473;0.0006224356358870864;0.0033203125
2812;4.330845062642037;1.0;0.732937429970623;1.1560758867104146;0.03176994158223618;-0.0032329428009688853;0.011671358766034246;0.7444959580898285;0.0025833739899098875;0.0255859375
2813;4.245597567117076;1.0;0.6300177501286451;0.9563981007970598;0.030408826482721682;-0.006238609831780195;0.004481012420728803;0.7769801616668701;0.0018511355854570865;0.021484375
2814;3.9596755497986473;1.0;0.7092444445768034;1.0410809906314824;0.05666583252546177;-0.003401902224868536;0.013859883416444063;0.765957060456276;0.0008957053418271243;0.0064453125
2815;3.0316692325049575;1.0;0.32902499561493864;0.4619385765758585;0.0468003972107797;-0.0009650635533034801;0.004615125898271799;0.7800010085105896;0.0011442488059401513;0.0119140625
2816;3.174880588762235;1.0;0.18432791113548416;0.28476209963236315;0.018037539901365016;-0.0011654963716864585;0.0026347110979259014;0.7855225294828415;0.0009172912570647896;0.007421875
2817;4.355997419379728;1.0;0.7858808844024384;1.251875161596241;0.03693768508441046;-0.01108096786774695;0.0044050216325558725;0.7487892508506775;0.001449539395980537;0.010546875
2818;4.110482430268343;1.0;0.6637527972884745;1.006032272738116;0.0370611876620948;-0.003797004232183099;0.00928323003463447;0.7893682897090912;0.0009313927032053471;0.0056640625
2819;2.5284846629562887;1.0;0.14575220545364823;0.21834382162378438;0.027107868905105293;-0.0014586782082915307;0.008891055407002569;0.7295040935277939;0.0011262147570960223;0.0044921875
2820;4.383390168504722;1.0;0.7980835336298252;1.2671072969503314;0.033002164087338075;-0.0015991603257134556;0.019995471509173513;0.8090984016656876;0.000920284166932106;0.006640625
2821;3.2876729431459624;1.0;0.30799392780757356;0.42283116509886143;0.03968546311504511;0.003843787033110857;0.013037768378853797;0.7790584892034531;0.0015418346622027457;0.0134765625
2822;3.771144715079929;1.0;0.6453743655174733;0.9489466767426041;0.05662283581196345;-0.005924076284281909;0.01463914536871016;0.7509970098733902;0.0002813480678014457;0.000390625
2823;4.244686325244119;1.0;0.7725846455645827;1.2045124132743505;0.035551644472847296;-0.004248859826475382;0.022643839195370673;0.732229796051979;0.0011440296890214085;0.01328125
2824;3.5765766140757878;1.0;0.458854931028374;0.6495904021609508;0.02858223818835384;-0.0073437272571027275;0.02153671286068857;0.7750274658203125;0.001561741903424263;0.0171875
2825;3.5530860303859906;1.0;0.5074518019917746;0.7451508452260153;0.05372220827142403;-0.0015658372081816196;0.014775709575042128;0.730072996020317;0.0006948809837922454;0.005078125
2826;4.249344813499397;1.0;0.7216433351345968;1.087243706175181;0.03633397475482202;-0.008427131874486803;0.014604864548891783;0.7484030306339264;0.0005492491531185806;0.00234375
2827;4.171233095272905;1.0;0.534728407493914;0.7769955163674658;0.03408384156544151;-0.010322074545547366;0.0075446362374350425;0.7740073353052139;0.0009797155857086183;0.00703125
2828;3.8321504458918825;1.0;0.6653481420328425;0.9657941584202369;0.06637145517035356;-0.003002711990848184;0.010900410683825612;0.7246312379837037;0.0007941725081764162;0.003515625
2829;4.52824600878121;1.0;0.7885127675743107;1.2415612801558509;0.01964741900669016;0.0023577418643981217;0.010354750766418874;0.7557712733745575;0.0009358566137962043;0.0041015625
2830;3.8325393333694797;1.0;0.6555068084563849;0.9524861944934093;0.07207063260959891;0.0055427603423595425;0.016364704119041562;0.7373558759689331;0.0013000775943510234;0.013671875
2831;2.122072748012693;1.0;0.2435760700326419;0.36282881512354315;0.03127433042838426;-0.003954830975271761;0.004584971524309367;0.7421318888664246;0.0019727009581401943;0.0185546875
2832;2.9753866775564655;1.0;0.40311786676478323;0.5531939700170747;0.04773620215477463;0.005829727277159691;0.00705844983458519;0.7341290831565856;0.0020211047027260064;0.0240234375
2833;3.0607353359439204;1.0;0.5670995580713872;0.7524857716557062;0.04079032357926731;-0.008287570695392788;0.010012748348526657;0.7072827070951462;0.0007535019307397306;0.0021484375
2834;4.10223296952035;1.0;0.3566344869431612;0.5112717103355782;0.018300050453063044;0.008322061924263834;0.007036096951924265;0.7257046788930893;0.0013711120118387043;0.0107421875
2835;4.116147138674997;1.0;0.5684271895590975;0.776084149514796;0.03842327279315786;-0.005144351930357516;0.007045503868721425;0.7858644425868988;0.0012748463777825236;0.011328125
2836;4.159618712649866;1.0;0.6767745188742524;0.9993510949790035;0.03783255192896221;-0.01350551089271903;0.010756923328153789;0.748562353849411;0.0014154418371617795;0.0130859375
2837;4.029225843730291;1.0;0.6036122309275015;0.8271470570670787;0.0453971438795247;-0.006889317464083433;0.0058966738171875475;0.7622556000947952;0.001722463488113135;0.01640625
2838;4.442931338249012;1.0;0.7066268271512159;1.117566256730656;0.023325637464886157;-0.008241598401218653;0.0038586716167628766;0.7294602543115616;0.0009440389461815357;0.006640625
2839;4.244459159273278;1.0;0.408977109027114;0.5717667925815102;0.02072955990268842;0.0028362977085635067;0.003681013116147369;0.7385164320468902;0.0007903127581812442;0.00390625
2840;3.7069695455883336;1.0;0.47600723006709217;0.5932363681099176;0.06481725100500213;-0.007282021502032876;0.006209256546571851;0.7538911730051041;0.001432219275739044;0.0140625
2841;3.795836878167475;1.0;0.6285101824517063;0.8234908788849458;0.06562322703632086;-0.004461298021487892;0.005284466338343919;0.7403359591960907;0.0013371549430303276;0.0126953125
2842;3.645500205612035;1.0;0.34738529852376077;0.49457716231377136;0.029285016409643018;-0.0026462601497769358;0.0055600093910470605;0.7454242378473281;0.0010819125804118813;0.0099609375
2843;4.421207657169704;1.0;0.689662026289656;1.124686991779971;0.023222111015080666;0.0007935698609799147;0.004522256506606937;0.7529448181390762;0.0008516662055626512;0.009375
2844;3.96015229692341;1.0;0.49102727620889614;0.6676238566164379;0.04769033975603554;0.004691694397479296;0.001973448920762166;0.7555278956890106;0.0018507016124203802;0.0193359375
2845;3.829238294156575;1.0;0.7103351194760855;1.0398116474953103;0.06971424314953281;0.0002556737046688795;0.00507524007698521;0.7337008357048035;0.0009073412162251771;0.0072265625
2846;4.248271960435336;1.0;0.7283885270033914;1.1078523728869771;0.04155729009325265;-0.0058002817211672665;0.016770886816084386;0.7095917314291;0.002032010944094509;0.0220703125
2847;4.025903286807485;1.0;0.609422064392264;0.8063827273269237;0.04453399246644884;-0.0019466294557787477;0.007445964775979519;0.7208694666624069;0.0010831975843757391;0.0056640625
2848;4.031302721727192;1.0;0.6197415505703439;0.8377264662907723;0.05579056664185645;-0.005826954171061516;0.006922379392199219;0.7028156518936157;0.001965833990834653;0.0240234375
2849;3.9552712732428357;1.0;0.5541955195559004;0.6986123327628903;0.05091201479280043;9.234631434082985e-05;0.007681879703886807;0.7518470674753189;0.0007523298263549805;0.0052734375
2850;4.1850697602389655;1.0;0.5722236535051731;0.749869759051073;0.03130571509828321;-0.0023200588300824167;0.005365580029319972;0.7529691815376282;0.000447917147539556;0.0021484375
2851;4.334903611196005;1.0;0.5855512874434295;0.8586517413919318;0.029262300709970986;-0.00715498928911984;0.0073629561578854915;0.7776234924793244;0.0009079354233108461;0.00859375
2852;3.6463471231223634;1.0;0.37318555974005096;0.5065648037921987;0.0711615999794197;-0.0005718420492485165;0.0038954803603701293;0.7109532982110978;0.00038745262427255513;0.0013671875
2853;4.106473088787242;1.0;0.5451460169266955;0.7843880250979602;0.04350534530785053;0.003293116739951074;0.022708447091281413;0.7281495153903961;0.000998048740439117;0.00859375
2854;3.8921690815062586;1.0;0.32506421115026224;0.431701135527151;0.026507224789355858;-0.0008416080847382546;0.017713112640194595;0.6944767117500306;0.0005906644742935896;0.0044921875
2855;3.7153036396477592;1.0;0.5567649783852336;0.8649091137864778;0.10505571007755178;0.0005972191225737334;0.019167535845190285;0.7084244132041931;0.0006840044283308089;0.004296875
2856;4.310054344146577;1.0;0.5477761157891182;0.7788087619797078;0.02504308544795601;0.004251194279640913;0.024289415031671525;0.7443285197019577;0.0011390981147997082;0.0080078125
2857;4.2836276563991404;1.0;0.6927272590826559;1.0226489398201286;0.04143754569031158;0.0014628476463258266;0.025664413813501596;0.740413510799408;0.0006417149561457336;0.0046875
2858;4.05984644733085;1.0;0.49107631567927357;0.7235853379393453;0.031160731670084037;-0.002313408302143216;0.016174980578944086;0.731690302491188;0.0011836234480142593;0.0115234375
2859;4.4803556351604605;1.0;0.6412638132065632;0.9858277755474688;0.019815261375390053;0.005628741439431905;0.009007120318710805;0.7641945153474807;0.0008281445829197764;0.0037109375
2860;4.170377426344114;1.0;0.4822268201186887;0.6651079672286659;0.03660569037963105;-0.004576205741614103;0.015352563932538033;0.7771327644586563;0.0019601782551035285;0.017578125
2861;4.347192419137941;1.0;0.47244995292248704;0.6997970439086536;0.014784793489001129;-0.010678144684061409;0.015127490740269423;0.7527938067913056;0.0012204799451865256;0.0107421875
2862;4.121831146630884;1.0;0.735864291575507;1.1616319238413255;0.055091077722536914;-0.003139581857249141;0.008121630898676813;0.760680103302002;0.0016038892674259842;0.016015625
2863;4.417631374282393;1.0;0.6456732321706472;0.947542704584912;0.01929683124972277;-0.006030328292399645;0.007256598817184568;0.7553205877542496;0.0016210074070841074;0.01171875
2864;3.7560358592555776;1.0;0.3864330629982602;0.5676255353728036;0.029422480743331265;-0.0038890046067535876;0.010544853354804217;0.767748087644577;0.0013516980921849608;0.0103515625
2865;4.297340833472846;1.0;0.7591451747991206;1.2558863644279412;0.044207246534649525;-0.0036563791800290346;0.006440840428695083;0.7615473449230195;0.0006055665900930763;0.0005859375
2866;3.5895563005767674;1.0;0.6245176042481083;0.8859370580457263;0.07106246040799806;-0.004698068648576736;0.0207021611277014;0.6851606011390686;0.000815669761504978;0.00625
2867;3.9788407173606464;1.0;0.5346067308282049;0.7926966879752748;0.04261340460271515;-0.005145562533289194;0.012153393914923072;0.781292250752449;0.0008206882397644222;0.0052734375
2868;4.123833344313418;1.0;0.6520220864758617;1.019648425084242;0.03708095047465529;-0.007529396843165159;0.01768100308254361;0.7025905460119247;0.0010073489625938236;0.0076171875
2869;3.7930442975719476;1.0;0.607758107769076;0.8763085491289293;0.05948655285027196;-0.0031425526831299067;0.015569212241098284;0.734224408864975;0.0009698751382529736;0.006640625
2870;4.170705500898212;1.0;0.7524018094072413;1.2238082004876405;0.04351090917858257;-0.0003987467847764492;0.012036234978586436;0.7238945841789246;0.0015721144038252533;0.012890625
2871;4.399837232656084;1.0;0.6352418012377762;0.9873648426195702;0.02099081482460958;0.0003580080810934305;0.024838005565106867;0.7341619908809662;0.0019309728289954365;0.022265625
2872;4.160857193661828;1.0;0.5323550613863635;0.7726629057251843;0.029256194117135384;-0.003984463214874267;0.025458411034196615;0.7523963898420334;0.001134416670538485;0.0107421875
2873;4.240677719427816;1.0;0.6429922883625672;0.9716274905555619;0.030582714615053366;-0.003593276720494032;0.02620549900457263;0.691001471877098;0.0030676619848236442;0.0345703125
2874;4.458401072947225;1.0;0.789880220199093;1.2942302051984707;0.03202399854251813;-0.0063153856433928015;0.03728148667141795;0.7261071115732193;0.0005427989177405834;0.001953125
2875;4.120874214068532;1.0;0.591762320916511;0.9052859959737147;0.033648708368861004;-0.006642950884997845;0.011939242808148265;0.7062925130128861;0.0006683527608402073;0.0037109375
2876;3.1617554568371222;1.0;0.604231978247628;0.8494293438403097;0.047776029161138996;-0.00821935951244086;0.030927953030914068;0.7267463803291321;0.001533103210385889;0.0166015625
2877;4.503280524814946;1.0;0.7840104443588382;1.3116542760532717;0.035744767307518674;-0.0018498927121981979;0.019331659749150278;0.7327373951673508;0.0011767061660066247;0.0107421875
2878;4.054988916316167;1.0;0.3509846342862988;0.5382912477627406;0.014428032417731733;-0.005461034458130598;0.02151917703449726;0.6909686833620071;0.0012608834658749402;0.0126953125
2879;4.128630328248233;1.0;0.5284490886788439;0.8145083252117347;0.033008440014756585;-0.0061777031514793634;0.010533767170272768;0.7937747716903687;0.0006596778519451618;0.0044921875
2880;3.9636640246731676;1.0;0.46870460478552;0.6576284509776223;0.01898172119866635;-0.006160396197810769;0.033175240457057956;0.7085236757993698;0.001510063768364489;0.0146484375
2881;4.491307968365423;1.0;0.6895031379677391;1.1169446573241013;0.022066019024138836;-0.01129852356389165;0.023965747281908988;0.6958688169717788;0.0012585249030962586;0.0083984375
2882;3.631547850725937;1.0;0.6106045717965468;0.9463827721951412;0.027756610181719214;-0.002107181865721941;0.020718462532386184;0.7241556376218796;0.00046084381174296143;0.0001953125
2883;4.326062822397409;1.0;0.6559472575678197;1.1059133175909808;0.04294561704429405;-0.007207414251752198;0.011467215698212385;0.7214050531387329;0.0014449929818511008;0.01640625
2884;3.9653916045717055;1.0;0.6362728765162797;0.9913670169925337;0.03889898503395943;-0.005882471613585949;0.014862313261255622;0.7659835487604141;0.001098011143039912;0.0091796875
2885;4.1735153830933305;1.0;0.5506164864660361;0.8200475752649441;0.025609880949487362;0.00036534757819026706;0.02939128866419196;0.6831606417894364;0.00046364794252440333;0.0021484375
2886;4.007858073048902;1.0;0.6920334025072065;1.0795316094207883;0.02576705688763052;0.002482765354216099;0.012553589977324009;0.7630695581436158;0.001417420175857842;0.013671875
2887;4.358004876316212;1.0;0.7508682181787673;1.213916916703814;0.029741234676643746;0.01104975352063775;0.042860152292996646;0.7263099402189255;0.0012120227213017643;0.010546875
2888;4.165463670603378;1.0;0.699716462157016;1.1470637977011269;0.03184735368419809;-0.009235057584010064;0.02373545882292092;0.7611021906137466;0.0014443859923630952;0.0111328125
2889;4.071770994102897;1.0;0.3983964949452644;0.5684650751964511;0.02621090873162746;-0.001126873167231679;0.02588461944833398;0.7399295300245285;0.0017492086975835265;0.0169921875
2890;4.124597371889981;1.0;0.48481476798795686;0.7514935770443224;0.021679192192892063;0.002446146169677377;0.02180902664549649;0.6837012857198715;0.0006058457074686885;0.0029296875
2891;4.002216497017561;1.0;0.5836655201957536;0.8914923958946723;0.030933090648098162;-0.009074023901484906;0.032448348589241505;0.7193526238203048;0.000822603702545166;0.0072265625
2892;4.188112454036993;1.0;0.6811263432168587;1.1070544279600927;0.025674271144277377;-0.0041907622246071695;0.027349119260907172;0.7221059262752533;0.001151343691162765;0.0099609375
2893;3.8811632218202177;1.0;0.5910089154179705;0.9148458491740576;0.0284855875795717;-0.006163394823670387;0.012476368900388479;0.7869378179311752;0.0012925126706250013;0.010546875
2894;4.2036243283657875;1.0;0.6004922405629274;0.9688391743526671;0.010980464294359381;-0.002924001542851329;0.010538187227211893;0.713180449604988;0.0027940880390815437;0.0296875
2895;3.9463140897322835;1.0;0.6342691815003522;1.030110694508445;0.04061010201756916;-0.008406023401767016;0.03005383936688304;0.789216285943985;0.0004432697664014995;0.00234375
2896;4.37859522887131;1.0;0.49126628668808875;0.7221581331936314;0.007429803501437168;-0.008689063950441778;0.007808721717447042;0.7479205906391144;0.0035515054361894725;0.0419921875
2897;4.159491594047628;1.0;0.5970401264486305;0.8824816012260219;0.02752630533298523;-0.0009165151510387659;0.014079906372353434;0.7741615563631058;0.001386946893762797;0.008203125
2898;4.477678013377583;1.0;0.7465349793817101;1.2481212112033115;0.029993132600263327;-0.00838758130557835;0.012602893309667707;0.7864007264375686;0.0009801076143048705;0.00390625
2899;4.338052069752019;1.0;0.6909331475965875;1.1524947281875482;0.02472675009869821;-0.00045526428148150443;0.0027589627774432302;0.79131578207016;0.0016492124763317407;0.014453125
2900;4.119353614105983;1.0;0.5631222457161983;0.8555726192651747;0.020951130621559632;-0.0035967401228845118;0.019165499275550245;0.7466672450304032;0.002843681967351586;0.0310546875
2901;4.0396137372126955;1.0;0.591473363694738;0.9229654490213647;0.02759826606542156;-0.006633143057115376;0.005584622826427221;0.7444096356630325;0.0019485086551867426;0.0146484375
2902;4.3729617710410045;1.0;0.6078269837717911;0.8902810130728542;0.012927076642579529;-0.002325022337026894;0.008883851277641953;0.7468989819288254;0.001502725831232965;0.0091796875
2903;4.325963357620648;1.0;0.6461616673480117;1.0465316245778589;0.02548005269828576;-0.0025904391426593066;0.010064621991477906;0.7418350905179978;0.0008009027689695359;0.006640625
2904;4.018072961046606;1.0;0.5658478469406768;0.8786842673445656;0.014733480840232004;-0.0030521295964717867;0.003487039206083864;0.7588948428630828;0.0022491762647405267;0.021484375
2905;4.398274660350129;1.0;0.5755804006075109;0.9274755086428296;0.011184529160928318;-0.001627548411488533;0.01110782588366419;0.6854916244745255;0.0022093789768405257;0.02421875
2906;3.993972209212533;1.0;0.6211359010842865;0.9885498842223308;0.026339413998993377;-0.004408356733620167;0.006116158724762499;0.7341710060834885;0.0017555481172166765;0.01484375
2907;3.797194092605154;1.0;0.6070640000926008;0.9088373042275331;0.03733682906476871;-0.005277276784181595;0.0029481670819222925;0.7757854342460633;0.0021512365550734104;0.027734375
2908;4.280009399774585;1.0;0.6326702630640284;1.0200363592119925;0.010655768510804594;0.00026552092749625443;0.006604681396856904;0.6932673126459121;0.0008815718116238713;0.0080078125
2909;4.247947863553106;1.0;0.3945664739067379;0.5946630859853779;0.0;-0.0012298866175115108;0.007469613826833666;0.7112820446491241;0.001706079172436148;0.0171875
2910;4.139835591822085;1.0;0.604557356886861;0.900197556189938;0.02090239472658231;-0.003384148050099611;0.0043989011901430786;0.7142504036426545;0.0012488998705521225;0.0095703125
2911;4.407711862632116;1.0;0.639354572073851;1.0535142052133104;0.025488302878339072;-0.003747052792459726;0.005921755870804191;0.6973667293787003;0.0007923341821879148;0.0046875
2912;3.683084570195353;1.0;0.3794523681794538;0.5561130587451657;0.015223552371173394;-0.0077691227197647095;0.0064697413006797435;0.7189712822437286;0.001079550653230399;0.0078125
2913;3.95870570175041;1.0;0.7000849473381049;1.1250391139115778;0.03167731973800355;0.000865665078163147;0.004918311606161296;0.7673776984214783;0.0015414408990181983;0.01328125
2914;3.8960175212310197;1.0;0.5538450944663927;0.7738118105306118;0.021020138964610302;-0.007606534659862519;0.0037030647858045996;0.7686554044485092;0.0010290870675817132;0.0076171875
2915;4.475007254797372;1.0;0.7496283414816495;1.214068639030442;0.03277264317882961;-0.012488987389951944;0.0030244746478274463;0.7094907850027085;0.0017458549933508038;0.0171875
2916;4.298973304088679;1.0;0.5496804213969346;0.8605689220002902;0.0005701111134558431;-0.007315131789073348;0.005110780149698258;0.69971082508564;0.0015537502127699553;0.0130859375
2917;4.255049471038092;1.0;0.5409482851452819;0.8365467745947004;0.014143242321207419;-0.007198815513402223;0.00455854213796556;0.6725428491830826;0.0013062709593214094;0.012890625
2918;4.146922524235461;1.0;0.6011197939635639;0.91883325585247;0.023090542395835436;-0.007607014756649733;0.006478480179794133;0.7232853025197983;0.0015148212201893329;0.01953125
2919;3.985920591086614;1.0;0.5291378234945697;0.7925882691883998;0.02832329363562823;-0.0023138074669986964;0.004747548559680581;0.7257875382900238;0.0008555053267627954;0.005078125
2920;4.408284093291396;1.0;0.6385517317417978;1.0924146211860783;0.01860352189091565;0.002354860445484519;0.0040902706095948815;0.7075752496719361;0.0010484425467438996;0.0107421875
2921;4.19028988406424;1.0;0.568190207582669;0.9005734832231046;0.01098490892537061;-0.011630635196343064;0.004740881966426969;0.6940032958984375;0.000735216774046421;0.0025390625
2922;4.193513229683093;1.0;0.48576255620809206;0.7378020232590022;0.008616779518460804;-0.007699817791581154;0.008106513088569045;0.6924228489398956;0.00406576634850353;0.0544921875
2923;4.389735583019536;1.0;0.564757305069652;0.9135933080467644;0.00492738684286243;-0.008233481785282493;0.005786910350434482;0.6481074303388595;0.0002626517903991044;0.000390625
2924;4.447488741170349;1.0;0.5762350359629973;0.9177938886409812;0.006893733829997741;-0.011963721364736557;0.004355437576305121;0.7113830894231796;0.002777042635716498;0.028125
2925;4.3692890057960785;1.0;0.5153679516718475;0.7810349298408128;0.0038297624433227687;-0.005631084821652621;0.0035607201978564264;0.6650263905525208;0.0023715213290415706;0.0271484375
2926;4.244197963281058;1.0;0.4892791553676105;0.7221011955791332;0.01587681153285791;-0.004080973658710718;0.0027599455788731575;0.6403416961431503;0.0011013344745151698;0.0115234375
2927;3.8299651267519907;1.0;0.5477490282674774;0.8133597710814097;0.01803585237204281;-0.0051908269990235565;0.004058827389962971;0.6242127597332001;0.0012293276144191624;0.009375
2928;4.214626522444531;1.0;0.5898440994302548;0.9016628263124935;0.021864977169796938;-0.008449059631675481;0.006626911438070237;0.6070088475942612;0.0013079863390885293;0.01484375
2929;4.147960808397579;1.0;0.5578108021527192;0.8687900715311481;0.00663320637344984;-0.010466490034013986;0.005856756633147597;0.6719359993934632;0.002213879558257759;0.0240234375
2930;2.6147835410983413;1.0;0.6651163375426494;1.0582680909021833;0.025472676968017777;0.0005510780028998852;0.005464204563759267;0.6644663751125336;0.001453401439357549;0.01328125
2931;3.7832748290061624;1.0;0.6070799236714902;0.9165082350404359;0.029112532075415882;-0.012301873113028706;0.0031077905674465;0.6394476681947708;0.0005999558023177087;0.0052734375
2932;4.148086283888983;1.0;0.5825552581943605;0.913195881780984;0.02509049903664403;-0.008083539316430688;0.003374332678504288;0.6382219880819321;0.0009010387002490461;0.0107421875
2933;4.191679095241998;1.0;0.654487198813589;1.055459922292163;0.017898276625250627;0.007391593605279923;0.0037353749619796874;0.6875439018011094;0.0012752984534017743;0.0109375
2934;4.072729677586812;1.0;0.6038905789327138;0.9190057976612548;0.020243168504356;-0.005787888821214437;0.003235570399556309;0.6499245733022689;0.002622711460571736;0.033203125
2935;4.508643943612244;1.0;0.7770552070740804;1.2839602418770817;0.027152325967106337;-0.01080708377994597;0.0035227363696321845;0.6446535408496856;0.0012637194129638373;0.0095703125
2936;4.194874870538012;1.0;0.64851355019304;1.041743653093635;0.015601203032263268;-0.009499277081340551;0.0026403734111227093;0.6399856984615326;0.002162689168471843;0.024609375
2937;4.3380745800447285;1.0;0.6341579219124688;0.9641503628832663;0.005388672196403528;-0.005383577710017562;0.004479738452937454;0.6494138211011886;0.0014420960564166308;0.013671875
2938;4.12061333030973;1.0;0.607194096177735;0.949218765429902;0.02559898923865959;-0.0109857517760247;0.006714812084101141;0.6569250404834748;0.0009384564240463078;0.009375
2939;4.327888410873153;1.0;0.5070012959631882;0.7632797941058338;0.013063303392274402;-0.007505989260971546;0.005012980662286282;0.667017138004303;0.0020486955996602773;0.0287109375
2940;3.177715901544817;1.0;0.22163648748731735;0.3415435945586309;0.00989359322212436;-0.007735528261400759;0.0024267267319373785;0.600725519657135;0.0017520442372187973;0.0232421875
2941;4.3284159227648775;1.0;0.43399473416725454;0.63741976262669;0.009588358565406343;-0.006532439403235913;0.00725943308789283;0.6477578043937683;0.0011360324686393141;0.009375
2942;4.136242207205047;1.0;0.6351851271197768;1.0197312589838778;0.017829582389283737;0.001267709769308567;0.0065525833517313;0.6760354250669479;0.003218016237951815;0.0396484375
2943;3.7841033603727148;1.0;0.5939233914301838;0.8726290529284708;0.03266475661420944;-0.0016972500830888747;0.003165323584107682;0.6504095762968063;0.001048035582061857;0.0056640625
2944;4.223671223643379;1.0;0.46714963754285016;0.6718182011948689;0.010648798895797486;-0.003011493384838104;0.003085187065880746;0.5991877049207688;0.0019913478288799526;0.0205078125
2945;4.10690763390303;1.0;0.6516944955665254;1.0216995509548241;0.023750999113086296;-0.0028820320963859557;0.004572578950319439;0.6566846251487732;0.0019102587946690619;0.02265625
2946;3.8517982263082216;1.0;0.4470204020782614;0.583646880747529;0.021007126922512828;0.0057919973507523535;0.0030171456513926388;0.6499823778867722;0.0016476430813781918;0.0130859375
2947;3.967734773749807;1.0;0.6394939627702092;0.9769914564612311;0.03603417270155672;-0.00019105244427919388;0.007176072779111564;0.642952772974968;0.0006293223588727415;0.0064453125
2948;4.492308069673739;1.0;0.7442466888014502;1.2044999608186775;0.02175555668194346;-0.008899304806254804;0.006984929437749088;0.647536325454712;0.003260074683930725;0.041015625
2949;4.283406698150426;1.0;0.6772312190796129;1.093444578407344;0.032276149843918744;-0.00041754711419343947;0.009805195964872837;0.6685062766075134;0.001744607521686703;0.0201171875
2950;4.153647506565978;1.0;0.7007268990880299;1.1496298606545992;0.03312352157873663;0.0021587950643151997;0.007114928704686463;0.6822458237409592;0.001715762761887163;0.019140625
2951;4.24250262374762;1.0;0.5412426278143571;0.7694986328570396;0.025459836955969463;-0.006350142741575837;0.0054226582637056705;0.6464944779872894;0.001026303053367883;0.0103515625
2952;3.993795592001861;1.0;0.6287570097822659;0.980535567994783;0.036062513812492196;-0.0011704603675752878;0.00459712523734197;0.6078891009092331;0.0009851275361143052;0.0072265625
2953;3.984742013899413;1.0;0.41110516090717025;0.6096890888200969;0.02824792761314901;-0.006659167492762208;0.018424337962642312;0.6348473012447358;0.0020545136649161577;0.0220703125
2954;4.025122334933329;1.0;0.5937281396352301;0.9301486405991418;0.022814527873911777;0.002990340441465378;0.006805028207600117;0.6308803945779801;0.0008383979322388769;0.0068359375
2955;4.07418122913314;1.0;0.607466495420855;0.9202815027599788;0.037741457348714764;-0.006403240049257875;0.004949488886632025;0.6712055444717407;0.0010940095875412227;0.007421875
2956;4.197012956860359;1.0;0.3566135642200214;0.5513504270550833;0.022528429480442494;-0.006123552843928337;0.005411542719230056;0.6566843062639236;0.0018699130509048701;0.021484375
2957;4.452688313737428;1.0;0.6378220708311488;1.0079043602979385;0.011764314209963826;-0.004902509413659573;0.00514864755095914;0.6034909278154373;0.001190899999346584;0.012109375
2958;4.428467386246982;1.0;0.6166880069252841;0.9862086039932937;0.029035668479362068;-0.006243808567523957;0.012505821231752635;0.6075134992599487;0.0006206326885148883;0.0046875
2959;4.425699917863457;1.0;0.6348772293483829;1.0599567954895666;0.02987101495095679;0.0011665920726954937;0.013022530172020198;0.6595008432865143;0.00047245041932910683;0.0021484375
2960;4.452289620253383;1.0;0.6584459415214665;1.1272680308140817;0.055442893316968785;0.002113698469474912;0.006931123160757125;0.6246089696884155;0.0008179904194548726;0.0076171875
2961;3.961681185261897;1.0;0.5949838215264882;0.9264675802909506;0.03471478955139804;-0.0055489554069936275;0.008180398726835847;0.6243185579776764;0.0011660081916488707;0.01015625
2962;4.456756729174164;1.0;0.5621068969568305;0.8985835462023547;0.0;-0.008599984738975764;0.013525063591077923;0.6727876961231232;0.0012658753665164113;0.0146484375
2963;4.078436047596874;1.0;0.6447161878716264;1.0540304655844839;0.013209755861007942;-0.004627759521827102;0.0065036338288337;0.65281183719635;0.0010670418967492878;0.0095703125
2964;4.203938932076466;1.0;0.5343422170760506;0.8199105968873296;0.004427959586675385;-0.005096717271953821;0.010240505845285953;0.6232356578111649;0.0009359707008115947;0.011328125
2965;4.012193420991583;1.0;0.5727052790189466;0.8583987344733555;0.02052366682686566;-0.009875768423080444;0.00999435195699334;0.6704516500234604;0.0011919039185158907;0.0142578125
2966;4.510889603302607;1.0;0.8127132132221868;1.3307035559126108;0.021329403498154386;-0.0017884201370179653;0.015465850522741676;0.6864209085702896;0.0009340667980723083;0.006640625
2967;4.254048085152838;1.0;0.4496074149065389;0.6479383482887582;0.020332029095257654;-0.003903031162917614;0.010458539961837232;0.6911187648773194;0.002120106038637459;0.029296875
2968;4.295127043702734;1.0;0.6821505297286982;1.102509944776792;0.05696021157405896;-0.007533832266926765;0.02014716980047524;0.6734439462423325;0.0026733918464742603;0.033203125
2969;4.388711371097051;1.0;0.5662956038703887;0.8095997849721749;0.015199760430774643;-0.006573449750430882;0.032262619119137526;0.7048709630966187;0.0030904037063010036;0.035546875
2970;3.659882662986037;1.0;0.6598015295513139;1.0353022258637425;0.04174106326680403;-0.005646350979804993;0.013303518993780017;0.6388994097709656;0.0008548061712644994;0.0060546875
2971;3.733337375826874;1.0;0.6452637347002316;0.9558302572481526;0.05729475391881219;-0.00110364300198853;0.014873480563983322;0.6910727441310882;0.0008009293233044446;0.0078125
2972;4.107547706460162;1.0;0.6361339748296241;0.9422725333829259;0.03165120511626829;-0.010371022671461106;0.015450701490044594;0.7091904252767562;0.0010916559724137187;0.0080078125
2973;4.4259467861853246;1.0;0.7492619375923341;1.2060192059321864;0.016930505299136915;-0.005756570678204298;0.0264241105876863;0.6706397622823715;0.002252062794286758;0.0234375
2974;3.813229461520465;1.0;0.6040381515300111;0.85833410374393;0.02670198803461236;-0.0008105661720037461;0.021188477287068963;0.6785915076732636;0.0007254548720084131;0.007421875
2975;4.027590280209651;1.0;0.6795475945171648;1.0851307207594416;0.032534424721041184;0.0032017980702221394;0.006829590280540287;0.7306487739086152;0.0006054933415725827;0.002734375
2976;4.04698457074161;1.0;0.5817728761143177;0.8704019684743324;0.03597027213618084;0.0005910788313485682;0.009801586857065558;0.7258684247732162;0.001252157229464501;0.0095703125
2977;4.184731860208425;1.0;0.4213118686179325;0.6379895875522055;0.014439118013200341;-0.002556305564939976;0.01842535552568734;0.7156421899795532;0.0008960113860666752;0.0048828125
2978;4.123889284839732;1.0;0.6154603180432485;0.9154066914928021;0.02858741351477439;-0.00871946052648127;0.008598298276774585;0.6992884844541549;0.0010248231119476259;0.0060546875
2979;4.016948291833604;1.0;0.5083120849148154;0.760679692956667;0.02255218162865805;-0.000988406967371702;0.014013189822435379;0.7147014439105988;0.0012211474822834134;0.0099609375
2980;4.433949553404214;1.0;0.755522838354867;1.2667788795883217;0.027621011337350492;-0.0013376221526414157;0.007644100463949144;0.7263990312814712;0.0012602122384123503;0.0123046875
2981;3.859203773080352;1.0;0.5702299104780906;0.846341220134618;0.02477356790658974;-0.013793863262981177;0.01724900766275823;0.7546786934137344;0.0011979391099885106;0.012109375
2982;4.203907933811859;1.0;0.5757431733644377;0.9050127946454969;0.024385705673357835;0.005563540244475007;0.010242270166054368;0.7100378453731537;0.001296849688515067;0.008984375
2983;4.234509972129216;1.0;0.6727327239317139;1.0586345084415343;0.020904110390039973;-0.009965146775357425;0.010463611083105206;0.6796642303466797;0.0009795838268473744;0.0080078125
2984;4.3851826181663744;1.0;0.6502388671200239;1.0152282221335982;0.016186474584339878;-0.011274784663692116;0.01061288572382182;0.713795256614685;0.0006246357457712293;0.001953125
2985;3.826816664138559;1.0;0.6373849020558537;0.9997914448225144;0.028609125949084446;-0.01303740292787552;0.019838510453701018;0.6947225272655487;0.0010257821762934328;0.007421875
2986;4.317079521799333;1.0;0.6474594369859007;1.0039337965212718;0.015925831151879594;-0.0018641798757016658;0.019232588820159435;0.7374439686536789;0.0007119615562260151;0.003515625
2987;3.74447391542701;1.0;0.6598440052510048;1.0454823883542195;0.033989945112192756;0.0045958846807479855;0.012440652726218105;0.7128582924604416;0.0008063652436248958;0.00390625
2988;4.28185736670125;1.0;0.38803925605030526;0.5695310541688535;0.009820995227425341;-0.010083024320192636;0.02604145500808954;0.7650149405002594;0.0030842442298308014;0.040234375
2989;4.246586383240154;1.0;0.6403841468550494;0.9996086637086129;0.01579993218057267;-0.002674926584586501;0.014323629578575492;0.6758992701768876;0.0005825367989018559;0.0046875
2990;4.446693765742131;1.0;0.6819379035480719;1.128601370346574;0.0065189424461500195;-0.0017113933339715005;0.026928497664630412;0.6773547291755676;0.0006526461220346391;0.006640625
2991;4.2362901375089805;1.0;0.600246654859609;0.9544780019185761;0.01578872136568627;-0.00960925528779626;0.021380762010812758;0.7020201802253723;0.002348530024755746;0.0306640625
2992;4.0000097127733065;1.0;0.4564420671448165;0.6825101242267108;0.011317448099988098;-0.012898845924064517;0.009392566094174982;0.7248455107212066;0.0014215461211279034;0.0130859375
2993;4.313464493906762;1.0;0.6019399811305831;0.9222097470685682;0.017019969660954926;-0.016202466282993554;0.007208260474726558;0.6959457278251648;0.0020814171875827014;0.0232421875
2994;4.09638771619017;1.0;0.6244705073933448;0.9743436060620272;0.01978630519341712;0.0052625538315624;0.01543386687990278;0.7206415325403214;0.0005985906580463051;0.0021484375
2995;3.923751213797077;1.0;0.4954857522694074;0.759048785550314;0.024538335400582;0.001891015749424696;0.005196418240666389;0.7007556319236755;0.0022748878807760777;0.0298828125
2996;3.965246856854205;1.0;0.5255272706139344;0.7866658471602175;0.025495567013160497;-0.0016011392697691917;0.007222373224794865;0.6855199605226516;0.0003992810961790383;0.0015625
2997;4.0443219328920454;1.0;0.5747909983461957;0.8982837311611849;0.02186597474276192;-0.011511695012450219;0.009883596817962826;0.6874135375022888;0.0030060726567171514;0.0376953125
2998;3.965973916397712;1.0;0.599858369011767;0.9255706656300826;0.031437465809801834;-0.006396858859807253;0.004366975114680827;0.6871224045753479;0.0036463007796555757;0.0498046875
2999;4.2362769359353445;1.0;0.5377719811923016;0.8289281404782624;0.021171822076677543;-0.004772295570001006;0.005460690043400973;0.702172189950943;0.00048391747986897826;0.0013671875
3000;4.324620790033794;1.0;0.649196749895706;1.067417132162344;0.029163722245240113;-0.004975863918662071;0.004406576906330883;0.6693475037813187;0.0011232600081712008;0.010546875
3001;4.063380089276927;1.0;0.6437523990779366;1.0389343049697217;0.019648119560081327;-0.007835421618074179;0.004508243617601692;0.6583747178316116;0.0018823689548298716;0.0197265625
3002;4.212285475634319;1.0;0.43844062795558625;0.6168766905890465;0.023917949329798214;-0.010238150227814912;0.003690130857285112;0.6738053947687149;0.001631873135920614;0.016015625
3003;3.935472155579141;1.0;0.3072581676355772;0.45632590146328494;0.0;-0.007560233701951802;0.005298015987500548;0.6538716524839401;0.0021921446081250907;0.0298828125
3004;4.153044170081281;1.0;0.5399492100351994;0.792806980284685;0.02051515565901548;0.0016417932696640492;0.0031052597449161114;0.6637066692113877;0.0013209802331402899;0.012109375
3005;4.114025037187463;1.0;0.6006836038168679;0.9147257509860829;0.028834605762411848;-0.0021303105168044567;0.007221310865134001;0.6814451724290848;0.0013000346021726727;0.014453125
3006;4.48766641715209;1.0;0.7691727958670809;1.2510643791416902;0.022595860396357526;-0.0038918262347579003;0.0035997378174215553;0.6813175767660141;0.0014291383558884263;0.0111328125
3007;4.285624033943627;1.0;0.5791417482918493;0.9024355358665603;0.034675531218416;-0.0028635953087359665;0.008677868242375552;0.7206971615552902;0.0015551608055830001;0.0130859375
3008;4.27187740802704;1.0;0.5488151670854619;0.7977993227437219;0.02022808567639181;-0.00874935002066195;0.00917203885037452;0.7503948837518692;0.0015611495706252753;0.01796875
3009;4.37489982212648;1.0;0.6385940983244726;0.9811218831082006;0.01873805573722257;0.008029940631240606;0.004817241174168885;0.7057868599891662;0.0011197927757166325;0.009765625
3010;4.388621721287864;1.0;0.6827739516141141;1.1087489764285032;0.027769273243270387;-0.010383064113557338;0.011567567684687674;0.7286110579967499;0.00175839071162045;0.0228515625
3011;3.507829869752067;1.0;0.22102080573918426;0.33420262330167716;0.0;0.0004976408556103707;0.00895274910144508;0.6358773857355118;0.0009635519119910896;0.0064453125
3012;4.133358597299334;1.0;0.5702333531848643;0.8553251242451243;0.02383928298732049;-0.006451861106324941;0.03854085402563214;0.6653570771217346;0.0017424563644453882;0.0197265625
3013;4.4634591642397865;1.0;0.684862260231317;1.0921128145892756;0.022692417554675173;-0.010347780003212393;0.012093871785327791;0.6869205594062805;0.001585175096988678;0.0140625
3014;4.358736777421982;1.0;0.636716596081974;0.9336494195048969;0.011579755588246449;-0.002222735155373812;0.02590952469035983;0.6118410944938659;0.001200705918017775;0.0119140625
3015;4.069591570002885;1.0;0.5924628026522654;0.939139154244;0.07209547956245722;-0.0029153218492865562;0.022377321776002646;0.6714944392442703;0.0010030713281594216;0.0064453125
3016;3.788176023648524;1.0;0.6248458857277518;0.9467874576533952;0.04358802846777163;-0.008200982864946128;0.012315987749025226;0.7144578993320465;0.0013781223446130753;0.013671875
3017;4.349366727282833;1.0;0.6647053945567502;1.0362209115133265;0.018764007547552218;-0.011989979026839136;0.01888451846316457;0.6408635884523392;0.0018617304624058307;0.0185546875
3018;4.420028723524462;1.0;0.7744571283683629;1.2412014364519646;0.03133428152648182;-0.008602710475679487;0.031732339132577184;0.6503606140613556;0.0014253746601752936;0.0125
3019;4.311295078929306;1.0;0.6504469649507026;1.0184231718121035;0.025858378615944054;-0.005190217355266214;0.025311237294226886;0.7183485925197601;0.0010271235485561192;0.01015625
3020;3.9130146209126497;1.0;0.6080167029871086;0.9068245072020923;0.0310084528387148;0.003453710814937949;0.037576738838106395;0.6322787672281265;0.0004005060531198978;0.001171875
3021;4.450445725073276;1.0;0.6482074853978262;0.9436739855193341;0.013783733682845916;-0.005328827630728483;0.024904104229062796;0.7700981765985488;0.0013430857099592686;0.0115234375
3022;4.203186815193677;1.0;0.7553623742072068;1.2382599905081453;0.03641327434488287;-0.007339368108659983;0.0141534227412194;0.710153591632843;0.0012449261383153498;0.0146484375
3023;4.257240761119611;1.0;0.6472933968697206;0.9786312090204847;0.02274630381619281;0.004032338270917535;0.017001834930852056;0.7267254590988159;0.00042448159074410797;0.000390625
3024;4.354709373255835;1.0;0.7875235326406301;1.2755731572513092;0.02762216601151644;-0.0008142896927893162;0.02978394120000303;0.7825455248355866;0.0008011964382603765;0.0056640625
3025;4.23552384062858;1.0;0.6673249393665726;1.0464426793620603;0.030240021204612298;0.003011786798015237;0.029028617963194846;0.6856830447912217;0.0010864626616239547;0.0109375
3026;4.2397247826046955;1.0;0.6125656884865597;0.9339654004366962;0.02372403703909825;-0.011666447669267655;0.0188909905962646;0.6718398809432984;0.0011614076793193817;0.0111328125
3027;3.7602011923641707;1.0;0.639920365232472;0.9454522447030433;0.06098494535777747;-0.007682396983727813;0.030538404267281292;0.6902142614126205;0.0015936081530526281;0.0166015625
3028;4.282807042331226;1.0;0.5292153541594189;0.72565916308875;0.015353590243663132;-0.004419861733913422;0.015939497435465456;0.7086398512125015;0.0004087020992301404;0.0009765625
3029;3.829742543865418;1.0;0.6326936614763616;0.9650392705779247;0.05974290809224966;-0.0056090197991579775;0.015181437018327415;0.6833353638648987;0.0014093034900724889;0.015234375
3030;4.259417002808185;1.0;0.6400462175446131;0.9858895331845563;0.02419486460812642;0.0009001213824376464;0.011330996849574148;0.6833153307437897;0.0008859676774591208;0.006640625
3031;4.312451593822083;1.0;0.6323276227205591;0.9249237266125898;0.020273296128904383;-0.0031048353528603913;0.029183389991521834;0.7006846785545349;0.002050380990840495;0.023828125
3032;4.142468920549189;1.0;0.6733861028047826;0.9920467972256036;0.03258001468363448;-0.006705480068922043;0.02369857900775969;0.6684978902339935;0.001053267391398549;0.0072265625
3033;4.466848324049141;1.0;0.7544278652988715;1.2261653744849905;0.01605840284977236;-0.0058453947771340605;0.016229449585080147;0.6601991027593612;0.0014314227853901684;0.0123046875
3034;3.0653684866538877;1.0;0.577414426630272;0.8092555647132625;0.036952347424968064;-0.004219779931008816;0.009364690072834492;0.7025679260492325;0.002000427828170359;0.0216796875
3035;4.195044572315185;1.0;0.5989249313311449;0.8527491574804537;0.025537136085139453;-0.00020290706306695937;0.006803808850236237;0.6393408924341202;0.001022448274306953;0.0119140625
3036;4.129449890855554;1.0;0.5930429641837348;0.8686895660832099;0.02329151040127597;-0.005623323377221823;0.014790692646056414;0.6874749422073364;0.0008046919479966164;0.0056640625
3037;4.489695809099192;1.0;0.739446525773493;1.2374144093755004;0.018228475835456347;0.001251362357288599;0.009668000438250602;0.6837551802396774;0.002050780248828232;0.0279296875
3038;4.058534704820252;1.0;0.699413947839679;1.1526974614510355;0.03427995348640471;-0.0024076562374830248;0.011800043564289809;0.6967816680669785;0.0010716906981542706;0.0080078125
3039;4.2911797722921055;1.0;0.7044178837054161;1.1573254782649305;0.024664996715979305;-0.004758724058046937;0.009361166902817786;0.6744311958551407;0.0008836640859954059;0.0060546875
3040;4.048478505655401;1.0;0.5738189224270769;0.7907718133858976;0.02977456839982842;-0.0035016804467886686;0.009120614733546972;0.6943581432104111;0.0011901701451279222;0.0119140625
3041;4.0214810900372155;1.0;0.6591265839637361;1.0505835271643293;0.05015472171344389;-0.003321199445053935;0.004822084004990757;0.6412668943405151;0.0009585685329511762;0.0041015625
3042;4.478721035383638;1.0;0.6961267390523727;1.0644140132176176;0.012856084055793637;-0.007986667333170772;0.007742836303077638;0.6268521666526794;0.0010617733467370271;0.007421875
3043;4.321869409396578;1.0;0.6430562098567063;1.0083382687817675;0.02692679868453092;-0.006290988181717694;0.008661615382879972;0.631436464190483;0.0010393172036856414;0.0083984375
3044;4.192676308005511;1.0;0.4350124253868866;0.6212988177694262;0.013547144121607648;0.0038591585820540787;0.006869328033644706;0.6649742305278779;0.0010518731898628176;0.00859375
3045;4.0036553144216;1.0;0.6470605799251229;0.9918995646757397;0.03918622228515758;-0.00762594286352396;0.0056380753638222815;0.6903479516506195;0.0022984958486631513;0.0265625
3046;4.384461297778152;1.0;0.660251640029672;1.0260186348218296;0.018770889606417478;0.000497986376285553;0.008227487816475332;0.7228807717561722;0.0017578371451236307;0.016015625
3047;3.855933336299199;1.0;0.3668566437649146;0.5005996850584222;0.025494161456064528;0.0015777758555486799;0.008020275505259633;0.6202672511339188;0.0009138330584391952;0.00625
3048;4.410004304223842;1.0;0.7162529206398328;1.16665006458045;0.01639765084643401;-0.0024809259455651047;0.01186236529611051;0.6540291339159012;0.000707059702835977;0.008984375
3049;4.408201160075246;1.0;0.6102268019295013;0.9499020620868901;0.01015072305760668;-0.003543499670922756;0.004372303490526974;0.6498941123485565;0.0009810430696234108;0.011328125
3050;2.5808421472002525;1.0;0.6663863131836494;0.9446247846335167;0.03855321671794773;-0.005331834452226758;0.0030594816547818483;0.6346385389566421;0.0011409491416998208;0.0109375
3051;4.442483941461129;1.0;0.5993324718032081;0.965038609671472;0.027213876530576626;-0.002111632656306028;0.003859087300952524;0.593955573439598;0.0006207946222275496;0.0025390625
3052;3.9382452676735094;1.0;0.6309818209227178;0.9557423798666446;0.04420741013040474;-0.005096812546253204;0.0027965282439254223;0.5924362987279892;0.001693085383158177;0.013671875
3053;3.942847435434592;1.0;0.5456383281024796;0.7113719031730296;0.03508191701747505;-0.007966956309974193;0.004960181307978928;0.6400957763195038;0.0010076477541588248;0.00859375
3054;4.3172588442806035;1.0;0.5601646975428621;0.8668190441295712;0.017470646600767074;-0.009270064765587449;0.0029116896097548307;0.6740307450294495;0.0010848272126168013;0.0103515625
3055;4.083988975099514;1.0;0.6762783485178288;1.0808569046820071;0.03263789335761715;-0.0027937219012528656;0.003068459138739854;0.6495386391878128;0.0026242149411700665;0.0359375
3056;4.191237413349302;1.0;0.6510701054705785;1.0910135291495846;0.01888941742572078;-0.005015530623495579;0.003766167920548469;0.6699318021535874;0.0014959792490117252;0.0140625
3057;4.255680254423176;1.0;0.522299516186896;0.7683070013636587;0.018487427451985623;-0.0003681818023324013;0.00459331669844687;0.6460954785346985;0.001177227881271392;0.01171875
3058;4.106411758306822;1.0;0.5754662060971784;0.8653304655957844;0.028392480585114153;-0.00316506908275187;0.0053937281598337;0.6220937520265579;0.0007310674642212689;0.003515625
3059;3.881172241809373;1.0;0.3289727451202217;0.4505044636984097;0.018065672410992;-0.003136143181473017;0.005828806618228555;0.6403187304735184;0.0009355981484986842;0.0064453125
3060;4.240951355581622;1.0;0.5208627398802793;0.8157455737829256;0.015712713741770846;-0.013717529317364096;0.0056247722124680875;0.6095210283994674;0.0010506285587325692;0.0087890625
3061;4.089508957583709;1.0;0.642044182683391;1.0401231635751957;0.029732127726120418;-0.006931513547897339;0.00405241948319599;0.6380063176155091;0.000649232289288193;0.0064453125
3062;4.109839298680452;1.0;0.4223632310595181;0.5715690497836251;0.015983012295749544;-0.01136269113048911;0.0030012862058356403;0.6053415387868881;0.001334177644457668;0.009765625
3063;3.9529418537008905;1.0;0.6574014092895558;1.05229114754374;0.03519907939113692;-0.005552029097452759;0.008107752678915859;0.6613418668508529;0.0015394374844618143;0.012890625
3064;3.927761799865686;1.0;0.6951982377618298;1.1184259056025203;0.04455836448204453;-0.00150332385674119;0.0074485186487436295;0.6861616224050522;0.0004946503788232804;0.00390625
3065;4.062778695777997;1.0;0.6620466827289871;1.0823150632253151;0.038203508809457595;-0.0034885633969679473;0.005963474698364735;0.7406886845827103;0.003055649995803833;0.0373046875
3066;3.965084808568958;1.0;0.5407632385725628;0.7711728416829545;0.031218886633832068;-0.0060385327320545915;0.004823664389550686;0.6378433316946029;0.0013798483763821424;0.0123046875
3067;4.251488704640203;1.0;0.6085804221521365;1.011568890967772;0.028573810118321403;-0.008192689344286918;0.007321508368477225;0.6589075982570648;0.0011323047103360296;0.009765625
3068;4.227347627766501;1.0;0.5649695968392382;0.8670330834532779;0.015881623824873844;0.006637499341741205;0.008198895887471736;0.6998568326234818;0.0017922488390468062;0.019140625
3069;4.187502314285374;1.0;0.5735251512707265;0.9185736705762209;0.03779596524121139;-0.002065175771713257;0.009415148966945707;0.6893900960683823;0.0006536006694659591;0.00390625
3070;4.470939706336724;1.0;0.6631896002615101;1.0892235242793946;0.016629227962842778;-0.0019150939770042896;0.008391076792031526;0.6657226234674454;0.0011025286046788096;0.0109375
3071;4.385513093741167;1.0;0.6437683589840639;1.0402628327240788;0.02053920379910765;-0.006164069939404726;0.008303894894197583;0.6181055873632431;0.0008173251524567604;0.0087890625
3072;4.152090733156699;1.0;0.3902509088627825;0.580595536758112;0.016361250056682677;-0.0029938872903585434;0.014390926901251077;0.6922906249761581;0.001918466528877616;0.01875
3073;3.863339030466825;1.0;0.6405432328843589;1.0405910714970497;0.05746694141493054;-0.0035966801457107066;0.009392600739374757;0.6443437725305557;0.0016063605202361942;0.0177734375
3074;3.526618639785706;1.0;0.719456881501996;1.1809435791963774;0.025799480419233217;-0.006831787806004286;0.00893742023035884;0.6139611274003982;0.001203092944342643;0.0142578125
3075;4.140726840843229;1.0;0.5584242257549603;0.842547657229254;0.025792236475811553;0.0014309135964140295;0.012588247843086719;0.6318976253271102;0.0017466121586039661;0.017578125
3076;4.216516957455133;1.0;0.4826394179378416;0.7275731924080265;0.016569443316730565;-0.007038729032501578;0.007224502111785114;0.6258469223976135;0.0010626815143041312;0.0083984375
3077;3.969112295702943;1.0;0.5730592800473145;0.8332527912324628;0.042987130336680196;-0.0031594470608979465;0.005588655825704336;0.610706228017807;0.001314523653127253;0.01015625
3078;4.420921673256403;1.0;0.6376639007856607;1.0233121176548292;0.011103649551659565;-0.0029552715364843606;0.010170373716391623;0.6860834360122681;0.0009968811529688538;0.0052734375
3079;4.228093413672692;1.0;0.5486409598486331;0.8575768188190566;0.025590140979533053;-0.0059817380271852015;0.014801811147481202;0.6477528959512711;0.0008661922765895724;0.0052734375
3080;4.175706332073781;1.0;0.5598852172187265;0.8023740611111801;0.02512983502280674;-0.00036331540904939176;0.008629606245085597;0.7026609390974045;0.00092314692446962;0.00546875
3081;4.042200428928272;1.0;0.5343997206785932;0.8172880245098068;0.02613111709459143;0.005267328210175037;0.008191271917894483;0.709172323346138;0.0008947380702011287;0.0072265625
3082;4.498588925750207;1.0;0.7630389731048703;1.2383607234092162;0.037661994474966765;-0.0026711205951869487;0.011249701678752898;0.6323910027742385;0.001119125063996762;0.008203125
3083;3.5036173015154706;1.0;0.5522336353374688;0.7895730567365172;0.009464714509609486;-0.010483994754031301;0.006792070623487234;0.6515066385269165;0.0010022441972978413;0.0091796875
3084;4.144191439440838;1.0;0.6253225133794343;0.991905851643227;0.033509055631906516;-0.007387567870318889;0.003869630966801196;0.6580312728881836;0.0009566675871610641;0.0091796875
3085;2.9418095575619017;1.0;0.7309131703358013;1.1455380021806683;0.049124274750162;-0.007757411012426019;0.004339218034874648;0.6514362782239914;0.0010273870080709457;0.00703125
3086;4.375578594936746;1.0;0.6317434854335665;1.005489011463654;0.020151161255783524;0.0019273250363767147;0.0070221528178080915;0.6012047469615937;0.0008198064169846475;0.004296875
3087;4.303220985115059;1.0;0.5242271449094698;0.7993817789365054;0.02316729588056433;0.00016671372577548027;0.028386967815458776;0.6659095078706742;0.00146320890635252;0.01171875
3088;3.866258368034055;1.0;0.6057332477181139;0.9026136139452514;0.04396043694204988;-0.0009273089235648513;0.00973484197165817;0.6567660510540009;0.000656055670697242;0.0015625
3089;4.472907952628158;1.0;0.7343588653216736;1.2196137185130165;0.019968837798284827;-0.009128981688991188;0.02099539218470454;0.5827199369668961;0.0008479844778776169;0.0080078125
3090;4.181643077489763;1.0;0.6886327546528893;1.0658211728538125;0.028155659985139563;-0.002246513031423092;0.028178647998720406;0.696751993894577;0.0009735676110722124;0.0064453125
3091;4.135761485690667;1.0;0.63659608085379;0.9718161517343614;0.02350790253504267;-0.005603792797774077;0.010003701969981193;0.6988264948129654;0.0013938638847321271;0.012890625
3092;3.884009848580755;1.0;0.7117303324225123;1.1263894526968588;0.04660353367906603;-0.002564907679334283;0.019747406337410213;0.6445997148752213;0.0014122024527750908;0.0142578125
3093;4.1881702148357896;1.0;0.6640111743883391;1.0057081578275324;0.02426167825567967;0.0012524320278316735;0.007818428450264037;0.6647953182458878;0.0012488475651480258;0.01015625
3094;4.365433934218053;1.0;0.6382670123458712;0.9432831319713748;0.017778986113840888;0.007822141982614994;0.0047361748642288145;0.6379449129104614;0.0018023570999503135;0.014453125
3095;4.424502980987473;1.0;0.7114823499621494;1.098492702564985;0.02643430383280477;-0.00992677202448249;0.0366943365894258;0.6343960523605346;0.0006355863064527511;0.003515625
3096;4.089652187795758;1.0;0.6140425778448703;0.8957371036284304;0.03338004463798219;-0.004489180655218661;0.030500118713825942;0.7118852257728576;0.0008152524940669536;0.00625
3097;4.222871100110249;1.0;0.530234138184727;0.7470999021613727;0.023752830834004222;-0.0013515617465600371;0.02468709656968713;0.6401756942272187;0.002230929187498987;0.0298828125
3098;4.456230188092437;1.0;0.7505745467055024;1.209284334820137;0.017766723747506152;-0.006798266153782606;0.017171400738880037;0.7798561722040176;0.0016558572184294461;0.0169921875
3099;4.495823024455238;1.0;0.7388524859616497;1.2043970907816932;0.017257704015931016;-0.0009617817588150502;0.020796020422130822;0.8131029158830643;0.0010508786886930465;0.0107421875
3100;2.535066717834822;1.0;0.7540482691351796;1.152795713784272;0.020026106631249516;-0.011546111339703203;0.014069679193198681;0.8026849240064621;0.001075654453597963;0.009375
3101;4.306255142814278;1.0;0.6747525945610238;1.0486398364029164;0.024265404381402116;-0.004692067299038172;0.011890986608341337;0.8614582806825638;0.002022565295919776;0.0232421875
3102;4.3717699708858095;1.0;0.7275845231630378;1.1089184519487745;0.03113262713182447;-0.011709129763767123;0.013167686248198151;0.7859247297048568;0.0015812412602826953;0.0173828125
3103;4.457748480134372;1.0;0.6405072734724216;1.0091282769121128;0.013927025535866482;-0.0009957900270819663;0.047160571161657575;0.7617022842168808;0.0008800952229648829;0.0076171875
3104;2.7263348442771846;1.0;0.3104757867778551;0.46922569535024766;0.05759604808383893;-0.0005805477499961853;0.011711712274700404;0.815714368224144;0.0007172440411522985;0.0029296875
3105;3.9601750481386433;1.0;0.25954573927140345;0.37635476154785197;0.012026158454789694;-0.005430724122561514;0.025377541780471802;0.862206119298935;0.0015708271064795553;0.0119140625
3106;4.297285855866141;1.0;0.6682385590236858;1.0525944771198632;0.035709794902555214;-0.0078820746159181;0.018136811908334494;0.7791327774524689;0.0010841110488399863;0.008984375
3107;4.020399481282303;1.0;0.6483886578959913;0.9608602671419617;0.04074761373476471;0.0013232359662652016;0.02075596316717565;0.7427606761455536;0.000684586400166154;0.0046875
3108;4.052586748985481;1.0;0.6547481781309965;0.9970604030435449;0.03592273036302427;-0.001870855549350381;0.011923959571868181;0.7801653712987899;0.000713009957689792;0.00546875
3109;4.318027399686772;1.0;0.6199631160052276;0.9260882894419877;0.027809713553596047;5.607092753052711e-05;0.04990748427808285;0.7269128680229187;0.0006914535537362098;0.0037109375
3110;4.104495641632708;1.0;0.6115232699530736;0.9310231230292394;0.025788613476222112;-0.006725554028525949;0.005683030444197356;0.7452760159969329;0.002404688624665141;0.0234375
3111;4.278717438245277;1.0;0.671695263199557;1.0836846420121173;0.030551018707689854;-0.0015788796357810498;0.015287671121768653;0.7662272751331329;0.0008763729478232562;0.0033203125
3112;3.7521842977725264;1.0;0.40621160242253523;0.5816423774477777;0.025971025706848495;-0.009904420073144137;0.005352120473980903;0.6714801996946335;0.0019464241224341095;0.01953125
3113;4.420233689599932;1.0;0.6466763463219704;1.089769536631079;0.03377044187448866;-0.004547972092404961;0.019879520498216154;0.7066825866699219;0.001362651539966464;0.0111328125
3114;4.228081908070805;1.0;0.6991814776049563;1.145869612383909;0.06450286818408693;-0.006048901914618909;0.021573342848569155;0.691835343837738;0.001512617152184248;0.0140625
3115;4.31098758076203;1.0;0.6129386938376784;0.8669323654458014;0.0247289858661371;0.003010541573166847;0.05593325830996036;0.693069851398468;0.0005759028950706125;0.0033203125
3116;3.540881892374572;1.0;0.4382959148721718;0.6505009108782668;0.04002191622888812;-0.00935394442640245;0.010539354430511594;0.6728296935558319;0.0011905080871656537;0.01171875
3117;3.9355551263162627;1.0;0.2431266212894556;0.36737273460724845;0.0024098657213280817;-0.009229616890661419;0.01902624745853245;0.7188705652952194;0.0013913024449720979;0.0095703125
3118;4.245323773883462;1.0;0.7357152711740014;1.1554943743396453;0.02843152140570795;-0.0024001813493669034;0.01275053054559976;0.6910279989242554;0.0013902408303692938;0.0123046875
3119;4.332573162479235;1.0;0.6975521101613306;1.1152017111335546;0.02302164500005644;-0.005527044553309679;0.04246774353086948;0.6555109620094299;0.0010045597446151078;0.0091796875
3120;3.165435545331843;1.0;0.6479915780279693;0.9788264488285574;0.05141448725778964;-0.009093530755490065;0.026014019502326846;0.7348323851823807;0.0012342090485617518;0.012109375
3121;3.8611034574766014;1.0;0.6452955802403866;0.9234469983701244;0.05314774428880972;-0.002533085271716118;0.018820942658931018;0.698876678943634;0.0013341011828742922;0.0173828125
3122;3.6694035968507017;1.0;0.6026354133053421;0.87724549900334;0.05395397172261813;-0.007885670429095626;0.019127337262034416;0.7176585257053375;0.0020490632858127357;0.0232421875
3123;4.209763281623117;1.0;0.4794926559983464;0.6529403773306154;0.024214559425216872;-0.006851879321038723;0.02040495341643691;0.8023622810840607;0.001602957339491695;0.0154296875
3124;4.168508090818746;1.0;0.49496565791990266;0.677556284688355;0.023847072473496315;-0.006759814638644457;0.03348011700436473;0.7014568030834198;0.0012892412953078747;0.0072265625
3125;3.767057213787878;1.0;0.6675460431084405;1.0220969946155865;0.04628540024769418;-0.006637744326144457;0.017763883247971533;0.7895218700170517;0.00060863948892802;0.0029296875
3126;4.427622194115626;1.0;0.7638968688427347;1.2414757203644098;0.030858867486398402;-0.007813198259100318;0.008710733731277287;0.7455567121505737;0.0008461431018076837;0.0083984375
3127;4.3111573043885585;1.0;0.6011252164436067;0.9084453837808625;0.021596601519201567;-0.003424556786194444;0.006715040747076273;0.7807735085487366;0.001796275714877993;0.018359375
3128;4.006560387535699;1.0;0.489123391666382;0.725061837864658;0.03137567332545529;-0.007749189948663115;0.003500310785602778;0.7595158070325851;0.0015262939152307809;0.0138671875
3129;4.073316376628778;1.0;0.4849335151141961;0.6962645898302373;0.03803778965922514;0.00280784429050982;0.03513189861550927;0.7263806909322739;0.0008251327206380665;0.004296875
3130;4.232551663152616;1.0;0.6305747638722251;0.9883229377435276;0.021946049688382523;-0.0080591076053679;0.010422803345136344;0.748247841000557;0.0010574433952569961;0.0083984375
3131;4.396302222547142;1.0;0.7101953760143872;1.0960683402385127;0.022859200001298645;-0.0034909697715193033;0.03791483957320452;0.7046357870101929;0.0016718328697606921;0.0181640625
3132;4.021415027913206;1.0;0.6725089077736631;1.0506012375175582;0.04324381956724643;-0.009321038704365492;0.015156171610578894;0.7496304720640182;0.000989289314020425;0.003515625
3133;4.221520809595454;1.0;0.5903952254844209;0.8917897452530018;0.02463364175028482;-0.003234249004162848;0.02230077753774822;0.6929194211959839;0.0007930805557407438;0.002734375
3134;4.251828499404937;1.0;0.5831731211306409;0.8812159842562785;0.028178925700586867;-0.009894556645303965;0.031017164047807456;0.7359088033437728;0.0012564214179292322;0.01015625
3135;4.18918732975192;1.0;0.6252426114392098;0.939707248485437;0.023443215391335377;-0.004244734160602092;0.013367608236148954;0.7655454576015472;0.0019890604307875037;0.026171875
3136;3.456201431339049;1.0;0.6012304081106068;0.8072812889332962;0.06093588921282273;-0.00865817852318287;0.02601286703720689;0.7950270920991898;0.001196868356782943;0.011328125
3137;4.302522045972739;1.0;0.5579677609473119;0.8248994381929384;0.022282219336779135;-5.498172249644995e-05;0.024669087398797272;0.7847575098276138;0.0009715534280985594;0.00546875
3138;4.112731966630152;1.0;0.5461038403118209;0.8331906915673795;0.023934132828430404;-0.0015505277551710606;0.01986229605972767;0.7657420367002488;0.001716345502063632;0.01953125
3139;4.328895411347678;1.0;0.6385021679160723;0.985746998499763;0.02641971648343106;-0.00831874362193048;0.01887376676313579;0.8042132437229157;0.002297048398759216;0.02890625
3140;4.395249500688687;1.0;0.5549359943163713;0.8733390046084019;0.013676587381564869;-0.0006891745142638683;0.021637124381959437;0.8669899284839631;0.0012050283257849514;0.008984375
3141;3.901694498909003;1.0;0.5912142128734957;0.8881355192280962;0.03872095086835505;-0.00026338458992540835;0.01574840019457042;0.8326200306415558;0.00105876624584198;0.0052734375
3142;3.5467782167667883;1.0;0.5977782483138536;0.8739552689168254;0.03365452395856459;-0.002959692501462996;0.02384200505912304;0.8140835762023926;0.0023125126492232083;0.030859375
3143;4.419093418897681;1.0;0.5863839739001864;0.8813480960907678;0.01589129561688165;0.001445147884078324;0.0061017239931970835;0.8720208317041397;0.0016424600617028773;0.0162109375
3144;4.536087396945172;1.0;0.7770546316906598;1.3255361222098918;0.021533931380905303;-0.0031738776713609697;0.004552549903746694;0.7365785002708435;0.0009544639848172665;0.0080078125
3145;4.06085067370504;1.0;0.668470684360707;1.0454710485417664;0.0523608335022558;0.005653213057667017;0.007526137074455619;0.7238806784152985;0.0005494731012731791;0.00234375
3146;4.326629917190285;1.0;0.5327989317795796;0.8050799844985863;0.011118843089932521;-0.007645505294203758;0.01895394055172801;0.695841708779335;0.001218126597814262;0.0107421875
3147;4.381091975539644;1.0;0.46693129181752524;0.7428367530050844;0.015420366284969624;-0.0018206286011263728;0.010877318005077541;0.7604215234518051;0.0007522303378209472;0.0048828125
3148;4.267034818885812;1.0;0.6524477930146549;1.039323874986524;0.03690799327889166;-0.008173114946112036;0.026683381805196405;0.6830821543931961;0.0015195243177004158;0.014453125
3149;4.17258277596104;1.0;0.6092957431198804;0.9619304358034986;0.03361049583494005;-0.005528973834589124;0.008892666618339717;0.7558217018842697;0.0014541104785166681;0.0115234375
3150;4.140489632615099;1.0;0.4992798476443287;0.7600077324267014;0.028261041699700305;-0.004883948853239417;0.008232696284539997;0.7467096447944641;0.0018638843786902726;0.0201171875
3151;4.13993055861507;1.0;0.47264745248634576;0.7115811788159386;0.024517238164515665;-0.0037740399595350025;0.017642695596441625;0.7492640137672424;0.0011728266370482742;0.0080078125
3152;4.382228842764819;1.0;0.5966122225219832;0.9122718206724717;0.0158823277712974;-0.0015635544434189797;0.007306607300415635;0.7917144477367402;0.002321446698624641;0.026953125
3153;4.124489749991306;1.0;0.6564349926550178;1.0584728807666277;0.03239874782897045;-0.0040464421268552545;0.008239554148167372;0.7012858241796494;0.0023658913327381016;0.02734375
3154;4.512487120244659;1.0;0.7541077613140237;1.2617556450811922;0.021705266603938334;-0.0025070656556636095;0.0075624686665833;0.6862420946359634;0.0017205194570124149;0.016796875
3155;4.0622889902376835;1.0;0.5938244138430051;0.9251680645524372;0.028682097343760926;-0.015055695455521345;0.005598985101096332;0.6718073934316635;0.0008087671594694257;0.004296875
3156;4.444939976710254;1.0;0.6076577758295352;0.9616243555967365;0.018228743804248607;-0.008421826083213091;0.00772396414540708;0.6544039964675903;0.001369481743313372;0.0126953125
3157;4.2997204503101205;1.0;0.7392115604123174;1.2035268491044535;0.038292948330607805;-0.012171712308190762;0.004538677469827235;0.7319193840026855;0.00251237052725628;0.031640625
3158;4.33483150741387;1.0;0.6385941472910561;1.014788977609171;0.01837678528722406;-0.0035001372918486593;0.006864535110071302;0.6535907983779907;0.0009177672443911433;0.0060546875
3159;4.325813305046815;1.0;0.631222852590657;1.0209740987184512;0.031173620246395493;-0.0039028015453368425;0.003080270532518625;0.6578981220722199;0.0019535313593223693;0.021875
3160;3.7830395275300015;1.0;0.5288522047836212;0.6507346043454726;0.03791371665906923;-0.007912675337865948;0.005745186354033649;0.6136800557374954;0.0008064754540100694;0.006640625
3161;3.706388990112848;1.0;0.6132006352391354;0.9425005164938522;0.05894111549546913;-0.004947946639731526;0.006997222523204982;0.7281994909048081;0.0013407630496658385;0.0115234375
3162;4.4365438191011375;1.0;0.5561449086521408;0.8809632782173689;0.01134231650200123;-0.005731833353638649;0.004620720189996064;0.6091694504022598;0.0008399795857258141;0.0083984375
3163;4.298790316720929;1.0;0.49139926860290745;0.7308635208324812;0.013335185244538807;-0.008457245794124902;0.006922708125784993;0.6406421959400177;0.0010322560090571641;0.009765625
3164;3.9731641584299493;1.0;0.5351452435719546;0.8267479989929541;0.02121506629726963;-0.0019834848586469888;0.004850464593619108;0.6567177087068558;0.0021521828719414772;0.0234375
3165;3.83629501858704;1.0;0.5858249446640379;0.8869576944856988;0.0331123013639515;-0.007690498512238264;0.004849184141494334;0.6232717245817184;0.0018257706076838076;0.0234375
3166;3.9710990016428034;1.0;0.5811631822713302;0.8402336043851406;0.04149017377614115;-0.003517170948907733;0.0050050185294821855;0.5987266331911087;0.0009415332460775971;0.0056640625
3167;4.029911387379482;1.0;0.6177781154673353;0.9861924380306997;0.0315060118403714;-0.0013723018113523723;0.016464097006246448;0.5917636394500733;0.0010618091793730855;0.009375
3168;4.191721482341625;1.0;0.5600247238316746;0.8637983643993571;0.04655502592651612;-0.003238728316500783;0.017261392110958694;0.5982289463281631;0.0013633309747092426;0.0142578125
3169;4.127901382012725;1.0;0.6915958567788149;1.100559015092144;0.041858970064928946;-0.0034941501449793576;0.00903939085546881;0.5857490628957749;0.00081783018540591;0.0046875
3170;4.131033220886011;1.0;0.44989853439080285;0.6819752180250271;0.028041958764591608;-0.006110228458419442;0.015989313088357448;0.6235529214143753;0.002574943611398339;0.027734375
3171;4.340006594981653;1.0;0.6293765758603928;0.9956976365960505;0.02359200287540139;-0.0008793031796813011;0.009283572947606445;0.6335442811250687;0.0005488613154739141;0.0041015625
3172;4.347367155701841;1.0;0.7010518914647924;1.143161571153789;0.024714331576326836;0.0004730262793600559;0.009411730570718646;0.6161443322896958;0.0011300744256004692;0.01015625
3173;4.46236018274388;1.0;0.6392360988967293;0.964705437753863;0.01603659498377107;-0.005455952766351402;0.007682409277185798;0.5990542203187943;0.0010535172070376575;0.009765625
3174;3.7550201806159373;1.0;0.5929383243103356;0.8868724967527524;0.058727166177817675;-0.002729390235617757;0.010769296856597065;0.6524530559778213;0.0011590445530600846;0.013671875
3175;4.464351822073565;1.0;0.7881994719728429;1.2609803187332005;0.023290183123229048;-0.0076008033473044636;0.009547023475170136;0.6560431540012359;0.0016324513009749353;0.0146484375
3176;4.335560388906;1.0;0.5086028520596787;0.7406785356896104;0.012290409471946933;0.005017827497795224;0.008014575927518308;0.6802350670099259;0.0017617361736483872;0.020703125
3177;4.113688785071439;1.0;0.5993997546690584;0.889189571868771;0.03183215986288723;-0.008572785323485732;0.0072213628096506;0.6520674675703049;0.0024187966133467852;0.023046875
3178;4.168962104209331;1.0;0.592523492775074;0.8674727883006811;0.03666156206992875;-0.003926671925000846;0.005010717269033194;0.650160264968872;0.0005479239858686924;0.003125
3179;4.375249659757586;1.0;0.5106015261215754;0.7588014555223566;0.017709912368233494;0.002942198608070612;0.006435128988232464;0.6671432793140412;0.00041383176576346157;0.0021484375
3180;4.052932434737103;1.0;0.6899682024264794;1.048049674469777;0.05031643830194754;-0.00587460920214653;0.011685096193104982;0.6710939675569534;0.0017390426830388606;0.0177734375
3181;4.307286877951663;1.0;0.4509387060525225;0.6498119504121239;0.010092799705824216;-0.0029340166598558425;0.005932398466393351;0.6873881608247757;0.0014101092936471104;0.01640625
3182;4.101546571732991;1.0;0.6150751655607068;0.912050127156932;0.019076619739911555;-0.002105137216858566;0.0057506290264427665;0.6910852819681168;0.0012931597651913763;0.0142578125
3183;4.219795736105292;1.0;0.6702515595712967;1.011585585577757;0.03569755017338354;-0.009486788883805275;0.0022715958242770285;0.6547659814357758;0.0021103318431414664;0.0224609375
3184;4.062230175857108;1.0;0.5712501751713167;0.867719185558912;0.030391089351692633;0.001844486314803362;0.00687636889051646;0.6164644151926041;0.0011380043462850154;0.0078125
3185;4.116988349909007;1.0;0.5250329262274037;0.7660994283937942;0.030572098725954747;-0.004376897565089166;0.004503872944042087;0.6394677579402923;0.0020106306299567224;0.0205078125
3186;3.788533125771219;1.0;0.5483441022412272;0.8015198570600901;0.0487135453672462;-0.0027120376471430063;0.0045783236157149075;0.6395612925291061;0.0012044306378811598;0.0103515625
3187;2.53286124061573;1.0;0.6651277868134063;1.0166512531092864;0.039736135320554;-0.005467812763527036;0.0026946734287776053;0.6411626607179641;0.0021856723469682038;0.02421875
3188;4.09807077613701;1.0;0.5156295251934521;0.794098858791613;0.01967253629656405;-0.001306064799427986;0.0023249898687936364;0.5951233178377151;0.0015984742203727365;0.0150390625
3189;4.372128078323502;1.0;0.7177017784318557;1.1624426362187048;0.033252958706716455;0.0005379530601203441;0.004733202932402492;0.5985137790441513;0.0005838198005221785;0.00234375
3190;4.403396113577715;1.0;0.5954367643364494;0.9304900382385273;0.016879115881204335;0.0025649433955550194;0.0023060544626787305;0.6530435919761658;0.00198310948908329;0.0267578125
3191;4.18266026421583;1.0;0.6187365778773012;0.9920476089450764;0.01879341576017784;-0.0019366371678188443;0.002932221139781177;0.5915783464908599;0.001537778228521347;0.0158203125
3192;3.994968437434614;1.0;0.42389196669849855;0.5970169867943824;0.015837857873333465;-0.009124803170561791;0.003676411975175142;0.6010514259338379;0.0015929777058772744;0.0205078125
3193;3.4332550482586988;1.0;0.6165571907726006;0.9430196271602576;0.03085051742453566;-0.004093261621892452;0.004737477982416749;0.6303766578435898;0.001839423505589366;0.0193359375
3194;4.474924514881573;1.0;0.607629177692548;0.9907716316610707;0.008472943032234403;-0.010211436287499964;0.004382590460591018;0.5759536534547806;0.0029024895862676202;0.0439453125
3195;3.731121926172116;1.0;0.5326384619335832;0.6955520180871;0.027079878758604497;0.0030704267788678407;0.006428447575308383;0.6704905033111572;0.0012540552532300353;0.0126953125
3196;4.4690202184829255;1.0;0.6288931972280996;1.0512622461494507;0.005024044034880591;-0.007275871839374304;0.006401626672595739;0.6760208040475846;0.0016296362155117095;0.019140625
3197;4.031370859096936;1.0;0.6002506328563794;0.9326362797066993;0.02773392230923425;0.0006868518888950348;0.006050966400653124;0.7251618772745132;0.0014886877848766743;0.0146484375
3198;3.960149804192927;1.0;0.2854259454927094;0.4215288645932501;0.008348209037459357;-0.00685477526858449;0.015494506573304534;0.6108275026082992;0.0015399251249618828;0.0140625
3199;4.467767445519798;1.0;0.780940180078219;1.2620477066586568;0.017552032016624097;-0.007423395430669189;0.004574510408565402;0.6442426383495331;0.0006353738834150135;0.0041015625
3200;4.335122515884178;1.0;0.4176415126530743;0.6363691693694277;0.016023023245936015;-0.0032285675406455994;0.005622577574104071;0.6389299273490906;0.0014519201125949622;0.016015625
3201;4.177607364728335;1.0;0.40412584818200264;0.6527654984126847;0.0214963718477841;-0.004845062689855695;0.0049051548121497035;0.6435719519853592;0.0026688505779020487;0.0251953125
3202;3.8787229191202424;1.0;0.6156451650447586;0.9015392751991476;0.04951028073406414;-0.009223617147654295;0.006331260723527521;0.6118500828742981;0.0006681580678559839;0.004296875
3203;4.150099282559716;1.0;0.6974829354168582;1.1131224000450541;0.022074391475153887;0.001191859762184322;0.004815716412849724;0.625286665558815;0.001081157720182091;0.010546875
3204;4.353928771528996;1.0;0.6026349128563625;0.9263456194986677;0.014608441008411006;-0.012693881895393134;0.004857817466836422;0.6889665365219116;0.0011827934649772942;0.0080078125
3205;4.460001189381332;1.0;0.6508558323766199;1.0536956853325934;0.015530105618596576;-0.002003256371244788;0.007110407191794366;0.6280241459608078;0.0013750591198913753;0.0125
3206;3.8902315414171795;1.0;0.6287283977093472;0.9829263190755819;0.04140244044911211;0.0020937458612024784;0.0067566553829237815;0.6148938328027725;0.0012431997922249139;0.0103515625
3207;3.9789060367469222;1.0;0.6051560180341261;0.9361692584767504;0.03752751320186737;-0.0026213742792606355;0.003690546459984034;0.6442618578672409;0.0011955472291447222;0.0119140625
3208;4.128913312302789;1.0;0.6177313360520131;0.9737687555202875;0.02572595718845035;-0.00028466368094086646;0.005758602218702435;0.6468682229518891;0.0008733261958695949;0.004296875
3209;4.531285458852391;1.0;0.7813484981249835;1.269191277122106;0.016480059318439003;-0.0016391740879043936;0.004387770348694175;0.6487530410289765;0.0013246997375972569;0.0140625
3210;4.240817497416138;1.0;0.6762469352755182;1.0965031600365334;0.024832737338197318;0.0010797101072967052;0.00889936531893909;0.6475417375564575;0.002379128767643124;0.02578125
3211;4.392443779875174;1.0;0.7558843527275255;1.2427195810540732;0.023202544469368112;-0.004888223973102868;0.002827223727945238;0.615349280834198;0.0022064172197133304;0.0259765625
3212;4.075278335866637;1.0;0.34522125741556225;0.5128752685723694;0.021366857236643458;-0.010657325107604265;0.003918054385576397;0.5647158652544022;0.002321050642058253;0.03046875
3213;4.177668856334519;1.0;0.6550895764307789;1.0886346525656116;0.029253872785551183;-0.0009575074072927237;0.004423813801258803;0.6449915140867233;0.0009239143924787641;0.00859375
3214;4.18105562329673;1.0;0.6072420551920005;0.9658846129371323;0.021165391057996388;0.0028111470863223078;0.0030437807203270496;0.6140545755624771;0.0006951464107260108;0.0046875
3215;4.376337546028587;1.0;0.6513294228946438;1.0560447472846064;0.02288328685401597;-0.0033139687962830066;0.004263552452903241;0.6259291678667068;0.0008627528906799853;0.007421875
3216;3.949227027754952;1.0;0.5172912077519862;0.7369189296816353;0.024279097014153758;-0.003425842826254666;0.0037185846944339574;0.6429805368185043;0.0017655452946200966;0.01953125
3217;4.128501306159643;1.0;0.5738051212104587;0.9230102541975931;0.033262608420526536;-0.0043944502249360085;0.0032371808774769306;0.6198416382074357;0.0011976074660196901;0.0103515625
3218;4.050436623087116;1.0;0.598147528866067;0.9458675103405123;0.02734876343600972;-0.006375666218809783;0.0018239867698866875;0.6002271503210068;0.0016048777615651488;0.018359375
3219;3.801474876167556;1.0;0.5781285185371928;0.8798982353000924;0.03609144901977012;0.001843326911330223;0.002817345631774515;0.5824266284704208;0.00133953191107139;0.009765625
3220;4.488415710476876;1.0;0.6305996663335356;0.9871659696588435;0.010521553931806819;-0.011050815274938942;0.0034806565032340585;0.658765172958374;0.0012486707419157028;0.0140625
3221;4.2314528709467965;1.0;0.7118643682300609;1.134267621567843;0.03508881867256865;-0.004344744421541691;0.004251811024732888;0.6232714891433716;0.002232768584508449;0.0228515625
3222;4.131503479850792;1.0;0.5853747815706071;0.9044009129214696;0.03630529300106325;-0.009128916170448064;0.0033134689088910817;0.64586620926857;0.0011255403864197434;0.0041015625
3223;4.289659461776464;1.0;0.6010146027909944;0.9116523547411508;0.024464837797042324;-0.0009856910444796085;0.00340730007737875;0.631221878528595;0.0010416453122161328;0.0072265625
3224;4.075448917293453;1.0;0.4000920182346447;0.6226461776119119;0.030683391058436985;-0.0112031240016222;0.005053458269685507;0.6518599569797516;0.0005483120330609381;0.00234375
3225;4.479047114772932;1.0;0.6647918574016387;1.0383745557604158;0.00879942797329768;-0.006414104346185922;0.0032856701640412212;0.6313935786485672;0.0017131344531662763;0.0203125
3226;4.206371552392515;1.0;0.5536933204073239;0.8259833456349421;0.029669536185902103;0.0010140781290829183;0.006492146593518555;0.6116302460432053;0.0006214471184648573;0.0052734375
3227;3.802680379154559;1.0;0.42351524304460714;0.6503338547805486;0.02557884557865328;0.00034204653929919003;0.004971932945773005;0.6857446730136871;0.0010928020463325083;0.0099609375
3228;4.503575489832638;1.0;0.7962549149163989;1.2492133922433133;0.022593624661547337;-0.011889110878109932;0.0038773539126850665;0.6659783869981766;0.001291537215001881;0.0115234375
3229;4.518150077332833;1.0;0.7938247735098659;1.3162918268347754;0.024122414548449662;-0.002304587885737419;0.003459607029799372;0.6579954355955124;0.0008789343410171568;0.00390625
3230;4.419753014619335;1.0;0.688264021018598;1.1192816797522565;0.021726780119428604;-0.00020654015243053435;0.004060170846059918;0.6575708717107773;0.0007569878827780486;0.004296875
3231;4.250110790594174;1.0;0.6400761989286083;0.9749089284705407;0.02755903441581788;-0.004900290793739259;0.0036828586482442914;0.6813106834888458;0.003742069436702877;0.0482421875
3232;4.107583160191842;1.0;0.46537486794488303;0.6745982428276475;0.025442114105880792;-0.013988035591319203;0.00498621379956603;0.6595159977674484;0.0015200527850538492;0.014453125
3233;4.102970386120381;1.0;0.657274486539909;1.0101436802884027;0.036989712472903315;-0.0065015969332307575;0.004463736538309604;0.6477402985095978;0.003963323798961938;0.046484375
3234;4.150008013988303;1.0;0.5736770355026902;0.8625082019596771;0.025460971009639614;0.0028547649504616856;0.033526357356458904;0.6683987945318222;0.0009359346702694892;0.00703125
3235;3.925342796397417;1.0;0.41412756761340364;0.6242893701628144;0.025771838196985752;-0.004830963676795363;0.025591925345361234;0.6466847509145737;0.00109309897525236;0.009375
3236;4.500953672998321;1.0;0.7770232961085665;1.2797359261710441;0.02398092945940056;-0.0019005092442966997;0.026663211919367314;0.6975383877754211;0.0014111060649156571;0.0140625
3237;3.8802131686988397;1.0;0.3005526237253774;0.4372200665214493;0.02290261338344505;0.0032483790069818496;0.00802110827062279;0.6798551619052887;0.0016693947720341385;0.0177734375
3238;4.084612166951919;1.0;0.6410750029369167;1.0056208469947074;0.02947963208031033;-0.009832257591187953;0.011190120386891067;0.6740252882242203;0.0013468505814671517;0.0107421875
3239;4.15736037612323;1.0;0.5944618856810423;0.908536374082909;0.02830332771763628;-0.006577929435297847;0.00772833286318928;0.7020776987075805;0.0012900090892799198;0.0115234375
3240;4.416596504976211;1.0;0.5451247158313612;0.8222573587401735;0.011424062008798627;0.0008966599125415087;0.013318637432530523;0.7131134748458863;0.0022086604381911456;0.0228515625
3241;4.187687601331939;1.0;0.5177767316632339;0.7542532468532004;0.02166710047436426;-0.005167895369231701;0.040139826387166976;0.6583017855882645;0.00042034771759063004;0.0013671875
3242;4.0299970258511415;1.0;0.4722772897709877;0.6064765761376351;0.03184550744607647;0.002956795645877719;0.012479514488950372;0.7222015887498856;0.001528514688834548;0.0154296875
3243;3.2161364944213036;1.0;0.3438787198098044;0.502678407166699;0.042388310869451766;-0.0093834059080109;0.02594264638610184;0.7280531048774719;0.0009322607773356139;0.01015625
3244;3.6363752111001246;1.0;0.5789087341990482;0.8206854400314756;0.04157810242179272;-0.001274893619120121;0.005913986661471427;0.7096641421318054;0.001081836735829711;0.0130859375
3245;4.334316922934912;1.0;0.5020054764559764;0.7198884448467477;0.021052892478637203;0.000423241313546896;0.011449398892000317;0.6989284455776215;0.0005645502475090325;0.0046875
3246;3.9128259397473526;1.0;0.6141667009706092;0.9060675090504121;0.042065496488323424;-0.003873128117993474;0.012377874925732613;0.6944117575883866;0.0015016780351288616;0.01328125
3247;4.267373754149714;1.0;0.5927237768958973;0.9108932583083564;0.03645331700771307;-0.004072648659348488;0.009812638955190777;0.6590821266174316;0.0013501986977644265;0.0140625
3248;-0.1875308533802209;1.0;0.5944376268444154;0.805177128880677;0.008490058278295227;0.004403036250732839;0.014540140144526958;0.6516387104988098;0.001518693321850151;0.01484375
3249;4.159761650588096;1.0;0.6394150773967552;0.9186421210481963;0.025467759549770316;-0.004137715324759483;0.02503993702121079;0.6786353558301925;0.000356410164386034;0.00234375
3250;3.922218966922475;1.0;0.33263137770187695;0.4760746090745606;0.018533695470402286;0.002748339669778943;0.008253269409760833;0.7055177569389344;0.000809368200134486;0.0076171875
3251;3.8101937854332273;1.0;0.47454869727453747;0.705706848345868;0.05149822863495506;-0.012117417552508414;0.007828890753444284;0.7150508254766464;0.0009314578725025058;0.00703125
3252;3.9373014941011424;1.0;0.3667634715689109;0.5374739802897311;0.026234141711737595;-0.002960671624168754;0.017929832148365677;0.7044261634349823;0.0012861029710620642;0.0087890625
3253;4.09261653311581;1.0;0.3504667390471521;0.5125170563817936;0.024029275757244967;-0.00784331252798438;0.00911861746571958;0.7310413390398025;0.0011412016348913312;0.0115234375
3254;3.704390660988477;1.0;0.4754496138850841;0.7158774368017234;0.03643369702375703;0.008227932546287776;0.004530797118786722;0.7014007329940796;0.001257300889119506;0.009765625
3255;3.792104435692125;1.0;0.39928478564922715;0.5864941174272006;0.037308783866963416;-0.0004913602489978075;0.005333108105696737;0.6681602746248245;0.0007228045258671045;0.0025390625
3256;4.210169153061445;1.0;0.6739431359189844;1.1009919190652049;0.03977206642837132;-0.004644753690809011;0.005960819532629102;0.6578987061977386;0.0010503912693820895;0.0107421875
3257;3.0655213749702455;1.0;0.42406793335128967;0.625102698405498;0.039589320105336494;-0.009606082504615188;0.0038401924539357424;0.6875379055738449;0.0009308344102464617;0.005859375
3258;4.016627800846546;1.0;0.338399498998885;0.5117325305751559;0.03329508187361782;-0.0017915257252752782;0.003552120621316135;0.6483535230159759;0.0010650840122252703;0.0119140625
3259;4.440879560975759;1.0;0.7632575423000072;1.2577991589295079;0.04677711309004462;-0.005721230525523424;0.002943981916178018;0.6666352450847626;0.0006476161302998662;0.003515625
3260;3.831867531454828;1.0;0.41353391332229955;0.6208577579222768;0.032144273702947174;-0.011422367952764034;0.005325833824463189;0.6375051200389862;0.0013552462682127953;0.0115234375
3261;3.5912009888417167;1.0;0.5524827639731669;0.6946328094260479;0.04958559553679186;-0.0029131562332622707;0.004676786600612104;0.684780290722847;0.002522149484138936;0.0333984375
3262;4.406035608450891;1.0;0.591783328469524;0.9087870212514216;0.019532180302558256;-0.006972897658124566;0.003608068311586976;0.6288466930389405;0.0012331511825323105;0.0083984375
3263;4.124195226593136;1.0;0.6584354333797191;1.027044963819501;0.07396744393972403;0.0011399616952985526;0.0036190398270264266;0.647314703464508;0.00068021344486624;0.003125
3264;4.416630489212211;1.0;0.5584711100110012;0.7754246879725701;0.011581368396701616;-0.012039577635005117;0.00940167037770152;0.6755649596452713;0.0014831590233370662;0.0166015625
3265;4.389321153563351;1.0;0.5053724766658231;0.7719557236787778;0.023172100888258395;-0.003156406385824084;0.007110426225699485;0.647510313987732;0.0015528440475463868;0.0171875
3266;3.298380734139879;1.0;0.3911339418809677;0.5717134343308319;0.012047446631034832;0.0011881452053785324;0.007272171205841005;0.650219413638115;0.001633557421155274;0.0173828125
3267;4.243462002174512;1.0;0.6920826431152055;1.0968029041971652;0.04496127192664873;-0.0072281754342839125;0.006047977053094655;0.6806691765785218;0.002640106005128473;0.033203125
3268;3.7629958057567174;1.0;0.39088000429013703;0.5899131266713462;0.03498046259464;0.00022531766444444656;0.006149804964661598;0.6529906839132309;0.0015475713415071368;0.016796875
3269;4.321790869745245;1.0;0.5245114480291969;0.7836768402994009;0.01526096499998551;-0.004136134823784232;0.010472358507104217;0.6775894373655319;0.0010373074095696212;0.005078125
3270;4.0617989347937815;1.0;0.5314354927788337;0.7523802212581284;0.035068380017010486;-0.007077705813571811;0.014401838928461076;0.654298010468483;0.0013089345768094063;0.015625
3271;4.468143349054058;1.0;0.6985209774390899;1.0783218531680467;0.01274389204160039;0.0006366278976202011;0.0165141758043319;0.6543052524328232;0.0014668129850178957;0.0134765625
3272;2.6033999824653167;1.0;0.3304657290918986;0.44364887227258853;0.031231218934346806;0.0027919525746256113;0.007637955993413925;0.6340575665235519;0.000879293808247894;0.006640625
3273;3.803908957643743;1.0;0.2889661435512596;0.4186529247242369;0.011614299223118024;-0.008908715192228555;0.029658421501517297;0.6570036143064499;0.0008822201052680612;0.005859375
3274;4.191867252240787;1.0;0.6862912212148404;1.1153997301085063;0.04676108057848751;-0.006907426146790385;0.018560531362891198;0.6693689614534378;0.0013442980241961777;0.0119140625
3275;4.308113602866335;1.0;0.6167796176292166;0.9606448662531221;0.028904534466079504;-0.014797212928533554;0.04525787578895688;0.6702297359704972;0.0017460464499890805;0.021484375
3276;4.2910161337143755;1.0;0.6073746309777313;0.9105580719228624;0.023562705629007266;-0.003807187546044588;0.017667030543088914;0.6460827499628067;0.0009021715726703405;0.008203125
3277;4.033981643021642;1.0;0.29381043854701894;0.44262256444439585;0.02196140750646826;-0.00826062138658017;0.01980101768858731;0.6799674332141876;0.0022060257149860265;0.0244140625
3278;4.447792520028785;1.0;0.6716278138965727;1.1193445377738502;0.023069433549091505;-0.005209968541748822;0.0342292744666338;0.7114685326814651;0.0012588040670379996;0.0119140625
3279;4.196085868675733;1.0;0.5849848750130111;0.919053774005325;0.03704861274080992;-0.011707827262580395;0.040575967915356156;0.6923595190048217;0.00112830902216956;0.0107421875
3280;4.285760991856903;1.0;0.5291312516484583;0.7739395935821465;0.036786534561847634;0.004288150230422616;0.02179354727268219;0.685556510090828;0.0005322744022123515;0.0037109375
3281;4.402880552051169;1.0;0.7009068110147245;1.1681549398252162;0.053505165503273604;-0.0032107663340866567;0.026939458586275576;0.706150621175766;0.0005117241409607232;0.0025390625
3282;4.13585303162587;1.0;0.6001993561441517;0.9159188655070444;0.04270191868007639;-0.005227930704131722;0.008359719370491802;0.6727226555347443;0.0016015638480894267;0.0181640625
3283;0.8104093116509197;1.0;0.730080184974499;1.0575375383220893;0.0036607603510703493;-0.010782753070816397;0.030667221546173094;0.6679039627313614;0.0007315770606510341;0.005859375
3284;4.224616444659188;1.0;0.6771841133201134;1.0834490107127237;0.03132810563874974;-0.00018789926543831824;0.014914275496266782;0.7550228238105774;0.0008181048673577606;0.0072265625
3285;4.2724973609457315;1.0;0.6077026978098298;0.9167975486026335;0.037452817050010155;-0.004425708809867502;0.0036256567575037478;0.6860852092504501;0.0013587021734565497;0.0154296875
3286;3.9349524020315862;1.0;0.5586466282205452;0.8321787309143643;0.03543884853394969;-0.00029205488972365855;0.007547655561938882;0.6793549239635468;0.0008664641063660383;0.0048828125
3287;3.6820664697271175;1.0;0.6054240184791662;0.8814593944802969;0.04685340936865003;-0.003235788503661752;0.01114089572802186;0.7264009773731231;0.0014425746747292578;0.016015625
3288;4.311968806314097;1.0;0.5945338446841798;0.8809502457340149;0.02703608516571166;0.0019995220471173527;0.02339114584028721;0.7383596450090408;0.0012348680756986141;0.010546875
3289;4.200320526489271;1.0;0.5695759926535618;0.8314524350845287;0.028684979890197162;-0.0016434255987405777;0.009396791947074235;0.7304282397031784;0.0017869255505502224;0.01640625
3290;3.5485060386540668;1.0;0.37107562015783874;0.4667424245277466;0.023668595772929946;-0.004722855938598514;0.013802652945742011;0.7059083253145217;0.0013654959271661936;0.013671875
3291;4.02633469987131;1.0;0.5741284313980588;0.8218453052405552;0.029733637038178416;-0.009014915768057108;0.021681776270270348;0.7342807918787002;0.00256614382378757;0.03515625
3292;3.8817040555173383;1.0;0.33234230442183227;0.4815865061228148;0.015658442387612874;-0.007884864788502454;0.030334530491381885;0.7496959120035172;0.0012332663754932582;0.010546875
3293;3.252498761843026;1.0;0.42821650604134887;0.6428693481065736;0.03868302210431602;-0.010283557884395122;0.04714148873463273;0.7625452667474747;0.0007904162630438805;0.0056640625
3294;4.4101662380477915;1.0;0.543720637284003;0.77972261220122;0.004783568010804136;-0.005746214604005218;0.021648579649627207;0.7568170368671417;0.0009857447585090995;0.007421875
3295;3.3845347526556036;1.0;0.5324119917423262;0.6763129687635544;0.030969090583829864;-0.008538105711340904;0.01581873162649572;0.7743864685297013;0.0036811707308515907;0.04453125
3296;4.169947748804595;1.0;0.5234073703950013;0.7114572551922075;0.028524669150590855;0.001608236343599856;0.022998267924413084;0.798989737033844;0.0017778439214453101;0.0181640625
3297;4.299786464972973;1.0;0.47959877349288454;0.7236068148559032;0.016616707088847472;-0.001065566297620535;0.005861344700679183;0.7800836354494095;0.0010531042469665408;0.008203125
3298;4.0401559904851165;1.0;0.40133753068832195;0.6075655783099175;0.029720794795231913;-0.006113067083060741;0.017383754113689066;0.7824499011039734;0.00046437197597697376;0.001171875
3299;3.9108417387202703;1.0;0.41025318585544274;0.6360724142928512;0.03127560294057102;0.0013558383332565426;0.015677570621483027;0.8170221120119094;0.0008522880496457219;0.0056640625
3300;4.247826325698436;1.0;0.5380467442533733;0.7684802562220749;0.028693036351669855;0.005139974877238274;0.016013358626514672;0.7926874309778214;0.0005848742788657546;0.0025390625
3301;4.467111809603027;1.0;0.6307859888953476;0.9708748288047707;0.017336205428504444;-0.011118146288208664;0.005805966549087316;0.7968822360038758;0.0023408552049659194;0.0244140625
3302;4.352661294598763;1.0;0.6382453625794731;1.002312482584395;0.01296722440655094;-0.014229425508528949;0.006361241382546723;0.8045281559228897;0.0015152840409427882;0.013671875
3303;4.225680132418029;1.0;0.5456015935846625;0.8110989092571339;0.021931796968420247;-0.0044128828216344115;0.004274875321425497;0.8492731720209121;0.000982629880309105;0.0068359375
3304;4.453474742734349;1.0;0.7579683192684697;1.256312968707755;0.038095074402682366;-0.004386719735339284;0.004461675754282623;0.8382968217134475;0.001189385016914457;0.0078125
3305;4.20271113445208;1.0;0.5723415338798734;0.8957891635841622;0.023242626440198942;-0.005865866784006357;0.007377450284548104;0.8245720446109772;0.0012669638847000897;0.0078125
3306;4.394869321622502;1.0;0.7333314376043847;1.1797399528429895;0.04892519199157845;-0.003409669524990022;0.006492780905682593;0.881918004155159;0.0009036020957864821;0.0078125
3307;4.144021415572175;1.0;0.5764492649699903;0.8849904940942879;0.033342013874582084;0.0033907400211319327;0.005127284245099872;0.8614280074834824;0.0014864731230773032;0.0099609375
3308;4.175363546747105;1.0;0.548868973005803;0.7993031265807152;0.014156018529327057;-0.004270358709618449;0.004465617414098233;0.8176200211048126;0.0013865489978343247;0.0130859375
3309;3.858521760808997;1.0;0.44344892254653845;0.5616632172947468;0.030049961732252863;-0.005289023322984576;0.005569418775849044;0.8294545888900757;0.0005904527730308473;0.0033203125
3310;4.440520382152689;1.0;0.7023310383573568;1.1135906243361304;0.02675868125718571;-0.005967775685712695;0.0034411226166412233;0.8852103084325791;0.0029501574230380357;0.0353515625
3311;3.181802672550836;1.0;0.47687706749812464;0.5843042373846566;0.015555606014807566;-0.0032527378294616937;0.004084638250060379;0.8266349643468857;0.00102698557311669;0.0078125
3312;3.8531482067287124;1.0;0.5532965366062595;0.7602009180323901;0.02970362944554413;-0.008715823478996753;0.0036092078662477434;0.8201623916625976;0.0026575753930956126;0.0263671875
3313;4.354283409933337;1.0;0.5788235769972455;0.9317397101100277;0.014731836458023319;0.00606223214417696;0.005330260295886546;0.8173362672328949;0.0012888948316685856;0.0083984375
3314;4.405535006718317;1.0;0.582311686753351;0.9011235621169907;0.004947066552644136;-0.0042685611406341195;0.004003433603793382;0.7661039561033249;0.0005350493127480149;0.0046875
3315;3.834434403113005;1.0;0.5409759182132211;0.773370207520295;0.033490544441830306;-0.00586210978217423;0.005281373229809106;0.7795915246009827;0.0015031438670121133;0.0109375
3316;3.756385862213576;1.0;0.5316345431041775;0.8020969631749026;0.022353931617530225;6.266115233302116e-05;0.00406502588884905;0.7925253063440323;0.0014034931431524456;0.0115234375
3317;3.7932119039188463;1.0;0.30561999899365977;0.44180501216558;0.029622846495236273;-0.0036495919805020092;0.003051195805892348;0.7573321640491486;0.001821188849862665;0.019921875
3318;4.238484934835784;1.0;0.5948658637747356;0.968168665874039;0.03138221862176077;-0.005919931828975678;0.0036389342276379466;0.7466523557901382;0.003351911099161953;0.0353515625
3319;4.111805417069164;1.0;0.5355977189154593;0.8733768234234314;0.025164270246503525;-0.006402885960415006;0.0032667956547811627;0.7598871797323227;0.0008639953448437154;0.0044921875
3320;4.0604323596234835;1.0;0.556968828998416;0.8738923433223477;0.015339903825968398;0.0009786320850253105;0.007419857103377581;0.7313557475805282;0.0003085303120315075;0.0009765625
3321;4.247035193942459;1.0;0.5120716107192563;0.7471362850493746;0.02483379610298476;-0.015775706339627504;0.005512474500574171;0.7807962507009506;0.001344268792308867;0.016015625
3322;4.178116690813146;1.0;0.5946631842340296;0.9444728551243964;0.01186860545121445;-0.007144122011959552;0.002216913865413517;0.770050898194313;0.003974178759381175;0.0515625
3323;4.300102730567321;1.0;0.6264294788898379;1.032624726131059;0.013624206304512557;-0.007116485387086868;0.002224773651687428;0.7269664347171784;0.0012672044103965163;0.012890625
3324;4.386359766677368;1.0;0.6187085621414845;1.0054225184549441;0.01455841026106256;0.0003363288938999176;0.0031838051276281477;0.7123982191085816;0.0017013662029057742;0.0181640625
3325;4.317085791029257;1.0;0.6277447711553834;1.0118786451223267;0.04741353597955233;-0.0064722724258899685;0.004964974848553539;0.7047278583049774;0.0015337225864641368;0.0177734375
3326;4.223704410671075;1.0;0.6501527560529169;1.0808869115655497;0.044909069781215546;-0.000390215904917568;0.0031244772369973363;0.731028151512146;0.0010506480699405073;0.00703125
3327;3.968270791815286;1.0;0.5339736902556483;0.7582346174753155;0.025831475813950795;-0.009176036482676864;0.004452343308366835;0.726660481095314;0.0015622948063537478;0.01796875
3328;4.310550017873013;1.0;0.7051797274752004;1.164769819045933;0.028798584764803816;-0.00016200547106564044;0.002850554743781686;0.7395691454410553;0.0011288130888715386;0.009765625
3329;4.314609024885221;1.0;0.5795554573364451;0.9338051787261406;0.008403773848453762;-0.007667856477200985;0.014838692173361779;0.6843835294246674;0.001045177096966654;0.0107421875
3330;3.7526098714863494;1.0;0.5518696550475866;0.8516132089260605;0.030907747745621182;-0.014336316799744963;0.03428074847906828;0.7045150637626648;0.0017011262942105531;0.0181640625
3331;2.866023156129012;1.0;0.5662581869544902;0.9101749360857766;0.014686428440092261;-0.007373960688710213;0.035126005113124845;0.6933441132307052;0.000880686566233635;0.0080078125
3332;4.164403858029979;1.0;0.6622610098065826;1.0989497680485565;0.028197858914375054;-0.007096941117197275;0.006083678384311497;0.7238397270441055;0.0015916580334305764;0.0150390625
3333;4.270160553281983;1.0;0.6300555451579092;1.0281567676345205;0.02905498336691613;-0.004774675937369466;0.015394586650654674;0.7299961417913436;0.0011275150696747004;0.009375
3334;4.235486749190004;1.0;0.6329186471555444;1.0367128739133729;0.02081375341962109;-0.002566944528371096;0.009756189049221575;0.717846816778183;0.0010274524334818124;0.007421875
3335;1.8911531965748734;1.0;0.6695224789683675;1.0205202877585204;0.019262986019477103;-0.00017594189848750829;0.003555462829535827;0.7251261472702026;0.0012175815179944038;0.008984375
3336;4.212185438540193;1.0;0.6099884295719177;1.039332219926288;0.02175257811124382;-0.007123180222697556;0.0060102349612861875;0.6841992825269699;0.0009533175732940435;0.008203125
3337;4.0933449944238225;1.0;0.5414492407010428;0.7376562920119484;0.029912427819401642;-0.010232840292155742;0.005010342004243285;0.6907909542322159;0.0014194921124726534;0.015234375
3338;4.537882290611493;1.0;0.7638961052923559;1.3093239516360178;0.017666238477154952;-0.011734391748905181;0.003070577932521701;0.7322876811027527;0.0016316944500431418;0.0171875
3339;3.854395647630784;1.0;0.548828169117621;0.7535678463807657;0.03866851132943794;0.001051891688257456;0.0028743681614287198;0.686511155962944;0.0018252974725328386;0.0244140625
3340;4.2755189963711375;1.0;0.6281840553687374;1.0319656414893055;0.025626769389817006;-0.0007964284159243107;0.003280965017620474;0.7238064050674439;0.0013561265310272574;0.0138671875
3341;4.457291076848785;1.0;0.6155912794036913;0.9592612727756494;0.021270090492174685;-0.01417905669659376;0.002911367907654494;0.7066959470510483;0.0015269717550836504;0.0142578125
3342;4.093357854947225;1.0;0.6007844878890995;0.9593424838477972;0.030296482907638523;-0.0002130466978996992;0.0027937941835261882;0.726156833767891;0.001042172685265541;0.00625
3343;4.2124944701745;1.0;0.5946643185749407;0.9062682995258569;0.027135692720990885;-0.0014756876975297929;0.004365411750040948;0.7512459248304367;0.001550508732907474;0.016796875
3344;4.0952954313733905;1.0;0.6180196459168223;0.9910864389570901;0.036974033210959364;-0.00671573649160564;0.00455638999119401;0.7383806496858597;0.0019361884449608624;0.021484375
3345;4.380861065837511;1.0;0.6102328823966415;0.9495276753381782;0.025826601851205055;0.0005674386629834771;0.0044731453410349785;0.7178591549396515;0.0012338309548795222;0.010546875
3346;3.844165266516746;1.0;0.5809541136636769;0.8586077774355837;0.04309297128946629;-0.003957470785826445;0.0018043544783722608;0.7219929069280624;0.001271253591403365;0.0099609375
3347;4.202706263913243;1.0;0.653459426043421;1.0014475472537854;0.03370436624262206;-0.009538522362709046;0.004564936435781419;0.7174864292144776;0.0012877570115961134;0.009375
3348;4.321022220280316;1.0;0.4654930775878456;0.66037839741049;0.023982010212738044;-0.011554756434634328;0.006585239572450519;0.7279622226953506;0.001425403996836394;0.01640625
3349;3.965737636216636;1.0;0.6169249183695946;0.9619786118509088;0.050192556747832934;-0.006871790532022715;0.0038316707825288175;0.7083043307065964;0.0018399948836304247;0.016015625
3350;3.6210379353413464;1.0;0.6179593046042084;0.9508809638442889;0.11144473678351083;-0.0014718404039740563;0.004839770775288343;0.6746457338333129;0.0014768058666959406;0.01953125
3351;4.384401884423179;1.0;0.5857247876897277;0.8995774406276887;0.03863606483407964;0.0048942490946501495;0.0048612260026857255;0.6994510620832444;0.001217228127643466;0.0134765625
3352;4.173108840035395;1.0;0.6046514455561703;0.9515579416275101;0.022344762897788497;-0.008077750494703651;0.0033756341435946524;0.683381661772728;0.000799547357019037;0.005859375
3353;3.0007762089719012;1.0;0.19142228989729151;0.27052237780273525;0.011640834762383907;-0.006650488032028079;0.00483187260106206;0.6846594840288163;0.0007917742361314595;0.0060546875
3354;4.319120166945718;1.0;0.6847527853550803;1.1031895231571704;0.026180286532362002;-0.0032545495312660934;0.004443371586967259;0.6862602084875107;0.0014323838520795106;0.01015625
3355;4.080002988207051;1.0;0.32564375874261414;0.4638679358358072;0.0218427226714203;-0.0067419704981148245;0.003239017492160201;0.692897030711174;0.0008942260406911373;0.0060546875
3356;3.9163725363358193;1.0;0.6433296777338424;0.9937054854941242;0.06149224342082863;-0.008770325174555182;0.002714013704098761;0.7188252896070481;0.0018152046599425376;0.021484375
3357;4.225630076024631;1.0;0.6500643381024939;1.0313093531357673;0.03604189158860924;-0.009062624722719192;0.008170048240572214;0.685247391462326;0.0010341956978663803;0.0083984375
3358;4.3054274086098765;1.0;0.5646149125564204;0.8468219698956146;0.028727983050206397;-0.006458064774051309;0.00473606837913394;0.7052528113126755;0.0007401147624477745;0.0037109375
3359;4.257894227938807;1.0;0.7274731408452144;1.195488319292464;0.039165256341405434;-0.011660977127030491;0.0036549755604937673;0.7084068775177002;0.0017719457275234163;0.018359375
3360;4.027237723335116;1.0;0.49690986177381874;0.6517657403657561;0.04599752409470979;-0.003417869773693383;0.002484984684269875;0.6784188210964203;0.001214607316069305;0.0099609375
3361;4.186683357097583;1.0;0.6753303004906965;1.0758108709440952;0.03744374825653082;-0.004365802742540836;0.00308299531461671;0.7182267665863037;0.0007047813734970987;0.003515625
3362;3.827973936090242;1.0;0.6592572727524805;1.0251833571260074;0.07389952560497917;-0.009020276786759495;0.0030705344513989987;0.6759746491909027;0.0017581810709089041;0.017578125
3363;3.8616201177979548;1.0;0.64109108828472;0.9838736266555005;0.0630686199069677;-0.0017514440696686506;0.0031987201422452928;0.6670096039772033;0.0012171588372439147;0.0119140625
3364;3.815346328255841;1.0;0.5902850695563197;0.9057793252998296;0.09526731273616122;-0.007287778146564961;0.003644273616373539;0.7330395251512527;0.002668342983815819;0.0349609375
3365;4.165550149396884;1.0;0.6691427527893181;1.0462557874874718;0.045297078899571165;-0.0023056523874402045;0.01195987684186548;0.6683486580848694;0.0006186151644214988;0.0056640625
3366;4.257221080641489;1.0;0.6437224664047927;1.057474673223655;0.02609121124301198;-0.0007389358244836331;0.009140056185424328;0.7391410887241363;0.0011631330708041787;0.008984375
3367;3.731784550041143;1.0;0.6353520700423824;0.9535863525737809;0.08356638340634168;-0.009662797907367349;0.0165155868511647;0.6821429401636123;0.0018579394556581974;0.01953125
3368;4.364956125590978;1.0;0.5703209770244843;0.8777716191635849;0.016607439604936405;-0.010406093951314688;0.006542020267806948;0.6805971950292588;0.0017673545400612057;0.01640625
3369;3.817161217022126;1.0;0.5804749170400302;0.8742114049408755;0.08357961299694452;0.0016702807508409024;0.0037107034702785315;0.6807055532932281;0.0009065546444617211;0.0072265625
3370;4.130031137616314;1.0;0.557638768529225;0.8132764723675603;0.023620152668964747;-0.00708106504753232;0.0025886093964800237;0.6515839129686356;0.0006399284000508487;0.002734375
3371;4.194714764386559;1.0;0.4641496235224663;0.6396439171438527;0.03153645639119678;0.001649009925313294;0.008905439358204603;0.7071483790874481;0.0013548664515838026;0.012890625
3372;4.508523958011559;1.0;0.7540619253151406;1.2499671387573867;0.03583285123307122;-0.008767683152109384;0.0031856539193540812;0.7399497240781784;0.0013353540445677937;0.0154296875
3373;3.8036753831909444;1.0;0.6405007444410369;0.9752301980431545;0.10305118607427882;-0.002762622805312276;0.0029559540387708695;0.679513019323349;0.0008420560858212412;0.0080078125
3374;4.301133567228624;1.0;0.5886352765965225;0.9139609651485846;0.022241707175839228;-0.001619611494243145;0.006925451755523682;0.6721075773239136;0.00079515929101035;0.0048828125
3375;4.049580340701778;1.0;0.6068569286128889;0.9304443527096696;0.051516092024910136;0.0026710030622780325;0.003591375955147669;0.6742013573646546;0.001018801552709192;0.0064453125
3376;4.408579242020737;1.0;0.5545650413122045;0.8132121602650995;0.024525045107139324;-0.006011278834193945;0.0159000888466835;0.6854725033044815;0.0005570720648393035;0.0009765625
3377;4.245781315765008;1.0;0.5005910690227585;0.7451697526971581;0.03793629444865733;-0.002938035596162081;0.021209712931886317;0.7111093580722809;0.002095324103720486;0.024609375
3378;4.471431876789811;1.0;0.7263847598344987;1.172986069818402;0.029679667418657962;-0.0020589639665558935;0.007993767596781253;0.7424911171197891;0.0014523702440783382;0.015234375
3379;4.251690872241024;1.0;0.6326784529914444;1.005517922458053;0.03231615856260885;0.0017116409726440907;0.015863507287576795;0.7374640107154846;0.0007018762058578432;0.0064453125
3380;3.8347345828021075;1.0;0.43137944730947964;0.6346851565721555;0.0598700152631189;-0.005248217470943927;0.006822838238440454;0.7214963525533676;0.0006883874419145286;0.0046875
3381;4.129988411397972;1.0;0.5875070381609652;0.9023556194299698;0.05348899856135769;0.0005549186374992132;0.014120514271780849;0.7124478846788407;0.0007852937560528517;0.004296875
3382;4.401813842532409;1.0;0.6180682777961183;0.9730230130193332;0.018415464102986563;-0.004424395365640521;0.011276326165534556;0.6805501937866211;0.001159401750192046;0.012109375
3383;0.16311272786210296;1.0;0.19530163137116222;0.28690670607806673;0.06992154404282996;-0.0007903465535491705;0.016484553320333363;0.7440234571695328;0.0012839826871640981;0.0099609375
3384;3.7815410020883986;1.0;0.40427696354220344;0.6020757393131109;0.030769748945197618;-0.007945245131850243;0.02536599412560463;0.7193571239709854;0.0014745225431397556;0.016015625
3385;3.9246276719595614;1.0;0.6034660553190397;0.8347271196127316;0.04895051826070935;-0.004794371547177434;0.0201125540304929;0.7234932839870453;0.0010319855064153671;0.0083984375
3386;4.198549301964105;1.0;0.6271082027710215;0.9563293570624004;0.036620723980183456;-0.001835322706028819;0.007919315481558442;0.7054508447647094;0.0007992131868377328;0.005078125
3387;4.1675075920003835;1.0;0.6593234924969597;1.0551854427593086;0.04803081931594773;-0.006703418423421681;0.01342712384648621;0.750301542878151;0.0013548838207498193;0.0123046875
3388;3.6769169816508245;1.0;0.5781909239557743;0.766380603451269;0.05313576504318503;-0.0007703736890107393;0.004608701099641621;0.7026504814624787;0.0015074780210852623;0.0171875
3389;3.680140397544621;1.0;0.6236251616765145;0.9284105599566298;0.09031455666201783;-0.0022532524075359107;0.02379758534952998;0.7011076867580414;0.001753356377594173;0.0185546875
3390;3.9905471484575186;1.0;0.5656791572705953;0.7875261546216988;0.05127555032303779;-0.01085940154734999;0.027434490993618964;0.7736718058586121;0.0013752300175838173;0.0138671875
3391;4.260572215632533;1.0;0.3858292556212822;0.5409723350450786;0.015902220227841737;-0.0025558021850883962;0.02171546723693609;0.7144356220960617;0.0012039885041303933;0.00859375
3392;4.167924377719956;1.0;0.3451258858399697;0.5006947006192146;0.01822980755469098;-0.008835734892636537;0.01964817279949784;0.7282791942358017;0.0008567312732338905;0.0060546875
3393;2.3503603149927543;1.0;0.4674959591374501;0.6873314026329204;0.05107495159543849;-0.0018879760056734086;0.012733923131600022;0.6865026295185089;0.0012101576896384359;0.0130859375
3394;4.338637008765646;1.0;0.605514324236287;0.8961377064127741;0.026759504351084824;0.002794512826949358;0.027663611248135565;0.7714529216289521;0.0017307997564785182;0.019140625
3395;2.8569149933184304;1.0;0.36763350158164365;0.5329909667537345;0.06801367038111596;-0.0025537189561873675;0.024873882066458464;0.7410637885332108;0.000429106701631099;0.0015625
3396;3.978715620385547;1.0;0.6895331940004029;1.0527272943602037;0.06617838222458174;0.001599454740062356;0.018101455038413407;0.7215147376060486;0.000868747429922223;0.00546875
3397;3.9013002421278165;1.0;0.6173061361285075;0.8725787948805457;0.04052202300923452;-0.002724718861281872;0.008518763189204036;0.6909018903970718;0.000979511416517198;0.006640625
3398;3.85415454489527;1.0;0.41271483139068826;0.6090969803511533;0.031234423931693026;-0.0032239544671028852;0.024612314719706773;0.7179300099611282;0.001728649192955345;0.0185546875
3399;3.7252422319583514;1.0;0.4026524603949127;0.5904284669328135;0.04312233757671079;-0.005022356007248163;0.03233653586357832;0.7852744609117508;0.0010313006467185914;0.00859375
3400;2.9789176931277823;1.0;0.5142574006857736;0.7770958479252177;0.0;-0.01442939811386168;0.006787195079959929;0.7335913419723511;0.0007032604771666229;0.0033203125
3401;4.015395119710357;1.0;0.6122048636960834;0.8640970444738142;0.04661088049331776;-0.005885679880157113;0.015087826829403638;0.7357276827096939;0.0007348262472078205;0.003125
3402;3.2945702110950466;1.0;0.21572939970926386;0.31601603122667304;0.002865400861399321;-0.005091459583491087;0.011105929920449852;0.774864399433136;0.0007888458902016282;0.0046875
3403;3.9512742175097695;1.0;0.33547665885451394;0.4875892653350079;0.01867179286705813;-0.006018675910308957;0.02795612784102559;0.7606407046318054;0.0008497659699060022;0.0087890625
3404;3.730752262441822;1.0;0.2931258758581981;0.38426472758081515;0.017066013917830223;-0.001491358270868659;0.006859705736860633;0.7640887796878815;0.0013284621760249137;0.0099609375
3405;1.1251171341937292;1.0;0.6393926462927562;0.7685171152477256;0.006740857889772761;-0.0051173469051718715;0.011090613249689341;0.7685754388570786;0.002004227344878018;0.0185546875
3406;4.184101252372724;1.0;0.6745032369705544;1.0847282838006562;0.1098365116344524;-0.008344470988959074;0.008735501742921769;0.7583863466978074;0.0012705376255325973;0.0099609375
3407;4.016912642434198;1.0;0.38778998845585766;0.5699514992783399;0.024826113453985048;-0.007284892490133643;0.005480391706805676;0.7609211325645446;0.0008426789427176118;0.0044921875
3408;4.204430874589865;1.0;0.5862994811202267;0.8701335278425153;0.02374486269568606;-0.008086678478866816;0.007555485889315605;0.7625829070806504;0.0016489078174345196;0.012890625
3409;3.619569744662728;1.0;0.3420898441398548;0.43765458485239433;0.032278074919481425;-0.018855733145028353;0.004046420240774751;0.7527075201272965;0.0014750621397979558;0.011328125
3410;3.933794534899662;1.0;0.2316725497605913;0.3412377065979047;0.0;-0.004757698578760028;0.005356076685711741;0.7608200520277023;0.0013367133564315737;0.0123046875
3411;4.467110267815083;1.0;0.6640328938000827;1.0385618174805615;0.01987735710136951;-0.002833458944223821;0.0029919573222287;0.7103552639484405;0.0021439039264805615;0.022265625
3412;3.452275029800323;1.0;0.5866216769314176;0.7476552869147512;0.08909640218778943;-0.009937065211124719;0.004516248020809144;0.7205785602331162;0.0017156356829218567;0.01796875
3413;4.3780031639146895;1.0;0.7009772373941942;1.1163270664382756;0.051635024833196125;-0.007637632405385375;0.003920673462562263;0.728363960981369;0.0009122206130996347;0.0091796875
3414;3.6310449288896547;1.0;0.37454669283089903;0.49462840774243055;0.058714173646666326;-0.0043618569732643666;0.004890410695225;0.6684256196022034;0.0016071851481683553;0.0177734375
3415;3.8666161625307764;1.0;0.2646374279391314;0.37174958903813565;0.014804792359258266;-0.00413967058993876;0.00383795095840469;0.7244022279977799;0.0008567890850827098;0.005078125
3416;2.039821332935014;1.0;0.2225327877813196;0.29567877499835865;0.062330048953171895;0.0004214201821014285;0.004686854383908212;0.6949195086956024;0.0020814237534068523;0.0228515625
3417;4.382744483895106;1.0;0.5267193738025744;0.7863015110967273;0.020803252658251854;-0.0003922844771295786;0.003050920623354614;0.7164553463459015;0.0008850766578689217;0.003125
3418;4.102752716927462;1.0;0.7068157790822617;1.0892824154250205;0.07147131901556479;-0.0039948111865669485;0.0043567946879193185;0.664229753613472;0.0013599522993899883;0.0140625
3419;4.037043088174427;1.0;0.5607957333528358;0.7839594813063842;0.04374864491541546;-0.0019433293724432587;0.0036670697038061915;0.7116391062736511;0.0006257930072024465;0.0060546875
3420;3.8217207552374703;1.0;0.22724704578074575;0.3210702909296542;0.020205185646847666;-0.006977195129729807;0.0031206379644572735;0.6736790984869003;0.0014245768310502172;0.009375
3421;4.393333437962523;1.0;0.5355622021735854;0.7865354903980681;0.014070957433580557;-0.005687725078314543;0.005534612026531249;0.7629448205232621;0.0011456267908215522;0.0064453125
3422;4.499267713442651;1.0;0.7727021950664807;1.2988074406358627;0.03188171287393942;-0.007396145816892385;0.0034497017972171307;0.7149661660194397;0.0006849354133009911;0.0056640625
3423;4.306552587594622;1.0;0.6386566188334404;0.9662495473556951;0.030264231759585425;-0.00488186115399003;0.002169251098530367;0.6852766901254654;0.0014674333506263793;0.0169921875
3424;4.263342745237064;1.0;0.43495262469506707;0.6434125968680672;0.019811708209544386;-0.00025233430787920954;0.010118739889003336;0.6933105140924454;0.0003283487516455352;0.00234375
3425;3.7521925898737334;1.0;0.36159872882478694;0.4827241885665156;0.036453547323716785;-0.0005576315335929394;0.009625900583341718;0.7058942347764969;0.0009780097752809525;0.009375
3426;4.3670348691199905;1.0;0.6609814067097342;1.0661061576133999;0.045847399599020434;-0.0051442909520119425;0.015187395317479969;0.7540866762399674;0.001329042052384466;0.01171875
3427;4.333010413684085;1.0;0.4662235261537341;0.6848168806883163;0.020042573171452006;-0.010959302820265294;0.011974828643724322;0.7405314326286316;0.0013834483455866576;0.012890625
3428;3.8734744221391564;1.0;0.4071031823450397;0.5990764475876055;0.04320271204117028;0.0023087709210813045;0.015060829324647784;0.7336066454648972;0.0020399598637595774;0.0193359375
3429;3.6310514192316017;1.0;0.6143333769194748;0.8120799309998848;0.07096036808026238;-0.016295056394301354;0.005227576196193695;0.7445673495531082;0.0012633326929062604;0.008984375
3430;3.679446651345663;1.0;0.38607575250496184;0.5585316417422482;0.05257329311847275;0.0009419763227924705;0.00649387976154685;0.7475750625133515;0.0005742096574977041;0.0044921875
3431;4.475009203579065;1.0;0.6494727407680196;1.0136121410838896;0.013862328682329523;-0.006744833011180162;0.02214655929710716;0.7780668795108795;0.000713417015504092;0.0037109375
3432;3.8875687691548135;1.0;0.4366603952921824;0.664266573194976;0.05282202626596926;-0.016273640375584365;0.022210417222231625;0.7546530038118362;0.0011522453394718468;0.0099609375
3433;4.103692811437229;1.0;0.5684611233598422;0.7938809727443014;0.04456769328477561;-0.008760725916363298;0.005986508727073669;0.7503148734569549;0.0010277570225298404;0.00546875
3434;3.805412620737494;1.0;0.6843568795204237;1.0871312677666538;0.01685347082295594;-0.010530585329979658;0.0069239235948771235;0.7082622110843658;0.0013189716846682131;0.008984375
3435;4.41191957076607;1.0;0.6417442803876768;0.9928518752528189;0.024704995780026974;-0.008404586976394058;0.005216457438655198;0.6926593631505966;0.0007820145692676306;0.004296875
3436;3.1852847594041376;1.0;0.4145712281355784;0.5517338249767014;0.11018543962867258;-0.005162919429130853;0.005998220993205905;0.7007869631052017;0.001274936879053712;0.012109375
3437;4.156971927731726;1.0;0.38885029382064673;0.5817530191730712;0.03160034887460997;-0.003429440874606371;0.0034964244114235044;0.693455445766449;0.001786070899106562;0.01875
3438;3.243207994144672;1.0;0.16930833702223735;0.2523220824601938;0.009807730148232552;0.003397829644382;0.007794975768774748;0.7082739114761353;0.0022550007328391076;0.0236328125
3439;3.2260851983252485;1.0;0.43302518939509105;0.5851800231587505;0.09720801830180588;-0.004504814837127924;0.00364000202389434;0.6731509834527969;0.0016364383045583963;0.019140625
3440;2.4110119872019324;1.0;0.4806304520020801;0.6272752445630035;0.09684857404735135;-0.0006011991063132882;0.008304984611459076;0.7077096700668335;0.0013165053911507129;0.011328125
3441;3.947210788272772;1.0;0.460431403569029;0.709522976280457;0.0467124105333151;-0.0071914984844625;0.004729178221896291;0.7298363775014878;0.0009566331282258034;0.0056640625
3442;4.290472608386204;1.0;0.46280967946335794;0.641492295478069;0.04065675693667337;-0.007870134385302662;0.003795450564939529;0.6815280497074128;0.0020981536828912793;0.021484375
3443;4.474360150892034;1.0;0.6268031984421412;0.967762670197136;0.019925412234305297;-0.0035461409250274302;0.004204562527593225;0.6600135058164597;0.0006350600975565613;0.00390625
3444;3.4774090137767235;1.0;0.42614153404226124;0.5583433606361883;0.07146122062954503;-0.004313683323562145;0.002648432465502992;0.654657456278801;0.0015022912761196495;0.0130859375
3445;4.118395582513336;1.0;0.29943569242350737;0.4357633374224888;0.012627864521441018;-0.0009317806921899319;0.014986678189598025;0.6735899537801743;0.0011197678977623582;0.0076171875
3446;4.1386690350375845;1.0;0.3776135704263537;0.5664840615059327;0.023023010090819425;-0.0017551369499415159;0.005418996594380587;0.6696396380662918;0.0006997772259637713;0.0037109375
3447;4.204921890269462;1.0;0.6193608383426844;0.9453951749458068;0.042881435284100454;-0.007446422567591071;0.00631812255596742;0.6741258025169372;0.0019842470297589897;0.0212890625
3448;4.243407402836734;1.0;0.7012375279671534;1.1197645259302158;0.05978774908991671;-0.00035537336952984333;0.0026548203139100226;0.6588750362396241;0.0012981441454030574;0.01171875
3449;3.9586103433397244;1.0;0.38008402787060197;0.5553871286161151;0.04200068064374176;-0.0044813469052314755;0.0036771712824702264;0.6531838834285736;0.0012613010127097367;0.0123046875
3450;0.5958054528408256;1.0;0.5902644509763847;0.7444210780303235;0.09127288394924199;-0.005279270000755787;0.00703184031881392;0.7100126087665558;0.0014468440203927457;0.0111328125
3451;3.9731030127571754;1.0;0.5546727414319509;0.6686972493361959;0.06333104790723397;-0.004749728785827756;0.009826409514062107;0.729950276017189;0.0007471339544281363;0.0033203125
3452;4.064333995942696;1.0;0.41297161731331977;0.6262473286078389;0.05028664352273484;-0.004699500044807792;0.0034890957409515976;0.6979054659605026;0.0021449104766361415;0.0248046875
3453;4.346470094956393;1.0;0.7140357623018948;1.1596003946957816;0.053533784620459705;-0.007971239276230335;0.005525220464915037;0.6927873253822326;0.0023709396948106585;0.02734375
3454;3.911466098482015;1.0;0.5394519463751812;0.6969386373603672;0.051960020934957094;-0.002313301619142294;0.004309869592543691;0.6642137765884399;0.00176253083627671;0.020703125
3455;4.430347201327455;1.0;0.6193440006628086;0.9474393861572341;0.02716090236399865;-0.003449258906766772;0.005271640908904374;0.6928620040416718;0.0008335227961651981;0.00390625
3456;4.0357169225793506;1.0;0.6252785099690703;0.9227763912093336;0.05790440021977609;-0.0035484091844409705;0.005525565380230546;0.6806031048297883;0.0016822883510030806;0.0162109375
3457;4.320320773820342;1.0;0.6484611126074978;1.0402481769772873;0.047032404425242154;-0.009861415810883045;0.004914260539226234;0.6663944512605667;0.0014954424812458455;0.0140625
3458;3.9755680249472336;1.0;0.5630725918355917;0.7329133531272186;0.051102075187206976;-0.004971751687116921;0.0048799992422573265;0.675312739610672;0.0014607146149501204;0.0115234375
3459;2.828104672703979;1.0;0.1888551025290725;0.2696226357238568;0.0;-0.0026086405850946903;0.0071024585515260695;0.6866899132728577;0.001614406506996602;0.0173828125
3460;4.34271077738285;1.0;0.5504708338045394;0.812773283596947;0.0286058337100392;-0.006943955412134528;0.0032905322150327265;0.6435673832893372;0.0015056920470669865;0.015234375
3461;2.819497273871915;1.0;0.47850359158653255;0.6961922109593508;0.055078860683385876;0.002857627207413316;0.001991357101360336;0.6463422149419784;0.0018176207086071372;0.016796875
3462;4.136156448595614;1.0;0.4679390639287889;0.6431634458247145;0.046020999757466007;-0.0018580954056233168;0.0030754836974665523;0.6499363392591476;0.0016088139498606324;0.016015625
3463;4.328902492306615;1.0;0.6052709249372886;0.9333648491681751;0.03434291691085494;-0.0006424417486414313;0.004641034873202443;0.6691373139619827;0.0013211541925556957;0.0140625
3464;4.41034580575809;1.0;0.6609654566016241;1.0351369356813032;0.030726947993702614;0.0021148485597223044;0.0031606992124579847;0.6682654738426208;0.00112289406824857;0.007421875
3465;4.249897294415426;1.0;0.5640349718974136;0.8885733333268415;0.049015664886525624;0.004015682428143918;0.0045472690952010454;0.6547265082597733;0.0015065988642163574;0.0126953125
3466;4.081822071275706;1.0;0.5304189043610298;0.7360379082514726;0.04983903613371015;-0.0044273905456066135;0.0019349359266925604;0.6226469993591308;0.0012753822491504252;0.009765625
3467;4.3269845587739315;1.0;0.5525531061671675;0.8092572703676862;0.014049367944476582;-0.005793047742918134;0.0037156219943426548;0.6282332479953766;0.0014930013800039887;0.0173828125
3468;4.426251971059855;1.0;0.547208591797865;0.821758064977798;0.021574839470036786;-0.005025186249986291;0.0035399243934080005;0.6266206651926041;0.000929598486982286;0.0091796875
3469;4.237794720889;1.0;0.5192088468437902;0.8078587809451834;0.037114820012194884;-0.00454816990531981;0.002597733063157648;0.5797423422336578;0.0014522005338221788;0.0140625
3470;4.180882250705605;1.0;0.6408384280545035;0.9977987963346718;0.04162786818926205;0.000574439112097025;0.003958048648200929;0.5960790365934372;0.0017145875259302556;0.0130859375
3471;4.472576952410656;1.0;0.7435357318341257;1.2342937987941218;0.035510234423620814;-0.0065846361452713605;0.006476115772966295;0.6856587111949921;0.0009257590863853693;0.0068359375
3472;4.438223274155243;1.0;0.5989946522267879;0.9458718635109019;0.029211061080373052;-0.0003339529735967517;0.004024790308903903;0.6322432518005371;0.000582420511636883;0.0033203125
3473;4.504608640003347;1.0;0.7090327935359306;1.122060101835418;0.030151648711334664;-0.004036616371013224;0.0033216550713405014;0.5773923993110657;0.0011363623663783074;0.010546875
3474;4.036286296356186;1.0;0.5898840912760813;0.8815239924777358;0.050331532306504306;-0.006272944808006287;0.004754279181361199;0.6181699305772781;0.0013185671181418003;0.01328125
3475;3.8440454545399514;1.0;0.563947114376223;0.7756125085616447;0.04776678135467904;-0.00741071819793433;0.003395951783750206;0.5927760571241378;0.0006891486351378262;0.003515625
3476;3.4950280378842105;1.0;0.5724019830512957;0.7707632615378274;0.057949496956369084;-0.006333640939556062;0.003789533639792353;0.5926630198955536;0.0015304835163988174;0.0134765625
3477;3.1112144999406754;1.0;0.15624475956644165;0.23213592231823998;0.02360213717332568;-0.006558299483731389;0.005836879904381931;0.6364500343799591;0.0013036264921538533;0.014453125
3478;4.033980107516557;1.0;0.5488111753485246;0.7647522526375691;0.04289474486060063;0.0009469702839851379;0.003668044542428106;0.5937296509742737;0.00047607929445803165;0.003515625
3479;4.331334198561557;1.0;0.6074713331861827;0.9586213199940399;0.028367877613600975;-0.0054113644175231455;0.0025826163706369697;0.5935796052217484;0.0006056642858311533;0.004296875
3480;3.7528262689035605;1.0;0.6164412962611331;0.8083768822408035;0.070732130875347;-0.006251143664121628;0.008815747080370783;0.6375880181789398;0.0006281634676270186;0.0046875
3481;4.11303127772518;1.0;0.6268853890516831;0.8873434265410282;0.0440660138290477;-0.007775576342828572;0.012894226936623454;0.6147039055824279;0.002255758654791862;0.0291015625
3482;4.079343740423034;1.0;0.5252071959830681;0.7042425941013218;0.044165343753587306;-0.0039117064792662855;0.007173760188743472;0.6019103467464447;0.0008255433873273432;0.0060546875
3483;3.900141607150273;1.0;0.2733752971194711;0.4112257920604194;0.0028171225167381584;0.00030769119039177897;0.011507166270166635;0.6250572741031647;0.0009232903714291752;0.0068359375
3484;4.330111102324918;1.0;0.7151561067301784;1.0988864525005246;0.03449018239912314;-0.007825189176946879;0.009327088273130358;0.5804000675678254;0.0007481444044969976;0.004296875
3485;3.942371553942895;1.0;0.415218426638605;0.6222907450221734;0.03454123066328606;-0.0021428394131362436;0.00424467750126496;0.5618944525718689;0.00188099310034886;0.0201171875
3486;3.83268835314241;1.0;0.23459862838770207;0.3472192469068277;0.015485626324195138;-0.005559653602540493;0.015226797061040997;0.5970619767904282;0.001573696092236787;0.0169921875
3487;4.422292227192478;1.0;0.6257376044739866;1.0008727990025774;0.02704390669732659;-0.008483520708978176;0.006913683097809553;0.5932976812124252;0.0005543250939808786;0.004296875
3488;4.364171108216466;1.0;0.7524519281723507;1.109941303604779;0.029829026745111335;0.003914242330938578;0.013588122138753534;0.6029612600803376;0.0017487922683358192;0.0169921875
3489;4.119291343802106;1.0;0.31505665714415254;0.46388089716065933;0.02207333916311703;-0.005428667087107897;0.008996522496454417;0.6224555373191833;0.000959173298906535;0.0083984375
3490;3.9663552118130063;1.0;0.5827459397941326;0.8288635260722843;0.03402545358288106;0.0020604963414371015;0.007744044391438365;0.5494175106287003;0.002758796524722129;0.041015625
3491;4.363921652080526;1.0;0.6764637518893741;1.036026412207436;0.027719243193737697;-0.004381105490028858;0.007601268845610321;0.5979072719812393;0.0016170016489923;0.0205078125
3492;4.246016018556544;1.0;0.6100608883809993;0.8400048124268925;0.03545640375383294;-0.0037080444395542144;0.013849071064032614;0.6517756581306458;0.0017945689731277525;0.0185546875
3493;4.218729112034105;1.0;0.7456555972795422;1.1678404360442798;0.044172444434082324;-0.007105771405622363;0.014613021025434136;0.6239737063646317;0.001236490486189723;0.0115234375
3494;4.0960705307098575;1.0;0.48362275013762157;0.6826131635908937;0.03396818585367836;-0.006470005493611097;0.009383218991570175;0.6081846684217453;0.0011263800435699523;0.008984375
3495;4.230337069203339;1.0;0.7085723616566092;1.0876369246929176;0.035008912895233876;-0.0008605198934674263;0.02790128905326128;0.6009274452924729;0.00134083068696782;0.0134765625
3496;3.6264019870152064;1.0;0.6513470480964372;0.9387527384412834;0.08239090922430278;-0.004951192485168576;0.03344528861343861;0.6890225917100906;0.0009427728829905391;0.0060546875
3497;4.301009103240879;1.0;0.5652610406009232;0.8212712787907388;0.02881673708133372;-0.0011356918141245842;0.04420033730566501;0.7221043348312378;0.0009551629424095154;0.0068359375
3498;4.290575728216931;1.0;0.49318248763369654;0.6570494695079308;0.015892275904979325;-0.0003017002483829856;0.01806762577034533;0.6087383925914764;0.0012103346060030162;0.0109375
3499;4.399487519764892;1.0;0.7686932191824571;1.1805470099328967;0.033556089136128515;-0.010951637150719762;0.015308110369369387;0.6247361660003662;0.001391928002703935;0.01328125
3500;3.7755343416395464;1.0;0.5767184828189047;0.7101789309015072;0.051501593827148355;-0.006270395591855049;0.0074657394085079435;0.648346346616745;0.001562930317595601;0.018359375
3501;4.335084421223744;1.0;0.433108136713959;0.5957105143075555;0.014963194062886003;-0.008516790205612778;0.009457309101708233;0.6363762319087982;0.000886408775113523;0.008984375
3502;3.7318527343302152;1.0;0.6215477464608602;0.7797681280349822;0.0628669572308529;0.00726019348949194;0.012717522960156203;0.6813803374767303;0.0013875887147150935;0.0119140625
3503;4.38790995869376;1.0;0.6352285227486897;0.967963488815942;0.027961132858940925;0.0010509633226320147;0.017961622728034855;0.6706046760082245;0.0020403043017722666;0.0263671875
3504;4.316648082705388;1.0;0.5989951671303029;0.9110559529620205;0.028492687920535026;-0.006408916518557817;0.034500346146523954;0.6440813690423965;0.001282600814010948;0.012109375
3505;4.419780548081197;1.0;0.6097770801662646;0.9309564680081518;0.02281877882929866;-0.00010789688676595687;0.02403889810666442;0.6532733470201493;0.0007377680623903871;0.005078125
3506;4.183013586630379;1.0;0.6263453858757748;0.9111374808138847;0.0234613407691304;-0.002591273747384548;0.009067929047159851;0.6356748163700103;0.0007780102314427495;0.00546875
3507;4.0510224613196115;1.0;0.6215947417020529;0.8933545530246018;0.03379802690817055;-0.0002734515815973282;0.004433786380104721;0.607665753364563;0.001093710632994771;0.008203125
3508;4.330613885713593;1.0;0.5559399521157791;0.8532036645106948;0.020053717252490503;-0.00204775994643569;0.00866928556933999;0.6098476737737656;0.0019102823454886675;0.022265625
3509;3.992545563446277;1.0;0.557972502491328;0.7353807957069995;0.02965288865752966;-0.008922557160258294;0.007173425564542413;0.6962033569812774;0.0013722004950977862;0.0138671875
3510;4.109207654230701;1.0;0.6177628544545091;0.8685684368733129;0.02189792306969654;-0.005954917753115296;0.006258252554107458;0.6458898037672043;0.0007125988835468888;0.0025390625
3511;4.075730781890954;1.0;0.6504525172886286;0.9593329921316169;0.04867898858434653;-0.0007060922216624022;0.0051538229337893425;0.6586812317371369;0.002316792192868888;0.028515625
3512;3.804025095495658;1.0;0.6083694455016605;0.8332686898820135;0.03346067099985886;-0.004470870946533978;0.0036964286235161127;0.6067959010601044;0.0009096720721572637;0.008984375
3513;2.3496434050029107;1.0;0.24088228922243926;0.3471272915937858;0.039531881829353924;-0.0019477447494864464;0.00501877065980807;0.6053462743759155;0.0008203952806070447;0.0052734375
3514;4.530783611046055;1.0;0.7503892438226578;1.222129543621971;0.01759780531296453;-0.0030606359243392943;0.0035084570525214078;0.6302527487277985;0.0007506426423788071;0.005078125
3515;3.9424460645135664;1.0;0.6567114149370056;0.9656739625546908;0.047374558382275125;-0.007573727611452341;0.0042992682661861185;0.6553995013237;0.0008877857006154954;0.0052734375
3516;3.9789505599410653;1.0;0.6226347377499476;0.8504555407635399;0.03204727194764847;-0.003202615678310394;0.0030858228681609036;0.6497755408287048;0.0014371574972756207;0.015625
3517;4.413626574702123;1.0;0.7085566096398486;1.0674342518232518;0.022040232539432186;-0.006276390398852527;0.004016784881241619;0.6354498863220215;0.0009710547979921103;0.0083984375
3518;3.6945727088178755;1.0;0.6311334578934654;0.7974903458105422;0.03701046997490624;-0.00546598075889051;0.002054525027051568;0.6089190721511841;0.002526886062696576;0.0330078125
3519;4.187646683800937;1.0;0.6626839206401716;0.9223387454610811;0.02807361849217944;-0.008029793808236717;0.004024084319826216;0.6191261976957321;0.0010660066618584096;0.010546875
3520;4.348185964817399;1.0;0.5754990322759211;0.8199532079766086;0.02152838708703592;-0.006544063799083233;0.002904690185096115;0.6901230663061142;0.0005883376230485738;0.003125
3521;0.8428020874202065;1.0;0.26143334276779095;0.36433892296330284;0.005198306209941181;-0.00521086452063173;0.002536525944015011;0.6127481341362;0.0011507706018164753;0.0107421875
3522;4.236554882111003;1.0;0.616834368069891;0.8657196155332615;0.027676835515098988;-0.005621202709153295;0.003716449823696166;0.6262836903333664;0.0008696387987583876;0.00546875
3523;3.9178033787132738;1.0;0.5937205560909602;0.7526986494200321;0.04035721518891423;-0.010623658122494817;0.0061640689731575545;0.6173772722482681;0.002136862394399941;0.0279296875
3524;4.44192795873331;1.0;0.6194916264747632;0.8953981196316756;0.018439989039138693;-0.013987454213202;0.00783313363790512;0.6053833425045013;0.0007252605049870908;0.00703125
3525;3.9743957829067638;1.0;0.6678450097506607;0.9516141918718607;0.04417409833384011;-0.003667688125278801;0.006238933186978102;0.6527110815048218;0.0008363927714526654;0.006640625
3526;4.439767509763828;1.0;0.734887864994614;1.176448336517246;0.022465541254489286;0.00028378325514495374;0.021394922537729143;0.6654775559902191;0.000989922194276005;0.0072265625
3527;3.9747051090106296;1.0;0.6100768989704483;0.9264462259897109;0.0855291331822416;-0.0037181356456130743;0.015331357577815652;0.6129934787750244;0.000533067376818508;0.002734375
3528;4.48508768541226;1.0;0.7767985957534697;1.2700855941946065;0.022800731142508236;-0.0017931730486452579;0.011236566514708102;0.6109761595726013;0.0007833181531168521;0.007421875
3529;4.1597276803647105;1.0;0.3410164095830529;0.5114667665718851;0.014772384521365202;0.0002622186206281185;0.02821186538785696;0.6192259639501572;0.0020499914302490652;0.0212890625
3530;4.514936311531824;1.0;0.7458144799791585;1.236785359103868;0.027796104602960125;-0.006724649877287448;0.01408904988784343;0.6756423562765121;0.0011636251350864769;0.0119140625
3531;4.3173087832998736;1.0;0.6603730269276968;1.00679064265099;0.04208875239376463;-0.005018457025289536;0.006003673514351248;0.6409556657075882;0.0018068499164655804;0.0185546875
3532;4.0911692909551185;1.0;0.6548604976775609;0.9829501294391342;0.04095406077713736;0.0012683744309470058;0.005226340261287987;0.6218600332736969;0.0010005353018641473;0.0107421875
3533;4.155311401019144;1.0;0.6898897843438506;1.0413853155947201;0.029391425313261704;-0.0013694321271032095;0.0022832333808764814;0.6248622596263885;0.0007571352762170136;0.0076171875
3534;4.0652101412852915;1.0;0.6636056051268343;0.9831434572356726;0.048757918935800525;-0.006071680504828691;0.005613208562135696;0.5931976109743118;0.0011133623775094748;0.012109375
3535;4.155749353002416;1.0;0.6182170424677287;0.8965645067605902;0.04771760756941901;0.0040183878038078545;0.0025071990210562946;0.6379945755004883;0.0007591148023493588;0.0044921875
3536;4.384862150550593;1.0;0.555240608120774;0.8509218451607765;0.027394309678164308;-0.011352873733267188;0.005332907696720212;0.6111868679523468;0.0008142540114931762;0.0056640625
3537;4.347723874850535;1.0;0.5103817616408215;0.8152894727690682;0.03270198443181288;-0.005146970413625241;0.0037490744609385727;0.6431279510259629;0.00188842979259789;0.0201171875
3538;4.408076928986013;1.0;0.5059449608381406;0.7561534076401735;0.01888271594931152;-0.012897405307739973;0.006399346829857678;0.6382496178150177;0.0032295566983520986;0.0435546875
3539;4.296302455926013;1.0;0.5446672761408474;0.8040953053197949;0.02870421925864779;-0.007689105998724699;0.005308249907102436;0.6281203508377076;0.0007192475371994078;0.00390625
3540;4.106719789636329;1.0;0.6729499083990869;0.9831756272587573;0.0440111207823821;-0.00605741071049124;0.0032322905608452857;0.6171904563903808;0.001452049519866705;0.0123046875
3541;4.0354092269938535;1.0;0.5584173336407258;0.735917889699584;0.031498243250905944;-0.007168648112565279;0.025055712973698973;0.6168000906705856;0.0008961576037108898;0.009765625
3542;4.357548552216023;1.0;0.7208293276871499;1.1563039010235965;0.03854680182782586;-0.011923684272915125;0.004335524188354612;0.6181178569793702;0.0016407786402851342;0.0197265625
3543;4.411100346046792;1.0;0.6701761585661453;1.0251363208305924;0.021569599885093254;0.005111941415816545;0.0033001483767293393;0.6185843288898468;0.0011717031826265155;0.010546875
3544;3.9835197265067954;1.0;0.558549462192324;0.7689874957434326;0.029827377727385036;-0.011901140911504626;0.002881229028571397;0.6020376056432724;0.001455568871460855;0.014453125
3545;4.29363961756654;1.0;0.6428651018224183;0.9305897596873904;0.030941739878988298;-0.004023428331129253;0.004815811093430966;0.6234198093414307;0.00135376900434494;0.014453125
3546;4.275570262327517;1.0;0.6518301568126751;0.9771757751658529;0.025971028045542868;-0.0012042505666613578;0.002998284646309912;0.646861532330513;0.001412325061392039;0.0123046875
3547;4.284588628288104;1.0;0.5926188079698301;0.8959599854738265;0.035411647675237974;-0.004308807710185647;0.0027749038068577646;0.627484530210495;0.0016371972276829183;0.01875
3548;3.6764803060168236;1.0;0.6024299999938346;0.7843675626182819;0.09800779913554677;0.0007808149792253971;0.003221265459433198;0.596629387140274;0.0007165415328927339;0.0041015625
3549;4.4150368436040575;1.0;0.6715805209262271;1.0856403270631325;0.02520260118892263;-0.004388740123249591;0.0019694745016749947;0.5971458852291107;0.0020658038323745132;0.0236328125
3550;4.434554006528357;1.0;0.6570596348025991;0.9739269443429968;0.0214510799072011;0.0005159144289791584;0.0028212859120685606;0.6357699692249298;0.001129847508855164;0.0111328125
3551;4.178153838886452;1.0;0.662949810021075;1.008097601326584;0.037069318360192685;0.0008364993147552014;0.00536414438392967;0.6811220198869705;0.0016105608898214995;0.0220703125
3552;4.34959755331788;1.0;0.518412938686047;0.7324270078141687;0.013974239757363022;-0.0001785332802683115;0.0031116234953515232;0.6288975894451141;0.0010126348352059722;0.0083984375
3553;2.990699826128772;1.0;0.46384338332858704;0.6582458619547641;0.04259211372655565;-0.005455674673430622;0.00309407664462924;0.6232515841722488;0.002015799260698259;0.0265625
3554;4.040335954402555;1.0;0.6302780818143966;0.9160432126054968;0.04446886870477194;-0.0038067840039730074;0.0031759982346557082;0.6178360432386398;0.0009072679677046835;0.008203125
3555;3.935095144281962;1.0;0.6295657173645223;0.9117246690343095;0.10093758283383694;-0.000772544089704752;0.003538508922792971;0.6652919292449951;0.0011907601146958768;0.008203125
3556;3.731315235033451;1.0;0.627140587943456;0.8196508047673011;0.070472904278274;-0.006203159131109715;0.006775506003759801;0.6352127701044082;0.0005289715132676065;0.001953125
3557;4.116234546745767;1.0;0.6895494629711578;1.0584705347954813;0.0546874383475472;-0.006769076455384493;0.003556141536682844;0.6403775423765182;0.0018804212333634496;0.01875
3558;4.113898244043876;1.0;0.6704391789872733;1.0112681965727017;0.042033940794834614;-0.001645368803292513;0.005152613169047982;0.6727410882711411;0.002501144295092672;0.0306640625
3559;4.313737344361661;1.0;0.5236458058347288;0.7618076570555596;0.020663214082228026;-0.010404945351183414;0.005110455094836652;0.6474744588136673;0.0018987900228239595;0.020703125
3560;4.138328042688487;1.0;0.5251360610142336;0.7910682507680074;0.04720918586922374;-0.003077490581199527;0.001934671140043065;0.6401091396808625;0.0020297290990129112;0.0248046875
3561;4.244343529785036;1.0;0.6353329428595598;0.9527099259978297;0.033303986797576096;-0.004125690273940563;0.0028539317310787736;0.6603771060705185;0.0016837605857290328;0.019921875
3562;4.104297249676399;1.0;0.6225837778430849;0.9005003515398262;0.04251684132263736;4.787496291100979e-05;0.004031539848074317;0.6743081837892533;0.001019489043392241;0.0083984375
3563;4.173122823577129;1.0;0.525247786256402;0.7653455793163074;0.02513123216687816;-0.00691745444200933;0.002126096066785976;0.628832432627678;0.00250107942847535;0.03046875
3564;4.414246344688801;1.0;0.5776452912177115;0.8887240804426085;0.024834705198283968;-0.002205154066905379;0.0031919072149321436;0.6355936020612717;0.0015349285560660065;0.017578125
3565;3.9272880351969395;1.0;0.6460468470418479;0.9082008985288981;0.06732641717174125;-0.0006469523068517447;0.004296283982694149;0.6436185717582703;0.0010469000320881606;0.00625
3566;4.4994200311327806;1.0;0.7286971374810295;1.1539010440491506;0.022034138061643352;-0.004755547828972339;0.0019973329559434204;0.6731714069843292;0.0018612841493450105;0.0216796875
3567;3.951827442948492;1.0;0.2958469357863165;0.43572273421931196;0.023447858532967953;-0.0004837658256292343;0.003621798532549292;0.671183604001999;0.0013628822285681962;0.010546875
3568;4.249774925173819;1.0;0.4911444523375156;0.7027650205077642;0.023700638758268503;-0.0011701516341418028;0.004251673142425716;0.6699741840362549;0.0004525537719018757;0.001953125
3569;4.407523091936731;1.0;0.7026617078593177;1.1550122223465955;0.022483569563117974;-0.0019221162190660834;0.003424674249254167;0.6348732441663743;0.0010264817043207585;0.0078125
3570;4.34039085290707;1.0;0.47136875143349705;0.6634056386625754;0.019444092976796546;-0.008517425809986889;0.003537165268789977;0.6778818845748902;0.001972151640802622;0.02578125
3571;3.688212204479899;1.0;0.5362119955075719;0.6815484074894528;0.06292591252441186;-0.007907483307644726;0.003263229958247393;0.6563941359519958;0.001914621947798878;0.0193359375
3572;4.304385130082316;1.0;0.5318924437376329;0.7690596309732294;0.021505424376779676;-0.004895535623654723;0.004261742008384317;0.6575132608413696;0.0023350728442892432;0.0283203125
3573;3.958098002001161;1.0;0.6159840862917616;0.869404836159623;0.05265371802761523;-0.002776527963578701;0.006352906255051494;0.6899379819631577;0.001422834990080446;0.0150390625
3574;3.606173761892205;1.0;0.6160259187078448;0.8396465199424499;0.09282054916747992;0.004857358802109957;0.010909703304059803;0.651889881491661;0.0008401151630096137;0.0052734375
3575;4.398770045664011;1.0;0.5417533480084287;0.7811954585373928;0.020051137928563518;0.005461313924752176;0.005381639511324465;0.6605519264936447;0.0017398072872310878;0.01796875
3576;-0.688316189579904;0.0;0.0;0.0;0.020360499951952847;-0.007557136286050081;0.0067347398493438956;0.6596342384815216;0.0011544303386472165;0.0076171875
3577;4.1140469781413795;1.0;0.3676484649056322;0.5428067793508607;0.01380840160454348;-0.004447042429819703;0.011163211055099964;0.6812114417552948;0.000956278305966407;0.009375
3578;4.166550153420694;1.0;0.6738390432855491;1.0099241257784906;0.04327138522301858;0.0005682564806193113;0.002880845684558153;0.6871632486581802;0.0013517062994651496;0.0111328125
3579;4.484794406145885;1.0;0.6987769189718566;1.1204215430359084;0.020211364122207243;-0.004278463509399444;0.002768099226523191;0.6528388947248459;0.0012245755759067833;0.0080078125
3580;4.2683367475813165;1.0;0.687936179431993;1.0903490903355517;0.03942431637986065;0.0006232751533389091;0.004742252884898335;0.6551986187696457;0.0007856518728658557;0.005078125
3581;4.283589115336037;1.0;0.672915511489182;0.9969548081596814;0.029689426550812897;-0.009940270194783806;0.004069304920267314;0.6455958813428879;0.0013130060979165137;0.0115234375
3582;3.8998851886180526;1.0;0.43132217180608967;0.6616482065641731;0.06546275554423728;-0.006164113571867347;0.002363203663844615;0.6620125740766525;0.002616670588031411;0.0330078125
3583;4.165523513669041;1.0;0.5292025698535662;0.7846116565437963;0.04688948107420215;-0.0023991703521460293;0.003270515555050224;0.6490289300680161;0.0015358320553787053;0.017578125
3584;4.099075539748547;1.0;0.39505315446363626;0.5889850035695559;0.027976630268693094;;;;;
3585;4.389316625782297;1.0;0.743966425707513;1.220875900746236;0.036455906000255826;;;;;
3586;3.86791056225561;1.0;0.594279822809903;0.7856318200932286;0.0652458037232508;;;;;
3587;4.343494590128708;1.0;0.6504839720447047;0.9407755578705599;0.026776939843967566;;;;;
3588;4.1950666833892765;1.0;0.38192122760368863;0.5836935372417058;0.02584367480290033;;;;;
3589;4.418656442867854;1.0;0.673714509214202;1.0163773645655438;0.02443067288829655;;;;;
3590;4.37783579981492;1.0;0.551130624930702;0.8062438890452106;0.019881815766652176;;;;;
3591;3.9948091609806813;1.0;0.32002004120574584;0.487703009840468;0.020282928512905543;;;;;
3592;4.025223918236093;1.0;0.6699824949405013;1.038129942238776;0.08188608399365367;;;;;
3593;3.5887354579631294;1.0;0.6140813644478799;0.7766541083549058;0.1112405908032666;;;;;
3594;3.4842105170331075;1.0;0.44994474759155934;0.62919931830536;0.054144849657534154;;;;;
3595;4.188463009135821;1.0;0.6034479700172184;0.8442494903049916;0.032321282135460434;;;;;
3596;4.209813212391937;1.0;0.6069527341507561;0.8327859436302846;0.041113561723690344;;;;;
3597;4.467254251162047;1.0;0.7583632505310254;1.209675195968752;0.035218197937562104;;;;;
3598;4.2380161493439426;1.0;0.47516047492859104;0.6606771137351578;0.023559732753085094;;;;;
3599;2.164518529165152;1.0;0.3809423597196642;0.5335725814287393;0.019611805151414887;;;;;
3600;4.188055807521566;1.0;0.6360666406217904;0.9612910476319334;0.03861387499106538;;;;;
3601;3.978160767617156;1.0;0.6497408886611338;0.9400030152037389;0.059047510416559416;;;;;
3602;4.359618285233818;1.0;0.5667399600103236;0.820103673530286;0.03174146980974885;;;;;
3603;4.308222280184661;1.0;0.4649306064397868;0.6707123603246977;0.014984497479401568;;;;;
3604;3.890071571087709;1.0;0.4615825579387208;0.6332798312843864;0.04411713506587651;;;;;
3605;4.370951581135487;1.0;0.5605124529488584;0.81403003239024;0.020497161936033327;;;;;
3606;3.774962251587888;1.0;0.6069680400622822;0.8036889435863274;0.06658761384139072;;;;;
3607;3.9430428677760823;1.0;0.6921985394461724;1.0533035994052695;0.06958373573950515;;;;;
3608;4.01024730807878;1.0;0.5099686438203254;0.6604848270159761;0.03755601245495506;;;;;
3609;4.459788271647393;1.0;0.7676857415780686;1.2567664400691774;0.023625025020406032;;;;;
3610;4.5132858596281;1.0;0.6939002160641922;1.1635870190228454;0.02192399882037226;;;;;
3611;4.416853919491251;1.0;0.6403304399878119;0.9825434668238078;0.028713672837210876;;;;;
3612;4.266958197616185;1.0;0.7046380820427334;1.1183071001769396;0.032573883914409886;;;;;
3613;4.535505947717346;1.0;0.764590303790962;1.2717241720511905;0.026890098264374666;;;;;
3614;3.6216377664176633;1.0;0.6399232982463953;0.9192242504324558;0.0692079877186303;;;;;
3615;4.0738984645478595;1.0;0.6430774656305794;0.9517059357814034;0.04320188933669809;;;;;
3616;4.349546026097551;1.0;0.5311103148771092;0.7803967851913629;0.030678110064342522;;;;;
3617;3.8254175155463486;1.0;0.6568840187257255;1.0188873576554511;0.05088930714046984;;;;;
3618;3.660336479423134;1.0;0.6487059388736849;0.9103598589051529;0.06604670701855471;;;;;
3619;4.2517977099999005;1.0;0.5108178558958459;0.6879168189090848;0.026184147293051945;;;;;
3620;4.370025527407213;1.0;0.49749881699859166;0.7874706022265993;0.027658707575426367;;;;;
3621;4.222920351987574;1.0;0.7398726320802915;1.1697183033635719;0.0398470781347743;;;;;
3622;4.2249608473141596;1.0;0.7001955666068803;1.103675181243648;0.043847540056888665;;;;;
3623;3.8901283150309065;1.0;0.6339520714371645;0.9236388430712256;0.0593589933456572;;;;;
3624;3.8552073895627084;1.0;0.6749369407481376;1.001035103219921;0.08210107960761139;;;;;
3625;4.088228289255838;1.0;0.6539772597930734;0.9978333652050103;0.04962255015637559;;;;;
3626;4.083539530683649;1.0;0.42612525175796484;0.6645522307032954;0.03997385254001082;;;;;
3627;4.16839508560664;1.0;0.7066520406699982;1.132792548248034;0.04903720855150014;;;;;
3628;4.399409756684705;1.0;0.47964459386754554;0.7324840044329537;0.012063835272646112;;;;;
3629;4.464026668614263;1.0;0.6567962235709145;1.0370307123493354;0.017094858236073283;;;;;
3630;3.7246502544129765;1.0;0.22082932705329128;0.33752173646830397;0.0331688765451013;;;;;
3631;4.264678387287883;1.0;0.6281321433183704;0.9814711914961858;0.04493489160655867;;;;;
3632;4.0753234835593855;1.0;0.5308390259578192;0.7302322611886396;0.04301187222467151;;;;;
3633;4.345182769812306;1.0;0.6716094941483445;1.1122158349554407;0.036466018822151156;;;;;
3634;3.709160498243531;1.0;0.3760373733910892;0.56888751813613;0.0322710285810144;;;;;
3635;3.0413803214364483;1.0;0.7140444372960165;1.0987040339408483;0.04436726430434266;;;;;
3636;4.161289778623056;1.0;0.6592299200925629;1.0349913977432026;0.047712037314889995;;;;;
3637;4.52164648181777;1.0;0.7856399696675203;1.2622016861148904;0.033361087027857714;;;;;
3638;4.284946763937109;1.0;0.6054978970665754;0.9988710833383092;0.037160094598678625;;;;;
3639;4.415750365301758;1.0;0.7357269416433075;1.1698172950874883;0.044986229260790975;;;;;
3640;4.232403349851454;1.0;0.5575864635432504;0.7748032077191461;0.04060722889541905;;;;;
3641;3.5358410634359347;1.0;0.6220678745702347;0.9072315189451178;0.07398270169455488;;;;;
3642;4.275604503408847;1.0;0.4740156073134821;0.7010663635912843;0.029393399450111247;;;;;
3643;4.319455096201556;1.0;0.3969950124836797;0.58008213954818;0.023628481629481283;;;;;
3644;4.434449076678301;1.0;0.6942362299922631;1.1026931592588116;0.029992640995084245;;;;;
3645;4.222131480751623;1.0;0.6242694143429042;0.8987570086907237;0.02889103231861141;;;;;
3646;4.459755159725715;1.0;0.6307149836637382;1.0722526115248008;0.034209837760219665;;;;;
3647;3.9398557229708824;1.0;0.566044293221193;0.7596764108634685;0.04152694319611497;;;;;
3648;4.41564201542889;1.0;0.5902156279323025;0.9036272012171065;0.03292511611439758;;;;;
3649;3.836356617403874;1.0;0.35255246635365073;0.5592708675277133;0.02797300611132396;;;;;
3650;4.394682194793863;1.0;0.5767938242504754;0.8707429549735507;0.025188884363303948;;;;;
3651;4.353288717361597;1.0;0.4873292889436323;0.7439798330215011;0.015108244063632934;;;;;
3652;4.218341786938511;1.0;0.591990465471835;0.8977843823140467;0.03961894298938169;;;;;
3653;4.290534678655528;1.0;0.6100460022674941;0.9122689184260616;0.023552906033580505;;;;;
3654;4.066707432154096;1.0;0.6936738183763852;1.0916419401960487;0.058687697994701735;;;;;
3655;4.247825914614001;1.0;0.7007677277996361;1.126324197315077;0.03323567409517046;;;;;
3656;4.030479979983648;1.0;0.5949450409128504;0.8415041206618354;0.06041916289557304;;;;;
3657;4.086047829410873;1.0;0.527342156413773;0.7922512197172372;0.027862841681814188;;;;;
3658;4.249267093445589;1.0;0.37040168466623696;0.5661594164244417;0.019640143850065236;;;;;
3659;4.450760962143613;1.0;0.652613731868768;1.0024003813892217;0.018750978423220318;;;;;
3660;3.933273417023361;1.0;0.24818866633842812;0.37716234806725846;0.0;;;;;
3661;4.297815137347611;1.0;0.5643409358570538;0.8915948387925458;0.016463065852211915;;;;;
3662;3.6959693379656495;1.0;0.6495564233033765;0.9970246879895647;0.08124461445740347;;;;;
3663;4.296609880548724;1.0;0.5939751492428511;0.8899557771855564;0.03500214974785541;;;;;
3664;4.320024887501588;1.0;0.6206961142841714;0.946799293184048;0.034495776291816216;;;;;
3665;4.266026474399389;1.0;0.5482601598086795;0.7897802692890306;0.029014592850206165;;;;;
3666;3.8074130132509185;1.0;0.6481867044598253;0.934898387693171;0.056942019093965304;;;;;
3667;4.420163155345309;1.0;0.6144263129253271;0.9925507182860651;0.03486827764251001;;;;;
3668;4.111023793245489;1.0;0.5022944399412725;0.7015782225529916;0.03339373575842916;;;;;
3669;3.948118430268868;1.0;0.6250342403433627;0.9229122513991049;0.051206791419413415;;;;;
3670;3.9364352878274995;1.0;0.30718849043971713;0.48425292815729004;0.024817853196083303;;;;;
3671;3.809229006254398;1.0;0.64153721037629;0.9725816755642838;0.06760793640008025;;;;;
3672;4.040824803411382;1.0;0.6934032048075044;1.0757700165587005;0.07616011506287983;;;;;
3673;4.016223129130012;1.0;0.5736338873525044;0.9089011084404227;0.09960749632384872;;;;;
3674;4.167516541757268;1.0;0.47178743364476944;0.6832941906902986;0.03368109729218432;;;;;
3675;4.385474145941588;1.0;0.661399548239773;1.0439341429847595;0.03805515188019199;;;;;
3676;3.985728678554695;1.0;0.6413522802274556;1.0239195829908532;0.07155594902010612;;;;;
3677;4.055963944065204;1.0;0.48514641282410204;0.6522063240025884;0.03756729871287701;;;;;
3678;4.252027507201724;1.0;0.6664375264093173;1.0010216514589279;0.04891297154667004;;;;;
3679;4.3585694366256895;1.0;0.4744730594389922;0.7177322832694564;0.03232402147597538;;;;;
3680;4.434573012339443;1.0;0.5526193997804505;0.8679312016549716;0.015323930761408288;;;;;
3681;3.996811159021996;1.0;0.5514656314584891;0.7201205370276208;0.04219265265445455;;;;;
3682;4.341808382030344;1.0;0.45791806571301236;0.6919029332267538;0.02179790470700751;;;;;
3683;4.269061076179498;1.0;0.46415565791948915;0.6918183145204765;0.02234269615435836;;;;;
3684;4.080496063226992;1.0;0.592816708440955;0.8245898357293998;0.05325117864276821;;;;;
3685;3.828706448882792;1.0;0.5818828210973651;0.7748852252631195;0.04782759194070139;;;;;
3686;4.434758774415032;1.0;0.6042402992754383;0.9442131904385743;0.016259536098600674;;;;;
3687;3.7305991787832444;1.0;0.5752380706329705;0.8247264641640216;0.09337796469372002;;;;;
3688;4.165383269238103;1.0;0.6647077645242825;1.0492866951601425;0.07324714813925184;;;;;
3689;3.21078238221735;1.0;0.542020121620994;0.7313120772231716;0.049445331503561354;;;;;
3690;3.857910193770132;1.0;0.6368279236573506;0.9735807441598393;0.06793556969622548;;;;;
3691;4.051176741712329;1.0;0.5958803501910663;0.9205944931257836;0.06545830774047906;;;;;
3692;4.107667944286496;1.0;0.4516254846150136;0.6608969817542051;0.032811817147278204;;;;;
3693;4.122731017441717;1.0;0.5379634073913144;0.7938524968628472;0.02121853421346408;;;;;
3694;4.240116041981701;1.0;0.5134571921212921;0.750011186251308;0.04497712039096587;;;;;
3695;4.292719877632535;1.0;0.40760109695238006;0.6215413531137203;0.021615585011847214;;;;;
3696;4.3951708257583215;1.0;0.6623554569245476;1.0766579330092867;0.02318008135653743;;;;;
3697;4.218676223748782;1.0;0.43642497002640257;0.6568125576519719;0.021086796052947936;;;;;
3698;3.310362845601185;1.0;0.6248150275418656;0.9075627609859556;0.05492051645688616;;;;;
3699;3.973028760770942;1.0;0.5457885123480534;0.7899859559551523;0.06765655038551062;;;;;
3700;4.284043102078143;1.0;0.621444619749727;0.9785604069818209;0.03468300192196893;;;;;
3701;4.200957359290012;1.0;0.47579480956034476;0.7435795104314584;0.03047624527595274;;;;;
3702;3.8572496336927697;1.0;0.571768309494745;0.7744819560615667;0.06547452529541183;;;;;
3703;4.1149952258298566;1.0;0.6208108553056578;0.9435339853114378;0.0456874934339295;;;;;
3704;4.278603277636626;1.0;0.372864383641118;0.5781844787514429;0.022059527664528084;;;;;
3705;4.345436006733045;1.0;0.5710477992123816;0.890282747400303;0.024322364057963553;;;;;
3706;4.06439123034737;1.0;0.6520994298662575;1.03641107808881;0.042988079603973384;;;;;
3707;4.530232636424025;1.0;0.7741299871677748;1.282420921563286;0.021666322055885673;;;;;
3708;4.0614222606934165;1.0;0.5767518898658374;0.859517141225319;0.03979234647129015;;;;;
3709;4.330640483267899;1.0;0.585077557011477;0.9247223310068848;0.024757197099811817;;;;;
3710;0.7157825978869949;1.0;0.3929794537261827;0.5556170986431455;0.01631274324793815;;;;;
3711;4.2771878584688094;1.0;0.6217328658564969;0.9723622927922562;0.025738421436321556;;;;;
3712;4.169668682991481;1.0;0.49618223590521954;0.7659140629715869;0.030998802965938748;;;;;
3713;3.885876264615474;1.0;0.5864756703890183;0.8211016547637595;0.07257265649797769;;;;;
3714;4.164819398423203;1.0;0.5898918642642269;0.8755249275160553;0.0441285431368654;;;;;
3715;3.942757106288043;1.0;0.6240229156133722;0.9259836448346395;0.05343914477387771;;;;;
3716;4.370060363366822;1.0;0.5777720206974678;0.9085030984698743;0.024420357623568915;;;;;
3717;4.100232782189766;1.0;0.35768639529749663;0.5346584501091654;0.024686826557805516;;;;;
3718;4.098288620205958;1.0;0.5830038306276217;0.958331452724983;0.025031538346031137;;;;;
3719;4.3687443407948;1.0;0.5413875489604499;0.8787448113651108;0.017232403412635225;;;;;
3720;4.361773399293518;1.0;0.6726807238729602;1.1011726074903947;0.03636056488255893;;;;;
3721;4.29733127907922;1.0;0.6229556004228696;0.9783723878747619;0.028740958509697885;;;;;
3722;4.461492779158837;1.0;0.6907457497854391;1.0855688198566127;0.031298440052772054;;;;;
3723;4.110494809950861;1.0;0.6042175171814914;0.9387085145292332;0.04562101372154222;;;;;
3724;4.39187419968363;1.0;0.4890290984882105;0.7704783536501639;0.02351111487637761;;;;;
3725;4.320166959917428;1.0;0.4028704171794425;0.6225949943022445;0.014754037008905778;;;;;
3726;4.0955744807798355;1.0;0.6354349919848445;1.012807549079516;0.05888314653259841;;;;;
3727;3.710767863811463;1.0;0.6557276428007378;1.0422095947777419;0.04094570283412966;;;;;
3728;3.645692589552824;1.0;0.6145027215621643;0.9428455899789138;0.09163303767308915;;;;;
3729;4.2004662845956675;1.0;0.5510218046051639;0.8505868244908378;0.02972974283909075;;;;;
3730;4.291976829575104;1.0;0.6691320254434415;1.046222138662242;0.057022799681051076;;;;;
3731;4.1062576797674515;1.0;0.6360941904422998;1.0227608679316513;0.05106429711097302;;;;;
3732;4.268868920552787;1.0;0.7125043168497418;1.1589102015585577;0.03844246159304512;;;;;
3733;3.913213089996253;1.0;0.5274241247377395;0.7075977994877378;0.05172795858918975;;;;;
3734;4.482856897984639;1.0;0.652957992014718;1.0514970016061067;0.02236414605723857;;;;;
3735;4.415367312381957;1.0;0.7211833868570954;1.1830280925614336;0.025593319704101152;;;;;
3736;4.0405290580023365;1.0;0.6319500319652115;0.9845041495215204;0.05245465668017696;;;;;
3737;3.941618275295169;1.0;0.6665286757761323;1.0931904470204359;0.059443330380791026;;;;;
3738;4.315472757423411;1.0;0.5723520351050138;0.8911883758869706;0.030081618506709665;;;;;
3739;4.344212258959133;1.0;0.5737125109822391;0.9083955400253458;0.03602812771113919;;;;;
3740;4.530607040137985;1.0;0.74244105588974;1.2601616890943292;0.023503980250919373;;;;;
3741;4.439248351731726;1.0;0.7396593317776007;1.22151496867905;0.04655571521786785;;;;;
3742;4.307728151822514;1.0;0.4050346095631375;0.6313250414179674;0.020584434558347568;;;;;
3743;3.7781152339062176;1.0;0.5304327826846414;0.7403472499401893;0.08341292307456691;;;;;
3744;4.321416026796673;1.0;0.7162751160982233;1.1394344917995776;0.04171462320769499;;;;;
3745;3.859570071725904;1.0;0.6613642420269055;1.0350749956893124;0.08709843732922674;;;;;
3746;4.306929995213634;1.0;0.6484587871295324;1.0571045220828534;0.029001631005412566;;;;;
3747;4.085375940931006;1.0;0.5873823193211524;0.8889029580633824;0.03843902615343187;;;;;
3748;4.220418119455186;1.0;0.3999788390253445;0.6067521443301749;0.023107827768127306;;;;;
3749;4.389724092000534;1.0;0.6414521702991834;1.0359863053256375;0.02418449767626649;;;;;
3750;4.178422901685504;1.0;0.6053800427570206;0.9780658147729656;0.04455057347646918;;;;;
3751;4.1499191794249395;1.0;0.4711146220655556;0.7372740593454836;0.04398206304008079;;;;;
3752;1.206859830332175;1.0;0.2885538820185183;0.42831893162283974;0.08917669542209938;;;;;
3753;4.203572697083097;1.0;0.6154062423012474;1.0247378383148829;0.04276571802480121;;;;;
3754;4.113012165013412;1.0;0.45090233714327116;0.702856137662582;0.030912623960152066;;;;;
3755;4.347224389756958;1.0;0.6354053796421809;0.969379802584825;0.01882612875173441;;;;;
3756;4.271573274856449;1.0;0.37847984144423424;0.5701226327196338;0.017610017102548788;;;;;
3757;4.17929933049028;1.0;0.37032806260447754;0.5682034733865869;0.019235288657237375;;;;;
3758;4.268018801496711;1.0;0.6901410200234711;1.141517575056044;0.039969860004893595;;;;;
3759;4.254966657268719;1.0;0.4096199213163497;0.6359278972356606;0.02234271309394803;;;;;
3760;4.282612671766651;1.0;0.5660897140350213;0.8945927902314297;0.033215163081690736;;;;;
3761;4.397462805376753;1.0;0.7356712426760001;1.2159133115792733;0.023937567669530473;;;;;
3762;3.779214205720836;1.0;0.5810780768970132;0.8733046965857855;0.04445429795359015;;;;;
3763;3.9463853016869517;1.0;0.6186007735304351;0.9583205069497223;0.04609433565499466;;;;;
3764;4.299264816537944;1.0;0.6965121322044041;1.1524368372089229;0.029946457999055515;;;;;
3765;4.1998421984810275;1.0;0.6778607506277963;1.094675190989487;0.04292443607407868;;;;;
3766;4.395540791313875;1.0;0.5061118032824544;0.8145361526524886;0.01569457034835788;;;;;
3767;4.35570191595923;1.0;0.6464924895835686;1.026933848992116;0.02207424786576072;;;;;
3768;4.126686178181489;1.0;0.5735500806429045;0.8775376410262656;0.02313332746634462;;;;;
3769;4.226148481415397;1.0;0.6927776705735785;1.1413703154892678;0.036385048540206896;;;;;
3770;4.199568444413027;1.0;0.6849971508316823;1.127971447116696;0.03692205497579192;;;;;
3771;4.1822748746207985;1.0;0.6409488337403811;1.0401757410893337;0.034641690694171175;;;;;
3772;4.381630084548692;1.0;0.6986306080408854;1.1913457196648567;0.05463365012728461;;;;;
3773;4.305500859156396;1.0;0.6177071512141662;0.9623552110212604;0.024139232291649493;;;;;
3774;4.278249106446597;1.0;0.4582824078886009;0.6955174025804557;0.021264367875000217;;;;;
3775;4.225184666075236;1.0;0.45372586147792526;0.6957309474337562;0.030611324109753032;;;;;
3776;2.017744072457451;1.0;0.23418017547774087;0.34848681607273113;0.0;;;;;
3777;4.239710573298365;1.0;0.4260271982367362;0.645637580556656;0.019337352954822074;;;;;
3778;4.442124014749931;1.0;0.7457300016388617;1.225491139807649;0.041436663623034414;;;;;
3779;4.2777140589260005;1.0;0.37107811837384824;0.5623885209120992;0.009274273496011318;;;;;
3780;4.020401807340056;1.0;0.6562152384418757;1.0428207913166518;0.05096053530961859;;;;;
3781;4.1733881476729096;1.0;0.7028672909450786;1.133435309314899;0.04658627374203627;;;;;
3782;3.669535011937279;1.0;0.6890955558100267;1.1443081929216516;0.0277443878901258;;;;;
3783;4.072876756213351;1.0;0.5752868238114627;0.883919026670836;0.03681792201954451;;;;;
3784;4.061898316927626;1.0;0.6813822241542278;1.1026919648521618;0.047864785961750235;;;;;
3785;4.235699944692492;1.0;0.5326000896649055;0.8028669226123715;0.022015846802663285;;;;;
3786;3.9711756247743977;1.0;0.6262740555433077;1.0074491211778331;0.038143375839671416;;;;;
3787;4.217166061799906;1.0;0.670183028998429;1.1277055568154395;0.027695234143005405;;;;;
3788;2.047349539783734;1.0;0.6144332488174704;0.8846671305239427;0.03721996102829653;;;;;
3789;4.419500386088717;1.0;0.6843315914978509;1.1582224552220357;0.022024815462041034;;;;;
3790;3.882141493449721;1.0;0.5712042023867149;0.8364012402804442;0.035907793065059375;;;;;
3791;4.459727057963799;1.0;0.6044889582245346;1.0242848061174394;0.022465114266196892;;;;;
3792;3.8253040725174743;1.0;0.6298223838120038;1.015194300205089;0.03197611022740632;;;;;
3793;4.077456046010984;1.0;0.6350359242915514;1.0224804516430783;0.03793959317200336;;;;;
3794;3.9573687239987114;1.0;0.593283186961004;0.9075386158755573;0.03915464202963686;;;;;
3795;4.4732798089529515;1.0;0.7771993106116247;1.2962631036725092;0.024594973865624464;;;;;
3796;4.481674853610515;1.0;0.7684281496772313;1.2997564836742936;0.0327008362369637;;;;;
3797;4.336468733001091;1.0;0.5085143129653396;0.8128371117418292;0.023298434836953905;;;;;
3798;3.777174828999807;1.0;0.6454181515720523;1.0487122198570586;0.057301823458837255;;;;;
3799;4.160671595693611;1.0;0.5886327724834146;0.9573766499699392;0.0276755091347389;;;;;
3800;3.8639804412249465;1.0;0.5906157171304004;0.9596566634709428;0.028502861151812692;;;;;
3801;3.6233267188788374;1.0;0.3965159983453541;0.627753212997051;0.02239881732352829;;;;;
3802;3.737279404413992;1.0;0.5976316526262248;0.9236796746959993;0.058599407321307244;;;;;
3803;4.4731701787568925;1.0;0.6731055870522663;1.1482332701124347;0.024913504269374612;;;;;
3804;4.299128995245684;1.0;0.613559684271722;1.0290339564458844;0.023908936592598278;;;;;
3805;4.1814167680846985;1.0;0.5707883129582227;0.9345318132720916;0.04318166362752152;;;;;
3806;3.9590325943260165;1.0;0.6313644417008484;1.0503743829278511;0.04472510380432797;;;;;
3807;4.314068081359377;1.0;0.599190650509979;0.9998067654906836;0.03229813669609719;;;;;
3808;4.070557198410563;1.0;0.5928964397468481;0.9764163360415555;0.05386556617793045;;;;;
3809;4.455276504285322;1.0;0.6921696705531101;1.164382845077639;0.014966861464735689;;;;;
3810;4.284397276278161;1.0;0.45388186225222743;0.7295942451284877;0.01689616979035617;;;;;
3811;4.472432589053211;1.0;0.7387062451951334;1.2519942810774258;0.03762979183186241;;;;;
3812;3.3586863380477148;1.0;0.6898390769184052;1.1359987953503266;0.022987757198281195;;;;;
3813;4.184010118182742;1.0;0.5606452598954317;0.9503368855290323;0.022086393245021596;;;;;
3814;4.476321489407553;1.0;0.6487752358264824;1.0757635064532722;0.017028889431717147;;;;;
3815;4.230538508546331;1.0;0.618594145207585;1.0287105546462891;0.026054269837337572;;;;;
3816;3.5144814862459195;1.0;0.6197676437721494;1.0217914799399985;0.06131335751533281;;;;;
3817;4.525578142915386;1.0;0.7684469865156915;1.2856720928556318;0.01675426108565891;;;;;
3818;3.915039205513126;1.0;0.5641968874014262;0.8842791749558435;0.047030890080686075;;;;;
3819;3.881647183347485;1.0;0.6388566809212838;1.0548641490752266;0.04638305504147308;;;;;
3820;4.476665362519592;1.0;0.6714469410038524;1.1662373416291218;0.021072113903099154;;;;;
3821;4.345485148952357;1.0;0.5197271983829186;0.8655255721066831;0.036805527624258504;;;;;
3822;4.237439526408415;1.0;0.47608449771439204;0.7368947685612842;0.04001251616889336;;;;;
3823;4.039328743389817;1.0;0.48024445548405403;0.7836790547138363;0.07908484558312759;;;;;
3824;4.151781825376314;1.0;0.6108964206256768;1.0032869298138734;0.031351579995273014;;;;;
3825;4.0453119367708155;1.0;0.6307064393311551;1.0766376082435811;0.03661075912654033;;;;;
3826;4.194244493496189;1.0;0.52813862978256;0.8383769850277021;0.022546049652335837;;;;;
3827;3.924532335401334;1.0;0.6635827890932386;1.0995265901004365;0.04999374538961929;;;;;
3828;3.879479308558553;1.0;0.5528568823698227;0.8744779944347661;0.03240933437930803;;;;;
3829;4.046924697434901;1.0;0.6450098772174634;1.0908578137182432;0.04576039107311502;;;;;
3830;4.436638247133802;1.0;0.7372078034317908;1.2510678888995963;0.05046131877356155;;;;;
3831;3.9713111638361;1.0;0.6772995667222957;1.1235922512417345;0.04764724160344261;;;;;
3832;4.3397613096392975;1.0;0.6422206777381486;1.092134469693925;0.02141486078803976;;;;;
3833;4.269931587013382;1.0;0.6410047522714819;1.0992266471447698;0.031033084596696795;;;;;
3834;4.30199000270491;1.0;0.5058229148668408;0.8551800492793417;0.031043383942602826;;;;;
3835;4.473960884549309;1.0;0.6025262307414518;0.9734973497426502;0.010422830012667668;;;;;
3836;4.317646655441365;1.0;0.674228788632941;1.1483999677212118;0.01994930198570703;;;;;
3837;4.406916732068653;1.0;0.4748238337177864;0.7869133556954863;0.012189586600737216;;;;;
3838;4.153716703285999;1.0;0.5620211273583428;0.8851519301610685;0.03245033071643455;;;;;
3839;4.226325877752776;1.0;0.6061600852188177;0.9996835483195524;0.021010939075964873;;;;;
3840;4.490310575623633;1.0;0.6364196833539021;1.0377074572285125;0.010933590469889053;;;;;
3841;4.097486195064382;1.0;0.6698126158741985;1.1316252591202514;0.05176785217150384;;;;;
3842;4.146197810679183;1.0;0.4842337858365245;0.7520019523226938;0.03799902011631121;;;;;
3843;4.070050148740003;1.0;0.6478687976398187;1.0970658239236606;0.03228171126908099;;;;;
3844;4.053881090302841;1.0;0.46248619762481336;0.7546122752849594;0.03508759594870506;;;;;
3845;3.9836704547206696;1.0;0.6376239741683095;1.033400620883087;0.0499869836820363;;;;;
3846;4.134859308550563;1.0;0.5973463037829988;0.9851662698363086;0.036588936948725316;;;;;
3847;4.30219994969994;1.0;0.5304627991987106;0.8626937615040571;0.02701868478524218;;;;;
3848;3.998961856679411;1.0;0.5524173557807383;0.8716148054913943;0.03977616946745375;;;;;
3849;4.495426949233571;1.0;0.696391187361263;1.1680772338023904;0.015763364991831365;;;;;
3850;4.1228948335893545;1.0;0.47699872649325337;0.7559097737781991;0.03405523417266982;;;;;
3851;4.231040787264381;1.0;0.5451744053665072;0.887982872609382;0.027288077837555345;;;;;
3852;4.108328048584359;1.0;0.454603191729637;0.7078119545463253;0.030861305225492186;;;;;
3853;4.519481711333378;1.0;0.7202963319895224;1.236989697527187;0.017948321366586615;;;;;
3854;3.649414075079404;1.0;0.6430750827404161;1.0595485181272795;0.057575947097183486;;;;;
3855;4.197270346281835;1.0;0.578487463058199;0.8953435588949517;0.027540626848763128;;;;;
3856;4.2530086290831735;1.0;0.40926336299733895;0.6555025758566081;0.025182157522943192;;;;;
3857;4.180288336802841;1.0;0.6317045248049799;1.0398080257848648;0.036621022075762455;;;;;
3858;4.3268315115034515;1.0;0.6746182245762468;1.0577304096442957;0.04195071989582852;;;;;
3859;4.246872911322663;1.0;0.5885942971948296;0.9555986105451304;0.03065082366964374;;;;;
3860;4.450446115425406;1.0;0.6416664140382916;1.016188981494017;0.02556294873636404;;;;;
3861;4.15102637431732;1.0;0.6100433582000022;0.9669895118523892;0.02801999109037601;;;;;
3862;4.474494233766449;1.0;0.6703152556268304;1.1106356861981124;0.023377226611739993;;;;;
3863;4.270544356673552;1.0;0.5536215548923714;0.8654280084593348;0.02358571182515601;;;;;
3864;4.3104959558859655;1.0;0.6094361193212636;0.9696187455171733;0.05462709940182182;;;;;
3865;4.318912193707714;1.0;0.5977593252195184;0.9298226051513425;0.03100785442357201;;;;;
3866;4.069579676152328;1.0;0.5309338016250319;0.8138116755582799;0.029598978094217278;;;;;
3867;4.059266799302525;1.0;0.661257724401933;1.057005346814185;0.04408468637634314;;;;;
3868;4.190050690455944;1.0;0.5700796492217481;0.8683729569569563;0.034855574148318136;;;;;
3869;4.147963544419389;1.0;0.627838213408236;0.9243849571856634;0.036542456499303114;;;;;
3870;4.345434483568918;1.0;0.6454896390634609;1.0714789062085819;0.0431838451560644;;;;;
3871;4.425650512024231;1.0;0.6861507806619155;1.119017770074113;0.024995632312206962;;;;;
3872;4.185530195161595;1.0;0.6618836365511015;1.0286067694180958;0.04349282463044735;;;;;
3873;4.108689628755509;1.0;0.5595302220470616;0.8249503670438358;0.03936071306092267;;;;;
3874;4.2291734599163044;1.0;0.510239889348491;0.801225880263739;0.0283755367195512;;;;;
3875;3.9750282746993335;1.0;0.5805762835993477;0.8813717400602822;0.04155905953165394;;;;;
3876;4.291456893240612;1.0;0.7326073127645604;1.2244069903329782;0.049472094381070614;;;;;
3877;4.308520900434726;1.0;0.5320581452555051;0.808306154647771;0.02850848025745284;;;;;
3878;3.7315897769477346;1.0;0.49376355073644024;0.7817408772093256;0.03319985362111949;;;;;
3879;4.151256753204888;1.0;0.506131836050173;0.798368748233551;0.028758833094276015;;;;;
3880;4.197492042224836;1.0;0.6596043061039419;1.0575243760286008;0.05875155613121828;;;;;
3881;4.275639224364674;1.0;0.6882880300750582;1.1233247651928018;0.0444673331170635;;;;;
3882;4.314487759573305;1.0;0.6580114244323578;1.028250898254821;0.025851213611020975;;;;;
3883;4.25909649037446;1.0;0.4325240571921944;0.7004502600257768;0.01443467261326678;;;;;
3884;3.7943204592150224;1.0;0.6333890852326829;0.9442156320164754;0.06122439305849451;;;;;
3885;4.227089456005112;1.0;0.5867094121785507;0.9132450423756916;0.03033713100249732;;;;;
3886;4.43002876632417;1.0;0.7703635659263183;1.3164055104437633;0.041070896572159385;;;;;
3887;3.87528079550998;1.0;0.6311260211797655;0.9644367395312895;0.06438117316238283;;;;;
3888;4.325144183484571;1.0;0.5184060953255899;0.8180422695333357;0.02633284998773009;;;;;
3889;4.5079681269260705;1.0;0.7641384858050836;1.2464110666603168;0.013753017304280477;;;;;
3890;4.169307020149208;1.0;0.689086833222892;1.0710353681287854;0.03714921482441946;;;;;
3891;3.513047141929424;1.0;0.6346835136822929;0.9837793257508937;0.10520819214520086;;;;;
3892;4.379323588244356;1.0;0.6528005941994198;1.0718055690816628;0.033721191263113695;;;;;
3893;4.177019523560014;1.0;0.634543904727927;0.9851585326901753;0.032432547397806426;;;;;
3894;4.270643609273662;1.0;0.44793067155497746;0.6743254867633225;0.02396275170805575;;;;;
3895;3.6765747606176924;1.0;0.5040281598673237;0.8044014576332829;0.029169352145400368;;;;;
3896;3.997017651727417;1.0;0.6661313327421013;1.049215176062526;0.04215592291458308;;;;;
3897;3.9227282529315697;1.0;0.5476407786562159;0.8290639637586249;0.033418443888138055;;;;;
3898;4.36733247969485;1.0;0.6227788031649681;1.0246540456712783;0.02672312818865239;;;;;
3899;3.923550329016054;1.0;0.5546993926409847;0.825006242277535;0.043819657253407224;;;;;
3900;4.36499952081413;1.0;0.7109938009354311;1.1642730751266297;0.038420005272234534;;;;;
3901;4.121635569731529;1.0;0.4163724520500925;0.659367050928147;0.028565952472577504;;;;;
3902;4.22068829774725;1.0;0.6131637694828178;0.9946084795462079;0.030485519169480675;;;;;
3903;4.055006612070304;1.0;0.40103482708795424;0.6374989980911255;0.020565627286170635;;;;;
3904;4.335840644038846;1.0;0.4823734187221795;0.7622193719368968;0.025265997418172037;;;;;
3905;4.121727817490635;1.0;0.6220380192713814;0.9904395920948319;0.05336780820521116;;;;;
3906;3.9916477281022362;1.0;0.28483851258502557;0.4385711803956896;0.013252288616504303;;;;;
3907;4.376035575002745;1.0;0.5339265979540806;0.8637000346937492;0.027313775271726234;;;;;
3908;4.2830146056319105;1.0;0.6318428274445897;0.9871712600959401;0.03133646603672274;;;;;
3909;4.122982445520677;1.0;0.6874490480973884;1.1195462181630444;0.06944788967740587;;;;;
3910;4.296099368122228;1.0;0.5590104421146972;0.8487859324206944;0.024576732842727222;;;;;
3911;3.8505914520122806;1.0;0.5957571325255971;0.9294162915256037;0.05933344859360836;;;;;
3912;2.9299950497989697;1.0;0.5525544357185495;0.847647581812064;0.02217442095788899;;;;;
3913;4.006369549135741;1.0;0.5468213994723761;0.8287079719534728;0.048187181146594364;;;;;
3914;3.5518530050381645;1.0;0.46302897029587425;0.7100219773159472;0.0487594408793508;;;;;
3915;4.290617727937711;1.0;0.6252930564931846;0.9902927489418781;0.03447560320735388;;;;;
3916;4.471581347827931;1.0;0.7413198504335062;1.2430935463556174;0.02340523032293107;;;;;
3917;3.7658755222538405;1.0;0.20438249159071536;0.3145332738286876;0.0;;;;;
3918;4.1784573441699;1.0;0.6733360815039867;1.0944458317816605;0.04633171795128761;;;;;
3919;3.807567062580127;1.0;0.5152753186100869;0.7633561336554234;0.046998171616234735;;;;;
3920;4.422354609538867;1.0;0.6284169628922485;1.0468970526869197;0.031073251583215254;;;;;
3921;3.929462726208984;1.0;0.664441486287926;1.0524180466898656;0.07382909631265099;;;;;
3922;3.6951543771965576;1.0;0.5936249185847526;0.8734799890609221;0.09990276158844277;;;;;
3923;3.6983421771496623;1.0;0.44058572315070244;0.7179395805387955;0.05498767058241279;;;;;
3924;3.975748447009833;1.0;0.675762715944099;1.0911852462468403;0.05904323231047484;;;;;
3925;4.537463367653712;1.0;0.7713620606195112;1.289942185488677;0.014903194097569985;;;;;
3926;4.05356207345165;1.0;0.7156056253498297;1.1804605692999377;0.06414500561729641;;;;;
3927;4.120203663038163;1.0;0.6915877801549476;1.1025219226897978;0.05090006412258668;;;;;
3928;4.100699243391228;1.0;0.4405923127930402;0.6864859735312503;0.027701169506721194;;;;;
3929;4.0142587034475605;1.0;0.6574020287436717;1.0516589854279297;0.05603174442040511;;;;;
3930;4.482253623623443;1.0;0.6789914410937428;1.0962370504922112;0.022168835095340882;;;;;
3931;3.9629009518521383;1.0;0.5061142911492654;0.7577105282259017;0.04344797316392482;;;;;
3932;4.144180856982485;1.0;0.6250879375177832;0.972510952735011;0.06610742997357295;;;;;
3933;4.432204558635975;1.0;0.7076899242567024;1.1685130967703936;0.03519571972889435;;;;;
3934;4.222282636624339;1.0;0.654163978367446;1.0431425730507808;0.04287885553861979;;;;;
3935;4.289273617470971;1.0;0.5857286743280552;0.9331731151586589;0.028916302541923962;;;;;
3936;4.13132578016243;1.0;0.6436185776134796;0.9753031738713742;0.048354271231641495;;;;;
3937;3.769179063643989;1.0;0.5628329221514321;0.8152814575678528;0.04302728980215765;;;;;
3938;4.293211136474238;1.0;0.7149129973398488;1.1958825112798026;0.036580035378520045;;;;;
3939;4.05092938604474;1.0;0.6900218209240383;1.1102265156259663;0.06811659695303605;;;;;
3940;4.347538434113327;1.0;0.5127407986957564;0.7719921189672103;0.021642853886733305;;;;;
3941;4.164272527000569;1.0;0.520302924833515;0.7838385372388277;0.03131978243551128;;;;;
3942;4.256614068452127;1.0;0.534531330851065;0.8157588069227338;0.02535256162276171;;;;;
3943;4.351577571987748;1.0;0.661683447605831;1.0765194181502329;0.025954626194619402;;;;;
3944;4.252010115436368;1.0;0.5081833384027379;0.7775570507753885;0.023666713746472653;;;;;
3945;4.052691059692481;1.0;0.6616939401148716;1.0524101675053599;0.04016707919055635;;;;;
3946;4.425534362769892;1.0;0.6405386600925939;1.0073190896751607;0.028622460507242365;;;;;
3947;4.005223192122873;1.0;0.6803251709252899;1.1054192619368173;0.04867708469147986;;;;;
3948;4.377311349030084;1.0;0.501997048763734;0.7402763482910606;0.01467148261645396;;;;;
3949;3.9139820451016014;1.0;0.4892273209995403;0.764403175784331;0.02393911438708712;;;;;
3950;4.206625895648908;1.0;0.5710287935835836;0.8552616598369575;0.035335662516281195;;;;;
3951;4.047503475831632;1.0;0.6227091367071602;0.9692905311603625;0.052892116828049715;;;;;
3952;4.284792783992112;1.0;0.6980981956892106;1.1466217972703014;0.0356524745179199;;;;;
3953;3.988092281337736;1.0;0.5797088811692754;0.8802136234762071;0.058267195916707745;;;;;
3954;3.9235264858142846;1.0;0.3568657415012109;0.505250494891331;0.022837655577525262;;;;;
3955;4.12277734736991;1.0;0.6192176088079717;0.9331483127447187;0.04040678712862606;;;;;
3956;4.497759370506673;1.0;0.678338913454639;1.1340390735049588;0.02243280465601452;;;;;
3957;3.6784745227433753;1.0;0.312504190402797;0.4832419595554769;0.06022181077635643;;;;;
3958;3.911897264874462;1.0;0.34103398018287995;0.5121470447335852;0.02304206034694752;;;;;
3959;3.735018998650286;1.0;0.30958803023332543;0.4743646455882044;0.029914377244726384;;;;;
3960;4.006901923665646;1.0;0.49554780958340167;0.7037916985893451;0.034739223839044875;;;;;
3961;4.19514711149161;1.0;0.5886660251262039;0.9145289929861505;0.03335883892327524;;;;;
3962;4.163865527139217;1.0;0.49109593091687986;0.7579269513403535;0.02324959772526398;;;;;
3963;4.079213697821463;1.0;0.7070146331180164;1.11731535562254;0.04614078688187852;;;;;
3964;4.2097573857177855;1.0;0.5326036549866514;0.8201733598493618;0.02782335215247213;;;;;
3965;4.127058760842648;1.0;0.5530216110514303;0.8613684727227591;0.04282862796889916;;;;;
3966;4.220622788605864;1.0;0.6794322416393963;1.0750125295972175;0.033933160933853054;;;;;
3967;4.040379707709667;1.0;0.6046316293457531;0.9056763101154935;0.04659061316978286;;;;;
3968;2.704551101395575;1.0;0.29455379829153316;0.44064704267295457;0.02977188776313963;;;;;
3969;4.213817661063452;1.0;0.6485591371080902;1.0233810358235502;0.02446765372630896;;;;;
3970;4.339727246780284;1.0;0.6184509220829955;0.9994319883648393;0.025351706970049584;;;;;
3971;4.322237524728542;1.0;0.681750326675514;1.1142687015243766;0.023802727330318046;;;;;
3972;4.506654323209084;1.0;0.7128299715826772;1.1273879889352125;0.011589039962149432;;;;;
3973;4.368483326155575;1.0;0.6441920262442601;1.0531002973565768;0.02091244238764446;;;;;
3974;4.50825404669307;1.0;0.7613864217533077;1.243123321247905;0.031363390412245604;;;;;
3975;4.316830574973542;1.0;0.4258907201343105;0.6702976745758168;0.02354064103216277;;;;;
3976;3.8530489213341292;1.0;0.5637167667626294;0.7879776039951095;0.04392432164479678;;;;;
3977;4.182005606918135;1.0;0.6671194047242143;1.0249705152748496;0.030738585313599846;;;;;
3978;3.7317029705355766;1.0;0.571130042767742;0.7506306994323351;0.03465596950728395;;;;;
3979;4.249436337321303;1.0;0.680223857809649;1.0936648684800945;0.03789183415828399;;;;;
3980;3.720566010840695;1.0;0.4744636858757308;0.6300860810740541;0.045912770516455766;;;;;
3981;4.362363368997846;1.0;0.7182807816287975;1.1943098989334158;0.03154773682399275;;;;;
3982;4.356286988227704;1.0;0.6576690690398439;1.064557305041837;0.030838900647622732;;;;;
3983;4.488601390462012;1.0;0.7419663953221319;1.2207390271639442;0.02020953825226519;;;;;
3984;4.392930796830822;1.0;0.7523317050814882;1.2154779139174126;0.03083836423159117;;;;;
3985;4.233021873573099;1.0;0.6982386406011362;1.1530329108926256;0.04853456180167521;;;;;
3986;4.442839931406771;1.0;0.6624900260369498;1.0854791005056774;0.02682130713404079;;;;;
3987;4.509687300789315;1.0;0.6854085943835401;1.1102576948247924;0.010997257610359587;;;;;
3988;4.26495536181775;1.0;0.6042545596845795;0.9269585410195919;0.027887317407201077;;;;;
3989;4.049103509271916;1.0;0.6314990334984604;1.0025162296640548;0.04125802022750411;;;;;
3990;4.302453599780053;1.0;0.5961041999164995;0.9333731198886623;0.027158496351398113;;;;;
3991;4.359342967627409;1.0;0.6876781502332334;1.140601759895891;0.0330682827817811;;;;;
3992;4.497179390961207;1.0;0.7549903758367585;1.2738932202003639;0.022311540625824047;;;;;
3993;4.34973964060258;1.0;0.6893270781268174;1.1220288531308975;0.03006181591928773;;;;;
3994;4.039673962166507;1.0;0.4825918953010426;0.7449363790793472;0.047441959894234415;;;;;
3995;4.228028531758224;1.0;0.42870924603846905;0.6273365842245262;0.019947931656495093;;;;;
3996;3.93938691324734;1.0;0.7035991734330156;1.1360055745971027;0.05473304509972885;;;;;
3997;4.41182836672285;1.0;0.6159537203113876;0.9832323893048814;0.0224612614397201;;;;;
3998;4.289838278380602;1.0;0.41160513005339;0.631187607714293;0.021632479232904126;;;;;
3999;3.8856722714287697;1.0;0.28133885733334646;0.41803932407069916;0.02457992115048076;;;;;
4000;4.186089438715922;1.0;0.6011180691210907;0.9150829842816492;0.03097375943884606;;;;;
4001;3.9778091591142237;1.0;0.6904565368983854;1.1057400123578702;0.04400966801733582;;;;;
4002;4.393981986456591;1.0;0.5962976046944028;0.8905108031755872;0.01428732342567206;;;;;
4003;3.8881362155942307;1.0;0.47804946575109564;0.6062544371326769;0.02743788810081874;;;;;
4004;3.916278957971523;1.0;0.5883310466379957;0.9198926376307788;0.055564769356048385;;;;;
4005;3.9504684618820542;1.0;0.643778499073847;1.0039064325713674;0.05048804605499202;;;;;
4006;4.03779095596724;1.0;0.6358751183248484;0.986416641708587;0.05176791749816297;;;;;
4007;4.24758412515588;1.0;0.6202114832759161;0.9441922490825648;0.021917616402156247;;;;;
4008;4.122030483525901;1.0;0.34147277879356275;0.5471487600444958;0.01676750297085448;;;;;
4009;4.058791575335337;1.0;0.3957622345291951;0.5741854958671334;0.03220384412677765;;;;;
4010;3.9223729052734724;1.0;0.6813924636570655;1.0539849417922929;0.048411317285623305;;;;;
4011;4.133891309475801;1.0;0.653296492470145;1.0318379447314778;0.038201300957834576;;;;;
4012;4.177578102108008;1.0;0.7489195565523308;1.2198307830720758;0.05309643441512113;;;;;
4013;3.996519431230357;1.0;0.5733477570382801;0.8933728604544057;0.03560928136174822;;;;;
4014;4.041132115631379;1.0;0.5853989327391897;0.8750996183839622;0.04483669230149295;;;;;
4015;4.16835843321915;1.0;0.5665748568656592;0.8662455120266034;0.027495060989879815;;;;;
4016;4.309777676978386;1.0;0.6172624123733331;0.977879423505171;0.025424244018941517;;;;;
4017;4.424273570354215;1.0;0.7302961625009431;1.178507852596928;0.02763840438084877;;;;;
4018;4.104607668111473;1.0;0.6337575963956342;0.990017942499558;0.03908565598204065;;;;;
4019;3.9266066509274307;1.0;0.6467933280346241;1.0004468170851109;0.0539272497388491;;;;;
4020;4.381196235501243;1.0;0.6312719559184168;0.9878843654304718;0.025978310672756064;;;;;
4021;3.9371584489968914;1.0;0.37200395494547317;0.5766010014386895;0.0321985757867659;;;;;
4022;4.299821317631688;1.0;0.5484859810191463;0.8378789642098855;0.020426957375385798;;;;;
4023;4.24198529662618;1.0;0.7385824370012449;1.1882566371215506;0.037984108611804325;;;;;
4024;4.465991456212732;1.0;0.7224912611920484;1.1845270138958757;0.019080781170208727;;;;;
4025;4.173187011480624;1.0;0.6167280375028709;0.9146812918826216;0.028257871103461667;;;;;
4026;4.208005372949677;1.0;0.621082423597675;0.9179244490978471;0.028299300156539565;;;;;
4027;4.136184974564286;1.0;0.4343244150494649;0.6528066430241413;0.024516232692345697;;;;;
4028;3.863845370349596;1.0;0.6220866502333906;0.9621364794088741;0.04828601912135624;;;;;
4029;4.307023063806679;1.0;0.5973132038761308;0.8869975545640555;0.022043477866833354;;;;;
4030;4.222033487064332;1.0;0.7270200615875934;1.1663293571728082;0.04237722928043268;;;;;
4031;3.843074207890532;1.0;0.6726911774062234;1.0122694044795237;0.05416718775998791;;;;;
4032;4.1280780366282075;1.0;0.6975750912290996;1.118711038142947;0.04020822478603824;;;;;
4033;3.9059124762383592;1.0;0.7128725113672734;1.106926287957285;0.04860961335866188;;;;;
4034;4.294423725811301;1.0;0.5293306460172191;0.7899028207337371;0.018266290694560757;;;;;
4035;4.135786610956389;1.0;0.727444506414065;1.1952644591671913;0.033275154192967726;;;;;
4036;3.981390758083655;1.0;0.31181419086157913;0.44028862240994276;0.022861539629518157;;;;;
4037;3.6720594556702872;1.0;0.23022385331026649;0.33022820190839225;0.020606455063835447;;;;;
4038;4.306853840087074;1.0;0.5400984750238127;0.7889461040483001;0.015897062036244438;;;;;
4039;3.5546872309546327;1.0;0.5096755960785958;0.8094624689123325;0.04137484168004822;;;;;
4040;4.209464030607308;1.0;0.6760018839038217;1.0613195357690295;0.0376405940246282;;;;;
4041;4.368862384799781;1.0;0.629928867317962;0.9329688515529948;0.01698856769548885;;;;;
4042;3.8002232035079224;1.0;0.2788031387319107;0.40963895046426396;0.021989966555410516;;;;;
4043;4.377421925664817;1.0;0.6576413817905686;0.9822767727420156;0.022543439617095158;;;;;
4044;4.00166395060447;1.0;0.4182929736203609;0.6520599880856257;0.03253107073320211;;;;;
4045;4.085380796523957;1.0;0.6302362659279905;0.9571244373774485;0.028293654088803553;;;;;
4046;4.486227140289016;1.0;0.7760568311238477;1.234924520345555;0.020464436368518555;;;;;
4047;4.315875746309039;1.0;0.49266295048115666;0.7199638582022987;0.019360951113524233;;;;;
4048;3.8994672785089644;1.0;0.6561048853234778;1.0013405350865372;0.04107432632607316;;;;;
4049;4.500387595686705;1.0;0.7749545833547303;1.309265322381499;0.024579783247066358;;;;;
4050;3.794153767395;1.0;0.6769207162477305;1.0361857818447646;0.05740113493245637;;;;;
4051;4.181356097005255;1.0;0.48364568375563477;0.6991209285219917;0.02425488448995777;;;;;
4052;4.487456458600284;1.0;0.7577480836860008;1.2618509002117255;0.019000378213474688;;;;;
4053;3.892054416313548;1.0;0.516748088931935;0.7134951015907102;0.03318036855323736;;;;;
4054;4.104896929294126;1.0;0.6423396159368094;1.0122233275005041;0.028673090112596163;;;;;
4055;4.297715823298666;1.0;0.681230097727665;1.1068746251561703;0.024543652156708343;;;;;
4056;3.7772413361891894;1.0;0.5934229189017114;0.8869971166542869;0.030452484073090796;;;;;
4057;4.433114554642867;1.0;0.6455489849325401;1.0002890614668327;0.016911509619678904;;;;;
4058;4.098640676329898;1.0;0.6430864455817713;0.9783812762027679;0.029267494004952228;;;;;
4059;3.7411376370452514;1.0;0.42357049779806;0.5509627073857715;0.02016255748217932;;;;;
4060;4.048400366980026;1.0;0.7300697000781633;1.1373919837068593;0.0390335062087922;;;;;
4061;4.1247975133970955;1.0;0.6150839938277401;0.9183750153814387;0.03162857954596277;;;;;
4062;4.367551927824646;1.0;0.6313872726574892;0.965843430621643;0.029555578731961657;;;;;
4063;4.46645885056145;1.0;0.660157399624877;1.040155305020137;0.01393421266091592;;;;;
4064;3.9711942135551466;1.0;0.7000283004924179;1.0933775301194595;0.041196015543391556;;;;;
4065;4.207061592668306;1.0;0.5902920842728873;0.8814751082230956;0.03425168437103044;;;;;
4066;4.267442717545844;1.0;0.5233056721169371;0.7799190244365869;0.021845249970790584;;;;;
4067;3.5556995825763975;1.0;0.4796156583870113;0.7168053048913422;0.03976488609038813;;;;;
4068;4.4120457846777335;1.0;0.7298775200248215;1.1701000522450278;0.022551835508997996;;;;;
4069;3.7551170583750033;1.0;0.629223505055311;0.9563382265003448;0.039107879947334515;;;;;
4070;0.4255835512202131;1.0;0.20447290244097494;0.2937855759137803;0.03292587708276902;;;;;
4071;4.445021157907957;1.0;0.6063431995841269;0.9101517877724128;0.010988252640380976;;;;;
4072;4.3819061447872505;1.0;0.6731572870738248;1.0635443755781027;0.026077428171282467;;;;;
4073;4.064643501353769;1.0;0.6976035472625406;1.103217158653182;0.034099550152248984;;;;;
4074;4.482446000573443;1.0;0.7257342514139458;1.1545052362300796;0.018619365038781064;;;;;
4075;3.753040812845205;1.0;0.43832831385253473;0.643943679569854;0.04113071566640656;;;;;
4076;3.745122857915363;1.0;0.47550724123809884;0.6934380042753423;0.03337781857899636;;;;;
4077;3.786410177803347;1.0;0.4098694444359163;0.5981141841473958;0.03561087261892678;;;;;
4078;4.363088597377118;1.0;0.7113258414009133;1.1122018637710076;0.025573561437872993;;;;;
4079;3.9160284274972144;1.0;0.45243991404316897;0.6923598748497325;0.030412485870393753;;;;;
4080;3.851229145008958;1.0;0.3461493074514371;0.5088012675939035;0.029073266592197992;;;;;
4081;3.78955507654438;1.0;0.39015655004929817;0.5827912389592874;0.015109473570149292;;;;;
4082;3.921157376907453;1.0;0.4378339204948082;0.6324312307455658;0.031743423184777984;;;;;
4083;3.75680903382907;1.0;0.34162785892846026;0.4542573992645016;0.02119421464695301;;;;;
4084;2.6723605538363575;1.0;0.34090795987217504;0.4949538892494215;0.026243312768127792;;;;;
4085;3.5584010396810477;1.0;0.500181606592072;0.7206742005487263;0.04054508768484139;;;;;
4086;2.9072104326530432;1.0;0.5187586556175772;0.7797213108788472;0.04846110511384823;;;;;
4087;4.166888556226324;1.0;0.38170196531526035;0.5369084702027036;0.011575147968368896;;;;;
4088;3.93717560540152;1.0;0.39067964585719134;0.5525146869831349;0.028497486808572683;;;;;
4089;3.882294114410154;1.0;0.37024091246275165;0.5249285165013057;0.024805177331930193;;;;;
4090;3.745527749000871;1.0;0.4557201104764923;0.6540255281454486;0.03587888448272137;;;;;
4091;3.7630034588148447;1.0;0.3609440609920319;0.4987249542920193;0.033198635610709154;;;;;
4092;3.5863465123994596;1.0;0.394417147998472;0.4839397535813662;0.031897431529780515;;;;;
4093;3.732628114156316;1.0;0.3662100595494812;0.4617060308121146;0.033991600072945216;;;;;
4094;3.688401214069624;1.0;0.346041993168795;0.44610609345971614;0.026947666570592124;;;;;
4095;1.9997957126709245;1.0;0.7521487763354744;1.0797296324819448;0.015205657665916123;;;;;
4096;4.096110021279796;1.0;0.34111167347762905;0.49502915202171727;0.017242398317018195;;;;;
4097;4.1423071132042715;1.0;0.4867527030052932;0.6621857076748559;0.014660710092321089;;;;;
4098;3.9843072177101106;1.0;0.36659593105820415;0.5271272218945032;0.02594094131925588;;;;;
4099;2.9828568266322084;1.0;0.4519338121208124;0.5381878702337523;0.048826637871359276;;;;;
4100;4.307060786142601;1.0;0.5846817081213751;0.8165590896957402;0.016000670135263715;;;;;
4101;3.4849458332523056;1.0;0.3982829134849827;0.4493222674851864;0.03859522330613546;;;;;
4102;4.1568655671201835;1.0;0.47973621006611866;0.6772239331617931;0.019529436932184778;;;;;
4103;3.7186532738433993;1.0;0.4744707643468581;0.6651885327075355;0.038463477589647674;;;;;
4104;3.103964672131749;1.0;0.46702492255298494;0.5608436038655619;0.06110067360432419;;;;;
4105;3.7716706447664805;1.0;0.4417257975095352;0.6387762045842257;0.03267917522522076;;;;;
4106;4.10820986892065;1.0;0.401785710349217;0.5167040478380179;0.011700995278795789;;;;;
4107;4.049055936316791;1.0;0.4059120655439862;0.5804604267653735;0.026935910210674326;;;;;
4108;3.628710924913052;1.0;0.5856745601071429;0.7259101604489427;0.04740875018917649;;;;;
4109;4.036990353744982;1.0;0.31091119517215565;0.43793399960537743;0.01111466345975342;;;;;
4110;4.321277780255798;1.0;0.6582849425608469;0.9400981174691733;0.023657741112582845;;;;;
4111;4.1054690083517835;1.0;0.37052878499531794;0.5395793991930948;0.01974253030493651;;;;;
4112;4.023767102085579;1.0;0.49472339588321274;0.7312350167002142;0.0418837270043724;;;;;
4113;4.003878050305761;1.0;0.4862227843703526;0.7304446683741157;0.03889186885626696;;;;;
4114;3.4609348125557475;1.0;0.5315056853729885;0.7692535364797289;0.056643207593804465;;;;;
4115;4.25255477262504;1.0;0.5792214882279344;0.7958549575631462;0.02249968265495092;;;;;
4116;4.0637396228274945;1.0;0.5960021772413323;0.8037378300359206;0.037444690543980926;;;;;
4117;3.9401018990510344;1.0;0.48697118907280634;0.6054537833935613;0.026096917821142204;;;;;
4118;3.976614636446921;1.0;0.35024678456598046;0.4871126986339189;0.022910011652140475;;;;;
4119;4.086760493474877;1.0;0.6625897385623558;0.9099732745152501;0.030228615274658956;;;;;
4120;4.010766760797416;1.0;0.4129358184928527;0.6076706150109671;0.0369411236133654;;;;;
4121;3.990549729950684;1.0;0.6822272469226;0.9412577715743446;0.022689522347715457;;;;;
4122;4.124356725231898;1.0;0.528571083603246;0.7309800201054514;0.023563500790459577;;;;;
4123;4.187293482738294;1.0;0.6151324376610446;0.8286977545364288;0.02459050953825948;;;;;
4124;4.364943341749275;1.0;0.6823061531714645;1.0631142582858248;0.026830637987792626;;;;;
4125;3.9043284424286;1.0;0.6885602246066818;1.0307615720937895;0.043625325946415376;;;;;
4126;4.095135523308787;1.0;0.4853066449159902;0.6900058186324597;0.023256986470121133;;;;;
4127;4.292389026782866;1.0;0.549148218033806;0.8019773154127877;0.0219251895009013;;;;;
4128;4.4761898664996185;1.0;0.6955955864819229;1.0968107042706317;0.009791297357008661;;;;;
4129;3.9815979545003386;1.0;0.5806932665420198;0.7958747329255134;0.022859936391480307;;;;;
4130;4.062387164022747;1.0;0.46102065789678964;0.6018192834871285;0.01957587292678993;;;;;
4131;4.272969532483741;1.0;0.6350905304388803;0.9889250421341323;0.013312099354858291;;;;;
4132;4.232864004079456;1.0;0.6892678594503677;1.048675769906528;0.026802801016762995;;;;;
4133;4.491193926710933;1.0;0.6921408763066722;1.0927762474473182;0.010574364137001257;;;;;
4134;4.495048649282694;1.0;0.7134893342401251;1.1294596204159695;0.015252698136171881;;;;;
4135;4.369229045808735;1.0;0.5148240515840881;0.7950719668420586;0.010255863132464517;;;;;
4136;3.743714969049665;1.0;0.574077439154762;0.8070849691450201;0.011440122364472992;;;;;
4137;4.151371229421566;1.0;0.63828678123129;0.9965173832271635;0.016156478614647647;;;;;
4138;3.9562170217602595;1.0;0.5433923279700027;0.7819242096672435;0.012892361469015944;;;;;
4139;3.3047518636058997;1.0;0.5595314787965117;0.6418004040899713;0.02044333231655375;;;;;
4140;4.196080320906079;1.0;0.5239903065845477;0.7615285225563284;0.020302182875552157;;;;;
4141;4.515778176128963;1.0;0.7421265770936983;1.220038184522683;0.02116143654552687;;;;;
4142;4.524854533008379;1.0;0.7842494866719985;1.3345122200021058;0.02454455146676352;;;;;
4143;4.331767044323521;1.0;0.6550978156290557;0.998588476594486;0.020481038723305933;;;;;
4144;3.8384443576776506;1.0;0.6294547656338376;0.9783503212154323;0.030085205279509312;;;;;
4145;4.496078567749833;1.0;0.7308371838089136;1.1929201931059659;0.02499385729390701;;;;;
4146;4.191279342438352;1.0;0.6648402648165341;1.0408175381147022;0.018981681578571365;;;;;
4147;4.328457092594165;1.0;0.5613221549323617;0.8429616818578537;0.015285331613637727;;;;;
4148;4.403491800464321;1.0;0.6601109730331033;1.0064154863759407;0.013077894793625958;;;;;
4149;3.6088401357026436;1.0;0.6832659549782905;1.065258873779277;0.020757545470885836;;;;;
4150;4.470598156301576;1.0;0.7201279485743751;1.1636890898077719;0.014325142885755267;;;;;
4151;3.9944248015461734;1.0;0.6602863814194408;1.0256035003040587;0.020632077042768253;;;;;
4152;4.105434819385702;1.0;0.6910078135084601;1.091915521006467;0.024573922760451256;;;;;
4153;4.340414308109943;1.0;0.5982215496713814;0.8857831650915844;0.01832572826883187;;;;;
4154;4.472674059599841;1.0;0.7594885487391161;1.2532823890701885;0.03347415771847096;;;;;
4155;4.244840513599346;1.0;0.6234288121545734;0.9815786389701214;0.019852340392066542;;;;;
4156;4.376023835780355;1.0;0.5750802229341231;0.8765420611021572;0.020660767276079378;;;;;
4157;4.266982115482062;1.0;0.5823747079293412;0.8707641361888373;0.016283798687308972;;;;;
4158;4.237519374736338;1.0;0.58262016857358;0.8907602698382793;0.019623009315705646;;;;;
4159;4.193273839609359;1.0;0.6344149150335124;1.0100119286600011;0.021098931866508276;;;;;
4160;4.183254830118612;1.0;0.6537267424448883;1.0597142923650618;0.02385626420358797;;;;;
4161;4.42467699101567;1.0;0.6788990037909782;1.1333018967303314;0.016160986091876484;;;;;
4162;4.386451852828806;1.0;0.49139012522008496;0.7591174513791007;0.005303247091208457;;;;;
4163;4.149220523276247;1.0;0.6612271144291643;1.0634500749226645;0.02417893863273372;;;;;
4164;4.405307770799606;1.0;0.7250108053472498;1.1710412527224199;0.034494758926588466;;;;;
4165;4.32635621095906;1.0;0.6331974728721572;1.00563287771588;0.01523893370243811;;;;;
4166;3.371571966660116;1.0;0.713216859525233;1.1167339558490676;0.012344003911617921;;;;;
4167;4.299404670050098;1.0;0.5180547853099331;0.8051614577510182;0.017301697612605135;;;;;
4168;3.670255607783468;1.0;0.6811656738783476;1.0900254771779752;0.03755209028593311;;;;;
4169;4.433191232611138;1.0;0.7282579834119228;1.2344317966855065;0.017163385488840208;;;;;
4170;4.516023811197773;1.0;0.6963906302228914;1.1901997001155589;0.014312781543181306;;;;;
4171;4.2209936302821465;1.0;0.7037014648252707;1.1424220644271073;0.019350852708011113;;;;;
4172;4.366791400853756;1.0;0.48578385154261694;0.7589538369404598;0.015416269740880789;;;;;
4173;4.514871805392373;1.0;0.7645365969386504;1.307463711353763;0.032529592928987085;;;;;
4174;4.216781502250441;1.0;0.6356185945003321;1.007707487176371;0.015753935846435203;;;;;
4175;4.2743511938335;1.0;0.6082910896601885;0.9567281716250137;0.020766695456841684;;;;;
4176;4.326483661439271;1.0;0.48383723654275756;0.7430461903948978;0.008634794338084784;;;;;
4177;3.5746841160935974;1.0;0.6075862506039782;0.9555179100606934;0.023768850685626793;;;;;
4178;4.300936674696121;1.0;0.59282270560939;0.9481999008466121;0.022372244896776507;;;;;
4179;3.911992732300529;1.0;0.5938798703970843;0.9329766119367123;0.02097419889248131;;;;;
4180;3.704242273648151;1.0;0.5848016205539008;0.9371957684438841;0.02086555543645094;;;;;
4181;4.209411946779547;1.0;0.6187775842400431;0.9666339558066306;0.02028654433628877;;;;;
4182;3.85752560430441;1.0;0.5336143018950535;0.7691661096741693;0.022141144742378303;;;;;
4183;4.250341860032959;1.0;0.6257854360215696;1.0162449689643038;0.016653187507887055;;;;;
4184;3.7805120396556275;1.0;0.5997141105852692;0.9642438902860874;0.01252448324562818;;;;;
4185;4.30110361479301;1.0;0.5250475803933689;0.8260125216859979;0.012364628852581867;;;;;
4186;1.6601302314709967;1.0;0.6464148923979515;0.9144239036402468;0.0055145067282129385;;;;;
4187;3.954118766061402;1.0;0.45940105427500244;0.6280361927397198;0.014285393664777834;;;;;
4188;4.51473050450843;1.0;0.722510401524268;1.2144422191084945;0.016180225035095638;;;;;
4189;3.9921334749892807;1.0;0.6301625771732711;1.037356120656992;0.022041967806055975;;;;;
4190;3.9826607550380646;1.0;0.618290329810554;1.0102319373370314;0.011717075781030964;;;;;
4191;4.010628700731374;1.0;0.5834994516033569;0.9614764713179298;0.004570394891034711;;;;;
4192;4.238058886745628;1.0;0.47472877860529417;0.7396595187666285;0.01972803572726694;;;;;
4193;4.396230167230729;1.0;0.5111563072013338;0.811394288348515;0.0032627527884679843;;;;;
4194;4.550989740708907;1.0;0.8176989457644733;1.3755335343412192;0.018496475519692607;;;;;
4195;2.7694498445311186;1.0;0.6725999989918341;1.0653973484015455;0.01635832646877045;;;;;
4196;3.9138120919574786;1.0;0.6506208203051936;1.0339352862500886;0.026476588007450817;;;;;
4197;4.214043724511154;1.0;0.552516413251484;0.8481512449310581;0.013010293512729783;;;;;
4198;3.972676161251959;1.0;0.6228333820723665;0.9964795962457454;0.01930576282913249;;;;;
4199;4.510692281617515;1.0;0.7508698902065432;1.2368801342797433;0.01087476183646389;;;;;
4200;4.1600151066442805;1.0;0.676620818007249;1.0989592830995278;0.018185950228874464;;;;;
4201;4.300768666105339;1.0;0.5599952675238329;0.8671090229032663;0.017499179281077748;;;;;
4202;0.4196822507091924;1.0;0.6681569509082398;1.0222313336626752;0.01576080896008772;;;;;
4203;4.154946453503685;1.0;0.5592982314769199;0.8652796852285299;0.019477993305456607;;;;;
4204;3.761326882541649;1.0;0.6270328316949025;0.9997842407674061;0.026298024095393287;;;;;
4205;3.911689005075561;1.0;0.5858610895448954;0.9384032830207607;0.022054646168151566;;;;;
4206;4.482849699499651;1.0;0.7183477662046891;1.1599020820447539;0.010649528559341587;;;;;
4207;4.239000070220347;1.0;0.6094750659503869;0.9522821397375582;0.0126369465742059;;;;;
4208;4.118955882547455;1.0;0.6690818346242208;1.0610226315813363;0.01723820512878005;;;;;
4209;4.158060056196942;1.0;0.671883202715287;1.103701163217681;0.01984482748048764;;;;;
4210;4.154164789467982;1.0;0.6307288019214542;1.0124402208438938;0.022434079725302848;;;;;
4211;4.299166359244139;1.0;0.6023075210640635;0.9251356518955115;0.012877963785293375;;;;;
4212;4.225789910067949;1.0;0.4857922462939759;0.7256724832820555;0.01118964934738284;;;;;
4213;4.105307925364577;1.0;0.5851045911096405;0.9161208989744806;0.01911027894558983;;;;;
4214;0.6110004603584369;1.0;0.8241958543081034;1.219748695459076;0.008996902413231728;;;;;
4215;3.8896236498960817;1.0;0.5713632058252002;0.8785533561967769;0.019743840711515182;;;;;
4216;4.40600382228158;1.0;0.7665735661880719;1.249895073544681;0.021313526153604677;;;;;
4217;4.321073946995317;1.0;0.6894031095499952;1.1306876339636434;0.020639556638187288;;;;;
4218;4.283614667600266;1.0;0.7303861186639389;1.1798539030944288;0.017486174195196283;;;;;
4219;1.986226025800465;1.0;0.7245839368363297;1.1078176949220948;0.005825039773069828;;;;;
4220;4.177567757019698;1.0;0.4975728815012466;0.7486198573048416;0.018996649219400037;;;;;
4221;4.299226567807125;1.0;0.38813985950714425;0.5946139014277158;0.01410168535681858;;;;;
4222;4.244750395653405;1.0;0.5229648831992516;0.7769772757380574;0.013936779148005616;;;;;
4223;4.228302418218093;1.0;0.7338917361982682;1.19041355655331;0.02128901847295388;;;;;
4224;4.296231934597213;1.0;0.6909551370209283;1.1194215094118836;0.020646043004544208;;;;;
4225;3.801577800261737;1.0;0.6413613858103485;0.9909523435475548;0.02372102252258284;;;;;
4226;4.4038808619850744;1.0;0.7139338951832409;1.1651341989506743;0.01447999634385659;;;;;
4227;3.8403773647468826;1.0;0.6325015784092244;0.9968154621456082;0.03234608089886457;;;;;
4228;4.086379650470647;1.0;0.6557797528355357;1.0305932353457805;0.01388294741902079;;;;;
4229;4.2660415674153676;1.0;0.5844301560851259;0.8775321636345009;0.022494952890916242;;;;;
4230;3.9619302270636325;1.0;0.6292731547426583;0.9844126665156111;0.023411527079586658;;;;;
4231;4.086436525362268;1.0;0.644725760639709;1.0185439507583445;0.02546426829649284;;;;;
4232;4.20159107906718;1.0;0.6161234516333833;0.952354045055234;0.026321719463172674;;;;;
4233;4.089811165266791;1.0;0.6667858720613624;1.0459633789772291;0.0213765495591332;;;;;
4234;4.438029164159613;1.0;0.621601564435193;0.999763873587072;0.0142547313676384;;;;;
4235;4.433315956400506;1.0;0.6681355865760987;1.0871420876313107;0.015218626123605168;;;;;
4236;4.26639804539444;1.0;0.6431838591509419;1.0248756806541306;0.021667057987312627;;;;;
4237;4.196845428383087;1.0;0.6010271133916567;0.922502642277583;0.021694362547488497;;;;;
4238;4.170751084322897;1.0;0.7188717119661421;1.177724083773807;0.035876184652304154;;;;;
4239;3.8220146261771966;1.0;0.5821815734467587;0.8014500959676393;0.025618230324869692;;;;;
4240;4.366446736037693;1.0;0.7671833980592262;1.2796658281807365;0.023217655593769246;;;;;
4241;4.036831668216865;1.0;0.5924212158229938;0.8855795151725199;0.028140112701616333;;;;;
4242;4.300790023842921;1.0;0.5489879302844126;0.8165919825886159;0.014417998915881292;;;;;
4243;4.366547895409852;1.0;0.7214161624416566;1.1697438330899907;0.034525754677946045;;;;;
4244;4.456947804900449;1.0;0.6346164726746494;1.019741087108674;0.017797508319543187;;;;;
4245;4.2902993446536986;1.0;0.6304319967512687;0.9739799266045353;0.024259432673783735;;;;;
4246;4.101408295908819;1.0;0.5746363180820419;0.8836372620762879;0.02644797877998581;;;;;
4247;4.253537627429483;1.0;0.6585656693320354;1.0653627094627245;0.031173259057753994;;;;;
4248;4.0959975174997645;1.0;0.6430337698688622;1.0264880779534085;0.029715946917355032;;;;;
4249;3.9600287944302304;1.0;0.6799129492163138;1.0935784391627206;0.0441288392327646;;;;;
4250;4.361089564603569;1.0;0.6554542781204652;1.122710807978062;0.026523737183434513;;;;;
4251;4.3154375421893505;1.0;0.6005170847534731;0.9165314973222524;0.019784440110534655;;;;;
4252;3.9721079650682753;1.0;0.5514755814570071;0.7671379882655203;0.034346817615544686;;;;;
4253;4.462201801672447;1.0;0.7828851989226614;1.3024663689188192;0.020434010751440884;;;;;
4254;4.223135743505511;1.0;0.5611329547104592;0.9039463344663797;0.038974486022158784;;;;;
4255;4.330175428883669;1.0;0.7031145444468403;1.1328762983047511;0.024023156011630645;;;;;
4256;4.192452657173671;1.0;0.6812381213829939;1.1362191210287418;0.02670549757398211;;;;;
4257;3.555449550535835;1.0;0.697068529648416;1.119071519865593;0.008491385459687034;;;;;
4258;4.086156685661225;1.0;0.6277408304052886;1.0001174429166595;0.03437190494650541;;;;;
4259;4.252976793909907;1.0;0.7276874485188434;1.1983681056298385;0.024027139522680017;;;;;
4260;4.45156612061204;1.0;0.6637960118442079;1.0444931822814725;0.013808089500635218;;;;;
4261;4.136528880192291;1.0;0.652080077455385;1.0497424669030442;0.02821355567559688;;;;;
4262;3.952728999425677;1.0;0.591230078363975;0.8428719317079002;0.02976873112194351;;;;;
4263;4.065462478224929;1.0;0.7562068901200466;1.189113670278675;0.046978168149811844;;;;;
4264;4.262591794527777;1.0;0.6149402744026521;0.9060197935399764;0.027681140658813167;;;;;
4265;4.286681884163184;1.0;0.4192159031211038;0.6216714038762995;0.01962742176348067;;;;;
4266;4.2584786342970915;1.0;0.6554157792000663;1.0559333598561054;0.026286203761336283;;;;;
4267;4.24044029641685;1.0;0.577069798152191;0.8779878923742997;0.03259624463252321;;;;;
4268;4.243481675514257;1.0;0.7599369972781572;1.258677424002939;0.0313513115731534;;;;;
4269;4.3398571125111145;1.0;0.6591636209568358;1.0829277454007564;0.025565709034453488;;;;;
4270;4.270046907887212;1.0;0.6174782905756977;0.9729713857021349;0.027942840805371467;;;;;
4271;4.492301291926033;1.0;0.7568267775569995;1.279794196778509;0.02774949996289834;;;;;
4272;4.251275127470151;1.0;0.6234776474016209;1.0192501408489991;0.03108989631508099;;;;;
4273;4.278548300520288;1.0;0.6074160507368273;0.9695383930546707;0.024815133349561955;;;;;
4274;4.488116877546482;1.0;0.7485701512671978;1.209191658460279;0.014685323529732255;;;;;
4275;3.595360261605453;1.0;0.6390059294754137;0.8938598557408616;0.06751200920515973;;;;;
4276;3.882092323718309;1.0;0.48301182668545656;0.7109364933503545;0.023237887908121372;;;;;
4277;4.0876254738070426;1.0;0.701821847477272;1.1585089873211343;0.03844723790843936;;;;;
4278;3.9159401261109164;1.0;0.6662277559499258;1.0776477343165334;0.05540062116115141;;;;;
4279;4.210213872112223;1.0;0.6449564318915243;1.0372081857052047;0.04594720906712997;;;;;
4280;4.376405104336635;1.0;0.768914481692987;1.2809126666744781;0.03357513130180501;;;;;
4281;4.15749488856696;1.0;0.7295377066343173;1.181241823204104;0.033496781200959225;;;;;
4282;3.749465859023363;1.0;0.3462809040814212;0.45279144244749686;0.021271210789083818;;;;;
4283;4.2469268184670135;1.0;0.6096823897459591;0.9519576083335498;0.031080771441293144;;;;;
4284;3.7864439865399317;1.0;0.4154285717993036;0.6320139775837664;0.0337770587652352;;;;;
4285;3.7758148393417867;1.0;0.7188764907082154;1.1859866031822677;0.015868420661678737;;;;;
4286;4.07913855505343;1.0;0.6054547800735107;0.95227163913576;0.031862718948274936;;;;;
4287;4.228365483863246;1.0;0.6436340421872361;1.0037720174173215;0.02382019503429256;;;;;
4288;4.401573411782866;1.0;0.7612291195474267;1.2535189470016042;0.021916461167892563;;;;;
4289;4.1200994043254235;1.0;0.5872352666582541;0.870932448064622;0.026587035006614013;;;;;
4290;3.9975804150344514;1.0;0.6347518775345462;0.9963861788643443;0.030024673117307565;;;;;
4291;3.9760079109386206;1.0;0.6809481982395386;1.0808423215560607;0.039245486717242116;;;;;
4292;4.254195931102664;1.0;0.7428578025878039;1.2269873439129866;0.030447369649251932;;;;;
4293;3.9096724279974038;1.0;0.672593095642136;1.0380227868793166;0.0521805663907274;;;;;
4294;1.1183195021850536;1.0;0.4914055152927769;0.7337508720617616;0.014197042637405613;;;;;
4295;3.9994052882414852;1.0;0.5421672744890434;0.7347129688781683;0.024849141954704623;;;;;
4296;4.181786391018961;1.0;0.6522430573295163;1.0220059193472726;0.03315693534740498;;;;;
4297;3.5742100038983966;1.0;0.593943861438773;0.7378595013099161;0.041178130022052686;;;;;
4298;4.3322191999275095;1.0;0.6836650578689469;1.091861051813506;0.017531159996864453;;;;;
4299;4.4125333106961335;1.0;0.8012839683313346;1.3244893417483987;0.02046092405836902;;;;;
4300;3.9539565571345463;1.0;0.7070101973490043;1.1221787285314622;0.04550785346297532;;;;;
4301;4.0191023745500924;1.0;0.7429809939106583;1.1960343282515629;0.04331093004276276;;;;;
4302;4.255664044499986;1.0;0.5726083873606893;0.8713972712053165;0.03331255799522934;;;;;
4303;4.104108869656085;1.0;0.6248809211284267;0.965948396495438;0.021886806134652277;;;;;
4304;3.344348879359128;1.0;0.3209262451221678;0.48456769240522773;0.03120174124613258;;;;;
4305;4.419303462041864;1.0;0.5987370242118799;0.8913566521281611;0.013308992613053915;;;;;
4306;4.217114071980717;1.0;0.45068705176346235;0.6623844927086228;0.01593781195861023;;;;;
4307;3.7828366743246273;1.0;0.6405024251830203;0.9728631669221445;0.04738628814158531;;;;;
4308;4.367375030994417;1.0;0.5521545302974161;0.799576932381949;0.013318103669418286;;;;;
4309;4.0819745787746236;1.0;0.5973761694359896;0.8893808030522999;0.0368944950429357;;;;;
4310;3.6673040231807468;1.0;0.3553298528717368;0.5406928794750914;0.009241555480149903;;;;;
4311;4.2833742984093375;1.0;0.6301344155406899;0.981531271975744;0.02096010217510918;;;;;
4312;4.080372373723867;1.0;0.682896205757533;1.0904965447084696;0.03412905078483425;;;;;
4313;4.032265477213643;1.0;0.5251678447090806;0.7035810776081193;0.03308014869391232;;;;;
4314;3.576305422892461;1.0;0.41017017572218767;0.5878576468394311;0.03364743692286686;;;;;
4315;4.524401640718021;1.0;0.7877696468395446;1.2905772056614737;0.01635765339994371;;;;;
4316;3.3594099864968503;1.0;0.2649118426942607;0.3812441570322619;0.02149421807248276;;;;;
4317;4.5290109624705845;1.0;0.7638642786243223;1.2388251676320177;0.0139001637745958;;;;;
4318;3.7472316562811727;1.0;0.49390228282462295;0.7650454327107337;0.03546668474603543;;;;;
4319;2.65537609778338;1.0;0.4927414710719824;0.7061403087429734;0.04994068689027682;;;;;
4320;3.853808574912246;1.0;0.33874046614941467;0.490632033810526;0.023301983779777723;;;;;
4321;3.778320473834361;1.0;0.610613159526109;0.8364084766491493;0.043154008127635465;;;;;
4322;4.470141817372032;1.0;0.7587688505003961;1.2598536541567238;0.026089205103964452;;;;;
4323;4.164345867645247;1.0;0.7480248324066533;1.219820456511458;0.05096863533504448;;;;;
4324;3.9807257292203175;1.0;0.601769887101201;0.861460427389503;0.03945195502260747;;;;;
4325;4.161627748263857;1.0;0.6268586271685311;0.9493583363671568;0.0385813936542561;;;;;
4326;4.4702112626807065;1.0;0.7446333629630977;1.176831088346585;0.018416370988714313;;;;;
4327;4.340805553921513;1.0;0.5892437545092172;0.9500595974832997;0.03286314681503332;;;;;
4328;4.278335114157704;1.0;0.5478246055583008;0.8574921193795799;0.021790127237644924;;;;;
4329;4.144951906215035;1.0;0.3066125723297994;0.4739039900520197;0.013897713536593645;;;;;
4330;4.480674321517926;1.0;0.7069100645790979;1.118417991187653;0.022257505022098212;;;;;
4331;2.9206902383440676;1.0;0.48824797206236187;0.7156797170638473;0.06125930232248914;;;;;
4332;4.0782402153549455;1.0;0.717054803381886;1.1434430325589295;0.044269438156049945;;;;;
4333;4.396430979425177;1.0;0.5436811870634014;0.8328838166453009;0.023018637497835972;;;;;
4334;4.2420445136776195;1.0;0.5522769437307266;0.8099970414593346;0.02767479505735308;;;;;
4335;4.26539474800896;1.0;0.6289839277068505;1.002813673631425;0.03619757687870773;;;;;
4336;4.388686547874559;1.0;0.7744234740785978;1.2719933033012838;0.033276540601762786;;;;;
4337;4.365235504209844;1.0;0.7492939759425793;1.2356035775043346;0.03835804572956056;;;;;
4338;4.218291271272312;1.0;0.7041909002338763;1.129309774022979;0.030271084248048717;;;;;
4339;4.464655072821099;1.0;0.6104757334244824;0.9320294061875593;0.010851485116780203;;;;;
4340;3.4672478122099335;1.0;0.41030324294728693;0.5827555154292097;0.046135361307507554;;;;;
4341;4.036636103208631;1.0;0.6788122453863364;1.114488351427079;0.05103313150724114;;;;;
4342;4.18464454996888;1.0;0.688901168278183;1.1332733027600923;0.03335002641456253;;;;;
4343;4.362669565618751;1.0;0.5507452060778962;0.8091036358651017;0.021672937739412198;;;;;
4344;4.448168549488553;1.0;0.7060268476161208;1.1582527704071126;0.02136810138121373;;;;;
4345;4.336756731697122;1.0;0.47274599193814115;0.6861121995173217;0.022915142049349448;;;;;
4346;4.286853676972547;1.0;0.662254142891428;1.028998823310071;0.04707230745470015;;;;;
4347;3.92150044108284;1.0;0.5795166690125557;0.865641166422334;0.04067970857442211;;;;;
4348;4.080024006617654;1.0;0.6605460553768192;1.0289026211260766;0.04561550872606707;;;;;
4349;3.6211336809874;1.0;0.620759063047754;0.8380049847095276;0.060140469823349134;;;;;
4350;4.476995360000713;1.0;0.7800281743566028;1.304503733282315;0.028645079090335653;;;;;
4351;4.3466237466687385;1.0;0.7264274664941663;1.1740939909336292;0.035495378059337133;;;;;
4352;3.975254074693559;1.0;0.4353356140507603;0.6710323518611385;0.03226576267108081;;;;;
4353;3.7648170393940315;1.0;0.6583111851256539;0.95762804646094;0.04669782735914285;;;;;
4354;3.9943107613983457;1.0;0.5995054893427494;0.8726841037233068;0.03751393248499909;;;;;
4355;4.205993253011958;1.0;0.6519411359131925;1.0149083057507475;0.039384625255099545;;;;;
4356;3.9488478237141393;1.0;0.6596528131295156;1.0022097682871671;0.04731611702761251;;;;;
4357;4.36711520722446;1.0;0.545296880253702;0.7883491294082384;0.013402968470873279;;;;;
4358;4.450259603157988;1.0;0.6398611654083722;0.9626237095879921;0.016940867680888816;;;;;
4359;3.879112230654912;1.0;0.3455287132775924;0.4974822915828015;0.026560647203659953;;;;;
4360;3.9489680139739844;1.0;0.5839108387651013;0.8025333863272491;0.0436448020966559;;;;;
4361;4.397930822652128;1.0;0.690794571275164;1.1308383200438636;0.034443327392913975;;;;;
4362;3.960120253793053;1.0;0.42777394828502546;0.643453053864973;0.033864780535796925;;;;;
4363;4.384913573751909;1.0;0.6302703815491476;0.9904160266485134;0.03056086700807745;;;;;
4364;4.003123160699492;1.0;0.6277585897861853;0.9584960106312469;0.042549269982470966;;;;;
4365;4.397064306395412;1.0;0.7780179276503814;1.2851982563875124;0.03948881139234015;;;;;
4366;4.3095236992491195;1.0;0.4713877251385271;0.6803712835446645;0.024050149459817604;;;;;
4367;3.904427466701291;1.0;0.6724403566416769;1.0813047146780899;0.054614464261756264;;;;;
4368;4.113695868743407;1.0;0.6472951818155867;0.9891155552217327;0.04461675168043603;;;;;
4369;3.406785866163365;1.0;0.31738215942035064;0.4041990665474468;0.03128691211574125;;;;;
4370;4.082153737120382;1.0;0.39285971400689235;0.5836660073604352;0.016911178460603343;;;;;
4371;4.261692945394341;1.0;0.5288993071522868;0.7967727355999448;0.024875766039806683;;;;;
4372;4.369950819441676;1.0;0.5529421609580655;0.8297186338903764;0.02938401253692986;;;;;
4373;4.3267210553650175;1.0;0.5986405948639774;0.9190402032381291;0.042587144836917244;;;;;
4374;4.323650387825001;1.0;0.7560157920403348;1.2650827372439197;0.0468423362054012;;;;;
4375;4.411498160525356;1.0;0.7590619038950283;1.278601153497429;0.03908583492366697;;;;;
4376;3.6342414413465014;1.0;0.4292717685250114;0.6382876358116883;0.04826017601789903;;;;;
4377;3.906348979405508;1.0;0.26563419182144304;0.386047220136768;0.004659479966328783;;;;;
4378;4.31947529561307;1.0;0.5519464978564609;0.8155958780197022;0.02643737860654848;;;;;
4379;4.032743915809938;1.0;0.7050642434593972;1.1398503258500354;0.04755999155069716;;;;;
4380;4.2682239971321;1.0;0.6916509677631665;1.12542468001934;0.037317933385807495;;;;;
4381;4.3884138043502885;1.0;0.532093050978855;0.8128582443523698;0.01928775968358985;;;;;
4382;4.322268308251671;1.0;0.594444595825185;0.920478589574128;0.02936030370172837;;;;;
4383;3.9458913985991675;1.0;0.6687122615433196;1.0737645591163716;0.049578482294402516;;;;;
4384;4.53123499481077;1.0;0.7894362234917472;1.347262808197227;0.02208888341836039;;;;;
4385;4.149358322603598;1.0;0.6337214667753699;1.0097072195665329;0.05109376719177144;;;;;
4386;4.469261950004401;1.0;0.7982696305323314;1.2665898964171023;0.02327738680190054;;;;;
4387;4.163103265198227;1.0;0.6857128514942681;1.089934058568249;0.04055646241147767;;;;;
4388;4.4237373157267115;1.0;0.6914646699486056;1.1205789376442132;0.024946428423785662;;;;;
4389;4.525045096074861;1.0;0.787356001535528;1.232696329789545;0.014717229872519683;;;;;
4390;3.8274022615688668;1.0;0.5886695321389107;0.7942223919333689;0.044192336760841916;;;;;
4391;4.332598697221937;1.0;0.7467230493422216;1.2534742980870395;0.036230123159235475;;;;;
4392;4.097651859234196;1.0;0.5630708566540499;0.8052849425115705;0.036104590572322494;;;;;
4393;3.8064178343728714;1.0;0.5412450263252764;0.6129897978863095;0.03927230032656092;;;;;
4394;4.394496872386092;1.0;0.7377349147372291;1.1576485779955377;0.024811063468477418;;;;;
4395;4.426441854031647;1.0;0.5969764724963121;0.9178830328711597;0.01943123476135323;;;;;
4396;4.148646399510205;1.0;0.7033461807685389;1.1281633634229458;0.04720798250297954;;;;;
4397;4.373675637476961;1.0;0.7643685635757473;1.2607541986457134;0.04203385516377387;;;;;
4398;3.8534591013570365;1.0;0.6710425346216047;1.0409242906588547;0.07949621440319403;;;;;
4399;4.263796788973721;1.0;0.6069125801473955;0.9348751094271673;0.0247758141123827;;;;;
4400;4.1958581477811565;1.0;0.5398452518047537;0.7841187664509714;0.024733450612941837;;;;;
4401;3.497662130373767;1.0;0.6589658890139051;0.980074685581721;0.024422338379270603;;;;;
4402;4.230122038460603;1.0;0.630926284838701;0.9795639266914453;0.03127386566865017;;;;;
4403;4.390172825430504;1.0;0.5808942524631828;0.8923708616639509;0.02641376874737419;;;;;
4404;4.4201198490664355;1.0;0.7276631865516188;1.163068178105089;0.025735875712357657;;;;;
4405;4.1515075276660385;1.0;0.4886754273689182;0.6763165189731308;0.028376611866827394;;;;;
4406;4.273906735344765;1.0;0.523695586420674;0.7596890982242446;0.02290893142591194;;;;;
4407;4.410269709341548;1.0;0.7439763137590326;1.2005347317638129;0.0244380121230842;;;;;
4408;3.910044848021714;1.0;0.6494864059281323;0.9845170076915583;0.044614144445298466;;;;;
4409;4.304232089797412;1.0;0.783975678885023;1.2376238442999385;0.040082860952050686;;;;;
4410;4.365009261172951;1.0;0.7342691691914216;1.2114709521647906;0.02856287265337046;;;;;
4411;4.263623155375695;1.0;0.5345809174144478;0.7894299392537663;0.026826817138879813;;;;;
4412;4.028996487065379;1.0;0.682116982004024;1.0872018679152036;0.04309741812337254;;;;;
4413;4.033310470987293;1.0;0.5680102775435771;0.843546225986644;0.03452361947805945;;;;;
4414;4.40432649634977;1.0;0.5981106169915028;0.8937431363656441;0.01587695819214148;;;;;
4415;4.0723013722907675;1.0;0.6325841086963186;0.9961331069149635;0.04597414791124508;;;;;
4416;4.27317191366703;1.0;0.7059637080761081;1.1241512229853279;0.037355452490382496;;;;;
4417;4.113103356992263;1.0;0.7283229070272665;1.1908108602252188;0.04818668347211219;;;;;
4418;4.305876677636128;1.0;0.6092207081771471;0.949636644898956;0.029458815782532604;;;;;
4419;3.522598715387024;1.0;0.6781575537804592;1.0344559616820501;0.04208781229103641;;;;;
4420;4.4069871208635565;1.0;0.5233102555400151;0.763963848631753;0.020545605798721552;;;;;
4421;4.33691950618787;1.0;0.6547227011378167;1.0051188279786643;0.024361649693060053;;;;;
4422;4.197554757388811;1.0;0.7308415596560661;1.1539013481447362;0.04118525276300982;;;;;
4423;3.6643654053392645;1.0;0.585925051223336;0.8290590413123318;0.05530432709673775;;;;;
4424;4.312662560649939;1.0;0.5594933664485834;0.8373272554531178;0.02689376398114988;;;;;
4425;4.342393001199957;1.0;0.632384218127806;0.9938747589742857;0.028848199647207955;;;;;
4426;4.206826036491273;1.0;0.5601767082143465;0.8279153133591738;0.031582284197258344;;;;;
4427;4.276322020833768;1.0;0.6676116769562904;1.0574680816517197;0.03565710928700768;;;;;
4428;4.169617108763274;1.0;0.6398325674462478;0.995101975708989;0.03601273601919534;;;;;
4429;4.325756200567507;1.0;0.6934517546053305;1.056685664157458;0.028207895324263342;;;;;
4430;4.065511289019532;1.0;0.6486314938755927;1.0008336928902182;0.04018913612845757;;;;;
4431;3.4895790929817814;1.0;0.4012673634849179;0.5805308553867562;0.03286421741385138;;;;;
4432;4.389188404779466;1.0;0.6177149085724952;0.9634901046178107;0.019598308447967696;;;;;
4433;3.967950652649151;1.0;0.434501905913067;0.6655981082404993;0.04369004836905232;;;;;
4434;3.9449725326738507;1.0;0.6697427288876135;1.02154819344238;0.05255654455110909;;;;;
4435;4.320701394067305;1.0;0.5534171588946064;0.810985488124939;0.020302598493184738;;;;;
4436;4.0077062160407175;1.0;0.38595978995821323;0.5769558428688659;0.024443519363297833;;;;;
4437;3.4162706946903314;1.0;0.2346493477590902;0.316362671961073;0.013970674380644022;;;;;
4438;3.0064537182891953;1.0;0.3673284984296156;0.5344668630231163;0.0043812585120926485;;;;;
4439;3.418960009103402;1.0;0.31591708824897347;0.4701935384850352;0.027789891104772018;;;;;
4440;3.1959770235438576;1.0;0.28224584660806024;0.3498746247740997;0.01359490190686712;;;;;
4441;4.007509005771751;1.0;0.3956385803194316;0.5533213202905178;0.022796640700346402;;;;;
4442;1.7478103303899644;1.0;0.5745438970727189;0.7594631904915438;0.04394929394534261;;;;;
4443;3.6703143303595898;1.0;0.5043025157448422;0.7225101244732566;0.03777051489273876;;;;;
4444;4.018458033209054;1.0;0.4127523089441474;0.5657158978513243;0.024161252480256926;;;;;
4445;3.5726852648258083;1.0;0.5241299339222928;0.7937091555698896;0.05173668876182034;;;;;
4446;3.9240969593052286;1.0;0.4795470423790118;0.6956261509665663;0.026378079533703927;;;;;
4447;3.8412978244132523;1.0;0.32343913152142223;0.42889409061777667;0.017747286760244854;;;;;
4448;3.6476462266060836;1.0;0.41600593734222285;0.5469288434499636;0.03459184894514487;;;;;
4449;3.543553183440265;1.0;0.39722885283915355;0.49477514416501084;0.033117924058775845;;;;;
4450;3.9415139393180114;1.0;0.5545488811271401;0.6588596097611464;0.03546737925374976;;;;;
4451;3.8804761151889493;1.0;0.525476957538274;0.7613510216145659;0.03946489653999558;;;;;
4452;4.004013955245879;1.0;0.2659893087634293;0.4060296808991297;0.0;;;;;
4453;4.192172619691801;1.0;0.5387382051309392;0.7070674233947628;0.022828776304352504;;;;;
4454;3.797537534935623;1.0;0.3353982114936984;0.4457136932838857;0.022493347989533185;;;;;
4455;3.141490920871284;1.0;0.47451585248790495;0.669543014085498;0.027703467824064777;;;;;
4456;3.848112315301875;1.0;0.29774484303190757;0.4250333242897855;0.005198439350057258;;;;;
4457;3.888465460406614;1.0;0.25981576362615527;0.3466042453681629;0.021203167858281864;;;;;
4458;4.466969885956047;1.0;0.7098778702173594;1.064688870165762;0.013170990752173563;;;;;
4459;4.4643735211002635;1.0;0.7053544636106639;1.0441838433394406;0.014326350703219928;;;;;
4460;4.3215516870543675;1.0;0.6386905503109692;0.9607435788483986;0.021715658693430753;;;;;
4461;3.6357159187687174;1.0;0.4434209803431507;0.5711984222034009;0.03786377752833058;;;;;
4462;4.139940330794868;1.0;0.48050199594214416;0.6577491512438144;0.03140907297882665;;;;;
4463;4.447169127335202;1.0;0.6799085971826089;1.0324615342125505;0.016365994519031733;;;;;
4464;3.6241661561103005;1.0;0.3087322819469553;0.44269159091294624;0.030825398856148472;;;;;
4465;4.173022149470403;1.0;0.45928760178846406;0.5845315504541934;0.029384464477213913;;;;;
4466;4.240302912062359;1.0;0.5305758497486505;0.7338796248885309;0.020259588245869764;;;;;
4467;3.8645921926646185;1.0;0.5861894079508693;0.7313635111729926;0.04493490459390616;;;;;
4468;4.205265611810394;1.0;0.5165270444402068;0.676365541919014;0.022654151166108676;;;;;
4469;4.132081173925075;1.0;0.7070596575596785;1.053574043904683;0.048883031690478196;;;;;
4470;4.310034566858356;1.0;0.7369187356839916;1.1575346762916745;0.03614316005180523;;;;;
4471;3.4738662566029235;1.0;0.5340773077761041;0.6007156543357347;0.0481281799031338;;;;;
4472;4.209754638879256;1.0;0.4640910346951379;0.645338503833436;0.017484109869020405;;;;;
4473;4.0781236619062184;1.0;0.3206325078815173;0.4345253697009028;0.015294692974758436;;;;;
4474;3.9219043623540384;1.0;0.35516221043629337;0.4931441171610459;0.017197537441077416;;;;;
4475;4.024145046654206;1.0;0.41972330182563344;0.5737982975513392;0.0259220049250223;;;;;
4476;4.429733909903207;1.0;0.7728627333418405;1.2573694922029148;0.04012551039720131;;;;;
4477;4.505595357002469;1.0;0.6908759345428731;1.0851417610905387;0.011321461752835774;;;;;
4478;4.202640809068942;1.0;0.48150108145473525;0.6871566944892197;0.018672774973503815;;;;;
4479;4.201310352172694;1.0;0.5524210086049459;0.7384475498667575;0.03152192257797528;;;;;
4480;2.7408336169972722;1.0;0.3037603414211551;0.4309020298681121;0.002745093766761654;;;;;
4481;3.296527799528355;1.0;0.5443310823343314;0.6203652314465421;0.05657325381740958;;;;;
4482;4.19422089744916;1.0;0.7631342473697823;1.2201970806741917;0.047560254505665624;;;;;
4483;3.8857178665900105;1.0;0.6900076823853527;1.017628933321477;0.05812539322866466;;;;;
4484;4.207480997909964;1.0;0.6604774068972054;0.9454733852764691;0.03142321931963151;;;;;
4485;4.325101940282053;1.0;0.7461567833510898;1.1803907150183592;0.027417195707646887;;;;;
4486;3.971962004156375;1.0;0.6471492151345436;0.8924158040842215;0.0483835580137242;;;;;
4487;3.7688847669847316;1.0;0.691069129038196;1.005894975253327;0.06458001867535831;;;;;
4488;3.8549799748278675;1.0;0.6656411073473654;0.9600628830437973;0.053703238731031666;;;;;
4489;4.172817373417516;1.0;0.6171645625999008;0.8903361216342836;0.033582251518272016;;;;;
4490;4.3195458592848865;1.0;0.6337471001325994;0.9677606214060622;0.028125439992162403;;;;;
4491;3.504649599568211;1.0;0.5767898594983224;0.7103932701789817;0.05210653586191624;;;;;
4492;4.270804918678482;1.0;0.6400289530942137;0.9848060476611992;0.040690652693460685;;;;;
4493;3.906571996379812;1.0;0.6804491597693068;1.0397563890201862;0.0589208809491618;;;;;
4494;4.03146886169141;1.0;0.6434007460174144;1.0070399816936908;0.04309734477145801;;;;;
4495;3.785853179460841;1.0;0.6185167542815487;0.9027937116805768;0.06223013717619742;;;;;
4496;4.034794408244467;1.0;0.6628870029857776;1.0153497199194799;0.04738563253127468;;;;;
4497;4.4968287567531515;1.0;0.7111907592181007;1.055102854901766;0.008216798843756024;;;;;
4498;4.340719061342572;1.0;0.7248456435940861;1.1766114159936358;0.031248867635813193;;;;;
4499;3.981165259316117;1.0;0.5186125643963273;0.6804657346445713;0.029604752526266508;;;;;
4500;2.9261745001697967;1.0;0.22894364006201912;0.34362207460922595;0.0022716367654892393;;;;;
4501;4.02820543142398;1.0;0.5585029365432205;0.7745558648365767;0.03705972908980271;;;;;
4502;4.408504353429449;1.0;0.5714082952336171;0.8656786680377235;0.01776519825485879;;;;;
4503;4.0302111013393525;1.0;0.6429550670838136;0.9797452367754738;0.0474213000148659;;;;;
4504;4.36145589378682;1.0;0.6285754117548704;0.9669502761786417;0.024141564625136117;;;;;
4505;4.3070725323769095;1.0;0.5535310766220841;0.8314554589764956;0.0239821313652269;;;;;
4506;4.077277202956816;1.0;0.6495580947741092;1.0493143920008752;0.04380455538961894;;;;;
4507;4.116879494390329;1.0;0.6385836262721674;0.994006760717509;0.04159409892657456;;;;;
4508;4.24039423671103;1.0;0.5740835042192978;0.8625368237690486;0.04213536325384186;;;;;
4509;4.113598152046121;1.0;0.5640000872838158;0.8494386627320679;0.042441681010016635;;;;;
4510;4.220271852493595;1.0;0.6341577129739088;0.9801262239083525;0.04313420974542158;;;;;
4511;2.503725980279763;1.0;0.5534703380312577;0.7964594539694566;0.0;;;;;
4512;4.400944356701629;1.0;0.7144956437085542;1.1076071283539575;0.018263262817989408;;;;;
4513;4.328663520995327;1.0;0.5508003594020737;0.8260917324755256;0.01797140661845761;;;;;
4514;3.764394905461389;1.0;0.6285938416777082;0.9651812376013168;0.05419389382079071;;;;;
4515;4.319446573549903;1.0;0.6591805713264145;1.0028782408425545;0.02180146740407116;;;;;
4516;3.8370786222561657;1.0;0.6184337075136713;0.8746928504615927;0.04904878831078769;;;;;
4517;4.093907229258405;1.0;0.6341393692558351;1.0169149017987666;0.04227140438019682;;;;;
4518;2.832502765723305;1.0;0.723571720768812;1.1377848839618265;0.023468874281502954;;;;;
4519;3.612201630681712;1.0;0.6044072544941935;0.8704427402169327;0.059387557005699504;;;;;
4520;3.4701506544483007;1.0;0.5436948518466653;0.7005118698602897;0.051588027864003724;;;;;
4521;3.168122185961144;1.0;0.6660440203938272;0.9741224666142921;0.04718123669251212;;;;;
4522;2.827784480073923;1.0;0.48948089147019347;0.7172841023550369;0.028263075674991527;;;;;
4523;4.207351736760263;1.0;0.6652258335007587;1.0776790591524135;0.03838205827693898;;;;;
4524;4.023271834460395;1.0;0.6338658829170963;0.9968527365949308;0.04426494341244043;;;;;
4525;3.80352577932015;1.0;0.5976960052324461;0.8691790174835524;0.040954145491632225;;;;;
4526;4.451412867067306;1.0;0.7317264785173602;1.2018966441379002;0.02447539928760906;;;;;
4527;4.36831641572021;1.0;0.6938590463238394;1.136749716068263;0.032693158148176284;;;;;
4528;4.0858338902208695;1.0;0.7208780093646768;1.1645610294097444;0.03794109536903673;;;;;
4529;4.073492064799677;1.0;0.6459907975912395;1.0178660019723378;0.03591865920455363;;;;;
4530;4.4438387800180195;1.0;0.5801871407268768;0.8780002816953204;0.013903720432701574;;;;;
4531;3.8814103957970727;1.0;0.6620678038979395;1.0558028396569115;0.03561006282699185;;;;;
4532;4.4988941870757;1.0;0.6753567018856699;1.1039478967505838;0.01662556827890025;;;;;
4533;4.0399539660216375;1.0;0.6485136535273565;1.0150713051121834;0.0520106094299616;;;;;
4534;4.530552963171262;1.0;0.8136387237285301;1.313265162530621;0.017153838034457584;;;;;
4535;3.950378290048171;1.0;0.5962822148114424;0.8776041409333483;0.0592582223646068;;;;;
4536;3.8514406550718805;1.0;0.637110745826667;0.9816219215284149;0.05532980614048931;;;;;
4537;3.9488249171168635;1.0;0.6347677603789521;0.988162157130938;0.053235794622884816;;;;;
4538;4.388515984993846;1.0;0.6676093814149161;1.0818148178484266;0.023867446876059437;;;;;
4539;3.0885107464314916;1.0;0.6516144763789254;0.9906228363340354;0.07802679308379601;;;;;
4540;4.064660220657592;1.0;0.5467974065859403;0.786022574426567;0.04229779149520874;;;;;
4541;4.179734544794374;1.0;0.6236436770731362;0.979337218007857;0.040612102677912265;;;;;
4542;4.053912341448867;1.0;0.6420145954367014;1.0157119017199996;0.05045657277737595;;;;;
4543;4.470562933940185;1.0;0.6983814821879627;1.1591771915597184;0.01664195628879683;;;;;
4544;4.1966888735787915;1.0;0.6283548114618541;0.9861085380178911;0.041005602412441985;;;;;
4545;4.406209832681325;1.0;0.7086540549736993;1.116652329774077;0.026065543279439073;;;;;
4546;4.337461208826528;1.0;0.6099512847532849;0.9284001121413163;0.03249209679386006;;;;;
4547;4.1556084037500955;1.0;0.45065258062132263;0.6358478322420289;0.033667940668857366;;;;;
4548;3.9949528558258107;1.0;0.6658412600826868;1.0452085190986715;0.04883182075612612;;;;;
4549;4.376622181943569;1.0;0.5835318577806814;0.870777009601536;0.022505679433732034;;;;;
4550;4.4380483168921945;1.0;0.7030749336435814;1.149171590045645;0.02565064941371228;;;;;
4551;3.819183078876655;1.0;0.6779544587152804;1.0876163563372794;0.03245729977735204;;;;;
4552;4.174300082132876;1.0;0.6205402753428307;0.9779738559426722;0.04685736059671962;;;;;
4553;4.1668675186494895;1.0;0.6821610772871334;1.1034700434988993;0.053829814464626737;;;;;
4554;4.257833659489217;1.0;0.6503695109724262;1.0052053001998806;0.037531308238449516;;;;;
4555;3.749844958641411;1.0;0.6740300109246914;1.0970641294907315;0.08541332862546298;;;;;
4556;4.380398230394129;1.0;0.48555254461690434;0.7684180515021317;0.02056475795774599;;;;;
4557;4.309289163616262;1.0;0.7838891569824495;1.230817208178314;0.042111690650386266;;;;;
4558;4.253408626630488;1.0;0.6161369877525429;0.9499839517084392;0.03770082960174303;;;;;
4559;4.061433556080736;1.0;0.680157217030394;1.1215242983895632;0.072874949170315;;;;;
4560;3.983788599355533;1.0;0.6696456113684429;1.0752445771513601;0.07126354558906334;;;;;
4561;4.277732193154863;1.0;0.5890981981601734;0.8674149971059035;0.034528525218929705;;;;;
4562;4.289879471332542;1.0;0.4592515925755174;0.6525114524217646;0.02331470529271653;;;;;
4563;3.9127139169972;1.0;0.6026999644772133;0.9338422350056003;0.08828599657822857;;;;;
4564;4.0117714067008166;1.0;0.7288202913501984;1.1701691169261041;0.07448918515752376;;;;;
4565;3.3274739868718988;1.0;0.6364847115542407;0.9500260147947067;0.09154266263845044;;;;;
4566;4.235301238736707;1.0;0.6784859724182515;1.0699025680158998;0.045780621707007065;;;;;
4567;4.14124842030769;1.0;0.6789475991453202;1.0746662965043967;0.06848515220399685;;;;;
4568;4.143402972487694;1.0;0.5410166422264865;0.818302098756362;0.043560273219079536;;;;;
4569;3.3906215130359776;1.0;0.5721373183372441;0.58691032940158;0.12106397582568183;;;;;
4570;4.207095354223593;1.0;0.6322152954417448;0.9564124185779977;0.041294544044135066;;;;;
4571;4.390900421678512;1.0;0.5423740024804291;0.8457967328470615;0.024821741876863392;;;;;
4572;4.2657790950748105;1.0;0.6021921742990397;0.9118148217771855;0.040877285853558945;;;;;
4573;3.9062547138317965;1.0;0.6894399115618098;1.1041418450487757;0.08776155035316327;;;;;
4574;3.232862182313105;1.0;0.302964500864628;0.447332412045019;0.0030359906418180164;;;;;
4575;4.39290755809335;1.0;0.783554543412301;1.2849444351488761;0.03722942327487654;;;;;
4576;4.443434894460992;1.0;0.7660179896118844;1.243354280966377;0.026855801372944958;;;;;
4577;3.9232965307326606;1.0;0.6771319530978726;1.0702886715118227;0.07156276700030301;;;;;
4578;3.7691475993550543;1.0;0.6317739249835906;0.9245349507996301;0.08143369881348328;;;;;
4579;4.312132249557127;1.0;0.558263620210597;0.8362933503139387;0.024897746737613004;;;;;
4580;3.8643186640133673;1.0;0.6226764733597351;0.9518622130036407;0.07877946690396603;;;;;
4581;4.258983315661675;1.0;0.471755165859128;0.7046099403217247;0.03369689195838686;;;;;
4582;4.3512206833443265;1.0;0.5497070680539142;0.7974665855167283;0.023497961875499553;;;;;
4583;4.174217890332174;1.0;0.5838112656465159;0.8745824019777582;0.04056735619194672;;;;;
4584;4.154270898027582;1.0;0.6290938296019619;1.003468054535475;0.0434728132510666;;;;;
4585;3.9262180372314575;1.0;0.6076335092058618;0.8810065272265117;0.04807017267069307;;;;;
4586;4.169354115623021;1.0;0.5353865039193316;0.7863146119219562;0.049782497699611475;;;;;
4587;1.7369399765175837;1.0;0.1952370766090274;0.28621319309923177;0.0033405255038379414;;;;;
4588;4.411869340937387;1.0;0.6651892984362646;1.029738480636565;0.023176891741725932;;;;;
4589;4.057314256950729;1.0;0.5628695101660336;0.8253523032722863;0.05699680008416906;;;;;
4590;4.311247816902547;1.0;0.7492025083809633;1.1937626526952574;0.04245829938134999;;;;;
4591;4.015304340395174;1.0;0.6665508376547491;1.0835206400096178;0.06605841875920072;;;;;
4592;4.283311286538104;1.0;0.5882836228655933;0.8713656816033988;0.025713321575322922;;;;;
4593;4.189425726779501;1.0;0.3996468521858086;0.5572551553491384;0.01061337812923235;;;;;
4594;4.5223624474358335;1.0;0.7762077328619932;1.2503826432909861;0.017422447155158696;;;;;
4595;3.845888520468347;1.0;0.3132023979792107;0.44546657915008286;0.029047338864035186;;;;;
4596;3.741527982975912;1.0;0.6424946273489094;1.0194827769701063;0.06699322901218842;;;;;
4597;4.130772302654474;1.0;0.6305996398916159;0.9202901987448722;0.035434879080711794;;;;;
4598;3.8723186407218675;1.0;0.6746145758860687;1.0600839605971986;0.069557499490442;;;;;
4599;4.30417546017891;1.0;0.7323332278662358;1.116039378657237;0.02700576249882813;;;;;
4600;4.082329544199943;1.0;0.71570246457991;1.134162263697637;0.06462580842034187;;;;;
4601;4.300035655283728;1.0;0.49557213165538255;0.6975972605946216;0.02105621267921709;;;;;
4602;4.4141268230577895;1.0;0.7094854737243417;1.087217138608152;0.02146885680003205;;;;;
4603;4.373999484253956;1.0;0.6350289515006821;0.9535298024260829;0.017334705169476872;;;;;
4604;3.9828982072299315;1.0;0.5591256988265184;0.7577436711639575;0.03981028784843333;;;;;
4605;4.410258574490626;1.0;0.7035543546239905;1.0755127688988921;0.014211441247577205;;;;;
4606;4.0084827697607395;1.0;0.6699290553808227;1.0125729695909458;0.028285945947751967;;;;;
4607;4.220549794455023;1.0;0.7345818927739031;1.1453375021000316;0.03467701677299691;;;;;
4608;4.086179623201199;1.0;0.6263462348620044;0.8839900354675718;0.04066735442120748;;;;;
4609;4.116684933236365;1.0;0.6625524853638867;1.0447736301873605;0.04391182395055554;;;;;
4610;4.23638218205543;1.0;0.5900350101697185;0.8292335307202481;0.022409596850758374;;;;;
4611;3.3328216189834263;1.0;0.4504387051105147;0.5746758922857875;0.0677687235500708;;;;;
4612;4.3222050602137525;1.0;0.48726845954766507;0.6713569580242266;0.01887901986742319;;;;;
4613;3.7255485178725563;1.0;0.35688502185067683;0.49630587543839394;0.02819755529269548;;;;;
4614;3.960021823787866;1.0;0.3427153174734565;0.4940705562384574;0.02596824462880003;;;;;
4615;4.192520548857434;1.0;0.6457979917761799;0.9754186924113373;0.03206072521136386;;;;;
4616;4.108517141727068;1.0;0.558811759148894;0.7467926128862569;0.03863273996708413;;;;;
4617;3.9474119644558083;1.0;0.4527250816552581;0.6612632614006315;0.024901354269424435;;;;;
4618;4.093451769440737;1.0;0.6617760627660564;1.0096631204759574;0.046995532626110365;;;;;
4619;3.123538207036295;1.0;0.467267159457343;0.6924933182656473;0.03002264158098204;;;;;
4620;3.9880537404202667;1.0;0.6699964974784215;1.0356618038235;0.060370261231513185;;;;;
4621;4.220852339656789;1.0;0.7101675728508781;1.1007570847020227;0.03137188830548933;;;;;
4622;3.510129662787462;1.0;0.3038199668516876;0.4519707086797907;0.04212011710612572;;;;;
4623;4.253768547362233;1.0;0.5919204138103071;0.8207699355757009;0.03620933102655686;;;;;
4624;3.952949173506811;1.0;0.3951700425546393;0.5538216483410082;0.02149063465708639;;;;;
4625;4.062167277975189;1.0;0.3981579628762877;0.5634807472985677;0.02066963713064034;;;;;
4626;3.700345213630992;1.0;0.349007027164349;0.44239924366778827;0.032490388273395655;;;;;
4627;3.679494020402183;1.0;0.36704195210816676;0.4554353964427192;0.031366095824657915;;;;;
4628;3.816962035157039;1.0;0.33244890083219053;0.41911219463189914;0.02899478566788668;;;;;
4629;4.01037028502901;1.0;0.43998813872778425;0.6219195177582535;0.027056427697363203;;;;;
4630;3.461405350630649;1.0;0.45888244942229717;0.6083120929663085;0.07816066606403176;;;;;
4631;3.8755718099700336;1.0;0.40843950341644486;0.5721851041306926;0.032792733444000924;;;;;
4632;0.7629389638808823;1.0;0.4574348569670535;0.642178957511679;0.06137710321643447;;;;;
4633;3.4408563065627225;1.0;0.494316051244087;0.675733623192415;0.06997249504958694;;;;;
4634;4.052777088418349;1.0;0.4321211026546399;0.6382130553270031;0.03338585497632266;;;;;
4635;4.08597857469065;1.0;0.3556449166653265;0.5202236309396162;0.00969052651582607;;;;;
4636;4.02127995163127;1.0;0.45890420777285007;0.5527068310073064;0.042997344485796736;;;;;
4637;4.535570514913894;1.0;0.8191562579544338;1.303346637735194;0.019151445234790836;;;;;
4638;4.083094049035514;1.0;0.6216055452855711;0.8691802982713928;0.05932719225709606;;;;;
4639;2.9645045245353066;1.0;0.28702030040408577;0.36573182198618187;0.016215728651632743;;;;;
4640;3.2743372962365584;1.0;0.4229686115113449;0.6135353405540744;0.014978344358966071;;;;;
4641;4.047490664383619;1.0;0.6016092083129445;0.804456026947331;0.05181110183004737;;;;;
4642;3.559862852297989;1.0;0.45219699911920624;0.5514538338917762;0.022940317755551786;;;;;
4643;4.164918303373274;1.0;0.3806998586329491;0.5364184515594057;0.016740181124560438;;;;;
4644;3.4406723130558334;1.0;0.4439067682489053;0.5478881137723006;0.05540629859110478;;;;;
4645;3.24259560730506;1.0;0.3018136763974641;0.3819502577222778;0.03966267777356195;;;;;
4646;3.5091635076427696;1.0;0.36797101103736096;0.4501175810762932;0.04225736655198228;;;;;
4647;2.717983882518962;1.0;0.3512488415604155;0.38202517560874083;0.11822762295333057;;;;;
4648;3.9749721630426547;1.0;0.6775380579712735;1.0205874628829388;0.07016627977493223;;;;;
4649;4.307667428892575;1.0;0.7359184434155859;1.0872094777590056;0.037817738662865016;;;;;
4650;4.164807429416373;1.0;0.551455366291016;0.723354811633335;0.0418142615788327;;;;;
4651;3.8157489652429697;1.0;0.5125390276601183;0.6851244219362552;0.031123452440152806;;;;;
4652;3.7396163765802712;1.0;0.6662868063125461;0.9520276530055163;0.09175618906252334;;;;;
4653;3.69775824916855;1.0;0.638914125281386;0.9410926640336691;0.10634613797865507;;;;;
4654;4.38939337665041;1.0;0.6047681623732986;0.8734538529693605;0.025341590415848658;;;;;
4655;4.188515930199735;1.0;0.6097451361783758;0.767805496085343;0.04017041352855427;;;;;
4656;4.021718785335351;1.0;0.5570439064036952;0.7056730706164391;0.04948322460014989;;;;;
4657;4.105721384689939;1.0;0.4607003925579181;0.5844441338628035;0.030277200815665057;;;;;
4658;3.706541909835683;1.0;0.6360921981088984;0.8183937204456333;0.08145435737731617;;;;;
4659;4.036434737047312;1.0;0.6693480540989919;1.0273915873529644;0.07866356507369394;;;;;
4660;3.2463910598328387;1.0;0.5618977321317674;0.7265722827134993;0.11105556407879907;;;;;
4661;4.458979515893655;1.0;0.6366144153608823;0.973048000055811;0.0287526624295674;;;;;
4662;4.168856339535513;1.0;0.5848580831038014;0.7816188036954521;0.03337672419712616;;;;;
4663;3.9909359713991233;1.0;0.5909625806070185;0.7284703710092837;0.04770734287689806;;;;;
4664;3.820971178209831;1.0;0.5126810531190851;0.7461687716805682;0.05498725124241526;;;;;
4665;4.08417426130979;1.0;0.31712391758596076;0.4455951846292981;0.020874458998817378;;;;;
4666;3.7413125745710167;1.0;0.44975240882374784;0.6191231230394612;0.056577017415758935;;;;;
4667;4.333729225133258;1.0;0.596063101688602;0.7895058891766852;0.023977808419252317;;;;;
4668;4.280042548224384;1.0;0.4877021092926598;0.6550538601855649;0.02144393877441473;;;;;
4669;4.18606743622211;1.0;0.6661142635891384;0.9983503465563831;0.04957520371509967;;;;;
4670;3.6299855223208795;1.0;0.6813877588628121;1.0042453779707257;0.13066243335508176;;;;;
4671;3.884272013560381;1.0;0.3861962620768745;0.5004207170075468;0.025873758339664838;;;;;
4672;4.268377601954769;1.0;0.6735865943318957;1.0347844157746418;0.036125812215744776;;;;;
4673;4.318624217627669;1.0;0.5270139544110862;0.8279890668772828;0.011293166143855168;;;;;
4674;4.086164558070536;1.0;0.6171216280135118;0.8567117420697736;0.04099780662433326;;;;;
4675;4.405628960444542;1.0;0.584419541112656;0.8408061061541312;0.018816114998271828;;;;;
4676;3.892920439366217;1.0;0.3462943562552118;0.458341858808223;0.027485729452063797;;;;;
4677;3.8174743391000456;1.0;0.44522837988444663;0.6227530125228777;0.041622261488185285;;;;;
4678;4.432993867689916;1.0;0.6852299500112132;1.0881419162913633;0.01297159129475274;;;;;
4679;3.5292340635803376;1.0;0.5094273809096065;0.7352792581153283;0.0990615900687843;;;;;
4680;4.315959179162494;1.0;0.7183970905354328;1.1172550373029868;0.042008165831555394;;;;;
4681;3.286955242036081;1.0;0.5196356345371346;0.7347662966240139;0.04030903420090813;;;;;
4682;3.775476692442569;1.0;0.35667715096073327;0.5286949481456851;0.007567221941405496;;;;;
4683;4.093455464720865;1.0;0.35569858836738;0.49031495638875455;0.016990182392298915;;;;;
4684;4.330297580162745;1.0;0.7498402971407413;1.205764154883354;0.05160484134297762;;;;;
4685;4.059156080232114;1.0;0.6591861561799653;0.9257564333986815;0.06886181970837378;;;;;
4686;4.342348424208204;1.0;0.6521532439802399;0.9313187626429957;0.03891832973454016;;;;;
4687;3.3787186709536234;1.0;0.44652124021666695;0.578938223978793;0.08182387733409509;;;;;
4688;3.8243998034437654;1.0;0.44153486082799426;0.5965266105172268;0.04108411924619153;;;;;
4689;4.135965685699969;1.0;0.46726263924031813;0.592203310236309;0.03530496568443322;;;;;
4690;3.9496876737615128;1.0;0.6339819600715495;0.8260083498509144;0.0594281013005698;;;;;
4691;4.063980395812926;1.0;0.5296240153127305;0.689427483191357;0.03949850096347391;;;;;
4692;4.166152662782849;1.0;0.7313001020652053;1.1187212488121108;0.04658120533259107;;;;;
4693;4.144118018950872;1.0;0.5617491495307776;0.7695099060516801;0.041608268282761506;;;;;
4694;4.210825568270911;1.0;0.6095058644357493;0.9546781389103972;0.03643906743660961;;;;;
4695;3.9079018204575404;1.0;0.6811778781734262;1.009200696187718;0.06598959771049703;;;;;
4696;3.4822017288162526;1.0;0.44693812000842414;0.618754552730563;0.034355415410254685;;;;;
4697;3.6192156208646624;1.0;0.49094824916981805;0.7180479867805295;0.06588447310442692;;;;;
4698;3.8583914635343977;1.0;0.624828694476967;0.8773922961649119;0.07704409753351901;;;;;
4699;3.50713926858507;1.0;0.481831868471502;0.6679643819278736;0.06341668227256746;;;;;
4700;4.130916024454656;1.0;0.7033717802934247;1.0996070625436827;0.07425310312454439;;;;;
4701;3.450488995207101;1.0;0.442308154948668;0.585306972229866;0.06650649380674938;;;;;
4702;4.411726544410342;1.0;0.7027868342876062;1.0777056147647122;0.03066654190998783;;;;;
4703;4.060868763067335;1.0;0.44032216586458345;0.6401102245384593;0.026406652733420754;;;;;
4704;4.038426518867751;1.0;0.6420625493263554;0.9151607224029301;0.0737467182238667;;;;;
4705;3.991395885307137;1.0;0.3422358609719365;0.45965190742402323;0.020707155409267403;;;;;
4706;3.588420400443076;1.0;0.43911957820380276;0.5580086198082731;0.06018569279529718;;;;;
4707;4.3614120416196975;1.0;0.522260935097251;0.7852253573321719;0.02068978019409887;;;;;
4708;4.129096655590865;1.0;0.533101428671637;0.7430386572339395;0.04453423192423993;;;;;
4709;4.46225241424615;1.0;0.6685527498793096;1.0188144074196082;0.017696205943612927;;;;;
4710;4.4247132534341365;1.0;0.57116173706439;0.9027059526766062;0.010615700508317536;;;;;
4711;3.9634803319698606;1.0;0.602721079211465;0.8110963457107635;0.0631720492289069;;;;;
4712;3.7031273152449735;1.0;0.4773832835514743;0.7148527253913243;0.06944219559200858;;;;;
4713;4.2148697418860595;1.0;0.5613305889560769;0.7931498536082568;0.039810499782624575;;;;;
4714;4.234044192636801;1.0;0.7627692621296397;1.2382892736929565;0.06084212528139766;;;;;
4715;4.011631319433394;1.0;0.4034386409153374;0.5546656925141666;0.02927610138571892;;;;;
4716;3.9663150386345833;1.0;0.24676690725169517;0.3326300413570529;0.011477714108711222;;;;;
4717;4.2138186527839565;1.0;0.3871258212738569;0.5849730673999075;0.015050196071619969;;;;;
4718;3.9637744640072787;1.0;0.3131675440144617;0.42969459011821676;0.028187280845286683;;;;;
4719;3.718926681140864;1.0;0.6353913739196143;0.9482949796252419;0.13329211795040272;;;;;
4720;4.047567002036184;1.0;0.7094354753059671;1.1304273619268876;0.07302510714001731;;;;;
4721;4.461233022437322;1.0;0.7556558020488207;1.2394013138354831;0.03962814594708466;;;;;
4722;4.29802223800638;1.0;0.5840171516021807;0.7935994118878039;0.02812273467309802;;;;;
4723;4.224981802739339;1.0;0.5477689986084149;0.777562885766786;0.028224071129896094;;;;;
4724;4.383295664559691;1.0;0.7740538500596356;1.2905380211312936;0.038486195060591324;;;;;
4725;4.40781954509563;1.0;0.6621352154346732;1.0823458705020352;0.03430065286916736;;;;;
4726;4.301381026038274;1.0;0.7250120699367062;1.1481921344086699;0.04947462086230928;;;;;
4727;3.3969583667989154;1.0;0.5910658027382841;0.8125575555208597;0.06626391393543175;;;;;
4728;3.947639185359261;1.0;0.5752651915871035;0.7907011574292588;0.059543997109599074;;;;;
4729;3.7612751239261737;1.0;0.6470358323721247;0.8892366928038182;0.08934328671581072;;;;;
4730;3.732927213097606;1.0;0.6915108377559583;1.0960066120262504;0.08109265830579605;;;;;
4731;4.152157717565587;1.0;0.4901857549096744;0.6687036435452813;0.02920369538510955;;;;;
4732;3.554557387965997;1.0;0.4639803433588785;0.6326441581453953;0.08874358652358631;;;;;
4733;3.346569348595428;1.0;0.3834443850095451;0.481583793372095;0.034362820255289944;;;;;
4734;4.290932183413157;1.0;0.6679743744113902;1.0404261131336454;0.042011423858615705;;;;;
4735;3.891385769455578;1.0;0.41146751514401664;0.570055448359337;0.04306805424323065;;;;;
4736;4.335632601993909;1.0;0.4754883173528869;0.6718285191114596;0.015161417873493774;;;;;
4737;4.244679474783272;1.0;0.42977232898010825;0.5865511061906574;0.020568286834723535;;;;;
4738;4.26662815858367;1.0;0.6421663235957858;0.9299503229746268;0.017948771928546253;;;;;
4739;4.050434325568126;1.0;0.6641095985903073;1.0202271683253945;0.05792360510293524;;;;;
4740;4.153707221918903;1.0;0.6085391859400444;0.9246972570527128;0.04986020882041209;;;;;
4741;1.8894821059242473;1.0;0.414386677671525;0.427587810575415;0.1698716328298459;;;;;
4742;3.8734879867607033;1.0;0.6227357384520401;0.9450159374873134;0.10046008598609772;;;;;
4743;4.5326623834024025;1.0;0.7783223732687985;1.3037260810185796;0.023816790742966547;;;;;
4744;3.9351558201586587;1.0;0.39345589389416963;0.5844487948690773;0.039160639868577214;;;;;
4745;4.066148960294596;1.0;0.7001301942254022;1.0362683038278093;0.054866751153802934;;;;;
4746;4.282736858904308;1.0;0.7694367675582232;1.2556089438545008;0.054299016237142006;;;;;
4747;3.9767957929233044;1.0;0.5439520102297187;0.74141407483049;0.06359126606096456;;;;;
4748;2.9360022244102586;1.0;0.4784725682662927;0.5361810352324915;0.08155327285074156;;;;;
4749;3.9934724273625983;1.0;0.6284420196053622;0.9086569154941584;0.06882721612333527;;;;;
4750;3.1654555068197343;1.0;0.5444793126349489;0.6878626840439102;0.0313946882252113;;;;;
4751;4.117162859113853;1.0;0.5931633605097721;0.8720576165795977;0.04992809342559338;;;;;
4752;2.4820486856170825;1.0;0.6709281254470217;0.9735737052987954;0.084828222298622;;;;;
4753;4.144585231655833;1.0;0.4928969101453313;0.7050651017721835;0.0394580343611323;;;;;
4754;4.362570813203367;1.0;0.49319549411301167;0.6861432697126706;0.02071927745103095;;;;;
4755;3.5809854794517575;1.0;0.6856202461762472;1.0634996082799972;0.07113401023564356;;;;;
4756;4.075300948745505;1.0;0.6435078164040432;1.0144947159766622;0.06370706158903042;;;;;
4757;4.076896636104289;1.0;0.6127723301844826;0.8993507199633071;0.06048472461566017;;;;;
4758;4.443375907475568;1.0;0.7933834309914928;1.303126391172583;0.03377655794888397;;;;;
4759;3.821843433988435;1.0;0.4952257456820846;0.7323027906554561;0.028354751454940878;;;;;
4760;4.175100456778307;1.0;0.6500217603441999;1.0685068007593976;0.0620776588401131;;;;;
4761;3.912297880995951;1.0;0.6637811529653536;1.0390732826992821;0.08661932439673739;;;;;
4762;3.9067224232555704;1.0;0.6045282233029996;0.9238538765926614;0.08877245508913988;;;;;
4763;4.4750358231415905;1.0;0.7727407504846726;1.3244170742109267;0.03299657385522895;;;;;
4764;3.8947957289815403;1.0;0.6582555396960406;1.0263909776252578;0.0792934375938128;;;;;
4765;4.1465833166510695;1.0;0.5787196586423528;0.8662621891925332;0.044971610362046825;;;;;
4766;4.477055609913542;1.0;0.678850647067256;1.0764308923791317;0.013092803978268763;;;;;
4767;4.016462501572599;1.0;0.49414068024787416;0.7204434741772885;0.039628589074578044;;;;;
4768;3.8518218430230196;1.0;0.5909724708547239;0.8843240513930879;0.07600028110238392;;;;;
4769;4.189656470426208;1.0;0.5786620469843439;0.8685651749462971;0.041885693605631165;;;;;
4770;4.069603231521284;1.0;0.6846032811226304;1.0978365824181422;0.0701686151795485;;;;;
4771;4.074452431048075;1.0;0.6385164449525996;1.01577455153094;0.06301656019321242;;;;;
4772;4.3263804426441705;1.0;0.45452388745926314;0.660832234762501;0.016820108353235844;;;;;
4773;4.160863245337498;1.0;0.35694789470989663;0.5367335045237033;0.006664443817249737;;;;;
4774;4.3739573182865845;1.0;0.6076008691183533;0.9621310819308374;0.023573315257713435;;;;;
4775;4.045120933560007;1.0;0.6087478036537532;0.9343420892316654;0.05523722980855219;;;;;
4776;4.1695674751477645;1.0;0.5494924819233385;0.8025961668576406;0.029963708599933588;;;;;
4777;3.9713226138622555;1.0;0.640119662374193;1.0204286113788819;0.06458470035743843;;;;;
4778;4.28227630667654;1.0;0.7401504107072153;1.2492522110707862;0.054591410978392194;;;;;
4779;4.154740196769745;1.0;0.6520135366210377;1.0612218365700519;0.04919574674981526;;;;;
4780;4.380567488286682;1.0;0.696139291784864;1.153882913228232;0.03598845139378891;;;;;
4781;3.7398549291513072;1.0;0.6089477752453776;0.9539637668369494;0.04117566867233801;;;;;
4782;4.286639817701429;1.0;0.6330262309067445;1.0563121811781653;0.0236018585173523;;;;;
4783;3.9742965681988074;1.0;0.5952199561003573;0.9297306855060815;0.051894155941350883;;;;;
4784;3.9816612375434843;1.0;0.5441229835066098;0.7863524124881374;0.043757512081268594;;;;;
4785;4.33288126402787;1.0;0.4532059394705978;0.731572927173408;0.009617723653715271;;;;;
4786;3.710794572131901;1.0;0.5951072915276913;0.94164990885959;0.06414578675802014;;;;;
4787;3.7490750480442885;1.0;0.795665970544453;1.294812732417706;0.009440496194428251;;;;;
4788;4.055696243046563;1.0;0.6293650191455681;1.0290235214042753;0.0482399921094276;;;;;
4789;3.979598198309435;1.0;0.5719512313091186;0.8813433358391658;0.03846591923205602;;;;;
4790;4.329567821157864;1.0;0.7002741795365658;1.192327225751563;0.0356270098571666;;;;;
4791;3.903362923122504;1.0;0.6266613337499751;0.9956446009721337;0.06150223891068181;;;;;
4792;3.7031921567741533;1.0;0.6156481391575368;0.9845758491963904;0.05364490226411165;;;;;
4793;4.309216498067569;1.0;0.5857149717645493;0.9118708424485067;0.040091892225557445;;;;;
4794;3.882060460920923;1.0;0.7427328795979671;1.2493872848051184;0.04432759965139484;;;;;
4795;4.233088387159427;1.0;0.5822732082355815;0.9187775870081031;0.02595977260704032;;;;;
4796;4.075101466710992;1.0;0.5957069406831726;0.9086798570942644;0.048664819028765106;;;;;
4797;3.8082516507709685;1.0;0.5640336395408564;0.8322505591961671;0.05612751371063017;;;;;
4798;4.278672958359183;1.0;0.6298177441738589;1.0086087233213965;0.035697832817428214;;;;;
4799;4.428694078041872;1.0;0.6238405069505085;0.9326689577670938;0.016916979874410945;;;;;
4800;4.554664314792198;1.0;0.7919978809927399;1.3541975333269123;0.017148093739795013;;;;;
4801;4.127100897571502;1.0;0.5819751129516476;0.8628076672847013;0.048702223161535114;;;;;
4802;4.369950124709472;1.0;0.6781986754253276;1.1551829110645864;0.03182889471308895;;;;;
4803;4.443348904617816;1.0;0.7365661396050001;1.2742679960123864;0.030252509870193584;;;;;
4804;4.483583475379302;1.0;0.6882234980897948;1.1012225366358204;0.018026247905921524;;;;;
4805;4.114173086042942;1.0;0.674857910864407;1.1017342538604937;0.04716151272631017;;;;;
4806;4.379400236518392;1.0;0.5817346925774898;0.8575419020552206;0.018159158982903247;;;;;
4807;0.44591624816738484;1.0;0.23873818582682904;0.34467334159736396;0.052270810277860805;;;;;
4808;4.51016120343738;1.0;0.7856814848961032;1.3434644793480008;0.019815361015821216;;;;;
4809;3.994321961135812;1.0;0.5821092292746034;0.8530463931546247;0.049346306729519264;;;;;
4810;4.187179335080478;1.0;0.6391378557077547;0.9886943080478181;0.04160316069575604;;;;;
4811;4.29393874726361;1.0;0.6339692680404061;0.9869281286793915;0.033735476882033;;;;;
4812;4.236820825345335;1.0;0.7662161273798915;1.3060978602510611;0.0643181603570659;;;;;
4813;4.003016574508655;1.0;0.629113696894183;0.9233225515981429;0.0681018663929774;;;;;
4814;4.278078786698417;1.0;0.6279011313642429;0.9990379920111389;0.04788606122878474;;;;;
4815;4.147123595159984;1.0;0.6544308247456848;1.0105310069396167;0.04353357815006249;;;;;
4816;4.005277141194357;1.0;0.696815107660694;1.1506637720197568;0.05992960601474335;;;;;
4817;4.271179692748334;1.0;0.7157308988467258;1.1891943531586675;0.045266163193598837;;;;;
4818;4.26722391028814;1.0;0.7315686346423089;1.2192587270803492;0.04454748161347274;;;;;
4819;3.950699215492544;1.0;0.59262293980295;0.8761855489019351;0.06985765269747152;;;;;
4820;4.195021857905329;1.0;0.6763786708801105;1.0874793070812852;0.047347953216510655;;;;;
4821;4.324713972579429;1.0;0.6145134301563041;0.9409145432074052;0.033091785328994226;;;;;
4822;4.260638128958276;1.0;0.5840995181752368;0.9214655100844827;0.04059354994105863;;;;;
4823;4.300906857220444;1.0;0.5530803758767702;0.8155888141642949;0.02608863107343865;;;;;
4824;4.25461455061633;1.0;0.6655590042788533;1.1059344890682168;0.05336404253278918;;;;;
4825;4.376761947115221;1.0;0.6342018968495824;1.0261272749159682;0.042410788761121344;;;;;
4826;4.2282142493796995;1.0;0.49924127285551406;0.7482687881548405;0.03851933077235742;;;;;
4827;4.457388764244342;1.0;0.7432042862794549;1.2751453593506317;0.04601212150195456;;;;;
4828;4.319318801725547;1.0;0.6813109262404149;1.1368152463093186;0.051059693908934584;;;;;
4829;4.269011180436552;1.0;0.6145523619678614;0.9733107317752501;0.0357728568246431;;;;;
4830;4.000985383954514;1.0;0.5480497536409827;0.7272073458027724;0.051851663942628974;;;;;
4831;4.509810120579848;1.0;0.7622018907027318;1.2589556625017848;0.025232266374832567;;;;;
4832;3.634811116454618;1.0;0.7127370562746544;1.2213652825048138;0.049277618030623326;;;;;
4833;4.175720095156783;1.0;0.6318332133534623;1.0283616408537584;0.056173130596688284;;;;;
4834;4.467347460278441;1.0;0.7513192455631232;1.2728067738333992;0.02871892587735657;;;;;
4835;4.125312578303182;1.0;0.6166109497664507;0.9673905107275269;0.04321469111173453;;;;;
4836;4.064990382921147;1.0;0.6209555284496263;1.008064013169268;0.04769918594336625;;;;;
4837;4.208208400033195;1.0;0.5550232319563323;0.8496914557611861;0.030766000312514804;;;;;
4838;4.310175582350169;1.0;0.6619358418119257;1.1166324424036378;0.0328995552529186;;;;;
4839;4.3728843932174986;1.0;0.591880702391221;0.9665258657919156;0.026353343457353715;;;;;
4840;4.244704172965878;1.0;0.6754953019755526;1.1524635919327546;0.04174048961357424;;;;;
4841;4.273719803019265;1.0;0.6929003385396783;1.177885154811288;0.03793487833681974;;;;;
4842;4.043043903075567;1.0;0.5795004582550022;0.8209168912833829;0.03873238628348925;;;;;
4843;4.116278584287228;1.0;0.5248880257101655;0.8105617091630568;0.03445815005962611;;;;;
4844;4.169875712298669;1.0;0.6982184506027331;1.1918201074185872;0.04935909901781586;;;;;
4845;4.000635455358774;1.0;0.682995059149464;1.160950262974227;0.05902544856825206;;;;;
4846;4.166123850310446;1.0;0.6261560438386138;0.9958803388946349;0.05980679688311102;;;;;
4847;4.105108333520139;1.0;0.6129238382909077;1.0114313512664577;0.05482332574939649;;;;;
4848;3.9280385599311387;1.0;0.609939717349562;0.9544199158474542;0.05676265103397678;;;;;
4849;4.29537230037011;1.0;0.6927205635019346;1.1681086821364715;0.038521979290182064;;;;;
4850;4.301343070337943;1.0;0.45103902991930594;0.707270261654544;0.030601909735311007;;;;;
4851;4.225116508630352;1.0;0.7241485234885964;1.240699440379205;0.05155268809062731;;;;;
4852;4.270184664084743;1.0;0.723822687739957;1.2319572594364436;0.04410872078616517;;;;;
4853;4.425687305955416;1.0;0.5220280767965576;0.8164067242001279;0.02413898094746305;;;;;
4854;4.08745974446894;1.0;0.5726587814370238;0.8796061471477304;0.04660671385858396;;;;;
4855;4.418688226471394;1.0;0.483390990876569;0.783529502672988;0.016150548236136836;;;;;
4856;4.253888974683461;1.0;0.632865331084681;1.0721354768484632;0.041613437925313336;;;;;
4857;3.978367524707194;1.0;0.5921937799791548;0.913301592171362;0.05593928189026885;;;;;
4858;4.326061282102463;1.0;0.6456164214883865;1.094741638050452;0.03778050256541791;;;;;
4859;4.307152818870353;1.0;0.4106953356740746;0.6330061785851082;0.02455580712201772;;;;;
4860;4.371485181053872;1.0;0.5366885879056905;0.8548547354076812;0.030167785028184162;;;;;
4861;4.180235880955328;1.0;0.5626753978075069;0.9110482068405644;0.05223676722007657;;;;;
4862;4.278616829554245;1.0;0.4508500521676039;0.6928755595285606;0.03609392531867522;;;;;
4863;4.149453755169093;1.0;0.6389518847311195;1.0756825032319808;0.0492725648850046;;;;;
4864;3.915839076837409;1.0;0.6014122862348912;0.913657006598301;0.05771923433439373;;;;;
4865;4.46078323018379;1.0;0.5965745137320629;0.9769634455863608;0.02315269337174873;;;;;
4866;4.334843616073764;1.0;0.6352035447208496;1.0519658014787634;0.038422985893636886;;;;;
4867;4.137225300499043;1.0;0.49583232989786274;0.7143900321221791;0.034815656007530414;;;;;
4868;4.302292828448609;1.0;0.5413356434192299;0.8705413512882194;0.03824616301622168;;;;;
4869;4.096215706928037;1.0;0.5603999153245095;0.8321598603073744;0.046556541791204324;;;;;
4870;4.3737591025795926;1.0;0.6011660352258158;0.9554917547587016;0.02824325925194945;;;;;
4871;4.15342135336947;1.0;0.619643121961915;0.8003073509423819;0.034414165567177475;;;;;
4872;4.244930391575554;1.0;0.5956064804204465;0.9403619843655882;0.041376312968266445;;;;;
4873;3.936603206782151;1.0;0.6141527136854251;1.0071940678869413;0.06137521275821301;;;;;
4874;3.983516555355864;1.0;0.2528543811551753;0.37012837036983653;0.020389595108134755;;;;;
4875;4.440477993141853;1.0;0.6405336253830564;1.046490149375037;0.024149851738345197;;;;;
4876;4.115670452238956;1.0;0.568250570171088;0.8918394044244055;0.05959481760651953;;;;;
4877;3.9649122812168613;1.0;0.5307789233338104;0.7800497611455648;0.049991471254362194;;;;;
4878;3.718531457816195;1.0;0.6347634411359214;1.0478626255315833;0.04905810174318715;;;;;
4879;4.519398338761104;1.0;0.6601586311222327;1.0670736931587097;0.014016122613311055;;;;;
4880;4.330305032836876;1.0;0.5863070914448648;0.9167397731239415;0.02995989127994548;;;;;
4881;4.30676478189889;1.0;0.3952163960367502;0.58719328965857;0.019052636595774733;;;;;
4882;4.303838404612915;1.0;0.6733140419905917;1.1453106837431706;0.057718606634965024;;;;;
4883;4.147726274776603;1.0;0.6008219892204216;0.9287376930210453;0.046552077990440324;;;;;
4884;4.321402716338382;1.0;0.657856828586533;1.1122947868547934;0.03581105572216203;;;;;
4885;4.47078619698621;1.0;0.673167462864357;1.1254613132806588;0.026242861065228537;;;;;
4886;4.135435707595888;1.0;0.5472561722380666;0.8192925673336475;0.034606446568984456;;;;;
4887;4.295544565369534;1.0;0.7213059333744176;1.2471934510102913;0.047816967411299094;;;;;
4888;4.249985903239935;1.0;0.7030296338227026;1.2244313478285123;0.05543266362671382;;;;;
4889;4.002809360050218;1.0;0.6130325807368052;1.0171120299127316;0.07589645778656086;;;;;
4890;4.15717554341872;1.0;0.7504020777947192;1.3211956576438872;0.08073132834082006;;;;;
4891;4.35601909390714;1.0;0.6197240628716636;0.9957705167180699;0.03555854770196532;;;;;
4892;3.9089820020296555;1.0;0.6421039610790813;1.0510492553947777;0.04797591684132264;;;;;
4893;4.302352098716009;1.0;0.7076965549210071;1.2188148241020225;0.04709518099491325;;;;;
4894;4.343400477542739;1.0;0.59288452822475;0.9427364220231045;0.040259849633569066;;;;;
4895;4.099160563618723;1.0;0.5349638658821598;0.8440105790099286;0.04903810045168611;;;;;
4896;3.872941723664408;1.0;0.33206456324542366;0.5041275502037614;0.03171009614763574;;;;;
4897;4.393262919420286;1.0;0.5110448751031129;0.8111868778180497;0.021461590979031973;;;;;
4898;4.092000016870385;1.0;0.6813892047657285;1.164154861266132;0.051980203082308586;;;;;
4899;4.344180687805223;1.0;0.743238903732834;1.2484900115123787;0.04073753825487637;;;;;
4900;4.496256978080914;1.0;0.6619392122238762;1.1086993568410475;0.02117487072220153;;;;;
4901;4.329935959349612;1.0;0.6618402814440207;1.1178071514205865;0.039006318562116074;;;;;
4902;4.476781442493238;1.0;0.6651918226443785;1.130873870994038;0.029030884233280242;;;;;
4903;3.850337179194958;1.0;0.5577901018808632;0.8762032287073707;0.0652372395929927;;;;;
4904;4.026705232750433;1.0;0.6762194267445775;1.1775506804067835;0.07185776275304126;;;;;
4905;4.38238300108725;1.0;0.7070383866127553;1.1782604570404043;0.025182614419216605;;;;;
4906;4.05216542688672;1.0;0.5214551449585982;0.7416354144432675;0.051540879869982126;;;;;
4907;4.429682172280316;1.0;0.5518327833479253;0.8326940902745459;0.01904606457073722;;;;;
4908;4.395800132889914;1.0;0.7640616248835667;1.3033420806605003;0.04849898701203268;;;;;
4909;4.405896970139153;1.0;0.551832026719702;0.902806595523827;0.02120118170714523;;;;;
4910;4.2034022369100645;1.0;0.5682071465347502;0.912335101642524;0.04290083194015299;;;;;
4911;4.2398257070562115;1.0;0.5889676059715298;0.9430237829569762;0.03900977456113048;;;;;
4912;4.017706805661263;1.0;0.6993588901091866;1.1977540773883728;0.06816272147200964;;;;;
4913;4.448163870270644;1.0;0.7093368262112736;1.2056034084410414;0.02850239584829729;;;;;
4914;4.28987630145786;1.0;0.5492399989466547;0.8665011956803252;0.03054041353950899;;;;;
4915;3.9241152335806873;1.0;0.634509043087157;1.0570712472417623;0.06204113414593888;;;;;
4916;4.091556807929211;1.0;0.6705539678468623;1.1295657060346556;0.059552815595161256;;;;;
4917;4.239043511405277;1.0;0.6759464741982755;1.1320069298947153;0.05182297550077477;;;;;
4918;4.223907353541356;1.0;0.6637755104938581;1.1297485015515476;0.03892481480632178;;;;;
4919;4.293583453622367;1.0;0.6441607454242022;1.0993497611373966;0.04276750220782973;;;;;
4920;4.339250350901884;1.0;0.6443709432882826;1.0898250429005807;0.025401019083775667;;;;;
4921;4.264166174153329;1.0;0.6014746129641168;0.9912611149806451;0.03508027730788077;;;;;
4922;4.38734110681919;1.0;0.582373998088412;0.95809388483214;0.02242635451770663;;;;;
4923;4.313569582430357;1.0;0.5912697017899752;0.9459099869420995;0.033603559393570195;;;;;
4924;4.125790465170338;1.0;0.5525553088703256;0.8485345133028077;0.04401109803353748;;;;;
4925;4.107954387467467;1.0;0.6865845821280587;1.170935830015057;0.04400502653889184;;;;;
4926;3.956787858004951;1.0;0.5694362450112639;0.8423014692290393;0.05381491595049883;;;;;
4927;4.395767761424809;1.0;0.6617935115109969;1.0905225094718576;0.03756870867530566;;;;;
4928;3.095032228025321;1.0;0.4993520040489768;0.7287145299957513;0.04725329175413597;;;;;
4929;3.8068427499339137;1.0;0.6921255359901828;1.1753325916578274;0.0756240171583961;;;;;
4930;4.318007384299449;1.0;0.7582466470870425;1.30545180468973;0.04014085989508123;;;;;
4931;4.303890689994353;1.0;0.6233806010473821;1.0106773841421608;0.03649595349647679;;;;;
4932;4.487002951010423;1.0;0.6853509358354235;1.1658790347317718;0.029991213867570733;;;;;
4933;4.152403774583199;1.0;0.6672816651778839;1.1250542250262678;0.05023705970260712;;;;;
4934;4.28180987694473;1.0;0.7524245373527234;1.2983870390397636;0.04602610605467953;;;;;
4935;4.345196725368616;1.0;0.7336039983450775;1.2495119356661706;0.039051277111493254;;;;;
4936;4.259326547489093;1.0;0.6112184843926112;0.999236038535409;0.05565380328121258;;;;;
4937;3.9001115898178766;1.0;0.6263034567054416;0.9682273831309525;0.052969908494806546;;;;;
4938;4.156595564780114;1.0;0.6817722564470547;1.1468977244949965;0.04264404385259853;;;;;
4939;4.494744399345774;1.0;0.7133712292020222;1.1747374996006552;0.017912518501517642;;;;;
4940;4.355058237826168;1.0;0.6170170499822217;1.0131189317038138;0.029186035974792458;;;;;
4941;4.432487102936679;1.0;0.7656240958244213;1.2953814807876733;0.035593864964659924;;;;;
4942;4.419823128985192;1.0;0.5860223751339932;0.9452560885149084;0.019475656878404322;;;;;
4943;4.399881716161376;1.0;0.5743500302694428;0.9358587056168818;0.02817657845319908;;;;;
4944;4.4159071584498975;1.0;0.5536618606848429;0.836667910489115;0.020827359561251115;;;;;
4945;4.057589305005194;1.0;0.6911754091698028;1.170050194260218;0.06292756115976997;;;;;
4946;4.167629311706425;1.0;0.5383673123233593;0.7776579709734504;0.03980009746654762;;;;;
4947;3.849874398518449;1.0;0.6442970487087232;1.0414015724297767;0.06256102685641836;;;;;
4948;4.357761970953117;1.0;0.6944332239266988;1.1506272570098477;0.03599456328075074;;;;;
4949;4.435204949488428;1.0;0.76359514925901;1.266197441133172;0.028405761635861095;;;;;
4950;3.794077924655043;1.0;0.6086995054633231;0.9258154654769347;0.05319678149128914;;;;;
4951;4.128494731388348;1.0;0.6462674078538021;1.0473981554480383;0.05106105765048047;;;;;
4952;4.400300869411127;1.0;0.5184881143360114;0.7767767318851421;0.012333129833426788;;;;;
4953;3.2071705423618804;1.0;0.6643368249575569;1.103342083871775;0.06964506973992479;;;;;
4954;4.453161071344007;1.0;0.7096818567304102;1.1892037115188236;0.03213819115460345;;;;;
4955;4.223745500942552;1.0;0.6869113834203437;1.1533415043951534;0.04781692107608419;;;;;
4956;4.152093369979562;1.0;0.619126382278671;0.9535757285470158;0.05770471040875783;;;;;
4957;4.450321499567838;1.0;0.647585435695342;1.070645927248457;0.026015182809944398;;;;;
4958;4.222683906360646;1.0;0.6914096421749052;1.1528801537575808;0.054467898378992026;;;;;
4959;4.345903450971821;1.0;0.4365440134809183;0.6676361217491638;0.019952420968564206;;;;;
4960;4.344806695490331;1.0;0.6633004010489821;1.074853927308744;0.029086266810325306;;;;;
4961;4.279982937905661;1.0;0.6719445222557141;1.1227447819990823;0.04395646787266514;;;;;
4962;4.261508024773074;1.0;0.40146005552526126;0.5993525854827219;0.018427741982554036;;;;;
4963;4.151988073396752;1.0;0.5742673123791738;0.9069308531278018;0.0423617828006189;;;;;
4964;4.095798499517209;1.0;0.5819613009991782;0.8442434292205181;0.04009221682079538;;;;;
4965;4.189072872209701;1.0;0.5851805163790254;0.918151900301282;0.041941523673414076;;;;;
4966;3.950761890936554;1.0;0.6054604283216457;0.9394079866030229;0.05954413214311744;;;;;
4967;4.515662085949054;1.0;0.7444543569632573;1.2749687091112416;0.0240177436456696;;;;;
4968;4.2254978247297;1.0;0.7199801438362728;1.1972863832818716;0.05219641323419413;;;;;
4969;3.989154925292084;1.0;0.6202796860104635;1.016750868052229;0.06621886544576755;;;;;
4970;4.132955758260541;1.0;0.6559352850462815;1.0975898337972734;0.049256309654871044;;;;;
4971;4.395888272970794;1.0;0.4929774808592283;0.7664625599514694;0.0201374393970192;;;;;
4972;4.376132728338972;1.0;0.6729207565082088;1.0818849735782983;0.02637546027136194;;;;;
4973;4.073606369913822;1.0;0.5970872548586749;0.8986214933823087;0.06266494295809542;;;;;
4974;3.480958323326635;1.0;0.5237395185094544;0.8357147742928224;0.09080895585270404;;;;;
4975;4.134246406522187;1.0;0.3498605915816474;0.5243007490444871;0.024236871305364113;;;;;
4976;3.9341587312523076;1.0;0.6143706840669914;0.9647775618947545;0.06929103334745922;;;;;
4977;4.507492863522199;1.0;0.6774306233651288;1.1124164718665142;0.017541058154520672;;;;;
4978;4.4170974135454175;1.0;0.60255143391779;0.925589794155416;0.01900992238019659;;;;;
4979;3.340994932547513;1.0;0.38634398800360326;0.5462237739488163;0.030253252952202183;;;;;
4980;4.044159559451158;1.0;0.3760564448157087;0.56337485189103;0.017757929781784396;;;;;
4981;3.8669480590247876;1.0;0.7395069082424004;1.2263372711436966;0.03503179908732048;;;;;
4982;4.155373440822464;1.0;0.5862368496344879;0.9162716825253068;0.042649102187072456;;;;;
4983;4.35264747477898;1.0;0.5744430823766974;0.8484907633732284;0.022001236842745242;;;;;
4984;3.8477579985155166;1.0;0.49483108262979736;0.7660956174820827;0.0449938122476414;;;;;
4985;4.288153241911918;1.0;0.6499347455546441;1.0173772351574835;0.03991074961235608;;;;;
4986;4.352521503028851;1.0;0.6274833444714395;1.011740245785918;0.033303708084186895;;;;;
4987;4.308516023046585;1.0;0.5835779776628407;0.9055196486614882;0.03152752229410594;;;;;
4988;4.216201375603557;1.0;0.48302496284838214;0.724052063244879;0.043712684709624625;;;;;
4989;4.218791458616757;1.0;0.5859625494841691;0.938161141973245;0.04345833213123742;;;;;
4990;4.344590009053093;1.0;0.6472679992696101;1.0141278380659235;0.034454322503970417;;;;;
4991;4.473621491623588;1.0;0.6969223714453703;1.1166348201297527;0.013127689002126531;;;;;
4992;4.396451151727697;1.0;0.5967089399360322;0.9603348148582457;0.026045529456822453;;;;;
4993;4.207100347459143;1.0;0.6177943044058629;0.8849337793537169;0.03960504713854283;;;;;
4994;4.174208361672003;1.0;0.5166201056194976;0.7677255603011187;0.03693348120466281;;;;;
4995;3.8232235685221525;1.0;0.6107673241895414;0.9253419822798314;0.07930988741223882;;;;;
4996;4.482992846223879;1.0;0.745534626601994;1.2599124509959196;0.026787443934131516;;;;;
4997;4.197721727762095;1.0;0.5528121217316359;0.8386968090172365;0.042316399153493466;;;;;
4998;4.521032495272619;1.0;0.7178106804523685;1.1761964958436104;0.013759955722479214;;;;;
4999;4.160459994455622;1.0;0.567768142959039;0.8276180200170469;0.0433676240112584;;;;;
5000;3.3747677521026826;1.0;0.5338562822476072;0.8139433925258727;0.06572224580959032;;;;;
5001;4.0438067051270625;1.0;0.6341540816640022;0.9919721328936668;0.05819719204460176;;;;;
5002;4.238132799506791;1.0;0.650675764717279;1.0396764082892243;0.05582306631183283;;;;;
5003;4.346492127237262;1.0;0.5874219852627309;0.8842506644049701;0.030499082372435878;;;;;
5004;4.492207473288789;1.0;0.722084175204789;1.214799451757878;0.027061545628853368;;;;;
5005;4.22489664250583;1.0;0.6692223126570718;1.0937995502570235;0.058267696442081844;;;;;
5006;4.043289725355487;1.0;0.6909263932546584;1.128045449339992;0.07098703937263909;;;;;
5007;3.87977032503101;1.0;0.34192672233660165;0.4784855320681794;0.030578002677016655;;;;;
5008;3.8558900244751046;1.0;0.47343080208999383;0.7064324101780722;0.04767277067586528;;;;;
5009;3.9816580763177996;1.0;0.6488790025417919;1.018767162924653;0.06560461276076705;;;;;
5010;4.056797851523189;1.0;0.49274472093691357;0.6649432850717159;0.041527996304801244;;;;;
5011;2.5678018706955155;1.0;0.6418283142069342;1.0064309763583372;0.04187445554997421;;;;;
5012;4.417400662578615;1.0;0.6346016868710893;1.0583178955284163;0.028306295147222237;;;;;
5013;3.7343074514360044;1.0;0.47202310666378017;0.7166509634186259;0.061963908072153205;;;;;
5014;4.078090786863301;1.0;0.556606044587892;0.7937099144134996;0.045463414970487226;;;;;
5015;4.137003803142223;1.0;0.6494085173594065;1.0797652071081045;0.05030693205194922;;;;;
5016;4.355833043358626;1.0;0.5147837648474998;0.7663656170110525;0.016478891952091786;;;;;
5017;4.356869875125348;1.0;0.5300902041674586;0.809551373390606;0.028404562032778025;;;;;
5018;4.309775842099946;1.0;0.5185879524575544;0.8029215801887634;0.027460577321538924;;;;;
5019;4.145676361940255;1.0;0.6683466221720085;1.1222275976727445;0.051232998867228985;;;;;
5020;4.340643167902019;1.0;0.7465196178125457;1.2651920368626495;0.052244290679589155;;;;;
5021;4.344111074758192;1.0;0.7494213901687471;1.2675421195310603;0.03954453187805058;;;;;
5022;4.228581428719856;1.0;0.6008235125135115;0.9594444659964816;0.036202262613070996;;;;;
5023;4.244704281424474;1.0;0.5915733108863526;0.9427879491659136;0.0358199032525257;;;;;
5024;4.1566625781143305;1.0;0.6390553322936018;1.0389143074495972;0.046508906700130054;;;;;
5025;4.4036715342089545;1.0;0.6960592922366504;1.1696594961681355;0.030378049674121166;;;;;
5026;4.2294668891704745;1.0;0.5910327355085343;0.9243765909067756;0.033636872826619924;;;;;
5027;4.331851448662359;1.0;0.7463166736512645;1.2463101796791944;0.036691595731364574;;;;;
5028;4.394152885179874;1.0;0.6063517417600855;0.9823238928271544;0.0171428040554113;;;;;
5029;4.176760717896626;1.0;0.6951374872915436;1.0955481259028814;0.05631493562042003;;;;;
5030;3.8718237329320053;1.0;0.5112011948690013;0.6643510706490173;0.04736286507717966;;;;;
5031;4.391540842345468;1.0;0.584904500322707;0.8965149246835751;0.02428113169674771;;;;;
5032;4.254087376684979;1.0;0.7626275109072606;1.277652474502955;0.053049908263483485;;;;;
5033;1.7117624599906351;1.0;0.5768625220985262;0.770752013266833;0.019898755542081016;;;;;
5034;3.91434724013349;1.0;0.646342055254181;0.9866250520355568;0.06735716519383793;;;;;
5035;4.316436668380649;1.0;0.6201397409554344;0.9666018554311873;0.03196869976009796;;;;;
5036;4.030750851611001;1.0;0.6077289779177835;0.9643059566094858;0.04510627989198213;;;;;
5037;4.132990118589834;1.0;0.6986058379710547;1.1346694397791284;0.040692352919624135;;;;;
5038;3.855204797532697;1.0;0.6943725125344892;1.1202660265985764;0.08065012148114561;;;;;
5039;4.3255727589553965;1.0;0.5389171088004333;0.8089075106989643;0.023570390265856733;;;;;
5040;4.378094884646439;1.0;0.4820716706217629;0.7206054961507823;0.013783479529299814;;;;;
5041;4.234252782623352;1.0;0.5360334847673351;0.7839240163463859;0.03627469465403265;;;;;
5042;4.258328255400709;1.0;0.5283798773117822;0.7851676841834371;0.024936385346310812;;;;;
5043;4.080922242217571;1.0;0.6816560002783382;1.1254837323613913;0.0445844242649407;;;;;
5044;4.24012542557467;1.0;0.5536934042615268;0.8512850973186095;0.03691613137863067;;;;;
5045;4.429454678769902;1.0;0.5891816372705668;0.945622278594378;0.022566963095789472;;;;;
5046;4.270099323667454;1.0;0.7315142522003172;1.221979344884667;0.04328919213700108;;;;;
5047;3.981359421758775;1.0;0.5604428262218885;0.8543739555886123;0.04853925296752837;;;;;
5048;3.613856857576044;1.0;0.6281345471860508;1.0038948943443788;0.06636901137033144;;;;;
5049;4.161591781259808;1.0;0.5940198251262853;0.9162852752751259;0.04102857744088398;;;;;
5050;4.382823756639208;1.0;0.7327999591768607;1.2153007032532812;0.03576907478944595;;;;;
5051;4.261201539759156;1.0;0.7250620299143761;1.2003236638718129;0.042822458415524726;;;;;
5052;4.350289703680805;1.0;0.5825061089948598;0.9307023718795402;0.028609845613894746;;;;;
5053;4.196655652331511;1.0;0.6278540267216354;1.0301411385870383;0.043130820270090825;;;;;
5054;4.178117078483705;1.0;0.5547255655305313;0.8659918651075501;0.028182383826270547;;;;;
5055;4.142958326199091;1.0;0.6327981109087611;1.02616366971971;0.044450144264528424;;;;;
5056;4.503305711087694;1.0;0.7456331172276441;1.2243620461741154;0.02045366445049415;;;;;
5057;4.157404231443767;1.0;0.534948782628764;0.8334492619521653;0.030692847919534975;;;;;
5058;4.268487021153878;1.0;0.6570677712148182;1.0730315828736947;0.03334480656200671;;;;;
5059;4.339044475515421;1.0;0.6382985233228264;1.012943551559552;0.03047288423375087;;;;;
5060;3.7619671953360077;1.0;0.608647234973741;0.9413915170054883;0.059867777841198073;;;;;
5061;4.323761564283275;1.0;0.5638732626243236;0.8598115591659979;0.0331739321802594;;;;;
5062;4.310620729745621;1.0;0.6226943519509552;0.9932353715668552;0.02360072374608719;;;;;
5063;2.9337115128353695;1.0;0.5533754994157736;0.7493788701091336;0.03215816818009498;;;;;
5064;3.7773597996944597;1.0;0.6116847812913471;0.9374010342080625;0.06280825527839781;;;;;
5065;3.8920483300646267;1.0;0.6090935629164999;0.9494808813563252;0.05956106592977509;;;;;
5066;4.239810587031837;1.0;0.7698455145284478;1.2737196783462161;0.0443916953702246;;;;;
5067;4.18122650155376;1.0;0.7292848350339379;1.1989934713452077;0.04702450255181324;;;;;
5068;4.426034388703776;1.0;0.7752602389395614;1.2916352298980693;0.028097194863151136;;;;;
5069;4.410048602736374;1.0;0.6643139048679888;1.061928948641493;0.019311170791598126;;;;;
5070;4.048210200831693;1.0;0.34519986814907977;0.49457961914740867;0.012793664512830831;;;;;
5071;4.102862948344065;1.0;0.6671516190492577;1.071328882612151;0.0564042099002869;;;;;
5072;4.335602493173446;1.0;0.6107580210681897;0.9662746335479095;0.027134956437346043;;;;;
5073;4.492478051873706;1.0;0.7417674357639493;1.2455315938752807;0.024283909245554212;;;;;
5074;3.947148684283679;1.0;0.5695827551489018;0.8655341815706686;0.04283077528252584;;;;;
5075;3.927432600171782;1.0;0.3748475208878752;0.531161660817962;0.031595259065191846;;;;;
5076;3.8621192778973272;1.0;0.6334035972440674;1.002625993761981;0.06367336142700725;;;;;
5077;3.4075388905390067;1.0;0.4730042769455805;0.6987264253360544;0.06994886627791218;;;;;
5078;4.312698219321276;1.0;0.46374823642736274;0.6674000423366426;0.019227780645448823;;;;;
5079;3.2049143091754453;1.0;0.2931104310289067;0.4062664509612691;0.04623648227559645;;;;;
5080;4.188866612263517;1.0;0.6593694736344305;1.0203851082396944;0.0372678306670436;;;;;
5081;3.926370277063492;1.0;0.3064812359815522;0.4459054504035601;0.02081128569614981;;;;;
5082;3.974137002966132;1.0;0.6164186008000955;0.9514106524578072;0.0568308145414451;;;;;
5083;4.246476422842886;1.0;0.6236836757001584;0.9499773969050112;0.03198545715742145;;;;;
5084;3.6894787100070485;1.0;0.378970974992757;0.5516873645375003;0.03815638018870837;;;;;
5085;1.9788408418598977;1.0;0.19832209294336514;0.27276282889194586;0.051039629089638064;;;;;
5086;4.250532506838086;1.0;0.6877357666124113;1.1123846123106271;0.04161850982228677;;;;;
5087;4.175947540202936;1.0;0.4051900525305666;0.6011096318225475;0.01930678619207975;;;;;
5088;4.55392636837303;1.0;0.7984356328484661;1.3005442332951973;0.013332848225043223;;;;;
5089;4.550587651876912;1.0;0.7764178253498148;1.3000317489880004;0.015696352703912043;;;;;
5090;3.516810956719034;1.0;0.45672350893508906;0.662817521796576;0.03635050884211902;;;;;
5091;4.3300309235809;1.0;0.4703011206330809;0.7036567037368824;0.020882401602553457;;;;;
5092;4.146746787428277;1.0;0.6766001076705138;1.0625671234094949;0.04474755502004451;;;;;
5093;4.067832935431962;1.0;0.6912428213849823;1.0729582085381428;0.050500088336021175;;;;;
5094;4.04384483769722;1.0;0.6180233540501132;0.9478533907790874;0.04583130924488276;;;;;
5095;3.896760116991061;1.0;0.6495376890563733;0.9948148550782191;0.05907367905847995;;;;;
5096;4.352999091544987;1.0;0.6137578787310825;0.9110767939052228;0.027463726919356706;;;;;
5097;4.070343817465343;1.0;0.26691784658348783;0.37536527062391783;0.016490782295839057;;;;;
5098;4.333280174304885;1.0;0.4878724107399134;0.7389818054498531;0.022122658258105013;;;;;
5099;4.248080737999627;1.0;0.6875351834744078;1.1133422858930506;0.034673227110219015;;;;;
5100;4.416330140941975;1.0;0.7200664687674619;1.1544064479028986;0.026678176754797372;;;;;
5101;4.446016643512982;1.0;0.6664853990031232;1.0566946193755637;0.023094703721738434;;;;;
5102;3.996196937483055;1.0;0.6059998975785476;0.9589145285292252;0.055735414003102265;;;;;
5103;4.412312322034181;1.0;0.8066053212260869;1.316047192082155;0.029204328464843936;;;;;
5104;3.5830494971640268;1.0;0.6287953876939982;0.9252243224438338;0.03908915470868271;;;;;
5105;4.268875789068336;1.0;0.7129504412498097;1.1636691768869687;0.0349552734595057;;;;;
5106;4.253905383326988;1.0;0.586096971767272;0.9164576792660196;0.03420832481823784;;;;;
5107;4.252395505593301;1.0;0.6796977846290355;1.0361076171686507;0.02756796400983161;;;;;
5108;4.441180300779315;1.0;0.7279834833285748;1.170269391115255;0.02307121902103553;;;;;
5109;4.221725096183521;1.0;0.5656188027178481;0.849424950470252;0.03351000017060939;;;;;
5110;4.266881134350418;1.0;0.6568062522383098;1.0310238576561521;0.04226003211706205;;;;;
5111;4.402638279705923;1.0;0.7605176652580964;1.2503405450214247;0.036583747240719416;;;;;
5112;2.5469087811453592;1.0;0.40627010716267675;0.5982036492219823;0.041553286821016625;;;;;
5113;3.8002322248196463;1.0;0.34766771794604984;0.4947931005461057;0.00818890505741137;;;;;
5114;3.420887039340057;1.0;0.49805243268374966;0.6678110520617692;0.06384371415343336;;;;;
5115;3.5708344670764003;1.0;0.3591074480413585;0.5146857923620789;0.0444328572892548;;;;;
5116;4.150317820145838;1.0;0.6592521293145358;1.039943915943159;0.037035856806339786;;;;;
5117;4.083145814640675;1.0;0.5286400072458861;0.8093451117853663;0.03895666459596309;;;;;
5118;3.8858212116045268;1.0;0.4754770943747362;0.710256434665814;0.04167418191969834;;;;;
5119;3.86264022387786;1.0;0.6880636047181854;1.0895347845056453;0.07873739240994138;;;;;
5120;3.9785927170578996;1.0;0.40838440890404826;0.5938383900296975;0.030057234217425177;;;;;
5121;4.515147293139998;1.0;0.666295916290914;1.0603396875754716;0.015590184466767965;;;;;
5122;4.380315935658176;1.0;0.7636383905736887;1.243681273689702;0.032626534967187384;;;;;
5123;3.5772756044986864;1.0;0.4208355162579149;0.6121166308274187;0.045356405896131706;;;;;
5124;4.13674650259401;1.0;0.705038460188401;1.1466640309856913;0.03887544597448519;;;;;
5125;3.224928934808;1.0;0.45431852541245515;0.6638881195210672;0.05543236768655586;;;;;
5126;3.9720337215823247;1.0;0.45226305890026014;0.6552726970943089;0.031859564228639;;;;;
5127;3.724815324581954;1.0;0.642059153826337;0.9636090963386684;0.07611407868857623;;;;;
5128;4.085471318727791;1.0;0.6044577082609585;0.8756132768812493;0.05419929801365984;;;;;
5129;4.427941178768364;1.0;0.6787972051979985;1.0996785469198822;0.034189679809076376;;;;;
5130;4.4986290119836605;1.0;0.7714245478032139;1.2516707408806607;0.024965657028671047;;;;;
5131;4.011770289336104;1.0;0.32195440357044536;0.44648944319574674;0.024534579605376312;;;;;
5132;3.776343688410029;1.0;0.623274146586759;0.9414885053875749;0.07321062221541996;;;;;
5133;4.244101162467887;1.0;0.5455678374155962;0.8096621741548434;0.03364881396802767;;;;;
5134;3.9287928751449734;1.0;0.6126234856239415;0.9009484356498727;0.0692817800462315;;;;;
5135;3.9751707557375386;1.0;0.6102274351212169;0.9325828299209186;0.06298759659504823;;;;;
5136;4.3026634342761865;1.0;0.5910897673688763;0.9067742997837229;0.037146775535735914;;;;;
5137;3.872376202342886;1.0;0.5619725731645447;0.8288692694465775;0.03609455860050632;;;;;
5138;4.478352070304322;1.0;0.7421943724546394;1.1252798022369406;0.02270271398862703;;;;;
5139;3.7996746002203228;1.0;0.5023240591548431;0.6697438992192271;0.05141811139825347;;;;;
5140;4.306949510647894;1.0;0.6112126132411535;0.937553555730481;0.03360924330469294;;;;;
5141;4.447567309118011;1.0;0.6527076737933287;0.9842295893568066;0.01833130755190461;;;;;
5142;4.33039878708882;1.0;0.5876068222721532;0.8686828311657012;0.033827583135320714;;;;;
5143;4.121442890677454;1.0;0.6000233718369313;0.8853726202267732;0.04165769618647609;;;;;
5144;4.3376874970894415;1.0;0.5464476910709833;0.7876289757056715;0.03091327483707422;;;;;
5145;4.265086316910111;1.0;0.5942550092502591;0.8912432771451357;0.03820705650304182;;;;;
5146;3.99955273536887;1.0;0.6641815535023512;1.0501488785955013;0.059096671390443466;;;;;
5147;3.8688751806858726;1.0;0.6502795628808606;1.0351484214387174;0.07184023381903715;;;;;
5148;4.482919448577008;1.0;0.7073147333813172;1.1291987401369572;0.021717067307330116;;;;;
5149;4.011678678890978;1.0;0.6299800222365701;0.9767979713897776;0.057260265254974456;;;;;
5150;3.358768654578947;1.0;0.5928065360072375;0.8773053271759217;0.04590040596681078;;;;;
5151;4.174364696938707;1.0;0.6757063180251797;1.0683097597959648;0.04762481614938773;;;;;
5152;4.343893781671922;1.0;0.562680465456813;0.8394590381168179;0.020178381925693257;;;;;
5153;4.0587691695026145;1.0;0.5797580716250023;0.8341911132179046;0.04898094496038334;;;;;
5154;3.973689937727418;1.0;0.672584148726272;1.0571878560668584;0.03198511454846393;;;;;
5155;4.23283186673889;1.0;0.5951345191539399;0.9083657342196055;0.039149326287690016;;;;;
5156;3.6482718755763432;1.0;0.6086821011335958;0.82597192750969;0.0695846829233802;;;;;
5157;4.26659167587182;1.0;0.5632272259551103;0.8328073331126085;0.040690888910166194;;;;;
5158;3.943434327258505;1.0;0.688464740540483;1.0468580150115148;0.06878587373941594;;;;;
5159;4.397133543709213;1.0;0.6441909334809799;0.926877290605957;0.023490707821865246;;;;;
5160;4.315686613934552;1.0;0.7416483421477201;1.2055076063864316;0.035282090588443976;;;;;
5161;4.1468227349400975;1.0;0.6787143056857614;1.0686287460435067;0.051519293774163206;;;;;
5162;4.202733802908142;1.0;0.6418849316978068;0.9980771710096081;0.03863781537631037;;;;;
5163;4.314302627772426;1.0;0.4989299688401088;0.7323958183351946;0.018857334150442353;;;;;
5164;3.9799766807029187;1.0;0.6283058064723409;0.9342652496481934;0.04271829985796044;;;;;
5165;4.269889701132419;1.0;0.5867454516667135;0.882259882450902;0.03182264274640585;;;;;
5166;4.237892853399862;1.0;0.6017766800473326;0.9351879567642717;0.03520570199034443;;;;;
5167;4.030550695974992;1.0;0.6753992603436642;1.1226436359423677;0.05134347856817921;;;;;
5168;4.079949278923532;1.0;0.6721943812724573;1.099450295297917;0.04836616905417688;;;;;
5169;4.094881455747499;1.0;0.6045683335591688;0.9432431857778392;0.04708806428496228;;;;;
5170;4.328055857761825;1.0;0.5967800701522687;0.872615560734608;0.02356789454900128;;;;;
5171;4.393139503619894;1.0;0.6780555742591026;1.0877302107091251;0.024978865751561923;;;;;
5172;4.496783929209489;1.0;0.7794373619870683;1.3107687154745697;0.03104053830396354;;;;;
5173;4.4190281333589905;1.0;0.5753440361616042;0.868191683353148;0.021948827051665117;;;;;
5174;4.016955207090909;1.0;0.6950917525434713;1.1247253579043226;0.05497172788124829;;;;;
5175;3.9951080899495444;1.0;0.6775651694028308;1.0698772323183963;0.04851622987402858;;;;;
5176;3.8267153870944934;1.0;0.595949506209824;0.8931011442565835;0.054516710228189345;;;;;
5177;3.8305024734929995;1.0;0.606917357555981;0.8886190901436702;0.04472432487988419;;;;;
5178;4.527331519901081;1.0;0.7934593869248668;1.3597326085638444;0.02198457335492148;;;;;
5179;4.483965508213547;1.0;0.6143777432144909;0.9825996011788766;0.013199939058876675;;;;;
5180;4.3675292411213595;1.0;0.5347985655890162;0.8214523656670568;0.018657170820049283;;;;;
5181;3.7828375723999925;1.0;0.6568149935894643;1.0028518833644122;0.057678624662278695;;;;;
5182;4.477366353860889;1.0;0.7015088981517825;1.1513835192944386;0.01801392363439316;;;;;
5183;4.186828391059901;1.0;0.5606457947040806;0.8285959778493124;0.031820015094138496;;;;;
5184;4.0349943393961984;1.0;0.683687912504126;1.1247897062209085;0.042731048198629;;;;;
5185;4.523165260989501;1.0;0.7204618751817493;1.1730633874522918;0.01651138716908585;;;;;
5186;4.184869911729812;1.0;0.66315457525969;1.0245570914023434;0.02747289087392455;;;;;
5187;4.441460415783262;1.0;0.5475444946594487;0.8423825107910496;0.008672953437675702;;;;;
5188;4.318107632652342;1.0;0.7114094574675293;1.1629356161387692;0.03070433844659134;;;;;
5189;3.955593298855768;1.0;0.6795095722759688;1.0501940834495374;0.0426947030868373;;;;;
5190;4.145153512035421;1.0;0.6597551292769296;1.0863246553033152;0.04375356203364069;;;;;
5191;4.051886752284755;1.0;0.6761182900116876;1.0667812292929568;0.033903034524462985;;;;;
5192;4.153652628462209;1.0;0.6297981875904791;0.9815573869017373;0.03896329388858042;;;;;
5193;4.089360123973221;1.0;0.6324743755268851;0.9949009754132205;0.03663617032328817;;;;;
5194;4.507253049939414;1.0;0.7323175512012063;1.193116752242363;0.011545951018428622;;;;;
5195;4.356877217939218;1.0;0.78853242478374;1.3254404818799086;0.028705068405522886;;;;;
5196;4.305071047747712;1.0;0.687933802398262;1.0675726695387555;0.024522208434803783;;;;;
5197;4.086217904820954;1.0;0.6400049211429516;0.9359118397440752;0.0323803185223549;;;;;
5198;4.34631621763458;1.0;0.7523880579162667;1.2497079791558208;0.03395895836664938;;;;;
5199;4.2227741662635045;1.0;0.6119617819200682;0.9600163035386508;0.037604735225186585;;;;;
5200;4.233751293797516;1.0;0.6766709468788601;1.0806344985066085;0.033191974613300056;;;;;
5201;4.2503071485818955;1.0;0.4785872479632934;0.668101394474533;0.02454320001705816;;;;;
5202;4.361465778148572;1.0;0.6998934632702098;1.1298609530665713;0.026597352355125104;;;;;
5203;4.176106593403645;1.0;0.6748105415642259;1.0203232574976213;0.02900139997702399;;;;;
5204;4.159474566969197;1.0;0.6718303946644839;1.0984490920277235;0.03914726334439114;;;;;
5205;4.047579465352335;1.0;0.5914078342488652;0.8414178420103678;0.036531671261410666;;;;;
5206;4.435043323549563;1.0;0.6204725173373771;1.0034088996010526;0.01898294709452692;;;;;
5207;4.404626234441392;1.0;0.6303675336625417;0.9808682377621112;0.021814196387807797;;;;;
5208;3.9790108695018005;1.0;0.6544283318235968;1.032362890364615;0.04578670098179929;;;;;
5209;4.087268886595421;1.0;0.6071958407531499;0.9237810960862802;0.043824789218726214;;;;;
5210;3.856137959143757;1.0;0.7025405772479175;1.1396928750926654;0.052016465718271294;;;;;
5211;4.374807583248943;1.0;0.5990695493970762;0.9556092989494239;0.020232050972122616;;;;;
5212;4.346945880674568;1.0;0.5194399502446249;0.7396556324987855;0.020518034048682285;;;;;
5213;4.205051316413737;1.0;0.5575488911030637;0.8725128643081315;0.031250397443306537;;;;;
5214;4.492862317808408;1.0;0.661958486515138;1.0570862793083975;0.017423865316559574;;;;;
5215;4.3722257780036315;1.0;0.614459732725929;0.9247983308369152;0.023192291124444063;;;;;
5216;4.121687450415619;1.0;0.6390803225849572;1.0298190755398864;0.039049625725794714;;;;;
5217;4.208199036654457;1.0;0.6959037603025816;1.1357566114552038;0.040918569067583704;;;;;
5218;4.249511021690645;1.0;0.6700292899900756;1.062174224803862;0.02971372103007344;;;;;
5219;4.410512090251511;1.0;0.6565389584939045;1.0777815562596629;0.03430859103371199;;;;;
5220;3.82874431413258;1.0;0.6034881018891819;0.9828794330226237;0.046602075566851794;;;;;
5221;3.9289002158574076;1.0;0.5996359446209657;0.9151173583521399;0.043139399628806474;;;;;
5222;4.255646939929968;1.0;0.6218022396751;1.0063126276166119;0.032030955950047006;;;;;
5223;4.244894781616844;1.0;0.6014942993454473;0.9337147104446891;0.03261538540953049;;;;;
5224;4.506150274521993;1.0;0.7768245941856766;1.3199663149932948;0.02901557580517918;;;;;
5225;4.525067167081701;1.0;0.7649821150286253;1.2773686821794479;0.018189086744095796;;;;;
5226;3.760204608317071;1.0;0.5307718414398598;0.8188011814055305;0.046240436367564905;;;;;
5227;4.439629433248117;1.0;0.69840870009899;1.1070438145758528;0.02622462259473548;;;;;
5228;4.518537700326817;1.0;0.7830779279971379;1.3347408192527268;0.022828092576111254;;;;;
5229;4.382087922581215;1.0;0.6521362186387395;1.0615660920760166;0.025490472773723436;;;;;
5230;4.366162712868471;1.0;0.5429201821141489;0.7879416302141486;0.020095714780053297;;;;;
5231;4.445394952869187;1.0;0.641164254792905;1.0828023566474683;0.021934723681682818;;;;;
5232;4.382982499926026;1.0;0.6423476090764284;1.0118027838201784;0.028116100300386835;;;;;
5233;4.323146681740538;1.0;0.752349808051643;1.2245730396136547;0.03592228513183373;;;;;
5234;4.429368034933601;1.0;0.6004706622961677;0.9577100094956168;0.015642040953131858;;;;;
5235;4.057905949862643;1.0;0.611528891821105;0.9487138764278202;0.04627564053411893;;;;;
5236;4.059326401175813;1.0;0.676285458064765;1.1084347489032167;0.05263401642958138;;;;;
5237;4.311204532932605;1.0;0.6707431293709802;1.0721420387294491;0.03315554478755656;;;;;
5238;4.408246965812153;1.0;0.6439688286546708;1.06760481534744;0.0304142232078095;;;;;
5239;4.397163381679563;1.0;0.7829277067931311;1.35602290230547;0.04189386688489372;;;;;
5240;4.198668689168539;1.0;0.63675276968909;1.0269522338501667;0.05101394693640462;;;;;
5241;4.322458087643056;1.0;0.6970127875364025;1.1541847499162867;0.029865698924346366;;;;;
5242;4.505957089161807;1.0;0.7203672586520001;1.253038099985664;0.022739343607278757;;;;;
5243;3.980760855017977;1.0;0.6673451467522704;1.0838304711077373;0.05593350578986894;;;;;
5244;4.315513922739902;1.0;0.4775092799791949;0.7224754487641596;0.01948982788558029;;;;;
5245;3.9597427345890646;1.0;0.5149463040986848;0.684018243511092;0.04845155950850984;;;;;
5246;4.488703856991688;1.0;0.6807596280463989;1.1163348248204965;0.0179706701032894;;;;;
5247;4.375079340968888;1.0;0.5008545052525706;0.743726738655169;0.014411261056489726;;;;;
5248;4.188739513119215;1.0;0.6547961051420923;1.1159398838086403;0.035598747806239825;;;;;
5249;4.403217821362397;1.0;0.6171958747457521;1.015667551128481;0.020547466989295094;;;;;
5250;4.371556414223459;1.0;0.7028675907386812;1.215259097045067;0.03422780516782987;;;;;
5251;4.352640416516313;1.0;0.6105490757456254;0.9986061672625893;0.030591026416953864;;;;;
5252;4.4446261632854185;1.0;0.547335454493311;0.8890729968649734;0.014567527434999802;;;;;
5253;4.519997510067641;1.0;0.7386333311093967;1.3073669523202043;0.026967157927476487;;;;;
5254;4.26758294667513;1.0;0.7560271176338857;1.2717996918292507;0.044193483646649434;;;;;
5255;4.10334005233162;1.0;0.57890205116681;0.9292636916240893;0.03967648545680806;;;;;
5256;3.960228167813157;1.0;0.6179039208223708;0.9817545986923066;0.04899434616876697;;;;;
5257;4.335083912909764;1.0;0.7671719340288992;1.3238281737504312;0.04747437767432297;;;;;
5258;4.2302194146344325;1.0;0.6936309629904586;1.178049144320059;0.04172914631915429;;;;;
5259;4.026692854273516;1.0;0.6372874640196529;1.0347773056018417;0.046835302313474915;;;;;
5260;3.8890640004746966;1.0;0.6280240693619555;1.0170023839261262;0.05136006043707473;;;;;
5261;4.420517005469561;1.0;0.6215689183154915;1.0346337003740647;0.021164683029919997;;;;;
5262;4.311257653427097;1.0;0.4355739480306308;0.6432084307427233;0.01957844165270325;;;;;
5263;4.460433817363998;1.0;0.6769019760088922;1.1502424067164263;0.023963416248757557;;;;;
5264;4.075940701588366;1.0;0.6560442193201341;1.0956501065329813;0.054789625788330125;;;;;
5265;3.9503341352672443;1.0;0.5829618280451909;0.927706728238677;0.05082464447033655;;;;;
5266;4.142852550931158;1.0;0.6702569219441361;1.1425681855813796;0.046391282233405357;;;;;
5267;3.5298227261064175;1.0;0.6107078757798146;0.9764084762514299;0.041127535467003096;;;;;
5268;4.238190637491799;1.0;0.577145111431964;0.9685257645199796;0.04242777646930447;;;;;
5269;4.421990694079821;1.0;0.7130392668436822;1.258681486417276;0.028070690970955693;;;;;
5270;4.259024707592602;1.0;0.38775548045121255;0.5814268947583129;0.024557762646107352;;;;;
5271;4.12771244602703;1.0;0.6028337975696934;0.9969047982159528;0.048122923515434804;;;;;
5272;4.039855835645539;1.0;0.6149128181086958;1.0221867814358814;0.05719404487983436;;;;;
5273;4.443186940201201;1.0;0.6296763194242389;1.0662035517357586;0.017406431933940106;;;;;
5274;4.047930173050853;1.0;0.6512957962631982;1.093799001633944;0.06215348278921026;;;;;
5275;4.517816271350589;1.0;0.7697851450350457;1.324933125023079;0.02961583517797812;;;;;
5276;3.9343179092589304;1.0;0.617532317608525;0.9731358884034548;0.04518303422247686;;;;;
5277;4.254473742052946;1.0;0.592551918154906;0.9901399722519345;0.03706119491130339;;;;;
5278;4.177517741363646;1.0;0.6395408235381947;1.0651957626962938;0.05039396206816979;;;;;
5279;3.813753123848856;1.0;0.5790777497349453;0.8874074599762208;0.05566661181334866;;;;;
5280;4.346656309669292;1.0;0.7287855647587795;1.2452093097007926;0.03141032409532938;;;;;
5281;4.337432622692184;1.0;0.4885426440048449;0.7629513646947628;0.020741134872880304;;;;;
5282;4.4236872506343845;1.0;0.5231550321095391;0.8155033947465798;0.01784490376104208;;;;;
5283;4.251193540048291;1.0;0.6500502047436186;1.10318295814011;0.0444454574894542;;;;;
5284;4.069881934738463;1.0;0.50170220747455;0.7217352229322499;0.03716797274969095;;;;;
5285;4.255094119641058;1.0;0.5531446611672346;0.8676756406412338;0.03464348818280253;;;;;
5286;4.103416453579699;1.0;0.6250691297461116;1.0657437010651318;0.045960193980251404;;;;;
5287;4.197026619314895;1.0;0.5044102020261437;0.7352454506533502;0.024950257138972195;;;;;
5288;4.138633357172012;1.0;0.6402747062397189;1.0646334068588574;0.039171349554642645;;;;;
5289;4.204811403919952;1.0;0.4706970400815634;0.6632205753574649;0.025908598709628715;;;;;
5290;3.8951804556518472;1.0;0.6161749771249134;0.9423952438927642;0.04311850450145251;;;;;
5291;4.365854184472802;1.0;0.49123720621972433;0.6975943545802853;0.019201105960362442;;;;;
5292;4.243280511450228;1.0;0.7691169840154374;1.3134480454148119;0.05321509934117825;;;;;
5293;4.336316571569499;1.0;0.6304794514648752;1.0406246889163666;0.03184314425266553;;;;;
5294;3.277667309561177;1.0;0.6877317698919415;1.1150825397474464;0.05247954739362698;;;;;
5295;3.9791911555974626;1.0;0.6419443368768167;1.0388245031242234;0.04539652451917049;;;;;
5296;4.426228084715138;1.0;0.6354146199511094;1.0584466115929014;0.017424521336460462;;;;;
5297;4.256574699260327;1.0;0.5538992701950601;0.8510586274366364;0.03756360246463737;;;;;
5298;4.178492834023922;1.0;0.6434679804661847;1.1087617562654712;0.03955573279984363;;;;;
5299;4.283124646717217;1.0;0.4320839452308122;0.6030106104786929;0.014508692364098099;;;;;
5300;4.462739770865175;1.0;0.5555786647649383;0.9142711298075652;0.013688507660475031;;;;;
5301;4.241022882198774;1.0;0.582069204150463;0.9043480607290774;0.024008658579874994;;;;;
5302;3.9530655668306878;1.0;0.627916680918205;0.9951768683601853;0.05066417060772406;;;;;
5303;4.006760122468209;1.0;0.6161169109534407;0.9536011500945366;0.044687351990877394;;;;;
5304;4.4887323108054105;1.0;0.7918078074394769;1.372541458862641;0.025601056301947974;;;;;
5305;3.9689595209488515;1.0;0.5502977015143087;0.7781486200726225;0.036647108902038816;;;;;
5306;4.497003092141341;1.0;0.637630695230961;1.1168612250046355;0.015421484769904523;;;;;
5307;4.431976068372078;1.0;0.7868668135298871;1.358787158227359;0.02607139175189815;;;;;
5308;4.305207827309967;1.0;0.4908846839991092;0.7687867212357526;0.019506821716807853;;;;;
5309;4.178102842903133;1.0;0.6153581782339359;1.0299536084469023;0.030728477714679906;;;;;
5310;4.3573939050319055;1.0;0.5738830538570441;0.957752110073328;0.017229510402965383;;;;;
5311;4.197165173881896;1.0;0.6162817096494798;1.0497259031752426;0.03162132118093232;;;;;
5312;3.9306273787692834;1.0;0.650170362002375;1.087187434488213;0.05043720046060153;;;;;
5313;3.7373894164867956;1.0;0.6308618542336214;1.026616062442431;0.0656893716093713;;;;;
5314;4.166429833281229;1.0;0.561338845376801;0.8862837591077066;0.03908580789832738;;;;;
5315;4.293321761783782;1.0;0.7433397071666638;1.3061297769386524;0.04106175442507633;;;;;
5316;3.9303151150078843;1.0;0.544576440432387;0.8425378243810212;0.06046110667893965;;;;;
5317;3.8620659458182613;1.0;0.5231464399356845;0.7781235262882553;0.055866976096486935;;;;;
5318;4.433465175860709;1.0;0.6775375729303644;1.1697099360591878;0.017072493383055286;;;;;
5319;4.403629096133489;1.0;0.7577911481138951;1.3525893363843136;0.04452812934045833;;;;;
5320;4.359837363804139;1.0;0.45173445791139;0.7035473676265771;0.016843935693424232;;;;;
5321;4.325276689069526;1.0;0.6715473143425089;1.1769370364513152;0.026717794078129475;;;;;
5322;3.8412471904435117;1.0;0.6290384180778468;1.0131133175844818;0.05895305215359654;;;;;
5323;3.9970973434859687;1.0;0.5474724554610957;0.8775398217487533;0.03013168650598706;;;;;
5324;4.494491248703519;1.0;0.673650329374127;1.1536897989407395;0.017823043188561826;;;;;
5325;4.216114136526739;1.0;0.5395653238719954;0.8576323422475068;0.03670603205175733;;;;;
5326;4.261606325414286;1.0;0.6806660895223179;1.1737355329100445;0.041895036375129174;;;;;
5327;3.810485697943605;1.0;0.42340197531513424;0.6529588017316722;0.04291112970532075;;;;;
5328;4.187939650612821;1.0;0.5896366511451723;0.9529639442529162;0.040522831944830286;;;;;
5329;3.857622959750498;1.0;0.7167019219884588;1.2173849018316307;0.058627856956433126;;;;;
5330;4.069155224882739;1.0;0.3979503161419265;0.6320047395288109;0.03190102200626166;;;;;
5331;4.294704795087131;1.0;0.7051268120590798;1.2265038560990686;0.03336775265722068;;;;;
5332;3.993973017961533;1.0;0.6452822495430613;1.0942610396788186;0.0567594020574002;;;;;
5333;4.335490781649356;1.0;0.5950619442443656;1.019039292302639;0.030393057720823912;;;;;
5334;4.354988473566635;1.0;0.6511649391171319;1.1161582247543855;0.033027096251943694;;;;;
5335;4.185932613101682;1.0;0.5387289712151364;0.8195254204553475;0.02049970899893402;;;;;
5336;4.0125114902843615;1.0;0.6292679478725388;0.988700367749883;0.04659811507892618;;;;;
5337;4.471667872055211;1.0;0.680302715761255;1.1970914156804133;0.02713816996308634;;;;;
5338;4.302153028214875;1.0;0.5817065107916182;0.9490611764319256;0.02645198325255747;;;;;
5339;3.895292967185517;1.0;0.5966728075087151;0.9046481996054864;0.04175427632917363;;;;;
5340;4.034826739262292;1.0;0.7570099203163118;1.3027014898608031;0.06084044426228921;;;;;
5341;4.289185301787438;1.0;0.6144418367632452;0.9818176928519017;0.026798254473267807;;;;;
5342;3.9251885691856443;1.0;0.624140981442772;1.0029859439099735;0.048186324057506634;;;;;
5343;3.8458961792739617;1.0;0.5744945818484474;0.9329938336446343;0.026474294024163115;;;;;
5344;4.361920339365601;1.0;0.5234773007624091;0.837996054873095;0.020078864009733726;;;;;
5345;3.865455397011083;1.0;0.6640320796694522;1.1268000501613848;0.053279412938234516;;;;;
5346;4.0362636237423;1.0;0.5858143007442348;0.9631597386761614;0.04606132021984547;;;;;
5347;4.505702656616666;1.0;0.6741416762419964;1.1795212949647886;0.0198342051040687;;;;;
5348;4.073566138759329;1.0;0.568451763821752;0.8866620992796566;0.03421280835796895;;;;;
5349;4.2573469710021525;1.0;0.4864622412858589;0.7789516729247935;0.02428491879285028;;;;;
5350;3.900263746659889;1.0;0.7005456261762385;1.1914341841508216;0.06724949530899148;;;;;
5351;3.828999288885884;1.0;0.5804728754111775;0.9290006840266257;0.05594141511186657;;;;;
5352;3.902853294200191;1.0;0.6257303094394056;1.0296539285752166;0.05610259655695339;;;;;
5353;4.254626793265958;1.0;0.5704001973830476;0.9257696601479029;0.022236539455188553;;;;;
5354;4.221097300030531;1.0;0.6369515979741435;1.08934872659236;0.042895273112229196;;;;;
5355;4.472687158162078;1.0;0.7919312702187322;1.3829284490864373;0.03683078130458882;;;;;
5356;4.0023010047105165;1.0;0.6572599474884291;1.116286543845116;0.057577122399984366;;;;;
5357;4.372425371033845;1.0;0.7509738390756902;1.2943963020021916;0.03341281226552643;;;;;
5358;3.6590001397981515;1.0;0.39246601530116443;0.6228670693797151;0.03570765550825795;;;;;
5359;2.071147724193734;1.0;0.4940364044210154;0.8000080296553491;0.048430567488535595;;;;;
5360;4.2855007454596805;1.0;0.6270440645134493;1.0394717800254976;0.0361747540138628;;;;;
5361;4.146931901516976;1.0;0.6413797336007382;1.0760456855031035;0.04471503699684588;;;;;
5362;4.019690970307971;1.0;0.6069589021271298;0.9856051779361883;0.06176150061309597;;;;;
5363;4.183867923356312;1.0;0.637540192270253;1.0727085689270177;0.05103583697021853;;;;;
5364;4.338637020788412;1.0;0.605116923815526;0.9953143164256455;0.03016020115084252;;;;;
5365;4.397024792971365;1.0;0.5564177036549944;0.8630892370469473;0.02094690694082614;;;;;
5366;3.798271464356101;1.0;0.39814175739805513;0.6238747358964403;0.008802686727673972;;;;;
5367;4.194967789497069;1.0;0.6401843265889992;1.061246179899432;0.03907003382752606;;;;;
5368;3.944523648973833;1.0;0.4071594776492718;0.6181268813201783;0.03518749821672689;;;;;
5369;4.0104817549126235;1.0;0.6237737764342435;1.0320672701139673;0.07186229961020625;;;;;
5370;4.237627560324546;1.0;0.6886717458291475;1.1879487693686384;0.041669610145226396;;;;;
5371;2.5348859174723755;1.0;0.6350613549283384;0.9631000550149863;0.05462960125485162;;;;;
5372;4.442465322483413;1.0;0.6209018285315613;1.0113869200957235;0.01903830083566455;;;;;
5373;4.2934043996499325;1.0;0.5233804012142076;0.7943399675920036;0.03361019637294776;;;;;
5374;3.9179878950675704;1.0;0.398503975160538;0.6249188987578848;0.03808694954560834;;;;;
5375;3.854940506391624;1.0;0.49293006551569607;0.7812090235421965;0.04924609136252802;;;;;
5376;4.394893836027452;1.0;0.5138430893990633;0.7726965953470981;0.020744613222342185;;;;;
5377;4.251978365543812;1.0;0.4855233216750219;0.7259799922896799;0.025917561203145523;;;;;
5378;4.112850046675521;1.0;0.6967926477690278;1.1851346606046194;0.058889800550040686;;;;;
5379;3.976492331424035;1.0;0.5003915685672883;0.7803548166841073;0.04632710852324807;;;;;
5380;4.203029196850782;1.0;0.6792324795938055;1.160060941963465;0.04334684249208153;;;;;
5381;4.358177653908383;1.0;0.6793114844072706;1.0569677906763402;0.02698418244716286;;;;;
5382;4.182610900535554;1.0;0.4317995958934702;0.5842021230922411;0.023398739841600156;;;;;
5383;4.43055240908432;1.0;0.6756345935964789;1.0914831481154446;0.03176893012821201;;;;;
5384;3.790647340671178;1.0;0.6092840311211062;0.8974324889467912;0.06758717707246271;;;;;
5385;3.93637293352474;1.0;0.4979833983875215;0.7817997541604044;0.04769068383125387;;;;;
5386;2.86011597060867;1.0;0.48913201416097213;0.7665865756525249;0.05815432684858982;;;;;
5387;4.414892390626604;1.0;0.620930352004993;1.0218175265593261;0.01822415361384525;;;;;
5388;4.446802871306068;1.0;0.603116096561817;0.9623497732070281;0.010233004433704986;;;;;
5389;3.7158254693311514;1.0;0.4483592534561711;0.6633251585781801;0.048579454959680565;;;;;
5390;3.855403970062686;1.0;0.40730435496494116;0.5646896688282703;0.028763304326626656;;;;;
5391;3.6249247875235993;1.0;0.4389968338654369;0.6107882399699904;0.05573772999927038;;;;;
5392;4.189535496935313;1.0;0.6980938817962198;1.1747530625513367;0.0432969484654601;;;;;
5393;4.429403423172335;1.0;0.5724498673260148;0.8708582054960313;0.01767659362202955;;;;;
5394;4.152850218668723;1.0;0.6553009343551628;1.0074735074605317;0.036390352870187444;;;;;
5395;4.3292544392004615;1.0;0.5337298031551834;0.7731281120714649;0.02139219806950704;;;;;
5396;4.246673248023015;1.0;0.7567681519401972;1.2823487726879588;0.0420026423950172;;;;;
5397;3.9326430201746416;1.0;0.2789452903009006;0.3587594236074077;0.016422088800432586;;;;;
5398;4.066866820626025;1.0;0.37462003336863225;0.5311266148202783;0.02399854880052663;;;;;
5399;3.885953614365122;1.0;0.4634217325145267;0.6750417964311832;0.04878217181417064;;;;;
5400;4.346700747583483;1.0;0.6325197217290461;1.031870768565016;0.026735581595649264;;;;;
5401;4.367195378975589;1.0;0.4928411050502153;0.7234421400121531;0.01746194259922937;;;;;
5402;3.496987519397986;1.0;0.3929968324085241;0.5729310679046892;0.04572134799148466;;;;;
5403;4.213183369278405;1.0;0.5837084761703076;0.8504431822177394;0.034566908882336454;;;;;
5404;4.138152415536457;1.0;0.6429111928390081;1.0460486990177857;0.04641777114542497;;;;;
5405;4.191900898183453;1.0;0.6009898128550824;0.9833084808296738;0.049972245887640813;;;;;
5406;3.9943461958217013;1.0;0.3678505082008009;0.5253630892910108;0.014850867320499473;;;;;
5407;4.117508056907947;1.0;0.7203754979954677;1.1888437522383821;0.051897118912147426;;;;;
5408;4.2978028856760115;1.0;0.5615675273714659;0.8520837154041193;0.021744321714956976;;;;;
5409;4.513066155596032;1.0;0.7333733488735854;1.2584822137378688;0.029309500072719798;;;;;
5410;4.181113763857581;1.0;0.6088116365286199;0.9534470284400266;0.05451931316967627;;;;;
5411;3.4750837756887174;1.0;0.4515240170133256;0.6274474179677172;0.04588911801053305;;;;;
5412;4.199859816369255;1.0;0.5536764316516911;0.8708706934736535;0.03523990681111956;;;;;
5413;4.4823913442554355;1.0;0.7830594850703642;1.3328123731824526;0.025726189098784335;;;;;
5414;4.1733805056842845;1.0;0.60255027186156;0.9426791639358245;0.03640996013762664;;;;;
5415;4.162932749819861;1.0;0.5617548813850006;0.8535485391057299;0.0532298010844172;;;;;
5416;4.1977927727124325;1.0;0.6192127648581218;1.0173284809314447;0.044989853805307976;;;;;
5417;4.3853394480838155;1.0;0.7577074064501388;1.30422411071341;0.05309623866231248;;;;;
5418;4.193232600379555;1.0;0.6555035862721826;1.0631722002664439;0.04961594662386028;;;;;
5419;4.073944882887764;1.0;0.43026780243691976;0.6578331475801513;0.03547837713619653;;;;;
5420;4.151229694458843;1.0;0.44532303953130564;0.621426411459316;0.041226599274848647;;;;;
5421;4.339821294967543;1.0;0.4881006572960283;0.7021129379419361;0.026392066982507647;;;;;
5422;4.509507419849562;1.0;0.7220303725398541;1.2097212613780939;0.02098846622524914;;;;;
5423;4.546481081949074;1.0;0.7808382495131848;1.3752613426229023;0.023161897964958645;;;;;
5424;3.935484088191012;1.0;0.3743300539021827;0.5076471827276746;0.025055402041817103;;;;;
5425;4.362465763241566;1.0;0.6070277548068301;0.912992386690031;0.020055262346244492;;;;;
5426;4.252206220822265;1.0;0.7376573070596045;1.2422817699970945;0.051376826505350214;;;;;
5427;4.1526795317597776;1.0;0.6876282250587594;1.1190419185729046;0.06167419266396884;;;;;
5428;4.4039806347889705;1.0;0.5251855344735621;0.781079999097056;0.01658725164082086;;;;;
5429;4.144523919544083;1.0;0.6570907840328744;1.010959148552812;0.05142479626380141;;;;;
5430;4.336532753428281;1.0;0.5685870298260964;0.8395307624750579;0.03566777475447411;;;;;
5431;4.24259024314758;1.0;0.648709627967382;1.0221861812250284;0.04374800149378426;;;;;
5432;4.255397107792244;1.0;0.5498849548542143;0.7558442430251573;0.034155752955231704;;;;;
5433;4.451070790827096;1.0;0.5534274476942317;0.8877052503886703;0.011881581975321017;;;;;
5434;4.373892370534387;1.0;0.7304933161472786;1.2038331451725663;0.034848099781834826;;;;;
5435;4.34989049788132;1.0;0.5278803690855327;0.7662351197386464;0.029271806435375577;;;;;
5436;4.377627783045359;1.0;0.7613750613666629;1.2690498685773381;0.03427751556724302;;;;;
5437;4.288827593665439;1.0;0.7238081511944227;1.1950809455150182;0.04279538576151625;;;;;
5438;4.250785005926056;1.0;0.6128391174710399;0.9748772461234348;0.04344144011942614;;;;;
5439;4.364500846886992;1.0;0.6766472914473861;1.0787833422927722;0.04141037254189374;;;;;
5440;3.9156617943698215;1.0;0.6047029479383748;0.9015789692123392;0.055524975092031165;;;;;
5441;4.213489912187411;1.0;0.6109528856959857;0.9782188872111902;0.039517166307409216;;;;;
5442;4.220038509158009;1.0;0.6980869491540603;1.1736850366742824;0.05199715878956992;;;;;
5443;4.480906265869017;1.0;0.7385387399573952;1.2618059475254462;0.023353095890066133;;;;;
5444;4.290010641022223;1.0;0.6793271048045512;1.1451263387123327;0.03873694236954134;;;;;
5445;4.234536621547973;1.0;0.615815158710442;1.016910217209535;0.030456200394375122;;;;;
5446;4.201973853348553;1.0;0.5862114747269759;0.9219945662748936;0.04056836785593982;;;;;
5447;3.8788146313794387;1.0;0.6107974836945145;0.9001641406094766;0.056694218662856156;;;;;
5448;4.440101100557685;1.0;0.5976816100729959;0.9575581723040103;0.018699937948498436;;;;;
5449;3.9686536860224595;1.0;0.6327634594969902;1.0410466975377497;0.03284213544557952;;;;;
5450;4.110581805686036;1.0;0.6929998658430679;1.2121558772270906;0.052171716287276224;;;;;
5451;4.5017954297789;1.0;0.6804407515939882;1.1488338451016176;0.017564822701765105;;;;;
5452;4.008031123718483;1.0;0.6285889627554618;0.9829753953276376;0.045040766205298;;;;;
5453;4.1424551458883165;1.0;0.5832918141921298;0.9452183410360742;0.040727626263782034;;;;;
5454;4.172400764998285;1.0;0.6752388771276345;1.1375067062973376;0.04215937124626487;;;;;
5455;4.034466105144638;1.0;0.6014216750391596;0.8672446861271835;0.035266738409480164;;;;;
5456;4.009761343473502;1.0;0.5850588613841791;0.9564270801293029;0.04973001524941525;;;;;
5457;4.22968578234231;1.0;0.4775727019558837;0.7420063969030524;0.02858818377664984;;;;;
5458;4.142056922217389;1.0;0.4777467146736306;0.727990342717662;0.03245746125469104;;;;;
5459;4.27300315860778;1.0;0.5977224531117173;0.9688214432999893;0.03878373617806909;;;;;
5460;4.386794363571262;1.0;0.550244952038979;0.887738008014716;0.02502502025153788;;;;;
5461;4.171447323244912;1.0;0.6398055145691891;1.1030837471146775;0.04224382991538034;;;;;
5462;4.251643331903468;1.0;0.5917589550986889;0.9756887580475689;0.022847870138060226;;;;;
5463;4.2622878601308685;1.0;0.6283357075871878;1.0633752037130353;0.03638479831752372;;;;;
5464;4.2275171026321745;1.0;0.5269523326642718;0.8261642621673406;0.0300641292415455;;;;;
5465;4.366941477318688;1.0;0.624470541072744;1.07048117679921;0.02617905045053783;;;;;
5466;3.8472279983885276;1.0;0.636653928751656;1.0400999274506177;0.05889278953815056;;;;;
5467;4.3889382039894755;1.0;0.6397149134226752;1.1291847033746554;0.029844546000429066;;;;;
5468;4.331745389284731;1.0;0.6389351794251659;1.0472886655537597;0.025868037045690715;;;;;
5469;4.4906936766269405;1.0;0.7818472184745061;1.2834076599067419;0.02303700504670196;;;;;
5470;4.019180630089849;1.0;0.6118995725133898;1.0091695019238456;0.04183909739828158;;;;;
5471;4.405535918594854;1.0;0.6260420787358896;1.0824440969630253;0.03414532314196886;;;;;
5472;4.387705369676347;1.0;0.642052271776375;1.027721323367988;0.027478446953028347;;;;;
5473;4.39190748937109;1.0;0.6173720578011453;1.0347940817564116;0.027352928497084983;;;;;
5474;4.180044385344679;1.0;0.629123543984764;1.042340518114109;0.03451974005326163;;;;;
5475;3.7376329925008904;1.0;0.6158353425455526;1.0104927603823304;0.07149365380855527;;;;;
5476;4.400814258505434;1.0;0.5127530498102212;0.7816055043751958;0.01878427485714613;;;;;
5477;4.4103532874720175;1.0;0.5921773019554067;0.9653715932584265;0.019813313443127565;;;;;
5478;4.148503130639169;1.0;0.6201706785969774;1.0247419227398975;0.04161269539121855;;;;;
5479;4.176478694609178;1.0;0.5718894246021026;0.9145812202993552;0.04472520281555991;;;;;
5480;3.8010502535920887;1.0;0.5983843704412481;0.9172843507640268;0.06936453020636754;;;;;
5481;4.438875345614227;1.0;0.5983048989838796;0.9668181545035431;0.016533915458542558;;;;;
5482;4.349633592204108;1.0;0.7515577972076753;1.298622985687706;0.03074163275773462;;;;;
5483;4.192992689503152;1.0;0.6331721434838926;1.023831612062752;0.028893343185716416;;;;;
5484;4.200778658074099;1.0;0.6613019245212945;1.1154064348080237;0.03319470430155783;;;;;
5485;4.198036192864305;1.0;0.5916368078360804;0.9238361209264254;0.03554221452022773;;;;;
5486;4.1285449804910215;1.0;0.6129520285520091;1.0203394137950796;0.0395844512204569;;;;;
5487;3.987096686431336;1.0;0.6513866489631841;1.0542013685010556;0.04283498583658009;;;;;
5488;3.034513267706204;1.0;0.3373208670470778;0.5079998524388863;0.0204341272515699;;;;;
5489;4.180005762841804;1.0;0.6691393931581923;1.128941934669824;0.04013634448120554;;;;;
5490;3.52037406997304;1.0;0.6173538384658019;0.9706508494405282;0.06518321818572885;;;;;
5491;4.3283216551400825;1.0;0.701816815393304;1.1776765018224815;0.03794077818185803;;;;;
5492;3.8704712635334273;1.0;0.4510373487049833;0.7289790889058498;0.04398601538164772;;;;;
5493;3.9770434471015483;1.0;0.6579232606731672;1.0828150857033274;0.058466751381890385;;;;;
5494;4.27029631775806;1.0;0.6896766784571813;1.134131294801631;0.03532397326258993;;;;;
5495;4.366258158904239;1.0;0.6624507731562342;1.0878786824162996;0.03977854482659288;;;;;
5496;3.8010793296076333;1.0;0.4911895576893801;0.7749569692610221;0.037802738038728995;;;;;
5497;4.261609727769981;1.0;0.39612276281820713;0.5630106756046883;0.019548759203527076;;;;;
5498;4.164276251649328;1.0;0.6105867039975206;0.9969831330435541;0.0494884608621656;;;;;
5499;4.025448139973437;1.0;0.5862310441621379;0.9381927812388959;0.04861979537421112;;;;;
5500;4.3014723935077335;1.0;0.6630694206054257;1.1645588800748512;0.05571474289021671;;;;;
5501;3.360738221551956;1.0;0.4900088833265719;0.7439070480413464;0.03534540888339499;;;;;
5502;4.137702276223184;1.0;0.5857603028263568;0.9259865674224035;0.054245196279204724;;;;;
5503;4.361285951311897;1.0;0.6990751252618765;1.1669954125803184;0.03634051158488411;;;;;
5504;3.858333519670931;1.0;0.6011393009265696;0.9922052036893086;0.07494881551028913;;;;;
5505;4.322358413371062;1.0;0.7629352530583873;1.3027153874833979;0.04735771261401999;;;;;
5506;4.517128055395435;1.0;0.6784235472722198;1.140671526035509;0.01989033903241083;;;;;
5507;3.929443449208729;1.0;0.6566710377837613;1.0912691510595938;0.06876601265986672;;;;;
5508;4.257022671930811;1.0;0.6664444575420935;1.1127139753380346;0.043308964983490295;;;;;
5509;4.190411427659893;1.0;0.5224170606250815;0.7602277914311686;0.03593781766452956;;;;;
5510;4.469320091924289;1.0;0.7342014476899519;1.2511247152970177;0.02147619964696776;;;;;
5511;4.156650825152009;1.0;0.7057699184523395;1.2168130038922396;0.04767092936629292;;;;;
5512;4.4038623617568255;1.0;0.6314637016748854;1.0398518307708702;0.02958419119789069;;;;;
5513;4.425302880928383;1.0;0.5218067305015889;0.7912125148136452;0.0074179018713277775;;;;;
5514;4.270620143742697;1.0;0.5093208259051433;0.7829465564657097;0.03795737881662106;;;;;
5515;3.8474719100150345;1.0;0.5812110291628674;0.9071208800048985;0.06625807193384448;;;;;
5516;3.8386682368749963;1.0;0.5882800898917329;0.9112484491571737;0.0661357052773101;;;;;
5517;4.356904901398465;1.0;0.5981037198688584;0.9494139353903311;0.030234597496493102;;;;;
5518;4.293345298793368;1.0;0.7529109602914711;1.2991803107797326;0.047192873557124385;;;;;
5519;4.081938599281259;1.0;0.6859071057813244;1.1768650677133958;0.06107274665406006;;;;;
5520;3.1619687613908174;1.0;0.6761013737095108;1.0900319359616617;0.07079805320107668;;;;;
5521;4.479618267976684;1.0;0.752836890711989;1.3354280426312521;0.03331559109311874;;;;;
5522;4.356886964276765;1.0;0.5126976962665728;0.770052305940814;0.02104285524082197;;;;;
5523;4.017455543399728;1.0;0.5786217891120041;0.9367155951572661;0.05465778019086892;;;;;
5524;4.380055985633243;1.0;0.6209711169779826;1.0278380060592107;0.03718167026705812;;;;;
5525;4.303966447864139;1.0;0.5880821575381562;0.997162072940551;0.041571328206620725;;;;;
5526;4.489623164113819;1.0;0.6555213801107541;1.0584648565875516;0.015109883233862758;;;;;
5527;4.33424164717626;1.0;0.5250017473626979;0.8171536412553082;0.0270022967729836;;;;;
5528;4.290704119397782;1.0;0.5530886510660107;0.8919316591735927;0.036926140221230086;;;;;
5529;4.429525027307998;1.0;0.552968416458531;0.8844156398862131;0.01600470193439674;;;;;
5530;4.425114079969463;1.0;0.5508566305356863;0.9176836286845845;0.022323037570007868;;;;;
5531;4.151233285719548;1.0;0.6251585213225983;1.0173614408606695;0.04614321591106121;;;;;
5532;4.3252294215970135;1.0;0.4864627873677789;0.7411214959860676;0.01606831033289032;;;;;
5533;4.330337705470119;1.0;0.4224102715560322;0.676991148729601;0.021230116497748423;;;;;
5534;4.406739198799273;1.0;0.6454707121868487;1.1112245499167386;0.0320212712948533;;;;;
5535;4.436106459543171;1.0;0.7188655324664343;1.1499989382000413;0.030687647098880624;;;;;
5536;4.406038980570516;1.0;0.6534344365056861;1.1402362858690798;0.02953175379478109;;;;;
5537;4.517714824703093;1.0;0.7496971003285923;1.366492770927866;0.03680121506059255;;;;;
5538;3.8140178438772567;1.0;0.602540803301566;0.98575262120546;0.03936712438860558;;;;;
5539;4.417497397920082;1.0;0.5646103062922667;0.9157298292499317;0.01406757705595654;;;;;
5540;4.332835357196434;1.0;0.4559554552463078;0.7215867249762825;0.027842710950827156;;;;;
5541;4.334075557588052;1.0;0.48922374477000174;0.7819011830105083;0.023891920655976347;;;;;
5542;4.331960827421762;1.0;0.4779100283248682;0.7209174365225595;0.023958409277205106;;;;;
5543;3.966298249158617;1.0;0.5731722031703209;0.9075019917557053;0.04878342369890523;;;;;
5544;4.0549644144957515;1.0;0.5736274991237927;0.9457694845039673;0.054610671294490994;;;;;
5545;4.461889491597722;1.0;0.662342996168548;1.0959101488485468;0.0190096004897729;;;;;
5546;4.2888098154470935;1.0;0.5807691959063624;0.9873188500224163;0.027724184381831284;;;;;
5547;4.397102078609035;1.0;0.7205113641730353;1.1981482779651917;0.049818889371878484;;;;;
5548;3.9176280508522794;1.0;0.5204264558906185;0.7529364043092088;0.04267214065257566;;;;;
5549;4.40252187437445;1.0;0.694423691771794;1.22135735844092;0.035305878738958504;;;;;
5550;4.128800063575986;1.0;0.6138446931078094;1.0157610802897357;0.0451634710184451;;;;;
5551;4.1852588477947075;1.0;0.7438216652024349;1.3313866124832294;0.07068006988621367;;;;;
5552;3.9164111485867705;1.0;0.3420312536574103;0.5275777249542981;0.04458073588006545;;;;;
5553;4.224036379109193;1.0;0.6830463886050333;1.2196078219885742;0.046969856814162686;;;;;
5554;3.9385836167873283;1.0;0.5893785623110414;0.9180644846367739;0.06137993898636796;;;;;
5555;4.314201805231927;1.0;0.5864530789146843;0.9589932881949319;0.030089183710225436;;;;;
5556;4.30233696719256;1.0;0.6633416780889508;1.097550742671502;0.04055994415707936;;;;;
5557;4.371141872172654;1.0;0.6760414928982635;1.1551983934011305;0.040608484730987;;;;;
5558;3.8983230512809484;1.0;0.6108767401508017;1.005446881241411;0.06896484452671506;;;;;
5559;4.267582083908863;1.0;0.6261991455988204;1.062217084757412;0.03555919609424473;;;;;
5560;4.302758613442058;1.0;0.47273502095822856;0.7373364650437685;0.014394609828781706;;;;;
5561;4.336963875131584;1.0;0.5577736581137878;0.8557967385446656;0.023158574443768204;;;;;
5562;4.1833345744891774;1.0;0.668767943134152;1.1175591747251137;0.03430709885633509;;;;;
5563;4.208033436618438;1.0;0.6774811355782665;1.1528781035548337;0.036024215371001145;;;;;
5564;4.4347168285972485;1.0;0.7581033817669371;1.312650025612623;0.03698974124572229;;;;;
5565;4.451109719163769;1.0;0.7272417968581334;1.2628537362333705;0.02322035464118771;;;;;
5566;3.3835202046860218;1.0;0.6247076137156574;1.0529179406124975;0.023728707512588144;;;;;
5567;4.092788745234156;1.0;0.6242791877509312;0.9982641936668456;0.038255766968749154;;;;;
5568;4.346026208849262;1.0;0.5676458744927737;0.8859047941372645;0.026258293467274894;;;;;
5569;4.467456080018674;1.0;0.6983968781961875;1.1715639504894453;0.020249976133679674;;;;;
5570;4.512701088420899;1.0;0.7790762499351698;1.3322035476228116;0.025861387635921995;;;;;
5571;4.2989375974034765;1.0;0.5383890174205556;0.8658117568483106;0.025100603671102135;;;;;
5572;4.280643186200873;1.0;0.6769840930587456;1.1372630491645035;0.043497959070486314;;;;;
5573;4.176230209570484;1.0;0.590748827623367;0.939700319666698;0.02654578762433024;;;;;
5574;4.37219318673573;1.0;0.4455303567101628;0.6970759249996942;0.023366622372010773;;;;;
5575;4.269607661315034;1.0;0.6835911816045864;1.1289430230178534;0.03708274499769927;;;;;
5576;4.0721410865813965;1.0;0.63969599575473;1.053150867220083;0.04517347308859561;;;;;
5577;4.14151636949003;1.0;0.6223448912485429;1.0010283935591762;0.039533629304236456;;;;;
5578;4.27939578827561;1.0;0.6202686493622518;1.031316020763018;0.026913142136913783;;;;;
5579;4.045439222596416;1.0;0.6126263978699147;0.9585932395439573;0.05195587395123647;;;;;
5580;4.432268884578299;1.0;0.5526842210906567;0.9192739777404394;0.020887761303759307;;;;;
5581;4.382245717652568;1.0;0.5604643056079114;0.9053947550922208;0.021432022759195833;;;;;
5582;4.326204644246388;1.0;0.5633266933641268;0.8988348708977008;0.016385521100581595;;;;;
5583;3.9871771214745113;1.0;0.6377034565002048;1.0859968793720431;0.056488069450289495;;;;;
5584;4.493892162308526;1.0;0.7308603962077198;1.2287914478961988;0.016281571360248843;;;;;
5585;4.192807866609648;1.0;0.609465248212336;1.03564770769872;0.0360661514369306;;;;;
5586;4.036635828708906;1.0;0.5757337026593325;0.9004013688682873;0.03955399833600845;;;;;
5587;4.4543540219764015;1.0;0.678466801922256;1.0819879125793468;0.018395230275402054;;;;;
5588;4.2061044462381565;1.0;0.43653923875717504;0.6866598987255873;0.01695798037565272;;;;;
5589;4.282962818892209;1.0;0.44008520917055904;0.6750897882645363;0.003543230088117251;;;;;
5590;4.373778655148391;1.0;0.5999554102922333;1.0033280723835092;0.01245103287834718;;;;;
5591;4.412740695590639;1.0;0.6236465204853128;1.0621642731730752;0.01736514073070235;;;;;
5592;4.085819848890136;1.0;0.5831781325322088;0.9526863487748497;0.025345103037882552;;;;;
5593;4.012709448703495;1.0;0.65376533728783;1.1035943643738864;0.04305509324591369;;;;;
5594;3.869064316463681;1.0;0.6482946034275474;1.1081495987059733;0.055472323409053385;;;;;
5595;4.528300945505742;1.0;0.6947409744705838;1.2008251256940086;0.006377900673638605;;;;;
5596;4.149788999293549;1.0;0.49875487582061123;0.7982394220629546;0.0135632861089744;;;;;
5597;4.178100790872487;1.0;0.5676389360363233;0.9738289198782966;0.029296340715668983;;;;;
5598;3.887657756714259;1.0;0.6093757216615877;1.0080922621391695;0.04747628497612514;;;;;
5599;4.06970149808007;1.0;0.5079793531480868;0.8272063604247056;0.029179224574456188;;;;;
5600;4.11030221822776;1.0;0.7022901682250539;1.1986497213832115;0.019485424692317704;;;;;
5601;4.147094032361164;1.0;0.6232901871692097;1.086917255552632;0.03175317929210486;;;;;
5602;4.0585659314354325;1.0;0.5382702589647439;0.8753098414770433;0.036234633629293196;;;;;
5603;4.525875648978038;1.0;0.7871965443917265;1.371296118504905;0.01734050620552839;;;;;
5604;3.8982243596211212;1.0;0.6345146944038191;1.0678986907202512;0.0;;;;;
5605;3.781109178247182;1.0;0.5415629074605397;0.8891300865133227;0.04400808358206944;;;;;
5606;3.8930070505280105;1.0;0.56366137176391;0.9481358940962281;0.052551485578916986;;;;;
5607;3.839833766367901;1.0;0.6497133992789309;1.0963535264590396;0.05281988845324499;;;;;
5608;4.229918467234732;1.0;0.7417685763337938;1.2875612603263988;0.03766343370078394;;;;;
5609;3.9050972875106202;1.0;0.6272901532139002;1.0658606274745197;0.053036615365275;;;;;
5610;4.336803299861536;1.0;0.6606738016045427;1.1452667818631228;0.026702031790504892;;;;;
5611;3.0526562304192635;1.0;0.5429219225552566;0.8163955941421678;0.0005378489847511884;;;;;
5612;3.9663966510846578;1.0;0.6188935900572485;1.0161540494768373;0.038258202955317386;;;;;
5613;4.379079999681322;1.0;0.6583963201924877;1.1101665323335295;0.021904162618308565;;;;;
5614;4.114489774961259;1.0;0.6130328653530434;1.031021048880324;0.02110269279341339;;;;;
5615;3.913967569757552;1.0;0.5902052934815067;0.9983904405483247;0.036127997547603326;;;;;
5616;4.117849911118523;1.0;0.5267731504274731;0.803403356155448;0.032659818653409806;;;;;
5617;3.9670107868021276;1.0;0.7063849957702568;1.2205996132968302;0.05001139962081155;;;;;
5618;3.920112579044195;1.0;0.5631892076883318;0.8898075386326555;0.03858354559867602;;;;;
5619;4.374241920451351;1.0;0.49764662228487905;0.8173503731541877;0.004682720439068011;;;;;
5620;4.283417288847384;1.0;0.44961667043209674;0.7095258417596705;0.011675790318846585;;;;;
5621;4.301841750690476;1.0;0.4907624126947645;0.7771125859671749;0.013599978792868136;;;;;
5622;4.261991706880976;1.0;0.7286666346707014;1.2494145882423897;0.022284645749074416;;;;;
5623;4.306020510754179;1.0;0.7330953546789403;1.260865550044777;0.025482822626386386;;;;;
5624;4.177281374561362;1.0;0.6672153717014597;1.1378796652426575;0.030596507501870325;;;;;
5625;4.084709275193903;1.0;0.5781966755116063;0.9656374091409201;0.024781018193519105;;;;;
5626;4.032018924518827;1.0;0.6597790000594453;1.1172833793182766;0.03892386429243209;;;;;
5627;4.171434772289648;1.0;0.5449952431010744;0.907842600539044;0.023336779689323895;;;;;
5628;4.345727524723607;1.0;0.5770076027494002;0.9076799618921412;0.017522388024072466;;;;;
5629;4.285845877151027;1.0;0.35805362547642333;0.5571562450633762;0.0027197601836863637;;;;;
5630;4.329228615399393;1.0;0.4557616650758805;0.6949569134632971;0.014873400508990282;;;;;
5631;4.231404513977951;1.0;0.6569654694065545;1.0997336423746704;0.026184101972886367;;;;;
5632;4.028480872172262;1.0;0.5874939194138238;0.9434170834555892;0.031207454055699736;;;;;
5633;3.9328233784276767;1.0;0.6257443372400413;1.0682385563985255;0.04466436361995414;;;;;
5634;4.228314375770662;1.0;0.4638242856460297;0.7508501048506342;0.0071056263689949295;;;;;
5635;4.128484879461284;1.0;0.6167266029475125;1.0197817159219977;0.03111870443398031;;;;;
5636;4.44826153029541;1.0;0.7255610653354866;1.185615687198735;0.014856811894147665;;;;;
5637;1.6970891921829503;1.0;0.6456791671282125;1.0432493091892143;0.028938654731562107;;;;;
5638;3.7750550425447065;1.0;0.6286991419168526;1.0096694736019909;0.04385983254267339;;;;;
5639;4.25104964907191;1.0;0.5596271423169585;0.9311488046277605;0.02232097093898543;;;;;
5640;4.201048798815497;1.0;0.5666169739558342;0.92866395994343;0.029176676088774528;;;;;
5641;4.364356069633807;1.0;0.5518496751667352;0.9288522112809705;0.012162613154390411;;;;;
5642;3.919170523890309;1.0;0.6714082278285948;1.1263040139789635;0.039164590976166015;;;;;
5643;4.011808400472475;1.0;0.6087073358511743;1.0191203099600255;0.03822297629341226;;;;;
5644;4.360141835645615;1.0;0.5942957601113762;1.0165190842166099;0.027427990394219025;;;;;
5645;4.171970923674393;1.0;0.6096292392515776;1.0209167873411498;0.0233609707580347;;;;;
5646;4.2131960129576935;1.0;0.6176347166980468;1.048005393719754;0.044949555465068326;;;;;
5647;4.297299172599718;1.0;0.6938535911494966;1.2117142984580516;0.022616757579844715;;;;;
5648;4.187403401295984;1.0;0.4067556159550094;0.6670841468513466;0.006945884399405777;;;;;
5649;2.8679733025315888;1.0;0.7163638209981769;1.1442195110953366;0.006932195227667453;;;;;
5650;4.099212602960322;1.0;0.4950403028557481;0.830103410996938;0.01667345410945897;;;;;
5651;3.930026929166872;1.0;0.6372257143032523;1.0803773182694678;0.04375872696229297;;;;;
5652;3.8517236846453344;1.0;0.3669514488230535;0.5944408286268222;0.010464391422982411;;;;;
5653;4.2941766321581705;1.0;0.5348955794515974;0.8928256078149913;0.018801953234827116;;;;;
5654;3.954939656341648;1.0;0.5555001209015255;0.9266098936335759;0.03771509561417679;;;;;
5655;4.018356682067113;1.0;0.6209231914948028;1.0787422152151513;0.024490666698399225;;;;;
5656;4.411208414918582;1.0;0.6842702776364329;1.176848431122234;0.013992401076334163;;;;;
5657;4.324342759717892;1.0;0.7216953180314996;1.2672458439873922;0.028950503095510782;;;;;
5658;4.230548786950347;1.0;0.5424956086451291;0.8865368140139392;0.028066314670929973;;;;;
5659;4.291075970058883;1.0;0.6493956117522214;1.1340936270963693;0.03406080322245394;;;;;
5660;3.805048654500839;1.0;0.5778201291327967;0.9448653097179494;0.05072973675767504;;;;;
5661;4.100670701567093;1.0;0.5939991207077202;0.9977836295756242;0.026956737290525515;;;;;
5662;2.443480450598229;1.0;0.673955351757119;1.125949240895637;0.010493297395279374;;;;;
5663;4.411817884415183;1.0;0.6004328708473021;1.0094139663838555;0.01529702861927758;;;;;
5664;4.408000757413162;1.0;0.6491571916088908;1.0994117720167276;0.0196380591872309;;;;;
5665;3.8770731132623477;1.0;0.5987649468210452;0.995660403253871;0.03002487061001982;;;;;
5666;3.9543580191455447;1.0;0.603607776514168;1.0310884882246998;0.05537343517269947;;;;;
5667;4.094774405369909;1.0;0.6078764478566063;1.0068323777272676;0.04193790120932977;;;;;
5668;4.186284357540023;1.0;0.5905591445099662;0.9968591612009121;0.03567924427095232;;;;;
5669;4.314128632072352;1.0;0.7656585374206969;1.3041872889041008;0.05730800489177473;;;;;
5670;4.068436997855766;1.0;0.6125266980015767;1.0440181555066728;0.03828682088146738;;;;;
5671;4.221566683565486;1.0;0.6061186721215175;1.001533287182685;0.030338984865620033;;;;;
5672;4.287700254682375;1.0;0.5587814551280328;0.8935835659693206;0.02339638242513606;;;;;
5673;4.208382069033762;1.0;0.5476141987153555;0.8892580534564232;0.03367387846551174;;;;;
5674;-0.8350895185498592;0.0;0.0;0.0;0.007630799807222097;;;;;
5675;3.803115125397281;1.0;0.6440195322156661;1.0859841640587524;0.057810859498252654;;;;;
5676;4.34145690449356;1.0;0.501875128804059;0.7850058907656802;0.018502826359747485;;;;;
5677;3.8847920770512276;1.0;0.6707388679042562;1.1305625452456027;0.05348604613507947;;;;;
5678;4.394061057796886;1.0;0.5928249387452459;0.9582376782054427;0.01807565224537124;;;;;
5679;4.407671842484342;1.0;0.5558850438698607;0.826330434987535;0.010478287353406852;;;;;
5680;3.8037325254083;1.0;0.6571703057763978;1.0831106595036175;0.07757331515996274;;;;;
5681;4.433704267884541;1.0;0.7821367035645754;1.3284215627581246;0.03366460315235896;;;;;
5682;4.2364648578200175;1.0;0.5412331227422694;0.8634892652137284;0.03395755842331313;;;;;
5683;4.481300836173851;1.0;0.6856659298034905;1.0762613215301529;0.017002070439017664;;;;;
5684;2.4091680712354764;1.0;0.21976419232413527;0.32569210957788713;0.03755491228931326;;;;;
5685;4.103439802469671;1.0;0.5806304785223382;0.9596307910081869;0.05084753955171398;;;;;
5686;4.278147538889161;1.0;0.5944137343152899;0.9505345608509866;0.02347353910594014;;;;;
5687;4.388150362904035;1.0;0.6622200947978791;0.9824803392090585;0.018563227587213994;;;;;
5688;4.479024203718852;1.0;0.7946124498752737;1.3474096009274978;0.021514370137389268;;;;;
5689;4.497148764376296;1.0;0.6814626144327062;1.0714683892678951;0.011236167943500972;;;;;
5690;3.007578952568172;1.0;0.4208706544890036;0.617452428236024;0.032960886503863855;;;;;
5691;3.9048240623967567;1.0;0.429267384960386;0.6399584501287002;0.037086512819609035;;;;;
5692;4.300933059920486;1.0;0.6526590812614215;1.0348988560549297;0.028375690179311457;;;;;
5693;4.503180366678489;1.0;0.7547417026244954;1.2568034405632642;0.017930698335042274;;;;;
5694;4.1769990535944315;1.0;0.6341763903085024;1.0083417699623916;0.04538623435159859;;;;;
5695;4.4209492264727235;1.0;0.5895359787764668;0.900726368679654;0.01531316036818248;;;;;
5696;4.292025585900418;1.0;0.4641351178922823;0.7108709662280541;0.020760817789128246;;;;;
5697;4.016352532756872;1.0;0.5962572907930248;0.9073401088803255;0.04702747271814033;;;;;
5698;4.136932320899477;1.0;0.6422353107268494;0.9821555834725161;0.03632209177250476;;;;;
5699;4.30416639991344;1.0;0.7133627168223521;1.136306278920034;0.03529976031823417;;;;;
5700;4.15235652465709;1.0;0.7142676412863767;1.1162757855307923;0.033941076162995375;;;;;
5701;4.448847124376656;1.0;0.7688395529591533;1.3076486434890928;0.029225014689299854;;;;;
5702;4.352734039007072;1.0;0.5434556859498026;0.793766311653042;0.015247871215656303;;;;;
5703;3.646825365046453;1.0;0.31953930906477;0.46065131811838284;0.028300115766948204;;;;;
5704;3.7672449372319705;1.0;0.7061869682434532;1.0810146619218923;0.059362309786712815;;;;;
5705;4.488156809598509;1.0;0.6553946446775978;1.097662281118218;0.015424586076041306;;;;;
5706;4.07158249443761;1.0;0.6807789095010726;1.1215566915810773;0.045081145347671894;;;;;
5707;4.19299601563788;1.0;0.5082146149420114;0.786186226194071;0.02893206321437874;;;;;
5708;4.193054269953492;1.0;0.6657537914475606;1.0638856475578742;0.03129626090549186;;;;;
5709;3.6267891400869186;1.0;0.5391117587596337;0.8409874913243083;0.06890820894362941;;;;;
5710;4.189233010076032;1.0;0.5606148608864504;0.8735760256218937;0.034563982592339254;;;;;
5711;3.8720650328350246;1.0;0.386288311817948;0.5749121351676773;0.029099176451790717;;;;;
5712;4.174192925832067;1.0;0.6769488699069577;1.1557147829234742;0.049884963149725244;;;;;
5713;4.454867637581594;1.0;0.7466077561707734;1.2501784281617268;0.025384924091495502;;;;;
5714;4.206408724990482;1.0;0.5550674789972317;0.8429694077939014;0.02515195911797496;;;;;
5715;3.923374398649746;1.0;0.607688839242928;0.9482385040399189;0.04018536621981527;;;;;
5716;4.330163750927268;1.0;0.390688008292238;0.6015583156896516;0.010628228959191098;;;;;
5717;3.8213633604120827;1.0;0.6531750971878273;0.9797544172282192;0.05400996787811055;;;;;
5718;4.312373847901134;1.0;0.5426979470872668;0.8719452145645924;0.025010261494684573;;;;;
5719;4.181377251718391;1.0;0.6581016420096963;1.0658379736877117;0.038384587231517636;;;;;
5720;4.260004609003006;1.0;0.6159757769763532;1.0054692555953857;0.03826483206772404;;;;;
5721;4.425913638264959;1.0;0.7374799216011119;1.2457914076305037;0.02593979995836604;;;;;
5722;4.353988569124856;1.0;0.7430068811379393;1.2346513989339292;0.03960985978733817;;;;;
5723;4.081394595168725;1.0;0.6121847342899771;0.9863680915845982;0.04553474746108825;;;;;
5724;4.380711010915323;1.0;0.7282376253752161;1.2296989741798576;0.027178100857256117;;;;;
5725;3.771469720553322;1.0;0.6879941166361712;1.124409997173544;0.07366581429134783;;;;;
5726;4.43151204454782;1.0;0.5792265903686445;0.8995718106444668;0.01175024269549179;;;;;
5727;4.394185875534738;1.0;0.5263109167441717;0.8391881272436938;0.018371192358670598;;;;;
5728;4.136666320543441;1.0;0.7097727712647102;1.2265386928530404;0.05336791111964044;;;;;
5729;4.480489347106699;1.0;0.7264067410468787;1.2018001796222313;0.02077621386537397;;;;;
5730;4.372964987867524;1.0;0.508055372652581;0.7767725724982683;0.011803564860188426;;;;;
5731;4.435736816078972;1.0;0.5390422643868699;0.8699824203107567;0.009237976127089431;;;;;
5732;4.418764763754088;1.0;0.5489836916125497;0.8822455576971109;0.01561252098532381;;;;;
5733;4.42958772038787;1.0;0.6761616770234535;1.1433057268994573;0.020542145418468317;;;;;
5734;4.006569117813635;1.0;0.5911378301641975;0.9815831954473565;0.04972199423353108;;;;;
5735;4.024881816442928;1.0;0.617275193505448;1.0116928727962682;0.04362602573223846;;;;;
5736;4.2839644006486335;1.0;0.4358496725420362;0.6933010004878277;0.02048400270866195;;;;;
5737;4.4411339198834145;1.0;0.541635136039469;0.8379846709820804;0.01335755653384526;;;;;
5738;3.0872136048483365;1.0;0.6877939549053662;1.111893289622616;0.05108388118994645;;;;;
5739;4.279911309593679;1.0;0.6589024400372137;1.1359498759301967;0.04610498719899525;;;;;
5740;4.263209200394156;1.0;0.41387805608964173;0.6358808565333304;0.022445434828360002;;;;;
5741;3.931419178224828;1.0;0.5851852947039051;0.9485097299567555;0.05213198912673516;;;;;
5742;3.7603025428025054;1.0;0.6541578315774376;1.0228878216158548;0.06155744766787227;;;;;
5743;4.322944041944705;1.0;0.7052139691176992;1.1673643569140462;0.03768320869080389;;;;;
5744;4.241946870162215;1.0;0.7657838551931483;1.3184749816366461;0.046558005525473296;;;;;
5745;3.8814451602276256;1.0;0.6973325648590103;1.1712224277810077;0.07129100258187288;;;;;
5746;4.303672668056804;1.0;0.6150803119269848;1.0235282291481769;0.03243986182336653;;;;;
5747;4.3197647086186635;1.0;0.47486115566171877;0.7383820032458049;0.018974641847645864;;;;;
5748;4.111315684857523;1.0;0.6080144520268309;1.0015849949914077;0.03855383634204956;;;;;
5749;4.18631855588429;1.0;0.5115169769586771;0.7508358743287555;0.026434487365673005;;;;;
5750;4.32600031784828;1.0;0.5949759646280849;0.9665736126261087;0.0301928217237834;;;;;
5751;4.217144665129773;1.0;0.5497147259817244;0.8779048411235053;0.038054151564308254;;;;;
5752;4.093125202138161;1.0;0.5628285893736866;0.9069168518302361;0.04984505588461625;;;;;
5753;4.4345511351961004;1.0;0.6026423616402463;0.9498971482148382;0.01892052820291944;;;;;
5754;4.3225074452621675;1.0;0.5567092233476988;0.8476011404820715;0.025029497162568012;;;;;
5755;4.184623936434916;1.0;0.6240349712508239;1.0204729985392074;0.045907929413557036;;;;;
5756;4.246948735368614;1.0;0.6361246506927855;1.035215534402703;0.037653228393871745;;;;;
5757;3.9462200530227562;1.0;0.6859695997216853;1.1887448915053649;0.061337664168610896;;;;;
5758;4.129228633970115;1.0;0.6599978276852101;1.0948039293424094;0.04405452183019895;;;;;
5759;4.441938390361203;1.0;0.7163118003923407;1.1950811883990666;0.02487455870866801;;;;;
5760;4.311646966065641;1.0;0.5309314605799236;0.8543567346855406;0.025658179146461447;;;;;
5761;4.212643799694202;1.0;0.5988909046702375;0.959318750852294;0.036242429948442054;;;;;
5762;4.454757820372349;1.0;0.6741087159485337;1.1335374178017794;0.020751338215674448;;;;;
5763;4.382773108211603;1.0;0.610846134884838;0.9827481602244094;0.023388197003349216;;;;;
5764;4.078528776171728;1.0;0.5792137347247874;0.8999890290419198;0.04626738370150598;;;;;
5765;4.417657685510003;1.0;0.5251278272349389;0.7936073357151253;0.014793957507942792;;;;;
5766;4.11432896020208;1.0;0.6705353238831889;1.1031803563632647;0.04945279550290512;;;;;
5767;4.265408795103957;1.0;0.727403543468184;1.233633870861746;0.03797322301781426;;;;;
5768;4.376085006722646;1.0;0.6886305875266189;1.1307909641849112;0.035324889776173526;;;;;
5769;4.287436918180519;1.0;0.6928440878734698;1.1931633747449024;0.040588161193847054;;;;;
5770;4.102464699613315;1.0;0.6764969547232884;1.1658864618448117;0.055262358891944786;;;;;
5771;3.8938145444318604;1.0;0.6438087109176119;1.0121933517403245;0.05181928956471886;;;;;
5772;3.806492540420818;1.0;0.5997025647124054;0.9314995155994357;0.05194763707786973;;;;;
5773;4.415068512322674;1.0;0.5583172452860811;0.8248526291539822;0.020584022554775913;;;;;
5774;4.3229196561074925;1.0;0.6460190519930517;1.101896546311195;0.03426621628112358;;;;;
5775;4.40116591698237;1.0;0.5955168600434054;0.9026814795312217;0.019993094707394406;;;;;
5776;4.079747853779146;1.0;0.6769957381044617;1.125254868383089;0.04207382711265639;;;;;
5777;4.458952655472234;1.0;0.6169657915944224;0.991900481371766;0.011296676862117749;;;;;
5778;4.173370747900872;1.0;0.48742245672685;0.7316610933886127;0.027450417885372478;;;;;
5779;4.446033011896101;1.0;0.7211297037228039;1.2298056019493655;0.02541384279157714;;;;;
5780;4.389341898053303;1.0;0.6067285554798927;0.9192166451680441;0.026706787109941846;;;;;
5781;4.253511277283639;1.0;0.6465811852868233;1.0109796517609282;0.0242053747495893;;;;;
5782;3.959278952874004;1.0;0.3641500213205642;0.5228800294915524;0.025561593848747607;;;;;
5783;4.398291641446363;1.0;0.7316376917971603;1.2252937151916032;0.031949121098859425;;;;;
5784;4.407810472601036;1.0;0.6245541900225191;1.0228567680549765;0.021638746710467963;;;;;
5785;3.9472330067077674;1.0;0.41594627619875635;0.6123268273959074;0.024005725425063268;;;;;
5786;4.501675695672277;1.0;0.6862754110029485;1.087501415814409;0.012323566044427983;;;;;
5787;4.344996941630805;1.0;0.6604996642416758;1.077391938953965;0.03288792733929954;;;;;
5788;3.9629050042685994;1.0;0.6364533047003341;1.0068820966100782;0.05297804600914466;;;;;
5789;3.4499396587378355;1.0;0.6093553830392788;0.9295103116013086;0.06370283694402473;;;;;
5790;4.39251583877674;1.0;0.5733224784315921;0.858629234220151;0.02776007866837561;;;;;
5791;4.229210019281586;1.0;0.532622911434936;0.8465079917742478;0.02031290692662032;;;;;
5792;4.384585139789651;1.0;0.5315671653019794;0.8262376010079662;0.019026314526689597;;;;;
5793;4.326115752832949;1.0;0.6151069417399888;0.9501813398910712;0.027955910326385787;;;;;
5794;4.533593383878235;1.0;0.810557278848331;1.4011022561784274;0.025990093032774702;;;;;
5795;4.537206179150591;1.0;0.770739385972642;1.3017461913579316;0.012150326933063756;;;;;
5796;4.390367876574557;1.0;0.7472489795396572;1.305277111085845;0.03464026921157667;;;;;
5797;4.081398921936136;1.0;0.5482109346406442;0.8761068321084037;0.04653153141559391;;;;;
5798;4.228265262677075;1.0;0.7016368944864935;1.207235881005826;0.033017088509125166;;;;;
5799;4.268453004253772;1.0;0.5128762886999518;0.8106288362323051;0.023500819145728387;;;;;
5800;4.42567823879152;1.0;0.5368166500828538;0.8217028762731723;0.010213044651363743;;;;;
5801;3.9810869137881464;1.0;0.6400034813140955;0.991763935203855;0.04109467790499776;;;;;
5802;4.12306464510583;1.0;0.6349824283873771;1.0343262059471043;0.046552626860866336;;;;;
5803;4.173488818483747;1.0;0.6101222130295891;1.0469716237237041;0.04584285396599685;;;;;
5804;4.399493250961844;1.0;0.6809427231809407;1.122510297877879;0.029811062109963093;;;;;
5805;4.3637458604370005;1.0;0.45446270700077757;0.6565347910788935;0.01193191776936817;;;;;
5806;4.041183148717833;1.0;0.6366771997210833;1.0084973965182336;0.0522028498649484;;;;;
5807;4.496269690167731;1.0;0.7377122687727751;1.2533003163054959;0.016393330065394795;;;;;
5808;3.930320018607296;1.0;0.6473341643005227;1.068256114326236;0.05191586360441568;;;;;
5809;4.28923287531213;1.0;0.624811695926071;1.037662257459036;0.0337661409660888;;;;;
5810;4.197098289591877;1.0;0.5412773276022717;0.860633815364712;0.0274555488757717;;;;;
5811;4.085835842433545;1.0;0.6952720018817804;1.1839891000104685;0.053690580270916693;;;;;
5812;4.249373868349034;1.0;0.4375711323567528;0.6758979960784668;0.02211642747129491;;;;;
5813;4.333700925173875;1.0;0.4986778539543999;0.7557803618843372;0.021914955908681543;;;;;
5814;4.045055215412542;1.0;0.6037836161231792;0.9678162493112579;0.05066434172344038;;;;;
5815;4.402816603345263;1.0;0.6608554714062297;1.0688660609834242;0.024866896952008596;;;;;
5816;4.539946715324929;1.0;0.7843749113308955;1.3462259717772957;0.021219648973326097;;;;;
5817;4.20632880544089;1.0;0.5228848457717659;0.8239825050023694;0.026229308618177256;;;;;
5818;4.105259011070937;1.0;0.5482641291751388;0.8475264145261391;0.038686384879658954;;;;;
5819;4.177622796618172;1.0;0.5706060083163502;0.9595844489501659;0.04000721992055043;;;;;
5820;4.296288624998699;1.0;0.534634241528307;0.8607537707396048;0.03227637112122205;;;;;
5821;4.0880664678358585;1.0;0.6728916421738674;1.1196268909369915;0.047150035434408016;;;;;
5822;4.242492647595555;1.0;0.7081732292058086;1.2158461115089703;0.05016381370065995;;;;;
5823;4.294527636923171;1.0;0.5891870882222313;0.9738753817255893;0.03497055795363363;;;;;
5824;4.251054745738076;1.0;0.6623136488286354;1.096246584493767;0.03893847983103673;;;;;
5825;3.982857240672225;1.0;0.6675607972855592;1.1220260451695314;0.05854907025931506;;;;;
5826;4.219108396404867;1.0;0.6702626651492019;1.1327821748616802;0.04383618449665494;;;;;
5827;4.3259080581986264;1.0;0.6495154271223169;1.1231677930683432;0.03990545425809161;;;;;
5828;4.318021160221533;1.0;0.41824803794336307;0.6485258948582198;0.011297231760475947;;;;;
5829;3.907517775656566;1.0;0.5627647358289231;0.863113491301945;0.05224799695544;;;;;
5830;4.406982922481401;1.0;0.790783195474678;1.3765175261346219;0.0406520726889629;;;;;
5831;4.382768042354558;1.0;0.5758780254146024;0.9615467497809761;0.022297791413677864;;;;;
5832;4.0615219827946945;1.0;0.5998404063892303;0.9437382670390829;0.037340463507709934;;;;;
5833;4.275670801186276;1.0;0.5695097247556877;0.8934339695421687;0.031913442782198806;;;;;
5834;3.9877767031483558;1.0;0.6239807879088819;1.0176140102276539;0.04842718187425294;;;;;
5835;3.9833364302102074;1.0;0.6145004262737138;0.9940167304807314;0.06166482485817739;;;;;
5836;4.149458236689525;1.0;0.6671507910529815;1.13631875111624;0.0516477999275674;;;;;
5837;4.498660353564395;1.0;0.6873142451010145;1.1715464453425934;0.019650892383137976;;;;;
5838;4.379200746271139;1.0;0.5625651531071955;0.9003728182728559;0.023037911793027676;;;;;
5839;4.319555411923666;1.0;0.7372161637449283;1.2410458844523466;0.048775805401850655;;;;;
5840;4.11989284428941;1.0;0.6149967840998419;0.9887655468582657;0.03966257327604086;;;;;
5841;4.37291630259996;1.0;0.5986855014927106;0.9952538822983438;0.019189685993627432;;;;;
5842;3.9453324984479865;1.0;0.6665765653461384;1.0876024139442908;0.06484790969461186;;;;;
5843;4.122188528315796;1.0;0.5949426903244381;1.0069530333926748;0.04514328133781648;;;;;
5844;4.275150432378274;1.0;0.5707048051561759;0.9051249960529811;0.028486991373784576;;;;;
5845;4.085006549523808;1.0;0.5601429712148206;0.8818541122710367;0.042036716862259904;;;;;
5846;3.9269087140873635;1.0;0.6104875366586573;0.9628449604587236;0.05833935912939574;;;;;
5847;4.418514511164886;1.0;0.7664117657889875;1.3389602887188208;0.032619099042489906;;;;;
5848;4.528949241668618;1.0;0.7819711028717193;1.3203515159353716;0.02125009994282513;;;;;
5849;4.217802307255189;1.0;0.7021048832797965;1.1810387612312625;0.035590976340808364;;;;;
5850;4.372331868928288;1.0;0.6231858003447817;1.0483321469811375;0.028814020846353816;;;;;
5851;4.312737512471244;1.0;0.7476798951773489;1.312842759489938;0.04480063188890388;;;;;
5852;4.260068365698695;1.0;0.6938857264550721;1.2072535988215194;0.06076034756781987;;;;;
5853;3.934302487680742;1.0;0.5965797320682267;0.9726001742326694;0.0503767278525154;;;;;
5854;4.452589145846579;1.0;0.6757100129384497;1.2035632684883055;0.025498142498093256;;;;;
5855;4.360968614582385;1.0;0.43314788943125665;0.7003098516757768;0.017247890851799747;;;;;
5856;4.361611019985512;1.0;0.5999256298870901;0.9852524286550557;0.018530046590057775;;;;;
5857;4.182395684406672;1.0;0.5429191734971552;0.8999218201361692;0.03492521223454461;;;;;
5858;4.0768972314661305;1.0;0.6242448830992273;0.9957626980204579;0.042316373300172155;;;;;
5859;4.2444556086390515;1.0;0.6811739796268427;1.1895740379114137;0.04565180290159663;;;;;
5860;4.282765199754912;1.0;0.6918570331398657;1.1771068458054172;0.03726402819080808;;;;;
5861;4.521946464869598;1.0;0.7359069927126903;1.235767589699811;0.019014729637076733;;;;;
5862;4.090864237332536;1.0;0.6580792549374953;1.085663780505982;0.038529683659025725;;;;;
5863;4.336404947116163;1.0;0.4483488394166849;0.6772513952696729;0.016512665418184806;;;;;
5864;4.489116894885074;1.0;0.6625733753798727;1.1249655988598424;0.01613928286943247;;;;;
5865;3.505969566324276;1.0;0.6600339062398399;1.0223491289721254;0.04450174957801639;;;;;
5866;4.0038535292617965;1.0;0.6852625693018779;1.1577247783744247;0.044360703745388225;;;;;
5867;4.111571078635805;1.0;0.6502356861678537;1.1200318910803397;0.04607920178774342;;;;;
5868;4.128432063045402;1.0;0.6378839063262369;1.0130484157234376;0.035251804595435955;;;;;
5869;4.3966675489272244;1.0;0.667981226275371;1.154600065142326;0.018089091776874438;;;;;
5870;4.324658907782453;1.0;0.6582768219314896;1.1609416386150824;0.033737636266894355;;;;;
5871;4.299343938944601;1.0;0.6284319592952029;1.084970457831772;0.040492477831642885;;;;;
5872;4.251886555601543;1.0;0.48973533235495803;0.759500512090712;0.03107813089483376;;;;;
5873;4.491643680239464;1.0;0.7378260676755637;1.280681556000375;0.0242337252465751;;;;;
5874;4.116624605878011;1.0;0.5982645805491975;0.9474203534814793;0.03687923244908935;;;;;
5875;3.9665172053676865;1.0;0.6770114327849575;1.1322241737832188;0.011749652115805883;;;;;
5876;4.0584485550674545;1.0;0.5856359805199955;0.936242042889272;0.03572325396938782;;;;;
5877;4.133646498454408;1.0;0.7176316028208902;1.253722661643588;0.053122664364440325;;;;;
5878;4.346301817930243;1.0;0.6589182897210317;1.1253840876197976;0.0406179511652299;;;;;
5879;4.424600687359046;1.0;0.7383659132832978;1.2937715891354296;0.02810387804510049;;;;;
5880;4.47616577377391;1.0;0.7674786986988621;1.3694732319204197;0.03592124371524864;;;;;
5881;4.33406258706199;1.0;0.7054143443809053;1.2485310717746776;0.039640136576563796;;;;;
5882;4.083929313003302;1.0;0.623734695796044;1.0509862261945029;0.05021301541531297;;;;;
5883;4.345777289176392;1.0;0.671012935208174;1.1370899736513964;0.02659398407092431;;;;;
5884;4.267915524795989;1.0;0.43319250190364794;0.6962706716106832;0.0209087138853232;;;;;
5885;4.123179469872065;1.0;0.6489411021582271;1.0483427431615229;0.041948711110450586;;;;;
5886;3.9502483297433404;1.0;0.5701089798919435;0.8775735073223702;0.05600913346002345;;;;;
5887;4.302676291030435;1.0;0.4797968356850014;0.7136474373351528;0.019814749770287427;;;;;
5888;4.076235920368936;1.0;0.6192082242296648;1.015040893436328;0.05131568455927422;;;;;
5889;4.212533677119597;1.0;0.551516305739397;0.9026436662676771;0.028402428957018767;;;;;
5890;4.4283632725085065;1.0;0.6658487836712116;1.1494709873442641;0.02052154691194736;;;;;
5891;4.2786651784552046;1.0;0.6827187639953874;1.1940173465937471;0.05568819338506308;;;;;
5892;4.282245760610548;1.0;0.6040422702480935;0.9852613784243803;0.022864628162442075;;;;;
5893;4.3599110281205755;1.0;0.7632150645510678;1.3197984313754791;0.04311685856602151;;;;;
5894;4.171338163658205;1.0;0.6757699075040271;1.1870724711668297;0.04957651942461675;;;;;
5895;4.087521307558016;1.0;0.5744781364636363;0.9373415851373972;0.0448707006327381;;;;;
5896;4.445480118622314;1.0;0.7826854438085434;1.367739155097284;0.028221087511657757;;;;;
5897;4.262732677805396;1.0;0.5794429594439696;0.957673379830168;0.024382341571067435;;;;;
5898;3.911949497219797;1.0;0.6889592233376121;1.234468673315573;0.07353450779830417;;;;;
5899;4.255404926024967;1.0;0.581756819260595;0.9823421316254786;0.030158950664649024;;;;;
5900;4.286268407854132;1.0;0.43006886507022174;0.6900808541146307;0.015360810844829586;;;;;
5901;4.029245104014288;1.0;0.5960569253942504;0.9383125639956986;0.037988109456695;;;;;
5902;4.50740115860307;1.0;0.7122430573946466;1.1673941695145738;0.01908457298735789;;;;;
5903;4.237795429907413;1.0;0.5865232221495525;0.9380247003144827;0.027955995037967033;;;;;
5904;4.176842839313086;1.0;0.6284083831118267;1.0994534592817347;0.041974671479936894;;;;;
5905;4.428112218725323;1.0;0.5413916224812577;0.851378041109531;0.019226555397000203;;;;;
5906;4.087060581585952;1.0;0.5976089279734219;0.9516596556179268;0.040028273737780756;;;;;
5907;4.266373681113725;1.0;0.7413311496880184;1.2994291454929363;0.056603093767510534;;;;;
5908;4.287558746381732;1.0;0.5243374344127016;0.8607471029902768;0.032801974274340055;;;;;
5909;4.300923401026378;1.0;0.48409845105860705;0.7636261770214079;0.0304920013303625;;;;;
5910;4.0562047282234275;1.0;0.6450178754858217;1.0257075403789804;0.04430594287559961;;;;;
5911;3.7040674198050456;1.0;0.6202030398931789;0.965570274315277;0.052498644689938964;;;;;
5912;4.3496690354793195;1.0;0.7528324453222508;1.316187099867804;0.04050019257825073;;;;;
5913;3.7935887689903742;1.0;0.6422387180566581;1.009168844907488;0.06607922617743073;;;;;
5914;4.307760500718372;1.0;0.7518160586935763;1.2782724525991938;0.04753480484938613;;;;;
5915;4.261597298439793;1.0;0.48452588273232555;0.7397743702710194;0.019353410749899668;;;;;
5916;4.490050033390631;1.0;0.739298715116849;1.2397745599010754;0.023741042927296247;;;;;
5917;4.342031024702625;1.0;0.5920654224412353;0.9314805297229153;0.025651425291742684;;;;;
5918;4.164880223463216;1.0;0.5743444984059177;0.920480710429113;0.04119127193637225;;;;;
5919;4.3186588525986656;1.0;0.5751645693842857;0.8689375206196939;0.02802964831162443;;;;;
5920;3.9263713435332823;1.0;0.6687405129653259;1.039400018215307;0.05109922482372429;;;;;
5921;4.15891298010615;1.0;0.5092441994284165;0.7963048828683256;0.023896817942357994;;;;;
5922;4.321328514110794;1.0;0.542972246664593;0.8397689702590765;0.023105254605516833;;;;;
5923;4.3171295597513115;1.0;0.6120313664707437;0.9912784505589745;0.02770057091736545;;;;;
5924;4.43505651034871;1.0;0.760421103204432;1.3043759466774265;0.045677358492601225;;;;;
5925;4.437522130507004;1.0;0.6578904715220389;1.0403645787468545;0.020588335074485285;;;;;
5926;3.4761789785089676;1.0;0.4595067131737188;0.7158237961338331;0.05992560400400039;;;;;
5927;4.170792782632167;1.0;0.6303869762355023;1.0312131498334585;0.05201278488046081;;;;;
5928;4.06862078128213;1.0;0.5955543472380005;0.9584396502713589;0.04690207543117452;;;;;
5929;4.310012411468051;1.0;0.5846163272393454;0.9367702950782762;0.02596526394588283;;;;;
5930;4.347629934646701;1.0;0.5351373904517612;0.8388720088321983;0.021601927941330545;;;;;
5931;4.008695118153513;1.0;0.6046207301079051;0.945526231306424;0.06047807194094903;;;;;
5932;4.2679572921839695;1.0;0.48339668645902095;0.7475220788684984;0.029261503609335587;;;;;
5933;4.382440649320094;1.0;0.6001055485406389;0.9381235868030019;0.023036970989713537;;;;;
5934;4.346284559383534;1.0;0.7468763777439685;1.2995237998220546;0.047091381055173014;;;;;
5935;4.311742943931618;1.0;0.6803873853003042;1.1453792495928934;0.03352861447962341;;;;;
5936;4.28669504352699;1.0;0.648854205455006;1.0593222674520661;0.04465620484336388;;;;;
5937;4.181254460788212;1.0;0.7084084591724941;1.185499206205822;0.05988888584348797;;;;;
5938;4.229162022046009;1.0;0.47044933679207135;0.7388277534694155;0.02758867282546674;;;;;
5939;4.298811374832966;1.0;0.4323696560680574;0.6839778783801514;0.017204060357233934;;;;;
5940;4.117775591967307;1.0;0.67888937496687;1.161194000304003;0.05037112970089182;;;;;
5941;4.45646883908169;1.0;0.7230897397243602;1.231535595965843;0.02789426135293804;;;;;
5942;4.317491871819007;1.0;0.5712366540243541;0.9327101087946574;0.02852486692758135;;;;;
5943;4.319255782626623;1.0;0.4871321863824285;0.7825840704539347;0.022903090278147343;;;;;
5944;3.86979649592195;1.0;0.5589559285689165;0.846959187166585;0.061873962397212656;;;;;
